"","logFC","AveExpr","t","P.Value","adj.P.Val","B"
"P22735;A8K5N5;B0AZN7;B0AZM8;B4DRV1;H0YMQ8;H0YLT9;H0YN27;H0YNM4;G1APU8;H0YLJ6;H0YKI6",-10.0491677052415,25.9211747900858,-20.5796948128349,2.53673631753267e-92,3.38907972022365e-89,201.946827470941
"A0AA49Q0E5;A0AA49Q0V0;A0AA49JKQ4",-9.78851229031926,27.6715725218032,-20.0458984778792,8.89525391701187e-88,5.94202961656393e-85,191.263145813356
"Q9HCY8",-9.66991685537687,27.9896417681537,-19.8030268362768,9.56222175658244e-86,4.25837608893138e-83,186.495114965453
"P15104;A8YXX4;A0A2R8YDT1;A1L199;B4DWM6;Q2TU80;Q9NSP3",-8.78687800890497,26.7474881499598,-17.9946512074383,2.41062372256936e-71,8.05148323338165e-69,152.820750988727
"P15144;B4DV63;B4DP01;B4DP96;B4DPH5;H0YLZ8;Q71E46;H0YMC1;Q8IVL7;H0YKT6",-8.56574498933558,29.9958677479606,-17.5417928027164,6.12463126337903e-68,1.63650147357488e-65,144.892415215194
"P08571;B2R888;F1C4A7;D6RFL4;E7EVL5",-8.51812739704659,26.4403546220739,-17.444276715238,3.23325199904691e-67,7.19937445121113e-65,143.211611273523
"P29373;Q5SYZ4;P29762;B5MCB5;F1T0F7",-8.03589998434387,27.0626107906173,-16.4567229918955,4.10705722914009e-60,7.83861208304452e-58,126.71788165565
"P55268;Q15483;Q8N9Q8;F5H520",7.94397288514485,25.4105071734373,16.2684654463917,8.38431936798516e-59,1.40018133445352e-56,123.682731490027
"P29508;Q9BYH9",-7.69241842101399,26.6263892925187,-15.7533069524281,2.72400258973623e-55,4.04363051098623e-53,115.555701430463
"Q92817;K7EKI0;B7ZLH8;K7EQ87;A8MZ36",-7.66667425231876,24.7539335117796,-15.7005854584201,6.14566235874559e-55,8.2106049112841e-53,114.738728361606
"O60437;K7EKI8;K7EQ71;B7Z394;A0A2R8Y432;REV__Q8NDI1;REV__A0A140VK17;REV__A8K930;A0A2R8Y7A4;A0A2R8YCP0;REV__H7C1E6;Q5JTW2;A0A2R8Y5W6;A8MST6;A0A2R8Y7U5;A0A2R8Y4C1;A0A2R8Y589;REV__Q9ULW3;A0A2U3TZI9",-7.23705889737411,25.9335201755218,-14.8207759905119,3.30730545437725e-49,4.01687280640728e-47,101.5093886676
"P00966;Q5T6L4;A8KAP9;Q5T6L6;A0A0S2Z3B6;Q5T6L5;B4E395;A0A0S2Z3D8;A0A0S2Z3F1;Q8NFZ7",-6.81917327209118,26.1011915675609,-13.9649878409612,6.19571929122089e-44,6.89790081089259e-42,89.372994834086
"Q99828;A0A140VK09;A0A3B3ISY8",-6.65832870760655,26.1699721533349,-13.6355941890202,5.5180893710989e-42,5.67089799983702e-40,84.8940150688325
"P12111;D9ZGF2;Q63HQ4",6.4674748196218,26.2758025717054,13.2447444307342,9.94340628913412e-40,9.48885057305942e-38,79.7180633344193
"O95466",6.21848493847223,25.313810015985,12.7348379473475,7.01428429755356e-37,6.24738921435437e-35,73.1917437862659
"P21980;V9HWG3;B4DIT7;B4DTN7;A2A299;Q6DKH2;A2A2A0;P49221;B4DU73;B4YUQ3;B4YUQ2;B4YUQ1;B2R7D1;A0A994J576",5.81224247385794,26.8196014678091,11.9028938314766,1.83261697215003e-32,1.53023517174528e-30,63.0936241373464
"Q96AC1;A8K6S3;H0YJ34;A0A0U1RRM8;G3V3J0;G3V281;G3V5R2;H0YJB6;G3V379;A0A8V8TN73",5.65013809420427,25.078133619915,11.5709202035157,8.82372286984941e-31,6.93440809065813e-29,59.2544936000309
"Q13228;V9HWG1;B4DPI7;A6PVX1;H0Y532;Q9H8A8;F2Z2W8;F8WCR4;C9JVL0;F8WBA9",-5.50580622549955,25.4232053260832,-11.2753429082776,2.54248744569904e-29,1.88709068191884e-27,55.9276538676813
"P15941;A0A0C4DGW3;A5YRU5;A5YRU8;B4DWK6;B1AVQ7;A6ZID5;A0A0A0MSH4;B6ECA3;A5YRV2;A0A087WVJ0;A0A0A0MRB3;A5YRV0;A6ZIE2;A0A087X0L2;Q7Z546;A6ZID6;B6ECB3;A6ZID7;A6ZIE3;A6ZIF0;A6ZIE6;A6ZIE7;A0A384NPK6;A6ZIE4;Q7Z549;A6ZIE5;B6ECB2;Q7Z551;A5YRU7;Q7Z536;B6ECB1;A0A087WZZ6;B6ECB0;A5YRU9;A0A087X061;A6ZIE1;B6EC96;B6ECA9;V9GZ38;Q7Z542;Q14877",-5.44150349646561,31.3156510670905,-11.1436573221707,1.10623883038164e-28,7.77860567047302e-27,54.4731994425526
"Q9NXI0",-5.32629811905398,27.3899976309526,-10.9077281808258,1.47879150370754e-27,9.87832724476638e-26,51.9101138842227
"P21589;Q6NZX3;Q53Z63;B2RBH2;H0Y7R7;B3KQK1;Q96B60;H0Y3X5",5.11588184943362,28.9631624166471,10.4768166128774,1.46800059671546e-25,9.33927998672309e-24,47.3703444357463
"P29317;B4DL04;Q96HF4",5.0990335353929,27.4352458109042,10.4423129433956,2.10506353362672e-25,1.27834767314786e-23,47.014750349809
"P08133;A0A0S2Z2Z6;A8K3Q7;B7Z582;Q6ZP35;E7EMC6;A0A0S2Z301;E5RJF5;E5RK63;E5RI05;E5RFF0;E5RJR0;E5RIU8;H0YC77",4.80648815412603,27.4196592119475,9.84320913281471,9.16310275633441e-23,5.32256751411425e-21,41.0274105538349
"B4E2S3;Q14699;Q8N5I0;G3XAJ6;B4DVC8;C9JHG2;Q5JB43;Q9BRA3;B4E1H7;C9JRN3;C9JWQ9;F8WAR1;U3KPZ2",4.7890938286741,27.1303274600935,9.80758728633194,1.30080993159206e-22,7.24117528586248e-21,40.6825510342135
"Q9P2B2;Q9H3U3",-4.56961626069048,28.3594263933989,-9.3581190816158,9.74173914120161e-21,5.20598539705814e-19,36.4386090313958
"O75351;A8K4G7;A8K5D8;K7EKZ3;Q6PJZ4;K7EL71;Q6PIW4;B3KNH6",-4.55464794408815,27.2015767155841,-9.32746545968678,1.29834222012075e-20,6.67148156185126e-19,36.1564239043532
"Q6FI13;A3KPC7;A0A0U1RRH7;A0A0U1RR32;B2R5B3;P0C0S8;A4FTV9;P20671;Q96KK5;Q16777;Q9BTM1;Q99878;B2R5B6;B4E0B3;H0YFX9;A0A3B3IS11;REV__Q6N028;REV__H0Y672;REV__E7EQ67;V9GZN0",4.44700067810138,30.3418748851228,9.10701457793979,9.97625289682395e-20,4.9363977296877e-18,34.1543119097819
"Q8NFJ5;A8K556;A0A3B3ITN8;H0YFN2;F5GWG3",-4.37147884521447,30.9300085246626,-8.95235338428613,4.05598140079594e-19,1.93528255409406e-17,32.7782767231059
"Q9GZM7;F6SDV2;B4DVG5;B4DK04;B4DNS5",4.35025121120421,28.7949637367149,8.9088813035782,5.99104739637017e-19,2.76001355915536e-17,32.3957449274404
"P11166;B3KVN0;B4DKW1;Q59GX2;A0A6Q8PFI8;B4DDR6",4.32884766314693,28.4264360218693,8.86504896841866,8.86156809567001e-19,3.94635165860504e-17,32.0119283617567
"P05109",-4.22935730252304,31.2165503417453,-8.66130261662968,5.3354911110526e-18,2.29942455624718e-16,30.252680647073
"P15313;B4DWH7;C9JL73;Q71UA2;C9JNS9;C9JZ02;V5NR16",-4.09120253453894,26.2853945029469,-8.37837540858162,6.03849241945245e-17,2.5210705851214e-15,27.8775815583812
"P06702;B2R4M6",-4.07099132924974,30.5087893297535,-8.33698487268336,8.55593145813834e-17,3.3994071692719e-15,27.5367322430152
"Q9H6S3;A0A3B3ISQ4;B4DFD2;E9PLH1;E9PNT0;H0YD62;H0YF37;E9PN68;E9PLN2;E9PNY4;E9PM34",-4.07034759773494,28.633998267564,-8.33566657464073,8.65118590982369e-17,3.3994071692719e-15,27.5259038524163
"Q01469;E7DVW5;I6L8B7;A8MUU1",-3.97968588535628,29.0511475630802,-8.15000041534391,4.04556865618914e-16,1.53742718191852e-14,26.0179609018383
"Q9UQN3;B2RE76;A0A087WW88;C9J0A7",-3.97827494796961,26.9370048310449,-8.14711095607032,4.14276785546907e-16,1.53742718191852e-14,25.9947617105531
"Q13444;Q59GF2;B7Z390",-3.95870609545262,24.6037411012601,-8.10703589468718,5.75355784821146e-16,2.07750088789473e-14,25.6738511492055
"P09496;F8WF69;C9J8P9",3.8674240078866,27.0867366009228,7.92009926878062,2.60863743252974e-15,9.17142002594667e-14,24.1978186018582
"P12109;A0A384P5H7;Q8TBN2;A0A087X0S5;A0A804HJ28;B4DRR8;B4DQV1",3.81699460964921,27.3635951652515,7.81682488270592,5.92638683207754e-15,2.03016738657836e-13,23.397140209695
"O95471;K7EP40;F5H496;I3L3X1;A0A384ME58;I3L3M4;K7EL87",-3.80904327971897,28.0355273774139,-7.80054135076375,6.73862890638324e-15,2.250702054732e-13,23.2718543550069
"P27105;B4E2V5;B4DZK8;F8VSL7;B4E310",-3.80598309455215,29.9607948429619,-7.79427439626054,7.07962371757056e-15,2.30692128943275e-13,23.2237058923959
"Q07157;A9CQZ8;A0A087X0K9;G3V1L9;A0A0G2JNH2;A0A7I2V5U5;G5E9E7;Q6MZU1;Q68DX9;B4DZK4;H0Y3R8;H0YKB1;Q9H317",-3.7586331312435,25.6247251141629,-7.69730638628469,1.51225136181204e-14,4.7849462317491e-13,22.4836409124633
"P58107;A0A075B730",-3.75748908209647,23.9009159659094,-7.69496348755044,1.54006502967973e-14,4.7849462317491e-13,22.4658744148514
"P12532;F8WCN3;B4DH34;E9PCP8;B4DGR9;B4DF55;B4DFE8;C9JSQ1;B4DKA2;C9J6W7;C9J8F6;B4DF72;C9JT96;C9J995;B4DFA3;B4DJW9;C9JJX8;B7Z9T7;B4DEL4;B2R8A3;B3KVA7;P17540;D6R998;D6RHV3",-3.74189220748434,29.0127763267784,-7.66302264140612,1.97340148086395e-14,5.99196449644144e-13,22.2242024223623
"Q6P1N0;Q9NX28;A0A7P0Z4M5;K7EMP1;Q9H8P7;Q24K25;K7EJY5",-3.71358983024618,25.3901230392343,-7.60506219103616,3.08682241224777e-14,9.16443276169559e-13,21.7882270567526
"P08582;A0A8Q3WLY9;Q53XS6;C9JVN1",3.68431757872996,28.6444633356584,7.54511553472011,4.88630048821347e-14,1.41915162005504e-12,21.3407937325952
"Q96FQ6",-3.67442643614527,30.9724817087003,-7.52485945961879,5.70215986583659e-14,1.62086927250164e-12,21.190405635176
"Q96S97;B4DG42;C9JZL8;A0A499FIY8;C9JC07;A0A494C017;C9JJV6",3.6538763890738,28.6374223570389,7.48277500949068,7.84894876310472e-14,2.18462407239748e-12,20.8792486640831
"O14745;B2R6A3;J3QRP6;B3KSV9;J3QRA3",-3.64954521906483,28.9914470475764,-7.47390520458927,8.39391125858847e-14,2.28862560030086e-12,20.8138912425314
"P62805;B2R4R0;Q0VAS5;Q6B823",3.55592798697397,30.7951160050684,7.2821864352182,3.51570424154639e-13,9.26323163385193e-12,19.4201517343387
"P26006;B4E0H8;A0A140VJM0;Q59F03;D6R9X8;B4DDT0;K7EMU3;H0YA49;H0YA32",3.55554486897546,31.1473160215557,7.28140184770629,3.53611387220396e-13,9.26323163385193e-12,19.4145224210532
"P02751;H0Y7Z1;A6YID2;A6YID6;A6YID4;A6YID5;A6YID3;O95617;A6YID7",3.53842274994988,29.6216842632296,7.24633745287968,4.57733136846203e-13,1.17602205928178e-11,19.1635592342412
"O75674;J3KQU4;I3L4I4;B4E1N0;B4E1M9;I3L367;I3NI44;I3L4G0;I3L3T4;I3L1G1;B4DUW5;I3L1Q1;I3L4N3;I3L3M3;I3L0N2",-3.53396281694463,26.2821586565294,-7.23720395418348,4.89467025783502e-13,1.23382631405049e-11,19.0983877561043
"P08670;V9HWE1;B0YJC4;Q53HU8;B3KRK8;B0YJC5;A0A1B0GTT5;B3KWQ6;P41219;H7C5W5;A0A1B0GVG8;A0A1X7SBR3;A0A1W2PR46;P14136;B4DJW0;B4E192;A0A7R6M6U0;E7EMV2;A5YM63;E7ESP9;B3KXJ0;Q5RLN2;B4DJT7;P07197;Q59EM6;A0A1W2PRT3;F8W835;B4DE66;B3KQI5;B4DR43;Q16352;P07196;Q8TCR7",3.522270241105,29.3805529010418,7.21325872315405,5.83280234365102e-13,1.44307850576255e-11,18.9279183614173
"Q7LBR1;B2RA72",-3.48921074064348,28.2393789715723,-7.14555615811396,9.54749856942687e-13,2.31917419795533e-11,18.4489913252056
"P33778;Q16778;P23527;P06899;Q8N257;Q6DRA6;Q6DN03",3.4841504591376,30.9623356203246,7.13519320546826,1.02914726285416e-12,2.45525132709492e-11,18.3760824924286
"Q99808;A0A220K8H0;A0A0S2C6M1",3.47119556536954,27.7714518868057,7.10866287301694,1.24652368419711e-12,2.92167656506551e-11,18.1899098324548
"O00468",3.42626529297741,29.9327406768345,7.01665014909698,2.41014080848156e-12,5.55163468988166e-11,17.5495978881436
"A0A3B3IRI3;A0A3B3IRV6;U3KQJ2;A0A3B3IU26;B1AN86",-3.38972395309135,26.2575728428017,-6.94181712362016,4.09540553999489e-12,9.27366407022571e-11,17.0349897245491
"Q7L7X3;A0A994J797;J3QS76",-3.35415963839409,28.0049832035929,-6.86898494844256,6.82549991781632e-12,1.51981131503377e-10,16.5394393408775
"P48960;B4DTS6;B3KUI0;B4E336;K7EPE8;K7EKV5;K7EPP8;Q7Z618",3.33856024868303,28.5737348928677,6.83703895162608,8.52578570373482e-12,1.86728683609668e-10,16.3237277093226
"P05556;H7C4K3;A0A7I2V2F9;E7EUI6;A0A7I2V348;C9JPK5;A0A7I2V5Z8;A0A7I2V5T3;E7EQW5;H7C4N8;Q5T3E6;E9PLR6;Q5T3E5;E9PQJ2;C9JNE0",3.32073568701623,31.3351558290412,6.80053602421608,1.0979655990524e-11,2.36593877473226e-10,16.0784768821323
"Q5VW32;F5GXQ0;B7Z953;B7Z1V1;Q5VW33",-3.29862200572733,28.1979950413788,-6.7552494069098,1.50002630941581e-11,3.18100817361829e-10,15.7760362041452
"P31947",-3.28288503076407,30.7350225141508,-6.72302164919688,1.87071801590455e-11,3.90512385820075e-10,15.5620381073952
"A0A494C0G5;A0A087X208;A0A494C1I6;Q5XG79;B3KMM7;Q15952",3.2795331904899,28.1775687408229,6.71615741407541,1.96055861496225e-11,4.02970201475318e-10,15.5165905521359
"O15230;O75079;A0A087WYH7;A0A075B783;Q566Q1",3.25992473968899,29.3424343533579,6.67600125934981,2.5772556447392e-11,5.21699021419935e-10,15.2516500591578
"Q9H2K8;A8K0J3;G3V1Q8;B3KPH9;Q9P0C6;H0YF68;F5GWV8;F5H5C7;F5H3L7;F5H5E0",-3.23628576139796,26.7291385486183,-6.62759098566486,3.57642499026228e-11,7.13149818953792e-10,14.9343631909242
"Q12929;A0A2R8Y4W2;A0A2R8YE63;B4E3T6;F5H0R8;F5H3Q6;F5GYM8;F5H1B5;H0YFG1;F5H2B8",-3.23279505735246,25.4166567163559,-6.62044237136709,3.75299075552137e-11,7.37352301378904e-10,14.8877059650428
"A0A2X0SFQ7;P11274;B4E065;Q12843;Q12844;A9UEZ6;A9UF07;A9UEZ7;A9UEZ5;A9UEZ8;A9UF00;A9UF02;A9UF06;A9UF05;A9UF01;A9UF03;A9UF04;E7E8T7;A9UF08;A9UEZ9;A9UEZ4;Q6QME9;H0Y554;A0A127KQ99;A2RQD6;Q13746;J7M832;A2RQD7;Q8TDA2;Q6QJE4;B0ZRR0;A9YD18;B4DLK4;Q6QJE6;J7M5B9;Q6QJE8;Q6QJE5;I3L1U8;Q6QJE9;Q6QJE3;Q6QJE7",-3.21584825579308,25.8614135297483,-6.585737009254,4.73888517731221e-11,9.17558057520162e-10,14.6619083205795
"P46939;A8K8Z1;H0Y337;Q5T097;Q6LBS5;A0A0D9SG57;A0A0A0MSM3;Q5T098",3.20590401718245,24.6649064219408,6.56537219877858,5.43102484316302e-11,1.03654988435226e-09,14.5299647016338
"Q9Y446;E9PKC4;E9PQ15;E9PK71;E9PRW6;E9PJR7;H0YEY5",-3.20412140624731,26.4786756360931,-6.56172158908719,5.56514659163837e-11,1.04718814738435e-09,14.5063555911068
"B7ZLD8;P16144;B7ZLD5;Q59H46;B4E3N0;Q2VP98;J3QRK0;J3QQL2;J3KSH9",3.14764109692404,28.5429066724782,6.44605553962907,1.1974691160723e-10,2.22197047093415e-09,13.7651227982124
"P29034;R4GN49;Q5RHS7",-3.1412941363175,29.8938798806161,-6.4330575963065,1.30409732522283e-10,2.38667674862698e-09,13.682650854163
"P49006",3.11097902642997,28.8264896245041,6.37097526988881,1.95556904441028e-10,3.5305949234218e-09,13.2910348804786
"Q9Y4K0;W6I206;W8QRJ0;H0YAR1;B4DDQ4;E5RHH3;E5RFY0;E5RJL2;E5RI22;H0YAP6",3.09569606109237,28.7790376984993,6.33967727868115,2.39534991857116e-10,4.2669166549481e-09,13.095046670542
"Q5VT79;B4DTF2;A0A075B752;A0A087WUP0",-3.08823256766338,27.1434383029406,-6.32439278731714,2.64387788270654e-10,4.64765901486307e-09,12.9996858607506
"P15311;Q6NUR7;V9HW42;B2R6J2;B7Z5V2;B7Z437;J7M2B1;Q9UK20;Q9UJZ8;B7Z9R6;Q9UJZ6;Q9UJZ7;Q9UJU1;Q9UJZ2",-3.0823642495805,31.2524928854909,-6.31237505622213,2.85681284343338e-10,4.95675579068441e-09,12.9248682002622
"Q15334;A0AAA9YHJ2;A0PJG1",3.06116625085494,26.1589646659373,6.26896366562633,3.77481003368262e-10,6.46557205769229e-09,12.6557914416035
"Q9H9H4;F5H4M0;F5H1F6",-3.05893299320643,27.7228445009138,-6.26439017633918,3.88685249050913e-10,6.51347387346253e-09,12.6275517075906
"O43520;A0A2R8Y5C5;A0A3B3IRQ1;O60312;Q8TF62;H0YMP8",-3.05866950830541,25.7919127496405,-6.26385058549845,3.90028375656439e-10,6.51347387346253e-09,12.6242212777065
"Q02809;B4DGN8;B2R5M9;B4DHT1;Q5JXB7;Q5JXB8",3.04570454947546,25.463048692424,6.23729964080259,4.62021836141346e-10,7.62050830968936e-09,12.4606995048183
"P17301;E7ESP4;E7EMF1;E9PB77;Q71V33;D6RG08;A0A0X8AZ85;Q16183;F1C629;F1C627;G3LGR5",3.03416118463696,29.8503918336629,6.21365997904576,5.36924578444727e-10,8.7479419122214e-09,12.3156922543829
"Q86VN1;Q59H03;A0A3B3ISW7",-3.00883956549698,24.848822373789,-6.1618038244514,7.45120073634165e-10,1.19937399804246e-08,11.9995318870469
"Q9BWS2",-2.97948463241937,28.5444022837542,-6.10168784453067,1.08591231869357e-09,1.72711768782692e-08,11.6363286538292
"A0A8C8KBL6;C9JXX7",2.96467481178786,29.3289968182943,6.0713588065676,1.31141739537331e-09,2.06123957672793e-08,11.4544408597408
"P11047;Q6NVY8;R4GNC7;Q9Y6N6;Q8N2D6;REV__B3KPD3;REV__Q9NQS7",2.94395767737148,29.1175919829814,6.02893217819488,1.70500671443129e-09,2.64870810520954e-08,11.2015227257258
"P19971;E5KRG5;B2RBL3;C9JGI3;A0A494C0L6;A0A494C1N7;B4DVR2;A0A494BZZ4;A0A494C0A4;A0A494C1L9;A0A0S2Z3P7;A0A0S2Z488;A0A494C0L3;B3KQ24",-2.93325823906214,27.5741529699887,-6.00702079393566,1.95118488597333e-09,2.9963023076556e-08,11.0715967664173
"Q92626;H7C1W1;C9J4I9;H7C300",2.90134275973611,26.1124530406054,5.94166107026496,2.9094989459236e-09,4.41714839972037e-08,10.6868492364865
"O94760;B2R644;B4E3V1;B4DYP1;B4DGT0",2.88584858801513,25.965481005409,5.90993054941504,3.52705085528075e-09,5.2945392614102e-08,10.5015816200802
"P17931;Q86TY5;A0A024R693;Q59FR8;Q6FGL0;G3V3R6",-2.87436971609317,29.7396505807552,-5.88642296272941,4.06508664177722e-09,6.03439528157152e-08,10.3649656532158
"Q71DI3",2.83493449762814,29.3635804057724,5.80566356208128,6.59369122763819e-09,9.68040821991717e-08,9.89977525441365
"P54819;F8W1A4;A0A140VK93;F8VZG5;A0A5F9ZHP2;F8VY04;A0A5K1VW67;B4DLK2;G3V213;F8VPP1;A0A8Q3SHW4",-2.82418629058554,26.9958310312081,-5.78365230431249,7.51461542230001e-09,1.09030785311694e-07,9.77410042792887
"Q9UKS6;B4DUI2;A0A0C4DGG1;E9PIY1;E9PNM9;B4DV80;E9PJ75;E9PJ33;H0YDM6",-2.82325896427263,27.6712158450849,-5.78175323236231,7.59969057424487e-09,1.09030785311694e-07,9.76327991321933
"Q9H0E2;Q6FIE9;Q8N8J5;F2Z2Y8;B3KR28;Q59FB9;E7EN89;E9PQ25;E9PNS3;E9PP67",-2.82248591001168,27.2993359349234,-5.7801700942129,7.67132770905633e-09,1.09030785311694e-07,9.75426223915239
"P98160;Q59EG0;Q2VPA1;A0A0U1RQT3;A0A3B3IT11;H0Y5A9;H7BYA5",2.80571113228389,30.1614268639867,5.74581701977759,9.39785201533626e-09,1.32163476763045e-07,9.55919273728816
"Q9NQC3;Q6IPN0;Q53R94;Q53SY1;A6XGP7;H7C106;Q3LIF4;A0A0U1RQR6",2.80397299687514,27.3662935573655,5.74225749153558,9.59698715195982e-09,1.33558071198107e-07,9.53904690001572
"P99999;C9JFR7;G4XXL9;Q6LER6;CON__P62894",-2.80243696421595,26.4447621474054,-5.73911184960026,9.77637752356643e-09,1.34651962592626e-07,9.52125392337561
"P04792;V9HW43;A0A6Q8PFK8;A0A6Q8PGK1;A0A6Q8PHJ6;B4DL87;A0A6Q8PFE7;A0A6Q8PF43;A0A6Q8PHA6;A0A6Q8PH65;A0A6Q8PGY2;A0A8E9ZT92;C9J3N8;A0A8E9ZUD7",-2.78939603610135,30.7474678985686,-5.71240532737409,1.14365885981932e-08,1.55911044563124e-07,9.37058419659409
"P31151;Q86SG5",-2.78488763833423,27.550243645149,-5.70317257767146,1.20719198594477e-08,1.62909948810324e-07,9.31865942448414
"Q9UK41;Q548N1;E9PQR7;A0A0S2Z5H5;E9PM90;E9PR04;Q71MH5;E9PLM9",-2.75402421812237,29.0309104791514,-5.63996736630762,1.74403352549796e-08,2.33002879006528e-07,8.96545038235219
"Q60FE5;Q60FE6;A6NDY9",2.70385188429648,28.5554714143556,5.53721942255046,3.14575090779321e-08,4.1611120918928e-07,8.39966557311054
"Q9UQB8;B4DMV0;I3L3C5",-2.69571870300652,27.2863168519062,-5.52056347713147,3.45807471411272e-08,4.52939982162215e-07,8.30892887258314
"P50281;K4RH61;A0A7P0TAG0;B2R6P3;A0A7P0TAV6;P51511;Q9Y5R2;A0A7P0TBK8;Q7KZY0;Q2PW48;Q86VV6",2.68391918777959,26.106754900326,5.49639924488536,3.96524365769191e-08,5.14326750162756e-07,8.17777518199377
"P09211;V9HWE9;A8MX94;C7DJS1;A0A087X2E9;Q5D6A5;A0A2R8Y5E5;B2C310;A0A3B6XSH2;A0A087X243",-2.67500371437405,31.7693097027657,-5.47814124311052,4.39557882003893e-08,5.60912093492229e-07,8.07905971034526
"O75874;A0A024R3Y6;V9HW78;B2R5M8;Q6FIA4;Q6FI37;Q0QER2;C9J4N6;B4DXS4;C9JLU6;C9JJE5;A0A0A0U6N4",-2.67475194833777,28.2426990087734,-5.47762565133785,4.40836600424282e-08,5.60912093492229e-07,8.07627683087649
"P00533;Q2TTR7;A8K2T7;A9CB80;C9JYS6;B7Z2I3;F2YGG7;E7BSV0;Q504U8;Q59FL8;Q68GS6;A0A2D3C335;Q147T7;A0A2D3C337;Q75MF2;A2VCQ7;I3WA72;I3WA73;A0A8V8TPW8;I3WA68;F1JTL6;A0A1Y0B9F1;A0A1Y0B9F8;A0A068JD88;A0A1Y0B9F6;B6RC65;B6RC66;A0A1Y0B9F4;Q9H3C8;E2I6F5;Q9H3D0",2.66096413050353,28.1484132695048,5.44938957333751,5.16650766745762e-08,6.5117492865315e-07,7.92427404210599
"Q6XQN6;G5E977;C9J8U2;H0YF31;A0A087WUT5;Q8WY82;H0YDA6",-2.64676544760343,25.1567387758846,-5.42031208459427,6.07885308586588e-08,7.59004460066992e-07,7.7685627332619
"P10909;A0A384NKS6;B4DW11;H0YAS8;H0YC35;E7ERK6;H0YLK8;E5RG36;E5RGB0;E5RH61;E5RJZ5;E7ETB4;Q8IWM0;Q8IWL5",-2.64477059069828,25.8959339857158,-5.41622681629071,6.21893152466171e-08,7.69304862680374e-07,7.74675267560595
"O75348;A0A7I2V4K4;A0A7I2V3Q6;A0A7I2V375;O95670;A0A7I2V2N1;A0A7I2YQH3;F2Z307",-2.61766666631453,26.0633532477831,-5.36072067803046,8.46164154476568e-08,1.03713331227587e-06,7.45205112908945
"P53990;A8K5S3;B4DLP1;B4DXC9",-2.61608376828195,28.4716103041101,-5.35747906047706,8.61440521182513e-08,1.04625866936349e-06,7.43493406580661
"Q99816;F5H442;L0L6B6;Q86SI0;J3QRU6;J3QKS4",-2.60307027942783,28.440250985338,-5.33082873112406,9.97571058572094e-08,1.20068012094803e-06,7.29460191965827
"Q9UN37;I3L4J1;Q9UF30;Q9NXK5;Q49AN7",-2.59895209831632,26.3519523949768,-5.32239510627625,1.04483095591877e-07,1.24633406884596e-06,7.2503389074481
"P09382;A0A384MR27;F8WEI7;A0A0B6XK00",2.58122633363753,31.0286142502297,5.28609450525997,1.27418328325548e-07,1.50175430369232e-06,7.06061895557188
"Q96EY5;E9PQA6;A8K0C2;E9PLZ8;M0QZK6;E9PLL0;E9PJW8",-2.58071761017467,27.2269325636089,-5.28505269026426,1.28143705554585e-07,1.50175430369232e-06,7.05519322331033
"P29966;Q6NVI1;Q05C82",2.54218019270467,30.4199925263904,5.20613189665528,1.9639880638896e-07,2.26438126057276e-06,6.64728580190466
"P20020;Q59H63;A0A2R8Y4R4;A0A994J4Z0;Q58F24;A0A0U1RQU3;A1X4P8;H0YHH6;Q3L582;A1X4P7;F8W1V5;A1X4P9",2.5420834523578,27.905880463117,5.20593378205783,1.96607953762305e-07,2.26438126057276e-06,6.64626955552809
"Q4LE33",2.53333566211446,27.0729135124224,5.18801917870209,2.16437001578622e-07,2.47145157358152e-06,6.5545348695105
"Q8WUM4;Q4W4Y1;A0A3B3IT07;C9IZF9;F8WEQ7;F8WBR8;F8WDK9",-2.51642116512026,30.1451887370085,-5.15337997312173,2.60399558104218e-07,2.94825262395962e-06,6.37805594061133
"Q92599;A0A087X142;B7ZVZ1;A6NMH6;A6NFQ9;F8W8I8;C9JV02;A0A0A0MRP8;C9J4G8",-2.50912325279034,26.3065726290747,-5.13843457536087,2.81926212581568e-07,3.15405950192359e-06,6.30227760456917
"O95861;V9HWF9;A6NF51;B7Z9J7;F8VVW8;F8VZG4;F8W1J0;F8VRY7",-2.50867638026265,27.3115662384711,-5.13751942492156,2.83298757657807e-07,3.15405950192359e-06,6.29764462613253
"P07942;G3XAI2;A0A7I2V4J9;A0A7I2V5X5;A0A7I2V2T9;A0A7I2V3I5;A0A7I2V682;A0A7I2V3J7;Q8TAS6;A0A7I2V2J0;A0A7I2V5R0;A0A7I2V407;E7EPA6;A0A7I2V2R2;C9J296;A0A7I2V5T9",2.49653352297864,28.4241598905188,5.11265206233089,3.23165093862396e-07,3.5681699619848e-06,6.17206867017332
"Q9NZZ3",-2.46781577107329,28.0961569142487,-5.05384096600352,4.40176807919885e-07,4.82029684738498e-06,5.87750710597608
"O14493;B3KW38;Q75L80;B3KX18;P56747;O95484",-2.46496471816745,27.8989285112312,-5.04800229354642,4.53807676084025e-07,4.92916305079884e-06,5.84844946369279
"O75531;B2R4V4",2.4621098003269,27.4056043967845,5.04215570608788,4.67864638907227e-07,5.0408641740327e-06,5.81938608824368
"P98196;Q6PJ25;H0Y547;E9PEJ6;Q659C3;H0Y8F0;A0A087WVE8",-2.45292957528926,25.1141947522449,-5.02335551933318,5.15970482119755e-07,5.51469251289594e-06,5.72615867464886
"P43353;Q59F10;A0A087X2D4;Q9BUJ8;B4DSX1;P48448;A0A087WUF8",-2.41233857742187,26.476381914102,-4.94022919755594,7.92127975929681e-07,8.3990712368417e-06,5.31812142022752
"Q5JWF2;A0A7I2V5R6;P63092;A0A0S2Z3H8;B0AZR9;A0A590UJQ9;A0A0A0MR13;Q14455;A0A590UJS2;H0Y7E8;Q5JWD1;A0A590UJX3;A0A590UK00;A0A590UJX6",2.40877119230289,29.1355512725545,4.93292354805522,8.22279454735562e-07,8.59906387676494e-06,5.28258609265333
"A0A024R798;A0A088QF11;A0A088QCU6;K7ESF5;B3KX31;A0A0S2YRM7;K7EMN3",-2.40858740394487,30.0805161452892,-4.93254716779876,8.23862407354725e-07,8.59906387676494e-06,5.28075677013485
"Q9Y5S2;H0YLY0;Q86TR8;Q86XZ8;A0A0U1RRC3;Q09013;B4DZE2;B4DM55;E5KR07;E5KR05;E5KR06;X5D8Z6;X5DNJ6;I6L989;Q59FU6",-2.40563646409333,26.6858226295811,-4.92650393682312,8.49684092845929e-07,8.7998290545904e-06,5.2514039423755
"P03973",-2.40283591495864,28.1949423168168,-4.92076869106041,8.7490954927726e-07,8.99137813718784e-06,5.22358032263125
"P15924;Q4LE79;B4E2A0;B4DKX6;B4DWT7;G1UI31;A0A804HL18;Q6ZP16",-2.36864129995913,27.0881011604671,-4.85074152447572,1.24736542883393e-06,1.27212229994056e-05,4.88646858072773
"P15151;B3KSS4;A8K4I1;A0A0C4DG49;A0A0A0MSA9;A0A9L9PX39;A0A9L9PXN8;A0A9L9PY64;A0A9L9PXB8",2.3653799143448,27.4991402244984,4.84406253149058,1.2899652096804e-06,1.30560115161592e-05,4.8545682153013
"Q99426;A0A494C0X0;K7EK42;K7EP07;K7EL99;K7EQH0;K7ER04",2.35208696469365,26.3839104452984,4.81683989425264,1.47852740561802e-06,1.48519745406442e-05,4.72500147684985
"O00592;Q96N83;B7ZKQ8",2.35111008597347,28.5759529055081,4.81483934390657,1.4933840278796e-06,1.48892616510981e-05,4.71550861564456
"O14737;K7EQA1;K7ESJ4;Q3HM38;X6R2P6;Q59GR9",2.34895060986275,26.0349895388322,4.81041695186199,1.52673701020142e-06,1.51090418194748e-05,4.69453780699896
"Q9BY43;H0YIN6",-2.3329616495399,26.6458971515172,-4.7776731532241,1.79695171795816e-06,1.76524080528831e-05,4.53986755167893
"P27708;F8VPD4;Q53SY7;H7C2E4;G1UI39;H7BZB3;Q53SZ4;H7C3Z5",2.31612769602974,24.929944738795,4.74319889267894,2.13091726376567e-06,2.07803318568682e-05,4.37816483252457
"P62979;A0A248RGE3;Q5RKT7;B2RDW1;P62987;J3QTR3;Q3MIH3;M0R1V7;Q49A90;M0R1M6;Q8WYN9;M0R2S1;J3QSA3;F5GZ39",-2.29030107893188,33.3658498843001,-4.6903085525521,2.76173751162253e-06,2.67368211270123e-05,4.13235729774272
"P61421;B2R7M1;F5GYQ1;B7Z6L9;J3QL14;B7Z788;H3BQB4;H3BSG7;H3BQJ1",-2.27561323403614,25.7459255808747,-4.66022930875014,3.19675377561997e-06,3.07256334117143e-05,3.99379370299349
"Q9P289;Q8NBY1;Q499L9;B4E0Y9;Q9NWX4;Q96SR7;C9JJV0",-2.27417254705842,26.4432303144186,-4.65727892527642,3.24279940210906e-06,3.09455714372693e-05,3.98025042207632
"Q9NP79;A0A087WY55;Q9C063;Q5TGM0",-2.26913384289829,27.6853526842401,-4.64696016088625,3.40889651373634e-06,3.22998988819273e-05,3.93295117878701
"P14866;A0A384N6C7;A0A3B3ITJ4;Q6NTA2;B2R959;M0QXS5;A0A9L9PXI4;M0R076;M0R1W6;B4DPK8;B4DVF8;B7WPG3;Q8WVV9;C9IYN3;H7C464;A0A0S2Z6K1;V9GYK2;M0QYL7;A0A0S2Z5U3;A8K894",-2.24353778582872,25.9718692349543,-4.59454198473929,4.38664282379065e-06,4.12715127646782e-05,3.69429641407788
"P36543;Q53Y06;C9J8H1;Q96A05;A0A140VKA8",-2.24153907864587,26.7765790209449,-4.59044883145042,4.4733835881271e-06,4.17932900261385e-05,3.67577464904067
"P52272;Q7KYM9;Q59ES8;M0R019;M0R2T0;B4DEG4;M0QZM1;M0R0N3;Q6P2D7;M0QYQ7;M0R0Y6;M0R2I7;M0QYL3;M0QY96",-2.24070389252966,27.2970076463483,-4.58873845344821,4.51011411937392e-06,4.18438365519691e-05,3.66803997585587
"P09758",-2.23437640025275,30.9129904729423,-4.57578037932616,4.79793008531427e-06,4.42071351308956e-05,3.60953460148708
"Q9BUL8;C9J5C3;C9JSA3;C9JND6;C9J6F3;H7C5M9;C9J363;C9J932;F8WDF3",-2.22625152979796,28.8127111376755,-4.55914145367005,5.19337481082053e-06,4.75229366250426e-05,3.53465289179901
"P13667;A0A090N8Y2;A0A499FI48;C9JMN9",2.21986739688577,26.4783428322432,4.54606738516694,5.52580487796344e-06,5.02209205235317e-05,3.47600582414695
"O43633;M0R1T5;M0R1L7;M0QXX8",-2.21393348963018,29.2315234680724,-4.53391533397728,5.85298615562247e-06,5.2835064215619e-05,3.42164572413168
"Q9UIW2;B4DE20;Q6ZTY7;B3KY38;A0A804HKL4;Q9NSM6",2.21197759069493,26.8120552550374,4.52990984771682,5.96483541779615e-06,5.34833564978232e-05,3.40375975809727
"Q9P265;Q96IB4;Q7Z3H2;H0YIU5;H0Y7Q3",-2.21042436052602,27.2704079056242,-4.52672898699405,6.05511234635427e-06,5.39308672981953e-05,3.38956730925683
"O00560;B4DQ93;B4DHN5;E9PBU7",-2.20945121299918,31.1469094660765,-4.5247360777604,6.11233845249517e-06,5.40800276326725e-05,3.38068037364232
"A0A1P7ZIM8;Q8WWI1;B7Z8W3;J3KP06;F8WD26;F8J2B5;E9PMS6;E9PMT2;A0A8V8TKQ1;A0A0A0MTE2;E9PMP7;H0Y424;H0YDG6;H0YDQ3;E9PJ10;H0YE95;E9PK58;E9PLU6;U3KQE6;E9PRJ0;E9PRE3;E9PMJ6",-2.20067042341623,25.2865581517392,-4.50675389504307,6.65263728075109e-06,5.84731803097595e-05,3.30066978875907
"P61769;B4E0X1;H0YLF3;F5H6I0;A6XND9;A6XMH4;A6XMH5",2.19970538228994,30.2890360045127,4.50477758691055,6.71473112632448e-06,5.86332077435915e-05,3.29189576316623
"Q9Y624;Q6FIB4;B7Z5W1;Q9Y5B2",-2.18516593415583,28.1496614927622,-4.47500224489979,7.72006750968434e-06,6.69740921619368e-05,3.160170801107
"P23470;B7Z3T1;O60420",2.17179240742857,26.7770177020418,4.44761459383345,8.77061275251567e-06,7.55970234668447e-05,3.03978017736847
"P14923;A0A0S2Z487;A0A0S2Z495;C9J826;C9JK18;C9JKY1;C9JTX4;Q7KZ86;C9JPI2;K7ERP3",-2.16595715668229,29.6338345756895,-4.4356645813511,9.27062295669253e-06,7.93945658342386e-05,2.98748190955961
"O75340;Q53FC3;A0A024QZ42;A0A087WZ38;A0A6Q8PH81;H0Y9X3;D6RA21;Q86W51;B4DHG2",-2.14957156832326,28.3186193519671,-4.40210852798943,1.0824479269845e-05,9.21114923854324e-05,2.84137883373584
"Q99653;H0YKE7;F5GX29;H0YNG9;B4DSB5;H0YLY7;H0YLX1",-2.13024867564964,28.1124041834754,-4.36253716787402,1.29768544485517e-05,0.000109728338881425,2.67051073881125
"P02786;A8K6Q8;A0A8V8TLM6;A0A8V8TM41;A0A8V8TLK7;G3V0E5;B7Z2I6;A0A8V8TM46;A0A8V8TLN0;A0A8V8TN37;A0A8V8TND0;A0A8V8TLK4;F8WBE5",2.12382942054407,27.0417140126054,4.34939117261617,1.37781698064775e-05,0.000115771288436818,2.61408809909809
"B2RDE8",-2.11552342433112,26.4817103012065,-4.33238131944297,1.48852386731219e-05,0.000124291742920568,2.54133448024194
"P15153;B1AH77;B1AH80;B1AH78",2.10659209446235,28.6787610386027,4.31409084521035,1.61701241170288e-05,0.000134181899505283,2.46342154814171
"P07948;A8K379;B4DQ79;E5RJ37",-2.104625040218,27.613021698194,-4.31006251398766,1.64669856469666e-05,0.0001358018075577,2.44630613928708
"P19634;B2RAH2;B4DTZ6;B1ALD5;Q9UBY0",-2.08897431613864,26.5941028696203,-4.2780113894965,1.90211411338621e-05,0.000155903340827238,2.31069833661522
"Q96G03;B4DN40;E7ENQ8;Q4W5D6;E9PD70;H0Y921",-2.08825564099307,26.9784923784098,-4.27653961436057,1.91470538336974e-05,0.0001559534620439,2.30449558605636
"P50443",-2.08761072459081,26.1417212111812,-4.2752188897864,1.92607194889547e-05,0.0001559534620439,2.2989312503782
"P46459;K7EQD6;A0A384MTI6;A0A994J5X9;A0A994J5X2;B7Z5J7;I3L0N3;A0A994J5K9;A0A994J5C5;B4DSK5;B7Z9U2;B4DH19;A0A994J855;B4DGR3;A0A994J5Y2;A0A994J7T3;Q96D47;I3L0L3;I3L2G1;I3L4Q9;A0A0J9YXN6;A0A994J5C9;A0A0G2JRU0",-2.08113205199107,26.25187396993,-4.261951213417,2.04388079733095e-05,0.00016449546658037,2.2431286497694
"Q9H444;P59074",-2.0797334421696,29.2615193506082,-4.25908699976945,2.0701986852143e-05,0.000165615894817144,2.23110479955282
"P38606;A0A994J738;B7Z2V6;A0A994J477;C9JVW8;C9JA17",-2.07872359975261,27.3397282158006,-4.25701894305466,2.08940134401845e-05,0.000166157154500515,2.22242820837056
"Q5VZK9;A0A140VJN1;B2RTQ5;A0A8V8TRE2;A0A0U1RQQ1;Q8IW66;A0A0U1RR91",-2.07323318807288,24.6271526928129,-4.24577512664322,2.19680758094684e-05,0.000173664788647632,2.17532819378153
"Q92696;Q6FHF7;H0YLH3;B4E069;H0YMG5;H0YLG7;H0YKZ8;Q7Z2Z4;H0YKP6",-2.06455484124906,25.4257427601622,-4.22800273649581,2.37736618743311e-05,0.000186833013318273,2.10113423434324
"O14908;A8K2I7;K7EM11;K7ESN1;K7ELJ2;Q8TF64;K7EJ33;K7EIT0;A0A2R8Y651",-2.05345678225349,28.7631701516277,-4.20527501676391,2.62890305858411e-05,0.000205392660015694,2.00670686207594
"Q8N5I2;Q5T370;Q5T371;F2Z3I4",-2.04503739526881,27.9787898413362,-4.18803295058111,2.83640480665343e-05,0.000220316094284243,1.93541038003145
"P04156;Q86XR1;Q6SES1;Q53YK7;A2A2V1;O75942;B4DJ65;D4P3Q7;Q540C4;B4DI53;A0A6J4EE43;B4DDS1;A1YVW6;Q6FGR8;B2R5Q9;Q6FGN5;B2NI04;X6RKS3;B3KQX7;B2NI05;Q5U0K3",-2.04384417459864,27.3880258260896,-4.18558935346373,2.86704315541873e-05,0.000221408650614996,1.92532972839241
"P30044;V9HW35",-2.03979512484106,29.5603062732509,-4.17729730274499,2.97337306272866e-05,0.000228300368494569,1.89116611525159
"P68366;C9JEV8;C9JQ00;C9JJQ8;C9JDL2",-2.03770198252482,27.3085095936394,-4.17301075570631,3.0297993102779e-05,0.000231303535916073,1.8735319167007
"P21926;B4DPP0;A6NNI4;A0A2R8Y478;A0A7I2V3T7;G8JLH6;A0A087WU13;F5GXT1;A0A7I2V3T0;Q56CY1;B4DK09",-2.03382960682512,33.0089885440316,-4.16508051586576,3.13688316473014e-05,0.000238117949322697,1.84095585328126
"G5EA09",-2.01477037414801,29.2800596471403,-4.12604910516923,3.71846138300103e-05,0.000280670305519174,1.68152455313004
"Q04721;Q6IQ50;Q9UFD5;D2WEZ3;A0A1W2PQQ5;Q13560",2.00645275011886,25.01738336477,4.10901543938629,4.00314617742948e-05,0.000300460859159875,1.61241775621767
"P50995;Q5T0G8;B4DPJ2;B7Z6L0;H0Y6E1;P27216;E5RIN3;Q6FHB6;Q53FB5;A8K2L6",-2.00290779553236,29.0940016272409,-4.10175572538255,4.13066195694926e-05,0.000308299685725375,1.58305146540272
"P07741;H3BQZ9;H3BQB1;H3BQF1;H3BSW3;Q12898",-2.00005402136427,27.7899357949814,-4.09591148005133,4.23610617382671e-05,0.000314413213790694,1.55944862025994
"Q9BXI6;B7ZVY9;A7E244;B5MD46;F8WCD1;B3KSB3;H7C1Q1;H7C471;H0Y5R9;F8W9Y7;F8WDN6",-1.99242922000985,26.2758481610649,-4.08029664611832,4.53050608404749e-05,0.000334406415927483,1.49655089451016
"A0A7L7TMQ7;F2XI28;A0A223FL67;A0A858B865;A0A583ZAV5;A0A0S4XQV4;A0A4P2SRY5;A0A2P9FIH2;A0A2H4WPZ8;A0A173ADJ6;A0A346HFZ7;B2DFW8;Q95IG6;Q1EPW2;M4RCG9;M4R8V2;Q1EJP6;A0A077YIJ7;M4VSN7;Q860B4",1.98823132570766,31.8917837202092,4.07169977659344,4.70076988909547e-05,0.000345067503946788,1.46202460159225
"Q5ZPR3;A0A0C4DGH0;B4DK26;A8K9J6;A8K6Q6;H0YL10;H0YN29;H0YK40;H0YK59;H0YLT8;H0YN85",1.98046089751984,26.1420534096821,4.05578671340641,5.03206519724801e-05,0.000367368257023133,1.39830754896407
"Q8IWE2;B4DL61;B4E1Z8;B3KSS5",1.95781611552203,25.8866211942248,4.00941245473274,6.12837822852114e-05,0.0004449735496361,1.21404472971476
"O00194;K7ES41;K7EJ38;H3BUD9;H3BS49;H3BVH7",-1.94884273882857,27.0839318995769,-3.99103587278996,6.62247779495501e-05,0.000478250288327562,1.14161369407826
"A5YM53;P06756;L7RXH0;A0A8V8TKG0;A0A8V8TLW4;A0A8V8TKI2;A0A8V8TLW9;A0A8V8TKT8;A0A8V8TLN8;A0A8V8TKF7;A0A8V8TKU8;B4DYQ7;A0A8V8TKH9;A0A8V8TLP3;H7BZG1",1.91795719307538,28.9651285998799,3.92778535052065,8.62707113076098e-05,0.000616642090910203,0.894856235261952
"Q02388;Q59F16;C9JBL3",1.91790167956124,27.3744472126914,3.92767166437145,8.63114303893772e-05,0.000616642090910203,0.89441626365819
"B4DR80;Q5U0E6;Q6P0Y1;Q9Y6E0;Q6FG81;B4DT57;H0Y630;B4DMR0;Q5JV98;Q5JV99",-1.91392172282412,27.6267465541632,-3.91952110927868,8.92785168620764e-05,0.00063444733259433,0.862906355034666
"Q12965;Q4KMR3;O00160;H0YLJ4;H0YNQ8;Q6ZNI9;H0YLE5;B0I1T1;Q4LE34;Q14779;H0YN00;B4DVP3;Q92827",-1.90879818679661,25.6024967858917,-3.90902861767126,9.3240170797334e-05,0.000659094540662636,0.822438929158546
"P30085;A0A8V8TMN5;B4DDL4;Q5T0D2;B4DFW6;A0A494BXC7",-1.90771845412791,27.9501059127025,-3.90681743268032,9.40959671031784e-05,0.000661643221314981,0.813924673060249
"O95630;A0A804HHV2;A0A140VK54;A0A804HJS0;A0A804HHU9;A0A804HIJ2;A0A804HL27;A0A804HKA6;A0A804HII8;F5H5B9;A0A804HJC8;A0A804HI64;A0A804HIF8;C9JK83;A0A804HIV0;A0A804HJ64;C9JEK5;A0A804HKL2;A0A804HL38;A0A804HJD9;A0A804HJE8",-1.90371529532321,26.5134970834109,-3.89861936206347,9.73340546895656e-05,0.000680828780446386,0.782399716188192
"P00749;E7ET40;B2R7F2;B4DNJ4;Q59GZ8;Q96SE8;S4R3G7",-1.89591361260728,28.8049525042849,-3.88264229271506,0.000103949371767027,0.000723314378545563,0.721151594539015
"Q9H4A4;Q7RU04;A6NKB8;C9JMZ3;A0A087WU27;A0A087WUS4;H7C2T3",-1.88385132325012,28.0155508792108,-3.85793992521602,0.000115018507022042,0.000796190286950509,0.626950089556331
"Q8NG11;H7BXY6;A6NEP9;Q8N2P5",-1.88162573864447,28.8789915657269,-3.8533821495566,0.000117178696248392,0.000806962567978618,0.609634893153579
"P05783;B2RA03;F8VZY9;I6L965;CON__H-INV:HIT000015463",1.87132112831804,26.5328170936951,3.8322793336913,0.000127688764115913,0.00087483173773774,0.529731118428503
"P31949;V9HWH9;B2R5H0",-1.86370859980168,31.590231253727,-3.81668963330855,0.000136017100509874,0.000927136970822404,0.470984036087179
"P12004;Q6FI35;Q6FHF5;B4DUA2",1.8626232678212,26.970257288665,3.81446698148465,0.000137245359921752,0.000930760410433808,0.462627862797217
"P19256;Q9BRW0;B1AMW1;Q16393;H0YDI1;Q14748",1.84927054198171,28.8774729161461,3.7871219285652,0.000153237165070516,0.00102892373087188,0.360221065876118
"Q9BUT1;A8K5M0;D6R9U8;D6RIR6;B3KY19;D6RFG2;D6RBF6;D6R9P2",-1.84925215728319,26.6506349492273,-3.78708427853329,0.000153260346140348,0.00102892373087188,0.360080575004133
"P08648;B2R627;A8K6A5;H0YIV7",1.84323575430166,28.4755193516753,3.77476328431142,0.000161026261063952,0.0010756554239072,0.314179875182236
"Q9ULC3",1.84170242776322,26.3998327609976,3.77162318424194,0.000163063872700345,0.00108384743247593,0.302505647313711
"O15427;J3QQV2;J3KTM6;Q53G91;J3QSC3;J3QQS9;J3KTI8;J3QRA0;J3QRP8",1.83981381587425,30.4596006412861,3.76775549515216,0.000165606968288977,0.00109530153284195,0.288139750346934
"P48426;H7BXS3;B4DH09",1.80679746614515,26.3680898197758,3.70014129851531,0.000216560914095519,0.00142524818340696,0.0393790135324732
"Q99584",-1.80507095238199,28.6839099847423,-3.69660557024627,0.000219594108391011,0.00143418257563827,0.0264945816977162
"O60888;C9IZG4;C9IZQ5",1.80480467968814,25.6648530801851,3.69606027028339,0.000220065440124136,0.00143418257563827,0.024508568277601
"O95834;K7EIK7;B7Z2F5;C9JRL6;B7Z872;A0A0C4DGQ7;B7Z918;K7EII6;K7EKG3;K7EKU5;K7EQR0;K7ERY9;K7ELI8;K7EIM1;F8W717;A0A3B3IU69;B3KXA3;A0A669KBD4;O00423;B7Z650;K7ERR2;Q6ZMW3;G3V500;G3V3N9;K7ELB2",-1.80307986640769,26.5938447488456,-3.6925280244336,0.000223141628884203,0.00144717095237522,0.0116510240784065
"O75608;A0A087X1K9;Q6IAQ1;B4DJV9;E5RGR0;B4DP64;E5RJ48;E5RI35",-1.8023241705327,26.1160838507503,-3.69098043453016,0.000224502084895544,0.00144896031604081,0.00602159568449778
"H7BYY1;Q1ZYL5;F5H7S3;B7Z722;B7Z596;D9YZV7;H0YKJ4;H0YK48;A0A494BZZ2;Q59GR8;H0YN06;Q07413",-1.80062928093493,27.0298137959572,-3.68750946940284,0.000227581711760897,0.00146177484092576,-0.00659561550834287
"Q9HD42;B4DXN3;A0A6Q8PF35;F8VUA2;F8VVT7;A0A6Q8PG85;F5H875;A0A6Q8PGM8;A0A6Q8PFF9;A0A6Q8PFX8;A0A6Q8PHU0;A0A6Q8PGI9;A0A6Q8PF26;A0A6Q8PFF8",-1.79300387584004,27.8459572418714,-3.67189339906945,0.000241934132426542,0.00154652632020029,-0.0632143253423889
"P62140;V9HW04;A0A8V8TQ71;B4DJ75;A0A8V8TRH9;B7ZB67;H0Y3Y6;B4E163;C9JP48;C9J9S3;A0A8V8TR83",-1.78270432881297,27.9340166606208,-3.65080095233707,0.000262671279201076,0.00167108966196494,-0.139307114431548
"Q9H5V8;A0A172Q398;A0A0Y0BS51",1.77413948783167,30.0731761780782,3.63326101085279,0.000281173210615935,0.00178031947574829,-0.202250109800985
"O43570;B3KUB4",1.77342570815688,26.417873743722,3.63179926115355,0.000282769035204975,0.00178197844827286,-0.207481990948851
"O95716;A0A024R7G2;B2R8W8;P20336;A0A024R7I7;M0R257;B4DE50;S4R3Q3",-1.76490645379185,25.970291826748,-3.61435267652009,0.000302482691459924,0.00189726232765473,-0.269764126083494
"Q15437;B4DRA5;A0A2R8YFH5;B4DJW8;Q5QPE2;B4DS04;Q5QPE1;A0A2R8Y633;A0A2R8Y7S7;A0A2R8YF30",-1.7616021618436,24.7123587063695,-3.60758581563549,0.00031046969214108,0.00193825938645086,-0.293840255456496
"Q00839;A0A1W2PPS1;B4DLR3;A0A1X7SBS1;B3KX72;A0A1W2PP35;Q96BA7;A0A994J6V2;Q5RI18;A0A1W2PPH7;A0A1W2PPL4;A0A1W2PP34;A0A1W2PQL0;Q7Z4Q5;A0A1W2PQD4;A0A1W2PQ74;A0A1W2PRZ7;A0A1W2PP22;Q9UEL2;A0A1W2PPE9",-1.75991278739995,26.2149418436997,-3.60412614499463,0.000314629065795968,0.00195509038094611,-0.306132148238677
"Q13501;E7EMC7;E3WH17;E9PFW8;B4E3V2;E3W990;B4DE82;C9JRJ8;Q13502;D6RBF1;C9J6J8",1.75414226911315,25.882976746772,3.59230869814355,0.000329233352092534,0.0020363692518316,-0.348029511301994
"P48509;K4DIA7;A0A6M5CDG2;E9PMR4;Q53FU5;A0A6M5CII8;A0A6M5CH24;E9PRJ3;E9PJC8;E9PLZ6;K4DIB7;E9PP93;E9PK37;E9PSA1;E9PJE8;Q6ZNZ0",1.74149973222254,31.9190045470324,3.56641804147424,0.000363475873088805,0.00222830957396515,-0.43934080281026
"P80723;U3KQP0",1.7414554676294,30.103215056778,3.56632739199514,0.000363601412518266,0.00222830957396515,-0.439659345521426
"Q03001;E7ETB9;A0A7P0T890;F8W9J4;Q5T0V7;F6QMI7;E9PHM6;A0A494C1D7;A0A0U1RQJ2;B4DSS9;Q6P0N6;B4DGY0;A0A494C073;Q9HDA7;A0A494C1U5;H0YC82;H0YAT7",-1.73803909167076,31.0154691536707,-3.55933099421803,0.000373413905191661,0.00227799533030164,-0.464220293531306
"P36405",1.73267300166029,26.7052713746435,3.54834177620587,0.000389327514276286,0.00236427981396872,-0.502700717583769
"Q13630;A0A140VKC8;E9PKL9;B3KU96;E9PP14;A0A0J9YX13;E9PLH9;B4DZW9;E9PP60;H0YE90",-1.73048382131275,27.397807243533,-3.54385855284209,0.000395999964717918,0.00239391833874723,-0.518365234500384
"O95361;B3KMJ2;B2RB95;H0Y626;Q59EB2;B3KP96;B4DE22;K7ENN8;K7EL43;Q309B1;J3QL38;J3QKY5",-1.7280503790042,25.5851010339044,-3.5388751053046,0.000403542245450393,0.00242852450415192,-0.535754307722205
"Q9NR45;V9HW39;Q5TBR0;Q9P0B2",-1.72314369594415,27.2426149491858,-3.52882670698138,0.00041916005720254,0.002511201060191,-0.570742434818459
"Q9Y376;Q7Z4X0;Q53RN7",-1.71593656088564,28.9225940364498,-3.5140672120332,0.000443126398453847,0.00264293244792116,-0.621954027025646
"Q9HBH0;V9GY67;A8K0B7;F5GXB1;V9GYQ1;V9GYB3",-1.71394822444302,26.9646551461857,-3.50999529698762,0.0004499600499752,0.00267176278563052,-0.636044731651401
"Q14247;Q53HG7;A0A384MDY8;B3KRK4;B4E358;Q76MU0;H0YEV2;H0YCD9;A0A0B6XJY7",-1.71303094546955,26.3388452148048,-3.50811680098817,0.000453145662487031,0.00267877258886139,-0.642539687603747
"Q86UP2;G3V4Y7;H0YJZ8;G3V5P0;B3KWP6;B7Z6P3;G3V5G2;H0YJV5",-1.70545382078392,25.462242275364,-3.4925996041254,0.000480276860226065,0.00282466492382107,-0.696057874243118
"Q9UIQ6;B2RAK1",1.70497166249199,25.7202797012311,3.49161219195452,0.000482053594783836,0.00282466492382107,-0.699455390251739
"A0A2I8B379;A0A0G2R0T3;U3RHD5;Q8HWN5;G0KXG2;D6MKT2;D3U4A2;C8CJB0;A0A2U7N3C7;A0A1S5QR00;A0A0E3DDA7;U5YEE4;U5YBK3",1.70085612955475,29.3652037301924,3.48318399030391,0.000497470624790373,0.00290227403807834,-0.728416291573153
"O43390;Q0VGD6;Q6MZS5;A0A6Q8PEX7;B2R7W4;B4DMB1;A0A6Q8PH31;B4DT28;A0A6Q8PHG0;B4DMD1;A0A6Q8PH35;A0A286YEZ8;Q7Z334",-1.69239118068467,25.6243047824309,-3.46584861791663,0.000530637051972583,0.00308230913667552,-0.787763891417315
"Q15382;Q6NZ61;A8K005;A0A090N900;C9J931;C9J469;F8WBL3",1.68306490651799,26.3491331048771,3.44674933708855,0.000569558012684432,0.00329406712098009,-0.852807398180051
"P09497;D6RJD1;H0Y9Q6",-1.67925807605571,27.8023707753648,-3.43895332736755,0.000586196143330703,0.00337568123918026,-0.879253780504203
"P16070;A0A385KNS5;A8K309;B4DN59;H0Y2P0;H0YD13;H0YE40;B4E2X0;H0YDW7;H0Y5E4;A0A1Z1VXF2;H0YCV9;J3KN83;H0YDX6;H0YD17;E9PKC6;C1PHC3;Q86UZ1;H0YEV3;H0YEU1;H0YD90;H0YF08;C1PHC4",1.66750890102201,31.5061059107789,3.41489218682454,0.000640444463856596,0.00367224808460263,-0.960498689376239
"P37235;Q6FGY1;Q68CP5;E9PC71;P84074;O75544;Q5U068;P61601;H7BZC1;B2RB70;E5RGA9;Q59GU4;C9JW46",1.66539028175147,26.9344923242258,3.41055346552033,0.00065071024332554,0.00371516617556804,-0.975088121978812
"O00154;K7EKP8;B4DUX0;B7Z957;Q6ZUV0",1.66373640982902,26.5494569018922,3.40716650050771,0.000658830238353177,0.00374551999336104,-0.98646427706807
"A0A024RCM3;Q13838;Q5STU3;A0A0G2JJZ9;B4DP52;F6WLT2;A0A140T9X3;F6TRA5;A0A0A0MT12;O00148;F6S4E6;Q59G92;B4DX78;F6UJC5;A0A140T996;A0A140TA18;A0A140T9X9;A0A140T9K1;A0A140T973;B4DIJ6;B4DIZ8;F6R6M7;A0A140T9L4;H0Y400;A0A0G2JJL7;K7EQN7;Q7KYK3;K7EPJ3;F6QYI9;A0A0G2JHN7;K7EN69;F6S2B7;F6U6E2;Q69YT6;H0YCC6;B4DH55;K7ENP6;A0A286SD52;F6SXL5;K7EIL8;K7EL56;A0A140T9K2;A0A286SD68;A0A140T9N3;A0A286SD59;A0A286SD63;A0A286SD64;A0A286SD65;A0A286SD67;B4DF34",-1.66102828235001,26.8104433876146,-3.40162052509293,0.000672330064500763,0.00380607189056364,-1.00506771993291
"A0A1Y0BRN3;A0A1Y0BRN0;A0A0A0MRM8;Q9UM54;A0A590UJ40;A0A0D9SGC1;A0A590UKB0;A0A590UJ75;A0A590UK22;A0A590UK86;A0A590UJY4;A0A5F9ZI03;A0A590UK71;A0A590UJW9;Q14784;Q5JVM0;A0A590UJ48",-1.65583437849374,27.2025763816105,-3.3909839271791,0.000698943788764293,0.00394003756029154,-1.04066236793785
"Q9Y266;A0A0A0MSU9;Q9H2R7;A0A0A0MSS4",1.64807842210834,27.1868058703146,3.37510050080242,0.000740513241686353,0.00415683063400406,-1.09360764701127
"Q53TN4",1.63425090635724,28.8597735523152,3.34678312542129,0.000820371147264226,0.00458584038805442,-1.18738319748211
"P07108;B8ZWD1;A0A024RAF2;B8ZWD9;B8ZWD8",-1.63321028140073,27.9105291934971,-3.34465202913076,0.000826693373566719,0.00460192644618807,-1.194408547743
"Q9Y490;B4DGF3",1.63085773206727,28.6088147200637,3.33983424235131,0.000841153064172809,0.00466298960055964,-1.21027432109849
"Q08431;H0YKB5;B4E396;A0A8Q3SI86;A0A8Q3WKS4;A0A8Q3SIX6;A0A8Q3SIZ9;H0YKS8",1.62384879570629,32.4149554279874,3.32548063859999,0.000885635279990326,0.00488929228953337,-1.25740755718793
"O43795;E9PDF6;B0I1S9;E7EQD9;Q05CR5;B3KQI2;C9JYW1;H7C2Y7;C9JUP5;A0A0U1RRI3;Q14777;C9K0I9;Q8N1T3;Q13871;A0A140TA25",-1.62169376135733,28.1142074293601,-3.32106734284121,0.00089974452272011,0.00494674354878217,-1.27185878714787
"O43813;Q6FHH6;Q53TN2;B2R602;E9PHS0;F8WDS9;B4DGM7;H7C2E3",-1.59950122473805,26.4950443311546,-3.27561923767036,0.00105766376635693,0.00579114258956089,-1.4195610900314
"P14324;Q14329;A0A087X090",-1.59550785075072,28.8789668970877,-3.26744120538516,0.00108866854457218,0.0059287068914808,-1.44592290987688
"P07384;B2RDI5;B4DWH5;B4DS85;E9PLX0;E9PJJ3;E9PLC9;E9PMC6;E9PJA6;E9PSA6;E9PQB3;E9PL37;E9PRM1;E9PIA9",-1.59512774707951,28.6211364208878,-3.26666279091541,0.00109166309528763,0.0059287068914808,-1.44842868779383
"Q9NTX5;H0Y5L2;H0Y525;J3KP84;E9PPG7;E9PRU6;F2Z2D6;E9PJS8;E9PLY6;H0YCS9",-1.59102017555927,25.207709482122,-3.25825089345405,0.00112451317228242,0.00606167522856648,-1.47546916650559
"Q9BZG1;Q6NXT3;C9JBG0;B4DNC0;Q96PJ7;K7EIF2;H7C0Y7;V9GY61;K7EJW7",1.59093287754961,26.9939689729927,3.25807211582298,0.00112522115021294,0.00606167522856648,-1.47604309979685
"Q15797;D6RAY1;D6REQ3;D6RDN7;D6RD62;D6RBH9",-1.59036455881991,25.8912422262443,-3.25690825565498,0.00112984024146802,0.00606211470924209,-1.47977869278511
"P04626;X5DNK3;J3QLU9;B4DTR1;F5H1T4;B4DLA2;J3KTI5;Q9UK79;J3QRJ7;Q4H1F2;X5DQX2;J3QRX1;Q4H1F1;B2RDI6;B4DZC4;G3V4P9;H3BLT0;J3KPI6;B4DGF4;Q9NP09;H0YCF5;Q16584;M0R0A7;E2I6F8;J3QL83;J3KRI9;J3QLV2;E9PRQ2;Q4ZG14;Q02779;P80192;Q5TCX8;E9PLB1",-1.58370921357482,26.0646361631344,-3.24327877130013,0.00118525301890227,0.00633399213301373,-1.52342534246735
"Q15121;B1AKZ5;B1AKZ4;Q6FHL9",1.57136119810183,24.7848500663961,3.21799126516708,0.00129476773918925,0.00689167210978822,-1.60392045796654
"P30046;Q53Y51;A6NHG4;B4DJQ7;J3KQ18;A0A0F7RPW6;B5MC82;B4E259;H7C342;A0A0F7RQT4",-1.5646188594969,28.1348334190713,-3.20418362707364,0.00135843676165774,0.00720187108561403,-1.64760694856383
"P02795;Q8TE66;H3BSP9",1.56203871466489,28.0678246335795,3.19889974737601,0.00138355649914113,0.00730605329190731,-1.66427511056321
"Q13443;A0A7I2V3W3;A0A7I2V4B3;A0A7I2YQ97;A0A7I2V2Z6;A0AVL1;A0A7I2V5N8;F8WC54;A0A7I2V2E1;A0A7I2V3B5;A0A7I2V3C1;B4DDM8;A0A7I2V303;A0A0J9YY58;A0A7I2V5Q0",-1.5536640470664,28.320335396222,-3.18174926204319,0.00146807240839081,0.00772182967563038,-1.71818729195795
"Q9Y696;Q6FIC5;B4DWC4;B3KTR3;Q9NVF8",-1.55112724172014,30.3855934776078,-3.17655413729686,0.00149459730878254,0.00783051766483715,-1.73446086293859
"Q14103;A0A994J4R1;H0Y8G5;H0YA96;A0A994J440;D6RAF8;D6RF44;D6RD83;B4E0W4;A0A994J4B1",-1.54536424212521,28.5994295485519,-3.16475208797805,0.00155650460198047,0.00809741590143886,-1.77133159716283
"Q92688;Q53F35;Q1AHP8",-1.54525856056603,26.6180722203203,-3.16453566266812,0.0015576615918187,0.00809741590143886,-1.77200644913836
"P55209;F8VY35;F5H4R6;F8W0J6;B7Z2V4;H0YIV4;F8VUX1;F8W020;F8W543;F8VXI6;H0YH88;H0YHC3;B7Z5H0;F8VVB5;B7Z4K9",1.54311507700266,28.266008191649,3.16014602176806,0.00158129982756642,0.00818843631639046,-1.78568415629956
"P52209;B4E2U0;B4DL86;B4DV68;K7EPF6;A9Z1X1;K7EM49;K7ELN9;K7EMN2",-1.53691443648563,28.7596517668864,-3.14744772741897,0.00165155250497494,0.00851920519940739,-1.82514394349888
"Q15758;Q71UA6;Q59ES3",1.53349844495192,29.237728581314,3.14045211690582,0.00169147151543932,0.00869156132548819,-1.84681483970594
"P07203;A0A994J702;A0A994J430;Q7L4Q3;A0A2R8Y6B6;A0A994J4L4;A0A994J4K6;A0A994J707;A0A7I2YMD7;A0A7I2UQ36;A0A994J4E2;X5D926;A0A994J7E8",-1.53035533365338,27.4083512427108,-3.13401533794224,0.00172898387766393,0.00881917660815561,-1.86671200013829
"P63096;A0A3B3ITM0;A0A3B3IUA8",-1.53031176584278,28.7080664598465,-3.1339261154044,0.00172950918513231,0.00881917660815561,-1.86698751506841
"A0A140VKE1;A0A7I2YQ74;A0A087WYS1;A0A7I2V676;C9JNZ1;C9JVG3;A0A7I2V4T0;C9JWG0;C9JQU9;C9JUW1;A0A7I2V2Q3;C9JTZ5;F2Z3H1;C9J3M0;F2Z3P4;F8WC70",-1.52012835845686,28.6660338729143,-3.11307151109248,0.00185639913442781,0.00943022526081959,-1.93117035503492
"Q8NBS9;A0A024QZV0;Q86UY0;Q6EHZ3;Q658S9",1.51406004497787,25.6683161821022,3.10064420934081,0.00193602474216268,0.00979745854367177,-1.96921327633228
"Q01105;A0A8I5KS71;Q5VXV3;A0A8J8YYJ1;B2RCX0;A0A0C4DFV9;P0DME0;A0A8I5KTZ2",-1.51273530845769,26.9659818620228,-3.09793128085833,0.00195381920484169,0.00985019795346604,-1.977497958935
"P04083;Q5TZZ9;A0A4D5RA86;A0A4D5RAA5;A0A4D5RAA2;A0A4D5RAB7;A0A4D5RAG0;A0A4D5RAJ5;A0A4D5RAI5;A0A4D5RAU4;A0A4D5RAH8;B4DL19;Q5T3N1;A0A4D5RAH1;A0A4D5RAD4;A0A4D5RA95;Q5T3N0;A0A4D5RAT3;A0A4D5RBL6;A0A4D5RBR8;A0A4D5RBT3;A0A4D5RAS2;A0A4D5RBK2;A0A4D5RAI2;A0A4D5RAD9;A0A4D5RBH8;Q05BR2;A0A4D5RAH0;A0A4D5RAB9;A0A4D5RAF4",-1.50737491583106,32.1874038074066,-3.08695373052095,0.00202736631750947,0.0101825616548596,-2.01094692529575
"P52788;B4DE40;H7C2R7",1.50451141260617,26.6410219459424,3.08108956105018,0.00206768797800348,0.0103461840397477,-2.02876659133928
"P48163;A8K168;B4DX99;Q8WVX2",-1.4986937781353,24.5082571108432,-3.06917562494572,0.00215188228729923,0.0107272937904171,-2.06486555576561
"P17612;A8K8B9;A0A8V8TL59;Q15136;K7ERP6;A0A7I2V5J4;B7Z708;A0A7I2YQ82",-1.4977427103434,25.5590415174631,-3.06722793281063,0.00216594163406017,0.0107572417215776,-2.07075371923359
"O95490;B1ALU1;A0A6I8PRM6;B1ALU3;A0A6I8PTT2;A0A8I5KUX3;A0A6I8PRJ0;A0A6I8PIV6;A0A6I8PLG0;A0A6I8PRQ0;A0A6I8PUE4;H0Y5C0;B3KVU1;A0A6I8PU30;H0Y3V3",-1.49688586060804,25.5441583474488,-3.06547318987356,0.00217868025153383,0.0107804326520341,-2.07605536782079
"Q9NQT8;E7ERX9;A0JLQ2;Q96L93;Q9P2P6;F2Z2F9;A0A1B0GTU3;A0A140VK74;A0A1B0GVS8",-1.48905939570109,25.1389806122826,-3.04944536906564,0.00229825394458067,0.0113301375275269,-2.12434020713551
"P32455;B4DNS2;A0A7P0TAZ1;A0A348GSI6;Q9H0R5;H3BNS1",1.48543413317763,26.4252652270101,3.0420211924037,0.00235565333042162,0.0115704148876591,-2.14662023845246
"P27701;Q6LET0;E9PJC7;H0YD57",-1.48295644929908,29.9201317446069,-3.03694714253621,0.00239563495151027,0.0117236933890759,-2.16181627212163
"Q14651;C9JAM8;C9J359;C9J0F3;C9JAM3;C9JVY2;C9JU08;C9JYI1",-1.47395275202603,25.8412988635441,-3.01850846706561,0.00254621193928202,0.0124151063900758,-2.21682380667614
"P62273;A0A087WTT6;A0A2R8Y851;A0A2R8Y6P7",-1.47257596184413,26.5772915047917,-3.01568893786718,0.00256998569555702,0.0124854577791424,-2.22520569258299
"P15121;Q59EL5;E9PCX2;E9PEF9;O15289",1.46874629677364,28.1915595557157,3.00784616514234,0.00263718621885361,0.0127655101028566,-2.24847946108705
"Q15435;C9J177;A0A140VK83;C9JD73;H7C003;B5MBZ8;H7C118;C9JRC4;H7C3Q5",-1.46760698962611,25.4112505429199,-3.00551297755089,0.0026574858862647,0.0128173326499987,-2.25539159964701
"Q15836;Q6FGG2;P63027;K7ENK9;K7EKX0;J3QRU4;F8WCA0;L7N2F9;P23763;F5GZV7;A8K0D3;B4DZX9;B4DJY5",1.46565439870524,27.9546150033837,3.00151426577452,0.00269260872922887,0.012940018928956,-2.26722542997462
"Q12905;B4DY09;F4ZW63;F4ZW62;Q53FG3;X6R6Z1;A0A0A0MRL0",-1.46318939741464,25.9980494804153,-2.99646618858427,0.00273755445653536,0.0131088629173163,-2.28214226436428
"Q9ULF5;E7ENT5;E7EV45",1.45655782376665,26.6826798565085,2.9828853860932,0.00286189544610852,0.0136271710539785,-2.32214826687896
"P08758;V9HWE0;D6RBL5;D6RBE9;E9PHT9;B4DNG6;D6RCN3",1.45633330923089,30.8749633182469,2.98242560268003,0.00286619391180236,0.0136271710539785,-2.32349950542105
"O60610;Q6URC4;A0A2R8Y5N1;A0RZB8;A0A1E1ERW3;B4DVR3;Q96IL1;Q7KZJ7;B4E2I7;A0A2R8YEF8;A0RZB7",-1.45572081738885,26.9580553454196,-2.98117128037651,0.00287795042970203,0.0136345452981628,-2.32718472235893
"P07437;Q5SU16;A0A384NYT8;Q5JP53;B7ZAF0;B4DY90;Q6LC01;Q5ST81;B7ZAK1;B4DQN9;B4E052;Q9BUU9;B4DMU8;B4DXZ5;Q96B85;Q1KSF8;B4DMJ5;Q6P602;A4UCT2;A4UCU2",1.45313594787422,30.1880750393347,2.97587772499935,0.00292805242459067,0.0138228905980676,-2.34272018776915
"O15144;Q53R19;Q9BXV5;H7C3F9;C9JTV5;G5E9J0;G5E9S7",-1.44363015619719,28.9045281201689,-2.95641081018553,0.00311922414575012,0.0146672014265443,-2.39961399925038
"P26447;Q5Q9Z3",1.44316538931092,30.2435688376183,2.95545901388168,0.00312885659174035,0.0146672014265443,-2.40238613511359
"Q16775;B4DT01;H3BPQ4;H3BPK3;H3BQW8;H3BV79",-1.43491071014189,26.2191979712701,-2.93855425290452,0.00330451835858825,0.0154364913534052,-2.4514730546166
"P00491;V9HWH6;Q8N7G1;G3V5M2;A0A8V8TL37;G3V2H3;Q9P1G4;G3V393",-1.43276603077145,27.7470740902939,-2.93416216311067,0.0033516048818406,0.0156018958959548,-2.46418043046279
"P11413;A0A384NL00;A8K8D9;A0A8G1M3Q3;E7EUI8;Q2VF42;Q2Q9H2;B4DYA7;A0A8Q3SIN6;Q2Q9B7;A0A8Q3SIS5;A0A8Q3SJB9;A0A8Q3WL95;A0A4P8W0G4;A0A8Q3WL80;A0A8Q3WLT0;A0A8Q3WL93;Q0PHS1;E9PD92;A0A8Q3WL83;A0A8Q3WL90;A0A2H4QGB2;A7IZZ3;Q0PHS5;A0A2H4QGB8;A0A2H4QGB6;Q0PHS4;A2IBT6;Q0PHS3;Q0PHS2;Q0PHS6;B6ZHS6;A0A8Q3WLB9;A0A6G9IW12;I3V9R4",1.42842993799834,27.5491835173477,2.92528227687848,0.00344867552326176,0.0159980225662421,-2.48981402302746
"O60488;Q8TAF6;A0A804HI36;B4DH39;H0Y9A0;D6RF95;D6RDA8",1.42658384629753,28.1416028236066,2.9215016649001,0.0034907747117846,0.0161372837887344,-2.5007039454598
"Q14697;V9HWJ0;B4DJ30;F5H6X6;B4DSM6;B4DIW2;E9PKU7;B4DZ53;E9PNH1;Q9BS14",1.4220800408653,26.2984977621135,2.91227831984203,0.0035954513298741,0.016563872333489,-2.52721238343482
"Q03135;Q2TNI1;A9XTE5;Q59E85;E9PCT5;C9JKI3;Q7Z4F3;A0A1I9UVK8;P56539",1.41948974730053,28.2734726373323,2.90697365655029,0.00365694003876892,0.0167487764342499,-2.54242033148374
"P59998;F8WCF6;F8WDD7;A0A0A6YYG9;Q9H7Z5;H7C0A3;F8WE39;R4GN08;F8WDW3",-1.41933428286801,29.4807378871846,-2.9066552808729,0.00366066071766539,0.0167487764342499,-2.5433322012692
"Q15056;A0A7I2V4E4;A0A7I2V3D5;Q75MT8;A0A7I2V3E4;Q75MU1;B4DMV6;Q75MU2;A0A7I2V385;A4D198;A0A7I2V4V9",1.41087281949346,25.9273599772124,2.88932704643339,0.00386843452227472,0.0176390051937168,-2.59281189496329
"O15143;A4D275;C9JEY1;C9K057;F8VXW2;C9JBJ7;C9JTT6;C9JM51",-1.40665204418792,28.4990660123468,-2.88068331889203,0.00397603231531634,0.0180679563716416,-2.61738292128743
"Q9HCM4;Q4ZG32;B4E3R4;Q53RT1;Q53T34",-1.40578172551343,25.4152238281141,-2.8789009929088,0.00399855401808534,0.0181087056547865,-2.62244028180027
"A0A2U7N9Q5;A0A0K0KRQ4",-1.39451312316394,29.804136918451,-2.85582401736994,0.00430080204546724,0.0194117281511629,-2.68763870943268
"O95865;V9HW53;A0A140T971;Q5SSV3;Q5SRR8;H0Y7N1",1.38921379675375,27.0029840735667,2.84497152456316,0.00444998148508752,0.0200174251315721,-2.71811840373206
"P84077;A0A8V8TNZ5;A0A8V8TQC0;P61204;A0A8V8TNZ0;A0A8V8TQP8;B4DJC8;B4DN70;B4DEB9;F5H423;A0A8V8TP92;B4E190;A0A8V8TP99;F5H0C7;H0YGG7;A0A8V8TPG9",-1.38196682790481,30.7060725197717,-2.83013045397862,0.00466158088576949,0.0208988995415706,-2.75961233043128
"P05026;Q6LEU2;A3KLL5;A0A8I5KNT2;B7Z9S8;A6NGH2;A0A8I5KX89;Q58I20",1.3802896582097,30.2183805634604,2.82669577744749,0.00471183178643121,0.0210535360089368,-2.76918436626035
"Q6DD88;F5GWF8",1.37791035672724,26.0570586856201,2.82182320493073,0.00478396128388149,0.0213045742508856,-2.78274370588286
"Q03405;M0R1I2;M0QYR6;Q9UPI5;M0R0H5;M0R0Y4;M0R2E9;M0QYS6;M0R383;M0QX27",-1.37484905162068,29.5391643086698,-2.81555395690245,0.00487823570249317,0.021652235543292,-2.80015528572191
"Q99829;B0QZ18;F2Z2V0;A6PVH9;Q59EI4;E7ENH5;Q5JX59;Q5JX58;Q5JX60;Q5JX44;Q5JX56;Q5JX55;Q5JX45;Q5JX52;Q5JX61;Q5JX54;E7EV27;Q5JX57;H0Y524;Q5JX53",1.37236036787445,27.5964239268429,2.81045738040126,0.00495611112941612,0.0218142670913059,-2.81428146733081
"Q9UNF0;Q6FIA3;A0A0U1RR22;B0QYG7;B0QYG8;H0Y923",-1.37222266625572,27.8497177521318,-2.81017538119776,0.0049604527141196,0.0218142670913059,-2.81506233731078
"Q9NRY6;I3L3X5;B3KP67;B2RBF8;I3L161;I3NI29",-1.37211893737969,26.5498603832976,-2.80996295478848,0.0049637254459259,0.0218142670913059,-2.81565050498038
"P11021;V9HWB4;A0A7P0TB36;A0A7P0TAI0;B4DEF7",1.3715356397132,28.660876266915,2.80876841924946,0.00498216536547682,0.0218235177976296,-2.81895711501483
"P07204;B3KVV1",1.36891220220142,27.1296236424518,2.80339588045455,0.00506586898055602,0.0221176501896171,-2.83381153065892
"E9PN41;A8MVV6;J3KQ42;E9PPX8;O14817;E9PSH3;J3KNL1",1.36712932959373,27.2050928750185,2.79974473488382,0.00512347692131269,0.0222963034751588,-2.8438902721224
"P49327;A0A0U1RQF0;Q6PJJ3;A0A0U1RRG3;A0A1B0GTR5;Q13587;J3KTF0",-1.36634737327783,28.7815663696489,-2.7981433662123,0.00514892969058778,0.022334318398134,-2.84830659864514
"Q14847;C9J9W2;A8K1D2;B4DIC4;B4DJI4;Q9NPR7;F6S2S5;K7ESD6;J3KSN1",1.36409882126623,28.7127588958925,2.79353855559246,0.00522275840327821,0.0225812466886074,-2.86099187309153
"P10301;E9PQK5;E9PQC5",1.35402210809678,30.1237256380642,2.77290245041178,0.0055655027326551,0.0239855214542813,-2.91758334350219
"Q92597;Q597H1;B3KU62;Q53EU7;A0A7I2ST14;Q8N959;B7Z505;B3KWB2;B7Z5Z7;B7Z4H0;E7ESM1;E5RIM2;E5RIV1;E5RJY1;E5RGM5;E5RIR1;E5RK17;E5RH82;E5RI76;A0A6Q8PF16;A0A6Q8PHI0;C7SRP8;A0A6Q8PGJ1;C7SRP7;E5RG99;E5RJ98;A0A6Q8PF71;A0A6Q8PGD3;A0A6Q8PFR8;A0A6Q8PHF2",1.3495825718149,30.3590831813502,2.76381072217402,0.00572284825335798,0.0245784589384514,-2.94238291096032
"A0A494C1L5;P50851;A0A494BZW2;E9PEM5;Q59HC1;A0A8V8TM79;A0A494C0R9;B3KVI6;A0A8V8TLZ6;Q68D03;A0A8V8TKR0;A0A3B3IS13;H0Y9N9;A0A8V8TL26;Q5T321;A0A3B3IU76;Q8NFP9;H0YA17;B3KXQ8;Q6N008;A0A0D9SF28;A0A8I5KSX3;A0A8I5QKR1;A0A8I5KQL6;B3KVG9;A0A3B3ISK3",-1.34910865371528,24.9572461582277,-2.76284018509648,0.00573987963233297,0.0245784589384514,-2.94502544018708
"P56199;B4DTY8;A0A494C0F7",1.32790851345539,26.4801934632571,2.71942440885162,0.00655012715151111,0.027958370205811,-3.06228633325619
"P61158;B4DXW1;Q59FV6;B4DT29;B4DTI0;B4E1U3;F8WDR7;F8WEW2;F8WE84;Q9C0K3;A0A0A0MTI9;H7C4J1;C9IZN3",-1.31922722950494,29.3860986481636,-2.70164600376135,0.00691060353121302,0.0294020130644003,-3.10976772942138
"P07814;V9GYZ6;Q3KQZ8;B4DKX5;H6WCP5;B4DP50;V9GZ76",-1.31871637778379,27.8192382821632,-2.70059983030458,0.0069323608647351,0.0294020130644003,-3.11255207845208
"P35241;B0YJ88;A0A2R8Y5S7;A0A2R8Y7M3;B7Z2S7;Q6PKD3;Q05CU6;E9PNV3;A0A2R8Y5P0;E9PQ82;Q9NST9;A0A2R8Y4H6;E9PKN5",-1.31476319715844,28.6787025381295,-2.69250411002247,0.00710281957034204,0.0300296422341043,-3.13406205414323
"Q08345;A0A0G2JI85;A0A0G2JNZ7;A0A0A0MSX3;A0A1U9X7M1;A0A1U9X7L5;A0A1U9X7K3;A0A024RCQ1;H0Y9F4;Q16832;Q6ZNR9;A2ABM8;A0A140T972;Q6MZT2",-1.31107598143214,25.4300186673758,-2.6849530593701,0.0072651924067364,0.0306192336132487,-3.15406665904549
"P35221;A0A384MDY0;B4E2G8;G3XAM7;B4DU00;B4DKT9;B3KSR8;E5RIB1;E5RG03;E5RJ41;E5RGY6;E5RHV7;E5RGD2;E5RJL0;E5RIE0;E5RJP7;Q49AD3;E5RFM5;E5RGY7;E5RFK9;F6KRI5;A0A0A0MRI5;H0YBB8;E5RFM3;E5RFG3;B7Z259;A0A0A0MTJ6;E5RGU3;A0A087WZL6;E5RHJ5;E5RGG4;E5RJ43;Q16370;E5RGS1;A8K141;Q9UI47;A0A804HI07;E5RIT8;B9A010;E5RJZ2",-1.30903304092907,28.8906136320991,-2.68076932064595,0.00735658394645347,0.0309069061398171,-3.16512623278012
"Q9NV96;B4DIF5;B4DDK3;A0A669KBE6;A0A669KBF5;A0A669KB92;E5RG19;A0A669KBA0",-1.30050533607576,26.5922013933907,-2.66330543025396,0.0077493129832208,0.03245480296421,-3.21110519408552
"P0DMV8;P0DMV9;A0A0G2JIW1;A8K5I0;A0A1U9X7W4;B4DNT8;Q59EJ3;B4DWK5;B4DFN9;B4DI39;B4E388;B4E1S9;B4DVU9;V9GZ37;B3KTT5;B4DNX1;B4E1T6;B4DNV4;Q9UQC1",-1.29824341744182,30.581194735497,-2.65867324612256,0.00785658667619797,0.0328012493731265,-3.22325039152711
"G5E948;B7Z388;A0A0D9SEY1;B7Z3V5;E7EN19;V9HWH3;O95819;E7ENQ1;Q53TX8;H7C360;Q5MD60;E7EX83;H7C0P6;Q9UKE5;Q7Z4L4;C9J338;H7C3Z6;C9JYB8;E7ETN6;I3L1U1;A2RUB6;Q53TW0",1.29567061977519,26.2259607082181,2.65340441268806,0.00798021986533689,0.0332136253585361,-3.23703912952577
"Q9H2G2",-1.28680775889941,28.0063689563153,-2.63525415613526,0.0084195648262609,0.0349333497139272,-3.28432963251061
"Q13616;A0A590UJ21;A0A590UJ50;A0A090N7U0;B4DLA3;A0A590UJ56;A0A590UK34;B3KTW0;A0A590UJC4;A0A590UJR3;Q75MQ1;A0A590UJA0;A0A590UJM8;B3KU45;A0A590UJ59;A0A590UJ97",-1.28617946272286,25.4702627655904,-2.63396746812838,0.00845151658486613,0.0349573565243998,-3.28766977776232
"Q9BRA2;A0A140VJY7;I3L2R6;I3L0K2;I3L3M7",-1.28459878977328,28.1287518142646,-2.63073040732341,0.00853238125128294,0.0351829054065247,-3.29606572973326
"P62081;A0A2R8Y623;B5MCP9;Q59FS3",-1.28233469543915,27.4554160203308,-2.62609376757467,0.00864941396610469,0.0355557447960488,-3.30807377842378
"Q8N7R7;H7BZD2;H7C0P7",-1.2802853901499,26.0847847819534,-2.62189699440218,0.00875657914137822,0.035885858076323,-3.31892438941622
"Q00577;Q2NLD4;Q2NLC9;Q56A79;Q5U0P9;A0A494C0H6",-1.27497062761474,27.2099381031058,-2.61101288994852,0.00904005590059781,0.0369342956672742,-3.34698399690927
"Q13557;A0A8V8TN65;A0A8V8TN60;A0A8V8TPK3;A0A8V8TPY4;A0A8V8TNA7;D6R938;A0A8V8TN88;A0A8V8TNA1;E9PBG7;A0A994J516;A0A8V8TPJ8;A0A994J7X8;A0A8V8TND4;E9PF82;A0A994J5B0;B7Z2B0;H0Y9J2;A0A8V8TNN9;Q4G1A8;A0A8V8TPM4;Q92991;H0Y9C2;Q8IWE0;D6RFJ0;A0A5F9ZHR5;A8K161;A0A5F9ZHM9;Q7LDD5;Q9UQM7;A0A5F9ZH50;A0A804HIC9;A0A5K1VW76;A0A5F9ZHY2;A0A8V8TNR6;A0A5F9ZH21;A0A8V8TQ10;A0A8V8TNN4;E7EQE4;E9PBE8;A0A8V8TQ82;Q75LA8;E7ERS6;A0A804HLD1;A0A8V8TR72;A0A8V8TQU0;B4DVQ3;A0A8V8TPG1",-1.27355191012075,26.7338559796725,-2.60810749778985,0.00911709973412101,0.0371355037950783,-3.35445446318636
"O43237;J3KRI4;B4E2E0;B4DHD8;J3KRZ2;H3BUM4;Q63HJ8;J3KSD2",-1.27069687284511,24.9984157145714,-2.60226066574013,0.00927392250119466,0.0376594542905656,-3.36946287249575
"P43490;A0A7P0T9I9;A0A7P0T895;A0A7P0T931;A0A7P0T8L3;A0A7P0T973;A0A7P0T862;A0A7P0TAS5;A0A7P0T8D2;A0A0C4DFS8;B7Z8W6;A0A7P0TA73;A0A7P0TBB7;A0A7P0T941;A0A7P0Z466;A0A7P0Z4N0;A0A7P0T9F0;A0A7P0TB17;A0A7P0T8Z3;A0A7P0T8R4;A0A7P0TAI8;A0A7P0Z437;Q658Z1;A0A7P0Z4L4;C9JG65;C9JF35;A0A7P0TAZ2",1.2684372039502,28.5712033873375,2.59763308885026,0.00939974465108431,0.0380547237995413,-3.38131765931179
"P61956;P55854;Q6EEV6;A8MUA9;A8MU27",1.26609296880921,28.539578802925,2.59283232870911,0.00953188301051437,0.0384730987977257,-3.39359380247939
"Q8ND76;B7Z8E4;B2RBH6",-1.26441353450573,26.9704635588776,-2.58939301448552,0.00962756431665336,0.0387422467682196,-3.4023745963958
"Q9Y2T2;B4DRN6;Q8NDP0;P53677;H0YBM0;E5RJ52;A0A384NYL6",-1.26136275145742,25.7871978885534,-2.58314531458479,0.00980356754047956,0.0393320307329751,-3.41829556599268
"Q9UJU6;F8WBG8",-1.25771320469307,26.5935075806255,-2.57567140621562,0.0100178771749586,0.0400715086998342,-3.43729074990146
"O95373;B3KQG6;B3KNG9;E9PLJ0;E9PLB2",1.25716039569113,26.5799057979089,2.57453930842569,0.0100507007628308,0.040082794684006,-3.44016321377556
"Q9Y617;B4DHQ3;B4DHX7;A9LS35",-1.25507654007714,26.9518791561573,-2.57027177962849,0.0101752945724689,0.0404589093714835,-3.45097983265674
"P02545;A0A6Q8PFJ0;A0A384MQX1;W8QEH3;A0A804HL68;Q5I6Y5;A0A6Q8PHQ9;Q3BDU5;Q8N519;Q5TCI8;A0A6Q8PF80;H0YAB0;A0A6Q8PGH0;B4DFR3;A0A6Q8PF59;A0A6Q8PFM1;W5X314;A0A6Q8PFF5",-1.24994546826117,29.2190524875175,-2.5597638554767,0.0104879626100622,0.0415783918309883,-3.47753707312599
"Q9Y3E7;A0A140T963",-1.24537109380361,27.999979289271,-2.55039599208168,0.0107738849594843,0.0425855334493226,-3.50112124706168
"Q04760;X5DNM4;V9HW62",1.23578846041438,28.5893865902597,2.53077171309281,0.0113954152101391,0.0449093649579525,-3.55024628212549
"Q14738;B4DSD7;E9PFR3;A8K6Y2;Q59EF0;H0Y8C4;H7C5Q9;H0YJ35;B4DI74;G3V2U3",1.23477886185769,26.4828663879907,2.52870415577966,0.0114627165832302,0.0450417333976339,-3.55539985855103
"Q5NKV8;B4DW82;Q15463",1.22402131374935,29.2559398471038,2.50667376843837,0.012202039879321,0.04780623248907,-3.61005107579766
"Q96PY5;C9IZY8;B3KXD8",1.21957236141095,26.6223485308264,2.49756275705448,0.0125199498360566,0.0488615094620716,-3.63251316008453
"Q96GG9;C9JVE2;C9J8R4;B4DM76;C9JRU6;C9J0B2;Q6PH85;C9JRE2;C9JAV2;H7C216",-1.21884808181333,24.9257889656733,-2.4960795045588,0.0125723933988232,0.0488615094620716,-3.63616219609636
"Q16881;A0A140VKC9;B7Z2S5;B2R5P6;A0A182DWI3;Q6ZR44;E9PIR7;E9PKD3;A0A0B4J225;E9PIZ5;E9PLT3;E9PKI4;E9PQI3;A0A182DWF3;Q59ET7;D3YTF8;E9PRI8;A0A182DWF2;Q17RE6;Q9NNW7;A0A096LPK7;A4FTY4;E7EWK1;Q6M1B7;A0A096LPD9;B3KUQ5",1.21872799748096,27.2544787505481,2.49583358380353,0.012581107226761,0.0488615094620716,-3.63676699059807
"P61160;Q8IY98;B4DHK9;B4DWQ5;A0A1B0GWD0;A0A1B0GWH0",-1.21566544344881,29.7232567307427,-2.4895617781,0.0128051539555003,0.0495874947378214,-3.65217114403484
"A0A590UJ08;A0A590UJ25",1.21472994072855,28.292680366277,2.48764596168173,0.0128742928707191,0.0497111424141061,-3.65686884419254
"P14625;A0A7P0TAT8;V9HWP2;Q5CAQ5;H0YIV0;A0A7P0TAE1;A0A7P0T917;A0A7P0T823;A0A087WT78;A0A7P0TAY2;B4DU71;B4DHT9;Q59FC6;A0A7P0TBC2;Q96GW1;A0A7P0T885;A0A7P0T8R3;A0A7P0Z405;B4DQX3;Q58FF2;Q58FF3;F8W026",1.21218779584739,27.5443278580444,2.48243990209961,0.0130638429600948,0.0502976777944859,-3.66961615751713
"B4DVJ0;A0A0J9YYI8;K7ESF4;Q8N196",-1.20674054041861,30.6524989312071,-2.4712844653928,0.0134783392672261,0.0514289172005587,-3.69684091686015
"P15529;A0A8Q3WKS6;A0A8Q3WKR4;A0A8Q3WKR0;A0A8Q3WKW1;A0A8Q3WLU6;A0A8Q3WLA6;B4DL30;Q92494",-1.20641388653498,28.3229442066257,-2.47061551076575,0.0135035606145662,0.0514289172005587,-3.69846959867746
"P60903;Q6FGE5",-1.20637533677052,31.9591837788875,-2.47053656468673,0.0135065398389717,0.0514289172005587,-3.69866177700976
"P13797;Q53GY0;B4DPW9;Q96HI1;B4DG31;B4DI60;B4DPU6;U3KQI3;A7E2S2;H7C4N2;F2Z2Z9",-1.20630937119628,29.0840338645571,-2.47040147375922,0.0135116391746977,0.0514289172005587,-3.69899061442508
"Q13177;A8K5M4;Q9Y6B5;Q13153;E9PM17;B7Z3K0;B3KNX7;A8KAN3;O75914;H7C1X3;H0YCG5;B7Z302;B2RCU6;H9XFB4;Q59FN2",1.2015692018177,26.2445819544114,2.46069407887503,0.0138825513217207,0.052690592516531,-3.72257321794532
"P35580;A0A8I5KZ38;G1UI33;A0A8I5KSC2;A0A8I5KTT7;Q9UE82;Q9UMG3;A5XEH4",-1.19874098467638,25.9548367117806,-2.45490217178979,0.0141081131010737,0.0533520894589258,-3.73659952769327
"Q15691;B4DM33;A2VCR0",1.19838532254107,27.1632684864416,2.45417381115177,0.0141367063386675,0.0533520894589258,-3.73836106504605
"Q9Y5X1;A0A7P0T8Z7;A0A7P0Z4A5;B2RAU5;A0A7P0T8S8;A0A7P0Z4A2;A0A7P0T8D4;A0A7P0T8Z2;A0A7P0T8C7;A0A7P0TBI9;B3KXH8;Q59ES5;A0A7P0T8M2;O95061",-1.19460753775619,25.9903900842434,-2.44643728408589,0.0144435901864213,0.0543567225043913,-3.7570395618755
"P60953;B4E1U9;A0A8Q3WLC5;A0A590UJK8;A0A8Q3SI43;B7ZAY4;B4DMH5;Q5JYX0;Q9UJM1;A0A494C1M1;Q9UJM0;A0A494BZX6;A0A3B3IRV0;A0A8Q3WKT2",-1.19249224963628,29.9752507164483,-2.44210538464646,0.0146179767640833,0.0548584745977958,-3.76747242264026
"P00390;V9HW90;A0A2R8YF59;H0YC68;A0A2I6B3H4;Q03504",-1.18416815926475,27.2097446518791,-2.4250584764382,0.0153223804111396,0.0573408970007914,-3.80834831296298
"Q9NYL9;Q5HYL6;H0YNJ8;H0YKU1;Q9NZR1;H0YNU8;Q4G0W6;G5EA42;A8K9L8",-1.1823996816395,26.7430768082133,-2.42143681035814,0.0154758257520954,0.0577533609072609,-3.81699563902614
"P16422;B5MCA4;C9JKY3",-1.17553647068048,28.166373088917,-2.40738163771941,0.0160842100340025,0.0597019673328823,-3.85043228419751
"Q13618;Q53S54;B7Z600;H7C1L6;A0A087X1R9;H7C399",-1.17550157329362,25.725430462403,-2.40731017134603,0.0160873564669443,0.0597019673328823,-3.8506018022178
"A0A1C7CYX9;Q59GB4;Q16555;Q53ET2;Q8NAN9;A9CQZ4;E5RFU4;A9CQZ2;Q14194;B3KV96;E9PD68;B3KXQ5;X5DQV1;X5DNI1;Q96I11;B3KT07",1.16837782987854,28.5962220660841,2.39272145417986,0.01674108984848,0.0619559447024081,-3.88510082855892
"P62841;K7ELC2;K7EM56;A0A0B4J2B4;K7EJ78;S4R417;K7EQJ5;S4R456",-1.16456327746029,25.2859956326846,-2.38490963066194,0.0171006442872279,0.0630452935878838,-3.90348781982755
"A0A1W2PNV4;E9PF58;Q75MY0;F8WFD3",-1.1642568296677,28.7580912741262,-2.38428205609732,0.0171298215362289,0.0630452935878838,-3.90496235707183
"Q16513;B1AL79;Q9UHS4;H0Y5V5;H0Y429;Q6P5Z2;Q6P5W9",-1.16368158678028,26.3056930774029,-2.38310401594378,0.0171847090503729,0.0630735475035663,-3.90772920985319
"Q9UHV9;B1AQP2",1.16059198358208,26.8653324457362,2.37677681624161,0.0174821551784989,0.0639894775848617,-3.92256645447049
"Q08722;A0A2R8Y484;A0A0A1TSG4;H7BYS8",1.15961840593103,30.1854127642509,2.37478302615642,0.017576815463004,0.0641601788485609,-3.92723370668106
"Q92692;Q7Z456",1.15888820389449,27.0363737768472,2.37328764509556,0.0176481071191893,0.0642448804120896,-3.93073166544346
"O75882;B4DZ36",-1.15805058157123,25.6528755171253,-2.37157227798391,0.0177301985601936,0.0643683295554855,-3.93474149681977
"P62851",-1.15688186006583,27.5805067621525,-2.36917885271649,0.0178452986825046,0.064438047809022,-3.94033150783537
"Q03169;A1A584;H0YLC0;B4DZH8;H0YKR7;H0YKI8;B7ZB31;B4E1C8;H0YL88;H0YKY9;H0YM45",-1.15687611052324,27.362010666626,-2.36916707822576,0.0178458665339357,0.064438047809022,-3.94035899402452
"Q12792;F8VS81;F8VRG3;F8W1Q9;F8W645",-1.15323342646394,26.8246753901605,-2.36170722399317,0.0182088331839388,0.0655196915117631,-3.95774570301944
"Q10567;C9J1E7;B4DG47;Q7Z3M8",-1.15288878214564,26.7785412115311,-2.36100142674731,0.018243506917946,0.0655196915117631,-3.95938786785616
"A0A2U3TZM4;A0A2R8YFN5",1.15196305991952,27.7908093120467,2.35910563980715,0.0183369276984803,0.0656786471988463,-3.96379632894496
"Q16658;A0A384MEG1;B3KTA3;B3KTM9;C9JFC0;A0A0A0MSB2;C9JPH9",-1.13767475844005,26.8451194796998,-2.32984462113714,0.0198328894465187,0.0705573549456996,-4.03139072654263
"P46940;A4QPB0;A0A0J9YXZ5;H0YLE8;Q6P1N4;B4E2M0;Q5FWG8;Q05DN7;B4DNP4;Q96PA3;A0A087X225;H0YKA5;A0A087WWP1;E9PDT6;D6R939",-1.13759059997782,29.860712254091,-2.32967227298657,0.0198420074387834,0.0705573549456996,-4.03178636012908
"Q13148;A0A0A0N0L3;B4DRW3;A0A087WYY0;A0A087X260;G3V162;B1AKP7;A0A087WX29;A0A087WV68;A0A0A0N0M3;A0A087WXQ5;A0A0A0N0N3;K7EJM5;A0A087WXV3;A0A087WX67;A0A087WW61;A0A087WZC9;A0A087WYE7;K7EL26;A0A0A0MSV7;K7EJ99;A0A087WZM1;A0A087WTZ4",-1.13744805854151,25.7176023781651,-2.3293803623186,0.0198574591763346,0.0705573549456996,-4.0324563885402
"P62318;H3BT13",-1.13484801527179,25.9050572640367,-2.32405573260193,0.0201411578241754,0.0713755619445581,-4.04466338449428
"P62241;Q5JR94;Q5JR95;Q9BS10",-1.13385272339552,28.9209541402882,-2.3220174739457,0.0202506897621005,0.0715738664607574,-4.04932880698632
"P52597;B4DKS8;A0A1B0GW42",-1.13331129157481,26.8467336187226,-2.32090867549004,0.0203104923765542,0.0715958253695949,-4.05186504509033
"Q9Y2A7;A0A994J4I5;A0A994J6K9;B3KMK7;B3KM75;P55160;F8W050",-1.12721237379488,27.6881457865768,-2.30841869917747,0.0209948508717482,0.0738134756964622,-4.08035063014322
"O60291;K7EPJ5;B4DR12;K7EIM7;K7ERA1;K7EJN3;Q96PX1;Q9BTC5;A0A3B3ISM3",-1.12515940986823,25.7860182666429,-2.30421443347991,0.0212296917358076,0.0744432235145379,-4.08990461840678
"P13987;E9PNW4;A0A2U3TZL5;Q6FHM9;A0A3Q8TLE1;A0A3G2LMK5;A0A3G2LMK3;A0A3G2LMJ8;H0YET2;A0A3G2LMK2;A0A494C0W4;A0A499FJN7;A0A494C059;E9PI80",-1.1221432623238,32.7406276941888,-2.29803766364228,0.021578862203069,0.0754695285426707,-4.10390943603653
"P14174;I4AY87;A6MUU8",-1.11810332616373,31.5513309208507,-2.28976427666376,0.0220543813582218,0.0769312101686276,-4.122609092756
"Q9BRF8;B3KSL3",-1.1164567040678,26.786529301155,-2.28639215857396,0.02225079614336,0.0774142282487734,-4.13021146747663
"P27824;A0A7P0TAE9;A0A7P0T937;A0A7P0TB65;A0A7P0Z4D6;A0A7P0T840;A0A7P0T8G1;A0A7P0T9L0;A0A7P0Z484;A0A7P0TAR9;D6RGY2;A0A7P0Z4H2;Q16094;A0A7P0TAN9;A0A7P0T8N1;D6RAU8;Q6ZP56;D6RAQ8;D6RFL1;D6RD16",1.11581816530999,27.6165445676532,2.28508449478057,0.022327371636261,0.0774788792364798,-4.13315655523244
"O43776;B4DN60;K7EMQ6;K7EPK2;K7EQ35;B4DF91;B4DGT6;K7EIU7",-1.11287486284116,27.5068307971268,-2.27905690440421,0.0226833113971234,0.0783249328926461,-4.14670996148769
"O75368;V9HW48;B0AZV6",-1.11283278999328,27.4464803763695,-2.27897074340117,0.0226884349022859,0.0783249328926461,-4.14690344026587
"O14763;D3DSR9;Q6FH58;B5BU36;B7Z588;B7Z3M7;Q7Z2I8",1.10395651751949,25.1929822536055,2.26079302123112,0.0237921005749171,0.0819233153816733,-4.18755885074217
"Q8N392;A9UK01",-1.09988287183153,25.5427484495626,-2.25245060049611,0.0243140146831731,0.0835052020995355,-4.20610810699081
"P30566;A0A7P0Z472;A0A7P0T9A7;A0A096LNY6;X5D8S6;Q71UA4;A0A1B0GTJ7;A0A1B0GWJ0;A0A096LNY5;A0A0A6YY92;B4DP46;A0A384E0N4;A0A7P0T8E4;A0A1B0GTG9;A0A1B0GWF8;A8K4X6;X5D2Z4;X5DP48;A0A096LP92;B4DUM2;A0A096LNY4;A0A096LP72;A0A096LPA2;B4DEP1;X5D7V4;A0A1W2PRX2;X5D7W4",1.09317925654781,26.3287643711256,2.23872226390862,0.0251944917347734,0.0863072845068133,-4.23648359924438
"Q13509;Q9BV28;Q53G92;B2RBD5;A0A0B4J269;Q3ZCR3;G3V2A3;G3V5W4;G3V2R8;G3V3R4;G3V2N6;G3V3J6;G3V3W7",-1.08444239637108,26.5977353474099,-2.22083004424095,0.0263833564299934,0.0899728165515295,-4.27579342498844
"P27797;Q53G71;V9HW88;K7EL50;A0A7P0T861;B4DHR1;K7EJB9;B4E2Y9;A0A0F7WAP3;A0A142IKA1;A0A142IK94",1.08432821165727,27.6875827379919,2.22059620531702,0.026399209646856,0.0899728165515295,-4.27630508902615
"O43399;Q6FGS1;Q68E05;A0A087WYR3;Q53GA0;A0A087WZ51;Q5J908;B4DDV4",1.08354476438866,27.4662471461074,2.2189917833228,0.0265082043324002,0.0901144045498387,-4.27981427923902
"P84022;H3BQ00;Q59F45;H3BVD1;B7Z725;H0YNV1;H0YKE2;Q68DS8",1.08218992336233,25.7818806981554,2.21621720380938,0.026697610106509,0.0905279368078581,-4.28587685108997
"Q14166;Q9BR23;V9GY16",-1.07976070905431,26.0343758495763,-2.21124241479596,0.0270401403835676,0.0910873041047102,-4.29672797968314
"A0A1B0GTW6;Q9H4G0;A0A0C4DH22;Q7Z3C9",-1.07975514386581,26.5409903418575,-2.21123101784407,0.027040929436126,0.0910873041047102,-4.29675281099032
"P11279;B3KRY3;Q59FZ0",1.07894397537248,28.3175895687856,2.20956982554198,0.0271561526525931,0.0910873041047102,-4.30037079376794
"O15554;A0A7R6V2A8;A0A7R6V2A9;D1MQ09;D1MQ08;D1MQ10;M0R1J0;M0R2F1;M0QZ70;M0R2E8;A0A7R6V286",1.07873310194875,24.1441232552413,2.20913797776792,0.0271861756887125,0.0910873041047102,-4.30131088846752
"P14314;K7ELL7;B4DJQ5;A0A0S2Z4D8;A0A0S2Z4W7;A0A0S2Z4A0;A2VCQ4;A0A0C4DGP4;K7EKX1;K7EJ70;K7EPW7;A0A7I2V2T6",1.07861173106991,26.1600329993755,2.20888942229358,0.0272034688157031,0.0910873041047102,-4.30185188860138
"Q92841;A0A1X7SBZ2;A0A5H1ZRQ2;Q59F66;B4DZQ7;J3KRZ1;J3QSF1;A0A0U1RQJ0",-1.07477985356397,26.1150202674746,-2.20104211872125,0.0277543442641643,0.0926995098423088,-4.31890085033625
"Q9H223;A8K9B9",-1.06440925072731,28.7613773616033,-2.17980415676622,0.0292937307719756,0.0975970681081283,-4.36473788217782
"J3KN01;H0Y8U8;A0A804HJ20;P55196;A0A1P7ZIN0;A8MQ02;G1UI22;Q5TIG5;H0Y948;H0Y7R8;Q96C95;H0Y8L4;E9PFY5;F8W9I4;H0YA98;H0Y9I0;Q1WD23",-1.05982900297908,27.1608991585888,-2.17042426545675,0.0299966651895321,0.099690409684614,-4.38484063359325
"Q00169;V9HWC5;Q6NUL6;B4E1U1;I3L4H1;I3L471;I3L4U7;I3L459;I3L4C0;I3L3W1;I3L2X8",-1.05835029704599,26.6191601760234,-2.16739602294817,0.0302266782775307,0.0999825540034052,-4.39131217660559
"P35754",-1.05827926355875,26.8610288131672,-2.16725055343947,0.0302377656062678,0.0999825540034052,-4.39162282656424
"O15145;B2R4D5;Q2LE71;B4DM63;C9JZD1;F8VR50",-1.05782288925133,28.5345878907565,-2.16631594430143,0.0303090826133077,0.0999825540034052,-4.3936181859258
"O60936;H3BM67;H3BUP2;H3BUN4;Q5TZN6;H3BQJ5;J3QLT7",-1.05192342498595,25.9308870440122,-2.15423442892603,0.0312440727847955,0.102813007981495,-4.41933434589727
"Q8IZP0;A0A0A0MRT6;B6VEX3;B6VEX4;B6VEX5;Q59G41;B4DKX2;B7Z9E9;B7Z5L1;B7Z612;B4DG63;Q53SH3;Q13802;H0Y6B5;B4DMM5;B4DSH8;B7ZAM8;B7Z617",-1.05049284293367,27.852012158153,-2.1513047393334,0.0314744954618338,0.103185769553211,-4.42554868270348
"Q92882;A8K646",-1.05026194792699,27.1346958558901,-2.15083188935114,0.0315118218396033,0.103185769553211,-4.42655087996255
"H7BXI1;A0A499FIX8;A0FGR8",1.0465222891427,25.5657931800483,2.14317344053803,0.0321216821112012,0.104763243333892,-4.44275214877797
"P61758;Q6FH24",1.04589594749358,26.3445948611457,2.14189075520871,0.0322248082338709,0.104763243333892,-4.44545998937432
"Q14019;A0A384MTY2;H3BT58",1.04587166427297,28.0699923750527,2.14184102559091,0.0322288121334053,0.104763243333892,-4.44556493951539
"Q12979;B7Z2X0;A0A0G2JQ41;B7Z7Z1;A0A1C7CYZ0;I3L4Y1;Q6ZT60;B7Z683;I3L2P5;A0A0G2JRJ1;I3L3W0;I3NI05;A0A0G2JQT5;I3L379;A0A0G2JQB5",1.04101881086803,25.7735409408251,2.13190286504125,0.0330375705837912,0.107131539562974,-4.46648968268867
"Q8NCW5;B4DP80;A0A7P0TAG8;A0A7P0T9Y2;Q5T3I4;Q6PGN4;Q5T3I3;A0A7P0Z426;A0A7P0TA18",-1.04008625905657,26.6668607834994,-2.12999309179036,0.0331949604174702,0.107381276314141,-4.47049955260808
"Q96J02;A0A590UJW8;A0A8V8TKK4;A0A590UJQ1;A0A590UK44;B4DN85;Q59ER4;A0A590UK95;A0A1W2PNZ8;A0A590UIY0;A0A8V8TKI4;H0YBS9",-1.03735180998344,26.1903836649751,-2.12439321237182,0.0336601672026611,0.108623148267525,-4.48223666416007
"P08754",-1.03650521091358,30.624801269147,-2.12265946177698,0.0338053234238781,0.10882870384169,-4.48586426843724
"P55786;E9PLK3;B7Z899;B7Z4B2;A0A7I2V3W8;A0A7I2V389;B3KU93;A0A8V8TQ95;B7Z1H4;B3KTP2;B7Z1V9;E9PPZ2;A6NEC2;B7Z6T6;A0A7I2V604;E9PP11;H0YDG0;A0A7I2V5D4;E9PPD4;B4DGH6;E9PJY4;H0YCQ5;A0A7I2YQS3;A0A7I2V5M8;E9PJF9;A0A7I2V3D7;E9PI82",-1.03338335221173,28.9646480019977,-2.11626620601517,0.0343452269911566,0.110282622536033,-4.49921556720927
"P13861;A0A0S2Z472;A8KAH7;A0A024R2W3;A0A9L9PY56;A0A9L9PXM7;A0A9L9PXB4;H7C330;A0A9L9PY59;H7C1L0;A0A9L9PXP9;A0A9L9PXB0;C9J830;A0A0K0K1I3;H7C4A9;O60380",-1.03294257917663,26.4640233794579,-2.11536354672934,0.0344220461059324,0.110282622536033,-4.50109738318438
"P07355;A0A024R5Z7;V9HW65;H0YMW4;H0YN42;H0YMU9;H0YMD0;H0YM50;H0YL33;B3KRQ1;H0YKS4;H0YNB8;H0YNP5;H0YN28;B4DNH8;A0A7I2V4P4;H0YMM1;H0YKX9;H0YMT9;H0YLV6;H0YKZ7;H0YNA0;H0YKL9;H0YKV8;H0YMD9;H0YKN4;H0YLE2",-1.03154539498116,33.8653787823447,-2.11250225262185,0.0346665222008591,0.110800176220927,-4.50705715083896
"H6VRG2",1.029320153543,31.2154455080684,2.10794517973528,0.0350589518902421,0.111787016050987,-4.51653238834838
"P14550;V9HWI0;Q5T621;V9GYG2;V9GYP9",-1.02752054412921,28.2114071796216,-2.10425975885224,0.0353790879308739,0.112539193989637,-4.52418028869203
"Q9BUF5;K7ESM5;B4DP54;B3KS31;B4E386;K7EL29;K7ESQ3;K7EQT3;K7EJ64;K7ERA8;K7EJZ4;K7ES63;K7EN98;K7EPE5",-1.02490458794195,28.2791707978196,-2.09890254106499,0.0358488927367887,0.113762756998455,-4.53527359735391
"Q04446;Q59ET0;E9PGM4;B4DUF1;B4DNJ3",1.02363255834636,27.1153132046421,2.09629755111577,0.0360792552584197,0.114222476363149,-4.54065758886408
"P30520;A0A024R5Q7;B4E1L0;G3V5D8;G3V232",-1.02252563929681,27.8394083468736,-2.09403069112393,0.0362807424502401,0.114588822490593,-4.54533729278272
"Q9C0C2;A0A024R542;B3KXS7;Q86TK2;E9PKK0;E9PKE7;A0A2R8Y5C4",-1.01360658218642,25.1939768345437,-2.07576535027842,0.0379395114013481,0.119545252906135,-4.58285948711883
"Q9H1E3;Q6IA16;Q8WYF8;B4DTY3",-1.00790274415136,25.9880673123972,-2.0640844579432,0.0390337870386217,0.122703857608467,-4.60668302417678
"P62328;A2VCK8;Q0P5T0;Q0P5U7;Q0P5Q0;Q0P5P4;Q0P5N8",-1.00719969544737,29.0434509597578,-2.06264468420361,0.0391705042790678,0.122844586189752,-4.6096101800383
"O43865;A0A024R0A8;Q2NKW8;Q6ZMM9;Q9BTL0;O43210;Q6ZMI1",-1.0064718226211,26.4785350869001,-2.06115407313348,0.0393124771914056,0.123001099596529,-4.61263853961499
"P10768;U3KQT1;A0A140VJJ2;X6RA14;H7BZT7",-1.00285538921675,27.2925029275355,-2.05374797762831,0.040024364752147,0.124935867544085,-4.62765247162817
"Q14156;A0A1B0GUZ7;A2VDI4;B4DG97;B4DZ89;A0PJL1;E5RJS1;Q9Y2G0;H7BXG9;E7ESK9;B3KT90",-1.0023263471941,27.5596835028668,-2.05266455224536,0.040129417101572,0.124971797780187,-4.62984430339733
"P49023;A0A140VJQ8;A0A1B0GTU4;F5GZ78;B3KVL0;B4DRY6;A0A1B0GU60;Q59GS5;Q6ZQU7;F5H836;B4DNT9;Q9BTK0;A0A1B0GV30;REV__Q59FX6",0.999845571449175,26.6904722941163,2.04758417054341,0.0406251523140779,0.126221403468856,-4.64010678000007
"Q01628;E9PS44;H9NL12;H9NL19;H9NKY4;A0A7P0TB91;A0A7P0T8W2;R4GNG9;A0A7P0T9U8;A0A7P0TB46;A0A7P0TBF9;C9JQL5",-0.997321771553512,28.2909180771871,-2.04241567966487,0.0411348031489001,0.127508345723737,-4.65052114227695
"P31431;M1VE83;M1VKI3;B4E1S6;M1VRM8",0.994835826228922,26.1513971612212,2.03732471117852,0.0416420953120272,0.12878203550201,-4.66075356731523
"P50148;A0A024R240;G9FP35;B1AM21;B7Z581;P19086;B4DEJ3;Q8N652;Q8IY73",-0.981881532562266,29.5697101469846,-2.0107956076751,0.0443721168726441,0.136907963376103,-4.713661600974
"Q9P2R3;B3KPZ0;Q5H9P4;B4DZ21;I3L3P8;K7EPT2",-0.980315244721968,25.2462495770214,-2.00758800614153,0.0447122141612684,0.137639442671554,-4.72001165530985
"O15511;B1ALC0;B3KTE1;Q6IPM3",-0.97936598459329,29.6463035968815,-2.00564401592073,0.0449194009158039,0.137959355456354,-4.72385521809383
"P78417;V9HWG9;B2R983;Q5TA02;Q5TA01",0.977957372810735,28.2875145306508,2.0027593192528,0.0452283382970583,0.138423065259346,-4.72955183746757
"P63151;A0A140VJT0;Q56VW8;A0A590UJY3;A0A590UJJ1;Q66LE6;E5RFR9;E5RIY1;Q6PEG1;Q6IN90;Q00005;B3KMA9;H0YB06;Q59GC6;Q9Y2T4;Q9NZ48;E5RJV2;E5RHQ2",-0.977733492545209,26.3547976975021,-2.00230083476192,0.0452776044298908,0.138423065259346,-4.7304564848431
"Q08211;Q58F26;Q6PJK6;B3KU66",-0.971858032144123,26.1537334983026,-1.99026847691041,0.0465867982473215,0.142100370909638,-4.75412379154672
"O14579;Q53HJ6;M0QXB4;Q7Z4Z1;M0R061",-0.968456646778542,25.3999862192419,-1.9833027783752,0.0473591696782531,0.144127222528807,-4.76775992726623
"O00429;B4DYR6;F8VUJ9;F8VZ52;A0A994J3M8;A0A994J402;A0A8V8TQT5;A0A994J6L8;A0A994J696;A0A994J3G5;Q32Q67;H0YI79;A0A994J6A0;A0A994J3G1;A0A994J3F1;B4DDQ3;B4DPZ9;A0A994J409;F8W1W3;A0A994J6L3;A0A994J691;F8VR28;A0A8V8TQV1;F8VYL3;A0A8V8TRA9;H0YHY4",-0.965380404428601,25.2312411756299,-1.97700294035985,0.048066956354139,0.145948758384386,-4.7800513945784
"I1SRC5;P01116;L7RSL8;Q14015;Q14014;A0A804HKM6;A0A221ZRZ5;A0A8I5KYH6;A0A221ZRZ4;Q92468;A0A8I5KQU3;G3V4K2;Q7KZ06;A0A8I5KR86;G3V5T7;A0A8I5KXN3;A0A221ZRZ1;Q96T27;Q71SP6;P78460",-0.960453161207685,29.5504597230098,-1.96691243687446,0.049219135901968,0.149108311938842,-4.79965726190787
"P35268;Q7Z4W8;K7ERI7;K7EP65;K7EKS7;K7ELC4;K7EMH1;K7EJT5",-0.958403071640237,28.2252458700129,-1.96271405757833,0.049705308454269,0.150240479852723,-4.80778516617585
"P06132;A0A494C085;A0A1B0GVZ4;A0A1B0GVN9;A0A494C0Q8;Q5T446;A0A494BZY8;B4DHV6;A0A494C007;H0Y5R6;A0A494C0S8;A0A494C0P4;Q71UD4;B4DEM5;A0A494C1D8;A0A494C1T3",0.95139402082085,25.1388601698536,1.94836021942759,0.0513980124226421,0.154818057477726,-4.83544246383054
"Q15283;B4DVC0;Q59GE8;D6RBA9",0.95117567129493,25.1094233408128,1.94791306134069,0.0514515101198432,0.154818057477726,-4.83630079747189
"Q99471;H3BPF6;H3BMQ1;A0A7I2V5H9;F8VNW6;A0A0D9SFR8;F8VQZ2",0.94825454215491,26.1622732505352,1.94193087973384,0.0521717086821059,0.156632365841109,-4.84776482990292
"P61006;Q59EP4",0.944994437646283,27.9605575576795,1.93525451032561,0.0529854183913052,0.158718652400861,-4.8605175421658
"P67809;Q6PKI6;Q7KZ24;H0Y449;A0JLU4;Q2VIK8;C9J5V9;Q59EB5;Q9Y2T7;B2RCC2;A0A384MDP4;A0A0D9SEI8;Q59HE1",0.943187490143639,27.1652889766268,1.93155406176728,0.05344097591568,0.159725153967222,-4.86756695068076
"Q9Y3C6",0.941661607461867,26.2969704024025,1.92842920597503,0.0538282164997796,0.160523431347557,-4.87350933911768
"P04424;A0A024RDL8;A0A5F9ZHM8;A0A0S2Z316;B4DU69;A0A0S2Z3B0;A0A5F9ZHC6;F8W943;Q6XYD2;A0A5F9ZI35;H7C0S8",-0.937881942355453,24.9292019144298,-1.92068882819785,0.0547975237613125,0.162789514946094,-4.88818741137348
"P48147;B2RAH7;Q9UM02;A0A499FJL1",-0.937749320589557,26.4730785815847,-1.92041723202713,0.054831797698909,0.162789514946094,-4.88870136694256
"P00568;Q6FGX9;Q53EY8;Q5T9B7;H0YID2;Q9Y6K8",-0.932074639342819,26.847788570283,-1.90879604989112,0.0563151627926317,0.166822743882386,-4.91062464536102
"Q969P0;C9J8Z4;Q8NF83",-0.929182933293475,27.7074153775996,-1.90287412384416,0.0570838168933985,0.168725618074293,-4.92174513547257
"Q7L576;X5D2F4;B3KWV6;A0A087WVZ5;A0A0G2JR96;A0A0G2JQT1;B3KWT5;A0A0G2JQH3;A0A0G2JRX2;A0A087WU52;A0A0G2JRV9;A0A087WWL1;H0YL50",-0.928394804046455,27.5975460982999,-1.90126011362436,0.0572948193823144,0.168975449657333,-4.92477001267477
"Q9UGV2;B7Z341;F8WBF9;B7ZLZ9;B7Z323;Q5TH30;Q5TH29",0.927661803678919,26.9578305891147,1.89975900186028,0.0574916443109347,0.169182459910592,-4.92758099889739
"O95833;Q6FGP1",-0.926616157872985,26.5912071408393,-1.89761762337007,0.0577733935511895,0.169637920405251,-4.93158710773083
"P46777;A0A2R8Y6J3;B3KTM6;A2RUM7;Q59GX9;Q5T7N0;A0A2R8Y4A2;Q9BUV4",-0.923438551255394,27.4017112013525,-1.89111020142794,0.0586366522884465,0.171795104073168,-4.94373351977541
"P55060;A0A384NKW7;B4DM31;B4DUC5;B4DPS6;B4DS32;B4DM67",0.918563432826595,29.5349891529727,1.88112644432646,0.0599818806064742,0.1752911637061,-4.96228756329542
"P35222;A0A2R8Y5A3;A0A2R8YCH5;A0A2R8Y543;A0A2R8Y804;B4DL06;A0A2R8Y750;B5BU28;A0A2R8Y7Z0;B4DGU4;A0A2R8Y5Z1;A0A2R8Y5C3;B4DSW9;A0A2R8Y6G0;A0A2R8Y815;A0A2R8YG06;G9GAG7;C9IZ65",-0.918167206420808,29.2682563613188,-1.88031501210172,0.0600923300728994,0.1752911637061,-4.96379123210967
"P49189;B4DE91;B4DX14;B4DYY1",-0.917197155153058,27.1114335657414,-1.87832844369838,0.060363447250241,0.175698399839481,-4.96746981281922
"P11216;Q59GM9;B4DSD8;H0Y4Z6;Q8TDG6",-0.914365594008199,28.9040470091343,-1.87252968842687,0.0611606388443494,0.177262479639843,-4.97818527859171
"Q8N8S7;A0A4D6J698;A8K2B4;A0A097PID1;A0A097PIC4;A0A0U1RRM6;A0A075B6E5;A0A0U1RQP7;A0A8Q3WLE0;Q6ZSB8;Q6ZT55;Q9UI08;A0A024R6K5",-0.914346054892984,25.7143348305511,-1.87248967426452,0.0611661699954847,0.177262479639843,-4.97825910528762
"Q96RU3;B7ZL14;A0A994J3U5;A0A994J4A3;H0Y7W6;B7ZL13;A0A994J6U4;A0A994J3V8;A0A8V8TQ35;B4DEQ5",0.912938154007172,24.6648634718181,1.86960643344233,0.0615658118571313,0.178034468920189,-4.98357457307177
"Q07812;Q8WXU1;Q5ZPJ1;I6LPK7;K4JQN1;A0A0C4MW46;A0A0C4MWS3;A0A0C4MVT1",0.910510987946186,25.4515687599463,1.86463583903489,0.0622598542248974,0.17892518691477,-4.99271899913151
"Q13751;A0A0S2Z3R6;B4DL55;X1WI29;Q5THA1;A0A0S2Z3Z3",-0.910489827669242,26.608885203224,-1.86459250489474,0.0622659333032397,0.17892518691477,-4.99279861411232
"P56192;A8K492;B4DF61;B4E0E9;H0YIP0;H0YHV5;H0YIC2;H0YI94;F5H2V6;F8VS26;H0YHL6;F8W0M7;F8W0S4;F8VZZ9;H0YI27",-0.910456156128184,26.1559723682756,-1.86452354893151,0.062275607721084,0.17892518691477,-4.99292529857785
"P61225;Q5JQ44",-0.903754778610857,29.4832019209995,-1.85079979506677,0.0642259332819739,0.184132718593814,-5.01804504040482
"P46776;E9PJD9;Q6NZ52;Q9BQQ5;E9PLL6;E9PLX7",-0.90273678935721,28.2441392748776,-1.84871505444175,0.0645265685810652,0.184598491700863,-5.02184468030194
"P02794;Q6NS36;G3V192;G3V1D1;Q8TD27;E9PPQ4",0.898012408436067,28.3117629845058,1.83903999274624,0.0659370278354463,0.188230489718283,-5.0394223558528
"Q9UL26;Q96IY7",0.896684980611507,26.4093869360454,1.83632155274038,0.066337872062692,0.188801163673026,-5.04434462610798
"P62993;A0A384ME16;Q6ICN0;B0LPF3;B3KR50;J3KT38;J3QRL5;J3QLF6",-0.896357977030103,27.4105613573646,-1.8356518819671,0.0664369251509842,0.188801163673026,-5.04555607894321
"P52566;F5H6Q0;F5H3P3;B2R4F3;F5H2R5;H0YGX7",-0.895949300075841,28.0377818603798,-1.83481495225885,0.0665608892889184,0.188801163673026,-5.04706948658722
"P09972;A0A024QZ64;B7Z1N6;B7Z1Y2;B7Z3K9;B7Z3K7;A8MVZ9;B7Z1Z9;B7Z1L5;J3KSV6;J3QKP5;K7EKH5;C9J8F3;J3QKK1;B7Z1H6",-0.891387182030073,28.7849140346805,-1.82547218877476,0.06795769616742,0.192354834914562,-5.06391701298787
"B7SBB1;D2CVN5;O00170;A5JGZ4;D0EKE5;D5LTB3;D0EKE6;D0EKE4;C8CK05;C0JXB8;C0JXB9;C8CHN4;C8CK04;A0A804HKH9;A0A804HJ38;V9GYQ3;A0A804HIX8;A0A804HKL7;A0A804HKK3;E9PMH2;A0A804HKP8;A0A804HJ46;A7KS92;D0EKE7;A7KS94;A3RDS1;A7KS93;A7YDK1;E5L4L0;A7YDK7;B3TMT2",0.88850691818779,25.2512623982772,1.8195736952285,0.0688519132802248,0.19447390304943,-5.07450930007247
"Q6ZS17;A0A0A0MTL6;B4DZD8;H3BMG9;H3BSV5;Q05CS9;H3BSX9;H3BP86;H3BQI5",0.884279663584991,24.6389523003404,1.81091669873153,0.0701818116017497,0.197812025949235,-5.0899931220193
"Q15075;A8K7J3;Q05D76",-0.882794328981209,25.2885568992895,-1.80787488136541,0.0706540753091162,0.198723883395746,-5.0954161561907
"Q15181;V9HWB5;Q5SQT6",-0.880239587100974,29.122506270592,-1.80264302438353,0.0714724541736267,0.200603358773036,-5.10472232661609
"Q5STZ8;Q8NE71;Q2L6I2;A0A1U9X609;Q59F96;H0YGW7;B4DNU2;A0A0G2JJB9;A0PJ72;A0A0G2JIC2;F5GYK6",0.878767325326177,25.6025592879012,1.79962797886945,0.0719475925785653,0.20151359263095,-5.11007309176268
"P22626;A0A7I2V323;A0A7I2V4N1;A0A7I2V3P1;A0A7I2V3P7;A0A384NL58;A0A7I2V4S4;A0A024RA28;A0A7I2V4I6;I6L957;A0A087WUI2;A0A7I2V4N0;A0A7I2YQN4",-0.875122072290964,27.1296733068745,-1.79216286362999,0.0731351558245977,0.20441123050557,-5.12328279892223
"P27635;X1WI28;X5D2T3;B8A6G2;X5D2W5;A6QRI9",-0.872972911974191,27.8362123324369,-1.78776159730423,0.073842800732191,0.205958208305234,-5.13104521908878
"P12429;D6RA82;D6RFG5;D6RCA8;D6RFJ9;D6RAZ8",-0.870518310425521,29.5828579909782,-1.7827348177499,0.074657855459218,0.207797697694823,-5.13988749528144
"Q9UQ80;A8K6Y1;Q6PIN5;Q05D08;F8VR77;F8W0A3;H0YIN7;F8VZ69",-0.867821030047867,28.156936170732,-1.77721105611859,0.0755619528646259,0.209876858684283,-5.14957526838787
"P62424;Q9BY74;Q5T8U2;Q5T8U3",-0.867269927022196,28.0640695958493,-1.77608245199819,0.0757477714302552,0.20995647848718,-5.15155095632754
"P29353;B4DL02;X6R6D0;Q5T182;Q59HB0;Q5T181;H0Y539;Q8NFT0;Q8NFT1;Q5T188;Q6S5L8;P98077;Q5T187",-0.865370640403846,25.1892104159763,-1.77219290212558,0.0763910240614766,0.211301052062387,-5.15835022643062
"P46782;M0R0F0;Q53G25;M0R0R2;M0QZN2;Q59EK8",-0.862373387944096,27.5059455083573,-1.76605482753991,0.0774151943085384,0.213691528091337,-5.16904978924909
"P68036;A8K4W8;A0A1B0GUS4;A0A8Q3WL22",-0.861760322124809,26.828829900514,-1.76479932978814,0.0776260529131073,0.213831766375075,-5.17123373252174
"P63218;A0A804HLA8",0.858470247095422,30.3531847390974,1.75806158373771,0.0787656514733267,0.216524506930791,-5.18292753543703
"P0DP25;P0DP24;P0DP23;B4DJ51;Q9BRL5;B2RDW0;E7EMB3;A8K1M2;Q96HY3;G3V361;A0A590UJI2;M0QZ52;A0A590UJC0;F8WBR5;G3V226;G3V479",-0.85210162542964,32.225749295318,-1.74501928072272,0.0810102523680727,0.221645994197543,-5.20543621836691
"Q9Y281;Q549N0;F8WDN3;G3V2U0",0.852010159455421,27.6359274495602,1.74483196751526,0.0810428636745031,0.221645994197543,-5.20575826662269
"P09960;A0A140VK27;B4DVZ8;Q59ES1;Q49AK0;B4DEH5",-0.851775955146817,28.2394452496245,-1.74435234041217,0.0811264155408672,0.221645994197543,-5.20658273359359
"Q15942;Q96AF9;Q28617;H0Y2Y8;B4DQR8;B4DY85;Q9BUS0;C9JJK5;H7C3D3;C9IZ41;H7C3R3",0.850463003567199,26.8630988497112,1.74166354631448,0.0815961038742721,0.222325555731565,-5.21120050619831
"O00410;H0Y8C6;B4E0R6;B3KWG6;E7ETV3;E7EX05;E7EQT5;E7EV12;E7EWK4;E7ESZ1;E7ETV8;C9JZD8;C9JQT6;Q9BVS9;H0Y3V4;C9J875;C9JXE0;C9JZ53;F8WF30;C9J583",0.850151201418189,26.6440054324355,1.74102500656106,0.0817079699582323,0.222325555731565,-5.2122960965866
"Q08380;A0A0S2Z3Y1;B4DVE1;B3KP88;B4DDG4;B4DWA8;B4DI70;K7EP36;K7ESM3;K7EKQ5;K7ERZ6;K7EJD3;K7ES75;K7EN99;K7EJY8;K7EQT9",0.845378320999107,29.5608402071304,1.73125062272312,0.0834359317686905,0.22625453722273,-5.22901659491176
"P63104;D0PNI1;E7EX29;B0AZS6;E7ESK7;B7Z2E6;H0YB80;E9PD24;E7EVZ2;E5RIR4;Q2F831;E5RGE1;Q6LD62",-0.845228539016531,32.6820264010585,-1.73094388413737,0.0834906338703638,0.22625453722273,-5.22953979222934
"Q9NR19;Q68CU9;Q6DKJ3;Q96FY7;Q4G0E8;B3KUV2;Q9H9U4;F8WCJ4;C9IYL0;B4DEH9;C9JY31",-0.842980629422456,25.9771132081679,-1.72634038912466,0.0843150911486199,0.228026238410033,-5.23738073713765
"Q15257;A0A804CD06;B4DZF8;A6PVN5;F6WIT2;Q5T949;B4DLX5;Q68CR8;A6PVN8;A6PVN6;A6PVN7;C9IZ76;B7ZBQ0;B7ZBP9;H0Y6E5;A0A6Q8PH23;B7ZBP7;B4DDQ6",-0.839988212083092,26.7797243075596,-1.72021221638409,0.0854228198335811,0.23055532787407,-5.247786203392
"P13611;Q59FG9;E9PF17;D6RGZ6;Q86W61;B7Z3R6;A0A1B1PFX2;B7Z638",0.839018021921774,27.3086325793683,1.71822536354055,0.0857844789824157,0.231064645001023,-5.25115188075533
"P21283;A0A024R9I0;E7EV59;B7Z593",-0.837550948172257,25.2909960402625,-1.71522094258564,0.0863337116776152,0.232076134409042,-5.2562339043529
"P04080;Q76LA1;A0A1W2PQG6;A0A1W2PS52",-0.835552191189954,29.2444708480964,-1.71112768731244,0.0870865597931256,0.233011588953267,-5.26314339470928
"P49184;Q5TZW2;A6QRJ0;E7ESG1;Q5HY40;E7EUJ0",-0.835473354038331,25.8086811468828,-1.71096623667614,0.0871163627423045,0.233011588953267,-5.26341558794038
"Q13188;A0A384MR07;A0A087WZ06;E5RFQ9;E5RIM6;Q8NBU1",-0.835239181415567,25.3161398600994,-1.71048667446249,0.087204935985504,0.233011588953267,-5.26422394113372
"Q13393;Q59EA4;H7C0L3;C9IY79;F8WBV7",-0.834111064916929,25.7959462110004,-1.70817640420566,0.0876326527885299,0.233428558069019,-5.26811497242507
"Q9Y678;Q8WUI6;B3KW21;H0Y8X7;H0Y8G2;D6RG17",-0.833857802627364,26.7493113784876,-1.70765774825527,0.087728907527827,0.233428558069019,-5.26898778657036
"P84090;G3V279",-0.833119997491345,25.7771764793652,-1.70614679680377,0.0880098036205636,0.233428558069019,-5.27152896287639
"P24752;A0A140VJX1;A0A5F9ZHL1;A0A5F9ZHJ0;A0A5F9ZHD4;A0A5F9ZHJ7;A0A5F9ZI66;A0A5F9ZHH9;A0A5F9ZHL7;H0YEL7;E9PRQ6",0.832988678384702,25.1088318613821,1.70587786834948,0.08805987519969,0.233428558069019,-5.27198102128567
"Q86VP6;A8K8U1;A0A0C4DGH5;B3KMG3;H0YH27;B3KM30;O75155;F5H6I6;A0A384MDT0;A0A3B3ISC4;F8WBB8",-0.830153607410605,28.0084419797542,-1.70007192529718,0.0891464922822206,0.235841017206033,-5.28172321247724
"P20338;Q53GC2;A0A0A1HAV9;A0A087WYT5",-0.829108731422533,25.4347396448149,-1.69793212331731,0.0895496831612057,0.236048240213208,-5.28530535706776
"P00492;Q6LET3;A0A140VJL3;Q9NRG1;A0A0H3YEQ7",0.829035006836076,27.1976498771727,1.69778114270538,0.0895781869671381,0.236048240213208,-5.28555793640967
"P53992;B4DSN3;G5EA31;B7ZAY6",-0.826895687163244,26.0373685435915,-1.69340002903852,0.0904084894731883,0.237767208535787,-5.29287743190974
"Q8WVM8;A0A7I2V3B4;A0A7I2V5I2;A0A7I2V4B8;Q53GW1;A0A7I2V5Z4;A0A7I2V3G4;A0A7I2V4U2;A0A7I2V590;A0A7I2V4R0;A0A7I2V362;B7Z738;A0A7I2V320;G3V2M8;A0A7I2V2U5;B7Z5N7;A0A7I2YQR2;A0A7I2V448;A0A7I2V3C9;H0YIZ7;G3V5E2;A0A7I2V534;A0A7I2V5H5;J3KNG4;H0YJY1;A0A7I2V5R9;G3V5F3;A0A7I2V4B9;A0A7I2V414;A0A7I2V3Y3;G3V4I1;A0A7I2V321;H0YJS6;G3V363;A0A7I2YQQ1;G3V3K9;A0A7I2V5L2",-0.822851596153054,25.1078894800058,-1.68511813334067,0.0919949751156901,0.24146421759246,-5.30666226936602
"Q05397;A0A8Q3WLM4;E7ESA6;Q658W2;H0YBP1;Q59GM6;Q59GN8;A0A059VC25;H0YBZ1;B4DH13;H0YB16;Q8N9D7;I6L996;E9PEI4;B4DWJ1;E5RHD8;H0YB99;E5RI03;E5RJI4;E5RJP0;E5RIK4;E5RGA6;E5RI29;E5RFW9;E5RI72;E5RG66;E5RH01;E5RH48;E5RG54;E5RH08",0.821847409914515,25.4187146813415,1.68306165991615,0.092392361675808,0.242031755291921,-5.31007470133904
"P62906;Q1JQ76",-0.820572453560391,27.7190848893825,-1.68045067625689,0.0928988852994323,0.242214171540391,-5.31440126216284
"Q9NY33;Q5JPB8;G3V1D3;G3V180;Q53HL4;Q53GT4;B4E357;E9PQ14;E9PPK9;E9PKK8;E9PNX5;E9PQF2",-0.820333547194597,27.7937470487803,-1.67996141980888,0.0929940472530729,0.242214171540391,-5.31521124297738
"P62701;Q96IR1;B2R491;Q53HV1;P22090;Q8TD47;C9JEH7;A4FU11;Q496E4;B7Z1M6;Q53HI6",-0.820303827624439,28.3088276904688,-1.67990055708853,0.0930058907187279,0.242214171540391,-5.31531198680139
"A6NLN1;P26599;A0A7I2V621;A0A0U1RRM4;A0A7I2V4H6;Q59H49;A0A6Q8PEX4;K7ES59;K7EKJ7;A0A0D9SF20;K7EK45;K7ELW5;A0A087WUW5;A0A087WU68",-0.818453765868888,27.7092476137755,-1.67611181483336,0.093745540684318,0.243665452051068,-5.32157616710462
"Q6ZUX7",-0.817119807234914,27.5364605681114,-1.67338000038013,0.094281775940348,0.24440658984477,-5.32608408247445
"P00367;E9KL48;B4DMF5;B4DMG8;B4E0N9;Q53GW3;B3KT18;A0A804HKE0;A0A804HJD7;A0A140VK14;Q59FQ4;P49448;Q14400;Q9BSD0;A0A804HJZ0;Q9UQV0;A0A804HIA0;A0A804HHS2;A0A804HHU3;A0A804HLC0",-0.816835064064424,25.0841074145731,-1.67279687472031,0.0943965571556147,0.24440658984477,-5.32704537746883
"P50502;B4E0U6;A0A140VKA6;Q0IJ56;Q1XBU6;B7ZA40;Q8NFI4;H7C3I1;Q3KNR6;Q8IZP2;F6VDH7;Q1XBU7;F8WAQ7",-0.815083272906406,28.6258411429878,-1.66920938086358,0.0951051785384572,0.245765026165143,-5.33295206584922
"P51151;Q9NP90;A0A1B0GUI0",-0.81436279653062,26.4160617885907,-1.66773391698752,0.0953978542855073,0.246045431130189,-5.33537768740267
"O14980;A0A7I2V461;A0A7I2V2Y6;A0A7I2YQV4;A0A7I2V3W6;A0A7I2V2H0;A0A7I2V2S3;A0A7I2V3P3;A0A7I2V3N0;A0A7I2V6B9;A0A7I2V488;B7ZB16;B4DR01;A0A7I2V4A3;A0A7I2YQX3;B3KWD0;C9JKM9;C9J673;A0A7I2V2C5;A0A7I2V3J1;A0A7I2YQP1;F8WF71;A0A7P0Z4B7;C9IYM2",-0.812620026309659,26.500797336966,-1.66416489711162,0.0961087950407613,0.247197840752885,-5.341236187012
"A0A384MDZ8",-0.812361229850705,26.9363011387949,-1.66363490773338,0.0962147284367517,0.247197840752885,-5.34210508740282
"P35270;B4DSF0;Q9UEC5",-0.810123459364409,25.4461303809727,-1.6590521766038,0.0971346193453751,0.249082248455703,-5.34960678331953
"B2RDX5;P26639;Q53GX7;Q5M7Z9;B3KTN2;D6R9F8;D6RCA5;D6RDJ6;D6RBR8;D6RJ97;D6RHV7;D6RCS6",0.808595739280854,28.1336527824595,1.65592355799566,0.0977666562632988,0.250222706451661,-5.3547162857799
"P35613;B4DY23;A0A7P0TA85;Q54A51;B4DNE1;A0A7P0TB04;A0A087WUV8;I3L192;A0A7P0T8A7;R4GMX5;A8MZ77;A0A346RCR1;A0A346RCP0;R4GN83;A0A2R8YDZ0",0.8021999915082,31.1324889435166,1.64282570341488,0.100448416788629,0.256594808469614,-5.37600233711405
"P08708;H3BNC9;H0YN88;A0A075B716;H0YN73;A0A0J9YYC4;A4D1Q6",-0.801014441149032,26.8812453983784,-1.64039781433068,0.100951906032176,0.257117495597555,-5.37992946394316
"O95248;A0A8I5KUE4;A0A8I5KU87;A0A8I5KXX8;A0A8J8YTQ8;A0A8I5KXN1;A0A8I5KR05;A0A8I5KTI7;A0A8I5KVF2;A0A8I5KTN1;A0A8I5KYG9;A0A8I5KY61;A0A8I5KT60;A0A8I5KXH4;Q59EX9;Q68CX1;A0A8I5KRX8;A0A8I5KS68;A0A8I5KUL5;A0A8I5KXX9;A0A8I5KZ29;A0A8I5KT25;H0Y5W8;A0A8I5QKN6;Q86TK5;A0A8I5KS97;A0A8I5QKT8;A0A8I5KVL6;A0A8I5KNQ5;A0A8I5KPS7;A0A8I5KX98;A0A8I5KWB4;A0A8I5KYT4;A0A8I5KUS0;A0A8I5QJN2;A0A8I5KW56;Q6PGN5;A0A8I5KWI8",-0.80050772695699,24.5062813855722,-1.63936011412152,0.101167714085352,0.257117495597555,-5.38160617925247
"O00478;A8K6Q7;Q53FI5;Q53FK5;C9JUV8;C9JQT8;A0A089GIA6;C9J877;C9JZT5;Q59F79;C9J3Q8;E9PJE9;C9JNZ3;C9JVU4;E9PRX1;Q7KYR6;E7EPR2;P78409;E9PFB8",0.80036072330957,26.6146151838606,1.63905906528952,0.101230391230774,0.257117495597555,-5.38209241520002
"P07947;J3QRU1;B2RA70",-0.798701124845003,28.5842930997145,-1.63566037288887,0.101940133127794,0.258428876392282,-5.38757558371084
"P47756;B2R7T8;A0A384MR50;B1AK88;B4DWA6;B1AK87;B1AK85;Q7L4N0;A0A6I8PRV6;A0A6I8PIN8",-0.797457429406531,29.1425382276862,-1.63311340847205,0.102474602744864,0.258820796004448,-5.39167718440788
"O60664;A0A140VJN8;K7ERZ3;K7EL96;K7ER39",0.797439819543769,28.1065063222432,1.63307734522662,0.102482186441881,0.258820796004448,-5.39173521432996
"Q9NVD7;E9PS97;B7Z952;Q9HBI1;A0A087WZB5",0.795903785514763,26.3200989632775,1.62993170048605,0.103145400488647,0.25956325027388,-5.39679198881196
"P36578;Q59GY2;B4DMJ6;Q53G74;H3BM89;B4DFI6;B4DMJ2;H3BTP7;H3BU31;B4DP82",-0.795859124000032,28.1470168899457,-1.62984023815106,0.10316473495167,0.25956325027388,-5.39693887303022
"P61106;A0A994J451;X6RFL8;A0A994J4B9;A0A994J774",0.795118840195652,28.5148657410909,1.62832421063357,0.103485631973131,0.259881211120495,-5.39937234147867
"Q01970",-0.793858337023732,28.2713944399511,-1.62574282565229,0.104033858237803,0.260367228272325,-5.40351066947696
"P61313;B4DLP4;A0A2R8YEM3;E7EQV9;E7EX53;A0A2R8Y738;E7ENU7;E7ERA2;B4DEN1;A4D1Q5",-0.793777862302104,28.5856899869391,-1.62557802143568,0.104068937048968,0.260367228272325,-5.40377465115349
"P54920;M0R0Y2;M0R2M1;M0R058;M0R0I4;M0R213;M0R027;Q9H115;B4DIV0;A0A087WZQ7;M0QZM9;M0QZN5;M0R031",-0.789867654991788,27.2490383428135,-1.61757030622367,0.105784742139046,0.264165262612647,-5.41656908479391
"O00471;F8W9B8;B4E0U7;B4DHG4;Q658M3;G3V377",-0.783163287287653,25.3467199627899,-1.6038404287541,0.108778777934696,0.271135162911854,-5.43835914337743
"P61020;Q6FI54;F8VUA5",-0.781738027809094,27.9917883679966,-1.60092163926246,0.109423830400697,0.272235078985719,-5.44296748005542
"P54709;C9JA36;C9JXZ1;Q58I18;H7C547;F8WBY4;C9J6S2;H7C4L9",-0.780472701578461,29.1672126356971,-1.59833037713719,0.10999903039025,0.272743720140835,-5.44705166532359
"Q9BR76;Q9NSK3;A0A087WW53;F5H390;Q59F81;B4DIU2;F5H0D2",-0.780368003672443,27.5233364233956,-1.59811596625097,0.110046731464492,0.272743720140835,-5.44738930998342
"Q9H993;F5GZY1",-0.779668717289177,25.0716994010975,-1.5966838973696,0.110365750407624,0.272743720140835,-5.4496433062883
"P36873;Q9UPN1;F8VYE8;F8VR82;F8W0W8;A0A087WYY5;B4DNE3;F8WE71;F8W1A0;C4TNW5;C4TNW6;F8W0V8",0.779495524832768,26.8954821467248,1.59632921646454,0.110444874697748,0.272743720140835,-5.45020124198064
"Q04206;Q2TAM5;E9PKH5;B4E082;A0A087X0W8;Q96F54;E9PKV4;Q96CP1;E9PMD5;E9PI38;E9PQS6;E9PM47;E9PNK5;E9PNV4",0.777731211607957,25.444114907587,1.5927160786619,0.111253470352446,0.274065514224605,-5.45587787538029
"P52907;A8K0T9",-0.777433441763499,29.7066922876852,-1.59210627567093,0.111390399868234,0.274065514224605,-5.45683467368668
"P39023;Q8TBW1;Q96QL0;Q9NY85;G5E9G0;B3KS36;B5MCW2;Q9BT63;H7C422;Q49AJ9;H7C3M2;B4DN06;F8WCR1;Q92901;B2R7Y3",-0.775917597140079,28.0825750343414,-1.58900197682264,0.112089524591198,0.27527868539309,-5.46169972703475
"P53680;M0R0N4;X6R390;M0QYZ2;M0R1S0;M0QZ21",-0.774965069113694,26.262352069462,-1.58705129427274,0.112530609144551,0.275854851040588,-5.46475197639866
"P63172",-0.773220686080318,24.9668756820519,-1.58347897151761,0.11334192280349,0.277267351692788,-5.47033189968355
"Q9NZD2;F5H0U5;H0YFS9;F5GZ49;E7CEM8;I3P687",-0.77283508359902,26.2322452160548,-1.58268929603234,0.113521887257451,0.277267351692788,-5.47156366588344
"O60684;B4DWX3;B4DII5;O15131;Q5TFJ7;A0A8V8TLL2;A0A8V8TL88;A0A8V8TMV2;G1UI19;S4R3E5",-0.772183964682139,25.9503280176141,-1.58135586932584,0.11382628172362,0.277285311419933,-5.47364220144006
"Q15417;E9PDU6;Q9BWY6",0.7719318032931,27.1040795271389,1.58083946791009,0.113944338300556,0.277285311419933,-5.47444669348315
"P61353;E4W6B6;B2R4D8;K7ELC7;K7EQQ9;Q6LCU2;K7ERY7",-0.767570424473174,28.1550898946478,-1.57190779837189,0.116001536153776,0.281778276911718,-5.48831959933337
"P49458;Q6P2S0;Q659G3;E9PE20;Q8WVW9",-0.76680894190002,26.3699963286348,-1.57034835788682,0.116363691443747,0.282144994135836,-5.49073370361034
"A0A7I2YQN2;O60506;B2R8Z8;A0A7I2V4Z0;Q59GL1;A0AA34QW03;A0A7I2V5Q6;Q05CK9;A0A7I2V346;B7Z645;A0A7I2V309;A0A7I2V2F2;A0A7I2YQV8;F6UXX1;A0A7I2V4J0;B7Z213;A0A7I2V2F0;H0YAA0",-0.762737482173232,27.0758672390434,-1.56201041378262,0.1183151424166,0.286356938892351,-5.50360066842411
"Q00610;K7EJJ5;A0A8V8TQ14;A0A087WVQ6;A0A8V8TR47;A0A8V8TRF0;A0A8V8TQK1;A0A8V8TRE8;A0A8V8TQK3;A0A8V8TQ18;J3KRF5;J3KS13;A0A8V8TQK7;A4FU99;J3QL20;B7Z2Y4;A0A087WXH4;A0A087WV74;B7Z1Z7;F5H5N6;Q9H3B0",0.761852571397888,30.9458996553754,1.56019820462985,0.118742657227426,0.286760849279457,-5.50638817482013
"Q92542;A0A8V8TNV7;A0A8V8TNI9;A0A8V8TNI3;A0A8V8TPR8;B4DR82;Q5T209;A0A8V8TNU8;B4DJN0;A0A8V8TNV3;A0A8V8TNC8;A0A8V8TPQ8;H0Y3Z4;H0Y6T7;Q5T205;A0A8V8TQ51;Q5T210;A0A2R8YCK1",-0.761504164452379,28.8024555136256,-1.55948470189812,0.118911310255104,0.286760849279457,-5.50748478362442
"P56537;B7ZBH1;A0A0U1RQV5;F8WD20;B4DJH0;A0A0B4J1Y7;F8WDS6",0.758308955460635,27.9704933143562,1.55294123204648,0.120466783540504,0.289988509567771,-5.51751829080893
"P35611;E7EV99;E7ENY0;A0A804HL01;Q4TT76;Q96D30;H0Y9H2;B4DPW4;D6RF25;Q16155;P35612;D6RJE2;H0YFD8;H0YG19;D6RAH3;Q05DK5",0.757815547982435,26.5265442475569,1.55193078266226,0.120708394805682,0.290047509820846,-5.51906391498188
"O60884;T2DN57;A0A087WT48;T2DPK5;I3L320",-0.757167495999202,27.2033795753617,-1.55060363673048,0.121026308279523,0.290289313934368,-5.52109244259186
"P21291;B4DY28;A0A384P5K2;Q9BTA4;B4E2T4;E9PS42;Q59EQ5;B3KVC9;Q6ZMS3;E9PND2;E9PP21;Q6AI18;Q6AWD1",-0.75435139310347,28.2690435379738,-1.54483653841392,0.122415413297098,0.293094968037497,-5.52988723119608
"P63244;E9KL35;J3KPE3;D6RAC2;H0YAF8;D6REE5;H0Y8W2;H0YAM7;D6RHH4;D6R9L0;D6R9Z1;D6RFX4;B4DVD2;D6RBD0;D6RFZ9;E9PD14;D6RAU2;H0Y8R5;D6RF23;B4E0C3;B4DWC6;D6RGK8;D6R909;D6RHJ5;H0Y9P0;D6RDI0;I3QNU9",-0.750952541738449,28.3180128875153,-1.53787602925953,0.12410853153211,0.296211420514394,-5.54045831891902
"Q9NRV9;F5GWX2;A0A3B3IRV5;H0YG71",0.750848840267196,27.4361254272119,1.5376636589725,0.124160475664716,0.296211420514394,-5.54078010016175
"P61513;C9J4Z3;M0R0A1;Q6P4E4;E9PEL3;M0R2L6;G5E9R3;A6NKH3",-0.748588742799488,27.0719581145599,-1.5330352044082,0.125296778935598,0.297807600785783,-5.54778204794739
"P08590;P05976;Q53R15",-0.748509949909458,27.8983212291674,-1.53287384441524,0.125336539180848,0.297807600785783,-5.5480257733342
"O00764;V9HWC3;F2Z2Y4;G1UI32;A8MV33",-0.747857180389971,26.3529633243195,-1.53153703743896,0.125666316250701,0.297807600785783,-5.55004396000721
"P21399;V9HWB7;Q9HBB2;Q59FI0;Q7Z2Y2",0.747748725444414,26.6221613172547,1.53131493250987,0.125721172786813,0.297807600785783,-5.55037910276508
"O95433;G3V438;H0YJG7;H0YJ63;G3V3W9;H0YJU2",0.742700943356056,26.28921166338,1.52097757742663,0.128295046239718,0.303366693409316,-5.56592376250515
"Q9Y3I0;B4DNA0;B4DNG5;B4DXF1",-0.737352932929895,26.3235562843704,-1.51002538460286,0.131066508292797,0.309372535475578,-5.58227810456339
"P62847;E7ETK0;A0A2R8Y849;A0A2R8YD14;A0A2R8Y8A0",-0.736034017402901,26.2983726571836,-1.5073243769348,0.131757087435611,0.310454089619005,-5.58629321141224
"Q7KYR7;Q8WVV5;H7BYC3;C9IY66;C9JNC3;C9JAJ6;H7C542",0.734215898061155,26.6117084787767,1.50360104956244,0.132713667143237,0.311559553872779,-5.59181623448005
"P25325;A0A140VJX3;Q2VEU1;B1AH49;Q59HD5;Q2VEU0",-0.73362261086751,24.3698832385157,-1.50238605646652,0.133026978634823,0.311559553872779,-5.59361554681955
"P13639;Q8TA90;B4DPU3;Q6PK56;B4DRE8;B4DMC6;Q6W6M8",-0.733567938807088,29.6763447541928,-1.50227409353075,0.133055879423307,0.311559553872779,-5.59378128221522
"Q96RT1;A0A8V8TPC7;A0A8V8TN23;A0A8V8TML4;A0A8V8TML6;A0A8V8TP09;A0A8V8TML0;A0A8V8TP04;A0A8V8TPD2;Q1RMC9;H0YA04;A0A8V8TN18;V9HW13;B4DIP2;A0A8V8TP15;A0A8V8TN29;A0A8V8TMM1;B1AKT2",0.733372823957517,27.1686744865038,1.50187451774742,0.133159060824369,0.311559553872779,-5.59437266163547
"P46108;L7RT18;A0A0S2Z3Q4;A0A0S2Z3K9;I3L297",-0.730425522971686,26.670873116859,-1.49583873880642,0.134725209325173,0.314672866535718,-5.60328658813507
"Q15084;A0A384NPU5",0.729976647008669,26.5243562654849,1.49491948553105,0.134964979290488,0.314682744035065,-5.60464103548086
"Q99961;Q6FGM0;Q9UQD4;M0QYE0;M0R0I3;Q99962;M0R2K6;B7Z7W3;Q3V639;Q8IZ09;B7Z7M7;B7Z1K6",-0.729146451454959,27.276832809092,-1.49321932770391,0.135409302477078,0.31516869008602,-5.60714389020815
"P62280;M0QZC5;M0R1H5",-0.727156423322644,27.8466226207533,-1.4891439482463,0.136478972543064,0.316009132513599,-5.61313178594636
"Q9HAV0;A0A6Q8PFE0;A0A6Q8PFV8;A8K3F6;A0A7I2S2S9;H7C5J5;A0A6Q8PFW8;A0A6Q8PG88;C9JD14;B4DLV5",0.72655879119559,30.5490907114108,1.48792005715941,0.136801479021523,0.316009132513599,-5.61492683606462
"P22102;Q3B7A7;Q59HH3;Q15374;F8WD69;B4DJ93;C9JBJ1;C9JTV6;C9JZG2;C9JKQ7;O14660;H7C366;Q71VH3;A0A140TA71",0.726396445040226,27.6008119261587,1.48758758839887,0.136889189071693,0.316009132513599,-5.61541420466967
"P12081;A0A6Q8PF47;E7ETE2;A0A6Q8PHA5;B4DDD8;A0A6Q8PFF2;B3KWE1;A0A6Q8PF07;B4E1C5;A0A6Q8PHE3;Q52NV4;B4DEA2;A0A6Q8PFN6;A0A6Q8PFG9;A0A6Q8PHQ0;A0A2R8Y5P7;B2R7G6;A0A2R8Y3N3;A0A2R8Y6I1;P49590;D6RJE6;A0A2R8Y5E8;D6RF05;A0A2R8Y4X6;D6RB22;A0A2R8YCI2;B4DDN8;B4DSY5;B4DQ67;A0A2R8YFR1",-0.725860791745291,26.968674927081,-1.48649062378861,0.137178891935017,0.316009132513599,-5.61702148132548
"Q96RS6;A0A7I2V457;E5RGX7",0.725770871498945,25.1826142811178,1.48630647607792,0.137227570751727,0.316009132513599,-5.61729117901604
"Q9NUP9;Q53FX5;G3V1D4;O14910;H0YIA8;H0YI92;Q9HAP6;J3KN23",-0.725509250806379,29.2244540720379,-1.48577070295046,0.137369276325813,0.316009132513599,-5.61807566763055
"Q9H0W9;A0A087WT99;A8K718;E9PPB5;E9PJU8;E9PQS1;A0A024R3B0;A0A1W2PRB8;E9PR95;E9PSC3;E9PLC5;E9PLB3;E9PIP1",0.72540434960797,25.2897921640565,1.48555587574168,0.137426127238324,0.316009132513599,-5.61839014203864
"O14617;A0A8V8TQW4;Q6PK82;A0A2R8Y4J3;B3KSV6;B0AZV8;A0A087WYN6;K7ELX8;Q9UEA9;K7ERW8",-0.724477775275584,25.4533067820699,-1.48365834377274,0.137929069901704,0.316620682798412,-5.62116586595881
"Q9Y3L5;A0A087X2C3",-0.721523055876236,27.3665564175912,-1.47760737265954,0.13954236522792,0.319774613969984,-5.62999357668033
"O94979;A0A1S5UZ19;D6REX3;D6RHZ5;H7BXG7;H0YAB3;H0Y8V7;H0Y9K1;H0Y8W8;H0Y9T9;D6RE64;D6RCQ9;H0YAF5;D6RBT0;D6RHE8;H0Y9V3",-0.720315359864962,29.002136073353,-1.47513413148497,0.14020594176455,0.320363478238562,-5.63359138093845
"P62495;B7Z7P8;I3L492;D6RJE8;D6RCB3",-0.720182812769334,26.9361323004017,-1.47486268823152,0.140278918240688,0.320363478238562,-5.63398588023635
"P25398",-0.718089075931264,28.0108460803451,-1.47057492367134,0.141435547415524,0.322285745714392,-5.64020782846974
"P18433;B7Z4Q5;Q59EV9;A0A1S5UZ22;B7Z2A4;B7Z4F4;Q5JWG0",0.71778687582502,27.3824704504736,1.46995604794538,0.141603093364033,0.322285745714392,-5.6411043791443
"P41252;Q59G75;A0A804HJN6;A0A804HL54;A0A0A0MSX9;A0A804HHW9;Q7Z3U5;A0A804HJ36;J3KR24;Q7Z355;A0A804HIV9;Q6P0M4;A0A804HK69;A0A804HKU1;B4DVX2;Q7L4K8;A0A804HIG2;Q9P1N9;A0A804HKW6;A0A0D9SFC1",-0.714827518958913,26.6670535628572,-1.46389557976203,0.143251890548179,0.325483887367972,-5.64986409375326
"Q8IX04;B7ZA76;B4DIA9;B4DWH4;A8MYV4",-0.711213787904075,24.1484928964289,-1.45649501839958,0.145285200796793,0.329543341705459,-5.66051168180974
"Q13620;A0A7P0T8P8;A0A7P0T954;K4DI93;A0A669KAX4;A0A7P0T9L3;A0A7P0T9C8;A0A7P0TAQ3;A0A804CL36;A0A7P0T9D0;A0A669KBG9;A0A7P0T9P5;A0A7P0TAF9;A0A7P0T9R8;A0A7P0Z4G9;A0A7P0T8W4;A0A7P0Z439;A0A7P0Z4E4",0.708487202616908,25.3435431435262,1.45091124323163,0.146833924232687,0.332491733516728,-5.66850964275788
"Q9P0V9;E7EW69;A8K7M3;E7EX04;B5ME97;Q9H9P7;Q59H84;B7Z371;Q9NSH2;B7Z277;F5H1F2;Q9Y3S8;F5GYV2;C9JEW2;C9JNR7;C9JEQ7",0.707761878076422,25.6971924622427,1.44942585079702,0.147248033676073,0.332865267328653,-5.67063208225775
"Q00341;A0A024R4E5;B2R5V9;H0Y394;Q6ZS03;B4DKR8;Q96CF6;Q6ZN49;Q2HJC8;H7C2D1;C9JIZ1;C9J5E5;C9JZI8;H7BZC3;C9JES8;C9JHZ8;C9JK79;C9JHS7;C9JT62;C9JHN6;C9JEJ8;C9JBS3;C9JQ82;C9JMQ6",-0.70702044365116,25.1234937237198,-1.44790746692254,0.147672263125713,0.333260377594516,-5.67279941543038
"Q16787;B0YJ32;A0A0A0MSA0;A0A0A6YYF2;A0A0A0MTS5;A0A3B3ITG1;Q59HA6;K7EIP4;Q99533;O14637;K7ERM0;Q14732",-0.704791814468379,27.2397259598549,-1.44334345627231,0.148953051579766,0.335583940827264,-5.67930038403165
"Q9ULT0;G5E9G4;B3KPK7;H7C055;Q6P0M3;A0A8V8TMV0;H0Y3V7",-0.703542210736227,25.5039284941478,-1.44078439225836,0.149674897772836,0.336642531017692,-5.68293652986173
"P62244;B2R4W8;I3L3P7;A8K7H3;I3L246;H3BV27;H3BT37;I3L303;H3BVC7",-0.702401553902217,28.3585962147519,-1.4384484406434,0.150336137157091,0.337561477717434,-5.68625002443626
"P05023;B7Z3V1;B7Z1N5;A0A0A0MT26;M0R116;P13637;A0A2R8YEY8;B7Z9V4;Q53ES0;B7Z1Q9;A0A0S2Z3W6;B3KRI1;B1AKY9;P50993;B7Z3F8;B2RAQ4;B3KX35;H0Y7C1;B4DIQ8;B3KV59;B3KSY7;B3KNQ8;Q13733;Q5TC01;Q5TC02;A0A2H4Y9T5;Q58I23;E9PRA5;Q5TC05;B4DHD7;B4E0R9;Q658V6;B4DRW5;A0A669K9X0;A0A384MR29;Q53FM3;P20648;A0A0S2Z3D3;M0QXF2;Q58I22;Q58I21",0.699819938658784,31.8498502536494,1.4331615496896,0.151840924844075,0.340343738749393,-5.69372950509111
"Q9Y4D1;A8K6X5;B3KMP4",-0.699403486919216,25.0049270687311,-1.43230869799522,0.152084739545949,0.340343738749393,-5.69493347339857
"P08238;B4DMA2;B4DGL0;Q6PK50;Q9H6X9;A8K3W9;Q58FF7;O14942;Q58FG1;Q58FF4",0.693224665841434,31.3878414956934,1.41965508768503,0.155737284357031,0.347819575984673,-5.71271234104371
"Q13907;A0A8Q3WKR8;C9JD53;Q9BXS1",-0.692256980768271,25.4039512691866,-1.41767336501258,0.156315301600558,0.347819575984673,-5.7154824581302
"P36871;B4DFP1;A0A3B3ITK7;B7Z6C2;B4DDQ8;Q9H1D2",0.69211360212525,28.1958431301652,1.41737973982863,0.156401082726444,0.347819575984673,-5.71589256791855
"O43396;V9HW51;Q59G46;K7ER96;B2R960;K7EML9;K7EKG2;K7EPB7;K7EME7",-0.692003899082874,26.8890525624723,-1.41715507892154,0.156466740394303,0.347819575984673,-5.71620629711635
"Q16643;A0A2Z6ATB6;D6R9W4;B3KSQ7;D6RFI1;D6RCR4;B7Z2Z0;D6R9Q9",0.684064734180911,25.9845984276663,1.40089645974595,0.161274070205272,0.357910561120007,-5.73877872245007
"P32969;Q53Z07;D6RAN4;A0A2R8Y5Y7;H0Y9V9;B4E1M5;B4DLV8;H0Y9R4;Q2NKY6",-0.682090017913072,28.0035059994082,-1.39685243746211,0.162486951641704,0.360004257700359,-5.74435273456216
"Q9H3M7;B4DVM7;B1ALI9;B4DVR8",0.681054978922159,26.7574169443159,1.39473278067289,0.163125421221901,0.360522658600295,-5.74726789238134
"P42356;B4DYG5;Q4LE69;A8MTF1;B4DQC6;B4DSG9;A4QPH2;B3KTM4;B4E041;B4DLU8;Q8N8J0;C9JLI1",-0.680836172579667,26.9316888406702,-1.39428468707115,0.163260635069744,0.360522658600295,-5.74788358736023
"P62633;A0A0S2Z4Q3;A0A0S2Z4K2;Q6T598",0.67840939038344,25.8442161088752,1.3893148787805,0.164765963826262,0.362859372183787,-5.75469899805071
"O95757;Q53ZP9;A0A140VKE7;E9PDE8;B4DZR0;B4DXT2;B3KNM0;D6RJ96",-0.678255127199378,24.9614968019449,-1.38899896314033,0.164862005176316,0.362859372183787,-5.75513141037632
"A0A994J6U9;A0A994J4E9;B4DUQ1;Q5T6W2;A0A994J6T5;A0A994J795;B3KU16;S4R457;S4R359",-0.677408938248366,27.8291776750689,-1.38726605242806,0.16538957641868,0.363421832393679,-5.75750159808533
"P05386;Q7Z612;Q6ICQ4;Q6FG99",-0.676845291229775,27.7659351586321,-1.38611175945922,0.165741696432008,0.363597547509299,-5.75907873981088
"Q96KP4;B4DV28;B4DPF1;Q9NW02;J3QKT2;Q9H7K8;A0A087WYZ1;J3KSV5;J3QRA8;Q9NUV1;J3QL02;J3QRD0;J3QKQ0;J3QLU1;J3QR27;J3QQN6;A0A087WVS2;J3KRD5;J3QRH4;J3KSS4;J3QRP4;J3KRJ8",-0.676276186514791,28.2509358430989,-1.38494628967163,0.166097797965714,0.36378140669212,-5.76066982076935
"Q9NQW7;Q5T6H7;B3KSI7;B4E2P4;Q5T6H2;B4DIS4;Q5T6H3",-0.674896356744725,26.7216464424368,-1.38212053569931,0.166963577125515,0.36507911463124,-5.76452193918645
"P54136;B4DXW6;E5RJM9;E5RH09;E5RI24",-0.668504156454539,27.1673369415943,-1.36902994600939,0.171018683260601,0.373334903327064,-5.78226461802355
"Q06323;A0A384NQ35;A0A0K0K1L8;Q6FHU3;Q86SZ9;H0YLU2;H0YKK6",-0.663983550075745,28.1338632821428,-1.35977219428573,0.173930707312262,0.379072471401602,-5.79471042930693
"P62249;M0R210;M0R3H0;M0R1M5;M0QX76;Q6IPX4;B4DP32",-0.660632791930222,28.0859906735293,-1.35291017525598,0.176112945443756,0.383203412235926,-5.80388100284393
"P43686;A8K2M0",-0.658017352596492,26.5027752256206,-1.3475540159333,0.177830433025239,0.386311314669462,-5.81100686709253
"Q9UGI8;B2RDR4;A4D0U5;Q53GU1;E0X098;F8W7T0;B7Z6L5;Q9Y423;B7Z5L5;H7BYK1;F8WDI4",0.656713649161645,26.9641593507718,1.34488416111521,0.178691182935004,0.387551007144748,-5.81454830001741
"Q15262;Q86WJ2;Q68DT8;Q5TG12;E9PGC5;H0Y6P5;H0Y6V4;A0A0G2JQF6;Q59EZ1;B4DHC3",0.654917105494683,26.0406130505919,1.3412050185764,0.179882396706608,0.389502239870387,-5.81941699621725
"P31942;Q53F48;B4DHY1",-0.654081605768823,24.831247448284,-1.33949399833286,0.180438388483988,0.390022326448931,-5.82167668608216
"Q6NX51;Q96A65;B7Z321;B7Z689;B7Z502;B3KTF7;Q8TAR2;B7Z4J9;Q6PJ82",-0.653562678453842,26.5321994782192,-1.33843128686405,0.180784356051717,0.390022326448931,-5.82307872302851
"P40763;A0A7I2YQR5;A0A7I2V3V0;A0A7I2V5N9;A0A7I2V444;A0A7I2V4C8;B5BTZ6;A0A7I2V4R2;A0A7I2YQI1;G8JLH9;A0A7I2V2G1;B4DVR6;A0A7I2V395;A0A7I2YQD2;A0A7I2V4R3;A0A7I2V552;B7ZA24;B4DNP0;A0A7I2V2T1;A0A7I2V4F6;Q9BXH2",-0.652856604826809,26.1236433566037,-1.33698531838328,0.181255884466626,0.390022326448931,-5.82498460446226
"Q9UHD9;B4DZF1;B4DM19",-0.652487942184326,25.3217057077838,-1.33623033400112,0.18150244639083,0.390022326448931,-5.82597890482528
"P00338;V9HWB9;B4DJI1;F5GXY2;F5GYU2;F5GXH2;F5H5J4;F5H6W8;F5GZQ4;F5GWW2;F5H8H6;F5GXC7;F5GXU1;P07864;Q96L19;G3XAP5;F5H155;F5H245;A0A140VKA7;D6NKH9;G9BCY7;G9BCY8;Q6ZMR3;F5H5G7",-0.651987717181356,32.8165777676886,-1.33520592300502,0.181837395266562,0.390022326448931,-5.82732713698531
"P06748;A0A7I2V5S2;A0A0S2Z4G7;A0A0S2Z491;A0A7I2YQC0;A0A140VJQ2;A4ZU86;A0A7I2V4G8;A0A7I2V433;A0A7I2V2X9;A0A7I2V5J8;Q9BTI9;E5RI98;A0A7I2V3U2;Q9NX34;A0A7I2V579;A0A7I2V3G5;E5RGW4;V9HVU7",-0.651932817713469,27.4738455861994,-1.33509349436141,0.181874183665931,0.390022326448931,-5.82747504188696
"Q9UNH7;A8K885;A0A0A0MRI2;B4DJS7;Q5QTQ6;G3V5X9;G3V2U1;H0YJF8;G3V4Z5",-0.650114779415667,26.1756098720987,-1.33137033295897,0.183095581456461,0.392012334656782,-5.83236599157122
"Q9P0V3;A8K594;B4E2S1;C9JED2;C9JF25",-0.649632107473863,26.5852322220656,-1.33038186888429,0.183420869965773,0.392080451638837,-5.83366219792663
"P61081;A0A024R4T4;M0QYI6;M0QX69",0.648375331241379,27.1758442670923,1.32780811630386,0.184269861597728,0.393266030502498,-5.83703272986939
"P31943;G8JLB6;A0A384MEJ3;E9PCY7;H0YBD7;A0A9L9PY23;E5RGV0;D6RBM0;Q68DG4;D6RIU0;E7EN40;D6RIT2;D6RDU3;D6RFM3;B4DP51;D6RAM1;E7EQJ0;D6R9D3;D6RDL0;D6RF17;E5RJ94",-0.646465195749926,27.1496095257416,-1.32389634901941,0.185565784328428,0.394891615403704,-5.84214299890905
"Q15907;M0R2D0",0.646381522985514,27.6745612301673,1.32372499552963,0.185622705444256,0.394891615403704,-5.84236650762427
"Q5W0Z9;B4DRN8;B4DIW0;A0A8V8TR49",0.644997329977283,25.8223591571762,1.32089030608001,0.186566222203007,0.396267842389854,-5.84605979948185
"P18124;A8MUD9;C9JIJ5;C9JZ88",-0.644176087461226,28.3502120541574,-1.31920848318249,0.18712768369372,0.396829500658428,-5.84824728946878
"O00203;A0A8Q3WKJ9;A0A8Q3WKK0;A8K586;A0A0S2Z5J4;A0A8Q3WL34;A0A8Q3SIS1;A0A8Q3SHS3;A0A8Q3SHR2;A0A8Q3WKN2;A0A8Q3SI03;A0A8Q3SHP3;Q3MNE1;A0A8Q3SHW6;A0A8Q3WKF8;A0A8Q3SHU2;A0A0S2Z4Z4;B4E0B2;A0A8Q3WKI5;A0A8Q3SIM7;A0A8Q3SHS6;A0A590UK04;A0A5F9UJV3;A0A590UJ60;A0A2R8Y2A8;A0A590UKC4;H0YBD0;Q13367;Q68CN5;A0A590UJE5;A0A590UJU0;A0A590UJU7;A0A590UKD3;B3KUS4;A0A590UK64",-0.642898199081529,29.4933263966676,-1.31659149502681,0.188003821999209,0.398055635801812,-5.85164557480849
"Q53HT6;P51572;Q53G72;A0A2R8Y5M6;C9JMD7;C9JSP1;C9JQ75;C9J0M4;C9JM14",0.639998286844239,26.0347859288831,1.31065276352407,0.190003266227814,0.401652474177784,-5.85933227207637
"A0A994J6S4;A0A994J4R6;Q93008;A0A994J4T3;A0A994J583;O00507;A0A994J7K1;A0A994J766;B4DGX9;Q6P468;Q59EZ5;Q86X58;A0A994J4T8;A0A994J588",0.637998458322535,27.5702298334195,1.30655731384487,0.191391215321117,0.403947335970003,-5.86461290297775
"P23458;A0A8V8TPQ9;A0A5F9ZHN8;A0A0A0N0M2;A0A5F9ZI39;A0A5F9ZHW0;A0A5F9ZH07;Q4LDX3;A0A8V8TMY8;A0A8V8TN56;Q6P669;A0A5F9ZI01;Q0VGA4;Q8IV82;B4DYV1;O60674;Q8IXP2;A8K910;Q506Q0;A0A8V8TN11",0.633989311979771,26.337330836658,1.29834698134628,0.194196143091195,0.409220894589648,-5.87514944617572
"P48643;V9HW37;Q9BU08;B7ZAR1;E9PCA1;B4DZT5;B4DXI1;B4DDU6;E7ENZ3;B4DYC8;B4DE30;B4DX08;Q96GI1;B4DZY9;Q9HB74;H0Y914;D6RIZ7",-0.632854377552338,27.8822137352714,-1.29602274865018,0.194995632970817,0.41025852858112,-5.87812013463932
"A0A6B7FWW8",-0.631693182263199,27.8632014126703,-1.29364473632423,0.195816118097049,0.410890578002847,-5.88115405195159
"Q9H0U4;Q6FIG4;E9PLD0;Q92928;Q9H1C9;Q92927",0.631157815026096,29.454851061,1.29254835753192,0.196195252643625,0.410890578002847,-5.88255095803505
"P62753;Q96DV6;A2A3R6;A2A3R5;A2A3R7;Q9BZU1",-0.631124724574207,28.7978947054908,-1.29248059158144,0.19621870416603,0.410890578002847,-5.88263726037676
"P60660;F8W1R7;G3V1V0;J3KND3;G3V1Y7;B7Z6Z4;F8VPF3",-0.630155860561235,30.3508768561404,-1.29049645455767,0.196906258225076,0.411685071969798,-5.88516212351966
"Q9C0H2;H7C3T6;Q69YH1",-0.628500073347581,25.4808544507247,-1.28710556721938,0.19808536834485,0.413094011295953,-5.88946813178588
"P18077;C9K025;F8WBS5;F8WB72",-0.628341517294974,27.4461518956565,-1.28678086021189,0.198198548832864,0.413094011295953,-5.88987987521376
"Q92930;H0YNE9;B4DMS1;H0YMN7;B3KTE3;H0YLJ8;H0YL94",-0.627235140838039,28.0994347874155,-1.2845151113957,0.198989619411136,0.414096778089217,-5.89275005740886
"Q15008;B3KT66;C9J7B7;C9J0E9;H7C531",-0.625603796811486,26.7224912907044,-1.28117428127066,0.200160253989854,0.415641201293533,-5.89697289235255
"P60842;A8K088;A8K7F6;J3KT12;Q59F68;J3QS69;B4DNH2;J3QL43;J3KSZ0;J3QR64;J3KTN0;B4DKP9;J3QLN6;B4E047;J3KS25;J3QKZ9;J3QL52;B4E102;J3KS93;Q86WD0;J3QQP0",0.624780849463093,28.8603642370235,1.27948896704627,0.200752696757838,0.415641201293533,-5.89909896935365
"O76094;V9HWK0;Q86X80;A0PJJ5;Q0D2M6;Q71V07;D6RDY6;R4GNC1;O15302",-0.624748779287007,25.4037044464575,-1.27942329051904,0.200775810075045,0.415641201293533,-5.89918176570715
"P62269;A0A0G2JQH2;Q5GGW2;J3JS69",-0.624470833939803,28.6094679424394,-1.27885408612442,0.200976209607502,0.415641201293533,-5.89989916593385
"P29218;A0A140VJL8;H0YBL1;E5RG13;E5RIP7;E5RG94;E5RHE9;E5RI82;E5RIF4;E5RGY4",-0.623782835191889,25.9359012069052,-1.27744513319628,0.201472886749334,0.416024384385024,-5.90167357523859
"P62834;A8KAH9;Q5U0C3;F5H4H0;F5GYH7;F8WBC0",-0.623036820234216,29.1395916633166,-1.27591736884752,0.202012457779576,0.41649482036036,-5.90359540308712
"P09651;A0A024RB53;A0A7I2V3R8;F8W6I7;A0A2R8Y4L2;Q6IPF2;A0A7I2V3W0;A0A7I2V2L6;Q0VAC0;Q9BSM5;F8VZ49;A0A7I2YQX9;F8VTQ5;B4DP35;B4E0B5;F8W646;Q32P51;H0YH80;A0A7I2V5U9;A0A7I2YQ85;A0A7I2V2Z4;F8VYN5;A0A7I2V3W4;A0A7I2V3C7;A0A7I2YQV3;A0A7I2V4M0;Q3MI39;A0A7I2V5T1;A0A7I2V334;A0A7I2V5H0;A0A7I2YQY2",-0.622549580605451,27.4751031016415,-1.27491955060478,0.202365432377045,0.416579688221468,-5.90484935178458
"Q9BZF9;H0YNH8;B7ZKM6;F5H2B9;B7ZKM7;Q05DB3;Q8NDD7;H0YN48;H0YMI1",0.621872615913055,24.2681829124257,1.27353319432362,0.202856596725033,0.416948328037914,-5.90658994414994
"P26640;A0A1U9X9D5;A0A1U9X9C8;A0A1U9X9C7;A0A1U9X9C4;A0A1U9X9A1;A0A024RCN6;A0A1U9X9C1;A0A1U9X9A3;A0A140T936;B4DT32;A0A140T954;A2ABF4;A0A0G2JJT9;A0A140T904;H0Y426",-0.621363227131116,26.8073969866975,-1.27249001682068,0.203226750398368,0.417067493905099,-5.90789842148996
"P84085;A4D0Z3;C9J1Z8;B4DLJ3;F5H1V1;F5H6T5;F8WDB3",-0.620870039136026,27.4421188467304,-1.27148001691601,0.203585600012123,0.417163131313184,-5.90916426190925
"P53621;A0A3B3IT15;A0A3B3IS84;A0A3B3ISC6;A0A3B3IU89;A0A3B3ITV3;A0A3B3ISK1;A0A3B3ITI7;A0A3B3IU78;A0A3B3IS23;A0A3B3ITX2",-0.619927395524414,27.2837019759416,-1.26954957666332,0.204272762118244,0.417930184058153,-5.9115809005901
"Q15631;E9PGT1;Q53GR3;B3KRM8;H7C1D4;B7Z5D9;A0A0J9YVW2",-0.618070249069184,26.0842360609119,-1.26574632564866,0.205631507030293,0.419686862274907,-5.91633129073343
"P61764;A0A0D9SG72;A0A1B0GTP9;A0A2R8Y5D4;A0A1B0GVQ5;A0A1B0GWF2;B7Z1V5;B7Z2V7;Q59GC9;B7Z3F4;A0A994J7L2;A0A1B0GW76;A0A0D9SFW6;A0A0D9SFQ7;A0A0D9SEH5;A0A0D9SEP9;A0A096LP52;A0A1B0GVV9;A0A1B0GTD8",0.617895560353968,25.3960583846682,1.26538858055456,0.20575965178897,0.419686862274907,-5.91677739318997
"P09543;B4DI06;B4DFN6;K7ERC4;C9K0L8;K7ERZ0;K7EN66",-0.617037519216545,29.517613974626,-1.2636313977447,0.206389919525594,0.420330689765538,-5.91896674140255
"Q9Y6I3;B4DU91",-0.615957363862396,26.3387011359466,-1.26141934713605,0.207185331607561,0.420783161272566,-5.92171850299049
"P21281;A0A140VK65;B4DFM5;Q59HF3;B4DQI9;H0YC04;H0YC45;E5RGH6",-0.615880515910231,26.325653316806,-1.26126197018216,0.20724200607586,0.420783161272566,-5.92191409412274
"Q96QK1;Q53FR4;Q5HYM2;I3L4S0;A0A3B3ITD4",-0.608539051343548,28.0449619434636,-1.24622738177712,0.212708243303004,0.431226423448882,-5.94048684679566
"Q9Y265;B5BUB1;A0A384MTR5;E7ETR0;B3KRS7;H7C4G5;J3QLR1;H7C4I3",-0.607983844113409,27.2620452066372,-1.24509037265464,0.213125830138508,0.431418347068253,-5.9418823752853
"P49902;A8K6K2;A0A384MED8;A0A6Q8PHP0;A0A6Q8PHB5;B3KXN5;Q5JUV6;A0A6Q8PFH2;A0A6Q8PG36;H0YHR8;A0A6Q8PF50;S4R3E7;A0A6Q8PEZ2;S4R3A6",-0.604596837862189,26.1368269809403,-1.23815412111384,0.215686114719053,0.43594046787391,-5.95036811976518
"P08865;C9J9K3;A0A8V8TMX1;A0A0C4DG17;A0A8V8TLA4;A0A8I5KQE6;Q96RS2;F8WD59;A0A8V8TMP3;A0A8V8TMZ8",-0.603030905471265,29.3613710216273,-1.2349472475052,0.216877285116592,0.437685880537412,-5.95427535353813
"P12814;A0A024R694;A0A804HII9;A0A804HIN7;A0A804HK61;A0A804HJU8;A0A804HKE2;A0A7I2V4Y4;A0A804HLF4;A0A804HLD0;A0A804HL31;H9KV75;B7Z565;Q86TX4;B4DFY0;B3KUX9;A0A804HJQ9;B7Z2W3;G3V2N5;A1L0V1;B4DRP5;G3V2W4;H0YJW3;H7C5W8;A0A494C1A0;A0A804HJN7;P35609;A0A804HI95;H0YJ11;Q08043;B2R8Y4;A0A804HIY0;B7Z2N5;A0A804HKG0;G3V2X9;A0A494C033;A0A494C166;B7Z4V1;G3V5M4;A0A087WSZ2;B4DZQ2;A0A494C0Q3;Q5ZEZ4;G3V2E8;G3V380;A0A494C031",0.60163202525435,29.1457776061027,1.23208248011468,0.217945379493251,0.439178019612342,-5.9577571981227
"P55010;Q6IBU0;H0YLZ1;Q32Q19;Q05DF3;H0YN40;H0YMJ8;H0YM54;H0YK11;H0YK29;B4DEN3",0.600916543096567,25.8645972367915,1.23061724389979,0.218493134791567,0.439618716990262,-5.95953492378099
"E5RI56;P63208;E5RJR5;E7ERH2;F8W8N3;E5RGM3;E5RHM3;E5RGM4",-0.599569087187433,27.1597699382704,-1.22785778837103,0.219527397784584,0.441035493895043,-5.96287714226147
"P55036;Q5VWC4;A6PVX3;H0Y3Y9",-0.598415788748429,27.239204417617,-1.22549594800782,0.220415419575321,0.442154655484427,-5.96573181512413
"Q8N9N7;A0A3B3ISV5;H3BSW0",-0.596113717681529,27.0822859560271,-1.22078153569191,0.222195677326064,0.445057608557154,-5.97141352319156
"P39019;B0ZBD0;Q8WVX7;M0R2L9;M0QYF7;M0R140;A0A075B6E2",-0.595078987595034,27.9082328824759,-1.21866251150819,0.222999209787841,0.445337892852963,-5.97396019164938
"Q9HAB8;Q5VVM3",-0.595075035043767,25.9289331682482,-1.21865441707677,0.223002283172629,0.445337892852963,-5.9739699111508
"P08174;H3BLV0;B1AP13;A0A8Q3WKT6;A0A8Q3SI94;B2R658;A0A172WBW8;A0A8Q3WLV2;A0A8Q3SI51;B1AP15;B4DUF2;Q8TD12;Q8TD11;Q8TD13;B4DPY4;A0A2R8YEC5;Q8TD14;A0A2R8YDY3;A0A7G9ZDP2",-0.59352951004723,30.5106814027025,-1.21548933577976,0.224206361318402,0.447074177196098,-5.97776547871962
"Q8N4C8;Q59FL0;A0A590UJE1;I3L2I2;Q9HBM9",-0.592088736717198,27.0878418632981,-1.21253877546509,0.225333009839747,0.448651119442477,-5.98129490278217
"H9NIM5;O76081;B3KSW4",-0.591110797302441,25.418133431075,-1.21053605292215,0.226100034088412,0.449508401104344,-5.98368564773285
"Q5JSH3;Q8N397;H7BY83;B7Z947",0.590338256212494,25.0127185743318,1.20895396569584,0.226707275077486,0.450045942798695,-5.98557146624083
"Q99959;B8QGS9;B4DR79",0.589009270745542,26.8153774508573,1.20623233579346,0.227754618873454,0.451454259369339,-5.98880982782901
"Q99536;B3KUF8;K7ERT7;K7ESA3;K7ENX2;K7EM19;K7EJM4;K7ER81",0.5880721270584,29.4484526396475,1.20431315883843,0.228495231142703,0.452251301935779,-5.99108899398514
"Q9H832;B4DL66;I3L286;D6RB11;I3L4C5;H0Y9X8",0.586773682305051,26.6434877633155,1.20165407327642,0.229524207185812,0.453615888757759,-5.99424085932897
"P61247;Q6NXR8;D6RG13;A8K4W0;D6RAT0;B7Z3M5;D6RB09;E9PFI5;H0Y9Y4;H0Y8L7;D6R9B6;D6RAS7;D6RED7;D6RI02;D6RGE0;A4D1I1",-0.584002928098489,29.0003319679046,-1.19597984455968,0.231730956463813,0.457300676271277,-6.00094333653743
"P12955;A0A494C165;K7ES25;A0A8V8TLL9;A0A140VJR2;J3K000;A0A8V8TLR1;A0A8V8TNF2;A0A8V8TLP4;A0A8V8TN48;A0A8V8TLP2;A0A494C194;A0A8V8TLN7;A0A8V8TLR6;A0A8V8TM86;A0A8V8TN70;V9GYL0;A0A8V8TNH5;V9GYE4;A0A8V8TM81",0.583383045947958,26.1670104627025,1.19471038764025,0.232226713365485,0.457603081203965,-6.00243849391837
"P62277;J3KMX5;E9PS50",-0.582567036339817,27.8529759203093,-1.19303928121707,0.232880472378586,0.458215480261842,-6.00440429032486
"Q9BSQ5;A0A0A0MT72;C9JUH3;A0A3B3IRS0;E9PEC4;B7Z8D5;B7Z5A6;Q6P456;B7Z8J6",-0.581549638860775,26.1892169123922,-1.19095575248751,0.233697403908859,0.458854024295981,-6.00685138332344
"P51178;A8K8F9;A0A384MR47;Q59EE9;B3KXR5",-0.5813077760534,26.4836208494,-1.19046044154154,0.233891909090991,0.458854024295981,-6.00743249401123
"Q07020;Q0QEW2;H0YHA7;J3QQ67;G3V203;F8VUA6;F8VYV2;B4DDY5;A0A075B7A0",-0.576145427504727,28.3636853303862,-1.17988846575555,0.238070838305018,0.466367507295461,-6.01977814717921
"Q9Y6M5",0.575541000304145,27.3542881418696,1.17865065903469,0.238563549617682,0.466648466016431,-6.02121642093592
"Q86YQ8;E7ENV7;Q8N7E6;Q9HCH3;A0A0J9YWA1;A0A0J9YWU8",-0.573372845024036,26.1921437946762,-1.17421049291544,0.240336886419653,0.469429941895697,-6.02636326668451
"P62070;E9PK85;E9PQ87",0.570746392412548,29.3077425033045,1.16883177949656,0.242497481919862,0.472448121954604,-6.03257201656042
"Q5VT25;B9EGA7;A0A0A0MRJ0;A0A0A0MRJ1;Q8IWQ7;H0Y5V1;Q5HYB0;H0Y7V8;A0A8I5QJM2;H0Y6R0;Q9NYF6;Q9H5K7",-0.570635045517744,26.6448007573586,-1.16860375214338,0.242589379985672,0.472448121954604,-6.03283460295644
"P53004;A0A140VJF4;C9J1E1",-0.569825914618477,27.6192457093927,-1.16694673263102,0.243257916680735,0.473060519192813,-6.03474121581074
"Q9UBQ7;A0A384N605;Q5M7Z5;U3KQ56",-0.568412947127459,27.4329309341872,-1.16405311590589,0.244428470680407,0.474645983763115,-6.03806420467662
"Q13155;B2R7M3;A8MU58",-0.567143744244994,25.2580047248158,-1.16145391478368,0.245483291730722,0.476002435054055,-6.04104205714368
"Q9NZL4;K7EN20;K7EL16;K7ERT9;K7EKM6;K7EMM7",0.564807636231823,24.9351542487147,1.15666979819104,0.247433145046125,0.479087944611048,-6.04650572134476
"Q14344;B4DWV9",0.563752006686954,29.7818321000287,1.15450797399763,0.248317783826728,0.479895612488216,-6.04896721862165
"P23396;Q53G83;E9PL09;E9PPU1;H0YEU2;H0YCJ7;Q9NQS8;F2Z2S8;H0YF32;A7E2S3;E9PK82;E9PJH4;E9PQ96;E9PSF4;E9PQX2;E9PJN9;H0YES8",-0.56345308768686,28.4004513297681,-1.15389581765034,0.248568685510363,0.479895612488216,-6.04966339578132
"P62888;E5RI99;A0A0B4J213;E5RJH3;A0A0C4DH44",-0.56281198901857,28.0489996554222,-1.15258291141519,0.249107398196979,0.480067277673189,-6.05115525828806
"O43488;H3BLU7;V9HWA2;Q8NHP1;B4DZX4;H7C5H7",0.562492384284155,26.9110709839368,1.1519283927438,0.249376265497899,0.480067277673189,-6.0518983570158
"P06733;A0A024R4F1;A0A2R8Y6G6;E2DRY6;K7EM90;A0A2R8YEM5;A0A2R8Y879;A4UCS8;A4QMW8;L0R849;K7ERS8;A0A2R8Y6I8;A0A2R8Y798;A0A2R8YEG5;E5RI09;E5RG95;K7EPM1;K7EKN2;E5RGZ4;L0R6S1;B4DUJ6",0.561782112098932,32.6294882707737,1.15047382603393,0.249974507713013,0.480526535690052,-6.05354826784771
"P26196;B2R858;Q8IV96",-0.558644769632984,26.2940572627872,-1.14404886106505,0.252628995288916,0.484266274299217,-6.06081114594811
"O00159;F5H6E2;B7Z3E5;A1L180;I3L501",-0.558626035306805,30.0197375640099,-1.14401049503051,0.252644905079756,0.484266274299217,-6.06085439333136
"P42330;A0A0A0MSS8;S4R3Z2;Q2XPP3;A6NHU4;B4DKT3;S4R3D5;P17516;B4E0M1;S4R3P0;A0A3B3IRI8",-0.55665123835271,26.6659007246146,-1.13996630750925,0.254325883729537,0.486698027646186,-6.06540499276319
"A0A7I2YQL2;A0A7I2V3T6;D6RDG3;H0Y9Y1;A0A3G0TEJ7",-0.556280700461841,26.0118599600697,-1.13920748280512,0.254642156680153,0.486698027646186,-6.06625704169849
"P30679;A8K5L4;A0A384ME65;B4DU35",-0.55263944734682,28.4110760552308,-1.13175055900393,0.257764710383389,0.491962361531726,-6.0745998919885
"P58546;Q69YG1;C9JL85",-0.551054432282474,27.8573151890433,-1.12850460598028,0.259132202657935,0.493866794223968,-6.07821436790593
"Q92783;B2RAY1;B4DZT2;A6NMU3;C9J1E5",0.549994886829783,26.8781236432287,1.12633476239758,0.26004913751317,0.494908330082044,-6.08062477097505
"Q9NQE9",-0.548842534480169,26.2171700665564,-1.12397485953124,0.261048934902171,0.495886651954103,-6.08324103783307
"P49588;A0A6Q8PGN5;H3BPK7;A0A6Q8PFY2;A0A6Q8PF33;A0A6Q8PGE8;A0A6Q8PGR9;A0A6Q8PGB5;A0A6Q8PFK3;A0A6Q8PHJ2;A0A6Q8PH44;A0A6Q8PHP7;A0A6Q8PHP3;A0A6Q8PF77;A0A6Q8PG28;A0A6Q8PG62;A0A6Q8PGI8;A0A6Q8PHN5",-0.548547266250992,26.4344004560128,-1.12337017959927,0.261305541149468,0.495886651954103,-6.08391052297952
"P62942;A0A087WZM5;F6T7Q3;A0A7I2V3S6;Q0VDC6;Q1JUQ3;Q5W0X3;Q1JUQ5;A0A087WTS4;A0A087WV48",0.546015039972044,29.6056861649945,1.11818443232682,0.263513363696144,0.499367168649713,-6.08963724769022
"Q96T51;A8K7B1;J3KPP6;H0YA47;H0YAC8;H0Y9Y8;B3KSL1",0.544937259437067,25.4725502752709,1.11597724511136,0.264456964108492,0.500445473157146,-6.09206664980311
"Q86X76;B7Z410;B2R8D1",-0.544244839309076,25.7909232888356,-1.11455923763708,0.265064407890169,0.500885500624138,-6.09362488670784
"P46781;A5D904;B5MCT8;C9JM19;B7Z732;F2Z3C0;A8MXK4",-0.542668383901766,28.5769433107273,-1.11133081393871,0.266450979158279,0.502794503044436,-6.09716518511652
"Q15208;B2R6F9;Q9UPD3",0.541938767200481,26.2357188819384,1.10983663158618,0.267094400300628,0.503060142636062,-6.09880023323119
"P04406;V9HVZ4;Q2TSD0;E7EUT5;Q0QET7;B4DRV9;A4UCT1;Q5ZEY3;Q16768;O14556;A0A0K0K1K1",-0.541655108578802,33.6030978160534,-1.10925572697434,0.267344836281141,0.503060142636062,-6.09943530943067
"Q16543;Q6FG59;K7EQA9;K7EKQ2;K7EL68;A1L0W4;K7EIU0;K7EJ06",0.53969501414856,27.7120632183411,1.10524164875792,0.269079773314587,0.505612626087606,-6.10381462897618
"P29597;A0A8V8TPJ0;H0YE24;A0A8V8TN50;B4E123;A0A8E7DA23;K7EM33;E9PM19;Q53HA9;H0YCT7;A0A8V8TPX5;A0A8V8TPH2;H0YE41;K7EJR6;A0A8V8TN89;A0A8V8TN55;A0A8V8TN95",0.539028174823052,25.4084183978604,1.10387602821991,0.269671770637839,0.5060133224328,-6.10530088807135
"Q7Z2W4;A8K9U6;C9J6P4;A0A7P0T8C6;A0A514C937;Q05DV5;H7C5K1",-0.53707115918322,27.0822659444111,-1.09986825505969,0.271414300044364,0.50856873051791,-6.10965209729124
"Q92499;A0A7I2V430;A0A7I2V4F0;A3RJH1;A0A087X2G1;A0A087WZ71;F1T0B3;A0A7I2YQ77;A0A7I2V2M5;B4DP70;A0A7I2V4J3;A0A7I2V421;A0A7I2V5X8;A0A7I2YQD0;A0A7I2V4Q0",-0.53585224299826,25.3045951339218,-1.09737203608667,0.272503514753627,0.509894531807907,-6.11235422498671
"O15127;Q6IBK3;A8K769;A0A140VK92;H3BV04;H3BN93;H3BUB6;H3BPL9;B3KU14",0.534828975512848,25.7241431265149,1.09527648616857,0.273420205988356,0.510894259021599,-6.11461789264534
"Q96HC4;H0Y8Y3;A0A0A0MSP3;Q4W5K9;A0A0D9SFR4;H0YBI4;H0Y929;D6RAA1;A0A0D9SFW3;D6RGG6;Q9P1D1",-0.533595404693564,26.9430602570621,-1.09275025596369,0.274528097147165,0.512247957805325,-6.11734104026015
"P23284;A0A7P0Z497;V9HWC6;A0A7P0TB45;A0A7P0T7U3",0.532993465620144,27.6576576915359,1.0915175446795,0.275069820709261,0.512542929522416,-6.11866755747381
"Q9UNM6;B4DJ66;B2RBM7;Q9Y6E3;J3KNQ3;Q53GN6;E9PL38;Q9UNM7;H0YD73;E9PQG3;E9PPD2",-0.531822496982215,26.9756787140218,-1.08911951750842,0.276125740137348,0.512924008587003,-6.12124377851822
"P18621;A0A087WXM6;J3QQT2;J3KRX5;A0A0A6YYL6;J3QLC8;A0A0A0MRF8;J3KRB3;A0A087WWH0;J3QS96;A0A087WY81;J3KSJ0;A4D1R6;A4D1R5",-0.531570027257157,26.9924082976348,-1.08860248465121,0.276353766206495,0.512924008587003,-6.12179848880152
"P31948;V9HW72;A8K690;H0YGI8;F5H783;F5GXD8",0.531106167057597,28.3135638573175,1.08765254515147,0.276773050929645,0.512924008587003,-6.12281696613784
"P62266;A8K517;D6RD47;D6RDJ2;D6RIX0;D6R9I7",-0.530615701588189,27.5607616840657,-1.0866481207083,0.27721685566835,0.512924008587003,-6.12389289239588
"P52565;J3QQX2;J3KTF8;V9HWE8;J3QW41;A0A0S2Z3D9;J3KRY1;J3KRE2;J3KS60",0.530558384497375,30.2232282484681,1.08653074101367,0.277268751489427,0.512924008587003,-6.12401856310979
"Q8N5J2;H0YJH5",-0.530217105690454,25.7153351393069,-1.08583183599999,0.277577887880541,0.512924008587003,-6.12476655364661
"Q02543;M0R3D6;M0R1A7;M0R117;B4DM74;B2R4C0;M0R0P7;Q53HD3;B4DM94;B4DUV3;Q32XH3;Q76N54",-0.527881862411778,27.6784892364081,-1.08104949029749,0.279699491151869,0.516130552733283,-6.12987185906872
"Q93052;B7ZLW0;A0A087WZF1;B7Z871;B7Z8W0;C9JUT4;C9JXK9;A2NHJ0;A0AA34QW10;C9JE51;C9J2R5;C9J5C8;C9J1K7;C9J3U9;C9JT42;C9JIY7;C9J4E3",0.527049393181709,26.4562797809404,1.07934467620756,0.280458460213128,0.516817245303088,-6.13168635357166
"D6R9P3;D6RD18;B4DMY3;D6RBZ0;Q53F64;Q99729",-0.525662641830515,27.3896936274875,-1.07650474752631,0.281725876783005,0.516987823691778,-6.13470263244844
"Q96DX4;B3KNH9;H3BQQ7;H3BSC7;H3BPL2",-0.525588604521008,25.1851585035794,-1.07635312648872,0.281793652031483,0.516987823691778,-6.13486344519113
"Q02878;Q8TBK5;Q8N5Z7;Q9HBB3;B4DRX3;B2R4K7;F8VZ45;U3KQR5;F8VR69;F8VZA3;F8VWR1;F8VU16",-0.525425640668288,27.9385045981174,-1.0760193927455,0.28194287140355,0.516987823691778,-6.13521733103709
"O15067;A8K9T9;A8K8N7;Q6P4B4;B4DJ26;Q9BR56;J3QSG0;J3QSH6;J3KTQ5;J3KTL4;H0YGH1",0.525255308622707,25.4439639844171,1.07567056967699,0.282098894813852,0.516987823691778,-6.13558710006101
"Q9Y230;B3KNL2;M0R0Y3;B4DW30;X6R2L4;M0QXI6;M0R0Z0;M0QXZ7",-0.524013196917398,26.7892261715481,-1.07312684858799,0.283238434249472,0.518365134462047,-6.13827994036574
"P20936;B4DTL8;E9PGC0;B4DTX4;Q59GK3;Q7Z4M2;Q05CU5",-0.522529481531144,25.644880005721,-1.07008834721814,0.284603708657485,0.520151237710534,-6.14148820992884
"Q9H3Z4;Q8TET0;Q6AHX3",0.520869757430553,28.3421206169023,1.06668939752743,0.286136210331115,0.521022818351948,-6.14506628726398
"Q9BSJ8;B3KY56;B3KMV5;F8VZB1",0.520857379399573,26.0303664189941,1.06666404855252,0.286147660460004,0.521022818351948,-6.14509292938827
"O60645;Q69YP2;D6RB59;Q6ZNJ2;H0Y995;B2RE06;D6RBR9",-0.520746155630135,26.6510551455844,-1.06643627334784,0.286250560381983,0.521022818351948,-6.14533229588387
"Q96FN4;B2RD40;A8K8A4;H3BPR8;H3BUC8",-0.518231485909471,24.6469583391602,-1.06128648015856,0.288583708456898,0.524554876868593,-6.15073051440917
"P30622;J3KP58;A0A3B3ITA2;F5H6A0;F5H0N7;Q59GJ4;Q6P5Z9;F5H1T5;Q86WU4;B3KXA5;F5H367;F5H270;A0A3B3ISJ8",-0.517166596601346,25.3480102404055,-1.05910569289205,0.289575581979769,0.525642632506754,-6.15300862671474
"P62820;Q5U0I6;E7END7;B7Z8M7;Q96RD8",0.516580046048507,28.2461911830413,1.0579044957657,0.290122894316819,0.525921556047857,-6.15426142995381
"Q9UBQ0;Q5JPE4;A0A384MR19;F8VXU5;E9RKB4;Q05DG7",-0.516060398124996,26.9455333130426,-1.05684030856237,0.290608360968643,0.52608776457196,-6.15537014932067
"P30050;Q59FI9;Q76P68",-0.515391039729803,28.4047966668476,-1.05546952922049,0.291234495529177,0.526507829535834,-6.15679664613913
"Q6NZI2;B4DPZ5;B4DNU9;B3KRY5",0.514694921567028,27.7036754636139,1.05404394853921,0.291886623481453,0.526973687798947,-6.15827820783296
"R4GMR5;P48556;B4E2Y4;K7EJR3;A0A8V8TPK1;V9HW09;A0A8V8TQ44;K7EJC1;Q5U0B3;A0A8V8TR48;K7ERW6;K7ENY6",-0.513437833248762,26.7113726394821,-1.05146955683817,0.293066756375659,0.528390265206317,-6.16094861996886
"Q07065;B3KVX6;Q8TB01;Q6NWZ1",0.512240952144612,25.4179459875448,1.0490184635165,0.294193340413532,0.529706607537034,-6.16348506637596
"O95297;Q9UEL4;Q5U0H8;A8K5D4",0.508222772182751,26.8241377464496,1.04078963106553,0.297996735946538,0.534498476265573,-6.17195715053966
"O00151;V9HW92",0.508114204775424,26.7408839085432,1.04056729582594,0.298099953871238,0.534498476265573,-6.17218513250873
"P45974;A0A140VJZ1;F5H571;Q92995;A0A7P0TB18;H7C5J3;A0A7P0TB69;A0A7P0TAP9;A0A0A6YZ17",-0.50777231365981,26.4225514404888,-1.03986713686503,0.298425154884501,0.534498476265573,-6.17290275545887
"P67936;V9HW56;B4DVY2;A0A2R8Y5V9;A0A2R8YGX3;B4DTB1;A0A2R8YE05;K7ENT6;A0A5F9UN72;K7EPB9;A0A590UJB9;A0A590UK79;A0A5F9UKJ4",0.507740962430756,28.3947183662284,1.03980293266973,0.298454987495597,0.534498476265573,-6.17296853691512
"P62263;A0A2R8Y811;E5RH77;A4D1M5",-0.506726975098463,28.5617785796398,-1.03772638758114,0.299420932396304,0.534865225740132,-6.17509390503543
"P30740;V9HWH1;B4E3A8;O75830;C9J7N5;B4DDY9",-0.506685516853636,29.4455328672052,-1.03764148522395,0.299460470698816,0.534865225740132,-6.17518071317971
"Q99497;V9HWC2;K7ELW0;K7EN27",0.505490836796152,29.1751551871619,1.03519489942668,0.300601321361712,0.536186068543722,-6.17767916574414
"Q9NP97;B4DFR2;B1AKR6;Q8TF09;A0A140VJH9;H3BNG9;H3BPA0;Q7Z4M1;A0A8V8TKK9;H3BQI1",0.504460291112675,26.607082262184,1.03308444448367,0.301587757292961,0.537228324991194,-6.17982962349276
"P55327;H0YC42;A5Y5A3;E5RFR7;H0YC44;E5RK35",-0.503684391386376,25.4041673465294,-1.03149547910455,0.30233186743938,0.537617971000196,-6.18144581108933
"P07339;A0A1B0GV23;A0A1B0GVD5;A0A1B0GWE8;V9HWI3;C9JH19;F8W787;A0A1B0GW44;A0A1B0GVP3;A0A1B0GU92;A0A1B0GU03;H7C469;F8WD96;A0A0S2Z3L4",-0.503393335700164,27.1034463080389,-1.03089942604111,0.302611313018074,0.537617971000196,-6.18205143412585
"P18206;A0A384NYN5;V9HWK2;B3KXA2;B4E3Q9;B4DKC9;B4DTM7;A0A7R6RQ50;A0A096LPE1",0.500815341098466,29.0446744613683,1.02561994980106,0.305093971397377,0.54130882574621,-6.18740039326324
"Q7L2H7;J3KNJ2;H0YCQ8;E9PN86;E9PRY0;E9PRI2;E7ESM3;B4DT09",-0.499470964721613,25.7291414819741,-1.02286680084776,0.306393978883613,0.542690635091075,-6.19017888111819
"O14494",0.499170321234971,24.6806038148846,1.02225111292374,0.306685201716888,0.542690635091075,-6.19079921374416
"O43760;K7ELD9;K7ENG9;K7ELS8;K7EJ35",0.498205606665973,26.4057366472227,1.02027547354804,0.307620925116238,0.543626396766262,-6.19278723501297
"Q3ZCM7;A0A075B736;Q5SQY0;A0A183YE00",0.497354155002174,30.7644795688614,1.01853178532402,0.308448357874913,0.544368568191391,-6.19453865636722
"P05388;A8K4Z4;Q53HW2;Q53HK9;F8VWS0;Q6NSF2;F8VU65;B4E3D5;F8VW21;Q8NHW5;F8VPE8;G3V210;F8VZS0;F8VRK7;F8VQY6;F8VWV4;F8VS58;Q3MHV2;F8W1K8",-0.495726524853762,28.9217869415829,-1.01519856085161,0.310034166839598,0.546445444456073,-6.19787832644556
"Q00796;V9HW89;A0A6I8PIS1;B4DKI2;H0YKB3;A0A6I8PRA7",-0.494619712690842,27.2692393791943,-1.01293191975295,0.311115610400575,0.547629058623409,-6.20014309739703
"P22059;B4DR25;H0YCV6;H7C368;H7C428;A0AAA9YHZ8",-0.493587482436411,26.1983690962462,-1.01081801497637,0.312126421676518,0.54868539389451,-6.20225069600313
"P00558;V9HWF4;B4E1H9;B4DHM5;B4DHB3;B4DWQ3;Q16444",0.491365021877321,31.9083204716655,1.00626663705322,0.314310105120597,0.551500782084703,-6.20677355093576
"P30101;V9HVY3;B3KQT9;A0A8I5KT88;B3KQT2;A0A8I5KNU9;A0A8I5KW33;A0A8I5KS72;A0A8I5KW00;A0A8I5QKQ5;A0A8I5KPY2;A0A8I5KXC9;A0A8I5KRV3;A0A8I5KYJ6;A0A8I5KXE2;A0A8I5KP58;A0A8I5QJM1;H7BZJ3;A0A8I5KTA1;A0A8I5QKT6",0.490216751835771,27.7413665189547,1.0039150943473,0.315442267745119,0.551500782084703,-6.20910235970029
"Q9NV70;A0PJ99",-0.490022098318384,26.3031029151075,-1.00351646332635,0.315634456005639,0.551500782084703,-6.20949659678432
"Q13308;B3KP36;Q9NSQ6;H0Y8F1;C9JQR6;Q59FV9;Q86X91;B7Z471;F8WDG7;C9J9E8;H7C5L0",0.489186823741758,26.7743693310182,1.00180590416602,0.316460024913263,0.551500782084703,-6.2111865237341
"P15880;Q8N5L9;Q3KQT6;Q6IPX5;Q8J014;E9PQD7;H0YEN5;E9PMM9;Q8NI61;E9PPT0;I3L404;Q9BSW5;E9PM36;O60249;H3BNG3;H0YE27;Q6ZNN8",-0.488654813994525,28.1697842262968,-1.00071640117864,0.316986590984619,0.551500782084703,-6.21226138254902
"P62913;Q5VVD0;Q5VVC8;Q08ES8",-0.488452193192987,28.4257823538369,-1.00030145395309,0.317187289559374,0.551500782084703,-6.21267044485649
"P13726;B2R6M5;Q86SE7;Q8NCW7;Q86WH3",0.487859052614226,30.4936352676706,0.999086761109859,0.317775282082594,0.551500782084703,-6.21386693530347
"P61221;D6R9I9;D6RGF4;H0Y990",0.487822534417806,26.3401135153018,0.999011975479895,0.317811506659203,0.551500782084703,-6.21394055274776
"Q13641",-0.487531525032026,26.5555373107811,-0.998416017235125,0.318100272941459,0.551500782084703,-6.21452700491987
"O14672;A0AV88;H0YNC5;B5MC71",-0.487505952711007,29.0715718933292,-0.998363647668048,0.318125656365895,0.551500782084703,-6.21457852241797
"P84095;Q6ICQ8",0.487361779275069,30.7538779808805,0.998068394827339,0.318268789661157,0.551500782084703,-6.21486892083937
"P12268;A0A384N6C2;A0A7I2V2T3;A0A994J749;E7ETK5;H0Y4R1;A0A7I2YQK5;B7Z1G4;Q6QE17;Q6RUP8;Q6RUP9",0.485850493886169,28.0580813850436,0.994973432837358,0.319771710625592,0.553387312688849,-6.21790782754747
"Q09666;Q6ZQN2;B4DTV0;Q8N274;Q13727;E9PKR9;E9PLK4;Q96EC4;E9PJZ0;E9PJC6;E9PQE3;P48552;A8K171",0.485397843766485,29.7886292131186,0.994046450464955,0.320222757562333,0.553450975554045,-6.21881618385252
"P30153;A0A994J3H1;A8K7B7;A0A994J3N8;B4DDF7;C9J9C1;B4DQY1;A8K3H8;B4DE69;Q8NB89;B3KQV6;B4E1Q0;A0A994J6A3;E9PH38;E9PHZ6;E9PPI5;M0R0K6;E9PNM7;M0QXG4",-0.484312740056886,28.8991625074113,-0.991824266117073,0.321305711254409,0.554605207023115,-6.22099026970987
"P46109",-0.482442825301959,26.1154563535459,-0.987994866896047,0.323177527695975,0.557068423409836,-6.22472536594902
"Q9BWD1;Q59GW6;A8K4W5",-0.482054946981993,26.6025306731247,-0.987200530719803,0.323566689046431,0.557068423409836,-6.22549833132694
"P32119;V9HW12;B4DF70;A6NIW5",-0.481067622457221,29.7953342732321,-0.98517858840607,0.324558657023687,0.558057098820651,-6.2274630699921
"P08195;F5GZS6;A0A7P0Z4A0;A0A7P0TAN7;A0A7P0Z4P5;A0A7P0T9F7;F5GZI0;F5H056;A0A7P0TAT7",0.479427898981157,29.9173358110427,0.981820598002821,0.326210462391835,0.560176321022483,-6.23071715778539
"P67870;N0E4C7;Q5SRQ6;Q5SRQ3;A0A1U9X7J2;N0E472;A0A7I2YQ78;N0E466;A0A0G2JM12;B4DUJ4;N0E6J1;N0E638;N0E650;A0A0G2JM58;N0E644;A0A7I2YQQ2;A0A7I2V500;N0E4D3;N0E469",-0.475352797405691,25.982617321544,-0.973475195755164,0.330339212969558,0.566538111074877,-6.23875621973395
"Q15599;Q6NTG0;H3BMF5",0.474378433188864,27.9958033716574,0.971479794861578,0.331331394361613,0.566750564837667,-6.2406682085725
"P30086;D9IAI1;A0A0K0K1J6;B4DRT4;V9HW05",-0.473858430439936,29.2778854895306,-0.970414881011131,0.331861693764095,0.566750564837667,-6.24168700117164
"Q9H4M9;B2R5U3;A0A024R571;B4DMV9;B4DR44;B4DTR4;B4DZH9;C9JC03;C9J2Z4;C9JIJ3;C9IZH1;C9JDQ8",0.473615600207953,29.5457250398894,0.96991758887589,0.332109520123144,0.566750564837667,-6.24216237293008
"B7Z9C0;I3L3Y6;I3L3F5",-0.473566202010673,28.3392675538019,-0.969816426286693,0.332159949302315,0.566750564837667,-6.24225904649922
"P13798;C9JIF9;H7C393;H7C1U0;C9JLK2;F8WEH5",-0.472840224943127,26.4033762220035,-0.968329697541643,0.332901648791745,0.567291585185933,-6.24367863963315
"Q9UJ70;A0A384N6G7;H7C3G9;C9JEV6;H7C286;H7C1L7;E9PPU6;H0YEB7;H0YC94;H0YF44;H0YE82;Q6ZMB4",-0.471658801029879,26.6937717872832,-0.965910259007787,0.334110943041788,0.568627031724622,-6.24598416857606
"Q8IYI6",-0.470683046814646,24.6686051768599,-0.963912011535874,0.335111849201377,0.569268279453256,-6.24788398755089
"Q9NP72;B7Z5V3;Q5W0J0;B7Z4P9;A0A8C8NLQ3;A0A804HIB9;Q59EW3;A0A804HJJ8;Q9BZT2;A0A804HLG5;A0A804HK95;A0A804HKH8;A0A804HKK5;A0A804HL88;A0A804HIY1;A0A804HIM2;A0A087X163;A0A804HJ83;A0A804HL33;A0A804HKV1;A0A804HLH7;A0A804HL37",0.470460968015633,26.4219591930114,0.963457216269029,0.335339922103078,0.569268279453256,-6.24831583115508
"P35606;H0Y938;H0YAC7;A0A7I2V258;B4E2C9;A0A7I2V3G0;A0A7I2YQF9;D6R997;D6RBT6;D6RBZ7;D6RCL6;D6RBG7",-0.46859875511544,27.2407389076484,-0.959643589679585,0.337256330796826,0.571794997391573,-6.25192897998988
"P11234;C9J6B1;C9JQB3;B4E364;C9JYR1;F8WEQ6",-0.467589995176404,30.5686136182055,-0.957577749771872,0.338297382730452,0.572063158263937,-6.25388023733947
"Q9Y224;Q5RLJ0;Q549M8;G3V4C6;H0YJB9;G3V4E7",-0.467524589719005,25.6737038499245,-0.957443805907879,0.338364953086732,0.572063158263937,-6.25400660679807
"Q9UBF2;A0A140VK12;Q9H9B7;B3KND4;Q9NUP3;Q9H279;Q9NSM7;Q92521;H3BS45;B2RBK6;F5H1S1",-0.467201300356681,24.6350548210751,-0.956781741485429,0.338699070499083,0.572063158263937,-6.25463097243601
"P62937;A8K486;V9HWF5;B2RE56;B4DM82;Q71V99;C9J5S7;F8WE65;A0A7I2V5J5;A0A7P0S768;F5H284;A0A0B4J2A2;A0A0H2UH34;E5RIZ5;P0DN26;A0A075B759;Q9Y536;A0A075B767;B2RXF3;P0DN37",-0.465637113301149,32.1450097929307,-0.953578442149879,0.340318637493252,0.574072853145183,-6.25764577180925
"Q8WX93;B2RTX2;A0A994J7A4;Q4W5A6;Q7L8P5;H0YA05;A0A3B3ISX8;D6R9F5;F8WA26;Q86TC9;A0A087WX60;A0A8J9ASZ5",0.462931071931578,25.5397120906388,0.948036738879505,0.343132185507499,0.577493394004257,-6.26283749511386
"O00571;F6S8Q4;A0A2R8Y645;A0A2R8Y774;Q59GX6;A0A2R8Y4A4;B5BTY4;A0A2R8YFS5;A0A2U3TZJ9;A0A2R8YFR4;A0A0D9SG12;A0A2R8YCW1;A0A2R8YF78;A0A0D9SFB3;A0A2R8Y5G6;A0A0D9SF53;A0A2R8Y7T2;A0A2R8YDT5;A0A2R8YDH3;Q5S4N1;B4DLU5;A0A0J9YVQ7;A0A087WVZ1;C9J081;Q9NQI0;D6RCM4;B4E3C4;A0A2R8YCU0;H0Y960;A0A2R8Y650;A0A2R8Y4D2",-0.462855575020555,27.4480097705882,-0.947882128723347,0.343210894340853,0.577493394004257,-6.2629819071536
"P62910;D3YTB1;F8W727",-0.46226919827194,26.571729828974,-0.946681287530743,0.343822610494521,0.57779497813922,-6.26410273873346
"A4D2P0;P63000;A4D2P1;A0A994J6T1;A4D2P2;Q59FQ0;P17081;Q9H4E5;F8WET9;B1AH79;G3V4H1;G3V476;V9HWD0;Q7Z513;Q59G91",-0.461815233412178,31.3760876046471,-0.945751612701575,0.344296670644752,0.577864763795714,-6.26496949541305
"Q6IPH7",-0.461293689007789,27.6150966625552,-0.944683541694254,0.344841816561855,0.578053534412344,-6.26596423074978
"Q9NPH3;A8K6K4;C9J1D9;C9JT28;H7C3W4;C9J9W1",-0.459876880577333,26.9142879872197,-0.941782059107609,0.346325517941552,0.578571434572327,-6.26866081810478
"P08962;F8VNT9;F8VV56;F8W022;F8VWK8;W6A4U0",0.459787385333875,29.3362745870565,0.941598781760511,0.346419374937651,0.578571434572327,-6.26883087434495
"Q13753;B4DLD1",-0.459758224183311,26.7450907059407,-0.941539062627881,0.346449960821753,0.578571434572327,-6.26888627835985
"Q96C19;A0A024QZ77;H0Y4Y4;Q9BUP0;Q53SA2;Q7Z2R5;B4DEE0;Q59EU6;C9JTV4;Q8WYH2",0.459341471797462,27.4630002548486,0.940685595239849,0.346887262498516,0.578578505240971,-6.2696776928986
"Q5GLZ8",-0.45582804528317,26.0687222033246,-0.933490447588592,0.350587887900967,0.583414874505415,-6.2763211743596
"Q9UNE7;H3BTA3;H3BUD0;H3BS86",0.455759543383557,26.3690225449096,0.933350162519273,0.350660287595695,0.583414874505415,-6.27645019652475
"P60709;Q53GK6;Q53G76;Q1KLZ0;B4E335;Q53G99;E7EVS6;B4DW52",0.451356123602469,32.1037565594212,0.924332397278842,0.355334147809473,0.590455748101314,-6.28470327669487
"Q8NE01;Q68CV4",-0.450824096664821,25.7911364126129,-0.923242859087207,0.355901499728252,0.590663855449621,-6.28569499934062
"P20700;E9PBF6;Q6DC98;B4DZT3;A0A0D9SFE5;A0A0D9SFY5",-0.450357772258464,25.167232467676,-0.922287873137315,0.356399256249635,0.590756087282274,-6.28656328753963
"P30041;V9HWC7;A4UCS6;B4DUK1",-0.44975440471606,29.9447791402525,-0.921052236490893,0.357043944045025,0.591021354868591,-6.28768541421866
"Q15833;O00184;Q53GF4;M0R1A1;B4DY46;M0R0M7;A0A8V8TNF6;M0R118;R4GMY7;M0R0D4;M0R376;Q8WYX9",-0.449319604079708,27.6959559508647,-0.920161808082988,0.357508976158665,0.591021354868591,-6.28849311205768
"P30530;M0R0W6",0.448966946141645,25.9564109795502,0.919439599741807,0.357886434198121,0.591021354868591,-6.28914764554083
"P50395;Q6IAT1;B4DLV7;Q8TB95;B3KVE3;Q5SX87;Q5SX91;V9GYF8;Q5SX90;Q5SX86;V9GYJ7",-0.447086067221239,30.1188012939585,-0.915587747001637,0.359903816836054,0.593619134929591,-6.29262987873348
"P15170;H3BR35;Q7KZX8;B2RCT6;A8K2W7;Q8IYD1;B4DQM6;H3BSV8",-0.445215492270918,26.2830143873169,-0.911756995766184,0.361917216627909,0.596203947490611,-6.29607853629917
"Q08209;A0A0S2Z4B5;A0A0S2Z4C6;E7ETC2;Q9UMM5;E9PPC8;E9PK68;P48454;H0YC26;Q9UMB2;E5RJH4;H0YB04;G3V111",0.441290657621337,27.5727541464582,0.903719325219887,0.366164617099404,0.602458039956655,-6.3032675022179
"Q7L5N1;B2R514;E7EM64;H7C3T0;B4DHR8",-0.438737906370996,25.4125372411032,-0.898491544849806,0.368943791100136,0.60628401587919,-6.30790911142927
"Q9NZN4;B4DLA1;Q8NCJ3;B3KUH4;B7ZAY3;B4DU62;B4DE23",-0.437403366918296,28.6615559249763,-0.89575854093766,0.370401910267858,0.606918741378279,-6.31032495530139
"P14735;A0A3B3ISG5;A0A7I2V2P6;A0A7I2V2S1;A0A7I2YQV5;A0A7I2V3E3;A0A7I2V610;A0A7I2V4Q3;A0A7I2V373;A0A7I2V612;A0A7I2YQS6;A0A7I2V4A4;A0A7I2V634;Q59GA5;A0A7I2V3K9;B7Z7W6;B3KSB8",-0.437382035449311,25.5222077296389,-0.895714856213261,0.370425246079213,0.606918741378279,-6.31036351073559
"O43707;A0A0S2Z3G9;F5GXS2;A0A8V8TL71;H7C144;Q96BG6;B4E337;B4DSX0;A0A0S2Z3X3;A0A0S2Z3C0;K7EP19;B3W6H4;B7Z4P6;Q59FD9;B7Z4K1;A0A494C060;A0A7R6M8N3;Q4VAM3;A0A7R6M8F2;B7Z4P8;B3W6H3;D6RH00;Q4JCP9",-0.437137444983474,31.0608328656026,-0.895213959294363,0.370692883955595,0.606918741378279,-6.31080545990221
"O43324;D6RBD7;C9J1V9;H0YAL7;D6RCQ0;H0YAH9",-0.435234755003332,25.7191130220853,-0.891317439675695,0.372778959640614,0.609366780041513,-6.31423497844652
"P36507;B3KS97;Q7Z370;M0R1B6",0.434942233477084,26.9967353195799,0.890718384717818,0.373100318917633,0.609366780041513,-6.31476090940033
"P54727;B4DEA3;Q53F10;B7Z4W4;B7ZA74;Q5W0S5;Q5W0S4;H0Y579",-0.433943604447254,28.1169705255974,-0.888673291903373,0.374198688276237,0.610279272043272,-6.31655370266688
"P61586;A0A024R324;B4DKN9;A0A994J514;C9JX21;A0A7I2V3G1;C9JNR4;Q9BVT0;A0A7I2YQV1;A0A0B6XK12;A0A7I2V5E6",0.433604054209702,30.727558984227,0.887977926827637,0.374572607092427,0.610279272043272,-6.31716234294267
"O75369;E7EN95;Q68CT4",0.431560555658017,29.8354891334112,0.883793045275483,0.376827820591031,0.613205807928889,-6.32081523120036
"P28074;A0A140VJS7;H0YJM8",0.430511199581556,26.94681506386,0.881644068520692,0.377989142275921,0.614347316399794,-6.32268431857931
"P30626;C9J0K6;B4DHQ6",0.429988551586099,27.6764640843806,0.880573737468756,0.378568378192787,0.614541133980029,-6.32361354884184
"O75044;B7ZM87;A0A1S5UZH8;Q5VZB5;A0A075B7B5;B7Z3G4;B4DDU0;P0DMP2;P0DJJ0;A0A286YEY3;E9PDX4;Q5VZB4;A0A087X0L1;B1AKK3;B4DFE5;A0A075B743;A0A075B7E9;Q5VZB3;A0A075B7E6;B3KM24;A0A087WW56",-0.429084737931269,26.2145714899246,-0.878722817101055,0.379571338061446,0.615334423368259,-6.32521780022153
"P49368;B3KX11;Q59H77;Q2TU64;B4DUR8;E9PRC8;Q5SZX6;Q5SZW8;E9PQ35;E9PM09;Q5SZX9",-0.428718498437586,28.4568198151705,-0.877972795086349,0.379978218023064,0.615334423368259,-6.3258669070269
"P78344;B4DZF2;Q59G42;D3DQV9;H0Y3P2;Q2TU89;H0YCH5;E9PKF8;H0YD77;H0YEC5;H0YE22;Q3LIE0;H0YCF8;H0YDC0;H0YEN8;H0YD99;H0YEI7;H0YE87",0.427742025415647,25.0751235845973,0.875973075569876,0.381064357059698,0.61634622400939,-6.32759485597134
"P78371;V9HW96;F5GWF6;B7Z4R3;F8VQ14;Q9H369",-0.426484156928236,28.3947691170483,-0.873397086160117,0.382466300988856,0.617318820000777,-6.32981495027625
"Q13561;A0A7I2V4Y9;A0A384MDU9;V9HW58;A8K8J9;B3KTX4;Q53H88;H0YI98;F8W1I6;A0A7I2V4H4;F8VW18;A0A7I2V390;F8VRV7;H0YHL1;A0A7I2V5R4",0.425969123927761,26.2171161837493,0.872342349859638,0.383041236840238,0.617318820000777,-6.33072207906656
"Q99798;A0A7I2V3U0;A2A274;A0A7I2V3F1;A0A0K0K1H7;A0A7I2V5T4;A0A7I2V586;B2RBW5;B4DZ08;A0A7I2V614;Q71UF1;A0A7I2V5A1;B4DJW1;B4DLY4;B4DEC3;B4DW08;A0A7I2V538;O75944;A0A7I2V6A6;A0A7I2V4I8;A0A7I2V3C8;A0A7I2V5W7;A0A7I2V3U7",-0.42595960078642,25.260191900513,-0.872322847414441,0.383051872590303,0.617318820000777,-6.33073884187564
"Q14145;A0A2P1M8C0;K7EJ49;K7EJD8;K7ESE0;K7EQX2;K7EPZ3",-0.424975707812603,26.2789507426561,-0.870307932575365,0.384151690752273,0.617834625197413,-6.33246868894765
"P68402;V9HW44;J3KNE3",-0.424845989886368,26.8840405252947,-0.870042283179119,0.384296836481325,0.617834625197413,-6.33269645611436
"Q9UKG1;B4DQX8;A0A2P1C6M4;C9JAB0;C9K0C4",-0.419725857507707,25.1456783431754,-0.859556761905632,0.390052696509672,0.6263346184338,-6.34163117920879
"Q9Y4F1;A0A2X0TVY0;C9JME2;M0QXT1;H0Y783;M0R262;M0QYB0",0.41742973438318,26.0258715686718,0.854854530383432,0.39265084661934,0.629749737195003,-6.34560277152648
"P68371;Q8IZ29;Q8N6N5;Q8IWP6;B3KML9;Q96HX0;B4DNW1",0.417012328687225,31.1980947352365,0.853999725081355,0.393124281526142,0.629753045706146,-6.34632241578752
"P53618;E9PP73;E9PP63;E9PKQ1",-0.415907916002077,27.1530028909351,-0.851737997874244,0.39437860915071,0.629875722206465,-6.34822304811274
"Q92900;A0A024R7L5;A0A994J4L7;A0A8A5YP40;A0A994J773;A0A8A5YP91;B3KY55;A0A8A5YQV3;A0A8A5YNG5;A0A994J597;A0A8A5YNF9;A0A059XBJ1;A0A059XAJ5;A0A059XG67;A0A8A5YPS5;Q6ZUC8;A0A059X4U2;A0A059XAL2",-0.415899043197406,25.0845147894275,-0.851719827253789,0.394388696162033,0.629875722206465,-6.3482382973028
"O14964;A0A7I2V2D8;A0A7I2V5A3;A0A7I2V6E0;A0A7I2V2K2;A0A7I2V5A2;A0A7I2V3I8;B4E1E2;A0A7I2V3Z1;A0A7I2V2R9;A0A7I2V2W5;A0A0S2Z4R4;A0A7I2V3J3;A0A7I2V637;A0A7I2V307;A0A0S2Z4Q4;A0A7I2V3F9;A0A7I2YQD1;I3L1P5;B4DFP5;I3L1E3;A0A7I2V4X6;A0A7I2V5D6;I3L165;A0A7I2V628;A0A7I2V5N3;A0A7I2V5W6;A0A7I2V310;A0A7I2V331;A0A7I2YQU5;A0A7I2V4J7;A0A7I2V5B7;A0A7I2V5L9;A0A7I2V5X2",0.415255692640091,27.3985363148389,0.850402309374144,0.395120502566837,0.629875722206465,-6.34934312072407
"P29144;Q5VZU9;A0A494C0U1;B7Z920;A0A494C1B8;A0A494C0X4;A0A494C1S4;A0A494C0A3;A0A494C1L2;A0A494C1S6;A0A494C159",0.415248800966076,25.9236508251583,0.850388195912,0.395128346235919,0.629875722206465,-6.34935494651019
"Q9NQR4;V9HW91;H7C579;B4DFB1;B7Z3F9;F8WF70",-0.414871261377641,26.3718360454289,-0.849615032428451,0.395558181834749,0.629875722206465,-6.35000248668041
"Q9HB71;Q6NVY0;B4DFD3;B2ZWH1",0.414173851384433,27.3373909756905,0.848186806207074,0.396352938377009,0.63029383915581,-6.35119710628234
"Q9NZM1;H0YD14;B3KSL7",-0.413813198300492,29.4492915145925,-0.847448224603252,0.396764310426674,0.63029383915581,-6.35181409397546
"P55735;Q53GB2;A8MXL6;Q59FA6;A4UCS7;A8MWR8;E7ERC8",-0.412353012624539,27.5595613890071,-0.844457909737126,0.398432475133849,0.632192145818078,-6.35430661493965
"O43681;B4DEE5",0.411699896518375,25.8497702837555,0.843120392985843,0.399179982173241,0.632626875662456,-6.35541862520845
"P15531;A0A384MTW7",0.410601258750013,27.8468868724422,0.840870492233272,0.400439301967129,0.633647806020288,-6.35728521433803
"P07237;A0A7P0TA35;A0A7P0TB26;A0A024R8S5;A0A7P0TA71;I3L3P5;A0A7P0T9K9;A0A7P0T8X1;A0A7P0TA97;I3L4M2;A0A7P0T9U6;I3L0S0;H7BZ94;B4DUA5;A0A7P0T8C0;A0A7P0T8J3;B4DNL5;A0A7P0T9D6;H0Y3Z3;B4DLN6;I3L514;A0A7P0Z4S2;A0A7P0Z4J0;B4DJS0;Q96C96;B3KTQ9;A0A7P0TAX9;A0A7P0TBP8;A0A7P0Z476;I3L3U6;I3NI03;B4DNP9;A0A7P0T9S9;A0A7P0T9E3;I3L1Y5;A0A7P0T940;A0A7P0Z4B2;A0A7P0TBA3;A0A7P0Z4F8",0.410310703363049,27.6594038715341,0.840275463732868,0.400772751562233,0.633647806020288,-6.35777803490376
"A8K622;Q59F99;B3KRE0;Q5JW30;O95793;B4DPJ9;Q9NUL3;Q4LE57;E7EVJ4;E7EPX0;Q6PJX3;Q2TBD5;Q5JW28;E7EVI1;E5RJN7;B7Z1P6;A8K276",-0.409008251390851,24.7085468171043,-0.837608171785674,0.40226953113635,0.635262521983645,-6.35998287971541
"Q9UL46;Q86SZ7;Q2TNB3;A0A087X1Z3;H0YM70;Q6FHK9;H0YKU2",-0.407595775351169,27.3242598473271,-0.834715561503934,0.4038965344275,0.637078831163093,-6.36236605460144
"Q9UIA9;A8K607;E7ESC6;B4DSP8;H0YBE1;Q9H2T7;E5RIW1;Q96M10;Q546R4",-0.405710587688798,25.561400154518,-0.830854884889265,0.406074172237846,0.638436996617975,-6.36553395899304
"P50552;A0A0S2Z4N8;A0A024R0V4;A0A0S2Z4I9;A0A0S2Z4I7;A0A994J7X3;K7ENL7;A0A0S2Z4H6;A0A994J508;K7EM16;K7ENR7;K7EIG8;K7EQD0",-0.405567561604645,27.0066595338802,-0.830561981710765,0.406239671703666,0.638436996617975,-6.36577370331732
"P23528;V9HWI5;E9PP50;G3V1A4;E9PK25;B4E112;E9PQB7;E9PS23;E9PLJ3",0.405508495724821,31.7310161614636,0.830441020670379,0.406308030227208,0.638436996617975,-6.36587268653463
"O75688;B3KP90;C9JIR6;A0A3B3IS24;A8K599;Q4J6C0;B8ZZF0;Q5JB49",-0.405196629723697,25.3748732404048,-0.829802350154186,0.40666907494154,0.638436996617975,-6.36639507581606
"P61981;B3KNB4;B4DE78;B4DHC4",-0.401649986100995,30.5805989808477,-0.822539177172505,0.410788449080882,0.64394834576509,-6.37230758516222
"P22234;E9PBS1;D6RF62;B4DGX3",0.4010015329163,28.1018621134895,0.821211209620081,0.411544289135299,0.64394834576509,-6.3733829825234
"B7Z6G4;A0A140VKA0;E9PGZ1;Q9NYG1;Q05682;C9J813;E7EX44;B4DPW5;Q6PJM5;B4E3I0;A0A6Q8PGI1;Q6P707;Q05DR4;C9JEK3;F8WE61;Q7Z2Y9;Q5HY93;C9JE79",-0.400931761535166,27.5991192291689,-0.821068324779013,0.411625664134272,0.64394834576509,-6.37349858812332
"P63167;Q6FGH9;F8VXL2;F8VRV5;F8VXI7",-0.399239460939722,27.5804300818702,-0.817602661670649,0.413602332712615,0.645567718260211,-6.37629643371304
"Q9P2J5;B2RCM2;A0A6I8PIV1;B4DER1;A0A6I8PL42;B4E266;A0A6I8PIT3;A0A6I8PRS0;A0A6I8PS05;A0A6I8PLB8;A0A6I8PLB3;Q9H8E3;A0A6I8PIP7;A0A6I8PTV8;A0A6I8PRU9;Q9HAM7;Q9NPU8;B3KXA9;Q9NVC0;Q6NVI4;Q9NVP8;A0A6I8PRP1;Q9P0T1;Q0VGM8",-0.398899869824941,26.4329617950859,-0.816907212882419,0.413999663439399,0.645567718260211,-6.37685644700892
"Q12846;B7Z425;C9JFM5;A0A087WWW0;H3BMK2",0.398805234067062,28.2665385093341,0.816713408273654,0.414110430051647,0.645567718260211,-6.37701242414512
"Q09028;H0YF10;A8K6A2;Q5JP02;H0YCT5;H0YDK2;H0YEU5;B4DRT0;E9PNS2;Q5JNZ6;E9PIC4;E9PNS6",-0.397673462294339,27.6571489372469,-0.814395652379474,0.415436472958204,0.646880102415105,-6.37887492435006
"Q9P000;Q53FR9;B4DQW0;B4DIH0;E9PJ95",-0.396948256304167,24.3353757531996,-0.812910502724106,0.416287479372612,0.647105409585686,-6.38006557710377
"Q96P70",-0.396595939767224,25.309973679197,-0.812188993538422,0.416701282830704,0.647105409585686,-6.38064323066496
"A0A669KB05;O60716;A0A669KB62;C9JZR2;H0YC95;Q68DU0;Q96FS1;Q7KZJ3;A0A804HK15;A0A804HIL4;A0A804HJM1;E9PKY0;E9PKL1",-0.396312598139378,28.363274820505,-0.811608738098383,0.417034249740476,0.647105409585686,-6.38110742173991
"P62750;H7BY10;K7EJV9;K7ERT8;A8MUS3;K7EMA7;Q53RC5;O95014;B9EJE3",-0.395638326663914,27.8544225778023,-0.810227897257323,0.417827245774554,0.647583759112302,-6.38221072871778
"Q14642;Q8N6C1;Q5T1B5;Q4VAR4;H0Y2W5;Q86V83;Q9C055;B1AP38;Q5T1B3",-0.394608665935866,25.4830935075836,-0.808119254614915,0.419039920085965,0.648280213572,-6.38389193230323
"P47897;Q53HS0;A8K3A8;B4DNN3;A0A0U1RQT0;C9J165;B7Z840;A0A0U1RQM8;A0A0U1RQU2;B4DTH6;A0A0U1RQE9;F2Z2V6;A0A0U1RRI9;I3QNU8;A0A0U1RQL2;A0A0U1RQC3",-0.394432941927327,26.1372943168368,-0.807759389343174,0.419247084226204,0.648280213572,-6.38417841230702
"D3DPU2;B2RDY9;Q01518;B4DNW7;B4DI38;B4DNY3;Q5T0R1;Q5T0R7;Q5T0R6;Q5T0R5;Q5T0R4;Q5T0R3;Q5T0R2",0.393689775294014,29.7674833525469,0.806237458079086,0.420123882393246,0.64888497904899,-6.38538857387193
"P37802;A0A384MTL2;X6RJP6;B7Z5A2;Q9UI15;C9J5W6",0.391821725710223,30.7883423029516,0.802411878542821,0.422332585357997,0.651543110898712,-6.38842039974403
"P35579;A0A8I5KWT8;Q86XU5;B4E3S1;Q6ZNL4;A0A8I5KYI1;Q5BKV1;A0A8I5KU92;Q99529;B1AH99;Q7Z7R0;A0A2R8Y4C3;O14729;O14794;Q9UMJ0;Q66K75;Q2PS10;REV__S4R3H4;B4DRV3;B4E0I9;Q9UKX2;A1L2Z2;B4E177;A8CLL2;Q68D89;REV__E7EQT4;REV__Q9UKV3;P13533;A5YM51;REV__B4DQZ7;P12883;Q9Y623;Q16086;Q16085;Q59EV3",0.390239122387602,29.8282276542087,0.799170864526075,0.424209102656852,0.653683230853004,-6.39097766586324
"Q9P2T1;Q6PKC0;Q7Z527;H0YNJ6;H0YMB3;H0YLV5;Q86SZ5;H0YLB8;H0YNH0;H0YMV5;H0YK71;H0YMR9;H0YK13;H0YNS9;H0YMG3;A0A0B4J281;H0YN74;H0YMW6;H0YKK3;H0YN22;H0YKE1;H0YL68",-0.389819774023426,25.9592498321477,-0.798312080832924,0.42470714645862,0.653696713904051,-6.39165353973016
"P31689;B7Z5C0;Q9NXZ8",-0.389022798518344,27.5495512950346,-0.796679954357481,0.425654624731701,0.654401126169796,-6.39293604147088
"Q96TA1;Q9H8K1;Q2YD88;Q9H6L6",-0.387935824680202,30.064693238928,-0.794453940172562,0.426948852479874,0.655636398750703,-6.39468098063221
"O43747;B3KXW5;A0A140VJE7;Q8IY97;B4DS96;B4DDL1;H3BR36;H3BNR4;H3BUN9;B4DGE1;H3BN71;H3BRM7;H3BNN2;B3KNW1;H3BV30;H3BS13;H3BN75",-0.387093479731327,26.2424735370546,-0.7927289015939,0.427953383483399,0.656424477995203,-6.39602985470427
"P17987;E7ERF2;E7EQR6;F5H282;F5H136;F5GZ03;F5H676;F5H726;F5GZI8;F5GYL4;F5H7Y1",-0.386609561748156,28.0848408000464,-0.791737885750577,0.428531097370356,0.656556818906875,-6.39680344207784
"P61587;Q6FGR9;Q6FGN7;E9PFH1;Q4ZFY0;B2R838;B4DSG7;Q53RZ3;B4DNQ0",0.385080159433301,25.5174330402041,0.788605822100237,0.430359918073162,0.658224384115105,-6.39924197018494
"P19338;B3KM80;Q6ZS99;A0A7I2V2U7;B3KTP9;A0A7I2V5M5;A0A7I2V428;C9JLB1;A0A7I2V3F3;H7BY16;A0A7I2V349;A0A7I2V506;A0A7I2V699;A0A7I2V2S8;Q9BQ02",-0.384875595087607,26.0228791704673,-0.788186894689784,0.430604874039373,0.658224384115105,-6.39956740125732
"Q9UKK3;A0PJ82",0.384112662492811,26.1079902286632,0.786624484704778,0.431519162492163,0.658868115530891,-6.40077958703686
"Q92614;A0A994J771;B4DYM1;B4E0T8;B4DZ32;B4DFN7;H0YEV9;B3KVF8",-0.383290412698361,24.975546517858,-0.784940599001402,0.432505794827828,0.659620709920066,-6.40208332591263
"Q02750;A0A8I5KXN4;A4QPA9;B4DFY5;A0A8I5KRX5;A0A8I5KYB4;A0A8I5QJL9;A0A8I5QJC1;A0A8I5QJ96;A0A8I5KYS7;A0A8I5QJP8;A0A8I5KVF6;H3BRW9",-0.381466390904709,26.6485554870413,-0.781205183995267,0.434699128233368,0.66205386957748,-6.40496547657427
"Q92963;A0A494C0S1;V9GYC3;A0A494C0U3;V9GY29",0.381139993177012,25.957717735419,0.78053675395005,0.435092288539692,0.66205386957748,-6.40547976987867
"P34932;B4DH02;Q59GF8;V9HW33;B4DUS3;B4DIZ3;B4DT47;B4E354;B4E0H6;O14992;B4DSE8;Q7KYN0;B0AZU6;B0AZS1;B0AZT0;B4DN48",-0.380030974897782,28.5844141011374,-0.778265594944861,0.436429682035037,0.663333396130614,-6.40722392146329
"P08134;Q5JR08;A0A024R0C8;E9PQH6;Q5JR07;Q5JR05;U3KQA9;U3KQV3;Q5JR06;E9PN11;E9PLA2",-0.379473598693991,31.2012166417107,-0.777124143980324,0.437102729834121,0.663508562951456,-6.40809858721924
"Q06210;A0A6I8PRN4;A0A6I8PTT9;A0A6I8PRT6",0.37911322735463,26.5388664934037,0.776386139361346,0.43753820655706,0.663508562951456,-6.40866341863907
"P62879;Q6FHM2;C9JXA5;E7EP32;C9JZN1",-0.378425550178868,31.0049698574498,-0.774977844980951,0.43836989579582,0.664016077985506,-6.40973976683194
"P36969;R4GNE4;K7ERP4;A0A9L9PXS3;Q6PI42;K7EJ20;K7ENB4;K7EKX7;A0A0A0MTT1;Q6PJX4;A0A087X247;A0A384MTT0",-0.37687481271071,27.1396862565899,-0.771802089061099,0.440248718094301,0.665984430926491,-6.41215979978996
"A0A3S6H812;Q99873;A0A3Q8ATF5;A0A3S6H7E9;A0A3S6H7X4;A0A3S6H7G3;Q5U8W9;E9PKG1;A0A3Q8AM27;A0A3Q8APX7;A0A3Q8APW9;A0A3Q8B022;A0A3Q8AIR8;A0A3S6H7Z6;A0A3S6H765;A0A3S6H7Y4;A0A3Q8B027;E9PIX6;A0A3S6H950;A0A3Q8BCJ2;A0A3S6H8A6;B4DJ87;A0A3S6H824;A0A3Q8BCI7;A0A3S6H942;A0A3S6H960;A0A3Q8AIS2;A0A3S6H7K8;A0A3Q8APY3;E9PQ98;A0A3Q8B4M4;E9PNR9;H0YDE4;A0A3S6H7X9;A0A3S6H8W3;A0A3S6H8B5;A0A3Q8AIS5;A0A3S6H7E4;A0A3Q8AX88;A0A3S6H767;A0A3Q8ATG4;A0A3Q8B4N0;A0A3S6H7Y8;A0A3S6H7W7;A0A3Q8AIS8;A0A3Q8B9M1;A0A3Q8B9M7;A0A3Q8AM22;A0A3S6H761;A0A3S6H758;A0A3Q8AX95;E9PMW9;A0A3S6H8V5;Q59GT2;Q9NR22;A0A3Q8B032",0.376530629188053,26.3864243375529,0.771097235478828,0.440666345014235,0.665984430926491,-6.41269557440761
"P10809;A0A024R3X4;B3GQS7;B7Z597;A0A7I2V2X6;A0A7I2V599;B7Z5E7;B7Z4F6;A0A7I2YQK6;A0A7I2YQ71;A0A7I2V5M1;A0A7I2V369;A0A7I2V5K3;Q53SE2;E7ESH4;E7EXB4;B7Z532;C9JL25;A0A0S2Z415;C9JCQ4;C9JL19;C9J0S9;B9VP19;B9VPB4;Q53QD5",-0.375714334392306,25.2350935291729,-0.769425545019824,0.44165773206864,0.666728508523958,-6.41396430561781
"Q14376;A0A384NL38;Q5QPP4;Q5QPP3;Q5QPP1;Q5QPP9",-0.374852014238126,26.0958257982393,-0.767659599209732,0.442706402710427,0.667557284448229,-6.41530158125522
"P61254;Q6IBH6;J3QRI7;J3QQQ9;J3QQV1;J3QRC4;J3KSS0;J3KS10",-0.37442405443052,27.037551856448,-0.766783180137921,0.443227374477381,0.667589371253418,-6.41596411522782
"Q99436;Q6IBT1;E9KL30;B2RAQ9;Q86U62;Q5TBG5",-0.373503619332535,27.0706766960411,-0.764898220709722,0.444349041635193,0.668135067252949,-6.41738649668009
"Q9BYI3;A0A0S2Z6M9;A0A7P0T8K2;B8ZZA2;A0A7P0TAP6;A0A7P0Z4L0;A0A7P0T943;A0A7P0T8Q9;A0A7P0TBJ9;H7C0W7;B4DMC7",-0.373306164502203,25.8334136996829,-0.764493852878799,0.444589876338227,0.668135067252949,-6.41769117466059
"P31153;A0A140VJP5;B4DEX8;B4E1K2;B4DFQ8;B4DN74;Q00266;A8K455",0.372468237981,26.4296769890269,0.762777862800044,0.44561271957619,0.668919767813247,-6.41898232471038
"P14384;F8W111;F8VVI6;H0YHN7;F8VR29;F8VU13",-0.371053797398691,25.5625970169274,-0.759881229330625,0.447342342988678,0.67076248062051,-6.4211552353148
"Q9NSD9;Q9BR63;A8K666;B7ZB32",-0.370339548496382,25.3015157560037,-0.758418518700146,0.448217198157705,0.671320825940239,-6.42224934678872
"O75347;E5RIW3;Q6FGD7;E5RJD8;E5RHG6;E5RIX8;A0A494C144",0.368949853305786,28.2747474595366,0.755572561328928,0.449922162818201,0.673119831495091,-6.42437208941959
"P00387;A0A8J8YWN6;A0A8J8Z3C6;A0A8I5KR71;A0A8I5KW26;A0A8I5QKX1;Q6ZVI6;A0A8I5QKT9;A0A8I5KPU0;A0A8I5KYU1;A0A087WZB1;B1AHF3;A0A8I5KVD2;A0A8I5KTF9;A0A8I5KUA5;A0A8I5KNV1;A0A8I5QKL2;A0A8I5KXI5",0.368281787788078,25.9985423373531,0.754204429671395,0.450743093910716,0.673593706336372,-6.42538971104959
"P06703;R4GN98;B2R577",0.365421986877827,33.3477378218844,0.748347842172339,0.454266840733249,0.678101116446503,-6.42972501808427
"Q9H3U1;A0A1W2PNX8;B4DLE6;B4DZL0",-0.364487694944046,24.5850445500855,-0.746434505324226,0.455421399593486,0.679065836893859,-6.43113403118381
"P28838;V9HW38;B4DQG5;H0Y9Q1",-0.363097927370301,27.2683965327483,-0.743588399719528,0.457141868580309,0.680871278063871,-6.43322327723466
"Q13492;A8K5U9;B5BU72;Q8N6B4;E9PLJ8;E9PI56;E9PKP6;E9PK13;H0YCY1;E9PJT1;O60641;E5RK51;E5RGY9;E5RFC6;E5RHK9;E5RFU0;E9PDG8;E5RIJ5",0.361942904724213,26.7744273627951,0.741223028351905,0.458574507852154,0.682244479388059,-6.43495355677213
"Q9UHB9;B4DVI7;Q96K98;B3KMI9;Q96K97;K7EN53;K7EQC2",-0.3600685618296,25.1519293212991,-0.737384560741735,0.460904708954613,0.684008245102006,-6.43774968089342
"Q8NC51;Q63HR1;Q5VU21",-0.359975719698998,26.3907316274646,-0.737194429303032,0.461020303001101,0.684008245102006,-6.43788780440498
"Q9Y5K6",-0.359754355878255,25.9219119579749,-0.73674109824049,0.461295979668344,0.684008245102006,-6.43821698907356
"Q13418;V9HWF0;A0A0A0MTH3;E9PQ52;A0A087WW45;A0A087WWY6",0.35782898721282,26.4896720221742,0.732798134932574,0.463697629364826,0.686807131742137,-6.4410716172995
"P16930;A0A384P5L6;A0A804HJX2;H0YLC7;A0A804HJ13;B7Z4W2",0.356794624024186,25.5885351214769,0.730679862119134,0.464990735127175,0.687737171880643,-6.44259887992684
"Q14240;E7EQG2;Q96B07;B4DJX6;J3KSN7;E7EMV8;Q59GT8;Q5JWW0;E9PBH4;F8WE11;C9JUF0",-0.356503461543031,27.073773483906,-0.73008359035028,0.465355092350375,0.687737171880643,-6.44302799105476
"P62714;Q8WZ56;Q5U0I7;B3KRM2;A0A140VJS0;B3KQ51;H0YC23;E5RHC1;E7ESG8;E5RFI3;A0A8V8TRA6;E5RJX4;H0YBN9",-0.353433422205434,27.8796261104888,-0.723796455486545,0.469206546788387,0.692400318871061,-6.44753125069318
"Q8TEX9;B3KQ33;Q59FI4;H0YN14;B3KPS9;B3KT38;B3KTB3;Q6I9Y8;Q59H62;B3KSQ4;H0YLV0;B3KPY9;H0YL92;B4DXR7;H0YMR4;H0YN07;H0YKG5;H0YK93",0.353047791153543,24.6828957083149,0.723006721491546,0.469691575657705,0.692400318871061,-6.44809415675004
"P46778;Q6IAX2;Q59GK9;G3V1B3;M0R181",-0.352750895080163,27.2850468594031,-0.722398707896739,0.470065186538962,0.692400318871061,-6.44852711757907
"P40925;V9HWF2;A0A5K1VW95;B9A041;B8ZZ51;C9JF79;C9JRL4;C9JLV6;C9IZI0;F8WFC2",-0.351107332102199,29.6617369485096,-0.719032854575917,0.472136396463149,0.693772112135867,-6.45091732091582
"P24666;Q59EH3;G5E9R5;A0A140VK37;F2Z2Q9;O75702;D3YTI2",-0.350890249475857,26.0077582141302,-0.718588290973206,0.472410338390328,0.693772112135867,-6.45123218562762
"O75083;V9HWG7;A0A8V8TNT7;A0A8V8TP22;A0A8V8TQK0;A0A8V8TNU2;A0A8V8TQ74;B3KXN4;A0A8V8TP31;B4DY05;D6RD66;A0A8V8TQ69;B4DS71;A0A8V8TPA9;B4DZX5;Q9BZT4",0.35077615048732,30.0975135966782,0.718354627606109,0.472554357817095,0.693772112135867,-6.45139760096761
"O60749;B3KN57;B3KML1;Q53GG3;D6RC15",-0.349789092248738,26.843248339761,-0.716333230619976,0.473801263450071,0.694839174499775,-6.45282634579653
"P51570;V9HWE7;Q6ZP37;Q71UH7;K7EII7;C8CHJ6;K7ERJ9;B4E1A8;K7ERN9;C8CHJ5",0.34819460302268,26.0249747873417,0.713067875456532,0.475819324839543,0.696390269324218,-6.45512582864096
"Q92973;A0A7P0Z4D3;A0A7P0TBF0;A0A7P0T944;A0A7P0T9C0;B4DSC0;E7EW37;S4R398",0.348129806418321,26.3317015357711,0.712935178462936,0.475901434051655,0.696390269324218,-6.45521905252087
"Q13885;B2R6L0;A5D907;A5D906",0.346716730844388,25.6266801936778,0.710041340394752,0.477693991420459,0.698248547634281,-6.45724775142191
"P60866;E5RJX2;A0A7P0S5H5;E5RIP1;G3XAN0",-0.344251910107662,27.7950999491677,-0.70499363296086,0.480829560994912,0.702063708731368,-6.46076665189653
"Q16222;A0A140VKC0;A0A087X226",0.342303898817239,25.6736376698721,0.701004299811612,0.483315592902562,0.704461740491692,-6.46352996834878
"P04075;V9HWN7;J3KPS3;H3BQN4;H3BPS8;A0A0M4FNU3;H3BUH7;H3BR04;H3BMQ8;H3BU78;A4UCS9;H3BR68;A4UCT0",-0.342138879505185,31.5628445378967,-0.700666356692352,0.48352650900515,0.704461740491692,-6.46376333308202
"P42345;A0A8V8TRG9;A0A8V8TQM6;A0A8V8TQ52;B4E2H2;B4DZD5;Q96QW8;B3KX59;A0A8V8TQP2;A0A8V8TQN3;A0A8V8TR74;A1L147",-0.341368317796661,24.5463607949276,-0.699088323042101,0.484512047888964,0.70492983616548,-6.46485154586435
"P80217",-0.340960044988666,25.536576150821,-0.698252220985158,0.485034664735495,0.70492983616548,-6.46542712784199
"O60841;Q8N5A0;B3KM86;A0JLR8;Q05CQ1",0.340642341334625,26.1427410165339,0.697601595537075,0.485441558102635,0.70492983616548,-6.46587454910468
"P07195;Q5U077;A0A5F9ZHM4;A0A3B3IS95;A8MW50;C9J7H8;F5H793",-0.340239022585109,30.7263280124244,-0.696775638898596,0.485958367596113,0.70492983616548,-6.46644194105029
"P48444;B0YIW5;Q6MZV5;B0YIW6;Q6P1Q5;E9PK34",-0.337765701028786,27.0485089877753,-0.69171052263264,0.489134162467344,0.7071091521923,-6.46990672859265
"Q92905;A0A024R7W9;Q59GH5;E5RHH5;E5RHF2;E5RFS1;E5RG35;E5RK55",-0.33768014722633,25.090028202419,-0.691535316964243,0.489244214979057,0.7071091521923,-6.47002612552268
"O15231;A0A8Q3WKR1;Q6MZQ8;H0Y704;H7BZT5;B4E2L1;Q7Z3Q8;B3KPM4;H7C1R1",-0.33754205441555,25.7333104078311,-0.691252516638381,0.489421879409659,0.7071091521923,-6.47021878087993
"P22061;A0A384MDK7;F6S8N6;B7Z972;A0A3F2YNX8;F8WDT3;F8WAV5;F8WAX2;C9J0F2;H7C4X2",0.337420870099148,27.575050870991,0.691004343225337,0.489577818696016,0.7071091521923,-6.47038778202306
"A0A8Q3WKP0",0.333352164798377,26.2951492951348,0.682672039911347,0.494828896970462,0.71392160513233,-6.47602669168952
"P61088;V9HW41;F8VQQ8;F8VSD4;Q5JXB2;F8VV71;F8VZ29",-0.331992086954934,28.7552051678484,-0.679886735917945,0.496590905958624,0.715482312990893,-6.47789639837911
"P46060;B4DY16;B4E0U0;H0Y4Q3;Q9BSK3;Q8WUS7;B0QYT5;B0QYT4",0.331690765472551,26.7332902034857,0.679269659526161,0.496981726388884,0.715482312990893,-6.47830959237224
"O00161;A8K287;H3BM38;H3BNE1;H3BR18;H3BPJ0;H3BV99;H3BP15;H3BQY9;H3BR99;H3BNG6;H3BU94",-0.331146554654882,28.3453168145523,-0.678155169961456,0.497687994666017,0.715547528866669,-6.47905490319909
"O75436;B4DLT1;A8K3C1;S4R3Q6;S4R2Y3",-0.330830658318199,27.081048158676,-0.677508245719357,0.498098204974552,0.715547528866669,-6.47948697003921
"P00505;B3KUZ8;A8K482;B4DY39",-0.328292659573741,26.4467210082622,-0.672310677012342,0.501400467203831,0.719517748855336,-6.48294334926302
"A0A0S2Z4G4;B2RDE1;Q5HYB6;A0A087WWU8;A0A0S2Z4I4;B4DWT5;Q8NAG3;A0A0S2Z4G8;B4DQ80;D6R904;Q5VU62;Q6LDX7;A0A494C0G0;Q8NI98;Q5VU61;A0A494C034;A0A2R8Y6A3",-0.327687196295283,29.8980083425902,-0.671070748507165,0.502189962337415,0.719636569812979,-6.48376396835785
"P62899;H7C2W9;C9JU56;B7Z4E3;B2R4C1;B7Z4C8;Q76N53;B8ZZK4",-0.327223630729598,27.1937577992921,-0.670121412388259,0.502794873915575,0.719636569812979,-6.48439124143204
"P62195;A0A140VJS3;A0A994J6V8;Q59GS3;J3QQM1;J3QSA9;J3QLH6;J3KRP2;J3QRR3;J3QSE0;A0A994J6H0;J3QRW1;A0A994J3X6;J3KTQ9",-0.326677188680247,26.6458440836832,-0.669002353483242,0.503508426224064,0.719636569812979,-6.48512951836615
"A0A1W2PQS6;A0A2R8Y6L3;F6U211;A0A2R8Y7H1;A0A2R8YFH6;O95989;S4R435",-0.326578104697305,27.4455708338004,-0.66879943935248,0.503637868843664,0.719636569812979,-6.48526325478833
"Q99613;B4DVQ5;A1KYQ7;B5ME19;B4DVU3;B4DDN4;B4DRU0;B4E2Z6;B3KNZ4;Q3B7B9;H3BPE4;H3BPE3;H3BTY8",-0.325445130159643,26.5956569451765,-0.666479220315473,0.505119227064834,0.720982144613908,-6.48678957807019
"Q01813;A0A8V8TMY4;A0A7I2V3Z0;B1APP6;Q8WTZ9;O14943;B1APP8;Q49A78;Q5VSR5;H0Y757;V9GYV7;V9GY25;A0A7I2V5S1;H0Y3Y3",0.324029082298331,29.0359470468695,0.6635792952987,0.506973925047936,0.721612679408099,-6.48868979486145
"Q6P4Q7;Q9H8M5",-0.323517132225959,25.0641325893322,-0.662530872527993,0.507645342013935,0.721612679408099,-6.48937474930057
"B2RCM3;C9JWY7",0.323459829020447,28.7590657625746,0.66241352126908,0.507720523587995,0.721612679408099,-6.48945134970095
"P25788;A0A140VK43;Q6IB71;G3V4X5;G3V3W4;G3V5N4;H0YJ03",0.323285058678533,28.3705210690742,0.662055609011625,0.507949857665062,0.721612679408099,-6.48968489119131
"P46379;A0A0G2JL47;A0A7P0MQS5;A0A1U9X7A9;A0A1U9X7A6;A0A024RCM4;A0A0G2JK23;A0A7I2V508;F6S6P2;X6REW1;A0A0G2JJM1;H0Y710;H0Y4L1",-0.323047534017658,25.0828072784838,-0.66156918215771,0.508261625241782,0.721612679408099,-6.49000208746038
"Q68D91;B3KY36",-0.321791871417087,25.0164727729441,-0.658997710184548,0.509911435893041,0.723186495066987,-6.49167505623485
"O14974;B2RAH5;F8VZN8;H0YHL8;H0YHI8;A0A3B3ISH4;F8VW28;A0A0U1RQZ1;H0YIM2;H0YIS3;H0YIS4",-0.320781546527822,25.0412173711024,-0.656928665414598,0.511240930062128,0.724303162845178,-6.49301642168086
"Q9BY44;F8WAE5;C9IZE1;H7C5R5;H7C5Q3",-0.319542488988212,25.2291416291035,-0.654391198952831,0.512873883776665,0.725846937209348,-6.49465570713677
"P32456;Q8TCE5;A0A348GSI7",-0.318590111825994,25.4416967994125,-0.652440825357719,0.514130866462736,0.726855912798111,-6.49591139938131
"P33527;I3L4X2;A0A0A0MS99;Q68CP7;A0A7I2V2E0;Q9UQ98;A0A7I2V4C6;Q9BV39;G0ZCM3;G0ZCM6;G0ZCM5",0.316603488963711,26.7217054138216,0.648372419554056,0.516758033506693,0.729218442003188,-6.49851866243361
"Q9BV40;B8ZZT4;C9JXZ5",0.31650110956015,28.2797056797427,0.648162756730008,0.516893611210344,0.729218442003188,-6.49865258426206
"P68363;B3KT06;A8JZY9;B3KPS3;B4DDU2;F8VVB9;B4DN58;F8VS66;C9JDS9;F8VRZ4;F8VWV9;F8VX09;A6NHL2;Q6QMJ5;Q15670;C9K0S6;F8VRK0;A0A7P0Z4A1;F8W0F6;A0AAA9YHK8;Q9H853",0.315078696910899,31.979494630458,0.645249797261311,0.518779170791515,0.731106510735722,-6.50050875169517
"Q92598;B4DF68;A0A0A0MSM0;B4DY72;B4DZB4;R4GN69;Q5TBM3;B4DZP3",-0.314367055036087,26.9941640056183,-0.643792425563551,0.519723859970293,0.731666045226882,-6.50143426594338
"P63241;I3L397;I3L504;Q6IS14;Q9GZV4;F8WCJ1;C9J7B5;C9J4W5",0.313779102704512,29.6773577984478,0.642588357733934,0.520505023015458,0.731994432367002,-6.50219733902156
"O00231;B4DTS5;J3QRY4;J3QS13;J3KSW3",-0.313294687352236,26.6565241908744,-0.641596323328211,0.521149079495707,0.732129516515525,-6.50282496347241
"P14618;V9HWB8;A0A8V8TNX9;B4DNK4;Q8WUW7;Q9UKK4;Q9NYI7;Q9UK31;Q9UN47",-0.312719581139021,32.2132423413895,-0.64041856306984,0.521914246798561,0.732434279120669,-6.50356883099649
"Q04637;Q4LE58;B2RU06;B2RU10;A0A7I2Y1C3;B4DGF1;E7EUU4;E9PGM1;E7EX73;B4DSI9;Q96I65;C9JF13;C9J6B6;C9K073;C9J2Z7;H7C044;A0A6Q8PFB2;H7C0V6;REV__F5H7J8;REV__J3KQX6;REV__C9JQZ6;REV__Q86XB5;REV__Q8NEG2;O95065;C9JHW9;F8WCF2",0.311740464039609,26.7502011530644,0.638413428745988,0.523218270430784,0.733433157712094,-6.50483211965847
"P78310",0.311361095487104,26.3792233315772,0.637636519726143,0.523723976390223,0.733433157712094,-6.50532052844995
"Q9Y4L1;A0A494C039;A0A384P5T6;K7EQK2;A0A087X054;B7Z2N4;A0A8Q3SHG4;B3KXH0;B7Z766;Q05D91;A0A0G2JRS0;Q6IN67;A0A087WWI4;E9PJ21;J3QLE9;J3QQH7;B7Z602;J3KTF1;J3QL06;B7Z4E6;A0A8Q3SHP7;A0A0G2JRG7;A0A0G2JRT9;Q9BST8;A0A0G2JR88;Q68D25;A0A0G2JR71",0.309321500300193,25.2146796826379,0.63345963187637,0.526447088818503,0.736474670849759,-6.50793616172234
"P40121;V9HW69;B4DU58;B2R9S4;E7ENU9;A0A979HLS2;A0A979HLS1;B8ZZL6;H7C0X8",-0.308771778694453,30.0884935779616,-0.632333856766432,0.527182270871019,0.736731709083348,-6.50863819893723
"Q16401;A8K4T6;F2Z3J2;Q4VXH0",-0.305825666116046,26.3435101383354,-0.626300511565492,0.531131226079992,0.741080621511253,-6.51237933407117
"O00232;A0A0S2Z489;A0A0S2Z476",-0.305617482598421,26.4048434824636,-0.625874172451304,0.531410840868624,0.741080621511253,-6.51264234011735
"P47755;Q53GE2;Q53GC7;A4D0V4;F8W9N7;B4DE01;C9JUG7",-0.304999892890486,27.2507184925099,-0.624609410226046,0.532240774946401,0.741080621511253,-6.51342151064199
"O94804;H0YB71",-0.304080923752036,26.418214257709,-0.622727452937001,0.533476924932318,0.741080621511253,-6.51457799338117
"P50151;A0A024R161",0.303923021981937,27.7353911857504,0.622404085834934,0.533689472281728,0.741080621511253,-6.51477635457036
"P10599;H9ZYJ2",-0.303767683302844,30.497487216485,-0.622085967688025,0.533898611271955,0.741080621511253,-6.51497139538789
"P40261;B0YJ53",0.303560864293125,28.8113224522209,0.621662422950157,0.534177124637228,0.741080621511253,-6.51523091934652
"Q8TAF3;A0A024R2L1;F8W9K4;F8W7Q3;C9JC24;F8W7Y5;F8W6P2",-0.302473693740687,24.709041103526,-0.619436005913948,0.535642371159828,0.742342539283745,-6.51659223355419
"Q96BJ3;B7ZW30;B7Z7D5",0.301086680500401,26.825511697046,0.616595540909909,0.537514669280747,0.743598914690066,-6.51832190905063
"O75116;A0A2P9DU05;A0A8V8TL82;E9PF63;A0A8V8TL90;D6REE7;Q14DU5;B4DRJ9;C9JFJ0",0.300728230381459,31.2559891397561,0.615861470759045,0.537999067174234,0.743598914690066,-6.51876762172064
"O00505;Q53F09;H0Y4S9",0.300565775546211,24.6178850566615,0.615528779432923,0.538218675527915,0.743598914690066,-6.51896945037452
"Q99598;C4P0D6;C4P0D8;Q5VVQ1;C4P0D4;Q7Z3N9;Q9NRI2",-0.297766029660011,25.331893656403,-0.609795178643134,0.542010459185385,0.748064022181481,-6.52243062898536
"Q9NRX4;V9HWC4;Q6FIE5",-0.296330110834806,26.8218763011577,-0.606854559870964,0.543960326592436,0.749980388366868,-6.5241932134067
"A8K8U3",0.294764920982765,27.1419636637927,0.603649206908016,0.546089701102037,0.751575238421472,-6.52610477211002
"Q15365;Q53SS8",0.294652955956124,29.1955839029634,0.603419913682393,0.546242183014408,0.751575238421472,-6.52624112646038
"Q9UPT5;A0A0A0MSB8;B4DJ07;Q5G0E1;A0A0A0MRE1;Q63HP7;B5MCY9;K7ERQ5;C9JME6;C9JKC2",-0.293744972728561,25.5825892759565,-0.60156045444492,0.547479517883865,0.752502711823913,-6.52734498206865
"P52306;B3KNU0;B7Z2V8;B7Z4M5;Q6U7G8;H0Y8M2;D6RHH8;D6REZ0;D6RB97;D6RBC6;D6RHZ7",-0.293312804267803,27.8142793241408,-0.600675416470532,0.548068932903443,0.752538637573484,-6.5278691823166
"Q7L1Q6;Q53FN7;C9IZ80;C9JFN4;B3KU41;C9J188;C9JWF5;C9JV57;H0Y503",0.292762565166129,26.5116375282706,0.599548581580451,0.548819832689956,0.752780939760271,-6.52853547988209
"Q8TAA9",0.292357956454534,26.2028009752176,0.598719983228083,0.549372317564569,0.752780939760271,-6.52902463191915
"P23381;A0A024R6K8;H0YJP3;G3V3Y5;G3V3H8;G3V277;B4DTK8;G3V5W1;G3V227;G3V3P2;G3V3X0;G3V3S7;G3V4N8;G3V423;G3V2Y7;G3V456;G3V5U1;G3V4C7;G3V2C0;G3V339;G3V313;G3V4S4;G3V3R3;G3V2F2;G3V4N0;P78534;G3V4Q0;G3V4A3;G3V5H5",0.291537763446186,27.3435536157698,0.597040309617838,0.550493115201658,0.753543854415384,-6.53001412932888
"Q96AD6;P43250;F8W9W2;D6RHX8;B3KPS5;D6RHC7;D6RDA3;D6R9V4",-0.291096478161009,25.4240989211551,-0.596136601294848,0.551096599071105,0.753597805894571,-6.53054535463771
"O15431;Q9BT69;Q6P708",-0.28835145910989,28.2280374528037,-0.590515075613873,0.554857867163017,0.757335036472101,-6.53383177483624
"Q32Q12;P22392;Q6FHN3;J3KPD9;E7ERL0;E5RHP0;O60361;F6XY72;C9K028",0.288274627102307,30.273725951071,0.590357731312903,0.554963323881876,0.757335036472101,-6.53392331248944
"Q8WUN7;B2R886;B3KMW8",-0.287048779492164,25.75303297621,-0.587847317471303,0.556647200072265,0.758857815608721,-6.53538048790345
"P31150;A0A0S2Z3X8;B4DHX4;B4DH24;B4E070;G5E9U5;A0A0S2Z426",0.286364832492627,27.9412457873783,0.586446662120384,0.557587779949502,0.759365213060688,-6.53619080267127
"B7Z8T0;Q00536;Q96GA5;Q9BRL4;A0A140VK97;H0YAZ9;Q59FJ5;H0YC36;H0YC60",-0.285247302876279,24.7084400457152,-0.584158072744296,0.559126295520018,0.760685061929475,-6.53751065027664
"P15374;A0A140VJZ4;Q5TBK7",0.284491664778713,26.7327765628492,0.582610601163267,0.560167757730743,0.761326677851752,-6.53840016486955
"Q15366;A0A384N6B9;B4DRD7;H3BRU6;F8VZX2;F8VXH9;F8W0G4;F8W1G6;J3QT27;H3BSS4;H3BND9;F8VTZ0",0.283944117671471,27.9083701289628,0.581489279209727,0.560923004524963,0.761472742993315,-6.5390432466484
"P49721;A0A140VJS6;B7Z478;A0A087WVV1;Q59FJ0",-0.28358750252044,27.3902045658751,-0.580758966890427,0.561415158569173,0.761472742993315,-6.53946141692581
"Q14192;Q6I9R8;Q2TSB7;Q2XQU9;I0CE67;Q53QP3;Q53T40;F8WDA8;U3KQT4;C9J3S8",-0.280455583237828,26.4318720871436,-0.574345108061006,0.565746377565316,0.765783486077107,-6.54311136047447
"P12931;Q9H7V3;A0A8I5KYU4;Q71UK5;Q9P134",0.280106740199461,26.8027571944529,0.573630712254533,0.566229794000992,0.765783486077107,-6.54351539387809
"Q13131;P54646;Q96E92;B2RA25;A0MZF5",0.279908463936927,25.7866575636572,0.573224662212254,0.566504647754624,0.765783486077107,-6.54374481523762
"Q99832;Q53HV2;Q6IBT3;B7Z7I4;B7Z1C9;F8WAM2;F8WBP8",-0.279215386856002,28.1395017378792,-0.571805309363783,0.567465904926135,0.765783486077107,-6.54454548395954
"Q9H7D0;A0A2X0SFZ7;Q5H9P3;H0Y7N4;Q68DL4;H0YB14",-0.279125437977321,24.7184939055913,-0.571621103016917,0.567590715982985,0.765783486077107,-6.54464925076445
"P49591;Q53HA4;Q5T5C7;Q0VGA5",-0.2784416800834,27.1523987141888,-0.570220834935471,0.568539912681179,0.765783486077107,-6.54543695433498
"P29401;V9HWD9;Q53EM5;B4E022;B3KSI4;A0A0K0K1H9;B4DVU1;B3KPZ8;E9PFF2;A0A0S2Z5C0;F8W888;A0A0S2Z4T2;Q6MZE3;F8WAX4",-0.278394308538267,29.4640771472052,-0.570123822728068,0.568605702236894,0.765783486077107,-6.54549145579715
"Q9Y263;E5RIM3;H0YBW4;H0YC16;H0YAU9",0.2767910724167,25.2217564387613,0.566840554793594,0.570834417993588,0.767604305152694,-6.54733052816008
"P11142;V9HW22;E9PKE3;Q53GZ6;Q96IS6;B3KTV0;E9PNE6;B4E1Q1;A8K7Q2;Q53HF2;Q96BE0;E9PS65;Q96H53;E9PM13;B4DTX2;E9PLF4;Q9NZ87;E9PK54;E9PQK7;E9PQQ4;Q9NWW3;E9PPY6;E9PI65;E9PN25;B3KUS2;A4D111",-0.27620024594605,31.4761971766662,-0.565630601013346,0.571656794802975,0.767604305152694,-6.54800558690072
"P62068;H7BZK6;O75317",-0.276182610773485,24.7713524025062,-0.565594485935958,0.571681350020158,0.767604305152694,-6.54802571409379
"B5BUK7;B2RCZ4",0.275312162915231,27.141576674218,0.563811895397239,0.572893984738402,0.767846141005396,-6.54901756745454
"P12830;D3XNU5;A0A0U2ZQU7;Q9UII7;A0A0E3XJU3;A5D8W4;B3GN61;H3BNC6;H3BVI7;B4DNH0;J3QKP1;A0A3G2JNR5",-0.275228264033203,27.7415643669077,-0.563640078841089,0.573010930076631,0.767846141005396,-6.54911300267831
"P38646;A0A7I2V2G2;D6RCD7;B7Z4V2;V9HW84;A0A384P5G6;A0A7I2V2S7;Q8N1C8;A0A7I2YQB2;A0A7I2V3F7;B7Z4T3;B7Z1V7;H0Y8K0;A1XP52;Q2F839;A0A3B3ITI4",0.273372693744104,26.5459312208123,0.559840055657727,0.575600271659151,0.770078749467309,-6.55121628358121
"Q99439;B4DDF4;B2RWM5;Q6FHE4;B4DUT8;H3BVI6;A0A087X271;B4DN57;Q6FHC3;Q53GK7;B4DHU5;K7ES69;A0A087X1X5;H3BQH0;A0A087WV51;U3KPS3",-0.272484448052882,27.1962519787463,-0.558021016929313,0.576841720786453,0.770078749467309,-6.5522180706312
"P53041;Q9BPW0;H0YDU8;Q53FR0;B2R6R6;B4DLP6;B4DDZ8;A8MU39",0.272437973613364,25.5980883175913,0.55792584190488,0.576906710132152,0.770078749467309,-6.55227039598167
"P18669;Q6FHU2;Q53G35;Q6P6D7;Q0D2Q6;Q6FHK8;B4DKL5;B4DMJ7;P15259;B7Z9E5;B4DJA4;Q8N0Y7;A4D2J6;B7ZW15",-0.272245817214856,30.6045996390873,-0.557532324734739,0.577175456160165,0.770078749467309,-6.55248664921459
"Q9UL25;Q96GX3",-0.271755898805306,27.1249158730032,-0.556529020615687,0.577860912859604,0.770078749467309,-6.55303731403962
"P62917;B4DVG7;E9PKZ0;G3V1A1;E9PKU4;E9PP36",-0.27155974171756,27.6034827949337,-0.556127310432357,0.578135468350083,0.770078749467309,-6.55325751515754
"P61163;A0A384NQ21;B4DM97;B4DXP9;R4GMT0;B4DMT4;A0A1B0GVS3",-0.266998241898655,27.6682423304079,-0.546785813015321,0.584537305834202,0.777830518520413,-6.55833330272043
"Q99627;E9PGT6;B2R8N1;H7C3S9;B4DFF9",-0.264022096775495,25.2540585195572,-0.540690964153221,0.588731874980701,0.781159496947929,-6.56159864391207
"Q07021;A8K651;I3L3Q7;I3L3B0",-0.263992880463981,25.350805677069,-0.540631132056459,0.588773121166711,0.781159496947929,-6.5616305177922
"Q9P2E9;A7BI36;A1A5C4;F8W7S5;A1A5C5;A0A087WU26;B3KSG1;A2A2S5;Q32NB1;V9GY78",-0.263407713262801,25.0206129630888,-0.539432767896561,0.589599512981344,0.781159496947929,-6.56226817004324
"Q15370;A0A8I5KUS5;B8ZZU8;A0A384MDL3;I3L0M9;A0A0B4J296",-0.262896962706645,27.2697026483201,-0.538386801615623,0.590321248057315,0.781159496947929,-6.56282357452993
"P43034;A0A6Q8PFU3;A0A6Q8PG63;A0A6Q8PFT2;B4DZN3;B4DF38;I3L3N5;A0A6Q8PH33;I3L495",0.262823264604677,27.5577684018989,0.538235875241293,0.590425423481186,0.781159496947929,-6.56290362691895
"Q9UH65;E7EMB1;B3KUB9;B4E245;E9PJM7;E9PJK8",0.262737105010473,26.5281374232452,0.538059428971719,0.590547224489078,0.781159496947929,-6.56299718677851
"P07737;K7EJ44;I3L3D5",0.261865593194592,31.6134971897644,0.536274659553726,0.591779901977915,0.782015775511864,-6.56394182846454
"Q9BQE3;F5H5D3;B7Z1K5;Q53GA7;Q8N532;A0A7P0TA31",-0.258152919882825,28.3530951106325,-0.528671474301272,0.597044346497872,0.788192931740273,-6.56793087266313
"Q13347;A0A7I2YQF8;Q53HU7;Q5U0F4;A0A7I2V3U3;A0A7I2YQI2;A0A7I2V613;A0A7I2V607;A0A7I2V3N2;A0A7I2V2M3;A0A7P0MRT9;A0A7I2V640;A0A7I2V685;A0A7I2YQC8;A0A7I2YQI6;A0A7I2YQT9;A0A7I2YQU2;Q5TFK1;A0A7I2V5V8;A0A7I2V4S8;A0A7I2V3K6;A0A7I2YQP9;A0A7I2V4C2;A0A7I2V391;A0A7I2YQN1;A0A7I2V5E4;A0A7I2V3T4;A0A7I2YQX4;Q9P1D9;A0A7I2V415",0.256051984773638,26.8977431209681,0.52436896839861,0.600032810002595,0.791356203517736,-6.57016296502078
"P33176;V9HW29;M1VE91;C1PHA2;M1VRN1;A8K048;M1VKJ2;M1V490;M1VPF9;M1V481;M1VE89;M1VKI9;M1VRN0;M1VPF7;B4DS27;Q6P164;Q2TA90;Q66K46;A0A7I2V3N5;A0A7I2V492;O60282;A1L179;A0A0G2JMZ6;A0A7I2V4K6;A0A7I2V581;Q57Z91;A0A7I2V3V4;A0A7I2V352;A0A7I2YQQ7;Q6PKD1;Q6PJC4;A5D6Y6;Q59GB8;Q57YV6;A0A7I2YQB4;A0A6Q8PFV6;Q9UFW7;Q3LIE3;A0A6Q8PGT2",-0.25364364701613,27.4851377687415,-0.519436932481855,0.603466838410928,0.794938516883443,-6.57269921241091
"Q14914;F2Z3J9;Q5JVP2;F6XGT7",0.252757681808315,26.5801197215576,0.51762256395638,0.604732348415538,0.794938516883443,-6.57362620190245
"Q7Z6Z7;A0A994J483;Q5H924;Q5H962;B4DGF6;Q5H935;H0Y659;Q53FW4;A0A994J6V7;Q3B7K0;A0A087X146;Q5H963;A0A087X1S3;Q5H964;Q8IWJ0;A0A994J4V6;A0A1B0GXC7",0.252026519756736,25.9258640938941,0.516125216880325,0.605777633834924,0.794938516883443,-6.57438877714922
"Q13464;A0A0U1RQV4;D9ZGF8",-0.252015726486821,25.3505700663442,-0.516103113338281,0.605793070189415,0.794938516883443,-6.57440001758849
"Q99460;A0A7I2V523;A0A7I2V5C8;A0A087WW66;A0A7I2V262;A0A7I2YQY1;Q05CW6;B2R6D0;A0A7P0MW50;A0A7I2V2K8;Q05BX4;A0A7I2V641;A0A7I2V4X0;A0A7I2YQI9;A0A7I2V479;A0A7I2V491;A0A7I2V4A5;H7BZR6;C9J9M4;F8WCE3",-0.251708711782335,26.3651512112719,-0.515474377794533,0.606232231224624,0.794938516883443,-6.57471955043244
"R4GNH3;P17980;A8K781;A0A140VK42;E9PM69;E9PKD5;E9PN50;E9PMD8;E9PLG2",-0.251647977888705,26.158709364562,-0.515350000827966,0.606319123281608,0.794938516883443,-6.57478271452718
"Q15019;A0A384N6H6;B5MCX3;C9J2Q4;H7C2Y0;C9J938;C9JB25;C9IY94;H7C310;C9JQJ4;C9IZU3;B5MD47;C9JZI2;A0A1B0GXJ2;F8WB65;C9JFT1;H7C1T1",-0.249997843519608,28.4564008230953,-0.511970689952452,0.608682100889946,0.797254202734282,-6.57649304414292
"P62333;A0A087X2I1;V9HW24;H0YJC0;H0YJS8;B4DR91;H0YJX2;H0YJE9;H0YJT1",-0.247534485358312,26.772601939923,-0.506925977727404,0.612217215476858,0.800458487527848,-6.57902532675964
"P61224;E7ESV4;F5H7Y6;A6NIZ1;F5GX62;Q9BXV4;B7ZB78;F5H004;F5H6R7;B7ZAY2;F5GYB5;F5H0B7;F5H500;F5H077;F5GWU8;F5H491",-0.247458240878284,31.0205843915129,-0.506769836624364,0.612326777135824,0.800458487527848,-6.57910330447937
"P26641;Q53YD7;B4DUP0;B4DUK7;B4DSR4;Q2F838;Q2F840",-0.2446920003073,28.9859568476731,-0.50110485138384,0.616307652568918,0.804257202553026,-6.58191618286488
"Q9ULC4;A0A3B3IRV3",-0.243991862148409,26.9898879025386,-0.499671038150802,0.617317014509877,0.804257202553026,-6.58262311065241
"P49768;A0A024R6A3;G3V4M0;A0A218KGQ6;A0A218KGQ3;A0A218KGP0;A0A0S2Z4D2;A0A218KGN7;A0A218KGP1;A0A8V8TQ36;A0A218KGN3;Q53FV8;A0A8V8TQ90;A0A8V8TPK5;A0A218KGN4;A0A8V8TLT5;A0A8V8TPL0;A0A8V8TR52;A0A218KGP3;B7Z8T5;A0A8V8TQT3;A0A8V8TR50;A0A8V8TQ54;A0A8V8TQ93;A0A8V8TPL5;G3V2G7;A0A8V8TQ53;G3V3Z0;A0A8V8TQV2;B4DVM3;E5RG63;A0A7I2V2W1;A0A8V8TR55;A0A8V8TQU7;G3V4P4;H0YM52;G3V519;G3V2B1;G3V449;E5RFW4;G3V3P0",-0.24387986522845,27.1455727862765,-0.499441679610838,0.617478543271158,0.804257202553026,-6.58273600573804
"Q05655;B4DFV1;A0A8V8TMH8;A0A494C1T7;C9K0E3;C9J9P1;C9JZU8;Q04759;A0A494C125;A0A494BZX2",-0.24304911831176,26.3254806948285,-0.497740392647214,0.618677274242729,0.804257202553026,-6.58357179670097
"P61960;H0Y614",-0.242958898408354,26.2457096279139,-0.497555631268701,0.618807518746138,0.804257202553026,-6.58366239271655
"P04179;A0A384NL29;Q7Z7M4;Q7Z7M7;Q4ZJI1;Q7Z7M6;F5H4R2;Q7Z7M5;F5H3C5;F5GYZ5;G8JLJ2;F5GXZ9;Q96AM7;Q9UG59;Q6LE88;G5E9P6;A0A4Y1U0K4;A0A4Y1U5Z3;A0A4Y1U4I2;A0A4Y1U1P4",0.242933204217049,27.2187889214964,0.497503012123412,0.618844613940502,0.804257202553026,-6.58368818786911
"O95810;A8K2W3",-0.238887284853032,25.3029660950137,-0.48921737213898,0.624697850966567,0.810452631550697,-6.58771596836069
"Q96KP1;B3KPN7;B4DZI7",-0.237653604517,25.6379060489657,-0.486690917654705,0.626487362234742,0.810452631550697,-6.58893066021877
"Q9Y3R5;A0A8I5KUN1;A0A8I5KWI7",-0.237392006936076,24.3574288996416,-0.486155191857595,0.626867105061448,0.810452631550697,-6.58918742315947
"O15031;Q3LIB1;E2PU09;Q2TBE4;A6QRG9;Q16293;H0Y6J7;H0Y7X5;Q86YC4",0.237129052563247,28.7128326900859,0.485616687485766,0.627248917140812,0.810452631550697,-6.58944523282521
"P49720;A0A384NL22;A0A087WXQ8;A0A087WY10;A0A087WUL2",0.236908387188606,27.4035385224373,0.485164786771291,0.627569402290466,0.810452631550697,-6.58966136038137
"P42025;Q13841",-0.236880622223456,25.1602383809654,-0.485107926887364,0.627609731941837,0.810452631550697,-6.58968854012912
"Q13613;Q8NEC6;H0YDX3;B7Z3D5;F8WA39;E9PPP8;E9PIH9;B3KMG9;F8W764;F8W8S8",-0.236709623188688,25.107124283477,-0.484757737891415,0.627858138963302,0.810452631550697,-6.58985586469795
"P52888;Q96CV8;K7EP46;Q9BW75;B4DU96;K7EIK4;K7EL32;K7EL02;K7EKB6;K7EMU4",0.23526620873486,25.9115635269265,0.481801768818204,0.629956637713188,0.810816907241857,-6.59126344803661
"Q8IWT6;A8K1C7;Q96SW8;Q9NW37",0.235258384509603,25.9035356863676,0.481785745583976,0.629968021075623,0.810816907241857,-6.59127105457357
"Q5VYK3;J3KN16;A0AAA9X0G7;R4GMY1;B3KV72;R4GMY3;F6XAQ5",0.235122792193938,25.4236422486545,0.48150806602312,0.630165306508841,0.810816907241857,-6.59140283421423
"Q8TAT6;A0A994J7H4;B4DG89;A0A0D9SFI9;I3L4U9",0.234443734891116,24.9890931184075,0.480117424284182,0.631153724606734,0.810816907241857,-6.59206165434656
"P55072;A0A7P0TAW3;A0A7I2V540;C9JUP7;A0A7P0T8A3;A0A7P0T8Q5;A0A7P0TAQ1;Q96IF9;A0A7P0Z4C6;Q0IIN5;Q9NTC4;A0A7I2V2Y2;A0A7I2V5G8;Q9HAP0;Q9HAP1;A0A7P0TAY0;A0A7P0TBK7;A0A7P0Z4D1;A0A7P0TA22;A0A7P0T946;A0A7P0T971;A0A7I2YQJ0;A0A7P0T8D6;A0A7P0T9X5;A0A7P0T8Q4;B4DYX2",0.232321175176022,29.2702792675536,0.475770633341897,0.634247517447103,0.810816907241857,-6.59410867122706
"Q9UNZ2",-0.232276622465204,26.1805540244913,-0.475679393826484,0.634312525217621,0.810816907241857,-6.59415143879832
"Q9H074;D6REB4",-0.23185378815543,25.2027607488241,-0.474813471263862,0.634929631804306,0.810816907241857,-6.59455692263939
"O94887;A0A2X0SSL3;C9JWM9;C9JVQ5;H7C3M7",-0.231845064413285,24.6683245679791,-0.474795605908618,0.634942366364854,0.810816907241857,-6.59456528063519
"Q9UBQ5;K7ERF1;B4DVD7;K7ES31;U3LUI4;A0A087WVB9;K7EQM4;K7EK53;B4DQ48",0.231745864515251,26.670296696946,0.474592454395289,0.635087181900157,0.810816907241857,-6.5946602994179
"P30043;V9HWI1;A0A2R8YEP4;M0R192;A0A2R8Y7Y9;M0QZL1",-0.231456122254759,27.3535595465504,-0.473999091096934,0.635510237884692,0.810816907241857,-6.59493759666913
"Q13740;F5GXJ9;B3KNN9;B4DX43;H7C543",-0.231354195364613,28.0061443492082,-0.473790354975302,0.635659090804506,0.810816907241857,-6.59503506311128
"Q13564;H3BMR3;J3QLH4;J3QRA5;J3KTE3;J3KRK3",0.230761075983562,24.9150097936197,0.472575705542868,0.636525567833141,0.810816907241857,-6.59560137508378
"P40227;Q59ET3;B2R9K8;B4DPJ8;A1JUI8;B4DN39;Q92526;J3KRI6",-0.230618426338026,28.3939986996675,-0.472283573273172,0.636734036296313,0.810816907241857,-6.59573736048911
"P28070;A0A140VK46;B4DFL3",-0.230223528702997,27.8388203694187,-0.471474862238627,0.637311290450781,0.810816907241857,-6.59611337088311
"Q16836;E9PF18;A0A0D9SFP2;B3KTT6;A0A140VK76;B2RB06;A0A804HKJ2;A0A0A0MSE2;A0A1W2PQV5;A0A1W2PNM1;A0A804HJW7;A0A804HLB5;A0A1W2PRT2;A0A1W2PQ78;A0A1W2PQC2;A0A804HJK7;A0A1W2PP40;A0A1W2PQ55",-0.230107516991698,28.8083047615762,-0.471237281805772,0.637480916104704,0.810816907241857,-6.59622371149952
"Q5T0F9;H7C1U3;H0Y517",0.229854638927744,26.4184750883501,0.470719412711169,0.63785072568203,0.810816907241857,-6.59646403517964
"Q7KZF4;B2R5U1;B3KU67;A0A140VK49;Q59FF0;B4E299;H7C597",0.228510435735576,26.7079982766032,0.467966618422859,0.639818003773538,0.811753730255992,-6.59773706843365
"P49773;A0A384NPU2;D6REP8;D6RE99;H0YC49;D6RD60;A0A6Q8PGQ8;D6RC06;A4D2H4",-0.228467457064411,29.201240567613,-0.467878602383922,0.639880946134913,0.811753730255992,-6.59777764838121
"Q9HA64;B4DE94;B2RD19;A0A140VK84;B4DXG0;Q6FIG5;I3L139;I3L2G3;I3L3W5;I3L378;I3L407",-0.227739006208925,25.4220019829141,-0.466386807567497,0.640948158067688,0.811753730255992,-6.59846428189736
"Q9BZ67;A8K6L3;E9PS62;Q96MK6;Q9BZ68;E9PRP1",0.227691281441192,25.8857204622894,0.466289071995383,0.641018102859335,0.811753730255992,-6.59850919044807
"P41250;A0A6Q8PGZ8;A0A6Q8PGA8;A0A6Q8PGI6;A0A6Q8PHH9;A0A6Q8PGW4;A0A6Q8PHI7;H7C443;A0A6Q8PFZ6;A0A6Q8PF45;A0A6Q8PH49;A0A6Q8PGN7;F8WCK4;A0A6Q8PGZ9;Q75MN1;A0A6Q8PFV5;A0A6Q8PGT3;A0A6Q8PFU7",0.226825464485938,27.3220723326344,0.464515965084885,0.64228758580859,0.812591112348747,-6.59932228168796
"Q4LE36;P53396;Q8N9C4;K7ESG8;K7EIE7",0.225542958675785,28.0713980968133,0.461889520891416,0.64416995010956,0.814201564187674,-6.60052099390169
"Q92743;Q05DJ8;B3KRN4;A0A3B3IU24;H0Y7G9;A8K224",-0.224542393531394,24.9368892933192,-0.459840463107138,0.64564009070235,0.815288432115633,-6.60145146643153
"P78536;B2RNB2;A0A8V8TN27;Q53RS1;A0A8V8TPV7;A0A8V8TNK7;Q53RF5;A0A8V8TPG8;A6H8L4",0.223348455106283,26.8862935539261,0.457395396099123,0.647396169875217,0.816733978237289,-6.6025563523167
"P25685;Q6FHS4;Q6FI51;M0QXK0;A0A7I2V3K7;M0R080;B4DKK9;M0R1D6;M0QZD0;M0QYT3;M0R128;A0A1B0GX60;A0A7I2YQW1",-0.222731104505943,26.4819330091189,-0.456131123542413,0.648304958295417,0.817108890832714,-6.6031253460787
"P62873;A0A140VJJ8;B2R6K4;A0A2L0WW42;F6X3N5;A0A994J3T6;F6UT28;A0A994J6X8;B1AKQ8;Q71UM6;Q71UM7;E9PCP0;F1T0G5;F1T0G4;F5H0S8;P16520;F5H8J8;Q59G26;F5GZN8;A0A6Q8PF84",-0.219539591152575,32.2567322988112,-0.449595221990174,0.653011451084547,0.822239789587793,-6.60604175311498
"P51149;A0A158RFU6;B4DPH9;A0A6Q8PGE6;A0A6Q8PG52;A0A6Q8PH84;C9J8S3;C9J592;C9J4V0;C9IZZ0;C9J4S4;C9J7D1;A0A6Q8PF79",-0.218988428816221,28.8453083491639,-0.4484664964074,0.653825651746377,0.822239789587793,-6.60654114351272
"Q9Y6M4",-0.218687497703446,26.8544134312071,-0.4478502194537,0.654270374159828,0.822239789587793,-6.60681327767101
"P11586;V9GYY3;F5H2F4;A0A8V8TL50;B7Z809;A0A8V8TMA4;A0A8V8TKT4;V9GZ78;A0A494C1T2;A0A8V8TKR5;A0A8V8TKS0;A0A8V8TL46;A0A8V8TMA9;A0A8C8UXK2",0.218303740557381,27.0886139088071,0.44706432303124,0.654837676737584,0.822239789587793,-6.60715976911275
"Q02790;B2R9U2;F5H1U3;H0YFG2;F5H120",-0.215058850646166,27.6440414331588,-0.440419111603509,0.65964249215866,0.827495182651615,-6.61006522772614
"P04844;A0A994J5J1;B2RE46;Q5JYR7;B4DJL0;Q5JYR4",0.214359691521153,25.5162290892591,0.438987303334366,0.660679610178265,0.828018723450434,-6.61068555393481
"O75832;B1AJY7;B1AJY5;B1AJY6",-0.213006020001266,25.9279895239967,-0.436215118853698,0.662689470278467,0.829759261754482,-6.61188085215732
"P83731;C9JXB8;A0A994J4A5;C9JNW5;V9HW01",-0.211784763655604,27.6580608167733,-0.43371410746458,0.664504814548566,0.831253213704948,-6.61295272983339
"Q92616;E1NZA1;B4DM32",-0.210923653578821,26.9197891875881,-0.431950639772502,0.665786002105296,0.832076799637676,-6.61370480781526
"X2L7S8;Q29947",0.209791758912818,30.607317286112,0.429632632205123,0.667471556438609,0.833403737758861,-6.61468872318019
"P26038;V9HWC0;A0A8V8TKR9;Q6PJT4;V9GZ54;E9PNP4",-0.209104900021671,32.287440417908,-0.42822601359014,0.668495207666788,0.833902518620755,-6.61528320383673
"Q93034;L0L6C1;H0YCA0;L0L6D8",-0.207992676882817,26.9387947998022,-0.425948291351566,0.670154102359187,0.834673821602975,-6.616241705564
"P51148;K7ERI8;K7ERQ8;F8VVK3;K7ENY4;F8VWU4;F8VSF8;F8VVZ0;K7EIP6;F8VPW9;F8VWZ7",0.207564927307569,29.871800982772,0.425072302814691,0.670792525328985,0.834673821602975,-6.6166089744416
"Q04917;B2R6N6;Q9H4N8;A2IDB2;F8WEB6;A2IDB1",-0.207434131428279,28.2908569549358,-0.424804445877926,0.670987787725745,0.834673821602975,-6.6167211257851
"E7EX90;A0A804CDA6;Q14203;A0A7P0Z4C3;Q6MZZ3;Q6AWB3;Q6AWB1;Q59F36;O95654;E7EWF7;H8Y0Y3",0.206645153880189,26.523280869963,0.423188698422003,0.672166106479314,0.835361784424524,-6.61739613772794
"Q9UBV8;A0A384MQX5",-0.2054749853082,26.0001879369438,-0.420792309706296,0.673915208247293,0.836527934269736,-6.61839254198565
"Q9Y315;E9PPM8;G3V158;E9PML7;E9PMH9;B4DKS9;E9PJ44;E9PJB9;E9PPK3",-0.204821726198919,25.7281007145131,-0.419454500098869,0.674892431137501,0.836527934269736,-6.61894633416401
"O95782;Q8N9K4;B4DXJ6",-0.204761288287976,27.5971224784377,-0.419330729275373,0.674982869118844,0.836527934269736,-6.61899748051909
"E7ETY4;E9PC69;A0A7I2YQR3;A0A0A0MRU9;A0A140VJP1;A8K2S4;Q7KZI7;A9CP04;A0AA34QVG3;A0A7I2V3R3;F5H4F6;B4DIB3;X5D2M4;A0A7I2YQC1;A0A087X0I6;Q9P0L2;A0A7I2V550;F5H6N2;X5DNR8;O75271;A0A7I2YQF3;Q96L34;X5D7J4;K7EN95;Q5DNC6;Q8N2N5;A2SY06;Q59FB8;Q86U11;A0A7I2V5H7;Q9H051;Q6IPE9;F5H4J8;K7EKG8;K7EK17",-0.20423055849572,25.4751330202053,-0.418243847508337,0.675777243168575,0.836736234358866,-6.61944596913603
"Q9Y3A5;A0A0S2Z5I7;A0A8V8TLA5;A0A8V8TLR8;A0A8V8TMR6;A0A8V8TMS1;A0A8V8TLC6;F8WE72;A0A0S2Z5F7;A0A8V8TLS5;A0A8V8TN15",0.203018384782244,26.4911797739851,0.415761436445532,0.677592927258795,0.836906902645329,-6.62046594086647
"Q9UKK9;A6NFX8;A6NJU6;A6NCQ0;H0YEY4;C9JYY9",0.203000426228272,27.0730569043283,0.415724659115223,0.677619841037093,0.836906902645329,-6.62048100627199
"Q5T4S7;X6R960;B3KMT2;A0A0A0MSW0;B4DYV5;B4DPF6;B3KM62;Q96HY5;X6RE05;Q5TBN9",-0.202648647421075,25.2325760944547,-0.415004251146516,0.678147121040605,0.836906902645329,-6.62077584427945
"P29692;E9PK01;B2RAR6;E9PRY8;Q9H7G6;Q71RH4;A0A087X1X7;E9PQ49;E9PI39;E9PQZ1;E9PL12;E9PPR1;E9PMW7;H0YCK7;E9PIZ1;E9PK06;E9PK72;E9PKK3;H0YE58;E9PJD0;E9PQC9;E9PNW6",-0.202466108526153,28.5474723496893,-0.414630429666055,0.678420790093482,0.836906902645329,-6.62092863493221
"P25787;A0A024RA52;Q53GF5;A0A7I2V2H3;A0A7I2YQP7;C9JCK5;H3BT36;Q6MZI6",-0.201142873629681,27.356502182696,-0.411920576359411,0.680405899198844,0.838581440341011,-6.62203210631658
"P01112;X5D945;A0A804HJ06;A0A8C8MQR2",0.199698178856568,28.988423152996,0.408961985319791,0.682575753165251,0.840011175170164,-6.62322860328431
"Q9NR46;B7ZC39;B7ZC38;Q71RA6;F8WFB9;H7C1Z6",-0.198991824524128,25.2341897307571,-0.407515441982301,0.683637616702685,0.840011175170164,-6.62381046698763
"P28066;Q5U0A0;A0A109NGN6",-0.198730039422749,28.9266790591545,-0.40697933216197,0.684031317783411,0.840011175170164,-6.6240255904106
"P23634;Q68DH9;A7E2D8;A1X4Q1;A1X4Q2;H7BZS8;H7BY13;H0YDG5",0.198697036676496,30.0407683415151,0.406911745823897,0.684080957024805,0.840011175170164,-6.62405269050719
"Q13283;Q32P45;Q5U0Q1;Q6FI03;A0A7I2YQN9;A0A7I2V5M7;Q53HH4;A0A7P0P2U7;A0A7I2YQU8;A0A7I2V651;Q6ZP53;A0A7I2V2S5;E5RJU8;E5RH42;E5RIF8;B7Z8K4;A0A7I2V2V1;A0A7I2V3C4;A0A7I2V4Y8;E5RH00;A0A7I2YQH0;A0A7I2V533;A0A7I2V548;A0A7I2V326;A0A7I2YQQ8;A0A7I2V496;A0A7I2YQB1;A0A7I2V2X7;E5RI46",0.195783522004984,26.3502405192546,0.400945157890335,0.68846851646676,0.844145987008799,-6.62642737611978
"P52943;H0YFA4;Q53FN1;H0YHD8",-0.195622096828341,27.2938487092511,-0.400614575202509,0.688711920538616,0.844145987008799,-6.62655792153779
"Q9NVA2;D6RGI3;A0A384P5S0;D6RER5;D6RDU5;Q96KC0;H0Y961;H0Y9G8;D6RDP1;D6R9Y6",0.194264331641332,28.1063588071034,0.397834007299202,0.690760493215065,0.845880860618998,-6.62765169175692
"Q8IZ83;B4DVV1;F5H4B6;B4DQ15;M0QY06",0.192379509509816,26.6531145605215,0.393974079255327,0.69360803619853,0.848590051612854,-6.62915741368907
"P84098;J3QR09;J3KTE4;A0A7I2YQG2;Q8IWR8;Q53G49;A0A7I2V638;A0A7I2V4U6;A0A7I2V2L0;A0A7I2V512",-0.191075517520492,28.1655697126407,-0.391303633506404,0.695580613808725,0.850224794188889,-6.63019053820193
"P09525;V9HW59;Q6P452;B4DE02;B4DDZ4;Q59FK3;Q6MZI0;B4E1S2",-0.190355837390122,28.9165702613415,-0.389829800261671,0.696670173938569,0.850778201446004,-6.6307577159841
"P60228;A0A7I2V3S3;A0A7I2V3I0;A0A7I2V2H9;A0A7I2V2W0;Q6IAX5;A0A7I2V4B4;B2R806;A0A7I2V4G3;A0A7I2V5Z6;B3KW56;A0A7I2V3I2;H0YBP5;E5RGA2;A0A7I2V5P9;E5RHS5;A0A7I2V570;A0A161SXE1;A0A7I2V429;A0A7I2V3W9;H0YBR5;A0A7I2V2Q9;H0YAW4;A0A7I2V5K7;A0A7I2V2S9;E5RII3;E5RJ25;E5RIP5",-0.189590847779311,26.689336775717,-0.388263177712694,0.697829016945055,0.85101526821873,-6.63135825538173
"P62854;Q75MH1;Q5JNZ5;Q76N57;Q76N56",-0.18938677599666,28.5757856077115,-0.387845259022306,0.69813827392794,0.85101526821873,-6.63151804914824
"O43847;B4DRI0;Q6UUU9;G3V1R5;Q96L67;B4DYV0;H0Y5G9",-0.188255580478437,24.927206532365,-0.385528683239962,0.699853432137913,0.851758723625231,-6.6324006852392
"Q96FJ2",-0.188143627667309,25.7734055934017,-0.38529941503049,0.700023262380616,0.851758723625231,-6.6324877509222
"P40429;Q5QTS3;Q53H34;A0A384ME37;A0A7I2V2L9;Q9BSQ6;M0QYS1;Q8J015;A0A7I2V5L3;Q0VGL3;B4DNC8;M0QZU1;A0A096LPE0;Q6NVV1",-0.186795923613957,27.2390064073704,-0.382539451327076,0.702068878575778,0.8523193105266,-6.63353179563137
"Q13617;A0A0A0MTN0;A0A8I5QJI3;A0A8I5KYP8;A0A140VKB1;A0A8I5KUA9;A0A8I5KQQ5;Q5T2B5;A0A8I5KU22;A0A0D9SET6;A0A8I5KVR3;A0A8I5KYZ8;A0A8I5KXB2;B7Z1Y1;A0A8I5KPX0;A0A8I5KY75;A0A8I5KS98;A0A8I5KTY5;A0A8I5KVE2;A0A8I5QKN3;A0A8I5KV54;A0A8I5KWB8;A0A8I5KYM7",-0.186658719762182,25.1456101304746,-0.382258471500736,0.702277255235218,0.8523193105266,-6.63363766430554
"A0A3B3IST1;B5MD23;O75954",-0.186579305485765,26.5259834414162,-0.382095838970323,0.702397874917505,0.8523193105266,-6.63369890608105
"Q9UMX0;B3KNI8;B3KNI2;Q59FJ2;H0YDS0;H0YEZ9",-0.184731910497533,26.4304330133645,-0.378312557989079,0.705205931044189,0.85384328427328,-6.63511620395622
"O75695;A0A1B2JLU2;B2R6F5",0.184540910952187,28.5702127134365,0.377921409939021,0.705496481993868,0.85384328427328,-6.6352619319497
"O60493",0.184491865704917,25.5772830856303,0.377820970156301,0.705571097183908,0.85384328427328,-6.63529932795187
"P37837;A0A140VK56;F2Z393;B4DID5;Q9UMF8;E9PM01;E9PKI8",-0.184027469659188,28.0703806010148,-0.37686993329696,0.706277748292591,0.853924951781811,-6.63565292782407
"P11766;Q6IRT1;Q6FI45;Q5U043;Q2VIM7;H0YAG8;D6RFE4;D6R9G2;D6RAY0",0.183273986191857,27.9195139484733,0.375326874184103,0.707424829804128,0.854538492421623,-6.63622474827593
"P62829;Q9BTQ7;C9JD32;B9ZVP7;J3KT29;J3KTJ3",-0.181803150145146,28.5107504151227,-0.372314748419177,0.709665900890406,0.856471222754817,-6.63733420970184
"Q9ULV4;Q53G58;Q59EA2;B3KN06;B4DMH3;B4E3S0;B7Z9V0;H0YHL7;F8W1H8;F8VV53;F8VVB7;F8VTT6;F8VRE9;F8VSA4;F8VUX3;Q6QEF8;J3QLV6;J3KSS5;B3KSZ9;B3KRY9",0.180573865710304,28.0354810811306,0.369797296302817,0.711540856661935,0.8579590112819,-6.63825460911681
"P49589;B4DKY1;A8K067;A8MVQ3;B4DI19;Q53HG6;B4DPV7;Q59HE5;E9PRS8",-0.178849417874485,26.3658812626249,-0.366265798847231,0.714173997265153,0.859669718643154,-6.63953522704077
"Q86Y82;Q6LEU0;B1AJQ6;B4DSZ1;B0AZT9",-0.178801936161236,26.727963266905,-0.366168561026496,0.714246547675076,0.859669718643154,-6.63957031430937
"P31946;V9HWD6;B5BU24;Q4VY20;Q4VY19;A0A0J9YWE8;Q59EQ2;A0A0J9YWZ2",0.178059341980745,30.6476613525549,0.364647802088787,0.715381541585423,0.860260791681481,-6.64011785232176
"Q15582;A0A0S2Z4Q2;Q53GU8;A0A0S2Z4K6;H0Y8L3;S4R3C6;H0Y9D7;Q59F63;H0YAB8;H0Y8M8;C7FFS5;D6RBX4;H0YAH8",-0.177603182942914,26.1874951365143,-0.363713633801418,0.716079055341587,0.860325195985936,-6.64045306288691
"O43447;Q6FH36;C9JQD4;Q6FH57;H0YEL5;A0A7I2YQS4;A0A7I2V5V0;A0A7I2V343;A0A7I2V2H6",0.176388219431729,25.5872625175569,0.3612255095107,0.717938013729838,0.861517827634033,-6.64134168937848
"A0A088AWN3;A0A804HIE8;X6RGR3;B9EG73;A0A8V8TR95;A0A8V8TRI9;A0A8V8TQS9;A0A2X0SYY4;Q9BZ29;B7ZVX0;Q6ZSL5;A0A0A0MT38;A6H8Z6;B7Z6H5;B7Z2G6;Q68CY0;H0Y3S1;B3KXE2;Q7Z6H4;B7Z2J2;B7Z6G9;B7Z2D0;A0A0D9SFH5;Q5JUD8;H7BZ79;A0A0J9YW64;A6NIW2;Q5JSL3;B4DEY4;Q4W4X9;Q4ZG60;B4DF07",0.17611164436471,26.4664469110625,0.360659111313452,0.718361422143946,0.861517827634033,-6.64154312454265
"P41091;Q2VIR3;H7BZU1",-0.17563903921701,27.5304932673275,-0.359691263030697,0.71908513290202,0.861612320679012,-6.64188660078644
"P55884;B4DV79;A4D210;B4DXN6;Q96G38;Q86UM1;C9JZG1;Q59FS8;C9JQN7",0.174301414949156,26.7146560955399,0.356951941724284,0.721134830705258,0.861881399309946,-6.64285374580111
"Q9NY35;D6RHU6;D6RCR8;D6RDI6;D6RFX6;D6RCE6;D6R9S8;D6RC11;D6RA76;D6RDY1;D6RDP6;D6RIU2;A0A0R4J2F2;H0Y8T9;D6RAZ7;D6RD48;D6RCP3;D6RB31;D6R9K1",-0.173129200566155,27.399929932675,-0.354551363391335,0.722932713166923,0.861881399309946,-6.64369521541639
"P10155;B3KN94;G5E9R9;H0Y9N5;D6RDN1;D6RE09",-0.173109281980341,26.0040082980142,-0.354510572110986,0.722963276529316,0.861881399309946,-6.64370946483496
"Q658P3;B8ZZX6",-0.172931037284922,26.9407811279648,-0.354145544723511,0.723236797404663,0.861881399309946,-6.643836905088
"P54578;B2RD79;A6NJA2;B3KTG4;J3QQT6;J3KS55",0.172806545741931,26.8873816134065,0.353890598439731,0.723427853720569,0.861881399309946,-6.64392583538616
"Q9BVK6;B2R8A2;B4DPP4;F8W7F7",0.172129265784076,26.3477665234129,0.352503596526304,0.724467572363238,0.861881399309946,-6.64440852707012
"P68133;P68032;A8K3K1;A6NL76;B7Z6P1;P62736;P63267;D2JYH4;B3KUD3;Q7Z7J6;B3KW67;A0A804HKV3;Q13707;B4DUI8;B7Z6I1;B8ZZJ2;F6QUT6;F6UVQ4;C9JFL5;F8WB63;B3KPP5",-0.1720212601358,33.290743656353,-0.352282411713316,0.724633423065793,0.861881399309946,-6.64448532653829
"Q6FHU0;P28062;X5D2R7;X5CMJ9;Q5JNW7;A0A140T998;B7Z6U7",-0.17160003948208,27.3518121666108,-0.351419793757611,0.7252803621229,0.861881399309946,-6.64478438289687
"Q12974;E9PMY3;E9PML8;E9PJC0;E9PRR9;E9PL34",-0.171343868812297,27.2278941961129,-0.350895181734132,0.725673902246848,0.861881399309946,-6.64496589926932
"O00186",-0.171287239176653,27.9902511444857,-0.350779209879239,0.725760908850067,0.861881399309946,-6.64500598906705
"P46926;D6RAY7;D6R9P4;A8K3S1;D6RFF8;D6R917;D6RB13;B3KMV2;D6RFK5;V9GYW0;V9GYK3",-0.170142186447734,26.9435881535184,-0.348434255909223,0.727520942672213,0.862037165432365,-6.64581376282575
"P46779;H0YMF4;H0YKD8;H0YLP6;Q59F34",-0.169863137849489,27.6115544900386,-0.347862792166328,0.72795008012051,0.862037165432365,-6.6460097956831
"Q13404;I3L0A0;G3V2F7;E5RIF1;D6RG00",-0.169836048715798,28.180224132656,-0.347807316317932,0.727991743938932,0.862037165432365,-6.64602880878301
"P05387;H0YDD8",-0.169225320150822,29.3637578783308,-0.346556605030258,0.728931274119164,0.862037165432365,-6.64645665712302
"Q06124;A0A8I5KW48;A0A3G1LBG2;A0A1W2PPU4;A0A8I5QJ58;A0A8I5KRZ3;A0A8I5KVS6;A0A8I5QL30;A0A0U1RRI0;B3GUD5;H0YF12;B3GUD4;B3GUD3;Q16344;A0A6C0W5X7;A0A6C0W4Z4;A0A6C0W4Z3;A0A6C0W501;A0A6C0W5J5;A0A6C0W5U7;A0A6C0W763",-0.169025441629849,26.0955432775947,-0.34614727372224,0.72923885098139,0.862037165432365,-6.64659634805587
"Q15369;E5RHG8;R4GMY8;A0A8I5KYG1;A0A8J9AD82",-0.168625411815498,27.1074240024055,-0.345328052495483,0.729854555317177,0.862037165432365,-6.64687542471764
"O43765;A0A7I2V697;A0A7I2V5Z3;A0A7I2V4T9;A0A7I2V2U2;A0A7I2V588;B4DEA6;K7EMD6",-0.168265451362775,25.7407332491495,-0.344590889331426,0.730408735980117,0.862037165432365,-6.64712598217258
"Q92974;A0A8Q3SIN5;V9GYM8;A0A5F9ZI21;B4DJ49;B7Z977;V9GYF5;V9GYG5;V9GZ14;V9GYF0;V9GZ58",-0.166873239278978,25.1881047973307,-0.341739777613553,0.732553452842418,0.862689240379433,-6.64809001822243
"O43583;F8VVL1",0.166713215482257,27.4338943796639,0.341412064812266,0.73280010539508,0.862689240379433,-6.64820031333928
"O60547;B2R9X3",-0.166649436329898,25.4361480644738,-0.341281451459053,0.732898419034922,0.862689240379433,-6.64824424311563
"P11940;H0YAR2;A0A7I2YQ88;A0A7I2V649;B3KT93;A0A7I2V4N4;E7EQV3;B4DZW4;A0A7I2YQE4;A0A7I2YQ90;E7ERJ7;A0A087WTT1;B4DQX0;H0YBN4;H0YB86;H0YAP2;E5RJB9;E5RGH3;E5RH24;A0A6Q8JFT6;Q4VXU2;A0A6Q8JFV4;B4DM75;Q96DU9;A0A6I8PS38;A0A6I8PLA1;A0A7I2V3J9;E5RHG7;E5RFD8;E5RGC4;A8K8J2;H0YB75;H0YC10;H0YAS6;H0YAS7;E5RJM8",0.164950996401277,27.5942147566395,0.337803215607668,0.735518120734178,0.86439342032713,-6.64940790976262
"Q9Y371;A0A140VJU5;A0A994J549;A0A087WW40",-0.164859197619222,25.6220970482667,-0.337615220842898,0.735659800675842,0.86439342032713,-6.64947046508999
"Q9Y6G9;B3KM42;E9PHI6;Q6MZE7;B4DDM4;C9JGM7;C9JLW1",0.163683311074294,25.674864034978,0.335207122287978,0.73747542840489,0.86439342032713,-6.65026868084772
"Q15286;F5H157;B4DTA6;F5H7F8",0.163647953274037,29.1942595009532,0.33513471303381,0.737530045374625,0.86439342032713,-6.65029259395615
"P62826;B5MDF5;J3KQE5;H0YFC6;B4DV51;Q96QB7;Q0EFC9;A0A087X0W0",-0.163451497615682,29.0958349004358,-0.334732391407604,0.737833533319327,0.86439342032713,-6.65042536631286
"O95747;C9JIG9;F8WBK9",-0.162053148553834,26.7873546898676,-0.331868711769773,0.739994904444226,0.86439342032713,-6.65136581714348
"O43242;Q6IBN0;B3KNN7;Q96N86;Q8N9M2;B4DEB0;B4DV84;B4DPM7;O95325;H0YGV8",-0.161153246643732,26.9835331953361,-0.330025802265761,0.741386934034298,0.86439342032713,-6.65196676726331
"P04843;Q96HX3;Q6IBR0;Q53EP4;B7Z4L4;B4DL99;B4DNJ5;F8WF32",0.160691378055734,25.3231430210907,0.329079941388182,0.74210171300665,0.86439342032713,-6.65227390133252
"O75534;A0A8I5KW72;Q9GZV0;A0A8I5KV85;A0A8I5QKX0;A0A8I5KPJ6;A0A8I5KXH5;A0A8I5KXL1;Q96L66;E9PLT0;A0A8I5KTQ3;A0A8I5KYL8;A0A8I5KWW0;E9PNG3;A0A8I5QJA6;A0A8I5KPC0;A0A8I5KPQ8;A0A8I5KS07;A0A8I5KW29;Q9UG93;A0A8I5KYL4;A0A8I5KNL1;A0A8I5KYY8;Q8WU01;E9PLD4;Q9UG12;E9PKN4",-0.160485700259656,24.9760735561533,-0.328658733742213,0.742420087670145,0.86439342032713,-6.65241038958085
"Q9Y639;Q9UFM8;Q9Y499;H3BU51;B7Z960;H3BQ94",0.160397920029958,28.8394841808817,0.328478968572522,0.742555978673571,0.86439342032713,-6.652468587515
"Q99755;A6PW57;B4DY52;P78517;A6PW58;A2A5X0;B2R729;A0A0A0MT25;A0A0A0MSP5",0.160107361371949,26.410719197347,0.327883933373346,0.743005844559024,0.86439342032713,-6.65266099958791
"Q14258;A0A3B3IUA7;I3L2W4",-0.160071651288412,25.9879326465728,-0.327810802678099,0.743061139793905,0.86439342032713,-6.65268462323979
"P17174;A0A140VK69;Q2TU84;B7Z1I2",-0.159966328672564,27.5395682254838,-0.327595112448358,0.743224234188877,0.86439342032713,-6.65275426768201
"Q06830;A0A384NPQ2;A0A0A0MSI0;B2R4P2;A0A0A0MRQ5",-0.159850105621924,31.8324471676747,-0.327357099213577,0.743404221523856,0.86439342032713,-6.65283106682162
"Q9H8S9",-0.158533412960757,28.7145011116483,-0.324660643753393,0.745444278024711,0.865968274623619,-6.65369722717302
"Q9Y262;B0QY89;B3KPB9;B4DQF6;C9JHP4;C9K0Q7;B4DEH4;B0QY90;H7C3A0;Q8N7H0;B3KNG0;Q7Z5X3",-0.158139463524872,27.1647921581419,-0.323853874536278,0.746055003062714,0.865968274623619,-6.65395498665895
"Q13596;Q59GU6;Q53GY8;Q53HL9;H0YK42;H0YK43",-0.157505658033305,25.7484549614932,-0.322555904000833,0.747037902741724,0.866207220663135,-6.65436833708186
"O15371;B4E1K8;B0QYA5;B0QYA4;B0QYA8;B0QYA6",-0.157170661321196,26.2766541137725,-0.321869864091786,0.747557578910625,0.866207220663135,-6.65458614211598
"P60174;V9HWK1;Q53HE2;B4DUI5;Q2QD09;U3KPZ0;U3KQF3;U3KPS5",-0.155646422581945,31.6170441278325,-0.31874837493012,0.749923557121346,0.868195729908248,-6.6555713021055
"P35998;C9JX88;A0A140VK70;Q75L23;C9JLS9;B7Z571",-0.154887518455478,26.6484775254829,-0.317194214847116,0.751102435032593,0.868807665111294,-6.65605822399242
"P50991;A8K3C3;B7Z9L0;B7Z2Z8;B7Z2F4",-0.153534039650658,28.3034038997466,-0.314422425027716,0.753206363600391,0.870487631289033,-6.65692072476559
"P30040;V9HW71;F8VY02;F8W1G0",-0.151596107428073,26.822693074203,-0.310453732805776,0.75622199180841,0.872912886194491,-6.65814248787965
"P61201;B4DIH5;B2R6N0;Q53HJ0;Q59EL2;H0YM03;H0YKU5;H0YMC2",-0.151345896546498,24.9590949266431,-0.3099413258351,0.75661161842307,0.872912886194491,-6.65829910130708
"O00629;A0A7I2YQ95;H7C4F6;A0A7I2V340;A0A7I2V333;A0A7I2V5X0",-0.150733340055147,24.7674655943847,-0.308686871136225,0.757565748092587,0.873259568120532,-6.65868142422194
"Q6YP21;B4DW13;A0A0A0MRN7",-0.150076130291691,25.5941293759304,-0.307340970982434,0.758589841480237,0.873686231222066,-6.65908989295531
"Q96FZ7;I3L4A1;I3L4G8;I3L3E4",-0.148918410707818,27.6517497980444,-0.304970076554777,0.760394881101209,0.875010819251693,-6.65980509697383
"O60763",-0.148000598178328,25.8546319647237,-0.303090487885713,0.76182680189053,0.87551435920392,-6.66036815777169
"Q15404;Q32Q10;B0YJ73",0.147797923744758,25.9388824590165,0.302675430827101,0.762143113588442,0.87551435920392,-6.66049202552899
"O00299;Q5SRT3;Q53FB0;A0A1U9X8Y4",0.144141658680461,32.2268160778032,0.295187764048605,0.76785618239253,0.881319467075962,-6.66269745900452
"Q13045;B4DIX0;Q59H95;J3KS54;B4DNA8;A0A1W2PNT9;J3QQQ2;J3QQU5;A0A1W2PP30;K7EQZ7;A0A1W2PR04;A0A1W2PS03;J3QLR6;A0A1W2PSB1;A0A1W2PPD5;K7EP27;K7EP37;J3KS39",-0.142857214120312,25.4695144807544,-0.292557349488196,0.769866197119884,0.8828680166113,-6.66345911499434
"O14744;B2RDD7;B4DV00;G3V580;H0YJX6;G3V2L6;G3V5L5;G3V2X6;C9JSX3;H0YJ77;G3V507;G3V2F5;G3V5T6;H0YJD3",-0.141290617242912,25.6704344150527,-0.289349115077419,0.772319842767048,0.884922221215074,-6.66437885464449
"Q6PJF5;Q6ZWP8;B7Z8H4;K7EKI1;K7EPV3;K7EKA3;K7EIY3;K7EQ53;K7ELA9;K7EJ10;K7EQT5",0.140720442831672,26.5899876388351,0.288181454658407,0.773213431961405,0.885186928106629,-6.66471108336289
"Q92796;Q59FY1;Q5JUW8",-0.140199536419289,25.8360231006223,-0.287114690195186,0.774030070258429,0.885363162555875,-6.66501343034521
"Q6FGX3;P20340;Q53ET8;A0A024R5J5;B7Z5Z9;F5H3K7;Q53S08;C9JU14;F5GX61;Q9H0N0;Q14964;Q9UL30;Q9UL29;C9J0I2",0.135422411014694,31.3230366754464,0.277331613049613,0.781530851089416,0.892702537859042,-6.66773389912374
"Q9UBI6;Q53GD1",-0.135262105507987,31.2084085809752,-0.277003323334323,0.781782911149011,0.892702537859042,-6.66782355425744
"Q8N1G4",-0.133667811286724,27.5361376184554,-0.273738367521281,0.784290980090686,0.894801664731987,-6.66870942609715
"A0A384P5S9;Q13813;A0A0D9SF54;A0A994J6W3;A0A0D9SFF6;A0A0D9SGF6;A0A994J4G5;A0A994J498;Q9UG16;B4DGT1;B4DTV8;A0A994J7B0;A0A994J6W6;Q14917;A0A5F9ZHC3;A0A1B0GV13;A0A0D9SFH4;A0A1B0GUH3;A0A1B0GTB7",-0.131591350292346,27.7872431422922,-0.269485982168735,0.787560930217246,0.89776570202239,-6.66984746596635
"P62191;Q53XL8;Q53HB3;G3V4X1",0.131160552334102,26.6337328542559,0.268603750847026,0.788239809743674,0.897773559946759,-6.67008134043447
"P20618;A0A140VK45;Q53FT8;Q59GN1",0.130122946382606,28.5258000375387,0.266478837178144,0.789875596453005,0.898530595058938,-6.67064149482452
"Q16531;A0A7P0Z4B9;A0A7P0TAK7;A0A7P0T965;A0A7P0T870;B7Z2A1;F5GY55;A0A7P0Z3Z5;A0A7P0TB30;B4DSA8;B4DZP5;F5GWI0;F5H2L3;A0A7P0Z4L2;F5GZY8;B7Z859;F5H198;A0A7P0TAX4",0.129885800350639,26.2855974474169,0.265993185718529,0.790249587720249,0.898530595058938,-6.67076889414958
"Q14204;A0A2R8Y706;A0A7P0T9C4;A0A7P0TA13;A0A2R8Y5T0;A0A7P0T9R4;A0A7P0TAW9;A0A7P0T7V5;A0A7P0T916;A0A7P0T8N2;A0A7P0TBJ7;A0A7P0TAF3;A0A7P0TB75;A0A2R8Y6H2;A0A7P0T9K2;A0A7P0T9F1;A0A7P0T8W5;A0A2R8YFZ7;A0A7P0T825;A0A7P0TAV5;A0A7P0T990;A0A804HHY6;A0A7P0T942;A0A2R8YGC7;A0A7P0T9S3;A0A7P0T934;A0A7P0T9Y3;Q6P2H7",-0.129071085081272,28.0619286348933,-0.26432472997227,0.791534802482568,0.899226612344142,-6.6712048039427
"P40926;Q0QF37;Q75MT9;Q6FHZ0;A0A024R4K3;G3XAL0;B3KTM1",-0.127410649066622,28.0545609709456,-0.260924322352452,0.794155894901047,0.901437787245368,-6.67208472131688
"P22314;A0A024R1A3;B4DDE4;B4DL67;Q5JRR6;B3KUJ2;Q5JRR9;Q5JRS0;Q5JRS2;Q5JRS1;Q5JRS3;Q8WY81;Q712V1",0.126616135212913,29.1576395387239,0.259297237093902,0.795410904870137,0.901624757773643,-6.67250172922579
"P24534;C9JZW3;A4D1M6;F2Z2G2;F8WF65",-0.126451928329985,28.3589007994254,-0.258960957748592,0.795670351358627,0.901624757773643,-6.6725875894476
"P06737;E9PK47;B2R825;Q6P1L4",-0.125171350259446,26.87943521364,-0.256338461373897,0.797694434805241,0.90301116927213,-6.67325335325824
"P50570;Q05193;B4DHH5;A0A0D9SFB1;B7ZAC0;B4DK06;A0A0U1RQP1;A0A0D9SFE4;A0A994J7J4;A0A1B0GU67;Q59GI5;A0A994J5P0;A0A1B0GUX5;K7EPK9",0.124647614374645,27.1124976304942,0.255265902432909,0.798522645412519,0.90301116927213,-6.67352368748985
"P07954;A0A0S2Z4C3;A0A804HI24;A0A804HKE6;A0A0S2Z3X6;A0A0S2Z4H0;A0A0S2Z3S9;A0A0S2Z3W2;A0A0S2Z408",-0.124128380687509,26.2961775770961,-0.254202563544433,0.799343960353208,0.90301116927213,-6.67379057892694
"P14868;A0A140VJW5;Q53T60;H7BZ35;C9J7S3;C9JLC1;Q53R85;C9JQM9",0.123803662513456,27.4737867534024,0.253537573057838,0.799857706903175,0.90301116927213,-6.67395692117351
"Q9BT78;Q53FV3;A0A0S2Z5H7;B3KM48;D6RAX7;D6RFN0;D6RD63;D6REK7",0.123540977955717,25.8704220505978,0.252999621240445,0.80027337157051,0.90301116927213,-6.67409116686442
"Q12904;A0A8C8MUD1;A0A804HJ47;B4DNK3;A0A5F9ZHC5;A0A8C8KIA0;D6R937",0.120614884657932,28.6728999501711,0.247007273532796,0.804907339163463,0.907473590820579,-6.67556727656168
"P62136;A0A140VJS9;A0A7I2V4F7;E9PMD7;B3KXM2;C0STL0",-0.119622120702008,28.4939219626399,-0.244974191805695,0.806481117581071,0.90848125892775,-6.67606005218226
"O15372;Q6IB98;Q53HR0;Q53HG0;B3KS98;Q5BKY2;E5RGU4;E5RJT0;E5RFW7;B4DJN9;E5RFH0;E5RHC7;E5RH59",-0.118674089790041,28.1752833370823,-0.243032718898317,0.807984714944327,0.90860393124878,-6.67652682218862
"O00401;A8K180;A4D0Y1;Q68DE4",-0.11803052695015,25.5884588964765,-0.241714766285095,0.809005824144292,0.90860393124878,-6.67684156875069
"Q9UBC2;A5PKY0;M0R165;A8K5P4;M0R2S2;B4DQX5;B4DME4;M0R1V5;K7EJR2;M0R330;M0QX30",0.11782347034902,24.6237604213474,0.241290734983674,0.809334419833884,0.90860393124878,-6.6769424697875
"P28072;Q6IAT9;A0A087X2I4;I3L3X7",0.117665246817975,27.4386788565059,0.240966708947228,0.809585540848596,0.90860393124878,-6.67701945449841
"P26373;Q6NZ55;A8K4C8;J3QSB4;J3KS98;H3BTH3;O60250;B4DGL7;H3BUK8",-0.11716774774305,28.0274381095489,-0.239947880380333,0.8103752632684,0.90860393124878,-6.67726084195612
"P55011;Q53ZR1;G3XAL9;B7ZM24;Q59GB7",-0.116912631114701,25.6203608725076,-0.239425426928754,0.810780306449555,0.90860393124878,-6.67738422829706
"Q00688;Q53GD8;G3V5F2",0.115980520191563,26.0552699383506,0.237516556573263,0.812260628923621,0.90860393124878,-6.67783275429569
"P62491;H3BSC1;H3BMH2;B4DMN1;B4DQU5;H3BN38",-0.115640710532794,30.1726934411445,-0.236820660228707,0.812800461433633,0.90860393124878,-6.67799537558166
"P13489;A0A140VJT8;E9PIM9;H0YCR7;E9PMJ3;E9PLZ3;E9PIK5;E9PMA9;E9PR82;E9PMI1",0.115412027984188,28.466805128391,0.236352341140263,0.813163803961809,0.90860393124878,-6.67810454662252
"Q8TDX7;B2R8K8;F8WAG2;Q9HC98;Q5TBH0;Q5TBG1;Q5TBG7;Q5TBH2;Q5TBH1;F5H3U7",-0.11525305863973,24.9566396292253,-0.236026787752212,0.813416406290094,0.90860393124878,-6.67818030986537
"P36551;H0YA22;D6RER6",0.114841138845478,25.1029720493402,0.235183217030562,0.814071037204184,0.90860393124878,-6.67837614095287
"Q96IJ6;A0A804HIS0;A0A384MDS7;A0A087WUI8;A0A0U1RRC2;F8WD54;C9JAH0;A0A804HLB2;A0A804HLK2;A0A804HIM4;A0A804HKA4;B4DJR0;A0A804HJC3;C9J255",-0.114294847355374,25.7813608194049,-0.234064466455894,0.814939414517268,0.908813904670342,-6.67863477222953
"Q14764;X5D2M8;B4DDR2;X5D7K9;B4DXN0;B4DP93;X5DNU0;X5D7S8;X5DP24;X5D7R7;X5DP17;H3BQK6;H3BRL2;H3BNF6;H3BUK7;H3BP76;H3BNF2;H3BQE7;I3L155;H3BUP3;H3BPZ2",0.113776687030679,29.7809852829781,0.233003325706816,0.815763285115826,0.90897393570871,-6.67887894574027
"O15438;Q59H05;Q96QA9;Q86VN9;Q2M3C9;H0Y8Q6",0.112235912016619,24.708857174713,0.229847971900942,0.818214304813591,0.910945259359131,-6.67959845300561
"P27348;B4DMT8;Q53S41;B4DY04;E9PG15;Q53RR5;Q3YBA8",-0.111801347748628,30.7093818662596,-0.228958027551904,0.818905919432716,0.910956126862705,-6.67979961112776
"Q9NTK5;J3KQ32;Q53SQ6;B4DK14;C9JTK6;Q53SW9;C9JCJ9",0.110321554767786,28.0051111960318,0.225927558877766,0.821262083048333,0.91281709064274,-6.68047874846862
"Q04912;G9JXB8;J3KQS7;K9JYP4;H2E273;H7C3Z8",-0.108447026125337,24.8301759372928,-0.222088710874521,0.824249069146144,0.91537552483728,-6.68132605457716
"Q9Y6E2;B7Z4K8;E7ETZ4;B3KM68;B5MCH7;B5MCE7;Q75MG1;E9PFE3;C9JF98;F8WDX8;E9PFD4;E7EMS9;B7Z6N5",-0.106606039983365,25.2139876254336,-0.218318554572257,0.827185086788765,0.917829104402162,-6.68214406618266
"Q6P9B6;H3BM75;H3BUB0;H3BTC5",-0.10620036391105,28.3352898818528,-0.217487770371416,0.827832388326801,0.917829104402162,-6.6823224384746
"Q15436;F5H365;B4DSQ5;B4DF60;B4E0Q9;G3V4V1;G3V1W4;G3V3G5;G3V2R6;G3V5X8;G3V4Q2;G3V5K1",-0.104725793495518,26.8771260687408,-0.214467996990995,0.830186212536889,0.919675605264746,-6.68296506591223
"Q9Y3E8;B4DX01;A8K8F0;Q9HC38;B3KV49;B7Z403;I3L3Q4;I3L1I0;I3L1F4",-0.103862101612524,28.3018779560558,-0.212699242016881,0.831565614382771,0.919941777119343,-6.68333729580458
"P20073;B4DT77;B4DWU2;B4DHY4;Q53HM8;B2R657;B2R7L2",-0.103713096625953,28.2535104460761,-0.212394094641579,0.831803642784555,0.919941777119343,-6.68340120150086
"Q9ULA0;Q53SB6;Q9BSS9;E7EMB6;E5RIA4;E7ETB3;B7Z7F0;C9JBE1;Q9HAC6;F8WAN0;B7Z822;C9J1E2;B9ZVU2",-0.102229592729095,25.8689172498795,-0.209356026380956,0.834174307964433,0.921800558676992,-6.68403244712166
"Q01082;B2ZZ89;K9MS24;F8W6C1;B4DIF8;P11277;B2RMN7;Q59FP5;Q71VG1;Q71VG2;Q8WYB3",0.10150699828505,27.7609368859331,0.207876224912009,0.83532957413709,0.922314306650539,-6.68433662453341
"P19623;K7ESL0;K7EQ47;K7EL89;K7EKM4",0.0994605232950292,26.6993491311331,0.203685247910525,0.838603348773574,0.925164388077205,-6.68518638324413
"Q9UBB4;Q7Z524;B1AHE4;Q9NTC6;B1AHE3",-0.0980191959285754,25.0716725146658,-0.200733552984433,0.84091074166902,0.926944513918985,-6.68577447953559
"Q96HE7;G3V3E6;G3V5B3;G3V2H0;G3V503;Q86YB8;A0A8I5KWQ1",0.0966872918046242,25.4156870981286,0.19800594596315,0.843044177323828,0.928530107918082,-6.68631029678837
"O75955;Q53HQ0;Q5ST80;Q6IB58;A0A140T9R1;A2VCL5;A0A140T9X0;A2AB10;A2AB09;A2AB12;A0A140T9W4;A2AB13;A0A0G2JJQ6;A2AB11;A0A140T959;A0A140T9C3;A0A140T910;A0A140T957;A0A140T9B1;A0A140T974;A0A140T907;A0A140T905;A2ABJ5",0.0953100663345232,30.0815891647412,0.195185525337832,0.845251420388934,0.930194314365416,-6.68685663755254
"P63220;Q8WVC2;Q6FGH5;Q9BYK1;Q9BYK2;Q13666",-0.0938098720824421,27.1196353863497,-0.192113276891655,0.847657124902777,0.932074007300503,-6.68744284066763
"O15484;A0A140VKH4;E7EV01;B3KSR7;Q59GM2;Q6ZRM8;A0A3B3IRX8;E9PS73",-0.0928246230595207,25.9771938116283,-0.190095584999043,0.849237839773952,0.932520082917581,-6.68782276861052
"Q6IBS0;D6RG15;A0A7I2V2U8;A0A7I2V5D3;A0A7I2V5B1;H0Y858;B4E0A1;A0A7I2YQM6;A0A7I2V3T5",0.0920302679411584,26.428126202018,0.188468824814676,0.850512729961712,0.932520082917581,-6.68812616398208
"Q9UEY8;Q59EK1;Q5VU08;Q53FL4",-0.0920225890643493,26.1602164804825,-0.188453099239597,0.850525055991022,0.932520082917581,-6.68812908412139
"O00743;A0A024R861;B7Z3E2;Q5T1S7;A0A0S2Z482",-0.0918171881857184,25.4362178037514,-0.188032458692986,0.850854776254889,0.932520082917581,-6.68820710396746
"Q9NUQ9;Q68D08;A0A8V8TMP7;E5RI16;E5RJE1;E5RIR8;E5RJL8;E5RGI7;Q3ZTR9;E5RK61;E5RFS4;E5RHU5;E5RK81;E5RH75;Q9H0Q0;B3KRB1",0.0900102854967635,28.0183074121947,0.184332101908634,0.853756428849174,0.934369221332016,-6.68888592857294
"Q9NZL9;A0A140VJP2;A0A8Q3WK80;A0A8Q3WK74;A8K7A4;H7C0X7;B7Z1X8;A0A8Q3WK84;A0A8Q3SIE5;A0A8Q3WK93;A0A8Q3WLC0;A0A8Q3WKR9;A0A8Q3WLP1;E5RJR3",0.0898955584325485,26.1002260196851,0.184097152305088,0.853940732968856,0.934369221332016,-6.68892857419545
"P30419;Q96HI4;A0A7I2V539;A0A7I2V3X4;A0A7I2V4Y5;A0A7I2V3U5;K7EN82;B7Z8J4;K7EN42;A0A7I2V3M5;Q9Y465",-0.0888994489524002,25.0324543024179,-0.182057219277507,0.855541274288912,0.935354453723393,-6.68929655551119
"Q99747;Q6FHY4;J3KTJ6;J3QS28;J3QKW4",-0.0873027345220017,26.2069128265723,-0.178787307117148,0.858108100897501,0.937393640882307,-6.68987785754593
"P60900;A0A140VK44;G3V295;G3V5Z7;G3V3I1;G3V3U4;Q9BZ93;Q59F72;H0YJC4;G3V4S5;G3V2S7",0.0862086047650621,29.0132892994881,0.176546638323083,0.859867856987368,0.937840211719972,-6.6902701048783
"P61086;B4DIZ2;D6RDM7;B3KSH4",-0.0861756613093725,25.7762231066521,-0.176479173406181,0.8599208528121,0.937840211719972,-6.69028183844604
"Q07960;B4DPZ4;H0YE29;O15376;E9PNR6",0.0852425606924996,25.4012727606372,0.17456827625647,0.861422184107539,0.938216051840804,-6.69061232117618
"Q99733;B7ZB83;C9JZI7;A0A994J3W0;B7ZAC7;B4DS05;B7ZAK9;A0A0J9YXQ2;A0A2U9QGI0;C9J6D1;A8MXH2;E9PKT8;E9PNJ7;E9PS34;E9PJJ2;E9PNW0;H0YCI4;E9PP22;E9PKI2;C9J1B1",-0.08508858064679,26.6036390577011,-0.174252940455445,0.861669981743014,0.938216051840804,-6.69066651150768
"P60981;V9HWA6;F6RFD5;B7Z9M9",0.0839432380943599,29.6152023023092,0.171907392955738,0.863513589025083,0.938440555067381,-6.69106651811732
"O00487;A0A140VKF2;Q4ZG77;Q53TH1;Q59G89;C9JW37;Q96DE8",0.0833754080530902,26.7796221307595,0.170744533572986,0.864427876268004,0.938440555067381,-6.69126282070032
"H3BQK9;H3BPE1;Q9UPN3;A0A7P0MQR8;A0A590UJG2;H0Y390;E9PNZ4;A0A804HL78;A0A5F9ZGX0;E9PLY5;A0A669KBB0;E9PLY0;Q6ZSD7;A0A669KB06;Q13696;Q9H8U2;H0Y4F5;Q6ZQZ4;H0Y314;H0Y6T5;Q6IPG6;Q96IQ1;Q32Q32;B4DNC4;Q8WXX9",-0.0831259260261383,26.1819248911629,-0.170233619224002,0.864829635347859,0.938440555067381,-6.69134864698019
"P50990;Q53HU0;Q7Z759;H7C4C8;H7C2U0",-0.083032445368211,28.4431663848068,-0.170042180144918,0.864980183066489,0.938440555067381,-6.69138073975688
"Q07866;Q7RTQ7;B4DGB3;F8W6L3;Q7RTQ2;B5BU63;G3V2E7;G5E9S8;Q7RTQ9;G3V3H3;Q7RTQ1;Q7RTQ0;G3V5R9;Q7RTP8;E7EVH7;Q7RTQ8;Q7RTQ4;B4DS14;Q7Z5D5;G3V2P7;H0YG16;H0YJT3;H0YJL0;H0YJU9;H0YGB8;M1UY77",-0.082779048039324,26.0550949988084,-0.169523247647437,0.86538829628968,0.938440555067381,-6.6914675517986
"P61923;Q53FU3;F8VVA7;F8VXB1;F8VUC5;F8W156;F8W651;F8VYZ4;F8VYK5;F8VXR1",-0.0807109322797395,26.1337197169292,-0.16528795250477,0.868720466934641,0.94128997877103,-6.69216615294285
"O00244;A0A2Z4T009;E5RGN3;Q6IBA3;E5RIM7",0.0786754525919449,25.6067370908884,0.161119492787385,0.872002333023392,0.942899989978258,-6.69283647158886
"P51153;Q504R6;A0A087WWB9;Q96E17;P20337;P59190;A0A2R8YDI9;G5ELZ6;G5ELZ5;G5EMR8;A8K6I8;A0A0A1HAV6;G3V196;A0A2R8YFB8",-0.0785529572394061,28.2909341656144,-0.160868634502881,0.872199906922908,0.942899989978258,-6.692876265254
"P05198;Q53XC0;H0YJS4;G3V4T5;B4DM12",-0.0784762434187165,27.6924860344783,-0.160711532236899,0.872323643422999,0.942899989978258,-6.69290115482092
"P60033;E9PJK1;E9PRJ8;H0YDL9;H0YDJ9;E9PIF1;A6NMH8;H0YEE2",0.0771264983664715,30.7594970035371,0.157947388770983,0.874501239704003,0.944489617012569,-6.6933350974305
"P11172;B5LY71;A8K5J1;E9PFD2;B5LY67;B5LY69;F2Z3P2;F2Z303;F8WDG4;B5LY70;B5LY64",-0.0763518987814855,25.022090637588,-0.156361085951811,0.875751361925492,0.94500853506631,-6.69358073105804
"P40306;Q6IB22;J3QQN1;J3QL48",0.0750828499523806,25.3258863469827,0.153762200315547,0.877800142072484,0.94500853506631,-6.69397780115421
"P48739;B2R7P6;B3KYB6;B3KYB7;B3KVT6",0.0748805441476108,27.3918839952133,0.153347898172011,0.878126825015058,0.94500853506631,-6.69404048518458
"P25786;V9HW55;F5GX11;B4E0X6;B4DEV8;F5H112",0.0743405239294326,28.0778956322377,0.152241990537783,0.87899894991294,0.94500853506631,-6.69420698105691
"O96013;A8K724;B4DE88;B4E3B5;B4DUG0;M0R2X4;M0R0L9;M0R1R1;Q9NQU5;Q9P286;M0R3G6;B3KTJ2;B0AZM9",-0.0742753245750691,25.7407450723078,-0.152108468752283,0.879104255890729,0.94500853506631,-6.69422700140977
"P18085;C9JAK5;C9JPM4;U3KQF2",-0.0742001008293016,29.0843004314496,-0.151954418011368,0.879225755304958,0.94500853506631,-6.69425007806388
"Q9Y2H0;F8WF49;A0A0B4J2C2;A0A087X246",-0.0718625545273852,25.4649680952617,-0.147167355946594,0.883002702014788,0.947598162535336,-6.694955522351
"Q14152;Q7Z5T5;Q24JU4;J9R021;Q05BS0;Q6P1R0;Q3B770",-0.0714472076196948,26.7474600419257,-0.14631676683788,0.883674089733847,0.947598162535336,-6.69507850676147
"O14818;A0A0K0K1K4;Q05DH1;H0Y586;Q8TAA3;B0YJ74;A0A087WYS6;F5GY34;Q4G1B8",-0.0712930247734462,28.1275718584465,-0.146001015721544,0.883923339968396,0.947598162535336,-6.69512397894039
"P20339;A0A0A1HAN9;F8WCY6;F8WD79",-0.0709535094616918,27.0914374224516,-0.145305722170363,0.884472237037099,0.947598162535336,-6.69522376373462
"A0A8V8TPI7",0.0700983433328197,26.344545606928,0.143554427091739,0.88585503603137,0.948319173187428,-6.69547298930202
"Q13200;Q59EG8;B4DM22;Q9NSM5;Q13041;C9JPC0;H7C1H2;H7C2Q3;F8WBS8",0.0695887974311731,27.0050931374531,0.142510927823282,0.886679134577,0.94844141216563,-6.69562005217562
"P28482;Q1HBJ4;B4DHN0;Q499G7",-0.0685927510747959,26.5393189443203,-0.140471124066899,0.888290412990751,0.949404793404515,-6.6959044281574
"A0AVT1;B3KSS1;H0Y8S8;H0Y9U5",0.0675207829283302,26.6131786982278,0.138275840044339,0.890025023867071,0.95049834683166,-6.696205899821
"Q9BXS5;B3KNH5;K7EJL1;B4DDG7;E7ENJ6;Q59EK3;B4DN99;K7EQX3;K7EPJ8;A0A087WZX7;K7ENA7;K7EK69;K7EQ90;K7ERH5;K7ER75;K7EL08",-0.0664930470380298,26.2224235766541,-0.136171139277971,0.891688554719728,0.951471023927509,-6.69649047331694
"Q9Y570;A0A140VK39",0.065639941095796,25.584118865037,0.134424063256438,0.893069785689273,0.951471023927509,-6.69672337762967
"Q8IWB7;Q9H8N9;C9JJ54;A0A494C0A6",-0.0656383554212461,24.7827206371948,-0.134420815952854,0.893072353297228,0.951471023927509,-6.69672380773052
"P32321;D6RBJ9;D6R9S0;D6RBN2;D6RC36;B4DDC2;D6RAR9;D6RAD7",0.0629690465133308,25.5060167186369,0.12895433710631,0.897396207184566,0.955315803026757,-6.69743310470556
"P68104;Q53HM9;Q6IPT9;Q53HQ7;Q6IPS9;Q53HR5;Q53GA1;Q6IPN6;A0A7I2V659;A0A087WVQ9;A8K9C4;Q5VTE0;Q53G85;A0A4D5RAC7;A0A4D5RAC9;A0A7I2V5N4;Q53GE9;A0A4D5RA76;Q9H2I7;A0A087WV01;B4DV42;A0A4D5RAE2;Q96RE1;A0A4D5RA98;Q53G89;A0A4D5RBG5;A0A7I2V3H3;Q8IUB0;Q53HR1;A0A4D5RA52;A0A4D5RAN2;Q504Z0;B4DNE0;B4E2C5;Q6P4C9;Q9NZS6;Q16577;A0A4D5RA61;A0A4D5RAR2;Q96CD8;A0A4D5RBI9;A0A4D5RAF1;A9X7H1;Q96C29;Q8TBL1;Q6P082;A0A4D5RBK4;A0A4D5RAB8;A0A4D5RBD4;A0A4D5RBH1;A0A4D5RAB6;A0A4D5RA69;A0A4D5RBL9;Q5JR01;A0A4D5RAA9;A6PW80;A0A4D5RBE6;Q2F837;Q14222;A0A4D5RA91",-0.0617125301176173,32.639147499495,-0.126381116645712,0.89943262627304,0.956347514383839,-6.69775679803694
"Q14974;B2RBR9;B7Z752;J3KTM9;B7Z5M1;J3QR48;J3QKQ5;J3QRG4",0.0612335858541684,28.4146959634414,0.125400286485121,0.90020901983803,0.956347514383839,-6.69787846231859
"P54577;A0A0S2Z4R1;A0A6Q8PFX2;A0A6Q8PF15;A0A0C4DGZ5;A0A6Q8PFX4;A0A6Q8PFC1;A0A0S2Z4P3;A0A6Q8PGW2",0.0604981341146313,26.410038066173,0.123894154555275,0.901401411041886,0.956347514383839,-6.69806344081494
"Q96FW1;F5GYN4;Q659F9;F5H6Q1;B4DPD5;F5GYJ8;F5H4F3;F5H3F0;B3KUV5;B4E053",-0.0601620182511304,27.2371501951078,-0.123205822735617,0.901946431453454,0.956347514383839,-6.69814723544472
"Q13409;B4DPZ3;A0A140VKE9;Q59GU5;Q9H5W7;B4DX93;E7EUM4;E7ERR6;E7ERH4;E7ET01;E7ESD3;E7EMU4;Q53SA6;E7EU01",0.059731348389878,26.5544421574585,0.122323853743793,0.902644841102908,0.956347514383839,-6.69825392034189
"Q13277;A0A0C4DGE4;A0A286YF28;A0A0J9YW33;Q53YE2;Q7Z338;B4DE70",-0.0597217909767416,27.9144809782025,-0.12230428111337,0.902660341046423,0.956347514383839,-6.69825627919683
"P20042;Q6IBR8;B5BU01;Q96I16;Q3B7I9;Q59GZ3",0.056290706472776,27.1826918367928,0.115277761700043,0.908227129998089,0.961482920505109,-6.69907871024545
"Q16539;B4E0K5;L7RSM2;E7EX54;B5TY33;Q15454;H7C4E2",0.0551155327165382,25.2959074994033,0.112871122865385,0.910134850403138,0.96273963589754,-6.69934921500133
"P47813;O14602;X6RAC9;A6NJH9;A0A1I9KF45",-0.0534738733350011,25.9073741656655,-0.109509167920495,0.912800706454534,0.964793815381915,-6.6997175422234
"Q92888;M0QZR4;A0A9L9PYI1;A0A8V8TMH9;A0A2X0SFA4;A0A8V8TP90;M0QYC1;M0R2C7;Q49AN3;M0QYS3;A0A8V8TMG9;Q8NF33;M0QZH8",0.0529379041159075,24.9258217845491,0.108411556329013,0.913671269596909,0.964793815381915,-6.6998353822558
"Q16181;B4DUD6;E7EPK1;A4GYY8;Q3LIE9;Q8TC62;E7ES33;B4DNE4;A0A024RA87;G3V1Q4;A0A023T695;A8K3D0;B4DPQ6;Q59EY4;Q5JXL7;Q3B7A3;A0A0U1RRM2;A4D1Y2;A0A0U1RRE1;A0A5F9ZGZ7;A0A0U1RRH9;Q6ZU15",-0.0525857999285257,28.402770389195,-0.107690482014087,0.914243241222683,0.964793815381915,-6.69991215101551
"P42224;A0A669KB53;A0A669KBA4;A0A669KB56;A0A669KB68;A0A8V8TN81;A0A669KBI6;J3KPM9;A0A669KB52;A0A669KB75;E7EPD2;A0A669KB17;A0A8V8TLI6;D2KFR9;E7ENM1;E9PH66;A0A8V8TMY9;Q67C41;A5D905;A0A510GDC6;A0A669KBK4",0.0508907205987654,25.7160903403799,0.104219128334536,0.916997409922699,0.966171300236776,-6.70027455682576
"P16615;A0A0S2Z3L2;H7C5W9;O14983;Q8N3X5;Q7Z675;Q7Z6E5;Q93084;A8K9K1;B3KS35;H3BVB2;H3BTW4",0.050820031057107,25.691237236194,0.104074363192142,0.917112288325318,0.966171300236776,-6.7002894122595
"P55263;A0A140VJE0;Q86U79;A0A5K1VW54;A0A5K1VW94;A0A5F9ZH31;A0A5F9ZH72;A0A5F9ZHJ1;A0A5F9ZGZ8;A0A5F9ZH83;A0A5F9ZH76",0.049897741766916,26.8672345677817,0.102185606562936,0.918611269202812,0.966171300236776,-6.70048133948545
"O15498;Q9UES0;A0A7I2V4L6;A4D2J0;B5BU81;A0A7I2V3A1;A0A7I2V3V7;A0A7I2V530;H7C3K7;A0A7I2V3S2",-0.0496513256428628,26.9197565528572,-0.101680970877801,0.919011814282328,0.966171300236776,-6.70053202333873
"P04632;A0A0C4DGQ5;K7ELJ7;A0A075B7C0;U3KQE2;K7EIV0;K7EKD8;K7EM73;U3KPR7;Q96L46;K7ES78;K7EMQ1",-0.0495004373360395,29.7080503128817,-0.101371966650154,0.919257090726881,0.966171300236776,-6.70056293478555
"Q15149;A0A8I5KUE3;A0A8I5KYZ1;E9PMV1;A0A8I5KSD5;H0YDN1;Q96IE3;REV__A0A0U1RR03",0.0491125567363042,29.0886516548686,0.10057762580517,0.919887645135613,0.966171300236776,-6.70064196542764
"O43592;A8KA19;F8WDU6;F5GYW6;F5GZM3",0.0461364782840654,25.1786359585023,0.0944829134784782,0.924727325932232,0.970491521952445,-6.70122765604522
"P25789;B2RDG0;H0YN18;H0YMZ1;H0YL69;H0YMA1;H0YKT8;H0YMI6;H0YLC2;H0YKS0;H0YLS6;H0YMV3",0.0443274671505023,27.5029527704229,0.0907782388095172,0.927670502679777,0.972816162935779,-6.70156578321676
"P07900;K9JA46;Q2VPJ6;Q8TBA7;O75322;Q86U12;Q96HX7;G3V2J8;B4DTA5;Q86SX1;Q14568;Q58FG0;Q58FF9",0.0437454484658666,30.5968423768768,0.0895863224979879,0.928617632371456,0.973045613214326,-6.70167169459213
"O75131;Q05DL8;A0A087WYQ3;E5RHZ0;A0A087WXR6;H0YB26;A0A087WUS8;E5RFT7;Q9UBL6;Q4G168;B3KWK1;O95741",0.043000973811349,28.3164172035723,0.0880617125367201,0.92982927690334,0.973551656695033,-6.70180512806695
"Q68EM7;C9IZD3;A0A2X0SF71;B4DWE9;I3L4P6;I3L4P0;I3L1S9",-0.0420791890590166,25.2148379021199,-0.0861739891508092,0.931329721618426,0.974145325496466,-6.70196716765844
"Q01650;Q2MCL6;Q96QB2;Q9UM01;H0YJ95;A0A0C4DGL4;G3V4Z6;B4DVT0;A0A0S2Z502",0.0417567793219469,28.5782840812231,0.085513726113292,0.931854585317727,0.974145325496466,-6.70202301491473
"Q14254;Q6FG43;E7EMK3;Q9BTI6",-0.0398075121446979,27.0097809903963,-0.0815218210328806,0.935028498419315,0.976249484117575,-6.70235151443897
"Q14160;A0A0G2JNZ2;A0A0G2JPP5;A0A669KB89;A0A0G2JMS7;A0PJK8;H0YCG0;H0YDF9;A0A669KAX5;Q8WYU8",0.03933237874746,27.740761522905,0.0805487951468222,0.935802297486588,0.976249484117575,-6.70242920608312
"Q9C0B5;H0YEF4;E9PMA5",-0.0388237956493072,27.0523464428125,-0.0795072676040495,0.936630639704631,0.976249484117575,-6.70251133356809
"Q9UNS2;H7C3P9;B4DN01;C9JLV5;J3QKR0;J3KTQ1;K7ES36;J3QL22;J3QS85;K7ELN6",0.0387257737463358,26.0852405211518,0.079306528507311,0.936790298382283,0.976249484117575,-6.70252703957656
"O75915;B4DZZ0;B3KQB4;F8WF90;C9JQU6;F8WF33;B4DWQ6",-0.0357547620545233,25.4689635322107,-0.0732221924014488,0.941630676990277,0.980200687337894,-6.70298424403853
"Q9BTT6;A8K883;Q5T0G3",-0.0351331065619469,26.6340540754405,-0.0719491038540985,0.942643758292232,0.980200687337894,-6.70307529509742
"P04899;Q96C71;B3KX51;B3KP24;Q93020;Q6LCB5;Q5T697;P19087;A8MTJ3;P11488;F8WE78;A0A3B3ITG4;O43383;A0A3B3ITX3;A0A3B3IS42;A0A3B3IU77;A0A3B3IRK0;Q6AWC5",0.0350477624110681,31.9060723628841,0.0717743275312564,0.942782846728438,0.980200687337894,-6.70308767039954
"O76003;A0A140VJK1",0.0345140851981789,26.2195574939091,0.0706814097402541,0.943652639106273,0.980342088527201,-6.70316437352756
"Q4KMQ2;A0A7P0TBC5;A0A7P0TAW4;A0A7P0T8Y2;A0A7P0TAF4;A0A7P0TBI1;B4E1V1;B4DZA5;A0A7P0TBD5;B3KX12",-0.0328982478494666,27.1648191776934,-0.0673723357473567,0.946286552217432,0.980618197462483,-6.7033894345601
"P27816;E7EVA0;A0A804HKE7;B4DM10;Q86Y04;H0Y2V1;H7C4C5;F8W9U4;B4DSQ1;B5MEG9;Q8NDS5;Q6NX68;Q05D06;H7C456;A0A0J9YVV8;A0A0J9YW37",0.0323443960576704,25.6473059564349,0.0662381024276397,0.947189500915232,0.980618197462483,-6.70346409463551
"P16152;A0A384NL53;E9PQ63;A8MTM1",-0.0316517661624296,27.93038317603,-0.0648196653709205,0.94831879592916,0.980618197462483,-6.70355567839563
"Q15642;A7VJC9;W4VSQ9;M0R2H7;M0R0F9;M0R070",0.0304472213239606,26.3900273567811,0.0623528774844831,0.950282986155554,0.980618197462483,-6.70371022903183
"P01024;V9HWA9;A0A8Q3SI05;A0A8Q3WM02;B4E216;A0A8Q3SI45;A0A8Q3SI22;M0QYC8;M0QXZ3;A0A8Q3SI34;B4DR57;M0R0Q9;A0A8Q3WLS3;A0A8Q3WKN7",0.0302340983395339,28.168581471104,0.061916422834133,0.950630546807296,0.980618197462483,-6.70373694977994
"P29992;Q59FM5;K7EL62;A0A087WVZ3;Q99061",0.0300287011250724,30.3646285080426,0.0614957897913765,0.9509655171742,0.980618197462483,-6.70376252428038
"P11233;H7C3P7;C9JPE8",-0.0297512277115857,29.9768126198936,-0.0609275518700158,0.951418046170182,0.980618197462483,-6.70379679632998
"Q13526;K7EN45;K7EMU7;B3KUM4",-0.0292961747271505,25.6595508724323,-0.0599956486698671,0.952160222008617,0.980618197462483,-6.70385231334039
"P60983;G3V4P8;O60234;G3V3X4;M0QYG8;M0R1D2;M0R0C1;Q59G69;M0QYJ8;Q8TDZ6",-0.0291049198449613,27.8947169392287,-0.0596039777153795,0.9524721645972,0.980618197462483,-6.70387539126892
"Q8WWI5;A0A8V8TN05;A0A8V8TN34;B3KMS7;B3KWF2",0.0290044894613644,27.9425904942271,0.0593983062901446,0.952635972557653,0.980618197462483,-6.70388744925809
"P61026;Q53T70;Q53SX4;Q9UL28",-0.0286549098521505,30.497733282087,-0.0586824020599207,0.9532061733649,0.980618197462483,-6.7039290958544
"P48637;V9HWJ1;A0A2R8Y430;B7Z1C5;B7Z514;A0A2R8Y5T7;A0A2R8Y6Q7;A0A2R8YF34;A0A2R8Y7I7;A0A2R8Y790;A0A2R8Y446;A0A0S2Z4J7;A0A2R8Y2F2;A0A2R8Y2X9;A0A2R8Y6Y6;A0A2R8Y4V9",-0.0286529422858521,27.1293127975942,-0.0586783726800624,0.953209382738842,0.980618197462483,-6.70392932882805
"Q8N3E9;H0YGF8;F5GXC1;K7EQF2",-0.0284990785802215,25.680749989092,-0.0583632751319342,0.953460358161501,0.980618197462483,-6.70394749783062
"P78330;C9JBI3;Q53EY1",-0.0275233501158034,25.3169379897392,-0.0563650803951257,0.955052028120935,0.980914020197647,-6.70406043950297
"Q9P0L0;A8KA83;J3QKM9;E5RK64;Q59EZ6",0.027422579181188,26.5805384916799,0.0561587115553153,0.955216422363128,0.980914020197647,-6.70407187971613
"Q92896;H3BM42;Q6ZMF1;H3BQT1",0.0262047394779827,25.5771954264645,0.0536646971097365,0.957203312853721,0.981967458050652,-6.70420681934723
"P63010;A0A140VJE8;A8K916;A8K0G3;Q68DI0;A0A087X253;B4DWG4;A0A087WU93;A0A087WZQ6;A0A087WYD1;B4E261;Q96EL6;B4DIL5;K7ERB2;K7EN71;K7EJ01;K7EJX1;K7EKZ5;H7C034;A0A087WXS3",-0.025892804731896,28.2396145354794,-0.0530258858107037,0.957712273832335,0.981967458050652,-6.70424039653443
"P54619;F8VYY9;H0YIC9;H0YHF8;F8VSL2;F8VVA3;F8VZX1;F8VSH3;F8W046;F8VRY2;B4E094;F8VPF5",-0.0244154656811872,26.1782288654269,-0.050000442541127,0.960122969983883,0.98303613261984,-6.70439395822032
"O14950;P19105;J3QRS3;Q53HL1;Q2F834;P24844;Q71U02;Q6IBG1;A0A384NY64;J3KTJ1",0.0243522316472067,29.3718179146592,0.049870945536074,0.960226162476715,0.98303613261984,-6.70440032979012
"Q9BTE1;B4DS97;H3BR94;H3BUD2;H3BS05",-0.0215215171295,25.3051394684158,-0.0440739240726667,0.964846301500192,0.987009692805709,-6.70466863160547
"P62258;V9HW98;G9K389;G9K388;B7ZA86;B4DJB0;B4DJF2;I3L3T1;K7EIT4;K7EM20;I3L0W5;B3KT37",-0.0203285759717815,32.3470926311201,-0.041630899368968,0.96679371807782,0.987580002173729,-6.70477178386795
"P61970;A0A8V8TRD3;H3BRV9;A0A8V8TPY3;A0A8V8TR25",0.0202743661424343,27.2057005152825,0.0415198830364174,0.966882217697034,0.987580002173729,-6.7047763316417
"P61019;A0A0A1HAW1;E9PKL7;H7C125;O75546;Q9UL31;E9PE37;H0YDL5;H0YD31",-0.0193754434401043,28.040200168333,-0.0396789788524191,0.968349802028252,0.987853718717477,-6.70484997384297
"P09417;A0A140VKA9;B7Z415;D6RGG7;D6RHJ7;H0Y8F7",-0.0192044244000655,25.8343587990191,-0.0393287488876682,0.968629020598723,0.987853718717477,-6.70486360612326
"P31939;V9HWH7;B2R7P8;C9JLK0;F8WEF0",-0.0180729226205969,27.4588520447857,-0.0370115459127892,0.970476490956294,0.988982907641197,-6.70495075535138
"Q15185;A0A087WYT3;B3KUY2;B4DDC6",-0.016129969338639,28.2059821768529,-0.0330325710612267,0.973649230675012,0.991459887333701,-6.70508806102835
"O00303;B4DMT5;B3KSH1;H0YDT6;B4DEW9;A0A7I2YQA0;A0A1W2PP79;A0A7I2V4S2;Q9BX72",-0.014977465266977,27.1207689011603,-0.0306723574832422,0.9755314090227,0.992351302486315,-6.70516213574045
"Q7Z5G4;A0A8Q3WLM5;A0A8I5KQW6;A0A8Q3WKQ1;A0A8Q3SHJ7;A0A8Q3WLN5;A0A8I5KXE5",0.0146843105587671,28.0336547769587,0.0300720058317559,0.976010188223816,0.992351302486315,-6.70518010198592
"O43291;A0A140VJV6;K7EM91;Q6LEU8;K7ESI5;K7EKQ0;K7ES27",0.0135937295317667,25.386339968893,0.0278386044832414,0.977791395708896,0.992500288812281,-6.70524382122058
"P51665;B2RD27;B4DXI8;H3BNT7;H3BTM8;H3BQV2",0.0128497633637821,26.5490253120846,0.0263150358517603,0.979006553473274,0.992500288812281,-6.70528446885852
"O95336;A0A0K0K1K7;M0R261;M0R0U3;M0R1L2",-0.0123968155875005,28.4327275514758,-0.0253874439082837,0.979746400146401,0.992500288812281,-6.70530809615201
"P63261;I3L4N8;B4E3A4;Q8WVW5;B4DVQ0;A0A804GS07;A0A6Q8PFE4;B7ZAP6;B3KWQ3;Q6PJ43;I3L3I0;I3L1U9;Q96FU6;V9HVZ7;J3KT65;I3L3R2;Q96DE1;A5GZ75;A4UCT3;F1BXA6;Q6S8J3;Q9UE89;A5A3E0;A0A2R8YFE2;P0CG38;Q9BYX7;L0R5C4;A0A7P0TBL1",-0.0123685760652492,34.7790347019598,-0.0253296121786681,0.979792527276362,0.992500288812281,-6.70530954114537
"P54725;A0A494C0B4",0.0119620676612477,24.7489050187769,0.0244971234454131,0.980456535509654,0.992500288812281,-6.70532997670027
"C9JD81;A0A3B3ITR4;O00522;A0A8I5KWQ7;A4D1F7;A0A8I5KUF9;C9JIY2;C9J718;C9JF32;A0A8I5KW41;A0A8I5KQD8;A0A0C4DG23;A0A8I5KVW5;A0A8I5KX77;A0A8I5KWG2;A0A8I5KVY1;A0A8I5KVY4;A0A8I5KRK7;C9JEW7;A4D1F6",-0.011865633128938,25.612505699663,-0.0242996351257268,0.980614057808541,0.992500288812281,-6.70533472434293
"P13693;A0A0P1J1R0;B4DKJ4;J3KPG2;Q5W0H4;A0A0B4J2C3;E9PJF7;H0YCX0;Q9UP43;B4DLD6;Q56UQ5",-0.0113116525571648,28.3853298739095,-0.0231651380774405,0.981518979368665,0.99266416081494,-6.70536125331456
"P49207;Q5MK14",-0.0103502164367839,27.6745406787146,-0.0211962126380576,0.983089531153106,0.993202037690049,-6.70540428413892
"P13804;A0A8I5KVC9;A0A8I5KUR2;H0YKF0;A0A0S2Z3M4;H3BV91;A0A8I5KUF3;A0A0S2Z3L0;A0A8I5KYH4;A0A8I5KVL5;H0YLU7;A0A8I5KT03;A0A8I5KYP7;H0YK49",-0.0100759035655074,24.4147542999405,-0.0206344471924317,0.983537646604742,0.993202037690049,-6.7054158611213
"Q9Y3F4;B0AZV0;H0YH33",-0.00793210168297875,26.8114585238575,-0.0162441544064324,0.987039913182793,0.99527205570607,-6.7054956263406
"P35237;A0A024QZX5;A0A087X1N8;A0A2R8YD12;Q8IXH2;A0A2R8Y6A7;A0A2R8YDD0;A0A2R8Y517;A0A2R8Y5S1;A0A2R8Y6N4",-0.00766787901533661,28.5657195378017,-0.0157030526931161,0.987471584701436,0.99527205570607,-6.70550414276785
"P17858;Q7L2M7;Q9BSP4;B3KNQ7;Q59GI2;B4E108;Q6MZK4;Q7Z3R9;F8WEU2",-0.00734972676856671,27.7850438110938,-0.0150515085717928,0.987991368064074,0.99527205570607,-6.70551401462816
"B7Z992",0.00661194978171764,30.1714734888906,0.0135406147669887,0.989196735398941,0.99527205570607,-6.70553529729192
"Q96BM9;B2R7U5;Q9NVJ2;B4DQT8;B4E1J8;A0A087X2J2",-0.00647132677464057,27.2911331672421,-0.0132526328510536,0.989426485728647,0.99527205570607,-6.70553909862749
"Q9UHD8;A0A0S2Z5A5;A0A0S2Z5W9;A0A6Q8PHC2;K7EL40;K7EK18;K7EQD7;K7EIE4;K7ER52;K7ER14;K7EJZ2;Q1WWK5;K7EKN4;K7ENQ5;K7EN52;K7EJ51;K7EPY1;K7ENL0;B4DTL7;K7EJV0;K7EQ08",-0.00532509320052199,28.1679029008934,-0.0109052606276523,0.99129923690961,0.99527205570607,-6.70556703607073
"O94973;B7Z5S9;A0A0G2JS82;A0A8I5KPP9;A0A0G2JQM1;B7Z1Q4;B3KMI7;Q8N2F8;A0A0G2JQA4;A0A0G2JRF9;Q59FN8;E9PPY8;E9PQP4;A0A0G2JQT9;A0A0G2JS17;A0A8I5KY83;A0A8I5KYZ9;A0A0G2JQF7;A0A0G2JRS3;A0A0G2JQV2;E9PNC4;A0A0G2JQP3;A0A8I5KV06;A0A8I5QJV7;Q9UFK5;A0A0G2JRP9;M0R2D9",0.00510590197237448,26.2768858454785,0.0104563788184082,0.991657363964355,0.99527205570607,-6.7055717600961
"A0A6Q8PH20;A0A0C4DGB5;A0A1S5UZ18;Q59HE3;P20810;B7Z574;E7EVY3;A0A6Q8PG72;E9PCH5;E9PDE4;B7Z6N0;A0A6Q8PFE5;A0A6Q8PGG5;E7ES10;B7Z5T9;B7Z4U9;B7Z5T6;Q86YM9;B2RCJ7;A0A6Q8PFF6;H0Y7F0;Q6AZE3;E7EQA0;A8K8C4;H0YA91;A0A6Q8PFL0;Q13940;H0Y944;A0A0C4DGD1;E7EN75;D6RBR1;D6RGF7;A0A6Q8PG40;B7Z8U1;E7EQK6;D6RBZ8;Q9Y2M4",0.004990365754729,27.3544907519407,0.0102197721492078,0.991846134267789,0.99527205570607,-6.70557417023633
"P62330;Q5U025;Q6FH17;A0A8I5QJX7",0.00471735430756581,30.0786892739032,0.00966067189057657,0.99229219925186,0.99527205570607,-6.70557964621072
"Q96CW1;A0A087WY71;E9PFW3;C9JPV8;C9JGT8;A0A8I5KWD3;C9JJD3;B4DNB9;H7C4C3;C9JTK4;B4E304;B4DJB1;B4DFM1;B4DTI4;B7Z4N2;C9JJ47;A0A8I5QJU5;A0A8I5KT55;A0A8I5KTP2",0.0026569558414451,27.7409886204339,0.00544118099647188,0.99565868866228,0.997899480909832,-6.7056110394351
"Q14126;J3KSI6;A0A804HJQ3;A0A804HIA2",-0.00146184873107913,27.440449563946,-0.0029937206374262,0.997611415963702,0.998474469460377,-6.70562120991213
"P68400;Q8NEV1;Q5U5J2;B5BUH5;E7EU96;A0A2R8YD58;B2R6D7;Q2I0Y7;A0A2R8YF43;A0A2R8Y5A0;A0A2R8Y4D6;A0A2R8YFU2;A0A2R8Y4H0;A0A2R8YDP2;V9GYA2;A0A2R8YDY7;A0A2R8YEW1;A0A087WY74;A0A2R8Y7T1;A0A2R8Y3W6;A0A2R8YCK2;A0A2R8YF47;V9GY80;A0A2R8YEL7;A0A2R8Y797;V9GYW6",-0.00139104309632998,25.9467891524535,-0.00284871774794248,0.997727108330542,0.998474469460377,-6.70562162727752
"P23526;A0A384MTQ3;Q1RMG2",0.000177091074704094,28.8115043956627,0.000362664887121577,0.999710642060533,0.999710642060533,-6.7056255604958
