"UNIPROT","Symbol","degree","betweenness","X.1","logFC","AveExpr","t","P.Value","adj.P.Val","B","X"
"A5D8V6","VPS37C",34,0.579279054279054,"A5D8V6;F5H4Q5;B4DYD9",-2.0587403615455,24.8860929633481,-3.39252880491763,0.00180534282166488,0.00839175001605477,-1.58136575779261,"A5D8V6;F5H4Q5;B4DYD9"
"O00421","CCRL2",4,1.45183792815372,"O00421;B2R8C0;C9JP23",3.27766621893271,24.907788062223,5.42952079643149,5.09638819669119e-06,5.04623326523169e-05,4.01429707716611,"O00421;B2R8C0;C9JP23"
"O00468","AGRN",16,325.053211903651,"O00468",3.42626529297742,29.9327406768345,6.4477504072077,2.52635432656671e-07,3.63119776247077e-06,6.91001017673028,"O00468"
"O00622","CCN1",6,11.6909365200722,"O00622;B4DI61;Q6FI18;Q53FA4;Q9UID7",5.30438855139913,26.7684743019967,8.27493574696065,1.40819766000589e-09,3.85277938733191e-08,11.8985759661873,"O00622;B4DI61;Q6FI18;Q53FA4;Q9UID7"
"O00762","UBE2C",10,228.896973505057,"O00762;Q5TZN3;B2R4U3;A0A0A0MSE8",1.99317046951314,24.4140615629845,3.71640293941436,0.000741878611259458,0.00388241508140646,-0.74608434687925,"O00762;Q5TZN3;B2R4U3;A0A0A0MSE8"
"O14618","CCS",2,0,"O14618;J3KNF4;E9PP76;E9PK03",1.53928508746643,24.3763035959222,3.04493254310064,0.00453227120446502,0.0182873918327638,-2.43658444940765,"O14618;J3KNF4;E9PP76;E9PK03"
"O14786","NRP1",10,336.075126600637,"O14786;E9PEP6;Q5JWQ6",1.50978006057667,24.0386849837999,2.60192617845274,0.0137440846428565,0.0467989082981108,-3.44916074156073,"O14786;E9PEP6;Q5JWQ6"
"O14920","IKBKB",20,840.869871812774,"O14920;A0A499FJS7;B4DP95;A8K4I7;G3V105;E5RGW5;B4E0A7;A0A7P0SVL5;Q59GL9;Q32ND9;B3KRB7;J3KNS5;E5RGA0;A1L159;A0A7P0NCV2;E5RFG5;A0A7I2V4L0;E5RFT3;E5RIW0;E5RJH2",-0.776727128074167,23.4795532059431,-1.3688628984926,0.180231423846216,0.357744978428424,-5.63366342655276,"O14920;A0A499FJS7;B4DP95;A8K4I7;G3V105;E5RGW5;B4E0A7;A0A7P0SVL5;Q59GL9;Q32ND9;B3KRB7;J3KNS5;E5RGA0;A1L159;A0A7P0NCV2;E5RFG5;A0A7I2V4L0;E5RFT3;E5RIW0;E5RJH2"
"O14939","PLD2",12,73.7053095667701,"O14939;Q86YQ7;B7Z905;I3L1F3;Q59FT5;I3L222;I3L381;I3L4R5;I3L3I7",-4.08192075013316,24.2654412522125,-7.05879517163015,4.29059611755663e-08,7.96569600634472e-07,8.61813991583148,"O14939;Q86YQ7;B7Z905;I3L1F3;Q59FT5;I3L222;I3L381;I3L4R5;I3L3I7"
"O15143","ARPC1B",28,30.647518095693,"O15143;A4D275;C9JEY1;C9K057;F8VXW2;C9JBJ7;C9JTT6;C9JM51",-1.40665204418792,28.4990660123468,-2.53325971595051,0.0162023083610666,0.0536464965797949,-3.59708783427691,"O15143;A4D275;C9JEY1;C9K057;F8VXW2;C9JBJ7;C9JTT6;C9JM51"
"O15144","ARPC2",30,443.105358044846,"O15144;Q53R19;Q9BXV5;H7C3F9;C9JTV5;G5E9J0;G5E9S7",-1.4436301561972,28.9045281201689,-2.73821224453625,0.00985367679282579,0.0355713170333607,-3.1480231774622,"O15144;Q53R19;Q9BXV5;H7C3F9;C9JTV5;G5E9J0;G5E9S7"
"O15145","ARPC3",28,30.647518095693,"O15145;B2R4D5;Q2LE71;B4DM63;C9JZD1;F8VR50",-1.05782288925133,28.5345878907565,-1.98051801100735,0.0559793684525486,0.148469090309098,-4.68389720574778,"O15145;B2R4D5;Q2LE71;B4DM63;C9JZD1;F8VR50"
"O15230","LAMA5",34,7.13562697793477,"O15230;O75079;A0A087WYH7;A0A075B783;Q566Q1",3.25992473968899,29.3424343533579,6.04852322891659,8.16391692927789e-07,1.0267442299362e-05,5.77914239037451,"O15230;O75079;A0A087WYH7;A0A075B783;Q566Q1"
"O15511","ARPC5",28,30.647518095693,"O15511;B1ALC0;B3KTE1;Q6IPM3",-0.979365984593279,29.6463035968815,-1.85491264254993,0.0725058194816732,0.181061369866564,-4.90233519524149,"O15511;B1ALC0;B3KTE1;Q6IPM3"
"O43143","DHX15",36,114.734253368654,"O43143;B4E0S6",-2.01853488514996,25.346770471377,-3.2237232817179,0.00283668264683919,0.0123742841615265,-2.00259664078713,"O43143;B4E0S6"
"O43390","HNRNPR",40,98.0812549216267,"O43390;Q0VGD6;Q6MZS5;A0A6Q8PEX7;B2R7W4;B4DMB1;A0A6Q8PH31;B4DT28;A0A6Q8PHG0;B4DMD1;A0A6Q8PH35;A0A286YEZ8;Q7Z334",-1.69239118068467,25.6243047824309,-2.92967647646036,0.00609403205986937,0.0236409029785231,-2.70909093512541,"O43390;Q0VGD6;Q6MZS5;A0A6Q8PEX7;B2R7W4;B4DMB1;A0A6Q8PH31;B4DT28;A0A6Q8PHG0;B4DMD1;A0A6Q8PH35;A0A286YEZ8;Q7Z334"
"O43520","ATP8B1",6,0,"O43520;A0A2R8Y5C5;A0A3B3IRQ1;O60312;Q8TF62;H0YMP8",-3.0586695083054,25.7919127496405,-4.85213325055052,2.81101288472548e-05,0.000224233994564163,2.37261402070483,"O43520;A0A2R8Y5C5;A0A3B3IRQ1;O60312;Q8TF62;H0YMP8"
"O43633","CHMP2A",44,76.239625201038,"O43633;M0R1T5;M0R1L7;M0QXX8",-2.21393348963019,29.2315234680724,-3.96851940738142,0.000364993165793467,0.00210427668042481,-0.0751354859734237,"O43633;M0R1T5;M0R1L7;M0QXX8"
"O43854","EDIL3",2,0,"O43854",11.7505731211699,27.8401360240637,16.4137617316637,1.69102477173163e-17,5.27430626303094e-14,28.6787099801436,"O43854"
"O43865","AHCYL1",2,0,"O43865;A0A024R0A8;Q2NKW8;Q6ZMM9;Q9BTL0;O43210;Q6ZMI1",-1.0064718226211,26.4785350869001,-1.83934208575419,0.0748205841526591,0.185800479277185,-4.92861286452297,"O43865;A0A024R0A8;Q2NKW8;Q6ZMM9;Q9BTL0;O43210;Q6ZMI1"
"O60437","PPL",10,1072.6627265186,"O60437;K7EKI8;K7EQ71;B7Z394;A0A2R8Y432;REV__Q8NDI1;REV__A0A140VK17;REV__A8K930;A0A2R8Y7A4;A0A2R8YCP0;REV__H7C1E6;Q5JTW2;A0A2R8Y5W6;A8MST6;A0A2R8Y7U5;A0A2R8Y4C1;A0A2R8Y589;REV__Q9ULW3;A0A2U3TZI9",-7.23705889737411,25.9335201755218,-13.2773714296889,7.78895659897782e-15,1.29028472693281e-12,23.2313154537164,"O60437;K7EKI8;K7EQ71;B7Z394;A0A2R8Y432;REV__Q8NDI1;REV__A0A140VK17;REV__A8K930;A0A2R8Y7A4;A0A2R8YCP0;REV__H7C1E6;Q5JTW2;A0A2R8Y5W6;A8MST6;A0A2R8Y7U5;A0A2R8Y4C1;A0A2R8Y589;REV__Q9ULW3;A0A2U3TZI9"
"O60443","GSDME",2,0,"O60443;C9JSR4;A4FTY0;A4FVA8;A8K410",3.49295665397581,24.938487074839,6.6475508498677,1.41013536637176e-07,2.21015688829825e-06,7.47203490367389,"O60443;C9JSR4;A4FTY0;A4FVA8;A8K410"
"O60503","ADCY9",12,43.1859196255035,"O60503;I3NI20;I3L342",1.66203552107912,24.465225651218,3.01252716275326,0.00492815123874651,0.0196307837977655,-2.51380065175418,"O60503;I3NI20;I3L342"
"O60603","TLR2",34,1647.11018321602,"O60603;B3KWR9;A0A0S2Z4S4;K9MV98;A0A0S2Z4L7;A0A2R8Y4N9;D2JYJ1;D2JYJ0;D2JYJ4;D2JYJ3;D2JYJ2;C6KIA9;C6KIA6",-2.27215571153897,24.5534334681802,-4.14042553366698,0.000223465180683093,0.00137744643982326,0.390904998428899,"O60603;B3KWR9;A0A0S2Z4S4;K9MV98;A0A0S2Z4L7;A0A2R8Y4N9;D2JYJ1;D2JYJ0;D2JYJ4;D2JYJ3;D2JYJ2;C6KIA9;C6KIA6"
"O60610","DIAPH1",6,443,"O60610;Q6URC4;A0A2R8Y5N1;A0RZB8;A0A1E1ERW3;B4DVR3;Q96IL1;Q7KZJ7;B4E2I7;A0A2R8YEF8;A0RZB7",-1.45572081738884,26.9580553454196,-2.65060589738626,0.0122151409341083,0.0424265307054386,-3.34272754972815,"O60610;Q6URC4;A0A2R8Y5N1;A0RZB8;A0A1E1ERW3;B4DVR3;Q96IL1;Q7KZJ7;B4E2I7;A0A2R8YEF8;A0RZB7"
"O60784","TOM1",8,422.449081971795,"O60784;B4DKQ5;B4DJ44;B0QY01;B3KUU1;B3KUF5;V9GYF4;B0QY02;Q6UW50;F8WE29;V9GZ68;H7BYN7;F8WB30;F8WAW7;F8WBB0",-3.7113260013793,24.5823840137648,-5.7362704732395,2.05410835130661e-06,2.24798735007906e-05,4.88967778758342,"O60784;B4DKQ5;B4DJ44;B0QY01;B3KUU1;B3KUF5;V9GYF4;B0QY02;Q6UW50;F8WE29;V9GZ68;H7BYN7;F8WB30;F8WAW7;F8WBB0"
"O75348","ATP6V1G1",20,0,"O75348;A0A7I2V4K4;A0A7I2V3Q6;A0A7I2V375;O95670;A0A7I2V2N1;A0A7I2YQH3;F2Z307",-2.61766666631453,26.0633532477831,-4.87376062102816,2.6374756054228e-05,0.000213116228324189,2.43376359069317,"O75348;A0A7I2V4K4;A0A7I2V3Q6;A0A7I2V375;O95670;A0A7I2V2N1;A0A7I2YQH3;F2Z307"
"O75351","VPS4B",32,10.989598738461,"O75351;A8K4G7;A8K5D8;K7EKZ3;Q6PJZ4;K7EL71;Q6PIW4;B3KNH6",-4.55464794408816,27.2015767155841,-7.26458907286208,2.37955824376759e-08,4.66782525931516e-07,9.18544395131678,"O75351;A8K4G7;A8K5D8;K7EKZ3;Q6PJZ4;K7EL71;Q6PIW4;B3KNH6"
"O75531","BANF1",6,443,"O75531;B2R4V4",2.4621098003269,27.4056043967845,4.466481827595,8.70395850322351e-05,0.000600611649813145,1.29010291923758,"O75531;B2R4V4"
"O75787","ATP6AP2",20,0,"O75787;B7Z413;A0A1B0GVW0;A0A1B0GUT7;B7Z4S4;A0A1B0GVC7;A0A1B0GTU8;A0A1B0GTB0;A0A1C7CYW4;A0A1B0GVB9;A0A1B0GVZ1;H7C240;B7Z1I9;H7C3E1;A0A1B0GWJ8;A0A1B0GV60;A0A1B0GVI9;A0A1B0GW13;A0A1B0GWD6;A0A1B0GU12",0.371755276614319,23.2542602051739,0.705394082361459,0.485484218580016,0.675805110417838,-6.30403746631749,"O75787;B7Z413;A0A1B0GVW0;A0A1B0GUT7;B7Z4S4;A0A1B0GVC7;A0A1B0GTU8;A0A1B0GTB0;A0A1C7CYW4;A0A1B0GVB9;A0A1B0GVZ1;H7C240;B7Z1I9;H7C3E1;A0A1B0GWJ8;A0A1B0GV60;A0A1B0GVI9;A0A1B0GW13;A0A1B0GWD6;A0A1B0GU12"
"O75874","IDH1",10,1874.14746573296,"O75874;A0A024R3Y6;V9HW78;B2R5M8;Q6FIA4;Q6FI37;Q0QER2;C9J4N6;B4DXS4;C9JLU6;C9JJE5;A0A0A0U6N4",-2.67475194833776,28.2426990087734,-4.89143787518357,2.50356942820263e-05,0.000204414477658744,2.4837723963738,"O75874;A0A024R3Y6;V9HW78;B2R5M8;Q6FIA4;Q6FI37;Q0QER2;C9J4N6;B4DXS4;C9JLU6;C9JJE5;A0A0A0U6N4"
"O75962","TRIO",2,0,"O75962;A0A2X0SFJ0;E7EWP2;A0A8V8TLX5;B4E3M5;F5H228;E7EPJ7;A0A994J7G8;A0A804HII1;A0A804HLI0;H7BXZ5;A0A1S5UZ29;C9IZQ6;A0A804HKT9;O60229;A0A804HLF3;A0A804HI91;A0A804HJC5;A0A804HIP9;A0A804HIN3;A0A804HIK8;A0A804HIY9;A0A804HJX0;A0A804HJ49;A0A804HI42;A0A8V8TNC6;H7C1X7;A0A804HKU9;A0A804HLC8",1.74156905729146,24.4724042192347,2.4845913547509,0.0181825927049156,0.0591360861800121,-3.70032969150835,"O75962;A0A2X0SFJ0;E7EWP2;A0A8V8TLX5;B4E3M5;F5H228;E7EPJ7;A0A994J7G8;A0A804HII1;A0A804HLI0;H7BXZ5;A0A1S5UZ29;C9IZQ6;A0A804HKT9;O60229;A0A804HLF3;A0A804HI91;A0A804HJC5;A0A804HIP9;A0A804HIN3;A0A804HIK8;A0A804HIY9;A0A804HJX0;A0A804HJ49;A0A804HI42;A0A8V8TNC6;H7C1X7;A0A804HKU9;A0A804HLC8"
"O94813","SLIT2",2,0,"O94813;A0A087WYV5;X6R3P0;B3KNE2;H0Y9Z6;H0Y968;E9PCX4;F5H0U4",3.4617304536484,24.9297017119478,6.09089946512189,7.20520210380224e-07,9.28637411642941e-06,5.89958410549855,"O94813;A0A087WYV5;X6R3P0;B3KNE2;H0Y9Z6;H0Y968;E9PCX4;F5H0U4"
"O95352","ATG7",4,0,"O95352;B3KQM6;B2RB57;B4DQK1;H7C059;C9JE55;C9J415;C9JFF4;H7C2R3;H7BZ92;H7C2J8",-1.12087988351888,24.1936868157306,-1.94133993481686,0.0607427732162616,0.157486874199102,-4.75325022354198,"O95352;B3KQM6;B2RB57;B4DQK1;H7C059;C9JE55;C9J415;C9JFF4;H7C2R3;H7BZ92;H7C2J8"
"O95466","FMNL1",2,0,"O95466",6.21848493847222,25.313810015985,11.021926498591,1.23687201310586e-12,8.20809321037695e-11,18.5602990377933,"O95466"
"O95477","ABCA1",8,153.567711770707,"O95477;B7XCW9;B2RUU2;A0A7I2V5U0;Q6ZNR3;Q59HC0;A5D8U6;B1AMI2",1.97556186804317,24.5944560247402,3.63084111175074,0.000940793240837954,0.00479342558464075,-0.969905334778309,"O95477;B7XCW9;B2RUU2;A0A7I2V5U0;Q6ZNR3;Q59HC0;A5D8U6;B1AMI2"
"O95816","BAG2",4,0,"O95816;B3KM36;B3KN59",3.55094740365341,24.6256632354324,6.2801703624698,4.12881334149602e-07,5.74900393398486e-06,6.43644063449757,"O95816;B3KM36;B3KN59"
"O95858","TSPAN15",2,0,"O95858;H7C285",2.43080540410038,26.8610759663872,4.20788573461874,0.00018408384050948,0.00116698678566884,0.575432493464628,"O95858;H7C285"
"P00491","PNP",8,1325,"P00491;V9HWH6;Q8N7G1;G3V5M2;A0A8V8TL37;G3V2H3;Q9P1G4;G3V393",-1.43276603077145,27.7470740902939,-2.70937143332186,0.0105796397340525,0.0377011406823878,-3.21256270513863,"P00491;V9HWH6;Q8N7G1;G3V5M2;A0A8V8TL37;G3V2H3;Q9P1G4;G3V393"
"P00533","EGFR",138,26136.2146375846,"P00533;Q2TTR7;A8K2T7;A9CB80;C9JYS6;B7Z2I3;F2YGG7;E7BSV0;Q504U8;Q59FL8;Q68GS6;A0A2D3C335;Q147T7;A0A2D3C337;Q75MF2;A2VCQ7;I3WA72;I3WA73;A0A8V8TPW8;I3WA68;F1JTL6;A0A1Y0B9F1;A0A1Y0B9F8;A0A068JD88;A0A1Y0B9F6;B6RC65;B6RC66;A0A1Y0B9F4;Q9H3C8;E2I6F5;Q9H3D0",2.66096413050353,28.1484132695048,4.96850672438054,1.9944158169337e-05,0.000166325746872091,2.70207315208313,"P00533;Q2TTR7;A8K2T7;A9CB80;C9JYS6;B7Z2I3;F2YGG7;E7BSV0;Q504U8;Q59FL8;Q68GS6;A0A2D3C335;Q147T7;A0A2D3C337;Q75MF2;A2VCQ7;I3WA72;I3WA73;A0A8V8TPW8;I3WA68;F1JTL6;A0A1Y0B9F1;A0A1Y0B9F8;A0A068JD88;A0A1Y0B9F6;B6RC65;B6RC66;A0A1Y0B9F4;Q9H3C8;E2I6F5;Q9H3D0"
"P00738","HP",10,7.96670220044833,"P00738;A0A0C4DGL8;J3QR68;H0Y300;Q6NSB4;P00739;Q6PEJ8;B3KP77;J3QLC9;Q14552;J3KTC3;H3BS21",-3.3815604855355,24.6217686486656,-6.16899293979724,5.72490029335015e-07,7.56608644701657e-06,6.12132023570064,"P00738;A0A0C4DGL8;J3QR68;H0Y300;Q6NSB4;P00739;Q6PEJ8;B3KP77;J3QLC9;Q14552;J3KTC3;H3BS21"
"P00749","PLAU",22,19.7990519608077,"P00749;E7ET40;B2R7F2;B4DNJ4;Q59GZ8;Q96SE8;S4R3G7",-1.89591361260727,28.8049525042849,-3.54445416845368,0.00119360113744634,0.00585778443002652,-1.19366893400388,"P00749;E7ET40;B2R7F2;B4DNJ4;Q59GZ8;Q96SE8;S4R3G7"
"P00750","PLAT",12,2.50765597794738,"P00750;B8ZX62;B4DRD3;A0A7I2YQ93;B4DV92;E7ESF4;B4DNJ1;B4DN26;A0A7I2V6D6;A0A7I2V268;E5RHG4;E5RGA1;H0YBH9;Q5HYM8;Q8NG20;Q6LBF5",3.45701128783319,25.8669431930206,6.40883478296827,2.83114876799081e-07,4.0321246608965e-06,6.80020238268304,"P00750;B8ZX62;B4DRD3;A0A7I2YQ93;B4DV92;E7ESF4;B4DNJ1;B4DN26;A0A7I2V6D6;A0A7I2V268;E5RHG4;E5RGA1;H0YBH9;Q5HYM8;Q8NG20;Q6LBF5"
"P01011","SERPINA3",6,7.61962437042511,"P01011;B3KS79;G3V3A0;A0A977TIE0;A0A977TIE2;G3V595",-1.88679272331484,23.7126672847833,-2.6218910576909,0.0130968028826297,0.044994228029874,-3.40566428432659,"P01011;B3KS79;G3V3A0;A0A977TIE0;A0A977TIE2;G3V595"
"P01033","TIMP1",26,106.352666898668,"P01033;Q5H9A7;Q6FGX5;B3KQF4;H0Y789;Q58P21;Q5H9B5;Q5H9B4",3.28290376591505,26.1666517738111,4.91142536366699,2.36028315055515e-05,0.000193729556488987,2.54034600749431,"P01033;Q5H9A7;Q6FGX5;B3KQF4;H0Y789;Q58P21;Q5H9B5;Q5H9B4"
"P01040","CSTA",8,701.893127067872,"P01040;C9J0E4",-3.02021446038048,24.581540046084,-5.91359986286217,1.21580492886125e-06,1.41085487060673e-05,5.3951784959799,"P01040;C9J0E4"
"P01111","NRAS",36,1630.73368372866,"P01111;Q5U091",-1.68525721259112,25.5906574787695,-1.77216399431336,0.0855434887619745,0.207472893816951,-5.03991305035809,"P01111;Q5U091"
"P01833","PIGR",2,0,"P01833",-0.976949630623182,23.4835049600177,-1.93669848296604,0.0613297325558067,0.158876607841828,-4.7613939873752,"P01833"
"P01903","HLA-DRA",12,104.802042797509,"P01903;B0UXD8;A0A1V0E3V4;A0A0G2JMH6;A0A0G2JH46;Q30118;B4DVL4;Q7YPT8;Q59GE3;B4DLJ8;B4DW37;B4E2U4;Q67AF0;A0A346MPT6;Q08AS3;Q08AS4;Q67AF5;Q30085;A0A896YBD6;A0A5P8NK25;A0A7D7L7R7;A0A2K9UYT9;Q29885;A0A8E4NGV0;Q67AF3;Q67AF6;Q67AF2;A0A5P8NFL4;L8EB08;A0A8G0VL53;B7ZW51;A0A7G8KPP6;I7L1P1;Q67AE8;Q76NI6;A0A8F5FTG8;A0A346ASF5;A0A345F7E0;A0A345F7D7;A0A8F7GNE3;A0A4Y5R8Q2;A0A1W2HC18;A0A5P8NFE2;A0A1U9X7T6;A0A1U9X7S6;A0A140TA34;A0A0U4C4L3;L8E864;A0A7D3V690;A0A6H1PSA9;A0A649ZUV0;Q29882;Q2LIQ8;Q2LIR1;A0A5J6D2Z6;Q5Y7C3;A0A482LU68;Q30069;O19697;Q5Y7H0;A0A0F6R8Y9;A0A6B7IAL1;Q67AG4;O19704;Q67AG3;Q67AG2;Q67AG1;A0A6B7HFD7;A0A5H2UEZ6;A0A1W2PP70;A0A6B7HG10;A0A3S6RHR1;A0A6B7HHG1;A0A6B7HFM0;A0A650AP24;H6X377;A0A7T8GE76;A0A7T8GDZ4;A0A4Y5QRV8;A0A6M8DQ68;A0A6G8IQY1;A0A6B7IC72;Q861G0;A0A6G8IQL3;P01906;A0A6B7HHD8;Q67AF4;Q67AG5;A0A6B7HG83;Q67AF7;Q67AF1;Q67AF8;Q67AF9;A0A4P8NGF6;Q67AG0;A0A5A4LJP2;A0A858B8H4;A0A5A4LKR4;A0A6B7IDI5;A0A8E4J4A3;Q67AC5;Q67AC6;Q67AC7;Q67AE3;Q67AE6;Q67AE5;A0A678ZWG2;Q67AE7;A0A678ZWF7;Q67AG6;Q67AE4;A0A6B7G4C3;A0A1U9X7T9;Q67AE9",5.41975838364429,26.3625759761558,9.63872005532122,3.78458765053395e-11,1.73590130617874e-09,15.342318883917,"P01903;B0UXD8;A0A1V0E3V4;A0A0G2JMH6;A0A0G2JH46;Q30118;B4DVL4;Q7YPT8;Q59GE3;B4DLJ8;B4DW37;B4E2U4;Q67AF0;A0A346MPT6;Q08AS3;Q08AS4;Q67AF5;Q30085;A0A896YBD6;A0A5P8NK25;A0A7D7L7R7;A0A2K9UYT9;Q29885;A0A8E4NGV0;Q67AF3;Q67AF6;Q67AF2;A0A5P8NFL4;L8EB08;A0A8G0VL53;B7ZW51;A0A7G8KPP6;I7L1P1;Q67AE8;Q76NI6;A0A8F5FTG8;A0A346ASF5;A0A345F7E0;A0A345F7D7;A0A8F7GNE3;A0A4Y5R8Q2;A0A1W2HC18;A0A5P8NFE2;A0A1U9X7T6;A0A1U9X7S6;A0A140TA34;A0A0U4C4L3;L8E864;A0A7D3V690;A0A6H1PSA9;A0A649ZUV0;Q29882;Q2LIQ8;Q2LIR1;A0A5J6D2Z6;Q5Y7C3;A0A482LU68;Q30069;O19697;Q5Y7H0;A0A0F6R8Y9;A0A6B7IAL1;Q67AG4;O19704;Q67AG3;Q67AG2;Q67AG1;A0A6B7HFD7;A0A5H2UEZ6;A0A1W2PP70;A0A6B7HG10;A0A3S6RHR1;A0A6B7HHG1;A0A6B7HFM0;A0A650AP24;H6X377;A0A7T8GE76;A0A7T8GDZ4;A0A4Y5QRV8;A0A6M8DQ68;A0A6G8IQY1;A0A6B7IC72;Q861G0;A0A6G8IQL3;P01906;A0A6B7HHD8;Q67AF4;Q67AG5;A0A6B7HG83;Q67AF7;Q67AF1;Q67AF8;Q67AF9;A0A4P8NGF6;Q67AG0;A0A5A4LJP2;A0A858B8H4;A0A5A4LKR4;A0A6B7IDI5;A0A8E4J4A3;Q67AC5;Q67AC6;Q67AC7;Q67AE3;Q67AE6;Q67AE5;A0A678ZWG2;Q67AE7;A0A678ZWF7;Q67AG6;Q67AE4;A0A6B7G4C3;A0A1U9X7T9;Q67AE9"
"P02649","APOE",30,704.753011265181,"P02649;A0A0S2Z3D5;A0A346DBY2;J9ZVQ3;A0A0S2Z3V0;E9PEV4;E7ERP7;H0Y7L5;A0A0S2Z3J5;A0A0S2Z3B1;Q6LBZ1;D9ZB55;Q13791;Q8TCZ8;Q6LA97",1.27975743167979,26.0593133927713,2.08324717014698,0.0450033727441353,0.123561196821266,-4.4969373898281,"P02649;A0A0S2Z3D5;A0A346DBY2;J9ZVQ3;A0A0S2Z3V0;E9PEV4;E7ERP7;H0Y7L5;A0A0S2Z3J5;A0A0S2Z3B1;Q6LBZ1;D9ZB55;Q13791;Q8TCZ8;Q6LA97"
"P02751","FN1",126,6024.76556630829,"P02751;H0Y7Z1;A6YID2;A6YID6;A6YID4;A6YID5;A6YID3;O95617;A6YID7",3.53842274994988,29.6216842632296,6.5261658171642,2.00888429022822e-07,2.99794741685254e-06,7.13094743017841,"P02751;H0Y7Z1;A6YID2;A6YID6;A6YID4;A6YID5;A6YID3;O95617;A6YID7"
"P02786","TFRC",22,1401.48713760816,"P02786;A8K6Q8;A0A8V8TLM6;A0A8V8TM41;A0A8V8TLK7;G3V0E5;B7Z2I6;A0A8V8TM46;A0A8V8TLN0;A0A8V8TN37;A0A8V8TND0;A0A8V8TLK4;F8WBE5",2.12382942054407,27.0417140126054,3.91741079304198,0.000421877639113558,0.00240555092576817,-0.212429258636011,"P02786;A8K6Q8;A0A8V8TLM6;A0A8V8TM41;A0A8V8TLK7;G3V0E5;B7Z2I6;A0A8V8TM46;A0A8V8TLN0;A0A8V8TN37;A0A8V8TND0;A0A8V8TLK4;F8WBE5"
"P02788","LTF",22,753.754442450098,"P02788;E7EQB2;V9HWI4;A0A161I202;E7ER44;B3VMW0;A8K494;Q5EK51;B7ZAL5;B2MV14;Q19KS2;Q8IX02;C9JCF5;B4E1L2;A0A804HKN5",-1.23998420241569,23.9213637623571,-1.76520503761281,0.0867251598688346,0.2096866462255,-5.05124831374217,"P02788;E7EQB2;V9HWI4;A0A161I202;E7ER44;B3VMW0;A8K494;Q5EK51;B7ZAL5;B2MV14;Q19KS2;Q8IX02;C9JCF5;B4E1L2;A0A804HKN5"
"P02795","MT2A",2,0,"P02795;Q8TE66;H3BSP9",1.56203871466489,28.0678246335795,2.88588061229729,0.00681080556079045,0.0260649110970619,-2.81105112830509,"P02795;Q8TE66;H3BSP9"
"P03956","MMP1",20,110.391381127368,"P03956;B4DN15;Q5TZP0;Q53G96;Q53FK3;Q53G75;B4DW26;Q53G95;Q96DZ4;A5GZ69",4.05603336942257,25.7032708096364,6.77776195808819,9.65951680526133e-08,1.63739309323968e-06,7.8365836334982,"P03956;B4DN15;Q5TZP0;Q53G96;Q53FK3;Q53G75;B4DW26;Q53G95;Q96DZ4;A5GZ69"
"P03973","SLPI",4,0,"P03973",-2.40283591495864,28.1949423168168,-4.08913652983245,0.000258828270657813,0.00156450654298783,0.251207981324836,"P03973"
"P04004","VTN",54,335.61456264512,"P04004;B7Z553;D9ZGG2",0.12234416514643,23.268044693695,0.2144768661351,0.831486889011403,0.91004865461466,-6.53011178388839,"P04004;B7Z553;D9ZGG2"
"P04040","CAT",2,0,"P04040;A0A384P5Q0;B4DWK8;Q8TAK2",1.88445610366126,24.2629019094174,3.17761907269,0.00320431561850025,0.0136907676905511,-2.11575677873254,"P04040;A0A384P5Q0;B4DWK8;Q8TAK2"
"P04080","CSTB",2,0,"P04080;Q76LA1;A0A1W2PQG6;A0A1W2PS52",-0.835552191189944,29.2444708480964,-1.45660608231781,0.154616642466848,0.320920231860246,-5.51575791273667,"P04080;Q76LA1;A0A1W2PQG6;A0A1W2PS52"
"P04233","CD74",118,4194.68967921038,"P04233;U6FVB0;A9YLN4;M1VPF6;E7EQJ3;H0YBZ8;H0YBZ2;B4DUJ2",2.95606427089903,24.6797436180161,5.18647947093944,1.04696643662821e-05,9.41062915228638e-05,3.32146334226784,"P04233;U6FVB0;A9YLN4;M1VPF6;E7EQJ3;H0YBZ8;H0YBZ2;B4DUJ2"
"P04350","TUBB4A",4,0,"P04350;B4DJ43;B4DE77;B4DFH6;M0R2D3;M0R278;M0QY85;M0QYM7;M0R0X0;M0QY37;M0QX14;M0R042;M0QZL7;M0R1I1;M0R2T4;A0A075B724",-0.699344027563999,23.1534982810046,-1.32340609736879,0.194740415934001,0.378439474952118,-5.69218074176771,"P04350;B4DJ43;B4DE77;B4DFH6;M0R2D3;M0R278;M0QY85;M0QYM7;M0R0X0;M0QY37;M0QX14;M0R042;M0QZL7;M0R1I1;M0R2T4;A0A075B724"
"P05067","APP",44,3038.85396521023,"P05067;A0A218KGR2;A0A140VJC8;E9PG40;B4DGD0;B4DJT9;A0A0A0MRG2;H7C0V9;B4DQM1;B4DM00;B4DMD5;B7Z313;H7C2L2",4.08022179992459,26.3965306211288,6.87704548931337,7.24591803532069e-08,1.26257085766286e-06,8.11354415459461,"P05067;A0A218KGR2;A0A140VJC8;E9PG40;B4DGD0;B4DJT9;A0A0A0MRG2;H7C0V9;B4DQM1;B4DM00;B4DMD5;B7Z313;H7C2L2"
"P05106","ITGB3",68,323.333181397287,"P05106;L7UUZ7;A0A5E4DMZ9;H3BM21;B4DTY9;L7UW06;I3L4X8;Q2YFE1;F1C630;A7U833;F1C634;F1C633;F1C632;Q1PBM2;F2X0V0;L7WKL1",5.09271930854193,25.8072666133298,9.24881852616705,1.03845308155557e-10,3.7941272528378e-09,14.3849219932803,"P05106;L7UUZ7;A0A5E4DMZ9;H3BM21;B4DTY9;L7UW06;I3L4X8;Q2YFE1;F1C630;A7U833;F1C634;F1C633;F1C632;Q1PBM2;F2X0V0;L7WKL1"
"P05109","S100A8",18,1075.92516694612,"P05109",-4.22935730252304,31.2165503417453,-7.10410075308279,3.7670285170853e-08,7.03554607472397e-07,8.74341223884035,"P05109"
"P05121","SERPINE1",22,21.5176327610653,"P05121;B7ZAB0;B7Z4X6;B7Z1D9;A0A5B9RUH0",3.59501914891767,26.0605420489665,6.48562251927751,2.26149773540062e-07,3.31155466512419e-06,7.01677143523282,"P05121;B7ZAB0;B7Z4X6;B7Z1D9;A0A5B9RUH0"
"P05161","ISG15",60,296.809147591775,"P05161",2.55024156761251,26.470735593046,4.05883720962991,0.000282236880517917,0.00167039246742957,0.168934453033543,"P05161"
"P05362","ICAM1",48,1121.77123197621,"P05362;A0A384MEK5;B4DNT6;B4DQW5;K7EKL8;E7ESS4;O00177;A0A1C9J7T1;Q99930;Q15462",-0.480571543323396,23.0100127014076,-0.856485999393354,0.397867802260968,0.60593245861912,-6.18712156845485,"P05362;A0A384MEK5;B4DNT6;B4DQW5;K7EKL8;E7ESS4;O00177;A0A1C9J7T1;Q99930;Q15462"
"P05386","RPLP1",110,24.3233279064705,"P05386;Q7Z612;Q6ICQ4;Q6FG99",-0.676845291229775,27.7659351586321,-1.24338637304481,0.222432748144308,0.415181173825313,-5.79086221100186,"P05386;Q7Z612;Q6ICQ4;Q6FG99"
"P05388","RPLP0",122,223.117608392243,"P05388;A8K4Z4;Q53HW2;Q53HK9;F8VWS0;Q6NSF2;F8VU65;B4E3D5;F8VW21;Q8NHW5;F8VPE8;G3V210;F8VZS0;F8VRK7;F8VQY6;F8VWV4;F8VS58;Q3MHV2;F8W1K8",-0.495726524853769,28.9217869415829,-0.930251083346833,0.358954991415116,0.568830059238591,-6.12218458262832,"P05388;A8K4Z4;Q53HW2;Q53HK9;F8VWS0;Q6NSF2;F8VU65;B4E3D5;F8VW21;Q8NHW5;F8VPE8;G3V210;F8VZS0;F8VRK7;F8VQY6;F8VWV4;F8VS58;Q3MHV2;F8W1K8"
"P05556","ITGB1",112,3141.40510417698,"P05556;H7C4K3;A0A7I2V2F9;E7EUI6;A0A7I2V348;C9JPK5;A0A7I2V5Z8;A0A7I2V5T3;E7EQW5;H7C4N8;Q5T3E6;E9PLR6;Q5T3E5;E9PQJ2;C9JNE0",3.32073568701624,31.3351558290412,6.28282354532649,4.09677101211737e-07,5.72996806582694e-06,6.44395217896912,"P05556;H7C4K3;A0A7I2V2F9;E7EUI6;A0A7I2V348;C9JPK5;A0A7I2V5Z8;A0A7I2V5T3;E7EQW5;H7C4N8;Q5T3E6;E9PLR6;Q5T3E5;E9PQJ2;C9JNE0"
"P05783","KRT18",6,387.266038932974,"P05783;B2RA03;F8VZY9;I6L965;CON__H-INV:HIT000015463",1.87132112831803,26.5328170936951,3.39075939651281,0.00181399483147167,0.00841941946333356,-1.5858348945521,"P05783;B2RA03;F8VZY9;I6L965;CON__H-INV:HIT000015463"
"P06213","INSR",12,60.5692055749484,"P06213;Q86WY9;Q2MKP2;Q2MKP0;Q2MKN9;Q2PJC1;A4ZPI6;Q4U0V1;Q2MKP1",2.70934686010507,24.7906723134632,4.63435616869122,5.33013960595314e-05,0.000393950365662745,1.75927123531805,"P06213;Q86WY9;Q2MKP2;Q2MKP0;Q2MKN9;Q2PJC1;A4ZPI6;Q4U0V1;Q2MKP1"
"P06493","CDK1",32,1943.90479839301,"P06493;Q5H9N4;A0A024QZP7;I6L9I5;E5RIU6;B7Z3D6;Q9NYV4;A0A2R8YF61;H0YLT2;J3QSD7;A0A2R8Y7W5;B3KX76;A0A2R8YD28;B5BU53;B2R9L6;B4DK59;E7EUK8;Q9BVE2;A0A2R8Y4Z0;G3V317;Q8IWB3;Q14004;F8VYH9;Q9BWF9;A0A2R8YEB7;F8VZZ0;F8VXD2;F8VTV8;F8VWX7;F8VZ51;A0A2R8Y644;Q96Q40;P11802;O94921;P50750;Q6LC83",3.92522819115859,25.9701100207831,6.71479962274798,1.15965336831156e-07,1.88383273737696e-06,7.66048982843056,"P06493;Q5H9N4;A0A024QZP7;I6L9I5;E5RIU6;B7Z3D6;Q9NYV4;A0A2R8YF61;H0YLT2;J3QSD7;A0A2R8Y7W5;B3KX76;A0A2R8YD28;B5BU53;B2R9L6;B4DK59;E7EUK8;Q9BVE2;A0A2R8Y4Z0;G3V317;Q8IWB3;Q14004;F8VYH9;Q9BWF9;A0A2R8YEB7;F8VZZ0;F8VXD2;F8VTV8;F8VWX7;F8VZ51;A0A2R8Y644;Q96Q40;P11802;O94921;P50750;Q6LC83"
"P06702","S100A9",10,94.8449722640729,"P06702;B2R4M6",-4.07099132924974,30.5087893297535,-7.20125216008175,2.85165214641157e-08,5.49031052139362e-07,9.01132302059348,"P06702;B2R4M6"
"P06730","EIF4E",22,1487.64775281983,"P06730;D6RBW1;Q32Q75;X5D7E3;B7Z2T1;H0Y8J7",-0.864934612959768,25.387091112629,-1.4750503599116,0.14961831319044,0.315109863167469,-5.4901540708132,"P06730;D6RBW1;Q32Q75;X5D7E3;B7Z2T1;H0Y8J7"
"P07355","ANXA2",32,1503.48006233165,"P07355;A0A024R5Z7;V9HW65;H0YMW4;H0YN42;H0YMU9;H0YMD0;H0YM50;H0YL33;B3KRQ1;H0YKS4;H0YNB8;H0YNP5;H0YN28;B4DNH8;A0A7I2V4P4;H0YMM1;H0YKX9;H0YMT9;H0YLV6;H0YKZ7;H0YNA0;H0YKL9;H0YKV8;H0YMD9;H0YKN4;H0YLE2",-1.03154539498116,33.8653787823447,-1.94901508341091,0.0597828470679516,0.155775020889675,-4.73974978123138,"P07355;A0A024R5Z7;V9HW65;H0YMW4;H0YN42;H0YMU9;H0YMD0;H0YM50;H0YL33;B3KRQ1;H0YKS4;H0YNB8;H0YNP5;H0YN28;B4DNH8;A0A7I2V4P4;H0YMM1;H0YKX9;H0YMT9;H0YLV6;H0YKZ7;H0YNA0;H0YKL9;H0YKV8;H0YMD9;H0YKN4;H0YLE2"
"P07384","CAPN1",6,226.263955770617,"P07384;B2RDI5;B4DWH5;B4DS85;E9PLX0;E9PJJ3;E9PLC9;E9PMC6;E9PJA6;E9PSA6;E9PQB3;E9PL37;E9PRM1;E9PIA9",-1.59512774707952,28.6211364208878,-2.94474867791843,0.00586422873394706,0.0229204629338106,-2.67379560209051,"P07384;B2RDI5;B4DWH5;B4DS85;E9PLX0;E9PJJ3;E9PLC9;E9PMC6;E9PJA6;E9PSA6;E9PQB3;E9PL37;E9PRM1;E9PIA9"
"P07476","IVL",18,965.8812914178,"P07476;B4DU44;B4DWR5",-4.898630810546,24.92017823799,-8.30739202418848,1.28851085487112e-09,3.62059942012885e-08,11.9835636464734,"P07476;B4DU44;B4DWR5"
"P07741","APRT",2,0,"P07741;H3BQZ9;H3BQB1;H3BQF1;H3BSW3;Q12898",-2.00005402136427,27.7899357949814,-3.66284136745812,0.000860994410422019,0.00443142172624798,-0.886444367828212,"P07741;H3BQZ9;H3BQB1;H3BQF1;H3BSW3;Q12898"
"P07910","HNRNPC",52,609.945830043642,"P07910;G3V2Q1;G3V4C1;B2R5W2;B4DY08;G3V4W0;B2R603;A8K9A4;G3V576;B3KX96;G3V575;B4DMJ1;G3V5X6;G3V251;G3V3K6;B4DSU6;G3V555;B4DQQ2;O60812;G3V5V7;G3V2D6;G3V4M8;P0DMR1;B2RXH8;B7ZW38;A0A0G2JNQ3;A0A0G2JPF8;Q6PKD2;G3V2H6;Q569J8",-1.55808898785937,25.2482171316902,-2.76201512185946,0.00928975695741359,0.0339680562135674,-3.09443732434558,"P07910;G3V2Q1;G3V4C1;B2R5W2;B4DY08;G3V4W0;B2R603;A8K9A4;G3V576;B3KX96;G3V575;B4DMJ1;G3V5X6;G3V251;G3V3K6;B4DSU6;G3V555;B4DQQ2;O60812;G3V5V7;G3V2D6;G3V4M8;P0DMR1;B2RXH8;B7ZW38;A0A0G2JNQ3;A0A0G2JPF8;Q6PKD2;G3V2H6;Q569J8"
"P07942","LAMB1",42,112.177269397201,"P07942;G3XAI2;A0A7I2V4J9;A0A7I2V5X5;A0A7I2V2T9;A0A7I2V3I5;A0A7I2V682;A0A7I2V3J7;Q8TAS6;A0A7I2V2J0;A0A7I2V5R0;A0A7I2V407;E7EPA6;A0A7I2V2R2;C9J296;A0A7I2V5T9",2.49653352297863,28.4241598905188,4.56332187995296,6.56155514942128e-05,0.000472644122656928,1.56031170585066,"P07942;G3XAI2;A0A7I2V4J9;A0A7I2V5X5;A0A7I2V2T9;A0A7I2V3I5;A0A7I2V682;A0A7I2V3J7;Q8TAS6;A0A7I2V2J0;A0A7I2V5R0;A0A7I2V407;E7EPA6;A0A7I2V2R2;C9J296;A0A7I2V5T9"
"P07947","YES1",16,15.5632951351765,"P07947;J3QRU1;B2RA70",-0.798701124845007,28.5842930997145,-1.46411188012177,0.152566815619346,0.317873011300427,-5.50537262555237,"P07947;J3QRU1;B2RA70"
"P07948","LYN",42,795.044851575985,"P07948;A8K379;B4DQ79;E5RJ37",-2.104625040218,27.613021698194,-3.89648685540912,0.000447584643117861,0.00253360526657824,-0.268458738148948,"P07948;A8K379;B4DQ79;E5RJ37"
"P07996","THBS1",52,396.102231972385,"P07996;A0PJG0;A8MZG1;A0A0B6XK25;P35442;Q6MZL6;A0A7I2YQ86;A0A7I2V585;A0A7I2YQT6;A0A3B3ITK0",4.05922534484701,25.5142149444014,7.2840835010936,2.25081490605133e-08,4.47152337068413e-07,9.23894878452848,"P07996;A0PJG0;A8MZG1;A0A0B6XK25;P35442;Q6MZL6;A0A7I2YQ86;A0A7I2V585;A0A7I2YQT6;A0A3B3ITK0"
"P08069","IGF1R",42,1027.96943318573,"P08069;C9J5X1;P14616;Q3B833;H0YMJ5;H0YNR0",1.8197998446994,25.0919956239401,3.54724488468196,0.0011844943036333,0.0058399526710514,-1.18647650884491,"P08069;C9J5X1;P14616;Q3B833;H0YMJ5;H0YNR0"
"P08294","SOD3",4,1,"P08294;A0A140VJU8;B2R9V7;Q16867;M0R1V4",4.98139115318996,26.1674199333378,9.68443392689566,3.36657691491373e-11,1.59096263600241e-09,15.4531197534424,"P08294;A0A140VJU8;B2R9V7;Q16867;M0R1V4"
"P08473","MME",6,4.81779948037879,"P08473;B7ZKY6;A0A7I2U302;A0A6Q8PFY6;C9IYX7;C9JDZ3;Q3KQS6;L7Z660;L7ZC27",-8.01102886663737,26.7380888798407,-13.9664775238187,1.85997448391176e-15,6.83236075688006e-13,24.5259286011947,"P08473;B7ZKY6;A0A7I2U302;A0A6Q8PFY6;C9IYX7;C9JDZ3;Q3KQS6;L7Z660;L7ZC27"
"P08571","CD14",6,0,"P08571;B2R888;F1C4A7;D6RFL4;E7EVL5",-8.51812739704659,26.4403546220739,-12.522255801537,3.97408176163509e-14,4.76736962097686e-12,21.7436107021708,"P08571;B2R888;F1C4A7;D6RFL4;E7EVL5"
"P08572","COL4A2",50,292.908336787714,"P08572;B4DH43;A0A3B3IS47;A0A087WY39;A0A3B3ITQ8",1.97514853789318,25.3057689470463,3.069475944309,0.00425267820008799,0.0173386971321235,-2.37779847754027,"P08572;B4DH43;A0A3B3IS47;A0A087WY39;A0A3B3ITQ8"
"P08581","MET",34,446.630570428249,"P08581;Q59EB3;B4DLF5;B4DPY6;A0PJF7;Q9UEJ3;B5A929;E6Y365",1.54068464982015,24.1647661018345,2.58020671045039,0.0144817022619709,0.0488835815531247,-3.49623278616079,"P08581;Q59EB3;B4DLF5;B4DPY6;A0PJF7;Q9UEJ3;B5A929;E6Y365"
"P08582","MELTF",2,0,"P08582;A0A8Q3WLY9;Q53XS6;C9JVN1",3.68431757872994,28.6444633356584,7.01130879362636,4.91867879379693e-08,8.86783766349862e-07,8.48661464404796,"P08582;A0A8Q3WLY9;Q53XS6;C9JVN1"
"P08621","SNRNP70",42,54.7727701788281,"P08621;A8KAQ5;M0QYR1",-2.59981441076031,23.9937460797941,-4.47282339899479,8.54465343699529e-05,0.000592239423777518,1.30775875065139,"P08621;A8KAQ5;M0QYR1"
"P08648","ITGA5",64,488.818347862724,"P08648;B2R627;A8K6A5;H0YIV7",1.84323575430166,28.4755193516753,3.54886005463807,0.0011792542687935,0.00582899217807753,-1.18231265598144,"P08648;B2R627;A8K6A5;H0YIV7"
"P08670","VIM",14,132.270575047533,"P08670;V9HWE1;B0YJC4;Q53HU8;B3KRK8;B0YJC5;A0A1B0GTT5;B3KWQ6;P41219;H7C5W5;A0A1B0GVG8;A0A1X7SBR3;A0A1W2PR46;P14136;B4DJW0;B4E192;A0A7R6M6U0;E7EMV2;A5YM63;E7ESP9;B3KXJ0;Q5RLN2;B4DJT7;P07197;Q59EM6;A0A1W2PRT3;F8W835;B4DE66;B3KQI5;B4DR43;Q16352;P07196;Q8TCR7",3.52227024110501,29.3805529010418,6.69335217939843,1.2342360696769e-07,1.96407260271544e-06,7.60042758047756,"P08670;V9HWE1;B0YJC4;Q53HU8;B3KRK8;B0YJC5;A0A1B0GTT5;B3KWQ6;P41219;H7C5W5;A0A1B0GVG8;A0A1X7SBR3;A0A1W2PR46;P14136;B4DJW0;B4E192;A0A7R6M6U0;E7EMV2;A5YM63;E7ESP9;B3KXJ0;Q5RLN2;B4DJT7;P07197;Q59EM6;A0A1W2PRT3;F8W835;B4DE66;B3KQI5;B4DR43;Q16352;P07196;Q8TCR7"
"P08708","RPS17",120,8.51743888644515,"P08708;H3BNC9;H0YN88;A0A075B716;H0YN73;A0A0J9YYC4;A4D1Q6",-0.801014441149025,26.8812453983784,-1.35504545434947,0.184550150712623,0.363850771221663,-5.65163767249429,"P08708;H3BNC9;H0YN88;A0A075B716;H0YN73;A0A0J9YYC4;A4D1Q6"
"P08758","ANXA5",8,2.77571942754841,"P08758;V9HWE0;D6RBL5;D6RBE9;E9PHT9;B4DNG6;D6RCN3",1.45633330923089,30.8749633182469,2.72382007259106,0.0102099460725214,0.036603243448499,-3.18028322585188,"P08758;V9HWE0;D6RBL5;D6RBE9;E9PHT9;B4DNG6;D6RCN3"
"P08865","RPSA",124,801.708720872897,"P08865;C9J9K3;A0A8V8TMX1;A0A0C4DG17;A0A8V8TLA4;A0A8I5KQE6;Q96RS2;F8WD59;A0A8V8TMP3;A0A8V8TMZ8",-0.603030905471265,29.3613710216273,-1.12930797811526,0.26686027406196,0.470354261693821,-5.92182019476406,"P08865;C9J9K3;A0A8V8TMX1;A0A0C4DG17;A0A8V8TLA4;A0A8I5KQE6;Q96RS2;F8WD59;A0A8V8TMP3;A0A8V8TMZ8"
"P09012","SNRPA",26,17.8543768470989,"P09012;M0R0G9;M0QXK2;M0R221;M0R2B8;B2R802;M0QZG7;M0R268",-1.37437741457097,25.2637560529039,-2.02428246612468,0.0510460403788376,0.13737066431544,-4.60514424953008,"P09012;M0R0G9;M0QXK2;M0R221;M0R2B8;B2R802;M0QZG7;M0R268"
"P09211","GSTP1",4,884,"P09211;V9HWE9;A8MX94;C7DJS1;A0A087X2E9;Q5D6A5;A0A2R8Y5E5;B2C310;A0A3B6XSH2;A0A087X243",-2.67500371437406,31.7693097027657,-4.98340281718917,1.90860053106057e-05,0.000160456200980537,2.7443149594375,"P09211;V9HWE9;A8MX94;C7DJS1;A0A087X2E9;Q5D6A5;A0A2R8Y5E5;B2C310;A0A3B6XSH2;A0A087X243"
"P09382","LGALS1",8,2.38535353535353,"P09382;A0A384MR27;F8WEI7;A0A0B6XK00",2.58122633363753,31.0286142502297,4.84427869387291,2.87680507537636e-05,0.000228293044091614,2.35041545656312,"P09382;A0A384MR27;F8WEI7;A0A0B6XK00"
"P09496","CLTA",2,0,"P09496;F8WF69;C9J8P9",3.8674240078866,27.0867366009228,7.23287498357715,2.60513949219142e-08,5.07839379759064e-07,9.09831221423349,"P09496;F8WF69;C9J8P9"
"P09661","SNRPA1",24,8.17634317481942,"P09661;H0YKK0;Q6NVW9;Q53G61;Q53G21;Q9UEN1;O95485;H0YLR3;H0YMA0",-0.258666084326535,23.2948425848734,-0.448813218165704,0.656481757966742,0.810917466573572,-6.45194594093671,"P09661;H0YKK0;Q6NVW9;Q53G61;Q53G21;Q9UEN1;O95485;H0YLR3;H0YMA0"
"P09769","FGR",8,0,"P09769;Q5TGY6;B7Z6W7;P78453",-1.27809548878021,23.679435727518,-2.24605699981317,0.0314708867096935,0.0928651145292924,-4.1860461600998,"P09769;Q5TGY6;B7Z6W7;P78453"
"P09972","ALDOC",6,443,"P09972;A0A024QZ64;B7Z1N6;B7Z1Y2;B7Z3K9;B7Z3K7;A8MVZ9;B7Z1Z9;B7Z1L5;J3KSV6;J3QKP5;K7EKH5;C9J8F3;J3QKK1;B7Z1H6",-0.891387182030066,28.7849140346805,-1.64218666785998,0.109989565625424,0.2504069015954,-5.24548092119683,"P09972;A0A024QZ64;B7Z1N6;B7Z1Y2;B7Z3K9;B7Z3K7;A8MVZ9;B7Z1Z9;B7Z1L5;J3KSV6;J3QKP5;K7EKH5;C9J8F3;J3QKK1;B7Z1H6"
"P0DMV8","HSPA1A",6,209.9300295897,"P0DMV8;P0DMV9;A0A0G2JIW1;A8K5I0;A0A1U9X7W4;B4DNT8;Q59EJ3;B4DWK5;B4DFN9;B4DI39;B4E388;B4E1S9;B4DVU9;V9GZ37;B3KTT5;B4DNX1;B4E1T6;B4DNV4;Q9UQC1",-1.29824341744182,30.581194735497,-2.38960992684247,0.0226978907831612,0.0710077445864392,-3.897860077845,"P0DMV8;P0DMV9;A0A0G2JIW1;A8K5I0;A0A1U9X7W4;B4DNT8;Q59EJ3;B4DWK5;B4DFN9;B4DI39;B4E388;B4E1S9;B4DVU9;V9GZ37;B3KTT5;B4DNX1;B4E1T6;B4DNV4;Q9UQC1"
"P0DP25","CALM3",38,3258.62280306089,"P0DP25;P0DP24;P0DP23;B4DJ51;Q9BRL5;B2RDW0;E7EMB3;A8K1M2;Q96HY3;G3V361;A0A590UJI2;M0QZ52;A0A590UJC0;F8WBR5;G3V226;G3V479",-0.85210162542964,32.225749295318,-1.60930001337867,0.117018008224688,0.262027917895596,-5.29540046098159,"P0DP25;P0DP24;P0DP23;B4DJ51;Q9BRL5;B2RDW0;E7EMB3;A8K1M2;Q96HY3;G3V361;A0A590UJI2;M0QZ52;A0A590UJC0;F8WBR5;G3V226;G3V479"
"P10620","MGST1",4,443,"P10620;F5H7F6;F5H6X2;Q6LET6",-1.00703810026669,23.9497843402239,-1.70966746750706,0.0966580337633733,0.227529364006009,-5.14038666316204,"P10620;F5H7F6;F5H6X2;Q6LET6"
"P10644","PRKAR1A",8,20.0517123721803,"P10644;B2R5T5;Q68DQ4;K7EM13;K7EPB2;K7EK41;K7EIE5;Q15300;K7EJ40;K7EMZ6;A6YCE1;K7EMU2;Q6NS41;C9JSK5;B4DM81;A8K099;Q96P62;H7BYW5;K7EQK3;K7EPR5;A6YCE2;P31321;X6RAV4;K7EKR1",2.11329127160199,25.4277561329002,3.32273127155437,0.00217852474624528,0.00989056576934358,-1.75681246540336,"P10644;B2R5T5;Q68DQ4;K7EM13;K7EPB2;K7EK41;K7EIE5;Q15300;K7EJ40;K7EMZ6;A6YCE1;K7EMU2;Q6NS41;C9JSK5;B4DM81;A8K099;Q96P62;H7BYW5;K7EQK3;K7EPR5;A6YCE2;P31321;X6RAV4;K7EKR1"
"P10909","CLU",16,218.714427946701,"P10909;A0A384NKS6;B4DW11;H0YAS8;H0YC35;E7ERK6;H0YLK8;E5RG36;E5RGB0;E5RH61;E5RJZ5;E7ETB4;Q8IWM0;Q8IWL5",-2.64477059069828,25.8959339857158,-5.07063183401154,1.47495621621285e-05,0.000127434582780274,2.9919533298275,"P10909;A0A384NKS6;B4DW11;H0YAS8;H0YC35;E7ERK6;H0YLK8;E5RG36;E5RGB0;E5RH61;E5RJZ5;E7ETB4;Q8IWM0;Q8IWL5"
"P10915","HAPLN1",2,0,"P10915;D6RBS1;D6RC59;D6RAK7;D6RBX9;D6RFI7;D6RG04",3.49095405682802,25.019828199761,5.88408678282725,1.32659936291452e-06,1.51562762378403e-05,5.31110527392162,"P10915;D6RBS1;D6RC59;D6RAK7;D6RBX9;D6RFI7;D6RG04"
"P11047","LAMC1",42,219.192696401541,"P11047;Q6NVY8;R4GNC7;Q9Y6N6;Q8N2D6;REV__B3KPD3;REV__Q9NQS7",2.94395767737148,29.1175919829814,5.48854529945907,4.27856959539158e-06,4.30479308646011e-05,4.18273248357413,"P11047;Q6NVY8;R4GNC7;Q9Y6N6;Q8N2D6;REV__B3KPD3;REV__Q9NQS7"
"P11216","PYGB",10,2689.35423956862,"P11216;Q59GM9;B4DSD8;H0Y4Z6;Q8TDG6",-0.914365594008192,28.9040470091343,-1.67705335827872,0.102922623019689,0.23829633605913,-5.19162384353312,"P11216;Q59GM9;B4DSD8;H0Y4Z6;Q8TDG6"
"P11413","G6PD",6,1223.37272688597,"P11413;A0A384NL00;A8K8D9;A0A8G1M3Q3;E7EUI8;Q2VF42;Q2Q9H2;B4DYA7;A0A8Q3SIN6;Q2Q9B7;A0A8Q3SIS5;A0A8Q3SJB9;A0A8Q3WL95;A0A4P8W0G4;A0A8Q3WL80;A0A8Q3WLT0;A0A8Q3WL93;Q0PHS1;E9PD92;A0A8Q3WL83;A0A8Q3WL90;A0A2H4QGB2;A7IZZ3;Q0PHS5;A0A2H4QGB8;A0A2H4QGB6;Q0PHS4;A2IBT6;Q0PHS3;Q0PHS2;Q0PHS6;B6ZHS6;A0A8Q3WLB9;A0A6G9IW12;I3V9R4",1.42842993799835,27.5491835173477,2.67474485398125,0.0115168477231937,0.0404972356805426,-3.28947988809456,"P11413;A0A384NL00;A8K8D9;A0A8G1M3Q3;E7EUI8;Q2VF42;Q2Q9H2;B4DYA7;A0A8Q3SIN6;Q2Q9B7;A0A8Q3SIS5;A0A8Q3SJB9;A0A8Q3WL95;A0A4P8W0G4;A0A8Q3WL80;A0A8Q3WLT0;A0A8Q3WL93;Q0PHS1;E9PD92;A0A8Q3WL83;A0A8Q3WL90;A0A2H4QGB2;A7IZZ3;Q0PHS5;A0A2H4QGB8;A0A2H4QGB6;Q0PHS4;A2IBT6;Q0PHS3;Q0PHS2;Q0PHS6;B6ZHS6;A0A8Q3WLB9;A0A6G9IW12;I3V9R4"
"P12004","PCNA",16,309.32726162667,"P12004;Q6FI35;Q6FHF5;B4DUA2",1.8626232678212,26.970257288665,3.52125645724364,0.00127196216012117,0.00618915753107321,-1.25335965121997,"P12004;Q6FI35;Q6FHF5;B4DUA2"
"P12109","COL6A1",46,281.834335618021,"P12109;A0A384P5H7;Q8TBN2;A0A087X0S5;A0A804HJ28;B4DRR8;B4DQV1",3.81699460964921,27.3635951652515,7.43465243205497,1.46670145133699e-08,3.02956412365568e-07,9.65077700550113,"P12109;A0A384P5H7;Q8TBN2;A0A087X0S5;A0A804HJ28;B4DRR8;B4DQV1"
"P12110","COL6A2",44,279.200384826166,"P12110;A0A384MDP3;Q9BUM6;Q7LCA7;Q6FHW5;C9JH44;H7C0M5",5.29222528308598,26.3533710817085,9.72580303758429,3.02894956025775e-11,1.49957042514983e-09,15.553127129531,"P12110;A0A384MDP3;Q9BUM6;Q7LCA7;Q6FHW5;C9JH44;H7C0M5"
"P12111","COL6A3",40,258.721171663736,"P12111;D9ZGF2;Q63HQ4",6.4674748196218,26.2758025717054,11.4276108520969,4.75084616672879e-13,3.61411931561637e-11,19.4518878205575,"P12111;D9ZGF2;Q63HQ4"
"P12277","CKB",4,0,"P12277;V9HWH2;V9HW77;A0A0S2Z471;B4DP56;G3V4N7;G3V461;H0YJG0",2.03765837559137,24.342682382665,3.65990132906781,0.000868043429545491,0.004453005685448,-0.894124937648423,"P12277;V9HWH2;V9HW77;A0A0S2Z471;B4DP56;G3V4N7;G3V461;H0YJG0"
"P13473","LAMP2",8,101.657735049169,"P13473;B4E2S7;A0A9L9PXQ4;B7Z2R9",3.21298351650653,26.319791800375,4.94344359785835,2.14754618928129e-05,0.000177718613263618,2.63103397633368,"P13473;B4E2S7;A0A9L9PXQ4;B7Z2R9"
"P13639","EEF2",126,2875.02977484154,"P13639;Q8TA90;B4DPU3;Q6PK56;B4DRE8;B4DMC6;Q6W6M8",-0.733567938807081,29.6763447541928,-1.33196802717338,0.19194111867292,0.37533814993156,-5.68129406536862,"P13639;Q8TA90;B4DPU3;Q6PK56;B4DRE8;B4DMC6;Q6W6M8"
"P13798","APEH",4,35.093615113377,"P13798;C9JIF9;H7C393;H7C1U0;C9JLK2;F8WEH5",-0.472840224943127,26.4033762220035,-0.877788761733529,0.386365488464659,0.595542789665133,-6.16889300622124,"P13798;C9JIF9;H7C393;H7C1U0;C9JLK2;F8WEH5"
"P13987","CD59",12,786.838171915211,"P13987;E9PNW4;A0A2U3TZL5;Q6FHM9;A0A3Q8TLE1;A0A3G2LMK5;A0A3G2LMK3;A0A3G2LMJ8;H0YET2;A0A3G2LMK2;A0A494C0W4;A0A499FJN7;A0A494C059;E9PI80",-1.1221432623238,32.7406276941888,-2.09745986288298,0.0436447062530718,0.120254274561246,-4.47049985773427,"P13987;E9PNW4;A0A2U3TZL5;Q6FHM9;A0A3Q8TLE1;A0A3G2LMK5;A0A3G2LMK3;A0A3G2LMJ8;H0YET2;A0A3G2LMK2;A0A494C0W4;A0A499FJN7;A0A494C059;E9PI80"
"P14174","MIF",4,0,"P14174;I4AY87;A6MUU8",-1.11810332616372,31.5513309208507,-1.95469557310352,0.0590808880683936,0.15433273859742,-4.72973080742084,"P14174;I4AY87;A6MUU8"
"P14678","SNRPB",26,13.6814395450869,"P14678;P63162;Q9UIS4;J3QLE5;Q6LBS1;Q66K91;Q5XPV6;B4DVS0;X5DP00;Q15182;J3KRY3;S4R3P3;Q53HE7",-1.1055004782069,23.448947206953,-2.15656839930042,0.0383752301565355,0.108803940546329,-4.35909251886701,"P14678;P63162;Q9UIS4;J3QLE5;Q6LBS1;Q66K91;Q5XPV6;B4DVS0;X5DP00;Q15182;J3KRY3;S4R3P3;Q53HE7"
"P14866","HNRNPL",40,10.5754903751817,"P14866;A0A384N6C7;A0A3B3ITJ4;Q6NTA2;B2R959;M0QXS5;A0A9L9PXI4;M0R076;M0R1W6;B4DPK8;B4DVF8;B7WPG3;Q8WVV9;C9IYN3;H7C464;A0A0S2Z6K1;V9GYK2;M0QYL7;A0A0S2Z5U3;A8K894",-2.24353778582872,25.9718692349543,-3.84152670385159,0.000522599290568132,0.0029055030076328,-0.415117183064655,"P14866;A0A384N6C7;A0A3B3ITJ4;Q6NTA2;B2R959;M0QXS5;A0A9L9PXI4;M0R076;M0R1W6;B4DPK8;B4DVF8;B7WPG3;Q8WVV9;C9IYN3;H7C464;A0A0S2Z6K1;V9GYK2;M0QYL7;A0A0S2Z5U3;A8K894"
"P14923","JUP",16,4538.62854725732,"P14923;A0A0S2Z487;A0A0S2Z495;C9J826;C9JK18;C9JKY1;C9JTX4;Q7KZ86;C9JPI2;K7ERP3",-2.16595715668229,29.6338345756895,-4.11642293671154,0.000239382028519904,0.00146112044413616,0.325462609160178,"P14923;A0A0S2Z487;A0A0S2Z495;C9J826;C9JK18;C9JKY1;C9JTX4;Q7KZ86;C9JPI2;K7ERP3"
"P15144","ANPEP",12,32.8470087693188,"P15144;B4DV63;B4DP01;B4DP96;B4DPH5;H0YLZ8;Q71E46;H0YMC1;Q8IVL7;H0YKT6",-8.56574498933558,29.9958677479606,-11.5837747960763,3.30510192801072e-13,2.77336249970818e-11,19.7889139159497,"P15144;B4DV63;B4DP01;B4DP96;B4DPH5;H0YLZ8;Q71E46;H0YMC1;Q8IVL7;H0YKT6"
"P15153","RAC2",34,999.15774710029,"P15153;B1AH77;B1AH80;B1AH78",2.10659209446235,28.6787610386027,3.86921770252281,0.000483389388823578,0.0027060429241154,-0.341319062840717,"P15153;B1AH77;B1AH80;B1AH78"
"P15170","GSPT1",106,29.1105494929415,"P15170;H3BR35;Q7KZX8;B2RCT6;A8K2W7;Q8IYD1;B4DQM6;H3BSV8",-0.445215492270918,26.2830143873169,-0.814343575498104,0.421249995602639,0.62565654108792,-6.22191933620813,"P15170;H3BR35;Q7KZX8;B2RCT6;A8K2W7;Q8IYD1;B4DQM6;H3BSV8"
"P15313","ATP6V1B1",22,22.8795540590976,"P15313;B4DWH7;C9JL73;Q71UA2;C9JNS9;C9JZ02;V5NR16",-4.09120253453894,26.2853945029469,-7.42361745161241,1.51334480753447e-08,3.10534372019738e-07,9.62068187727076,"P15313;B4DWH7;C9JL73;Q71UA2;C9JNS9;C9JZ02;V5NR16"
"P15529","CD46",2,0,"P15529;A0A8Q3WKS6;A0A8Q3WKR4;A0A8Q3WKR0;A0A8Q3WKW1;A0A8Q3WLU6;A0A8Q3WLA6;B4DL30;Q92494",-1.20641388653499,28.3229442066257,-2.29162794602495,0.0284017983570362,0.0856723492027039,-4.09594926826348,"P15529;A0A8Q3WKS6;A0A8Q3WKR4;A0A8Q3WKR0;A0A8Q3WKW1;A0A8Q3WLU6;A0A8Q3WLA6;B4DL30;Q92494"
"P15880","RPS2",124,53.0437678590538,"P15880;Q8N5L9;Q3KQT6;Q6IPX5;Q8J014;E9PQD7;H0YEN5;E9PMM9;Q8NI61;E9PPT0;I3L404;Q9BSW5;E9PM36;O60249;H3BNG3;H0YE27;Q6ZNN8",-0.488654813994522,28.1697842262968,-0.891755005414921,0.378940847421459,0.589778694165434,-6.15671047968852,"P15880;Q8N5L9;Q3KQT6;Q6IPX5;Q8J014;E9PQD7;H0YEN5;E9PMM9;Q8NI61;E9PPT0;I3L404;Q9BSW5;E9PM36;O60249;H3BNG3;H0YE27;Q6ZNN8"
"P15927","RPA2",8,3.08891007676934,"P15927;Q5TEJ7;B2R7E8;B4DL94;Q5TEJ0;B4DUL2;B4DQD9",1.40304097046101,24.1618906189974,2.45031112904711,0.0197078554544383,0.0629365717869513,-3.77223233377566,"P15927;Q5TEJ7;B2R7E8;B4DL94;Q5TEJ0;B4DUL2;B4DQD9"
"P15941","MUC1",28,842.856652714833,"P15941;A0A0C4DGW3;A5YRU5;A5YRU8;B4DWK6;B1AVQ7;A6ZID5;A0A0A0MSH4;B6ECA3;A5YRV2;A0A087WVJ0;A0A0A0MRB3;A5YRV0;A6ZIE2;A0A087X0L2;Q7Z546;A6ZID6;B6ECB3;A6ZID7;A6ZIE3;A6ZIF0;A6ZIE6;A6ZIE7;A0A384NPK6;A6ZIE4;Q7Z549;A6ZIE5;B6ECB2;Q7Z551;A5YRU7;Q7Z536;B6ECB1;A0A087WZZ6;B6ECB0;A5YRU9;A0A087X061;A6ZIE1;B6EC96;B6ECA9;V9GZ38;Q7Z542;Q14877",-5.44150349646561,31.3156510670905,-9.29961708616971,9.09461863619081e-11,3.48889111081328e-09,14.5109070709691,"P15941;A0A0C4DGW3;A5YRU5;A5YRU8;B4DWK6;B1AVQ7;A6ZID5;A0A0A0MSH4;B6ECA3;A5YRV2;A0A087WVJ0;A0A0A0MRB3;A5YRV0;A6ZIE2;A0A087X0L2;Q7Z546;A6ZID6;B6ECB3;A6ZID7;A6ZIE3;A6ZIF0;A6ZIE6;A6ZIE7;A0A384NPK6;A6ZIE4;Q7Z549;A6ZIE5;B6ECB2;Q7Z551;A5YRU7;Q7Z536;B6ECB1;A0A087WZZ6;B6ECB0;A5YRU9;A0A087X061;A6ZIE1;B6EC96;B6ECA9;V9GZ38;Q7Z542;Q14877"
"P16070","CD44",100,6573.92276407761,"P16070;A0A385KNS5;A8K309;B4DN59;H0Y2P0;H0YD13;H0YE40;B4E2X0;H0YDW7;H0Y5E4;A0A1Z1VXF2;H0YCV9;J3KN83;H0YDX6;H0YD17;E9PKC6;C1PHC3;Q86UZ1;H0YEV3;H0YEU1;H0YD90;H0YF08;C1PHC4",1.66750890102201,31.5061059107789,3.1595310504045,0.00336059460455889,0.0143050298721023,-2.15992105233839,"P16070;A0A385KNS5;A8K309;B4DN59;H0Y2P0;H0YD13;H0YE40;B4E2X0;H0YDW7;H0Y5E4;A0A1Z1VXF2;H0YCV9;J3KN83;H0YDX6;H0YD17;E9PKC6;C1PHC3;Q86UZ1;H0YEV3;H0YEU1;H0YD90;H0YF08;C1PHC4"
"P16104","H2AX",40,185.713839009971,"P16104;Q96QV6",3.22357499359932,24.6542367943448,5.65162154327761,2.63919432871191e-06,2.80943587414759e-05,4.64815677279341,"P16104;Q96QV6"
"P16333","NCK1",34,527.173522206245,"P16333;B2R6S4;A0A0S2Z4Y3;A0A0S2Z4E4;H7C5C7;C9JVV5;C9J869;A0A0S2Z4D7;C9K098",-2.47955128349818,25.25183550015,-4.33033113902859,0.000129258157746094,0.000861167140093771,0.912473777727226,"P16333;B2R6S4;A0A0S2Z4Y3;A0A0S2Z4E4;H7C5C7;C9JVV5;C9J869;A0A0S2Z4D7;C9K098"
"P16671","CD36",38,871.153513214777,"P16671;E7EU05;A4D1B1;B3KUB8;D9IX63;D9IX64;D9IX65;B7Z6C3;E9PLT1;E7EX47;A0A0A1ED81;E7ERZ9;E7EWI4;A0A0H3WDK6;A0A0S2Z3J6;E9PC45;E7EVU1;A0A0S2Z452;A0A0G3VR70;E9PJX8;A0A0G3VPD9;A0A0G3VQ57;A0A0H3WDH4;A0A0H3WC42;A0A516AFI0;V5M404;A0A0G3VSQ7;A0A0A1EAI1;Q9BZN2;A0A2D1WBA2;Q9BZN1;Q9BQA7",-5.58070492589405,26.0673502869309,-8.2800073459204,1.38877567777294e-09,3.83326667165823e-08,11.9118654686429,"P16671;E7EU05;A4D1B1;B3KUB8;D9IX63;D9IX64;D9IX65;B7Z6C3;E9PLT1;E7EX47;A0A0A1ED81;E7ERZ9;E7EWI4;A0A0H3WDK6;A0A0S2Z3J6;E9PC45;E7EVU1;A0A0S2Z452;A0A0G3VR70;E9PJX8;A0A0G3VPD9;A0A0G3VQ57;A0A0H3WDH4;A0A0H3WC42;A0A516AFI0;V5M404;A0A0G3VSQ7;A0A0A1EAI1;Q9BZN2;A0A2D1WBA2;Q9BZN1;Q9BQA7"
"P16949","STMN1",2,0,"P16949;B5BU83;A2A2D0;Q96CE4;A0A140VJW2;Q59G27;B7Z4K3",2.31028131291617,26.6060379413231,4.00632250460375,0.000327809632776022,0.00191109952266993,0.0268021772317217,"P16949;B5BU83;A2A2D0;Q96CE4;A0A140VJW2;Q59G27;B7Z4K3"
"P17096","HMGA1",2,0,"P17096;B4DWA0;A0A994J705;Q5T6U8;A0A994J434;A0A669KAX1;Q6IPL9;Q6ZP45",1.92404798651723,25.6737584113897,3.49484593330964,0.00136721947026603,0.00659096990380178,-1.32110616304968,"P17096;B4DWA0;A0A994J705;Q5T6U8;A0A994J434;A0A669KAX1;Q6IPL9;Q6ZP45"
"P17252","PRKCA",42,1183.81948138229,"P17252;Q2TSD3;L7RSM7;Q59FI5;A0A169TED2;J3KRN5;Q7Z727;P05771;P05129;H3BV73;B7Z3V9;A0A804HHY0;B2R5T1;B7Z3W6;A0A804HIU5",3.08294116561077,25.4022041510666,5.29798843478283,7.52524893481392e-06,7.00634370975661e-05,3.63914481661199,"P17252;Q2TSD3;L7RSM7;Q59FI5;A0A169TED2;J3KRN5;Q7Z727;P05771;P05129;H3BV73;B7Z3V9;A0A804HHY0;B2R5T1;B7Z3W6;A0A804HIU5"
"P17301","ITGA2",64,262.709300874912,"P17301;E7ESP4;E7EMF1;E9PB77;Q71V33;D6RG08;A0A0X8AZ85;Q16183;F1C629;F1C627;G3LGR5",3.03416118463698,29.8503918336629,5.70672190649272,2.24187686046348e-06,2.42792150270333e-05,4.8053805677215,"P17301;E7ESP4;E7EMF1;E9PB77;Q71V33;D6RG08;A0A0X8AZ85;Q16183;F1C629;F1C627;G3LGR5"
"P17612","PRKACA",30,1001.58282907999,"P17612;A8K8B9;A0A8V8TL59;Q15136;K7ERP6;A0A7I2V5J4;B7Z708;A0A7I2YQ82",-1.4977427103434,25.5590415174631,-2.66224204733377,0.0118737723473479,0.0415182690037872,-3.31709813948001,"P17612;A8K8B9;A0A8V8TL59;Q15136;K7ERP6;A0A7I2V5J4;B7Z708;A0A7I2YQ82"
"P17931","LGALS3",32,1192.95874554178,"P17931;Q86TY5;A0A024R693;Q59FR8;Q6FGL0;G3V3R6",-2.87436971609317,29.7396505807552,-5.20294729149585,9.9715021139244e-06,9.01481596908122e-05,3.36835151352491,"P17931;Q86TY5;A0A024R693;Q59FR8;Q6FGL0;G3V3R6"
"P17936","IGFBP3",14,120.529376333982,"P17936;A6XND0;A6XND1;B4DP07;Q6ZSD0;B3KRZ1;B4DN53;A6XNC9;B3KTQ0;B3KWK7;B3KTS0;B3KVY6;H0Y5K2;H0Y485;B3KPF0;B3KVF9;C9JMX4;B3KRJ8;B3KTS7",3.76397590113834,25.5222688297143,3.61010406274235,0.000996279517797878,0.00499581320902184,-1.0238277005493,"P17936;A6XND0;A6XND1;B4DP07;Q6ZSD0;B3KRZ1;B4DN53;A6XNC9;B3KTQ0;B3KWK7;B3KTS0;B3KVY6;H0Y5K2;H0Y485;B3KPF0;B3KVF9;C9JMX4;B3KRJ8;B3KTS7"
"P18031","PTPN1",16,25.6309733319405,"P18031;A8K3M3;B4DSN5",0.793988594247722,23.7750413466231,1.24428680107073,0.222105507046191,0.415181173825313,-5.78978281011934,"P18031;A8K3M3;B4DSN5"
"P18077","RPL35A",118,4.78979658266451,"P18077;C9K025;F8WBS5;F8WB72",-0.628341517294974,27.4461518956565,-1.13680138730544,0.263758635380185,0.467422263494771,-5.91357364761203,"P18077;C9K025;F8WBS5;F8WB72"
"P18084","ITGB5",54,108.99155386927,"P18084;L7RT22;V9GZ57;H7C5U2;V9GYZ1;H7C4W1;H7C580;V9GYD8",5.89617076152145,25.9464430079092,9.44834499147482,6.17985980899737e-11,2.67708093670317e-09,14.8776156347701,"P18084;L7RT22;V9GZ57;H7C5U2;V9GYZ1;H7C4W1;H7C580;V9GYD8"
"P18124","RPL7",120,58.7415601103399,"P18124;A8MUD9;C9JIJ5;C9JZ88",-0.644176087461226,28.3502120541574,-1.18513935402791,0.244374863139022,0.446255970802465,-5.8591707386957,"P18124;A8MUD9;C9JIJ5;C9JZ88"
"P18621","RPL17",120,58.7415601103399,"P18621;A0A087WXM6;J3QQT2;J3KRX5;A0A0A6YYL6;J3QLC8;A0A0A0MRF8;J3KRB3;A0A087WWH0;J3QS96;A0A087WY81;J3KSJ0;A4D1R6;A4D1R5",-0.531570027257157,26.9924082976348,-0.993941952399256,0.327439139625602,0.538901931055365,-6.06203230075096,"P18621;A0A087WXM6;J3QQT2;J3KRX5;A0A0A6YYL6;J3QLC8;A0A0A0MRF8;J3KRB3;A0A087WWH0;J3QS96;A0A087WY81;J3KSJ0;A4D1R6;A4D1R5"
"P19838","NFKB1",56,4695.57905595829,"P19838;D6RH30;A0A494C1E9;A0A494C157;D6RC45;A0A510GAH8",-3.44747844018507,25.6599892457952,-5.86963652183297,1.38448903904311e-06,1.57026229555471e-05,5.26993155281125,"P19838;D6RH30;A0A494C1E9;A0A494C157;D6RC45;A0A510GAH8"
"P20908","COL5A1",18,61.7028631107177,"P20908;Q59EE7;B2ZZ86;Q96HC0;H7BY82;P12107;Q59HB5",5.64436044238364,27.0166296278414,7.69015037971756,7.13115211722635e-09,1.64756025582437e-07,10.3435825797369,"P20908;Q59EE7;B2ZZ86;Q96HC0;H7BY82;P12107;Q59HB5"
"P21283","ATP6V1C1",20,0,"P21283;A0A024R9I0;E7EV59;B7Z593",-0.837550948172254,25.2909960402625,-1.5746287115969,0.124822873803322,0.274945299006047,-5.34709551704317,"P21283;A0A024R9I0;E7EV59;B7Z593"
"P21333","FLNA",42,576.060078004219,"P21333;A0A7P0NMY4;Q8TES4;Q6NXF2;Q96C61;B4E2F9;B4DTD5;A0A087WWY3;A0A7I2V3E6;F8WE98;Q2VP91;Q86TQ3;H0Y5C6;H0Y5F3;H7C2E7;A0A669KBC6",-0.667179863997973,22.8136451301217,-1.23497281700942,0.225507931500932,0.41966541667745,-5.8009137278759,"P21333;A0A7P0NMY4;Q8TES4;Q6NXF2;Q96C61;B4E2F9;B4DTD5;A0A087WWY3;A0A7I2V3E6;F8WE98;Q2VP91;Q86TQ3;H0Y5C6;H0Y5F3;H7C2E7;A0A669KBC6"
"P21462","FPR1",2,0,"P21462;B2RC44",3.23665561279739,24.9893541711961,5.25918685330902,8.44180569982885e-06,7.74411528757829e-05,3.52855517435172,"P21462;B2RC44"
"P21741","MDK",2,0,"P21741;E9PPJ5;E9PLM6",3.51559101832324,24.9489700320646,4.924037134151,2.27409607877461e-05,0.00018714790685219,2.5760584749826,"P21741;E9PPJ5;E9PLM6"
"P22528","SPRR1B",12,225.187645389918,"P22528",-7.71437255697837,26.6705642330711,-13.4816852657455,5.06692328433589e-15,1.12883812313169e-12,23.6213000337636,"P22528"
"P22532","SPRR2D",8,0,"P22532;Q15515;Q9BYE4;Q96RM1",-2.84169913970149,25.3506341897648,-4.56396020422312,6.54932510680954e-05,0.000472644122656928,1.56209685164765,"P22532;Q15515;Q9BYE4;Q96RM1"
"P22626","HNRNPA2B1",44,1818.37646787731,"P22626;A0A7I2V323;A0A7I2V4N1;A0A7I2V3P1;A0A7I2V3P7;A0A384NL58;A0A7I2V4S4;A0A024RA28;A0A7I2V4I6;I6L957;A0A087WUI2;A0A7I2V4N0;A0A7I2YQN4",-0.87512207229096,27.1296733068745,-1.61227177243313,0.116368089256602,0.260953689566856,-5.29092484575527,"P22626;A0A7I2V323;A0A7I2V4N1;A0A7I2V3P1;A0A7I2V3P7;A0A384NL58;A0A7I2V4S4;A0A024RA28;A0A7I2V4I6;I6L957;A0A087WUI2;A0A7I2V4N0;A0A7I2YQN4"
"P22735","TGM1",16,683.977442284385,"P22735;A8K5N5;B0AZN7;B0AZM8;B4DRV1;H0YMQ8;H0YLT9;H0YN27;H0YNM4;G1APU8;H0YLJ6;H0YKI6",-10.0491677052415,25.9211747900858,-14.7624550075081,3.78410405775589e-16,3.82493263184569e-13,25.9501137358877,"P22735;A8K5N5;B0AZN7;B0AZM8;B4DRV1;H0YMQ8;H0YLT9;H0YN27;H0YNM4;G1APU8;H0YLJ6;H0YKI6"
"P23193","TCEA1",36,0,"P23193;B7Z4W0;A0A384MTX4;Q15560;B7Z4S1;A0A0A0MT58;Q6IB64",-3.874212112847,25.1883384516956,-4.27775256277426,0.000150489957309784,0.000979912686532814,0.767428340838397,"P23193;B7Z4W0;A0A384MTX4;Q15560;B7Z4S1;A0A0A0MT58;Q6IB64"
"P23229","ITGA6",54,67.6773029585993,"P23229;H7BZ97",-0.0620875197909641,23.4631473168427,-0.113830652832203,0.910057498752505,0.958512712351737,-6.54677679309475,"P23229;H7BZ97"
"P23396","RPS3",130,1786.73481923439,"P23396;Q53G83;E9PL09;E9PPU1;H0YEU2;H0YCJ7;Q9NQS8;F2Z2S8;H0YF32;A7E2S3;E9PK82;E9PJH4;E9PQ96;E9PSF4;E9PQX2;E9PJN9;H0YES8",-0.563453087686849,28.4004513297681,-1.0541366075989,0.299430420709182,0.508234984409297,-6.00174335467883,"P23396;Q53G83;E9PL09;E9PPU1;H0YEU2;H0YCJ7;Q9NQS8;F2Z2S8;H0YF32;A7E2S3;E9PK82;E9PJH4;E9PQ96;E9PSF4;E9PQX2;E9PJN9;H0YES8"
"P24821","TNC",16,0,"P24821",0.600229227648036,23.3382526284611,1.07592961578056,0.289714132638255,0.495948616739143,-5.97909969986512,"P24821"
"P25116","F2R",10,49.5988973510749,"P25116;B4DLS3;Q16292",2.08781936371648,24.2406674029112,3.59896360917714,0.00102738203060925,0.00513526370748439,-1.05274249488007,"P25116;B4DLS3;Q16292"
"P25398","RPS12",122,24.6820602440158,"P25398",-0.718089075931264,28.0108460803451,-1.3495989150766,0.186274347187364,0.366555008755449,-5.65867799430639,"P25398"
"P25942","CD40",18,78.6053862134169,"P25942;A0A0S2Z3C7;A0A0S2Z349;A0A8Q3WKP3;A0A8Q3SI60;Q09LL4;Q6P2H9;A0A087X1D0;H0YE23",4.15233707146858,25.3163353632515,7.93785451471495,3.56941061086907e-09,8.83570769468303e-08,11.0076326648398,"P25942;A0A0S2Z3C7;A0A0S2Z349;A0A8Q3WKP3;A0A8Q3SI60;Q09LL4;Q6P2H9;A0A087X1D0;H0YE23"
"P26006","ITGA3",58,73.4170033615471,"P26006;B4E0H8;A0A140VJM0;Q59F03;D6R9X8;B4DDT0;K7EMU3;H0YA49;H0YA32",3.55554486897546,31.1473160215557,6.47669781968308,2.32127550362706e-07,3.381325992227e-06,6.99162200453401,"P26006;B4E0H8;A0A140VJM0;Q59F03;D6R9X8;B4DDT0;K7EMU3;H0YA49;H0YA32"
"P26368","U2AF2",56,467.848976097176,"P26368;B5BU25",-1.37292311545881,25.8354001403574,-2.3860401870382,0.0228859500705769,0.0714527310011304,-3.9051796995151,"P26368;B5BU25"
"P27105","STOM",2,0,"P27105;B4E2V5;B4DZK8;F8VSL7;B4E310",-3.80598309455215,29.9607948429619,-7.12703890353574,3.52708995516152e-08,6.62710456033059e-07,8.80675699690035,"P27105;B4E2V5;B4DZK8;F8VSL7;B4E310"
"P27635","RPL10",122,673.254726855908,"P27635;X1WI28;X5D2T3;B8A6G2;X5D2W5;A6QRI9",-0.87297291197418,27.8362123324369,-1.46109307966458,0.153388633400879,0.319158870965537,-5.5095551701925,"P27635;X1WI28;X5D2T3;B8A6G2;X5D2W5;A6QRI9"
"P28065","PSMB9",10,515.464017785836,"P28065;A2ACR1;A0A0G2JJA7;A0A1U9X8E3;A0A1U9X8E2;A0A1U9X8D7;A2ACR0;A0A0G2JJQ0;B4DZW2;A0A0G2JJ13;A0A0G2JHI2",3.02188838964225,24.9486381954055,4.37803351955511,0.000112563541842498,0.000761574158366052,1.04445885859461,"P28065;A2ACR1;A0A0G2JJA7;A0A1U9X8E3;A0A1U9X8E2;A0A1U9X8D7;A2ACR0;A0A0G2JJQ0;B4DZW2;A0A0G2JJ13;A0A0G2JHI2"
"P29279","CCN2",22,394.725526289008,"P29279;B3KWK5;B3KRV6;Q6FHL8;Q5M8T4;B2RCP7",2.73909568276885,24.7130235237221,3.49969008622608,0.00134924744211289,0.00652450042162807,-1.30869727802997,"P29279;B3KWK5;B3KRV6;Q6FHL8;Q5M8T4;B2RCP7"
"P29317","EPHA2",22,121.230345393219,"P29317;B4DL04;Q96HF4",5.09903353539291,27.4352458109042,9.37069178919117,7.55850635352285e-11,3.06168588527763e-09,14.6865516265311,"P29317;B4DL04;Q96HF4"
"P29350","PTPN6",16,213.904933061751,"P29350;B4DTD7;B4DPS0;Q53EL0;Q53XS4;F5GY79;F5H0N8;F5H5H9;F5H1Z8",-2.45053735458701,24.1023533605068,-4.48331509930624,8.28738982997219e-05,0.000578263285898954,1.33698144203094,"P29350;B4DTD7;B4DPS0;Q53EL0;Q53XS4;F5GY79;F5H0N8;F5H5H9;F5H1Z8"
"P29353","SHC1",42,485.63468491698,"P29353;B4DL02;X6R6D0;Q5T182;Q59HB0;Q5T181;H0Y539;Q8NFT0;Q8NFT1;Q5T188;Q6S5L8;P98077;Q5T187",-0.865370640403842,25.1892104159763,-1.64088558546136,0.110260853027487,0.250658601015111,-5.24747214047751,"P29353;B4DL02;X6R6D0;Q5T182;Q59HB0;Q5T181;H0Y539;Q8NFT0;Q8NFT1;Q5T188;Q6S5L8;P98077;Q5T187"
"P29466","CASP1",16,1610.72629741696,"P29466;A0A8Q3SI67;A8K257;B2R8U9;A8K249;B4DKN4;B4DVD8;A0A8Q3SI00;A0A8Q3SIY2;G3V169;Q5FBZ0;A0A7L9VV54;A0A8I5KS59;Q5EG05;H0YEC7",-1.87129770324452,24.2198718401224,-3.2887444700251,0.00238598423802835,0.0107077479689359,-1.84160075609204,"P29466;A0A8Q3SI67;A8K257;B2R8U9;A8K249;B4DKN4;B4DVD8;A0A8Q3SI00;A0A8Q3SIY2;G3V169;Q5FBZ0;A0A7L9VV54;A0A8I5KS59;Q5EG05;H0YEC7"
"P29508","SERPINB3",2,0,"P29508;Q9BYH9",-7.69241842101399,26.6263892925187,-13.6776282541912,3.36910476998013e-15,8.49777191631573e-13,23.9904109704383,"P29508;Q9BYH9"
"P30050","RPL12",118,4.78979658266451,"P30050;Q59FI9;Q76P68",-0.515391039729806,28.4047966668476,-0.967635311048673,0.340221758022608,0.552196158719312,-6.08733322286828,"P30050;Q59FI9;Q76P68"
"P30153","PPP2R1A",22,513.186116572566,"P30153;A0A994J3H1;A8K7B7;A0A994J3N8;B4DDF7;C9J9C1;B4DQY1;A8K3H8;B4DE69;Q8NB89;B3KQV6;B4E1Q0;A0A994J6A3;E9PH38;E9PHZ6;E9PPI5;M0R0K6;E9PNM7;M0QXG4",-0.484312740056886,28.8991625074113,-0.877741667942807,0.386390680274777,0.595542789665133,-6.16893377522581,"P30153;A0A994J3H1;A8K7B7;A0A994J3N8;B4DDF7;C9J9C1;B4DQY1;A8K3H8;B4DE69;Q8NB89;B3KQV6;B4E1Q0;A0A994J6A3;E9PH38;E9PHZ6;E9PPI5;M0R0K6;E9PNM7;M0QXG4"
"P31151","S100A7",8,451.774705564044,"P31151;Q86SG5",-2.78488763833423,27.550243645149,-4.73614474630354,3.95415513062902e-05,0.000304518761788442,2.04536354622135,"P31151;Q86SG5"
"P31944","CASP14",6,443,"P31944;B2CIS9;A9UFC0",-5.03327614283856,26.0100697746811,-8.1564368468612,1.94976326616177e-09,5.0677596892988e-08,11.5870815890747,"P31944;B2CIS9;A9UFC0"
"P31949","S100A11",2,0,"P31949;V9HWH9;B2R5H0",-1.86370859980168,31.590231253727,-3.42991791619168,0.00163152262171249,0.00772188020807476,-1.48667404343556,"P31949;V9HWH9;B2R5H0"
"P32004","L1CAM",16,918.239569852263,"P32004;Q7Z3Z9;A8K139;Q86SE4;H3BLW5;Q7Z2J6;Q7Z2I3;E9PHJ4;E7EMY4;E7EVM4;E7EPI4;H0Y5C3;Q7Z2J0",3.12144037582821,24.5787293127632,5.34641156967752,6.5195326593336e-06,6.24983431626979e-05,3.77721407448074,"P32004;Q7Z3Z9;A8K139;Q86SE4;H3BLW5;Q7Z2J6;Q7Z2I3;E9PHJ4;E7EMY4;E7EVM4;E7EPI4;H0Y5C3;Q7Z2J0"
"P32455","GBP1",6,12.9736133219278,"P32455;B4DNS2;A0A7P0TAZ1;A0A348GSI6;Q9H0R5;H3BNS1",1.48543413317763,26.4252652270101,2.67868841935992,0.0114063496125739,0.0401993270526758,-3.28075158612826,"P32455;B4DNS2;A0A7P0TAZ1;A0A348GSI6;Q9H0R5;H3BNS1"
"P32969","RPL9",118,4.78979658266451,"P32969;Q53Z07;D6RAN4;A0A2R8Y5Y7;H0Y9V9;B4E1M5;B4DLV8;H0Y9R4;Q2NKY6",-0.682090017913076,28.0035059994082,-1.2444255306765,0.222055120838213,0.415181173825313,-5.78961644288213,"P32969;Q53Z07;D6RAN4;A0A2R8Y5Y7;H0Y9V9;B4E1M5;B4DLV8;H0Y9R4;Q2NKY6"
"P33778","H2BC3",44,121.250176132575,"P33778;Q16778;P23527;P06899;Q8N257;Q6DRA6;Q6DN03",3.4841504591376,30.9623356203246,6.03463965867452,8.50513131934026e-07,1.04851796778744e-05,5.73966546561954,"P33778;Q16778;P23527;P06899;Q8N257;Q6DRA6;Q6DN03"
"P35222","CTNNB1",76,11833.9652994755,"P35222;A0A2R8Y5A3;A0A2R8YCH5;A0A2R8Y543;A0A2R8Y804;B4DL06;A0A2R8Y750;B5BU28;A0A2R8Y7Z0;B4DGU4;A0A2R8Y5Z1;A0A2R8Y5C3;B4DSW9;A0A2R8Y6G0;A0A2R8Y815;A0A2R8YG06;G9GAG7;C9IZ65",-0.918167206420808,29.2682563613188,-1.73213546294421,0.0925304350236041,0.220139150906652,-5.10461022161484,"P35222;A0A2R8Y5A3;A0A2R8YCH5;A0A2R8Y543;A0A2R8Y804;B4DL06;A0A2R8Y750;B5BU28;A0A2R8Y7Z0;B4DGU4;A0A2R8Y5Z1;A0A2R8Y5C3;B4DSW9;A0A2R8Y6G0;A0A2R8Y815;A0A2R8YG06;G9GAG7;C9IZ65"
"P35240","NF2",8,0,"P35240;A0A5K1VW66;B7Z4B6;A0A5F9ZHA0",-2.39431881055019,24.8886111845209,-4.35711067495073,0.000119606937595839,0.000805732264279526,0.986524021849041,"P35240;A0A5K1VW66;B7Z4B6;A0A5F9ZHA0"
"P35268","RPL22",118,4.78979658266451,"P35268;Q7Z4W8;K7ERI7;K7EP65;K7EKS7;K7ELC4;K7EMH1;K7EJT5",-0.95840307164023,28.2252458700129,-1.80846273835794,0.0795982172921792,0.195639747623567,-4.98019367807335,"P35268;Q7Z4W8;K7ERI7;K7EP65;K7EKS7;K7ELC4;K7EMH1;K7EJT5"
"P35321","SPRR1A",10,0.25,"P35321",-7.063706640905,27.6431621843608,-11.8852232556476,1.65452077804959e-13,1.43345841853797e-11,20.4298920620286,"P35321"
"P35573","AGL",6,4.125,"P35573;G1UI17;A0A0S2A4E4;A0A0M4G3H8",-1.12787598960096,24.1025326790899,-1.8771637665862,0.0693044533306174,0.175312725010702,-4.86447285752789,"P35573;G1UI17;A0A0S2A4E4;A0A0M4G3H8"
"P35625","TIMP3",10,2.41331168831169,"P35625;B4DNZ4",5.14530758980161,26.0425121658801,9.17780717447236,1.25070360429983e-10,4.4328915247854e-09,14.208182271506,"P35625;B4DNZ4"
"P36543","ATP6V1E1",22,22.8795540590976,"P36543;Q53Y06;C9J8H1;Q96A05;A0A140VKA8",-2.24153907864587,26.7765790209449,-4.26343303098869,0.000156843808016058,0.00100865121072595,0.728007392003446,"P36543;Q53Y06;C9J8H1;Q96A05;A0A140VKA8"
"P36578","RPL4",122,92.169406414789,"P36578;Q59GY2;B4DMJ6;Q53G74;H3BM89;B4DFI6;B4DMJ2;H3BTP7;H3BU31;B4DP82",-0.795859124000025,28.1470168899457,-1.4086777674747,0.168225732784588,0.3400492939437,-5.5809646912598,"P36578;Q59GY2;B4DMJ6;Q53G74;H3BM89;B4DFI6;B4DMJ2;H3BTP7;H3BU31;B4DP82"
"P37108","SRP14",102,0,"P37108;H0YLA2",-1.74882621969178,25.115149962382,-2.97598441913834,0.00541372558474794,0.0213469154220339,-2.60031877293028,"P37108;H0YLA2"
"P37173","TGFBR2",14,180.045468091712,"P37173;A3QNQ0;D2JYI1;A0A8A3P3K3;B4E2S6;W8DYI2;W8DXL6;A0A0S2Z539;W8DY43;A0A0S2Z4H5;W8DXU8",2.23033701346125,24.3600708472033,3.98869748013277,0.000344660655783524,0.00199813491707957,-0.020764548918927,"P37173;A3QNQ0;D2JYI1;A0A8A3P3K3;B4E2S6;W8DYI2;W8DXL6;A0A0S2Z539;W8DY43;A0A0S2Z4H5;W8DXU8"
"P38159","RBMX",36,11.3496185168796,"P38159;H0Y6E7;H3BT71;H3BR27;Q96E39;H3BNC1;A0A1B0GUK8;B4E352;Q2VIN3;Q8N7X1;O75526;A8K8A6",-2.62384011727223,25.3899309900342,-4.12668975938444,0.00023244218827712,0.0014243363167708,0.353440762430493,"P38159;H0Y6E7;H3BT71;H3BR27;Q96E39;H3BNC1;A0A1B0GUK8;B4E352;Q2VIN3;Q8N7X1;O75526;A8K8A6"
"P38606","ATP6V1A",22,22.8795540590976,"P38606;A0A994J738;B7Z2V6;A0A994J477;C9JVW8;C9JA17",-2.07872359975261,27.3397282158006,-3.8686816144275,0.000484120535959088,0.0027060429241154,-0.342749593277826,"P38606;A0A994J738;B7Z2V6;A0A994J477;C9JVW8;C9JA17"
"P38919","EIF4A3",70,1847.8860306106,"P38919;I3L3H2",-0.91203066472363,25.3416975643195,-1.69888000604002,0.098693879712498,0.231100758876337,-5.15742533347836,"P38919;I3L3H2"
"P39019","RPS19",122,24.6820602440158,"P39019;B0ZBD0;Q8WVX7;M0R2L9;M0QYF7;M0R140;A0A075B6E2",-0.595078987595031,27.9082328824759,-1.11136780396016,0.274392334880298,0.478651953295106,-5.94135842087636,"P39019;B0ZBD0;Q8WVX7;M0R2L9;M0QYF7;M0R140;A0A075B6E2"
"P39023","RPL3",120,58.7415601103399,"P39023;Q8TBW1;Q96QL0;Q9NY85;G5E9G0;B3KS36;B5MCW2;Q9BT63;H7C422;Q49AJ9;H7C3M2;B4DN06;F8WCR1;Q92901;B2R7Y3",-0.775917597140083,28.0825750343414,-1.43898844262094,0.159513929404632,0.328615552056173,-5.53995011729558,"P39023;Q8TBW1;Q96QL0;Q9NY85;G5E9G0;B3KS36;B5MCW2;Q9BT63;H7C422;Q49AJ9;H7C3M2;B4DN06;F8WCR1;Q92901;B2R7Y3"
"P39060","COL18A1",24,3.38174467512717,"P39060;H7BXV5;Q8NG19;H7C457",9.08578773124355,27.7107904104572,13.0145051415484,1.36357682507954e-14,2.02523624639194e-12,22.7217900733625,"P39060;H7BXV5;Q8NG19;H7C457"
"P42226","STAT6",6,2.06176958894557,"P42226;A0A494C0T4;A8K4S9;B2R680;A0A1W2PNW1;Q9BQD2;H0YJH6;B4DQB3;B7ZAC1;B4DR42;G3V568;G3V370;G3V5K5;G3V2L2;G3V5I8;G3V2H4;G3V2M3;Q5FBW6;H0YIY2",-1.63441802726108,25.1229698931903,-2.7340240528626,0.00995614026897753,0.0358168414059296,-3.15742195061508,"P42226;A0A494C0T4;A8K4S9;B2R680;A0A1W2PNW1;Q9BQD2;H0YJH6;B4DQB3;B7ZAC1;B4DR42;G3V568;G3V370;G3V5K5;G3V2L2;G3V5I8;G3V2H4;G3V2M3;Q5FBW6;H0YIY2"
"P42677","RPS27",122,392.61204410539,"P42677;Q71UM5;H0YMV8;A4D1G5;C9J1C5;C9JLI6",-1.82926087042064,27.5403749767687,-2.33073585717135,0.0259858075092803,0.0797545968589079,-4.01759242438327,"P42677;Q71UM5;H0YMV8;A4D1G5;C9J1C5;C9JLI6"
"P42892","ECE1",2,0,"P42892;A0A3B3ISF9;B4DKB2;E9PN99;E9PHZ1",4.93144539190706,25.7441160156031,8.55671439270677,6.54123703553449e-10,2.00020767782667e-08,12.6316291725772,"P42892;A0A3B3ISF9;B4DKB2;E9PN99;E9PHZ1"
"P43121","MCAM",4,0,"P43121;B2R642;B3KXZ9",4.35591271020577,25.5739580833119,7.81486133796084,5.02863046308007e-09,1.21583708638347e-07,10.678873341554,"P43121;B2R642;B3KXZ9"
"P43353","ALDH3B1",2,0,"P43353;Q59F10;A0A087X2D4;Q9BUJ8;B4DSX1;P48448;A0A087WUF8",-2.41233857742187,26.476381914102,-4.3453127763004,0.000123768113101804,0.000828396447992544,0.953886481222788,"P43353;Q59F10;A0A087X2D4;Q9BUJ8;B4DSX1;P48448;A0A087WUF8"
"P43490","NAMPT",4,0,"P43490;A0A7P0T9I9;A0A7P0T895;A0A7P0T931;A0A7P0T8L3;A0A7P0T973;A0A7P0T862;A0A7P0TAS5;A0A7P0T8D2;A0A0C4DFS8;B7Z8W6;A0A7P0TA73;A0A7P0TBB7;A0A7P0T941;A0A7P0Z466;A0A7P0Z4N0;A0A7P0T9F0;A0A7P0TB17;A0A7P0T8Z3;A0A7P0T8R4;A0A7P0TAI8;A0A7P0Z437;Q658Z1;A0A7P0Z4L4;C9JG65;C9JF35;A0A7P0TAZ2",1.2684372039502,28.5712033873375,2.25041353231232,0.0311651249279191,0.0924871785444144,-4.17748988978679,"P43490;A0A7P0T9I9;A0A7P0T895;A0A7P0T931;A0A7P0T8L3;A0A7P0T973;A0A7P0T862;A0A7P0TAS5;A0A7P0T8D2;A0A0C4DFS8;B7Z8W6;A0A7P0TA73;A0A7P0TBB7;A0A7P0T941;A0A7P0Z466;A0A7P0Z4N0;A0A7P0T9F0;A0A7P0TB17;A0A7P0T8Z3;A0A7P0T8R4;A0A7P0TAI8;A0A7P0Z437;Q658Z1;A0A7P0Z4L4;C9JG65;C9JF35;A0A7P0TAZ2"
"P45985","MAP2K4",10,18.1987491992715,"P45985;B7ZA62;B7Z9Y5;B4DH44",-1.85817492436923,23.7190055270052,-3.15243695356808,0.00342384559256623,0.0145292168751212,-2.17720605534414,"P45985;B7ZA62;B7Z9Y5;B4DH44"
"P46531","NOTCH1",26,428.021645155506,"P46531;A0A7P0T8W1;A0A7P0TB20;A0A7P0T8U6;A0A7P0TAK8;A0A7P0TA56;A0A7P0TBG2;A0A7P0Z4H9",1.87767688123443,24.3027167048865,3.54702284045149,0.00118521642859107,0.0058399526710514,-1.18704886675303,"P46531;A0A7P0T8W1;A0A7P0TB20;A0A7P0T8U6;A0A7P0TAK8;A0A7P0TA56;A0A7P0TBG2;A0A7P0Z4H9"
"P46776","RPL27A",120,20.5202274749163,"P46776;E9PJD9;Q6NZ52;Q9BQQ5;E9PLL6;E9PLX7",-0.902736789357206,28.2441392748776,-1.7089504552293,0.096792252696087,0.227673481266286,-5.1415219704736,"P46776;E9PJD9;Q6NZ52;Q9BQQ5;E9PLL6;E9PLX7"
"P46777","RPL5",126,476.703646368752,"P46777;A0A2R8Y6J3;B3KTM6;A2RUM7;Q59GX9;Q5T7N0;A0A2R8Y4A2;Q9BUV4",-0.923438551255394,27.4017112013525,-1.71405961430324,0.0958392522452639,0.226285108064328,-5.13342352692447,"P46777;A0A2R8Y6J3;B3KTM6;A2RUM7;Q59GX9;Q5T7N0;A0A2R8Y4A2;Q9BUV4"
"P46781","RPS9",122,67.0423119982259,"P46781;A5D904;B5MCT8;C9JM19;B7Z732;F2Z3C0;A8MXK4",-0.542668383901766,28.5769433107273,-0.989859670347645,0.329401114161231,0.54102268302732,-6.06600041934499,"P46781;A5D904;B5MCT8;C9JM19;B7Z732;F2Z3C0;A8MXK4"
"P46782","RPS5",122,24.6820602440158,"P46782;M0R0F0;Q53G25;M0R0R2;M0QZN2;Q59EK8",-0.862373387944093,27.5059455083573,-1.58869367435753,0.121606954319934,0.269383587019796,-5.32624069934537,"P46782;M0R0F0;Q53G25;M0R0R2;M0QZN2;Q59EK8"
"P46939","UTRN",4,0.811750887534762,"P46939;A8K8Z1;H0Y337;Q5T097;Q6LBS5;A0A0D9SG57;A0A0A0MSM3;Q5T098",3.20590401718244,24.6649064219408,5.72785719823364,2.10590506820041e-06,2.29661465304792e-05,4.8656774998358,"P46939;A8K8Z1;H0Y337;Q5T097;Q6LBS5;A0A0D9SG57;A0A0A0MSM3;Q5T098"
"P46940","IQGAP1",40,1320.32668100687,"P46940;A4QPB0;A0A0J9YXZ5;H0YLE8;Q6P1N4;B4E2M0;Q5FWG8;Q05DN7;B4DNP4;Q96PA3;A0A087X225;H0YKA5;A0A087WWP1;E9PDT6;D6R939",-1.13759059997782,29.860712254091,-2.10581490364222,0.0428630179514054,0.1185664790115,-4.45489453168761,"P46940;A4QPB0;A0A0J9YXZ5;H0YLE8;Q6P1N4;B4E2M0;Q5FWG8;Q05DN7;B4DNP4;Q96PA3;A0A087X225;H0YKA5;A0A087WWP1;E9PDT6;D6R939"
"P46976","GYG1",4,0,"P46976;C9JQ42;B2R5R5;G5E9W8;B4DSX6;C9J8R8;C9J7C7",-2.16707153169932,24.5061173588252,-4.06941184435298,0.000273840789946275,0.00163622494988972,0.197626540307763,"P46976;C9JQ42;B2R5R5;G5E9W8;B4DSX6;C9J8R8;C9J7C7"
"P48426","PIP4K2A",2,0,"P48426;H7BXS3;B4DH09",1.80679746614514,26.3680898197758,3.23387716929037,0.00276130604292161,0.0121057690974695,-1.97756218291415,"P48426;H7BXS3;B4DH09"
"P48509","CD151",16,25.3885751219999,"P48509;K4DIA7;A0A6M5CDG2;E9PMR4;Q53FU5;A0A6M5CII8;A0A6M5CH24;E9PRJ3;E9PJC8;E9PLZ6;K4DIB7;E9PP93;E9PK37;E9PSA1;E9PJE8;Q6ZNZ0",1.74149973222255,31.9190045470324,3.34906153525988,0.00202979671395327,0.00936528986807732,-1.69083322122486,"P48509;K4DIA7;A0A6M5CDG2;E9PMR4;Q53FU5;A0A6M5CII8;A0A6M5CH24;E9PRJ3;E9PJC8;E9PLZ6;K4DIB7;E9PP93;E9PK37;E9PSA1;E9PJE8;Q6ZNZ0"
"P48960","ADGRE5",6,17.0074196869492,"P48960;B4DTS6;B3KUI0;B4E336;K7EPE8;K7EKV5;K7EPP8;Q7Z618",3.33856024868301,28.5737348928677,6.19206778543234,5.34912625608977e-07,7.16048274366695e-06,6.18677927062546,"P48960;B4DTS6;B3KUI0;B4E336;K7EPE8;K7EKV5;K7EPP8;Q7Z618"
"P49407","ARRB1",24,695.921311949161,"P49407;A8K103;H0YET9;E9PM35",1.41317778881468,23.8353556945286,2.41113660017532,0.0215932912697992,0.0681674852940321,-3.85355857010231,"P49407;A8K103;H0YET9;E9PM35"
"P49792","RANBP2",10,190.746696576232,"P49792;A0A8V8TMN6;A0A8V8TLN4;A6NKT7;Q13073;A0A8V8TLA0;A0A8V8TL79;J3KNE0",-1.78580022832044,23.7615291184654,-3.19566237458266,0.00305533417950724,0.0131442583529422,-2.07157085241815,"P49792;A0A8V8TMN6;A0A8V8TLN4;A6NKT7;Q13073;A0A8V8TLA0;A0A8V8TL79;J3KNE0"
"P50281","MMP14",16,100.516001132066,"P50281;K4RH61;A0A7P0TAG0;B2R6P3;A0A7P0TAV6;P51511;Q9Y5R2;A0A7P0TBK8;Q7KZY0;Q2PW48;Q86VV6",2.68391918777959,26.106754900326,5.17672783280553,1.07762771895008e-05,9.65839326265889e-05,3.29370299189499,"P50281;K4RH61;A0A7P0TAG0;B2R6P3;A0A7P0TAV6;P51511;Q9Y5R2;A0A7P0TBK8;Q7KZY0;Q2PW48;Q86VV6"
"P50454","SERPINH1",16,47.192784534518,"P50454;B4DN87;A8K259;E9PJH8;E9PKH2;E9PR70;E9PPV6;Q9NPA9;E9PNX1;E9PK86;E9PMI5;E9PIG2;E9PRS3;E9PLA6;H0YEP8;E9PQ34",2.3772320828302,25.0990756119467,3.99974190331503,0.000334004857031451,0.00194358423336026,0.00903421329731202,"P50454;B4DN87;A8K259;E9PJH8;E9PKH2;E9PR70;E9PPV6;Q9NPA9;E9PNX1;E9PK86;E9PMI5;E9PIG2;E9PRS3;E9PLA6;H0YEP8;E9PQ34"
"P51991","HNRNPA3",30,13.904638283565,"P51991;B4E3E6;A0A7I2V2R3;A0A7I2V5D8;B4DDB6;A0A384NL63;A0A7I2V4G0;A0A7I2V402;A0A7I2V4J6;Q65ZQ3;Q8NFG3;H7C1J8;B4E036;Q66K53",-2.24152801416703,25.4128194534314,-3.70206431081931,0.000772099268195038,0.00402032991235446,-0.783739338314803,"P51991;B4E3E6;A0A7I2V2R3;A0A7I2V5D8;B4DDB6;A0A384NL63;A0A7I2V4G0;A0A7I2V402;A0A7I2V4J6;Q65ZQ3;Q8NFG3;H7C1J8;B4E036;Q66K53"
"P52272","HNRNPM",46,51.6521952761116,"P52272;Q7KYM9;Q59ES8;M0R019;M0R2T0;B4DEG4;M0QZM1;M0R0N3;Q6P2D7;M0QYQ7;M0R0Y6;M0R2I7;M0QYL3;M0QY96",-2.24070389252966,27.2970076463483,-3.90916380667666,0.00043183311564447,0.00244888634126382,-0.234525390749615,"P52272;Q7KYM9;Q59ES8;M0R019;M0R2T0;B4DEG4;M0QZM1;M0R0N3;Q6P2D7;M0QYQ7;M0R0Y6;M0R2I7;M0QYL3;M0QY96"
"P52292","KPNA2",12,225.413334997699,"P52292;A0A7I2V3Z3;A0A7I2V351;A0A7I2V487;Q7Z726;A8K7D9;A0A7I2YQE1;J3QLL0;J3KS65;J3QL07",2.78788447095016,24.5077039087955,4.89025598201908,2.51230774848376e-05,0.000204592372520127,2.48042806562313,"P52292;A0A7I2V3Z3;A0A7I2V351;A0A7I2V487;Q7Z726;A8K7D9;A0A7I2YQE1;J3QLL0;J3KS65;J3QL07"
"P52434","POLR2H",38,124.867353448465,"P52434;C9JLU1",-0.325776722773995,23.3552544279991,-0.551258770745275,0.585146832213372,0.756350173921884,-6.40062586532766,"P52434;C9JLU1"
"P52597","HNRNPF",40,20.0588309971825,"P52597;B4DKS8;A0A1B0GW42",-1.13331129157481,26.8467336187226,-2.06140053086038,0.0471645276805835,0.129035810434513,-4.53730696403472,"P52597;B4DKS8;A0A1B0GW42"
"P52907","CAPZA1",6,443,"P52907;A8K0T9",-0.777433441763499,29.7066922876852,-1.46810260942598,0.151485787978819,0.317174433710176,-5.4998318687141,"P52907;A8K0T9"
"P53990","IST1",32,141.439949601562,"P53990;A8K5S3;B4DLP1;B4DXC9",-2.61608376828195,28.4716103041101,-4.69545101223307,4.45599110597176e-05,0.000338156599988465,1.93085542531284,"P53990;A8K5S3;B4DLP1;B4DXC9"
"P54289","CACNA2D1",2,0,"P54289;A0A994J595;Q9UIU0;A0A994J5M8;Q9UDQ3;H0Y715;B7Z658;Q9UDU5;E7ERK3",2.65811193055436,25.0294367441351,4.81986681409346,3.09120204520839e-05,0.000243657723315512,2.28145595895774,"P54289;A0A994J595;Q9UIU0;A0A994J5M8;Q9UDQ3;H0Y715;B7Z658;Q9UDU5;E7ERK3"
"P55268","LAMB2",28,4.98354032590543,"P55268;Q15483;Q8N9Q8;F5H520",7.94397288514485,25.4105071734373,14.517762573983,6.13166500776802e-16,3.82493263184569e-13,25.5201957571003,"P55268;Q15483;Q8N9Q8;F5H520"
"P55287","CDH11",4,0,"P55287;H3BUU9;B4DMA7;Q96CZ9;Q59EQ1",4.60807669268766,25.4246721094972,8.54859584534124,6.6864219313328e-10,2.00528365421413e-08,12.6106614055467,"P55287;H3BUU9;B4DMA7;Q96CZ9;Q59EQ1"
"P55795","HNRNPH2",30,15.9005334748041,"P55795;A0A384MDT2;B4DFK9;B4DP00;H0YAQ2",-1.72841589362795,23.5965436407376,-2.82870159161958,0.00786611770556856,0.0295952003904323,-2.94279939290105,"P55795;A0A384MDT2;B4DFK9;B4DP00;H0YAQ2"
"P56199","ITGA1",48,27.2770506791061,"P56199;B4DTY8;A0A494C0F7",1.3279085134554,26.4801934632571,2.51428132630861,0.0169497117345019,0.0554734007344297,-3.63750771058794,"P56199;B4DTY8;A0A494C0F7"
"P59665","DEFA1",2,0,"P59665;P59666;Q6EZE9",-0.337763323670266,23.0720060469868,-0.557012932810883,0.581253857762241,0.75361994843848,-6.39743674424548,"P59665;P59666;Q6EZE9"
"P59665","DEFA1B",2,0,"P59665;P59666;Q6EZE9",-0.337763323670266,23.0720060469868,-0.557012932810883,0.581253857762241,0.75361994843848,-6.39743674424548,"P59665;P59666;Q6EZE9"
"P59998","ARPC4",22,29.5317830137815,"P59998;F8WCF6;F8WDD7;A0A0A6YYG9;Q9H7Z5;H7C0A3;F8WE39;R4GN08;F8WDW3",-1.41933428286802,29.4807378871846,-2.62526672968316,0.0129901858091568,0.0447694912030499,-3.39828853465149,"P59998;F8WCF6;F8WDD7;A0A0A6YYG9;Q9H7Z5;H7C0A3;F8WE39;R4GN08;F8WDW3"
"P60953","CDC42",96,10418.2661614014,"P60953;B4E1U9;A0A8Q3WLC5;A0A590UJK8;A0A8Q3SI43;B7ZAY4;B4DMH5;Q5JYX0;Q9UJM1;A0A494C1M1;Q9UJM0;A0A494BZX6;A0A3B3IRV0;A0A8Q3WKT2",-1.19249224963627,29.9752507164483,-1.99169015857857,0.0546820320711558,0.145647530341533,-4.66392096651002,"P60953;B4E1U9;A0A8Q3WLC5;A0A590UJK8;A0A8Q3SI43;B7ZAY4;B4DMH5;Q5JYX0;Q9UJM1;A0A494C1M1;Q9UJM0;A0A494BZX6;A0A3B3IRV0;A0A8Q3WKT2"
"P61020","RAB5B",2,0,"P61020;Q6FI54;F8VUA5",-0.781738027809091,27.9917883679966,-1.47021518796747,0.150915997025629,0.316632772029616,-5.49689340451439,"P61020;Q6FI54;F8VUA5"
"P61077","UBE2D3",12,459.075626912002,"P61077;P62837;D6RFM0;D6RAH7;H9KV45;A0A087WY85;D6RAW0;D6RA11",-1.83839852231901,26.7121668235251,-1.83153280195765,0.0760051084364789,0.188162293720705,-4.94172456990487,"P61077;P62837;D6RFM0;D6RAH7;H9KV45;A0A087WY85;D6RAW0;D6RA11"
"P61158","ACTR3",28,504.887418812593,"P61158;B4DXW1;Q59FV6;B4DT29;B4DTI0;B4E1U3;F8WDR7;F8WEW2;F8WE84;Q9C0K3;A0A0A0MTI9;H7C4J1;C9IZN3",-1.31922722950493,29.3860986481636,-2.37379210283805,0.0235420014731813,0.0732078789579787,-3.93023559653201,"P61158;B4DXW1;Q59FV6;B4DT29;B4DTI0;B4E1U3;F8WDR7;F8WEW2;F8WE84;Q9C0K3;A0A0A0MTI9;H7C4J1;C9IZN3"
"P61160","ACTR2",34,153.67211106176,"P61160;Q8IY98;B4DHK9;B4DWQ5;A0A1B0GWD0;A0A1B0GWH0",-1.21566544344882,29.7232567307427,-2.22960974707917,0.0326496197667067,0.0955292345706924,-4.21823937898932,"P61160;Q8IY98;B4DHK9;B4DWQ5;A0A1B0GWD0;A0A1B0GWH0"
"P61225","RAP2B",2,0,"P61225;Q5JQ44",-0.903754778610857,29.4832019209995,-1.67821515942585,0.102693795461273,0.238142712300156,-5.18981285883792,"P61225;Q5JQ44"
"P61247","RPS3A",124,53.0437678590538,"P61247;Q6NXR8;D6RG13;A8K4W0;D6RAT0;B7Z3M5;D6RB09;E9PFI5;H0Y9Y4;H0Y8L7;D6R9B6;D6RAS7;D6RED7;D6RI02;D6RGE0;A4D1I1",-0.584002928098489,29.0003319679046,-1.06628609916251,0.293985933930496,0.501115011393984,-5.9891729262653,"P61247;Q6NXR8;D6RG13;A8K4W0;D6RAT0;B7Z3M5;D6RB09;E9PFI5;H0Y9Y4;H0Y8L7;D6R9B6;D6RAS7;D6RED7;D6RI02;D6RGE0;A4D1I1"
"P61313","RPL15",118,4.78979658266451,"P61313;B4DLP4;A0A2R8YEM3;E7EQV9;E7EX53;A0A2R8Y738;E7ENU7;E7ERA2;B4DEN1;A4D1Q5",-0.793777862302104,28.5856899869391,-1.4269450145975,0.16293174908097,0.333017120172703,-5.55633878661707,"P61313;B4DLP4;A0A2R8YEM3;E7EQV9;E7EX53;A0A2R8Y738;E7ENU7;E7ERA2;B4DEN1;A4D1Q5"
"P61353","RPL27",118,4.78979658266451,"P61353;E4W6B6;B2R4D8;K7ELC7;K7EQQ9;Q6LCU2;K7ERY7",-0.767570424473178,28.1550898946478,-1.40983525584339,0.167886324248484,0.33980366342052,-5.57941261545526,"P61353;E4W6B6;B2R4D8;K7ELC7;K7EQQ9;Q6LCU2;K7ERY7"
"P61421","ATP6V0D1",20,0,"P61421;B2R7M1;F5GYQ1;B7Z6L9;J3QL14;B7Z788;H3BQB4;H3BSG7;H3BQJ1",-2.27561323403613,25.7459255808747,-4.31657244721023,0.000134510835962885,0.000890741608000508,0.874473854326363,"P61421;B2R7M1;F5GYQ1;B7Z6L9;J3QL14;B7Z788;H3BQB4;H3BSG7;H3BQJ1"
"P61513","RPL37A",118,4.78979658266451,"P61513;C9J4Z3;M0R0A1;Q6P4E4;E9PEL3;M0R2L6;G5E9R3;A6NKH3",-0.748588742799484,27.0719581145599,-1.35141235935702,0.185698892781195,0.36565331223772,-5.65633670793338,"P61513;C9J4Z3;M0R0A1;Q6P4E4;E9PEL3;M0R2L6;G5E9R3;A6NKH3"
"P61626","LYZ",4,41.1509357512764,"P61626;B2R4C5;F8VV32;A0A0B4J259",-0.794911042082877,23.6435365749316,-1.12261898602747,0.269651037635492,0.473486625162497,-5.92913887505881,"P61626;B2R4C5;F8VV32;A0A0B4J259"
"P61769","B2M",26,2030.75259698367,"P61769;B4E0X1;H0YLF3;F5H6I0;A6XND9;A6XMH4;A6XMH5",2.19970538228994,30.2890360045127,4.22459152984293,0.000175436347010658,0.00111898970618864,0.621260716056791,"P61769;B4E0X1;H0YLF3;F5H6I0;A6XND9;A6XMH4;A6XMH5"
"P61956","SUMO2",6,81.8625517788485,"P61956;P55854;Q6EEV6;A8MUA9;A8MU27",1.26609296880921,28.539578802925,2.34477134579677,0.025165063885208,0.0778668990654402,-3.98924027314059,"P61956;P55854;Q6EEV6;A8MUA9;A8MU27"
"P62081","RPS7",122,24.6820602440158,"P62081;A0A2R8Y623;B5MCP9;Q59FS3",-1.28233469543915,27.4554160203308,-2.20868260578326,0.0342064756712014,0.099062207630898,-4.25895001704228,"P62081;A0A2R8Y623;B5MCP9;Q59FS3"
"P62140","PPP1CB",4,0,"P62140;V9HW04;A0A8V8TQ71;B4DJ75;A0A8V8TRH9;B7ZB67;H0Y3Y6;B4E163;C9JP48;C9J9S3;A0A8V8TR83",-1.78270432881297,27.9340166606208,-3.33693318621396,0.0020970534950957,0.00959048365279103,-1.72125619082202,"P62140;V9HW04;A0A8V8TQ71;B4DJ75;A0A8V8TRH9;B7ZB67;H0Y3Y6;B4E163;C9JP48;C9J9S3;A0A8V8TR83"
"P62241","RPS8",122,67.0423119982259,"P62241;Q5JR94;Q5JR95;Q9BS10",-1.13385272339552,28.9209541402882,-2.15084856938465,0.0388592339294478,0.109883908092428,-4.36997502225898,"P62241;Q5JR94;Q5JR95;Q9BS10"
"P62244","RPS15A",120,8.51743888644515,"P62244;B2R4W8;I3L3P7;A8K7H3;I3L246;H3BV27;H3BT37;I3L303;H3BVC7",-0.702401553902217,28.3585962147519,-1.24908954234765,0.220366142790223,0.413302465040712,-5.78401346108032,"P62244;B2R4W8;I3L3P7;A8K7H3;I3L246;H3BV27;H3BT37;I3L303;H3BVC7"
"P62249","RPS16",120,8.51743888644515,"P62249;M0R210;M0R3H0;M0R1M5;M0QX76;Q6IPX4;B4DP32",-0.660632791930222,28.0859906735293,-1.22408979353616,0.229532651386718,0.426138297425698,-5.81382326952311,"P62249;M0R210;M0R3H0;M0R1M5;M0QX76;Q6IPX4;B4DP32"
"P62263","RPS14",118,5.30398402730092,"P62263;A0A2R8Y811;E5RH77;A4D1M5",-0.506726975098459,28.5617785796398,-0.955032226534371,0.346462687630191,0.557175122354891,-6.09922751442164,"P62263;A0A2R8Y811;E5RH77;A4D1M5"
"P62266","RPS23",122,71.8970193917099,"P62266;A8K517;D6RD47;D6RDJ2;D6RIX0;D6R9I7",-0.530615701588182,27.5607616840657,-0.966406621953417,0.340826859409082,0.552258577754539,-6.08849928995903,"P62266;A8K517;D6RD47;D6RDJ2;D6RIX0;D6R9I7"
"P62269","RPS18",124,53.0437678590538,"P62269;A0A0G2JQH2;Q5GGW2;J3JS69",-0.6244708339398,28.6094679424394,-1.16957248601897,0.250499836997717,0.454513665849842,-5.87691822008773,"P62269;A0A0G2JQH2;Q5GGW2;J3JS69"
"P62273","RPS29",122,71.8970193917099,"P62273;A0A087WTT6;A0A2R8Y851;A0A2R8Y6P7",-1.47257596184413,26.5772915047917,-2.61056331571015,0.0134605168362165,0.046034377206315,-3.43037002345901,"P62273;A0A087WTT6;A0A2R8Y851;A0A2R8Y6P7"
"P62277","RPS13",124,345.058573261762,"P62277;J3KMX5;E9PS50",-0.58256703633981,27.8529759203093,-1.11480792158745,0.272936374358528,0.476378596320229,-5.93763431976822,"P62277;J3KMX5;E9PS50"
"P62280","RPS11",120,8.51743888644515,"P62280;M0QZC5;M0R1H5",-0.727156423322633,27.8466226207533,-1.32027696458813,0.195771255180013,0.379496920389347,-5.6961437769,"P62280;M0QZC5;M0R1H5"
"P62318","SNRPD3",36,207.618565679012,"P62318;H3BT13",-1.13484801527179,25.9050572640367,-2.09281696833981,0.0440845090323931,0.12135885584469,-4.47915133330147,"P62318;H3BT13"
"P62424","RPL7A",124,154.046383966272,"P62424;Q9BY74;Q5T8U2;Q5T8U3",-0.867269927022196,28.0640695958493,-1.57385978453362,0.125000667812634,0.275142613202262,-5.34823105860963,"P62424;Q9BY74;Q5T8U2;Q5T8U3"
"P62495","ETF1",116,58.6919585628493,"P62495;B7Z7P8;I3L492;D6RJE8;D6RCB3",-0.720182812769334,26.9361323004017,-1.32904824635577,0.192892235732862,0.376725662649216,-5.68501370470485,"P62495;B7Z7P8;I3L492;D6RJE8;D6RCB3"
"P62701","RPS4X",120,8.51743888644515,"P62701;Q96IR1;B2R491;Q53HV1;P22090;Q8TD47;C9JEH7;A4FU11;Q496E4;B7Z1M6;Q53HI6",-0.820303827624439,28.3088276904688,-1.51000038447984,0.140501222543241,0.301184407637366,-5.44086649417628,"P62701;Q96IR1;B2R491;Q53HV1;P22090;Q8TD47;C9JEH7;A4FU11;Q496E4;B7Z1M6;Q53HI6"
"P62750","RPL23A",122,93.6315328415882,"P62750;H7BY10;K7EJV9;K7ERT8;A8MUS3;K7EMA7;Q53RC5;O95014;B9EJE3",-0.395638326663907,27.8544225778023,-0.7355681058068,0.46715766463843,0.665326372606057,-6.28243359897911,"P62750;H7BY10;K7EJV9;K7ERT8;A8MUS3;K7EMA7;Q53RC5;O95014;B9EJE3"
"P62753","RPS6",136,1507.93694935268,"P62753;Q96DV6;A2A3R6;A2A3R5;A2A3R7;Q9BZU1",-0.631124724574207,28.7978947054908,-1.16171661149716,0.253633052993317,0.457008372204597,-5.88579265498927,"P62753;Q96DV6;A2A3R6;A2A3R5;A2A3R7;Q9BZU1"
"P62805","H4C11",50,44.3907407886629,"P62805;B2R4R0;Q0VAS5;Q6B823",3.55592798697397,30.7951160050684,6.39671393134477,2.93345539760222e-07,4.15883972050969e-06,6.76597995718191,"P62805;B2R4R0;Q0VAS5;Q6B823"
"P62805","H4C15",50,44.3907407886629,"P62805;B2R4R0;Q0VAS5;Q6B823",3.55592798697397,30.7951160050684,6.39671393134477,2.93345539760222e-07,4.15883972050969e-06,6.76597995718191,"P62805;B2R4R0;Q0VAS5;Q6B823"
"P62805","H4C12",50,44.3907407886629,"P62805;B2R4R0;Q0VAS5;Q6B823",3.55592798697397,30.7951160050684,6.39671393134477,2.93345539760222e-07,4.15883972050969e-06,6.76597995718191,"P62805;B2R4R0;Q0VAS5;Q6B823"
"P62805","H4C14",50,44.3907407886629,"P62805;B2R4R0;Q0VAS5;Q6B823",3.55592798697397,30.7951160050684,6.39671393134477,2.93345539760222e-07,4.15883972050969e-06,6.76597995718191,"P62805;B2R4R0;Q0VAS5;Q6B823"
"P62805","H4C5",50,44.3907407886629,"P62805;B2R4R0;Q0VAS5;Q6B823",3.55592798697397,30.7951160050684,6.39671393134477,2.93345539760222e-07,4.15883972050969e-06,6.76597995718191,"P62805;B2R4R0;Q0VAS5;Q6B823"
"P62805","H4C2",50,44.3907407886629,"P62805;B2R4R0;Q0VAS5;Q6B823",3.55592798697397,30.7951160050684,6.39671393134477,2.93345539760222e-07,4.15883972050969e-06,6.76597995718191,"P62805;B2R4R0;Q0VAS5;Q6B823"
"P62805","H4C4",50,44.3907407886629,"P62805;B2R4R0;Q0VAS5;Q6B823",3.55592798697397,30.7951160050684,6.39671393134477,2.93345539760222e-07,4.15883972050969e-06,6.76597995718191,"P62805;B2R4R0;Q0VAS5;Q6B823"
"P62805","H4C1",50,44.3907407886629,"P62805;B2R4R0;Q0VAS5;Q6B823",3.55592798697397,30.7951160050684,6.39671393134477,2.93345539760222e-07,4.15883972050969e-06,6.76597995718191,"P62805;B2R4R0;Q0VAS5;Q6B823"
"P62805","H4C8",50,44.3907407886629,"P62805;B2R4R0;Q0VAS5;Q6B823",3.55592798697397,30.7951160050684,6.39671393134477,2.93345539760222e-07,4.15883972050969e-06,6.76597995718191,"P62805;B2R4R0;Q0VAS5;Q6B823"
"P62805","H4C9",50,44.3907407886629,"P62805;B2R4R0;Q0VAS5;Q6B823",3.55592798697397,30.7951160050684,6.39671393134477,2.93345539760222e-07,4.15883972050969e-06,6.76597995718191,"P62805;B2R4R0;Q0VAS5;Q6B823"
"P62805","H4C3",50,44.3907407886629,"P62805;B2R4R0;Q0VAS5;Q6B823",3.55592798697397,30.7951160050684,6.39671393134477,2.93345539760222e-07,4.15883972050969e-06,6.76597995718191,"P62805;B2R4R0;Q0VAS5;Q6B823"
"P62805","H4C13",50,44.3907407886629,"P62805;B2R4R0;Q0VAS5;Q6B823",3.55592798697397,30.7951160050684,6.39671393134477,2.93345539760222e-07,4.15883972050969e-06,6.76597995718191,"P62805;B2R4R0;Q0VAS5;Q6B823"
"P62805","H4C6",56,621.130366906563,"P62805;B2R4R0;Q0VAS5;Q6B823",3.55592798697397,30.7951160050684,6.39671393134477,2.93345539760222e-07,4.15883972050969e-06,6.76597995718191,"P62805;B2R4R0;Q0VAS5;Q6B823"
"P62841","RPS15",124,53.0437678590538,"P62841;K7ELC2;K7EM56;A0A0B4J2B4;K7EJ78;S4R417;K7EQJ5;S4R456",-1.16456327746028,25.2859956326846,-1.84327302558017,0.0742303212007796,0.184486399505312,-4.92199573810362,"P62841;K7ELC2;K7EM56;A0A0B4J2B4;K7EJ78;S4R417;K7EQJ5;S4R456"
"P62847","RPS24",124,86.7523283781108,"P62847;E7ETK0;A0A2R8Y849;A0A2R8YD14;A0A2R8Y8A0",-0.736034017402908,26.2983726571836,-1.32563124198556,0.19400991672472,0.377725924010238,-5.68935748084222,"P62847;E7ETK0;A0A2R8Y849;A0A2R8YD14;A0A2R8Y8A0"
"P62851","RPS25",120,8.51743888644515,"P62851",-1.15688186006583,27.5805067621525,-2.10766243497147,0.0426918446067627,0.118255651268644,-4.4514374008541,"P62851"
"P62888","RPL30",122,170.728837346688,"P62888;E5RI99;A0A0B4J213;E5RJH3;A0A0C4DH44",-0.562811989018574,28.0489996554222,-1.01614658130662,0.316906564470338,0.528606642187649,-6.04017983133026,"P62888;E5RI99;A0A0B4J213;E5RJH3;A0A0C4DH44"
"P62906","RPL10A",114,55.1192720538526,"P62906;Q1JQ76",-0.820572453560381,27.7190848893825,-1.5128277944123,0.139783616892843,0.300265221135521,-5.43683529418273,"P62906;Q1JQ76"
"P62910","RPL32",120,60.876310487477,"P62910;D3YTB1;F8W727",-0.46226919827194,26.571729828974,-0.809817824004934,0.423810299353415,0.628262511256321,-6.22555620726157,"P62910;D3YTB1;F8W727"
"P62913","RPL11",120,60.876310487477,"P62913;Q5VVD0;Q5VVC8;Q08ES8",-0.488452193192995,28.4257823538369,-0.884392779024169,0.382843197839176,0.593188243447784,-6.16315527068143,"P62913;Q5VVD0;Q5VVC8;Q08ES8"
"P62979","RPS27A",190,19162.3844607216,"P62979;A0A248RGE3;Q5RKT7;B2RDW1;P62987;J3QTR3;Q3MIH3;M0R1V7;Q49A90;M0R1M6;Q8WYN9;M0R2S1;J3QSA3;F5GZ39",-2.29030107893188,33.3658498843001,-4.28752277943602,0.000146300703249526,0.000954627392123996,0.794345570325167,"P62979;A0A248RGE3;Q5RKT7;B2RDW1;P62987;J3QTR3;Q3MIH3;M0R1V7;Q49A90;M0R1M6;Q8WYN9;M0R2S1;J3QSA3;F5GZ39"
"P62993","GRB2",62,2306.59869009005,"P62993;A0A384ME16;Q6ICN0;B0LPF3;B3KR50;J3KT38;J3QRL5;J3QLF6",-0.8963579770301,27.4105613573646,-1.69786147512894,0.0988879364726713,0.231208001393,-5.15902943176358,"P62993;A0A384ME16;Q6ICN0;B0LPF3;B3KR50;J3KT38;J3QRL5;J3QLF6"
"P63151","PPP2R2A",10,46.2320439213618,"P63151;A0A140VJT0;Q56VW8;A0A590UJY3;A0A590UJJ1;Q66LE6;E5RFR9;E5RIY1;Q6PEG1;Q6IN90;Q00005;B3KMA9;H0YB06;Q59GC6;Q9Y2T4;Q9NZ48;E5RJV2;E5RHQ2",-0.977733492545209,26.3547976975021,-1.85889156327696,0.0719242275764722,0.180303559015313,-4.89559143453002,"P63151;A0A140VJT0;Q56VW8;A0A590UJY3;A0A590UJJ1;Q66LE6;E5RFR9;E5RIY1;Q6PEG1;Q6IN90;Q00005;B3KMA9;H0YB06;Q59GC6;Q9Y2T4;Q9NZ48;E5RJV2;E5RHQ2"
"P63173","RPL38",120,60.876310487477,"P63173;J3KT73;J3QL01;J3KSP2",-1.90891548551045,23.7574059628234,-3.43151784009562,0.00162445566795393,0.0077001173683105,-1.48261130427794,"P63173;J3KT73;J3QL01;J3KSP2"
"P68366","TUBA4A",10,1639.85496707744,"P68366;C9JEV8;C9JQ00;C9JJQ8;C9JDL2",-2.03770198252481,27.3085095936394,-3.7337267415059,0.000706895312982165,0.00371805477435307,-0.700513165815811,"P68366;C9JEV8;C9JQ00;C9JJQ8;C9JDL2"
"P78324","SIRPA",12,14.2336130628749,"P78324;B4DP97;Q5TFQ8;H3BQ21;Q2QD20;O00241;H3BTT9;H3BU43;H3BSK5;H3BUA5;H3BRP9;H3BV43;H3BML4;H9KV29;A2RRP5",-2.78790773047223,24.7256450158163,-4.84862489108171,2.84021331679e-05,0.000225985340180307,2.36269805142953,"P78324;B4DP97;Q5TFQ8;H3BQ21;Q2QD20;O00241;H3BTT9;H3BU43;H3BSK5;H3BUA5;H3BRP9;H3BV43;H3BML4;H9KV29;A2RRP5"
"P78406","RAE1",6,36.0261183251172,"P78406;E9PPG9;E9PQ57;Q5J8M4;B0QZ36;B0QZ37",-1.60995813141964,23.3250231422719,-2.66670772239366,0.0117451272625572,0.0412070325443375,-3.30724310897481,"P78406;E9PPG9;E9PQ57;Q5J8M4;B0QZ36;B0QZ37"
"P80188","LCN2",22,1547.53997898201,"P80188;X6R8F3;B2ZDQ1",-3.94420416881189,25.3243772916097,-6.72220049815729,1.13498710843876e-07,1.86317094274762e-06,7.68120645368164,"P80188;X6R8F3;B2ZDQ1"
"P80723","BASP1",2,0,"P80723;U3KQP0",1.74145546762941,30.103215056778,3.18581195971143,0.00313582983756757,0.0134349632738644,-2.09570947377778,"P80723;U3KQP0"
"P84077","ARF1",22,705.234433089182,"P84077;A0A8V8TNZ5;A0A8V8TQC0;P61204;A0A8V8TNZ0;A0A8V8TQP8;B4DJC8;B4DN70;B4DEB9;F5H423;A0A8V8TP92;B4E190;A0A8V8TP99;F5H0C7;H0YGG7;A0A8V8TPG9",-1.38196682790481,30.7060725197717,-2.32302485355234,0.0264469447248275,0.0807756984500735,-4.03311730131202,"P84077;A0A8V8TNZ5;A0A8V8TQC0;P61204;A0A8V8TNZ0;A0A8V8TQP8;B4DJC8;B4DN70;B4DEB9;F5H423;A0A8V8TP92;B4E190;A0A8V8TP99;F5H0C7;H0YGG7;A0A8V8TPG9"
"P84103","SRSF3",46,17.968268053499,"P84103;A0A087X2D0;B2R6F3;Q16629;A0A0B4J1Z1;B4DEK2;C9JAB2",-0.309718439868774,23.1284062496727,-0.57597172778386,0.568517715889712,0.744106905522456,-6.38669948694059,"P84103;A0A087X2D0;B2R6F3;Q16629;A0A0B4J1Z1;B4DEK2;C9JAB2"
"P98088","MUC5AC",10,55.2133329485494,"P98088;T1S9D5;O75372;T1R7N1;T1R7M6;T1R7A8;T1R7Q9;T1R7N3;Q14887;Q14889",4.70947710657234,25.4896353580766,7.39366275193639,1.64768224444942e-08,3.35890256237761e-07,9.53891772595529,"P98088;T1S9D5;O75372;T1R7N1;T1R7M6;T1R7A8;T1R7Q9;T1R7N3;Q14887;Q14889"
"P98160","HSPG2",30,496.280617142095,"P98160;Q59EG0;Q2VPA1;A0A0U1RQT3;A0A3B3IT11;H0Y5A9;H7BYA5",2.80571113228391,30.1614268639867,5.01416819591636,1.74281657471609e-05,0.000148520352364467,2.83160377132215,"P98160;Q59EG0;Q2VPA1;A0A0U1RQT3;A0A3B3IT11;H0Y5A9;H7BYA5"
"P98196","ATP11A",8,1,"P98196;Q6PJ25;H0Y547;E9PEJ6;Q659C3;H0Y8F0;A0A087WVE8",-2.45292957528926,25.1141947522449,-4.34949945179801,0.000122275385431097,0.000820165434751812,0.965465894192478,"P98196;Q6PJ25;H0Y547;E9PEJ6;Q659C3;H0Y8F0;A0A087WVE8"
"Q00839","HNRNPU",44,367.707593706326,"Q00839;A0A1W2PPS1;B4DLR3;A0A1X7SBS1;B3KX72;A0A1W2PP35;Q96BA7;A0A994J6V2;Q5RI18;A0A1W2PPH7;A0A1W2PPL4;A0A1W2PP34;A0A1W2PQL0;Q7Z4Q5;A0A1W2PQD4;A0A1W2PQ74;A0A1W2PRZ7;A0A1W2PP22;Q9UEL2;A0A1W2PPE9",-1.75991278739995,26.2149418436997,-3.05254240279554,0.00444377132319052,0.0180158222636137,-2.41838519809895,"Q00839;A0A1W2PPS1;B4DLR3;A0A1X7SBS1;B3KX72;A0A1W2PP35;Q96BA7;A0A994J6V2;Q5RI18;A0A1W2PPH7;A0A1W2PPL4;A0A1W2PP34;A0A1W2PQL0;Q7Z4Q5;A0A1W2PQD4;A0A1W2PQ74;A0A1W2PRZ7;A0A1W2PP22;Q9UEL2;A0A1W2PPE9"
"Q01130","SRSF2",46,1489.32346645753,"Q01130;J3QL05;Q8NAK9;J3KP15;Q53FN0;B3KX15;Q6NXQ0;Q8N220;B3KVY2;B3KUF7;B3KUY1",-0.169642446122602,23.6581789600669,-0.258947769059592,0.797274052476402,0.890332176753991,-6.51950231296605,"Q01130;J3QL05;Q8NAK9;J3KP15;Q53FN0;B3KX15;Q6NXQ0;Q8N220;B3KVY2;B3KUF7;B3KUY1"
"Q01469","FABP5",4,26.9678071305076,"Q01469;E7DVW5;I6L8B7;A8MUU1",-3.97968588535628,29.0511475630802,-7.59132081210416,9.41737806713304e-09,2.09805729938485e-07,10.0765198931153,"Q01469;E7DVW5;I6L8B7;A8MUU1"
"Q01973","ROR1",2,0,"Q01973;A2VCQ3",3.38522818056479,24.7541124692693,6.07614140304572,7.52551178728822e-07,9.61970133793113e-06,5.85764785976063,"Q01973;A2VCQ3"
"Q02388","COL7A1",2,0,"Q02388;Q59F16;C9JBL3",1.91790167956124,27.3744472126914,2.89500576354064,0.00665522400342898,0.0255951216605363,-2.7898811988804,"Q02388;Q59F16;C9JBL3"
"Q02487","DSC2",4,0,"Q02487;Q63HM4;A0A3B3ISU0;A9X9L0;A9X9K9;A8K2P8;B4DLJ5;Q68DY8;A9X9L1",-4.36711460536215,25.7630080740893,-7.61601655303155,8.78429870216692e-09,1.98537881536657e-07,10.143364756308,"Q02487;Q63HM4;A0A3B3ISU0;A9X9L0;A9X9K9;A8K2P8;B4DLJ5;Q68DY8;A9X9L1"
"Q02543","RPL18A",120,60.876310487477,"Q02543;M0R3D6;M0R1A7;M0R117;B4DM74;B2R4C0;M0R0P7;Q53HD3;B4DM94;B4DUV3;Q32XH3;Q76N54",-0.527881862411775,27.6784892364081,-0.93975459432069,0.35412961533316,0.563940842105875,-6.11344816105527,"Q02543;M0R3D6;M0R1A7;M0R117;B4DM74;B2R4C0;M0R0P7;Q53HD3;B4DM94;B4DUV3;Q32XH3;Q76N54"
"Q02809","PLOD1",12,0,"Q02809;B4DGN8;B2R5M9;B4DHT1;Q5JXB7;Q5JXB8",3.04570454947546,25.463048692424,5.54824769701281,3.58482119697453e-06,3.67797937939591e-05,4.35312662853226,"Q02809;B4DGN8;B2R5M9;B4DHT1;Q5JXB7;Q5JXB8"
"Q02878","RPL6",122,114.828074015152,"Q02878;Q8TBK5;Q8N5Z7;Q9HBB3;B4DRX3;B2R4K7;F8VZ45;U3KQR5;F8VR69;F8VZA3;F8VWR1;F8VU16",-0.525425640668288,27.9385045981174,-0.972224878436482,0.337967871322443,0.54959425998681,-6.08296520274281,"Q02878;Q8TBK5;Q8N5Z7;Q9HBB3;B4DRX3;B2R4K7;F8VZ45;U3KQR5;F8VR69;F8VZA3;F8VWR1;F8VU16"
"Q03113","GNA12",10,111.579956248819,"Q03113;E9PC54;C9J2Y7;Q6ZQV4",1.38493932944239,24.2893307987886,2.60109853381184,0.0137715448084128,0.0468412739993887,-3.45095920818064,"Q03113;E9PC54;C9J2Y7;Q6ZQV4"
"Q03135","CAV1",64,3192.96408540179,"Q03135;Q2TNI1;A9XTE5;Q59E85;E9PCT5;C9JKI3;Q7Z4F3;A0A1I9UVK8;P56539",1.41948974730054,28.2734726373323,2.64113730404712,0.0124996035639795,0.0431741567176655,-3.36352953046339,"Q03135;Q2TNI1;A9XTE5;Q59E85;E9PCT5;C9JKI3;Q7Z4F3;A0A1I9UVK8;P56539"
"Q03405","PLAUR",14,77.3711735733531,"Q03405;M0R1I2;M0QYR6;Q9UPI5;M0R0H5;M0R0Y4;M0R2E9;M0QYS6;M0R383;M0QX27",-1.37484905162068,29.5391643086698,-2.57408553266653,0.0146960807363152,0.0493934006644042,-3.50945220458449,"Q03405;M0R1I2;M0QYR6;Q9UPI5;M0R0H5;M0R0Y4;M0R2E9;M0QYS6;M0R383;M0QX27"
"Q04721","NOTCH2",8,494.982695366295,"Q04721;Q6IQ50;Q9UFD5;D2WEZ3;A0A1W2PQQ5;Q13560",2.00645275011886,25.01738336477,3.6831759199433,0.000813736745800788,0.0042090297017457,-0.833253623632173,"Q04721;Q6IQ50;Q9UFD5;D2WEZ3;A0A1W2PQQ5;Q13560"
"Q05209","PTPN12",8,0.531574857890647,"Q05209;B4E105;C9J1X8;F8WB51;H0YC15;C9JJC1",1.4041047341005,24.298553145928,2.5710366605908,0.014803947030644,0.049595607721352,-3.51602888610643,"Q05209;B4E105;C9J1X8;F8WB51;H0YC15;C9JJC1"
"Q05639","EEF1A2",28,354.584988429008,"Q05639;A0A9L9PYI8;A0A2U3TZH3;A0A9L9PXK0;Q59GP5;A0A2R8Y488;A0A2R8Y660;A0A4D5RA53;Q6NSH7;A0A4D5RAE1;A0A2R8YDN5;A0A4D5RA40;A0A4D5RA74;A0A4D5RAA6;A0A4D5RAC3;A0A4D5RAB0;A0A4D5RAB4;A0A6Q8PFK6;Q6NS35;A0A4D5RA70",-0.00819018497033497,22.917243375997,-0.0149737144992264,0.988142756834941,0.993558110434617,-6.55320322848426,"Q05639;A0A9L9PYI8;A0A2U3TZH3;A0A9L9PXK0;Q59GP5;A0A2R8Y488;A0A2R8Y660;A0A4D5RA53;Q6NSH7;A0A4D5RAE1;A0A2R8YDN5;A0A4D5RA40;A0A4D5RA74;A0A4D5RAA6;A0A4D5RAC3;A0A4D5RAB0;A0A4D5RAB4;A0A6Q8PFK6;Q6NS35;A0A4D5RA70"
"Q06481","APLP2",2,0,"Q06481;A0A140VJE9;B4DTV1;B4E3I5;B4DKY3",4.34583925794358,26.5065483468837,8.04371747799875,2.66131850642447e-09,6.74849790368938e-08,11.2890488906733,"Q06481;A0A140VJE9;B4DTV1;B4E3I5;B4DKY3"
"Q07020","RPL18",122,114.828074015152,"Q07020;Q0QEW2;H0YHA7;J3QQ67;G3V203;F8VUA6;F8VYV2;B4DDY5;A0A075B7A0",-0.576145427504724,28.3636853303862,-1.07057973649051,0.292078549537841,0.499174244388234,-5.9846984042324,"Q07020;Q0QEW2;H0YHA7;J3QQ67;G3V203;F8VUA6;F8VYV2;B4DDY5;A0A075B7A0"
"Q07955","SRSF1",64,924.020353530984,"Q07955;J3KTL2;Q59FA2;A0A2I7N9Y9;J3KSR8;B7Z570;A8K1L8;J3QQV5;J3KSW7",-0.860395944693224,24.886749917405,-1.53870508773273,0.133352087074429,0.289641476034223,-5.39963702775222,"Q07955;J3KTL2;Q59FA2;A0A2I7N9Y9;J3KSR8;B7Z570;A8K1L8;J3QQV5;J3KSW7"
"Q08211","DHX9",70,3293.85564704927,"Q08211;Q58F26;Q6PJK6;B3KU66",-0.971858032144116,26.1537334983026,-1.7100328307927,0.0965897005801326,0.227529364006009,-5.13980799910903,"Q08211;Q58F26;Q6PJK6;B3KU66"
"Q08431","MFGE8",12,69.9366551901326,"Q08431;H0YKB5;B4E396;A0A8Q3SI86;A0A8Q3WKS4;A0A8Q3SIX6;A0A8Q3SIZ9;H0YKS8",1.6238487957063,32.4149554279874,3.09911818173182,0.00393678240823335,0.0163065396165735,-2.30645681448205,"Q08431;H0YKB5;B4E396;A0A8Q3SI86;A0A8Q3WKS4;A0A8Q3SIX6;A0A8Q3SIZ9;H0YKS8"
"Q08722","CD47",22,86.9116943433601,"Q08722;A0A2R8Y484;A0A0A1TSG4;H7BYS8",1.15961840593103,30.1854127642509,2.22384359173306,0.0330721312982055,0.0965842486133923,-4.22948475253646,"Q08722;A0A2R8Y484;A0A0A1TSG4;H7BYS8"
"Q10567","AP1B1",6,479.410736244432,"Q10567;C9J1E7;B4DG47;Q7Z3M8",-1.15288878214564,26.7785412115311,-2.12620217239381,0.041007325356085,0.114813148820134,-4.41661846947976,"Q10567;C9J1E7;B4DG47;Q7Z3M8"
"Q12905","ILF2",32,2.87543572592728,"Q12905;B4DY09;F4ZW63;F4ZW62;Q53FG3;X6R6Z1;A0A0A0MRL0",-1.46318939741464,25.9980494804153,-2.7016981501221,0.0107809971513892,0.0382547555349065,-3.22966155871806,"Q12905;B4DY09;F4ZW63;F4ZW62;Q53FG3;X6R6Z1;A0A0A0MRL0"
"Q12913","PTPRJ",6,7.45947993861162,"Q12913;A0A8V8TP51;Q9NPR5;E9PPH3;E9PJ83",4.83247878639825,26.2102068756044,9.2459931543397,1.04615243265165e-10,3.7941272528378e-09,14.3779038558631,"Q12913;A0A8V8TP51;Q9NPR5;E9PPH3;E9PJ83"
"Q13049","TRIM32",2,0,"Q13049;Q5JVY0",-0.274558825509978,23.3281385203313,-0.488560508984113,0.628363960042388,0.788702944759539,-6.43326431254552,"Q13049;Q5JVY0"
"Q13158","FADD",8,79.7834699912638,"Q13158;Q6LCG1;Q6LCB0;B4DDS8",-0.89651398273114,23.1143994881664,-1.68660893171872,0.101053106554447,0.235212417420388,-5.17669758477438,"Q13158;Q6LCG1;Q6LCB0;B4DDS8"
"Q13393","PLD1",10,120.530814841565,"Q13393;Q59EA4;H7C0L3;C9IY79;F8WBV7",-0.834111064916929,25.7959462110004,-1.47502855698946,0.149624144710171,0.315109863167469,-5.49018450348319,"Q13393;Q59EA4;H7C0L3;C9IY79;F8WBV7"
"Q13501","SQSTM1",28,1936.86937809724,"Q13501;E7EMC7;E3WH17;E9PFW8;B4E3V2;E3W990;B4DE82;C9JRJ8;Q13502;D6RBF1;C9J6J8",1.75414226911315,25.882976746772,3.03270123344519,0.00467802177025402,0.0188267740663513,-2.46578340758379,"Q13501;E7EMC7;E3WH17;E9PFW8;B4E3V2;E3W990;B4DE82;C9JRJ8;Q13502;D6RBF1;C9J6J8"
"Q13509","TUBB3",4,0,"Q13509;Q9BV28;Q53G92;B2RBD5;A0A0B4J269;Q3ZCR3;G3V2A3;G3V5W4;G3V2R8;G3V3R4;G3V2N6;G3V3J6;G3V3W7",-1.08444239637109,26.5977353474099,-1.893688284265,0.0670062275086401,0.170745444117196,-4.83612013247213,"Q13509;Q9BV28;Q53G92;B2RBD5;A0A0B4J269;Q3ZCR3;G3V2A3;G3V5W4;G3V2R8;G3V3R4;G3V2N6;G3V3J6;G3V3W7"
"Q13616","CUL1",16,630.163979880428,"Q13616;A0A590UJ21;A0A590UJ50;A0A090N7U0;B4DLA3;A0A590UJ56;A0A590UK34;B3KTW0;A0A590UJC4;A0A590UJR3;Q75MQ1;A0A590UJA0;A0A590UJM8;B3KU45;A0A590UJ59;A0A590UJ97",-1.28617946272286,25.4702627655904,-2.34358278163555,0.0252336467256847,0.0779244991459509,-3.99164589756978,"Q13616;A0A590UJ21;A0A590UJ50;A0A090N7U0;B4DLA3;A0A590UJ56;A0A590UK34;B3KTW0;A0A590UJC4;A0A590UJR3;Q75MQ1;A0A590UJA0;A0A590UJM8;B3KU45;A0A590UJ59;A0A590UJ97"
"Q13867","BLMH",2,0,"Q13867;K7ESE8;J3KSD8;K7ES02;B4DXF3;J3KS79;K7ENH5",1.9398618630356,25.2711978140183,3.23546249155429,0.00274971146070228,0.0120950792412844,-1.97364994660092,"Q13867;K7ESE8;J3KSD8;K7ES02;B4DXF3;J3KS79;K7ENH5"
"Q14103","HNRNPD",28,0.422079070354932,"Q14103;A0A994J4R1;H0Y8G5;H0YA96;A0A994J440;D6RAF8;D6RF44;D6RD83;B4E0W4;A0A994J4B1",-1.5453642421252,28.5994295485519,-2.78342602749301,0.00880836195440746,0.0324743273472776,-3.04599208786988,"Q14103;A0A994J4R1;H0Y8G5;H0YA96;A0A994J440;D6RAF8;D6RF44;D6RD83;B4E0W4;A0A994J4B1"
"Q14116","IL18",10,120.859507211891,"Q14116;B0YJ28;Q96KJ8",-2.50099703042421,23.9864552055576,-4.1379239661497,0.000225074363586185,0.00138462907302823,0.384079209077531,"Q14116;B0YJ28;Q96KJ8"
"Q14185","DOCK1",20,428.743219582789,"Q14185;B2RUU3;A0A2X0U2H5;A0A096LNH6",-1.79209189197382,24.0560854275317,-3.13378243110712,0.00359561791902224,0.0150533319321213,-2.22256034383709,"Q14185;B2RUU3;A0A2X0U2H5;A0A096LNH6"
"Q14315","FLNC",32,108.030594956069,"Q14315;Q59H94;B3KM41",4.26754927712004,25.6347732093782,7.78750766956575,5.42823674743029e-09,1.28352617413847e-07,10.6054974419432,"Q14315;Q59H94;B3KM41"
"Q14512","FGFBP1",2,0,"Q14512",2.27338510319633,26.6963412429807,3.68495606525891,0.000809721490447885,0.00419521815399826,-0.828591475896479,"Q14512"
"Q14573","ITPR3",14,461.829194594778,"Q14573;Q59ES2;A6H8K3",1.69310737046727,25.8183020581587,2.60723835556348,0.0135690335480482,0.0463546721099258,-3.43760852291112,"Q14573;Q59ES2;A6H8K3"
"Q14738","PPP2R5D",6,0,"Q14738;B4DSD7;E9PFR3;A8K6Y2;Q59EF0;H0Y8C4;H7C5Q9;H0YJ35;B4DI74;G3V2U3",1.23477886185769,26.4828663879907,2.2415833346945,0.0317876661899626,0.0935337083457485,-4.19481987718632,"Q14738;B4DSD7;E9PFR3;A8K6Y2;Q59EF0;H0Y8C4;H7C5Q9;H0YJ35;B4DI74;G3V2U3"
"Q14CN2","CLCA4",2,0,"Q14CN2;Q9NXP1;A8K7I4;B3KUF3;B4DUZ6",-7.32971069650629,25.6530674846253,-11.5742341374223,3.37889628050371e-13,2.77336249970818e-11,19.7684214615886,"Q14CN2;Q9NXP1;A8K7I4;B3KUF3;B4DUZ6"
"Q15075","EEA1",12,978.306281260637,"Q15075;A8K7J3;Q05D76",-0.882794328981213,25.2885568992895,-1.56626792960567,0.126767185162979,0.2774644565076,-5.3594170440623,"Q15075;A8K7J3;Q05D76"
"Q15382","RHEB",12,335.345160568684,"Q15382;Q6NZ61;A8K005;A0A090N900;C9J931;C9J469;F8WBL3",1.683064906518,26.3491331048771,3.1510126657056,0.00343668033617993,0.0145638668050886,-2.18067391119196,"Q15382;Q6NZ61;A8K005;A0A090N900;C9J931;C9J469;F8WBL3"
"Q15393","SF3B3",26,23.8632639272365,"Q15393;B3KQH1;A8K6V3;B3KM77",-1.41638281681133,24.6562350148099,-2.32029696120931,0.026611841043208,0.0811361996224493,-4.03860068410774,"Q15393;B3KQH1;A8K6V3;B3KM77"
"Q15399","TLR1",10,77.7925078066141,"Q15399;Q6FI64;Q5FWG5;D1CS44;D1CS43;D1CS38;D1CS36;D1CS35;D1CS34;D1CS42;A8KAB7;D6RAP2",-2.24643075722571,23.8507692952543,-4.0425076935398,0.00029569954018777,0.00173362192828131,0.124674327787741,"Q15399;Q6FI64;Q5FWG5;D1CS44;D1CS43;D1CS38;D1CS36;D1CS35;D1CS34;D1CS42;A8KAB7;D6RAP2"
"Q15637","SF1",26,267.617083284214,"Q15637;A0A9L9PXR5;H7C561;B4DJU4;A0A9L9PXE4;A0A7P0T9U7;C9J792;A0A9L9PXU0;Q14820;F8WEV5;B4DX42;B4DSE4",-0.869199121394868,23.327502115886,-1.4703135552857,0.150889507696621,0.316632772029616,-5.49675649163648,"Q15637;A0A9L9PXR5;H7C561;B4DJU4;A0A9L9PXE4;A0A7P0T9U7;C9J792;A0A9L9PXU0;Q14820;F8WEV5;B4DX42;B4DSE4"
"Q15758","SLC1A5",2,0,"Q15758;Q71UA6;Q59ES3",1.53349844495192,29.237728581314,2.93062395725069,0.00607933976931008,0.0236132761400724,-2.70687525490438,"Q15758;Q71UA6;Q59ES3"
"Q16186","ADRM1",4,0,"Q16186;B4DMP7;Q68E00;A0A087WX59;A0A087WUX6",-0.647573677734599,23.4901363240319,-0.981540239740819,0.333424100501733,0.545332862855221,-6.07403957712095,"Q16186;B4DMP7;Q68E00;A0A087WX59;A0A087WUX6"
"Q16270","IGFBP7",14,412.126119716324,"Q16270",4.9829631532745,26.3361521854188,9.34132004570613,8.15840709994356e-11,3.22102173983847e-09,14.6140549825734,"Q16270"
"Q16864","ATP6V1F",20,0,"Q16864;A4D1K0",-1.3333141878512,23.3227752382014,-2.53142562171493,0.0162731943197362,0.0538240647754584,-3.60100294508796,"Q16864;A4D1K0"
"Q16881","TXNRD1",2,0,"Q16881;A0A140VKC9;B7Z2S5;B2R5P6;A0A182DWI3;Q6ZR44;E9PIR7;E9PKD3;A0A0B4J225;E9PIZ5;E9PLT3;E9PKI4;E9PQI3;A0A182DWF3;Q59ET7;D3YTF8;E9PRI8;A0A182DWF2;Q17RE6;Q9NNW7;A0A096LPK7;A4FTY4;E7EWK1;Q6M1B7;A0A096LPD9;B3KUQ5",1.21872799748096,27.2544787505481,2.24786738183974,0.031343500451885,0.0927192734948229,-4.18249202229674,"Q16881;A0A140VKC9;B7Z2S5;B2R5P6;A0A182DWI3;Q6ZR44;E9PIR7;E9PKD3;A0A0B4J225;E9PIZ5;E9PLT3;E9PKI4;E9PQI3;A0A182DWF3;Q59ET7;D3YTF8;E9PRI8;A0A182DWF2;Q17RE6;Q9NNW7;A0A096LPK7;A4FTY4;E7EWK1;Q6M1B7;A0A096LPD9;B3KUQ5"
"Q3LXA3","TKFC",2,0,"Q3LXA3;A0A140VJH7;H0YCY6;Q9UFX5;I3L252;A0AUP5;E9PQR1;E9PJG8",-2.52143002414837,23.8456022128382,-4.52554157397782,7.32707014232162e-05,0.000518211604850366,1.4547471810983,"Q3LXA3;A0A140VJH7;H0YCY6;Q9UFX5;I3L252;A0AUP5;E9PQR1;E9PJG8"
"Q5SSG8","MUC21",6,0,"Q5SSG8;A0A0C4DGM6;A0A140TA51;A0A0G2JMC4;B4DWR2;B7ZAP8;A0A140TA38;A0A0G2JJF7;A0A0G2JHX4;A0A0G2JKD1;A0A140T8X8;B4DRX4",-7.11616947021344,26.709206975277,-12.6455350821077,3.03220547327396e-14,3.94060369630895e-12,21.9915660120158,"Q5SSG8;A0A0C4DGM6;A0A140TA51;A0A0G2JMC4;B4DWR2;B7ZAP8;A0A140TA38;A0A0G2JJF7;A0A0G2JHX4;A0A0G2JKD1;A0A140T8X8;B4DRX4"
"Q5VZM2","RRAGB",10,587.399589542914,"Q5VZM2;Q7L523;Q5VZM0",0.872476103033684,23.7004626734898,1.39737537219705,0.171568281342542,0.344794761280533,-5.59606073286864,"Q5VZM2;Q7L523;Q5VZM0"
"Q687X5","STEAP4",2,0,"Q687X5;C9JS50",-6.40254170443348,26.1180658606055,-11.1797486388465,8.50347285646324e-13,6.02780269075201e-11,18.9099225592469,"Q687X5;C9JS50"
"Q68CZ2","TNS3",4,0,"Q68CZ2;C9JHU5;A0A994J537;E9PCX8;A0A994J7F3;Q8NDL6;Q59GW4;A0A994J4W0;A0A994J7T8;Q9H8D5;A0A0A7M2D8;Q0VG55;E9PF55;C9JWN9;E9PGF5;Q0VG54;B2RU35;A0A994J515;A0A494C067;Q9HBL0;C9JTD0;Q9UFN8;Q6PJM3;H0Y4U1;Q59G71;A0A2R8Y4T1;A7E2A6;F8VV64;Q9H757;B3KYA3;Q63HR2;A0A0A7M2A0",2.42166411043675,24.8366390233533,4.39875608378252,0.000105990810163687,0.000723381481182803,1.10190612324503,"Q68CZ2;C9JHU5;A0A994J537;E9PCX8;A0A994J7F3;Q8NDL6;Q59GW4;A0A994J4W0;A0A994J7T8;Q9H8D5;A0A0A7M2D8;Q0VG55;E9PF55;C9JWN9;E9PGF5;Q0VG54;B2RU35;A0A994J515;A0A494C067;Q9HBL0;C9JTD0;Q9UFN8;Q6PJM3;H0Y4U1;Q59G71;A0A2R8Y4T1;A7E2A6;F8VV64;Q9H757;B3KYA3;Q63HR2;A0A0A7M2A0"
"Q6FI13","H2AC19",38,0,"Q6FI13;A3KPC7;A0A0U1RRH7;A0A0U1RR32;B2R5B3;P0C0S8;A4FTV9;P20671;Q96KK5;Q16777;Q9BTM1;Q99878;B2R5B6;B4E0B3;H0YFX9;A0A3B3IS11;REV__Q6N028;REV__H0Y672;REV__E7EQ67;V9GZN0",4.44700067810138,30.3418748851228,7.33451936856109,1.94949083007829e-08,3.92287864452528e-07,9.37718170837472,"Q6FI13;A3KPC7;A0A0U1RRH7;A0A0U1RR32;B2R5B3;P0C0S8;A4FTV9;P20671;Q96KK5;Q16777;Q9BTM1;Q99878;B2R5B6;B4E0B3;H0YFX9;A0A3B3IS11;REV__Q6N028;REV__H0Y672;REV__E7EQ67;V9GZN0"
"Q6FI13","H2AC18",44,24.595089145221,"Q6FI13;A3KPC7;A0A0U1RRH7;A0A0U1RR32;B2R5B3;P0C0S8;A4FTV9;P20671;Q96KK5;Q16777;Q9BTM1;Q99878;B2R5B6;B4E0B3;H0YFX9;A0A3B3IS11;REV__Q6N028;REV__H0Y672;REV__E7EQ67;V9GZN0",4.44700067810138,30.3418748851228,7.33451936856109,1.94949083007829e-08,3.92287864452528e-07,9.37718170837472,"Q6FI13;A3KPC7;A0A0U1RRH7;A0A0U1RR32;B2R5B3;P0C0S8;A4FTV9;P20671;Q96KK5;Q16777;Q9BTM1;Q99878;B2R5B6;B4E0B3;H0YFX9;A0A3B3IS11;REV__Q6N028;REV__H0Y672;REV__E7EQ67;V9GZN0"
"Q6IAA8","LAMTOR1",12,323.132591693434,"Q6IAA8;B4DUK2;F5GX19;F5H3Y3;H0YFI1;F5H479",2.10799463626809,24.8588237351306,3.41136237150801,0.0017156733916462,0.00805901401889233,-1.53372844274365,"Q6IAA8;B4DUK2;F5GX19;F5H3Y3;H0YFI1;F5H479"
"Q6R327","RICTOR",18,655.655491700878,"Q6R327;D6R9S6;A0AA34QVX7;Q8N6M7;A0AA34QVL6",1.38498172501585,24.0692843948595,2.51828836190566,0.0167893217132166,0.0551800784231008,-3.62899057571296,"Q6R327;D6R9S6;A0AA34QVX7;Q8N6M7;A0AA34QVL6"
"Q6UX06","OLFM4",4,0,"Q6UX06;B4DV64",-3.54061394528646,24.8087535905961,-6.47529323715135,2.33082747139726e-07,3.381325992227e-06,6.98766342648584,"Q6UX06;B4DV64"
"Q6XQN6","NAPRT",4,0,"Q6XQN6;G5E977;C9J8U2;H0YF31;A0A087WUT5;Q8WY82;H0YDA6",-2.64676544760343,25.1567387758846,-4.52028356196774,7.44037838345439e-05,0.000525034845655978,1.44007007011176,"Q6XQN6;G5E977;C9J8U2;H0YF31;A0A087WUT5;Q8WY82;H0YDA6"
"Q71DI3","H3C14",48,33.8828135593012,"Q71DI3",2.83493449762814,29.3635804057724,4.06269026724102,0.000279148832142027,0.0016552570483859,0.179386195777838,"Q71DI3"
"Q71DI3","H3C15",46,33.5203135593012,"Q71DI3",2.83493449762814,29.3635804057724,4.06269026724102,0.000279148832142027,0.0016552570483859,0.179386195777838,"Q71DI3"
"Q71DI3","H3C13",62,2847.46558936616,"Q71DI3",2.83493449762814,29.3635804057724,4.06269026724102,0.000279148832142027,0.0016552570483859,0.179386195777838,"Q71DI3"
"Q71UI9","H2AZ2",34,19.2186229057426,"Q71UI9;P0C0S5;C9J0D1;A0A494C189;C9J386",3.62674319054149,25.5055842636334,6.77296631101637,9.79480734683155e-08,1.6406623358273e-06,7.82318328477189,"Q71UI9;P0C0S5;C9J0D1;A0A494C189;C9J386"
"Q7L576","CYFIP1",36,991.076717112849,"Q7L576;X5D2F4;B3KWV6;A0A087WVZ5;A0A0G2JR96;A0A0G2JQT1;B3KWT5;A0A0G2JQH3;A0A0G2JRX2;A0A087WU52;A0A0G2JRV9;A0A087WWL1;H0YL50",-0.928394804046455,27.5975460982999,-1.71172700740217,0.0962733698636722,0.226966470600751,-5.13712340584271,"Q7L576;X5D2F4;B3KWV6;A0A087WVZ5;A0A0G2JR96;A0A0G2JQT1;B3KWT5;A0A0G2JQH3;A0A0G2JRX2;A0A087WU52;A0A0G2JRV9;A0A087WWL1;H0YL50"
"Q7Z699","SPRED1",4,0,"Q7Z699;H0YMN8",2.13512478368785,24.287747919589,4.07560875435836,0.000269034707905136,0.0016105935776509,0.214451502504837,"Q7Z699;H0YMN8"
"Q86U42","PABPN1",26,233.853979860103,"Q86U42;B4DEH8;G3V4T2;A0A7I2V383;H0YJH9",-0.842116602009234,23.7519939657716,-1.38481216722725,0.175344456963824,0.350351929064809,-5.61271417406076,"Q86U42;B4DEH8;G3V4T2;A0A7I2V383;H0YJH9"
"Q86VI3","IQGAP3",14,147.952180852339,"Q86VI3;A2RRC9;F2Z2E2",2.66083828538825,24.6309508511047,5.01090437385038,1.75970198111597e-05,0.000149550694253425,2.82234069759825,"Q86VI3;A2RRC9;F2Z2E2"
"Q86VN1","VPS36",42,1605.79184541279,"Q86VN1;Q59H03;A0A3B3ISW7",-3.00883956549698,24.848822373789,-5.40622950218179,5.46056791134488e-06,5.37271650330747e-05,3.94784307781114,"Q86VN1;Q59H03;A0A3B3ISW7"
"Q86VP6","CAND1",2,0,"Q86VP6;A8K8U1;A0A0C4DGH5;B3KMG3;H0YH27;B3KM30;O75155;F5H6I6;A0A384MDT0;A0A3B3ISC4;F8WBB8",-0.830153607410605,28.0084419797542,-1.53137041917294,0.135150261267025,0.292731711730451,-5.41023598240761,"Q86VP6;A8K8U1;A0A0C4DGH5;B3KMG3;H0YH27;B3KM30;O75155;F5H6I6;A0A384MDT0;A0A3B3ISC4;F8WBB8"
"Q8IZP0","ABI1",36,162.954755271363,"Q8IZP0;A0A0A0MRT6;B6VEX3;B6VEX4;B6VEX5;Q59G41;B4DKX2;B7Z9E9;B7Z5L1;B7Z612;B4DG63;Q53SH3;Q13802;H0Y6B5;B4DMM5;B4DSH8;B7ZAM8;B7Z617",-1.05049284293367,27.852012158153,-1.94578258988885,0.0601855181120446,0.15633093856316,-4.74544081164368,"Q8IZP0;A0A0A0MRT6;B6VEX3;B6VEX4;B6VEX5;Q59G41;B4DKX2;B7Z9E9;B7Z5L1;B7Z612;B4DG63;Q53SH3;Q13802;H0Y6B5;B4DMM5;B4DSH8;B7ZAM8;B7Z617"
"Q8N684","CPSF7",4,0,"Q8N684;F5H669;B4DGF8;J3QT54;F5H6M0;F5H047",-2.9125062568037,24.688421498375,-3.59533357419153,0.00103771787341841,0.00516731182725133,-1.06215600283028,"Q8N684;F5H669;B4DGF8;J3QT54;F5H6M0;F5H047"
"Q8NEZ2","VPS37A",36,0.618452380952381,"Q8NEZ2;B3KW95;H0YBN0;E5RG91;E5RJ10;E5RHB8;E5RJX6",-2.16070473378025,24.280145905225,-3.41336686943903,0.00170638566594017,0.00803960255599303,-1.52865102892856,"Q8NEZ2;B3KW95;H0YBN0;E5RG91;E5RJ10;E5RHB8;E5RJX6"
"Q8NG11","TSPAN14",2,0,"Q8NG11;H7BXY6;A6NEP9;Q8N2P5",-1.88162573864447,28.8789915657269,-3.5429351031665,0.00119858661407971,0.00586011639792838,-1.19758293574004,"Q8NG11;H7BXY6;A6NEP9;Q8N2P5"
"Q8WU90","ZC3H15",32,0,"Q8WU90;B7Z592;F8WB26",2.83579738734779,25.0030034580406,4.07812014624055,0.000267110577149552,0.00160523678252303,0.22127236004942,"Q8WU90;B7Z592;F8WB26"
"Q8WUW1","BRK1",34,57.3530047089742,"Q8WUW1",-1.81807163752375,25.6193311408154,-2.45319952667836,0.019574968369582,0.0626841132902733,-3.76620030287698,"Q8WUW1"
"Q92542","NCSTN",8,355.576253811069,"Q92542;A0A8V8TNV7;A0A8V8TNI9;A0A8V8TNI3;A0A8V8TPR8;B4DR82;Q5T209;A0A8V8TNU8;B4DJN0;A0A8V8TNV3;A0A8V8TNC8;A0A8V8TPQ8;H0Y3Z4;H0Y6T7;Q5T205;A0A8V8TQ51;Q5T210;A0A2R8YCK1",-0.761504164452379,28.8024555136256,-1.45232042375665,0.155796827331873,0.323091957744754,-5.52166669747044,"Q92542;A0A8V8TNV7;A0A8V8TNI9;A0A8V8TNI3;A0A8V8TPR8;B4DR82;Q5T209;A0A8V8TNU8;B4DJN0;A0A8V8TNV3;A0A8V8TNC8;A0A8V8TPQ8;H0Y3Z4;H0Y6T7;Q5T205;A0A8V8TQ51;Q5T210;A0A2R8YCK1"
"Q92626","PXDN",10,221.099631399356,"Q92626;H7C1W1;C9J4I9;H7C300",2.90134275973611,26.1124530406054,5.68303702961931,2.4047370452776e-06,2.57866435399499e-05,4.73780237444193,"Q92626;H7C1W1;C9J4I9;H7C300"
"Q92633","LPAR1",8,25.4001987665952,"Q92633;Q6GPG7;Q5VZX0;B4DQ18;B1AP63",3.98572398403108,25.0232884017114,7.18920647532535,2.95165084859617e-08,5.64797484464506e-07,8.9781591493843,"Q92633;Q6GPG7;Q5VZX0;B4DQ18;B1AP63"
"Q92747","ARPC1A",18,0,"Q92747;V9HVZ6;Q53GB6;A0A0K0K1L3;Q59GQ0",-3.3864010964312,25.0731430286752,-4.56989105625308,6.43676426593521e-05,0.000467918571517918,1.57868558231964,"Q92747;V9HVZ6;Q53GB6;A0A0K0K1L3;Q59GQ0"
"Q92817","EVPL",12,1714.43829658295,"Q92817;K7EKI0;B7ZLH8;K7EQ87;A8MZ36",-7.66667425231876,24.7539335117796,-13.7518328006002,2.88978334082683e-15,8.19384930912627e-13,24.1289569046075,"Q92817;K7EKI0;B7ZLH8;K7EQ87;A8MZ36"
"Q92900","UPF1",24,130.293341358452,"Q92900;A0A024R7L5;A0A994J4L7;A0A8A5YP40;A0A994J773;A0A8A5YP91;B3KY55;A0A8A5YQV3;A0A8A5YNG5;A0A994J597;A0A8A5YNF9;A0A059XBJ1;A0A059XAJ5;A0A059XG67;A0A8A5YPS5;Q6ZUC8;A0A059X4U2;A0A059XAL2",-0.41589904319741,25.0845147894275,-0.754449449245106,0.455896773170951,0.655877322656918,-6.26846992286052,"Q92900;A0A024R7L5;A0A994J4L7;A0A8A5YP40;A0A994J773;A0A8A5YP91;B3KY55;A0A8A5YQV3;A0A8A5YNG5;A0A994J597;A0A8A5YNF9;A0A059XBJ1;A0A059XAJ5;A0A059XG67;A0A8A5YPS5;Q6ZUC8;A0A059X4U2;A0A059XAL2"
"Q93050","ATP6V0A1",20,0,"Q93050;K7ENA1;K7ERA6;A0A994J4L9;Q53X12;Q53ET5;A0A994J735;K7EN36;A0A994J4L1;A0A994J6N3;Q5CZH6;A0A994J731;A0A994J6N0;A0A994J3Z9;A0A994J3Z0;A0A994J728;A0A994J3Z4;B7Z641;A0A994J473;B7Z2A9;A0A994J4L6;K7EM24;B7Z2J9;K7EPG4;K7ELZ6;F5H1T6;Q6AHY6;A0A994J403;K7EQW2",-1.42743032440594,23.1343289709302,-2.30374903538825,0.0276321789232052,0.0836745301567738,-4.07176507569934,"Q93050;K7ENA1;K7ERA6;A0A994J4L9;Q53X12;Q53ET5;A0A994J735;K7EN36;A0A994J4L1;A0A994J6N3;Q5CZH6;A0A994J731;A0A994J6N0;A0A994J3Z9;A0A994J3Z0;A0A994J728;A0A994J3Z4;B7Z641;A0A994J473;B7Z2A9;A0A994J4L6;K7EM24;B7Z2J9;K7EPG4;K7ELZ6;F5H1T6;Q6AHY6;A0A994J403;K7EQW2"
"Q93077","H2AC6",46,33.5203135593012,"Q93077;Q7L7L0;P04908;Q08AJ9",4.02358050017426,25.4252340152288,6.79416745438281,9.21080971876677e-08,1.56986423567396e-06,7.88240966420577,"Q93077;Q7L7L0;P04908;Q08AJ9"
"Q93079","H2BC9",42,0.483333333333333,"Q93079;I6L9F7;Q99877;P62807;O60814;P58876;Q5QNW6;Q99879;B2R4S9;B4DR52;Q0D2M2;U3KQK0;A8K9J7;P57053;Q99880;Q96A08;A0A2R8Y619;L0R4T3",7.1840656415308,26.5350813222497,13.0240775033963,1.33587092862529e-14,2.02523624639194e-12,22.7404997091169,"Q93079;I6L9F7;Q99877;P62807;O60814;P58876;Q5QNW6;Q99879;B2R4S9;B4DR52;Q0D2M2;U3KQK0;A8K9J7;P57053;Q99880;Q96A08;A0A2R8Y619;L0R4T3"
"Q96AC1","FERMT2",12,49.5944655561461,"Q96AC1;A8K6S3;H0YJ34;A0A0U1RRM8;G3V3J0;G3V281;G3V5R2;H0YJB6;G3V379;A0A8V8TN73",5.65013809420427,25.078133619915,9.90812790476786,1.90622393477178e-11,1.00771397500901e-09,15.9909109390672,"Q96AC1;A8K6S3;H0YJ34;A0A0U1RRM8;G3V3J0;G3V281;G3V5R2;H0YJB6;G3V379;A0A8V8TN73"
"Q96CF2","CHMP4C",40,12.3619805233428,"Q96CF2",-2.07134650993472,24.1600391780274,-3.02403215788055,0.00478399775438762,0.0191358992364661,-2.48643896693556,"Q96CF2"
"Q96EY5","MVB12A",34,0.484523809523809,"Q96EY5;E9PQA6;A8K0C2;E9PLZ8;M0QZK6;E9PLL0;E9PJW8",-2.58071761017467,27.2269325636089,-4.76026268599451,3.68361008309401e-05,0.000286513213196265,2.11330732252961,"Q96EY5;E9PQA6;A8K0C2;E9PLZ8;M0QZK6;E9PLL0;E9PJW8"
"Q96FX8","PERP",2,0,"Q96FX8",-2.50744465318769,24.4062756680826,-4.60840787630341,5.7509099126447e-05,0.000421058404167578,1.68652299236716,"Q96FX8"
"Q96G03","PGM2",10,1901.99296322705,"Q96G03;B4DN40;E7ENQ8;Q4W5D6;E9PD70;H0Y921",-2.08825564099307,26.9784923784098,-3.64864737407153,0.000895546027649954,0.00458654853898228,-0.923501450109761,"Q96G03;B4DN40;E7ENQ8;Q4W5D6;E9PD70;H0Y921"
"Q96H20","SNF8",34,0.588207625707626,"Q96H20;D6RJ86;D6RFY6",-4.2273391892498,24.7168566108247,-7.80478767150739,5.17220114625195e-09,1.24093041347383e-07,10.6518617555609,"Q96H20;D6RJ86;D6RFY6"
"Q96J02","ITCH",12,305.556180207955,"Q96J02;A0A590UJW8;A0A8V8TKK4;A0A590UJQ1;A0A590UK44;B4DN85;Q59ER4;A0A590UK95;A0A1W2PNZ8;A0A590UIY0;A0A8V8TKI4;H0YBS9",-1.03735180998344,26.1903836649751,-1.85070601750447,0.0731250670786982,0.182315814722989,-4.90945218368936,"Q96J02;A0A590UJW8;A0A8V8TKK4;A0A590UJQ1;A0A590UK44;B4DN85;Q59ER4;A0A590UK95;A0A1W2PNZ8;A0A590UIY0;A0A8V8TKI4;H0YBS9"
"Q96J84","KIRREL1",4,0,"Q96J84;Q5W0G0;B4DN67;Q5W0F9",3.15272952547165,24.3399497809356,6.06722623540835,7.72590542215747e-07,9.83555061702414e-06,5.83230991172012,"Q96J84;Q5W0G0;B4DN67;Q5W0F9"
"Q96JJ3","ELMO2",8,0.768264604342596,"Q96JJ3;Q5JVZ5;B4DRL5;Q5JVZ4;B7Z1S8;B4DZ20;Q5JVZ8;Q5JW01;H0YCM7",1.86830063483694,24.3127720537898,3.52254273301755,0.00126749017049583,0.00617703412777576,-1.2500544111968,"Q96JJ3;Q5JVZ5;B4DRL5;Q5JVZ4;B7Z1S8;B4DZ20;Q5JVZ8;Q5JW01;H0YCM7"
"Q96SB4","SRPK1",16,4.96630138064373,"Q96SB4;A8K8B2;H3BLV9;P78362;Q9UPE1;H7C2I2;H7C521;A8MPP7;A8MPY5;H7C5L6;E7ETV6;Q59GF4;C9J2M4;A0A994J591",1.86845591841098,24.6947698531758,3.21739119554543,0.00288467808706774,0.0125310737514823,-2.01818806733272,"Q96SB4;A8K8B2;H3BLV9;P78362;Q9UPE1;H7C2I2;H7C521;A8MPP7;A8MPY5;H7C5L6;E7ETV6;Q59GF4;C9J2M4;A0A994J591"
"Q99102","MUC4",8,98.9730557172087,"Q99102;E9PDY6;A0A0G2JNM3;A0A0G2JNJ5;A0A0G2JMX1;E7ENC5;A0A0G2JPA4;A0A0G2JM16;A0A0G2JQC1;A0A0G2JR97;A0A0G2JSC3;A0A0G2JRU8;A0A0G2JS65;E7EWN1;A0A0G2JRT1;A0A0G2JQK9;A0A0G2JN54;A0T3F4;E7ETT5;A0A0G2JRK4;E7EQT2;A0A0G2JQN9;A0A0G2JRJ6;A0A0G2JS19;A0A0G2JR43;A0A0G2JQI2;E7ERK0;A0A0G2JRV5;A0A0G2JRW3;A0A0G2JRW6;E7EUL9;H0Y2Y1;E7EW47;A0A0G2JRE6;A0A0G2JRS2;A0A0G2JRY3;A0A0G2JRD8;A0A0G2JSB4;A0A0G2JSD9;A0A0G2JRC8",-6.24452266273745,23.6417846273656,-9.06038974866444,1.70344988625976e-10,5.90340021693799e-09,13.9143485420686,"Q99102;E9PDY6;A0A0G2JNM3;A0A0G2JNJ5;A0A0G2JMX1;E7ENC5;A0A0G2JPA4;A0A0G2JM16;A0A0G2JQC1;A0A0G2JR97;A0A0G2JSC3;A0A0G2JRU8;A0A0G2JS65;E7EWN1;A0A0G2JRT1;A0A0G2JQK9;A0A0G2JN54;A0T3F4;E7ETT5;A0A0G2JRK4;E7EQT2;A0A0G2JQN9;A0A0G2JRJ6;A0A0G2JS19;A0A0G2JR43;A0A0G2JQI2;E7ERK0;A0A0G2JRV5;A0A0G2JRW3;A0A0G2JRW6;E7EUL9;H0Y2Y1;E7EW47;A0A0G2JRE6;A0A0G2JRS2;A0A0G2JRY3;A0A0G2JRD8;A0A0G2JSB4;A0A0G2JSD9;A0A0G2JRC8"
"Q99715","COL12A1",20,445.381634648387,"Q99715;D6RGG3;B9EJB8;H0Y4P7;H0Y5N9;H0Y991",3.88890923368778,25.3440808161845,7.04668786068204,4.44258775464967e-08,8.15084188632489e-07,8.58462722357109,"Q99715;D6RGG3;B9EJB8;H0Y4P7;H0Y5N9;H0Y991"
"Q99816","TSG101",48,6346.16144913541,"Q99816;F5H442;L0L6B6;Q86SI0;J3QRU6;J3QKS4",-2.60307027942783,28.440250985338,-4.67646533928754,4.71122821583413e-05,0.000354935285149436,1.87749069230983,"Q99816;F5H442;L0L6B6;Q86SI0;J3QRU6;J3QKS4"
"Q9BRG1","VPS25",42,13.0707828321451,"Q9BRG1;K7EKV4;K7ENE3;K7EP45",-3.43156877137895,25.5167969792394,-6.0386720066754,8.40457759838605e-07,1.0443775908114e-05,5.75113199536107,"Q9BRG1;K7EKV4;K7ENE3;K7EP45"
"Q9BUF5","TUBB6",2,0,"Q9BUF5;K7ESM5;B4DP54;B3KS31;B4E386;K7EL29;K7ESQ3;K7EQT3;K7EJ64;K7ERA8;K7EJZ4;K7ES63;K7EN98;K7EPE5",-1.02490458794195,28.2791707978196,-1.79891720180841,0.0811266071568772,0.198613726626609,-4.9959943146111,"Q9BUF5;K7ESM5;B4DP54;B3KS31;B4E386;K7EL29;K7ESQ3;K7EQT3;K7EJ64;K7ERA8;K7EJZ4;K7ES63;K7EN98;K7EPE5"
"Q9BY43","CHMP4A",44,76.239625201038,"Q9BY43;H0YIN6",-2.3329616495399,26.6458971515172,-4.27672918626688,0.000150935525477848,0.000980766466594601,0.76460985815337,"Q9BY43;H0YIN6"
"Q9BYG5","PARD6B",4,0,"Q9BYG5",2.68920939513294,24.5789019913997,5.1871892644286,1.04476895572393e-05,9.41062915228638e-05,3.32348408821336,"Q9BYG5"
"Q9BZL1","UBL5",14,10.6699686624764,"Q9BZL1;A0A024R7B0;B2R4N3",-1.11222233871866,25.0096139149281,-1.58159598710929,0.123221257296724,0.27186445860008,-5.33678465453247,"Q9BZL1;A0A024R7B0;B2R4N3"
"Q9H0E2","TOLLIP",6,36.3766115851982,"Q9H0E2;Q6FIE9;Q8N8J5;F2Z2Y8;B3KR28;Q59FB9;E7EN89;E9PQ25;E9PNS3;E9PP67",-2.82248591001168,27.2993359349234,-5.2596657820708,8.42983983053262e-06,7.74411528757829e-05,3.52991990746762,"Q9H0E2;Q6FIE9;Q8N8J5;F2Z2Y8;B3KR28;Q59FB9;E7EN89;E9PQ25;E9PNS3;E9PP67"
"Q9H0H5","RACGAP1",14,235.65803982237,"Q9H0H5;B2RE34;A0A2X0U4T9;F8VRD2;H0YIK5;Q9H9L9;F8VWX0;F8VVE5;F8VWY4;F8VV47;F8VZ66;F8W0L1;F8VS54;Q9BZ74;F8VVY0;F8VXH1;F8W1E5;F8VV39;F8VUW9;F8VV37;F8VQZ5;F8VZ41;F8VYH6;F8VQF5;F8W1T4",1.88087753946326,24.8437192534017,3.34437321768214,0.00205554649249728,0.00945612022138499,-1.70259980158921,"Q9H0H5;B2RE34;A0A2X0U4T9;F8VRD2;H0YIK5;Q9H9L9;F8VWX0;F8VVE5;F8VWY4;F8VV47;F8VZ66;F8W0L1;F8VS54;Q9BZ74;F8VVY0;F8VXH1;F8W1E5;F8VV39;F8VUW9;F8VV37;F8VQZ5;F8VZ41;F8VYH6;F8VQF5;F8W1T4"
"Q9H444","CHMP4B",42,13.0707828321451,"Q9H444;P59074",-2.0797334421696,29.2615193506082,-3.82760914801898,0.000543458923593334,0.0029895033204367,-0.452134901633693,"Q9H444;P59074"
"Q9H9H4","VPS37B",36,0.704279054279054,"Q9H9H4;F5H4M0;F5H1F6",-3.05893299320643,27.7228445009138,-5.50029589470527,4.13214994360936e-06,4.18447262146675e-05,4.21626812224025,"Q9H9H4;F5H4M0;F5H1F6"
"Q9HBH0","RHOF",2,0,"Q9HBH0;V9GY67;A8K0B7;F5GXB1;V9GYQ1;V9GYB3",-1.71394822444302,26.9646551461857,-3.2090033483629,0.0029494493519226,0.0127768507342314,-2.03881716711821,"Q9HBH0;V9GY67;A8K0B7;F5GXB1;V9GYQ1;V9GYB3"
"Q9NP79","VTA1",34,11.0623551487174,"Q9NP79;A0A087WY55;Q9C063;Q5TGM0",-2.26913384289829,27.6853526842401,-4.20052898094542,0.000188023440178476,0.00118713585003374,0.555267353674807,"Q9NP79;A0A087WY55;Q9C063;Q5TGM0"
"Q9NQW6","ANLN",10,25.9972578128716,"Q9NQW6;A8K5D9;B4DSL6;C9JJT6;H7C3S1;H7C1C2;H7C1K5",3.3119354204575,25.0247075461786,6.14296056268719,6.18083353371241e-07,8.10000831581891e-06,6.04743815356039,"Q9NQW6;A8K5D9;B4DSL6;C9JJT6;H7C3S1;H7C1C2;H7C1K5"
"Q9NR12","PDLIM7",2,0,"Q9NR12;D6RAN1;D6RF83;H7BYK4;D6RH06",2.14798573993023,24.7909658880754,4.07939766328542,0.000266136971046393,0.00160247338357857,0.224742558692756,"Q9NR12;D6RAN1;D6RF83;H7BYK4;D6RH06"
"Q9NV96","TMEM30A",8,1,"Q9NV96;B4DIF5;B4DDK3;A0A669KBE6;A0A669KBF5;A0A669KB92;E5RG19;A0A669KBA0",-1.30050533607576,26.5922013933907,-2.39074674260854,0.0226382969546051,0.0709636665340838,-3.89552747081048,"Q9NV96;B4DIF5;B4DDK3;A0A669KBE6;A0A669KBF5;A0A669KB92;E5RG19;A0A669KBA0"
"Q9NWQ8","PAG1",4,0,"Q9NWQ8",1.74530057109121,24.007060950005,3.22235150249156,0.00284701525146132,0.0123987332717082,-2.00597568811657,"Q9NWQ8"
"Q9NZ09","UBAP1",30,0.125,"Q9NZ09;A0A6G6AA68;A0A0D9SG79",0.246489322366376,23.0031954583576,0.409886444071866,0.684521641283522,0.825927659250794,-6.46872442612806,"Q9NZ09;A0A6G6AA68;A0A0D9SG79"
"Q9NZ32","ACTR10",2,0,"Q9NZ32;Q86TY2;V9GYX7;Q05DQ7;B2RDG9;Q53HF6;Q53H79;G3V524;G3V2Q5;G3V5Y4;F6S9Y6;Q86SY7",-0.769738907619907,24.334282148687,-1.33086433454984,0.192300221193214,0.375804755577464,-5.68270096915195,"Q9NZ32;Q86TY2;V9GYX7;Q05DQ7;B2RDG9;Q53HF6;Q53H79;G3V524;G3V2Q5;G3V5Y4;F6S9Y6;Q86SY7"
"Q9NZQ7","CD274",18,200.865337506635,"Q9NZQ7;Q0GN75",1.43158902970366,23.9351712183723,2.74618492600482,0.00966133524961838,0.0350799821228867,-3.13010684990012,"Q9NZQ7;Q0GN75"
"Q9NZT1","CALML5",34,2896.91177429683,"Q9NZT1;Q53H37",-4.39963347184677,25.6093441339966,-5.97585412280476,1.01161702691568e-06,1.21076556120614e-05,5.57242610419879,"Q9NZT1;Q53H37"
"Q9NZZ3","CHMP5",38,12.1425860289483,"Q9NZZ3",-2.46781577107329,28.0961569142487,-4.42456337535748,9.83321965407351e-05,0.000672583598707352,1.17354028645489,"Q9NZZ3"
"Q9UBC9","SPRR3",12,64.3089255532478,"Q9UBC9;B1AN48",-6.50860737097034,26.0426789061087,-11.4325992306737,4.69587872492071e-13,3.61411931561637e-11,19.4627063382762,"Q9UBC9;B1AN48"
"Q9UBP0","SPAST",10,0,"Q9UBP0;A0A2R8YGN6;A0A2R8YCL5;A0A2R8Y4I8;E5KRP6;A0A2U3TZR0;E5KRP5;A0A2R8Y481;A0A2R8YFW8;A0A2R8Y7K2;A0A2R8Y5N9;A0A2R8Y7W6;B4E267;A0A994J6X4;A0A2R8YEA0;A0A2R8YFC9",-1.9918741807869,23.6947512405434,-3.48122074590365,0.0014190151703327,0.00679863028612547,-1.3559673794654,"Q9UBP0;A0A2R8YGN6;A0A2R8YCL5;A0A2R8Y4I8;E5KRP6;A0A2U3TZR0;E5KRP5;A0A2R8Y481;A0A2R8YFW8;A0A2R8Y7K2;A0A2R8Y5N9;A0A2R8Y7W6;B4E267;A0A994J6X4;A0A2R8YEA0;A0A2R8YFC9"
"Q9UI12","ATP6V1H",24,4241.39619201238,"Q9UI12;G3V126;B4E054;B3KUZ7;Q8TF11;E5RG49;E5RHH0;E5RK31;E5RJG1;H0YB41",-3.5772010048081,24.9826984790449,-6.52709116855146,2.00346354899016e-07,2.99794741685254e-06,7.13355193630017,"Q9UI12;G3V126;B4E054;B3KUZ7;Q8TF11;E5RG49;E5RHH0;E5RK31;E5RJG1;H0YB41"
"Q9UIW2","PLXNA1",8,152.353111890599,"Q9UIW2;B4DE20;Q6ZTY7;B3KY38;A0A804HKL4;Q9NSM6",2.21197759069493,26.8120552550374,4.1766567164069,0.000201385932469849,0.00126129060918365,0.489902270536183,"Q9UIW2;B4DE20;Q6ZTY7;B3KY38;A0A804HKL4;Q9NSM6"
"Q9UK41","VPS28",42,13.0707828321451,"Q9UK41;Q548N1;E9PQR7;A0A0S2Z5H5;E9PM90;E9PR04;Q71MH5;E9PLM9",-2.75402421812236,29.0309104791514,-5.07806060881701,1.44291274481144e-05,0.000125360580809662,3.01306347387948,"Q9UK41;Q548N1;E9PQR7;A0A0S2Z5H5;E9PM90;E9PR04;Q71MH5;E9PLM9"
"Q9ULZ3","PYCARD",6,21.1470328570879,"Q9ULZ3;B2RAZ4;H3BP42",-3.34792690868867,25.4250041456807,-4.85514235579074,2.78620538765417e-05,0.000222824989848548,2.38111971991984,"Q9ULZ3;B2RAZ4;H3BP42"
"Q9UN37","VPS4A",38,11.8923876162499,"Q9UN37;I3L4J1;Q9UF30;Q9NXK5;Q49AN7",-2.59895209831632,26.3519523949768,-4.65127437729232,5.07235827101678e-05,0.000378124755835609,1.80674453222111,"Q9UN37;I3L4J1;Q9UF30;Q9NXK5;Q49AN7"
"Q9UNF1","MAGED2",2,0,"Q9UNF1;Q5H909;Q5H907;B4DX55;B4DWM5;B4DNG7;Q9BX89;Q9BX88;Q9Y5V3;A0A087X070;Q12816;Q9BX91;G5E9N2;Q9BX90;B4DS47;B4DK08;Q9NVY3",3.33472382570029,25.0494316329778,6.20636872178981,5.12879649221522e-07,6.95509402574751e-06,6.22733412754985,"Q9UNF1;Q5H909;Q5H907;B4DX55;B4DWM5;B4DNG7;Q9BX89;Q9BX88;Q9Y5V3;A0A087X070;Q12816;Q9BX91;G5E9N2;Q9BX90;B4DS47;B4DK08;Q9NVY3"
"Q9UQ80","PA2G4",110,158.078440633908,"Q9UQ80;A8K6Y1;Q6PIN5;Q05D08;F8VR77;F8W0A3;H0YIN7;F8VZ69",-0.867821030047867,28.156936170732,-1.62979323672776,0.1125962155736,0.254668307740433,-5.2643939153004,"Q9UQ80;A8K6Y1;Q6PIN5;Q05D08;F8VR77;F8W0A3;H0YIN7;F8VZ69"
"Q9UQB8","BAIAP2",26,423.79822709983,"Q9UQB8;B4DMV0;I3L3C5",-2.69571870300652,27.2863168519062,-4.9433527883127,2.14812174416108e-05,0.000177718613263618,2.63077666427121,"Q9UQB8;B4DMV0;I3L3C5"
"Q9UQC9","CLCA2",2,0,"Q9UQC9;B4DKU6",-4.02184875613017,24.6587147775097,-7.67309338614647,7.48116714755562e-09,1.71571767156073e-07,10.297574918351,"Q9UQC9;B4DKU6"
"Q9UQN3","CHMP2B",48,1087.33738429474,"Q9UQN3;B2RE76;A0A087WW88;C9J0A7",-3.97827494796961,26.9370048310449,-6.57205665298013,1.75708208744839e-07,2.68644070134879e-06,7.26003419238908,"Q9UQN3;B2RE76;A0A087WW88;C9J0A7"
"Q9Y266","NUDC",4,13.7405573593073,"Q9Y266;A0A0A0MSU9;Q9H2R7;A0A0A0MSS4",1.64807842210834,27.1868058703146,3.13535483021836,0.00358082870952261,0.0150115655174745,-2.21874291846575,"Q9Y266;A0A0A0MSU9;Q9H2R7;A0A0A0MSS4"
"Q9Y2A7","NCKAP1",34,85.0961915229719,"Q9Y2A7;A0A994J4I5;A0A994J6K9;B3KMK7;B3KM75;P55160;F8W050",-1.12721237379488,27.6881457865768,-2.03149451675158,0.0502706630422312,0.135817442720308,-4.59203800534358,"Q9Y2A7;A0A994J4I5;A0A994J6K9;B3KMK7;B3KM75;P55160;F8W050"
"Q9Y2G3","ATP11B",4,0,"Q9Y2G3;B4E3T1;H7C4W6;B4DKX1;B3KSJ2;A0A0C4DG94;Q7Z678;H0Y854",-1.50178375662309,24.5915394749425,-2.57461464184326,0.0146774352392402,0.0493839487715105,-3.50831034673591,"Q9Y2G3;B4E3T1;H7C4W6;B4DKX1;B3KSJ2;A0A0C4DG94;Q7Z678;H0Y854"
"Q9Y2J8","PADI2",2,0,"Q9Y2J8;B4DIU3;Q6ZWF8",-4.44717893623199,25.066260780159,-8.28058984841731,1.38656245278367e-09,3.83326667165823e-08,11.9133916227912,"Q9Y2J8;B4DIU3;Q6ZWF8"
"Q9Y3E7","CHMP3",46,254.546442541599,"Q9Y3E7;A0A140T963",-1.24537109380361,27.999979289271,-2.29743406842698,0.0280307655104749,0.0847170132046231,-4.08437625116601,"Q9Y3E7;A0A140T963"
"Q9Y3U8","RPL36",120,60.876310487477,"Q9Y3U8;J3QSB5;J3KTD3",-1.67909509247702,27.363639539409,-2.76812063918837,0.00915003860488671,0.0336148061350314,-3.08064617879322,"Q9Y3U8;J3QSB5;J3KTD3"
"Q9Y446","PKP3",12,460.404761904762,"Q9Y446;E9PKC4;E9PQ15;E9PK71;E9PRW6;E9PJR7;H0YEY5",-3.20412140624731,26.4786756360931,-5.62299416471983,2.87273632309425e-06,3.02704884855776e-05,4.56645921737232,"Q9Y446;E9PKC4;E9PQ15;E9PK71;E9PRW6;E9PJR7;H0YEY5"
"Q9Y450","HBS1L",106,29.1105494929415,"Q9Y450;D9YZV0;B3KNB9;A8K9E1;H0YES5;B7Z1K2;B7Z524;H0YDX7;J3QT46;E9PJ90;E9PN23;G5E991;E9PMN1;E9PLR4;E9PHZ9;Q9P0A5",-0.543468832633327,23.9373832931091,-0.830746541120045,0.412050349088508,0.619850666472867,-6.20857504420322,"Q9Y450;D9YZV0;B3KNB9;A8K9E1;H0YES5;B7Z1K2;B7Z524;H0YDX7;J3QT46;E9PJ90;E9PN23;G5E991;E9PMN1;E9PLR4;E9PHZ9;Q9P0A5"
"Q9Y490","TLN1",46,1703.86348371609,"Q9Y490;B4DGF3",1.63085773206727,28.6088147200637,2.93428718378446,0.00602284836983599,0.0234230225255841,-2.69830491499316,"Q9Y490;B4DGF3"
"Q9Y4D7","PLXND1",4,0,"Q9Y4D7;H0YAB2;B4DRU3;H0YAM9;H0Y9D1;H0YA64",1.79988967217524,24.3021780451525,3.16445779322691,0.00331732370092192,0.0141542169947681,-2.14790485973897,"Q9Y4D7;H0YAB2;B4DRU3;H0YAM9;H0Y9D1;H0YA64"
"Q9Y4K0","LOXL2",2,0,"Q9Y4K0;W6I206;W8QRJ0;H0YAR1;B4DDQ4;E5RHH3;E5RFY0;E5RJL2;E5RI22;H0YAP6",3.09569606109237,28.7790376984993,5.21998084441011,9.48108737008227e-06,8.64664079160427e-05,3.41686137281616,"Q9Y4K0;W6I206;W8QRJ0;H0YAR1;B4DDQ4;E5RHH3;E5RFY0;E5RJL2;E5RI22;H0YAP6"
"Q9Y5K8","ATP6V1D",22,329.910446391122,"Q9Y5K8;G3V2S6;Q9H3H0;G3V2V6;H0YJH8;Q8N5Z9;Q6PJ05;H0YJ55;H0YJS0;Q9NW63;G3V559",-2.6295393420538,25.0638194283067,-4.0825065464955,0.000263782162322961,0.00159136666206057,0.233188828954994,"Q9Y5K8;G3V2S6;Q9H3H0;G3V2V6;H0YJH8;Q8N5Z9;Q6PJ05;H0YJ55;H0YJS0;Q9NW63;G3V559"
"Q9Y6W5","WASF2",40,220.396766573339,"Q9Y6W5;Q05BU7;B4E3J5;Q8NBU0",-2.91180826472369,25.8123939551364,-4.70878731461617,4.28494037645938e-05,0.000326765991055668,1.96836372425002,"Q9Y6W5;Q05BU7;B4E3J5;Q8NBU0"
