"UNIPROT","Symbol","logFC","adj.P.Val","degree","betweenness","CDS","rank_base","rank_sd","rank_min","rank_max","robustness_label","Symbol_biomat","Protein_Description","GO_BP","GO_CC","GO_MF","GO_BP_IDs","GO_CC_IDs","GO_MF_IDs","Theme_Cell_Adhesion","Theme_Motility_Signaling","Theme_Vesicle_Trafficking","Num_Themes_Match","Biological_Module"
"P22735","TGM1",-10.0491677052415,3.82493263184569e-13,16,683.977442284385,0.756813340397567,1,0,1,1,"robust_candidate","TGM1","transglutaminase 1 [Source:HGNC Symbol;Acc:HGNC:11777]","peptide cross-linking; keratinization; animal organ development; positive regulation of keratinocyte proliferation; positive regulation of cell cycle; protein modification process; keratinocyte differentiation; cornification; cell envelope organization","plasma membrane; membrane; cytosol; extracellular exosome; cornified envelope","protein-glutamine gamma-glutamyltransferase activity; transferase activity; metal ion binding; protein binding; acyltransferase activity; identical protein binding","GO:0018149; GO:0031424; GO:0048513; GO:0010838; GO:0045787; GO:0036211; GO:0030216; GO:0070268; GO:0043163","GO:0005886; GO:0016020; GO:0005829; GO:0070062; GO:0001533","GO:0003810; GO:0016740; GO:0046872; GO:0005515; GO:0016746; GO:0042802",FALSE,FALSE,FALSE,0,"Other"
"P39060","COL18A1",9.08578773124355,2.02523624639194e-12,24,3.38174467512717,0.698950430971595,2,0.31,2,3,"robust_candidate","COL18A1","collagen type XVIII alpha 1 chain [Source:HGNC Symbol;Acc:HGNC:2195]","cell adhesion; regulation of cell population proliferation; anatomical structure morphogenesis; extracellular matrix organization; angiogenesis; visual perception; negative regulation of cell population proliferation; skeletal system development; animal organ morphogenesis; endothelial cell morphogenesis; response to xenobiotic stimulus; response to hydrostatic pressure","extracellular space; extracellular region; endoplasmic reticulum lumen; basement membrane; extracellular exosome; extracellular matrix; collagen trimer","metal ion binding; extracellular matrix structural constituent conferring tensile strength; protein binding","GO:0007155; GO:0042127; GO:0009653; GO:0030198; GO:0001525; GO:0007601; GO:0008285; GO:0001501; GO:0009887; GO:0001886; GO:0009410; GO:0051599","GO:0005615; GO:0005576; GO:0005788; GO:0005604; GO:0070062; GO:0031012; GO:0005581","GO:0046872; GO:0030020; GO:0005515",TRUE,FALSE,FALSE,1,"ECM"
"O43854","EDIL3",11.7505731211699,5.27430626303094e-14,2,0,0.682012208607953,3,0.6,2,5,"robust_candidate","EDIL3","EGF like repeats and discoidin domains 3 [Source:HGNC Symbol;Acc:HGNC:3173]","cell adhesion; positive regulation of cell-substrate adhesion","extracellular region; extracellular exosome; extracellular space; extracellular vesicle; extracellular matrix","calcium ion binding; metal ion binding; extracellular matrix structural constituent; integrin binding","GO:0007155; GO:0010811","GO:0005576; GO:0070062; GO:0005615; GO:1903561; GO:0031012","GO:0005509; GO:0046872; GO:0005201; GO:0005178",TRUE,FALSE,FALSE,1,"ECM"
"P55268","LAMB2",7.94397288514485,3.82493263184569e-13,28,4.98354032590543,0.659543880023312,4,0.39,3,5,"robust_candidate","LAMB2","laminin subunit beta 2 [Source:HGNC Symbol;Acc:HGNC:6487]","cell adhesion; substrate adhesion-dependent cell spreading; positive regulation of cell adhesion; positive regulation of muscle cell differentiation","extracellular region; basement membrane; extracellular exosome; extracellular space; laminin-3 complex; extracellular matrix; endoplasmic reticulum lumen; laminin-11 complex; laminin-522 complex; laminin-15 complex; laminin-4 complex; laminin-7 complex; laminin-9 complex; neuromuscular junction; synaptic cleft; synapse; laminin complex; laminin-14 complex","protein binding; extracellular matrix structural constituent; structural molecule activity; integrin binding","GO:0007155; GO:0034446; GO:0045785; GO:0051149","GO:0005576; GO:0005604; GO:0070062; GO:0005615; GO:0005608; GO:0031012; GO:0005788; GO:0043260; GO:1990339; GO:1990340; GO:0005609; GO:0005612; GO:0043258; GO:0031594; GO:0043083; GO:0045202; GO:0043256; GO:1990338","GO:0005515; GO:0005201; GO:0005198; GO:0005178",TRUE,FALSE,FALSE,1,"ECM"
"P15144","ANPEP",-8.56574498933558,2.77336249970818e-11,12,32.8470087693188,0.653228873459472,5,0.39,4,6,"robust_candidate","ANPEP","alanyl aminopeptidase, membrane [Source:HGNC Symbol;Acc:HGNC:500]","proteolysis; cell differentiation; angiogenesis; symbiont entry into host cell; angiotensin maturation; peptide catabolic process","extracellular space; plasma membrane; extracellular exosome; lysosomal membrane; endoplasmic reticulum-Golgi intermediate compartment; secretory granule membrane; external side of plasma membrane","zinc ion binding; metallopeptidase activity; hydrolase activity; metal ion binding; peptidase activity; aminopeptidase activity; virus receptor activity; alanyl aminopeptidase activity; signaling receptor activity; metalloaminopeptidase activity","GO:0006508; GO:0030154; GO:0001525; GO:0046718; GO:0002003; GO:0043171","GO:0005615; GO:0005886; GO:0070062; GO:0005765; GO:0005793; GO:0030667; GO:0009897","GO:0008270; GO:0008237; GO:0016787; GO:0046872; GO:0008233; GO:0004177; GO:0001618; GO:0016285; GO:0038023; GO:0070006",FALSE,FALSE,TRUE,1,"VT"
"Q92817","EVPL",-7.66667425231876,8.19384930912627e-13,12,1714.43829658295,0.642940212688539,6,0.83,6,8,"robust_candidate","EVPL","envoplakin [Source:HGNC Symbol;Acc:HGNC:3503]","intermediate filament cytoskeleton organization; keratinization; keratinocyte differentiation; epidermis development; wound healing; peptide cross-linking","cytoskeleton; cytosol; extracellular exosome; cytoplasm; intermediate filament cytoskeleton; desmosome; membrane; cornified envelope; intermediate filament","protein binding; cadherin binding; structural molecule activity","GO:0045104; GO:0031424; GO:0030216; GO:0008544; GO:0042060; GO:0018149","GO:0005856; GO:0005829; GO:0070062; GO:0005737; GO:0045111; GO:0030057; GO:0016020; GO:0001533; GO:0005882","GO:0005515; GO:0045296; GO:0005198",FALSE,FALSE,FALSE,0,"Other"
"P12111","COL6A3",6.4674748196218,3.61411931561637e-11,40,258.721171663736,0.642780320768217,7,0.92,4,8,"robust_candidate","COL6A3","collagen type VI alpha 3 chain [Source:HGNC Symbol;Acc:HGNC:2213]","cell adhesion; response to glucose; muscle organ development","extracellular space; extracellular exosome; extracellular matrix; extracellular region; collagen type VI trimer; extracellular vesicle; endoplasmic reticulum lumen; microfibril","protein binding; serine-type endopeptidase inhibitor activity; peptidase inhibitor activity; extracellular matrix structural constituent conferring tensile strength","GO:0007155; GO:0009749; GO:0007517","GO:0005615; GO:0070062; GO:0031012; GO:0005576; GO:0005589; GO:1903561; GO:0005788; GO:0001527","GO:0005515; GO:0004867; GO:0030414; GO:0030020",TRUE,FALSE,FALSE,1,"ECM"
"P22528","SPRR1B",-7.71437255697837,1.12883812313169e-12,12,225.187645389918,0.629880556786944,9,0.45,7,9,"robust_candidate","SPRR1B","small proline rich protein 1B [Source:HGNC Symbol;Acc:HGNC:11260]","keratinization; keratinocyte differentiation; epidermis development; peptide cross-linking","cytoplasm; cornified envelope; cytosol","structural molecule activity","GO:0031424; GO:0030216; GO:0008544; GO:0018149","GO:0005737; GO:0001533; GO:0005829","GO:0005198",FALSE,FALSE,FALSE,0,"Other"
"O60437","PPL",-7.23705889737411,1.29028472693281e-12,10,1072.6627265186,0.610749600031654,10,0.41,10,11,"robust_candidate","PPL","periplakin [Source:HGNC Symbol;Acc:HGNC:9273]","intermediate filament cytoskeleton organization; keratinization; wound healing; response to mechanical stimulus","cytoskeleton; cytoplasm; plasma membrane; extracellular exosome; lateral plasma membrane; desmosome; membrane; cornified envelope; cytosol; intermediate filament","protein binding; cadherin binding; structural molecule activity; structural constituent of cytoskeleton","GO:0045104; GO:0031424; GO:0042060; GO:0009612","GO:0005856; GO:0005737; GO:0005886; GO:0070062; GO:0016328; GO:0030057; GO:0016020; GO:0001533; GO:0005829; GO:0005882","GO:0005515; GO:0045296; GO:0005198; GO:0005200",FALSE,FALSE,FALSE,0,"Other"
"P18084","ITGB5",5.89617076152145,2.67708093670317e-09,54,108.99155386927,0.604841151953864,11,0.55,10,12,"robust_candidate","ITGB5","integrin subunit beta 5 [Source:HGNC Symbol;Acc:HGNC:6160]","cell adhesion; integrin-mediated signaling pathway; symbiont entry into host cell; transforming growth factor beta receptor signaling pathway; cell-matrix adhesion; formation of primary germ layer; cell migration; stress fiber assembly; cell-cell adhesion; endodermal cell differentiation; wound healing, spreading of epidermal cells; epithelial cell-cell adhesion","plasma membrane; focal adhesion; extracellular exosome; cell surface; integrin alphav-beta5 complex; receptor complex; integrin complex; phagocytic vesicle","metal ion binding; protein binding; virus receptor activity; signaling receptor binding; integrin binding","GO:0007155; GO:0007229; GO:0046718; GO:0007179; GO:0007160; GO:0001704; GO:0016477; GO:0043149; GO:0098609; GO:0035987; GO:0035313; GO:0090136","GO:0005886; GO:0005925; GO:0070062; GO:0009986; GO:0034684; GO:0043235; GO:0008305; GO:0045335","GO:0046872; GO:0005515; GO:0001618; GO:0005102; GO:0005178",TRUE,TRUE,FALSE,2,"ECM,MS"
"P08571","CD14",-8.51812739704659,4.76736962097686e-12,6,0,0.588722488565672,12,1,11,15,"robust_candidate","CD14","CD14 molecule [Source:HGNC Symbol;Acc:HGNC:1628]","positive regulation of cytokine production; immune system process; innate immune response; inflammatory response; cellular response to lipopolysaccharide; positive regulation of type II interferon production; positive regulation of tumor necrosis factor production; toll-like receptor 4 signaling pathway; cell surface receptor signaling pathway; apoptotic process; cellular response to lipoteichoic acid; lipopolysaccharide-mediated signaling pathway; cellular response to diacyl bacterial lipopeptide; cellular response to triacyl bacterial lipopeptide; positive regulation of toll-like receptor 4 signaling pathway; cell surface pattern recognition receptor signaling pathway; phagocytosis; positive regulation of interleukin-8 production; cellular response to molecule of bacterial origin; response to molecule of bacterial origin; receptor-mediated endocytosis; response to bacterium; positive regulation of lipopolysaccharide-mediated signaling pathway; positive regulation of type I interferon production; positive regulation of endocytosis","extracellular region; extracellular space; plasma membrane; Golgi apparatus; extracellular exosome; membrane raft; cell surface; side of membrane; external side of plasma membrane; endosome membrane; lipopolysaccharide receptor complex; secretory granule membrane","protein binding; lipopolysaccharide binding; opsonin receptor activity; lipopolysaccharide immune receptor activity; peptidoglycan immune receptor activity; lipoteichoic acid binding; molecular carrier activity","GO:0001819; GO:0002376; GO:0045087; GO:0006954; GO:0071222; GO:0032729; GO:0032760; GO:0034142; GO:0007166; GO:0006915; GO:0071223; GO:0031663; GO:0071726; GO:0071727; GO:0034145; GO:0002752; GO:0006909; GO:0032757; GO:0071219; GO:0002237; GO:0006898; GO:0009617; GO:0031666; GO:0032481; GO:0045807","GO:0005576; GO:0005615; GO:0005886; GO:0005794; GO:0070062; GO:0045121; GO:0009986; GO:0098552; GO:0009897; GO:0010008; GO:0046696; GO:0030667","GO:0005515; GO:0001530; GO:0001847; GO:0001875; GO:0016019; GO:0070891; GO:0140104",FALSE,FALSE,TRUE,1,"VT"
"P05106","ITGB3",5.09271930854193,3.7941272528378e-09,68,323.333181397287,0.588205458803218,13,0.77,12,14,"robust_candidate","ITGB3","integrin subunit beta 3 [Source:HGNC Symbol;Acc:HGNC:6156]","positive regulation of endothelial cell migration; positive regulation of vascular endothelial growth factor receptor signaling pathway; negative regulation of low-density lipoprotein particle clearance; negative regulation of macrophage derived foam cell differentiation; negative regulation of lipid storage; positive regulation of cell migration; cell adhesion; angiogenesis; regulation of transport; regulation of protein localization; regulation of developmental process; integrin-mediated signaling pathway; negative chemotaxis; positive regulation of cell population proliferation; platelet activation; platelet aggregation; symbiont entry into host cell; cell-matrix adhesion; heterotypic cell-cell adhesion; mesodermal cell differentiation; cell-substrate adhesion; cell migration; positive regulation of endothelial cell proliferation; blood coagulation; substrate adhesion-dependent cell spreading; regulation of postsynaptic neurotransmitter receptor internalization; wound healing; regulation of bone resorption; smooth muscle cell migration; negative regulation of lipid transport; tube development; wound healing, spreading of epidermal cells; apolipoprotein A-I-mediated signaling pathway; apoptotic cell clearance; negative regulation of lipoprotein metabolic process; angiogenesis involved in wound healing; positive regulation of leukocyte migration; embryo implantation; regulation of G protein-coupled receptor signaling pathway; positive regulation of gene expression; positive regulation of fibroblast migration; response to activity; positive regulation of smooth muscle cell migration; regulation of actin cytoskeleton organization; response to platelet-derived growth factor; positive regulation of angiogenesis; positive regulation of bone resorption; positive regulation of smooth muscle cell proliferation; regulation of release of sequestered calcium ion into cytosol; positive regulation of ERK1 and ERK2 cascade; cellular response to mechanical stimulus; cellular response to xenobiotic stimulus; positive regulation of glomerular mesangial cell proliferation; maintenance of postsynaptic specialization structure; cellular response to insulin-like growth factor stimulus; positive regulation of T cell migration","plasma membrane; melanosome; focal adhesion; lamellipodium membrane; filopodium membrane; ruffle membrane; extracellular exosome; synapse; cell surface; filopodium; postsynaptic membrane; ruffle; microvillus membrane; integrin complex; integrin alphav-beta3 complex; nucleus; cell-cell junction; glutamatergic synapse; receptor complex; platelet alpha granule membrane; protein-containing complex; alphav-beta3 integrin-vitronectin complex; alphav-beta3 integrin-IGF-1-IGF1R complex; alphav-beta3 integrin-PKCalpha complex; alphav-beta3 integrin-HMGB1 complex; integrin alphaIIb-beta3 complex; synaptic membrane; glycinergic synapse; external side of plasma membrane; apical plasma membrane; alpha9-beta1 integrin-ADAM8 complex","protein binding; enzyme binding; metal ion binding; protein disulfide isomerase activity; identical protein binding; virus receptor activity; protease binding; fibroblast growth factor binding; fibronectin binding; coreceptor activity; extracellular matrix binding; insulin-like growth factor I binding; integrin binding; vascular endothelial growth factor receptor 2 binding; platelet-derived growth factor receptor binding; cell adhesion molecule binding; cell adhesion receptor activity; C-X3-C chemokine binding; neuregulin binding; fibrinogen binding; protein kinase C binding","GO:0010595; GO:0030949; GO:0010989; GO:0010745; GO:0010888; GO:0030335; GO:0007155; GO:0001525; GO:0051049; GO:0032880; GO:0050793; GO:0007229; GO:0050919; GO:0008284; GO:0030168; GO:0070527; GO:0046718; GO:0007160; GO:0034113; GO:0048333; GO:0031589; GO:0016477; GO:0001938; GO:0007596; GO:0034446; GO:0099149; GO:0042060; GO:0045124; GO:0014909; GO:0032369; GO:0035295; GO:0035313; GO:0038027; GO:0043277; GO:0050748; GO:0060055; GO:0002687; GO:0007566; GO:0008277; GO:0010628; GO:0010763; GO:0014823; GO:0014911; GO:0032956; GO:0036119; GO:0045766; GO:0045780; GO:0048661; GO:0051279; GO:0070374; GO:0071260; GO:0071466; GO:0072126; GO:0098880; GO:1990314; GO:2000406","GO:0005886; GO:0042470; GO:0005925; GO:0031258; GO:0031527; GO:0032587; GO:0070062; GO:0045202; GO:0009986; GO:0030175; GO:0045211; GO:0001726; GO:0031528; GO:0008305; GO:0034683; GO:0005634; GO:0005911; GO:0098978; GO:0043235; GO:0031092; GO:0032991; GO:0071062; GO:0035867; GO:0035866; GO:0035868; GO:0070442; GO:0097060; GO:0098690; GO:0009897; GO:0016324; GO:0071133","GO:0005515; GO:0019899; GO:0046872; GO:0003756; GO:0042802; GO:0001618; GO:0002020; GO:0017134; GO:0001968; GO:0015026; GO:0050840; GO:0031994; GO:0005178; GO:0043184; GO:0005161; GO:0050839; GO:0004895; GO:0019960; GO:0038132; GO:0070051; GO:0005080",TRUE,TRUE,TRUE,3,"ECM,MS,VT"
"P08473","MME",-8.01102886663737,6.83236075688006e-13,6,4.81779948037879,0.579527397804248,14,1.19,13,18,"robust_candidate","MME","membrane metalloendopeptidase [Source:HGNC Symbol;Acc:HGNC:7154]","proteolysis; kidney development; protein processing; cellular response to cytokine stimulus; cellular response to UV-B; sensory perception of pain; learning or memory; amyloid-beta clearance; cellular response to UV-A; positive regulation of neurogenesis; replicative senescence; peptide metabolic process; substance P catabolic process; bradykinin catabolic process; hormone catabolic process; creatinine metabolic process; amyloid-beta metabolic process; neuropeptide processing; placenta development; angiotensin maturation; protein catabolic process; lung development; response to estrogen","neuronal cell body; cytoplasm; plasma membrane; membrane; focal adhesion; extracellular exosome; synapse; axon; brush border; dendrite; synaptic vesicle; cell surface; secretory granule membrane; membrane raft; cytoplasmic vesicle; early endosome; trans-Golgi network; neuron projection terminus; presynapse; extracellular region","metallopeptidase activity; metalloendopeptidase activity; hydrolase activity; metal ion binding; protein binding; zinc ion binding; peptidase activity; endopeptidase activity; protein homodimerization activity; peptide binding; phosphatidylserine binding; exopeptidase activity; metallocarboxypeptidase activity; oligopeptidase activity","GO:0006508; GO:0001822; GO:0016485; GO:0071345; GO:0071493; GO:0019233; GO:0007611; GO:0097242; GO:0071492; GO:0050769; GO:0090399; GO:0006518; GO:0010814; GO:0010815; GO:0042447; GO:0046449; GO:0050435; GO:0061837; GO:0001890; GO:0002003; GO:0030163; GO:0030324; GO:0043627","GO:0043025; GO:0005737; GO:0005886; GO:0016020; GO:0005925; GO:0070062; GO:0045202; GO:0030424; GO:0005903; GO:0030425; GO:0008021; GO:0009986; GO:0030667; GO:0045121; GO:0031410; GO:0005769; GO:0005802; GO:0044306; GO:0098793; GO:0005576","GO:0008237; GO:0004222; GO:0016787; GO:0046872; GO:0005515; GO:0008270; GO:0008233; GO:0004175; GO:0042803; GO:0042277; GO:0001786; GO:0008238; GO:0004181; GO:0070012",FALSE,FALSE,FALSE,0,"Other"
"P12110","COL6A2",5.29222528308598,1.49957042514983e-09,44,279.200384826166,0.577633560124459,15,0.89,13,16,"robust_candidate","COL6A2","collagen type VI alpha 2 chain [Source:HGNC Symbol;Acc:HGNC:2212]","cell adhesion","extracellular space; membrane; plasma membrane; extracellular exosome; extracellular matrix; extracellular region; collagen type VI trimer; extracellular vesicle; protein-containing complex; endoplasmic reticulum lumen; microfibril; sarcolemma","protein binding; collagen binding; extracellular matrix structural constituent conferring tensile strength","GO:0007155","GO:0005615; GO:0016020; GO:0005886; GO:0070062; GO:0031012; GO:0005576; GO:0005589; GO:1903561; GO:0032991; GO:0005788; GO:0001527; GO:0042383","GO:0005515; GO:0005518; GO:0030020",TRUE,FALSE,FALSE,1,"ECM"
"P16671","CD36",-5.58070492589405,3.83326667165823e-08,38,871.153513214777,0.567451371346714,16,0.79,14,17,"robust_candidate","CD36","CD36 molecule (CD36 blood group) [Source:HGNC Symbol;Acc:HGNC:1663]","cellular response to amyloid-beta; positive regulation of gene expression; lipoprotein transport; positive regulation of macrophage derived foam cell differentiation; positive regulation of reactive oxygen species biosynthetic process; regulation of toll-like receptor signaling pathway; lipid transport; cell adhesion; receptor internalization; inflammatory response; triglyceride transport; negative regulation of angiogenesis; positive regulation of ERK1 and ERK2 cascade; positive regulation of interleukin-1 beta production; energy homeostasis; response to lipid; lipid storage; fatty acid transport; cholesterol import; positive regulation of canonical NF-kappaB signal transduction; positive regulation of nitric oxide biosynthetic process; blood coagulation; positive regulation of cytosolic calcium ion concentration; positive regulation of cell-matrix adhesion; lipid metabolic process; response to fatty acid; long-chain fatty acid import into cell; amyloid fibril formation; receptor-mediated endocytosis; fatty acid metabolic process; cellular response to diacyl bacterial lipopeptide; nitric oxide-cGMP-mediated signaling; low-density lipoprotein particle clearance; regulation of protein-containing complex assembly; positive regulation of toll-like receptor 4 signaling pathway; cholesterol transport; phagocytosis, engulfment; cellular response to low-density lipoprotein particle stimulus; long-chain fatty acid transport; long-chain fatty acid import across plasma membrane; production of molecular mediator involved in inflammatory response; short-chain fatty acid transport; intestinal cholesterol absorption; regulation of lipopolysaccharide-mediated signaling pathway; plasma lipoprotein particle clearance; intestinal absorption; response to linoleic acid; regulation of action potential; lipid transport across blood-brain barrier; negative regulation of transcription by RNA polymerase II; cell surface receptor signaling pathway; negative regulation of gene expression; positive regulation of cholesterol storage; positive regulation of blood coagulation; cellular response to oxidative stress; response to stilbenoid; negative regulation of protein import into nucleus; positive regulation of skeletal muscle tissue regeneration; low-density lipoprotein particle mediated signaling; positive regulation of stress-activated protein kinase signaling cascade; cellular response to hydroperoxide; positive regulation of reactive oxygen species metabolic process","membrane; extracellular space; plasma membrane; Golgi apparatus; apical plasma membrane; membrane raft; cell surface; specific granule membrane; receptor complex; endocytic vesicle membrane; brush border membrane; platelet alpha granule membrane; caveola; phagocytic vesicle; cell periphery; external side of plasma membrane; apical part of cell","protein binding; scavenger receptor activity; amyloid-beta binding; lipid binding; cargo receptor activity; protein-containing complex binding; thrombospondin receptor activity; low-density lipoprotein particle receptor activity; low-density lipoprotein particle binding; transforming growth factor beta binding; lipoprotein particle binding; long-chain fatty acid transmembrane transporter activity; short-chain fatty acid transmembrane transporter activity; Toll-like receptor binding; high-density lipoprotein particle binding; signaling receptor activity; lipoteichoic acid immune receptor activity","GO:1904646; GO:0010628; GO:0042953; GO:0010744; GO:1903428; GO:0034121; GO:0006869; GO:0007155; GO:0031623; GO:0006954; GO:0034197; GO:0016525; GO:0070374; GO:0032731; GO:0097009; GO:0033993; GO:0019915; GO:0015908; GO:0070508; GO:0043123; GO:0045429; GO:0007596; GO:0007204; GO:0001954; GO:0006629; GO:0070542; GO:0044539; GO:1990000; GO:0006898; GO:0006631; GO:0071726; GO:0038060; GO:0034383; GO:0043254; GO:0034145; GO:0030301; GO:0006911; GO:0071404; GO:0015909; GO:0015911; GO:0002532; GO:0015912; GO:0030299; GO:0031664; GO:0034381; GO:0050892; GO:0070543; GO:0098900; GO:1990379; GO:0000122; GO:0007166; GO:0010629; GO:0010886; GO:0030194; GO:0034599; GO:0035634; GO:0042308; GO:0043415; GO:0055096; GO:0070304; GO:0071447; GO:2000379","GO:0016020; GO:0005615; GO:0005886; GO:0005794; GO:0016324; GO:0045121; GO:0009986; GO:0035579; GO:0043235; GO:0030666; GO:0031526; GO:0031092; GO:0005901; GO:0045335; GO:0071944; GO:0009897; GO:0045177","GO:0005515; GO:0005044; GO:0001540; GO:0008289; GO:0038024; GO:0044877; GO:0070053; GO:0005041; GO:0030169; GO:0050431; GO:0071813; GO:0005324; GO:0015636; GO:0035325; GO:0008035; GO:0038023; GO:0070892",TRUE,TRUE,TRUE,3,"ECM,MS,VT"
"Q9UBC9","SPRR3",-6.50860737097034,3.61411931561637e-11,12,64.3089255532478,0.567380439725915,17,0.76,15,18,"robust_candidate","SPRR3","small proline rich protein 3 [Source:HGNC Symbol;Acc:HGNC:11268]","wound healing; keratinization; epidermis development; keratinocyte differentiation","perinuclear region of cytoplasm; cytoplasm; extracellular exosome; cytosol; cornified envelope; Golgi apparatus","protein binding; structural molecule activity","GO:0042060; GO:0031424; GO:0008544; GO:0030216","GO:0048471; GO:0005737; GO:0070062; GO:0005829; GO:0001533; GO:0005794","GO:0005515; GO:0005198",FALSE,FALSE,FALSE,0,"Other"
"P15941","MUC1",-5.44150349646561,3.48889111081328e-09,28,842.856652714833,0.560876058639082,18,0.65,16,19,"robust_candidate","MUC1","mucin 1, cell surface associated [Source:HGNC Symbol;Acc:HGNC:7508]","positive regulation of transcription by RNA polymerase II; negative regulation of transcription by competitive promoter binding; mitotic G1 DNA damage checkpoint signaling; DNA damage response, signal transduction by p53 class mediator","nucleus; cytoplasm; extracellular region; extracellular space; plasma membrane; apical plasma membrane; extracellular exosome; vesicle; chromatin; Golgi lumen","protein binding; RNA polymerase II cis-regulatory region sequence-specific DNA binding; p53 binding; transcription coregulator activity","GO:0045944; GO:0010944; GO:0031571; GO:0030330","GO:0005634; GO:0005737; GO:0005576; GO:0005615; GO:0005886; GO:0016324; GO:0070062; GO:0031982; GO:0000785; GO:0005796","GO:0005515; GO:0000978; GO:0002039; GO:0003712",FALSE,FALSE,FALSE,0,"Other"
"P35321","SPRR1A",-7.063706640905,1.43345841853797e-11,10,0.25,0.552537001146771,19,0.51,18,20,"robust_candidate","SPRR1A","small proline rich protein 1A [Source:HGNC Symbol;Acc:HGNC:11259]","keratinization; keratinocyte differentiation; epidermis development; peptide cross-linking; cornification","cytoplasm; cornified envelope; cytosol","protein binding; structural molecule activity; structural constituent of skin epidermis","GO:0031424; GO:0030216; GO:0008544; GO:0018149; GO:0070268","GO:0005737; GO:0001533; GO:0005829","GO:0005515; GO:0005198; GO:0030280",FALSE,FALSE,FALSE,0,"Other"
"P02751","FN1",3.53842274994988,2.99794741685254e-06,126,6024.76556630829,0.529512504840343,20,1.74,19,26,"weight_sensitive_candidate","FN1","fibronectin 1 [Source:HGNC Symbol;Acc:HGNC:3778]","positive regulation of phosphatidylinositol 3-kinase/protein kinase B signal transduction; cell adhesion; angiogenesis; regulation of cell shape; positive regulation of gene expression; positive regulation of cell population proliferation; acute-phase response; nervous system development; response to wounding; heart development; integrin-mediated signaling pathway; endothelial cell migration; positive regulation of fibroblast proliferation; regulation of protein phosphorylation; substrate adhesion-dependent cell spreading; regulation of ERK1 and ERK2 cascade; cell-matrix adhesion; biological process involved in interaction with symbiont; neural crest cell migration; cell-substrate junction assembly; endodermal cell differentiation; enteric nervous system development; negative regulation of transforming growth factor beta production; blood coagulation, fibrin clot formation; response to muscle activity","extracellular region; extracellular space; extracellular exosome; extracellular matrix; plasma membrane; endoplasmic reticulum-Golgi intermediate compartment; blood microparticle; endoplasmic reticulum lumen; platelet alpha granule lumen; fibrinogen complex; fibronectin fibril; basement membrane; apical plasma membrane","protein binding; signaling receptor binding; integrin binding; heparin binding; identical protein binding; protease binding; collagen binding; extracellular matrix structural constituent; proteoglycan binding; peptidase activator activity; receptor ligand activity","GO:0051897; GO:0007155; GO:0001525; GO:0008360; GO:0010628; GO:0008284; GO:0006953; GO:0007399; GO:0009611; GO:0007507; GO:0007229; GO:0043542; GO:0048146; GO:0001932; GO:0034446; GO:0070372; GO:0007160; GO:0051702; GO:0001755; GO:0007044; GO:0035987; GO:0048484; GO:0071635; GO:0072378; GO:0014850","GO:0005576; GO:0005615; GO:0070062; GO:0031012; GO:0005886; GO:0005793; GO:0072562; GO:0005788; GO:0031093; GO:0005577; GO:0061800; GO:0005604; GO:0016324","GO:0005515; GO:0005102; GO:0005178; GO:0008201; GO:0042802; GO:0002020; GO:0005518; GO:0005201; GO:0043394; GO:0016504; GO:0048018",TRUE,TRUE,FALSE,2,"ECM,MS"
"Q5SSG8","MUC21",-7.11616947021344,3.94060369630895e-12,6,0,0.526863338261339,21,0.93,20,23,"robust_candidate","MUC21","mucin 21, cell surface associated [Source:HGNC Symbol;Acc:HGNC:21661]","negative regulation of cell-cell adhesion","plasma membrane; Golgi lumen","","GO:0022408","GO:0005886; GO:0005796","",FALSE,FALSE,FALSE,0,"Other"
"P29317","EPHA2",5.09903353539291,3.06168588527763e-09,22,121.230345393219,0.518736856500709,22,0.32,21,23,"robust_candidate","EPHA2","EPH receptor A2 [Source:HGNC Symbol;Acc:HGNC:3386]","protein phosphorylation; cell surface receptor protein tyrosine kinase signaling pathway; positive regulation of cell migration; apoptotic process; cell differentiation; cell adhesion; angiogenesis; cell migration; regulation of cell migration; response to stress; regulation of cell adhesion; symbiont entry into host cell; animal organ development; osteoblast differentiation; ephrin receptor signaling pathway; cell motility; osteoclast differentiation; positive regulation of protein localization to plasma membrane; lens fiber cell morphogenesis; intrinsic apoptotic signaling pathway in response to DNA damage; cell chemotaxis; epithelial cell differentiation; keratinocyte differentiation; bone remodeling; regulation of ERK1 and ERK2 cascade; regulation of angiogenesis; response to growth factor; regulation of lamellipodium assembly; mammary gland epithelial cell proliferation; regulation of blood vessel endothelial cell migration; cAMP metabolic process; branching involved in mammary gland duct morphogenesis; protein localization to plasma membrane","membrane; plasma membrane; focal adhesion; cell junction; lamellipodium membrane; ruffle membrane; lamellipodium; cell surface; leading edge membrane; tight junction; receptor complex","ATP binding; protein binding; protein kinase activity; ephrin receptor activity; protein tyrosine kinase activity; nucleotide binding; transferase activity; kinase activity; transmembrane receptor protein tyrosine kinase activity; virus receptor activity; cadherin binding; molecular function activator activity; growth factor binding","GO:0006468; GO:0007169; GO:0030335; GO:0006915; GO:0030154; GO:0007155; GO:0001525; GO:0016477; GO:0030334; GO:0006950; GO:0030155; GO:0046718; GO:0048513; GO:0001649; GO:0048013; GO:0048870; GO:0030316; GO:1903078; GO:0070309; GO:0008630; GO:0060326; GO:0030855; GO:0030216; GO:0046849; GO:0070372; GO:0045765; GO:0070848; GO:0010591; GO:0033598; GO:0043535; GO:0046058; GO:0060444; GO:0072659","GO:0016020; GO:0005886; GO:0005925; GO:0030054; GO:0031258; GO:0032587; GO:0030027; GO:0009986; GO:0031256; GO:0070160; GO:0043235","GO:0005524; GO:0005515; GO:0004672; GO:0005003; GO:0004713; GO:0000166; GO:0016740; GO:0016301; GO:0004714; GO:0001618; GO:0045296; GO:0140677; GO:0019838",FALSE,TRUE,FALSE,1,"MS"
"Q96AC1","FERMT2",5.65013809420427,1.00771397500901e-09,12,49.5944655561461,0.511141986355792,23,0.61,23,25,"robust_candidate","FERMT2","FERM domain containing kindlin 2 [Source:HGNC Symbol;Acc:HGNC:15767]","integrin-mediated signaling pathway; positive regulation of cell migration; positive regulation of osteoblast differentiation; positive regulation of phosphatidylinositol 3-kinase/protein kinase B signal transduction; positive regulation of epithelial to mesenchymal transition; positive regulation of ERK1 and ERK2 cascade; negative regulation of fat cell differentiation; Wnt signaling pathway; focal adhesion assembly; cell adhesion; regulation of cell shape; transforming growth factor beta receptor signaling pathway; protein localization to membrane; cell-matrix adhesion; negative regulation of vascular permeability; regulation of cell morphogenesis; substrate adhesion-dependent cell spreading; positive regulation of protein localization to nucleus; positive regulation of focal adhesion assembly; positive regulation of substrate adhesion-dependent cell spreading; adherens junction maintenance; protein localization to cell junction; positive regulation of Rho protein signal transduction; limb development","cytoplasm; nucleus; membrane; cytosol; nucleoplasm; cytoskeleton; focal adhesion; lamellipodium membrane; stress fiber; cell surface; cell cortex; I band; cytoplasmic side of plasma membrane; plasma membrane; adherens junction; cell junction","protein binding; lipid binding; phosphatidylinositol-3,4,5-trisphosphate binding; integrin binding; protein serine/threonine kinase activator activity; protein kinase binding; actin binding; type I transforming growth factor beta receptor binding; SMAD binding; actin filament binding","GO:0007229; GO:0030335; GO:0045669; GO:0051897; GO:0010718; GO:0070374; GO:0045599; GO:0016055; GO:0048041; GO:0007155; GO:0008360; GO:0007179; GO:0072657; GO:0007160; GO:0043116; GO:0022604; GO:0034446; GO:1900182; GO:0051894; GO:1900026; GO:0034334; GO:1902414; GO:0035025; GO:0060173","GO:0005737; GO:0005634; GO:0016020; GO:0005829; GO:0005654; GO:0005856; GO:0005925; GO:0031258; GO:0001725; GO:0009986; GO:0005938; GO:0031674; GO:0009898; GO:0005886; GO:0005912; GO:0030054","GO:0005515; GO:0008289; GO:0005547; GO:0005178; GO:0043539; GO:0019901; GO:0003779; GO:0034713; GO:0046332; GO:0051015",TRUE,TRUE,FALSE,2,"ECM,MS"
"Q99102","MUC4",-6.24452266273745,5.90340021693799e-09,8,98.9730557172087,0.508466624731331,24,1.84,22,31,"weight_sensitive_candidate","MUC4","mucin 4, cell surface associated [Source:HGNC Symbol;Acc:HGNC:7514]","cell-matrix adhesion; cell adhesion; maintenance of gastrointestinal epithelium","extracellular region; extracellular space; plasma membrane; membrane; extracellular exosome; extracellular matrix; vesicle; Golgi lumen","extracellular matrix constituent, lubricant activity; ErbB-2 class receptor binding","GO:0007160; GO:0007155; GO:0030277","GO:0005576; GO:0005615; GO:0005886; GO:0016020; GO:0070062; GO:0031012; GO:0031982; GO:0005796","GO:0030197; GO:0005176",TRUE,FALSE,FALSE,1,"ECM"
"P05556","ITGB1",3.32073568701624,5.72996806582694e-06,112,3141.40510417698,0.503621260299081,25,3.37,21,32,"weight_sensitive_candidate","ITGB1","integrin subunit beta 1 [Source:HGNC Symbol;Acc:HGNC:6153]","positive regulation of angiogenesis; positive regulation of phosphatidylinositol 3-kinase/protein kinase B signal transduction; positive regulation of fibroblast growth factor receptor signaling pathway; positive regulation of cell migration; cell adhesion; angiogenesis; regulation of developmental process; integrin-mediated signaling pathway; symbiont entry into host cell; receptor internalization; CD40 signaling pathway; muscle organ development; myoblast fusion; cell-matrix adhesion; heterotypic cell-cell adhesion; mesodermal cell differentiation; cell-substrate adhesion; positive regulation of GTPase activity; cell migration; positive regulation of protein localization to plasma membrane; negative regulation of vasoconstriction; cell-cell adhesion; extracellular matrix organization; maintenance of blood-brain barrier; positive regulation of wound healing; cellular defense response; homophilic cell adhesion via plasma membrane adhesion molecules; phagocytosis; wound healing, spreading of epidermal cells; cellular response to low-density lipoprotein particle stimulus; leukocyte cell-cell adhesion; calcium-independent cell-matrix adhesion; positive regulation of apoptotic process; positive regulation of glutamate uptake involved in transmission of nerve impulse; establishment of mitotic spindle orientation; regulation of collagen catabolic process; positive regulation of fibroblast migration; cell projection organization; lamellipodium assembly; B cell differentiation; myoblast differentiation; negative regulation of anoikis; response to muscle activity; modulation of chemical synaptic transmission; basement membrane organization; regulation of synapse pruning","cytoplasm; plasma membrane; membrane; cell projection; melanosome; cleavage furrow; focal adhesion; ruffle membrane; extracellular exosome; synapse; lamellipodium; cell surface; anchoring junction; filopodium; sarcolemma; recycling endosome; ruffle; integrin alpha9-beta1 complex; integrin complex; endosome membrane; receptor complex; membrane raft; integrin alpha10-beta1 complex; perinuclear region of cytoplasm; neuromuscular junction; glial cell projection; integrin alpha1-beta1 complex; integrin alpha2-beta1 complex; integrin alpha3-beta1 complex; integrin alpha4-beta1 complex; integrin alpha5-beta1 complex; integrin alpha8-beta1 complex; integrin alpha11-beta1 complex; cytoplasmic vesicle; Schaffer collateral - CA1 synapse; glutamatergic synapse; external side of plasma membrane; intercalated disc; myelin sheath abaxonal region; dendritic spine; synaptic membrane; integrin alpha7-beta1 complex","protein binding; calcium ion binding; metal ion binding; magnesium ion binding; protein heterodimerization activity; virus receptor activity; protein-containing complex binding; protease binding; cell adhesion molecule binding; protein kinase binding; fibronectin binding; coreceptor activity; cadherin binding; integrin binding; actin binding; collagen binding involved in cell-matrix adhesion; cell adhesion receptor activity; C-X3-C chemokine binding; laminin binding; integrin binding involved in cell-matrix adhesion; protein tyrosine kinase binding; signaling receptor activity","GO:0045766; GO:0051897; GO:0045743; GO:0030335; GO:0007155; GO:0001525; GO:0050793; GO:0007229; GO:0046718; GO:0031623; GO:0023035; GO:0007517; GO:0007520; GO:0007160; GO:0034113; GO:0048333; GO:0031589; GO:0043547; GO:0016477; GO:1903078; GO:0045906; GO:0098609; GO:0030198; GO:0035633; GO:0090303; GO:0006968; GO:0007156; GO:0006909; GO:0035313; GO:0071404; GO:0007159; GO:0007161; GO:0043065; GO:0051951; GO:0000132; GO:0010710; GO:0010763; GO:0030030; GO:0030032; GO:0030183; GO:0045445; GO:2000811; GO:0014850; GO:0050804; GO:0071711; GO:1905806","GO:0005737; GO:0005886; GO:0016020; GO:0042995; GO:0042470; GO:0032154; GO:0005925; GO:0032587; GO:0070062; GO:0045202; GO:0030027; GO:0009986; GO:0070161; GO:0030175; GO:0042383; GO:0055037; GO:0001726; GO:0034679; GO:0008305; GO:0010008; GO:0043235; GO:0045121; GO:0034680; GO:0048471; GO:0031594; GO:0097386; GO:0034665; GO:0034666; GO:0034667; GO:0034668; GO:0034674; GO:0034678; GO:0034681; GO:0031410; GO:0098685; GO:0098978; GO:0009897; GO:0014704; GO:0035748; GO:0043197; GO:0097060; GO:0034677","GO:0005515; GO:0005509; GO:0046872; GO:0000287; GO:0046982; GO:0001618; GO:0044877; GO:0002020; GO:0050839; GO:0019901; GO:0001968; GO:0015026; GO:0045296; GO:0005178; GO:0003779; GO:0098639; GO:0004895; GO:0019960; GO:0043236; GO:0098640; GO:1990782; GO:0038023",TRUE,TRUE,TRUE,3,"ECM,MS,VT"
"P29508","SERPINB3",-7.69241842101399,8.49777191631573e-13,2,0,0.50295262575568,26,5.41,21,40,"weight_sensitive_candidate","SERPINB3","serpin family B member 3 [Source:HGNC Symbol;Acc:HGNC:10569]","","extracellular space; nucleus; cytoplasm; plasma membrane; cytosol; cytoplasmic vesicle; extracellular exosome; vesicle; extracellular region; azurophil granule lumen","serine-type endopeptidase inhibitor activity; peptidase inhibitor activity; protein binding; protease binding; endopeptidase inhibitor activity; cysteine-type endopeptidase inhibitor activity","","GO:0005615; GO:0005634; GO:0005737; GO:0005886; GO:0005829; GO:0031410; GO:0070062; GO:0031982; GO:0005576; GO:0035578","GO:0004867; GO:0030414; GO:0005515; GO:0002020; GO:0004866; GO:0004869",FALSE,FALSE,FALSE,0,"Other"
"P01903","HLA-DRA",5.41975838364429,1.73590130617874e-09,12,104.802042797509,0.502626291088926,27,1.11,26,30,"robust_candidate","HLA-DRA","major histocompatibility complex, class II, DR alpha [Source:HGNC Symbol;Acc:HGNC:4947]","immune response; antigen processing and presentation; immune system process; adaptive immune response; cognition; antigen processing and presentation of peptide or polysaccharide antigen via MHC class II; antigen processing and presentation of exogenous peptide antigen via MHC class II; positive regulation of T cell activation; positive regulation of T cell mediated cytotoxicity; myeloid dendritic cell antigen processing and presentation; antigen processing and presentation of endogenous peptide antigen via MHC class II; peptide antigen assembly with MHC class II protein complex; positive regulation of CD4-positive, CD25-positive, alpha-beta regulatory T cell differentiation; regulation of T-helper cell differentiation; positive regulation of immune response; positive regulation of CD4-positive, alpha-beta T cell activation","membrane; MHC class II protein complex; plasma membrane; endosome membrane; endoplasmic reticulum membrane; cytoplasmic vesicle; early endosome membrane; extracellular exosome; cell surface; lysosomal membrane; late endosome membrane; immunological synapse; trans-Golgi network membrane; Golgi membrane; endocytic vesicle membrane; ER to Golgi transport vesicle membrane; clathrin-coated endocytic vesicle membrane; lumenal side of endoplasmic reticulum membrane; lysosome; transport vesicle membrane","peptide antigen binding; protein binding; polysaccharide binding; MHC class II protein complex binding; T cell receptor binding","GO:0006955; GO:0019882; GO:0002376; GO:0002250; GO:0050890; GO:0002504; GO:0019886; GO:0050870; GO:0001916; GO:0002469; GO:0002491; GO:0002503; GO:0032831; GO:0045622; GO:0050778; GO:2000516","GO:0016020; GO:0042613; GO:0005886; GO:0010008; GO:0005789; GO:0031410; GO:0031901; GO:0070062; GO:0009986; GO:0005765; GO:0031902; GO:0001772; GO:0032588; GO:0000139; GO:0030666; GO:0012507; GO:0030669; GO:0098553; GO:0005764; GO:0030658","GO:0042605; GO:0005515; GO:0030247; GO:0023026; GO:0042608",FALSE,FALSE,TRUE,1,"VT"
"P20908","COL5A1",5.64436044238364,1.64756025582437e-07,18,61.7028631107177,0.498300903998989,28,1.47,26,32,"robust_candidate","COL5A1","collagen type V alpha 1 chain [Source:HGNC Symbol;Acc:HGNC:2209]","supramolecular fiber organization; cell adhesion; cell migration; collagen fibril organization; collagen biosynthetic process; skeletal system morphogenesis; skin development; eye morphogenesis; negative regulation of endodermal cell differentiation; wound healing, spreading of epidermal cells; integrin biosynthetic process","endoplasmic reticulum lumen; extracellular matrix; extracellular region; collagen type XI trimer; collagen type V trimer; basement membrane; collagen trimer","extracellular matrix structural constituent; metal ion binding; protein binding; integrin binding; heparin binding; proteoglycan binding; extracellular matrix structural constituent conferring tensile strength; platelet-derived growth factor binding","GO:0097435; GO:0007155; GO:0016477; GO:0030199; GO:0032964; GO:0048705; GO:0043588; GO:0048592; GO:1903225; GO:0035313; GO:0045112","GO:0005788; GO:0031012; GO:0005576; GO:0005592; GO:0005588; GO:0005604; GO:0005581","GO:0005201; GO:0046872; GO:0005515; GO:0005178; GO:0008201; GO:0043394; GO:0030020; GO:0048407",TRUE,TRUE,FALSE,2,"ECM,MS"
"Q16270","IGFBP7",4.9829631532745,3.22102173983847e-09,14,412.126119716324,0.497479951212008,29,1.52,27,32,"weight_sensitive_candidate","IGFBP7","insulin like growth factor binding protein 7 [Source:HGNC Symbol;Acc:HGNC:5476]","regulation of cell growth; signal transduction; cell adhesion; angiogenesis; negative regulation of cell population proliferation; regulation of signal transduction; embryo implantation; response to retinoic acid; cellular response to hormone stimulus; regulation of steroid biosynthetic process; response to cortisol; cellular response to prostaglandin E stimulus","extracellular region; extracellular space; extracellular exosome; extracellular matrix; endoplasmic reticulum lumen","protein binding; insulin-like growth factor binding; receptor ligand activity; growth factor binding; extracellular matrix structural constituent","GO:0001558; GO:0007165; GO:0007155; GO:0001525; GO:0008285; GO:0009966; GO:0007566; GO:0032526; GO:0032870; GO:0050810; GO:0051414; GO:0071380","GO:0005576; GO:0005615; GO:0070062; GO:0031012; GO:0005788","GO:0005515; GO:0005520; GO:0048018; GO:0019838; GO:0005201",TRUE,FALSE,FALSE,1,"ECM"
"P07476","IVL",-4.898630810546,3.62059942012885e-08,18,965.8812914178,0.4966607347411,30,0.91,27,31,"robust_candidate","IVL","involucrin [Source:HGNC Symbol;Acc:HGNC:6187]","keratinization; keratinocyte differentiation; peptide cross-linking; response to UV-B; isopeptide cross-linking via N6-(L-isoglutamyl)-L-lysine","cytoplasm; cytosol; extracellular exosome; cornified envelope","protein binding","GO:0031424; GO:0030216; GO:0018149; GO:0010224; GO:0018153","GO:0005737; GO:0005829; GO:0070062; GO:0001533","GO:0005515",FALSE,FALSE,FALSE,0,"Other"
"P07996","THBS1",4.05922534484701,4.47152337068413e-07,52,396.102231972385,0.49479923934927,31,2.66,24,33,"weight_sensitive_candidate","THBS1","thrombospondin 1 [Source:HGNC Symbol;Acc:HGNC:11785]","cell adhesion; positive regulation of blood vessel endothelial cell migration; negative regulation of blood vessel endothelial cell migration; negative regulation of angiogenesis; positive regulation of angiogenesis; negative regulation of cell migration involved in sprouting angiogenesis; positive regulation of cell population proliferation; negative regulation of sprouting angiogenesis; negative regulation of cell population proliferation; positive regulation of endothelial cell migration; negative regulation of endothelial cell proliferation; response to hypoxia; positive regulation of cell migration; negative regulation of fibroblast growth factor receptor signaling pathway; negative regulation of endothelial cell migration; response to glucose; positive regulation of MAPK cascade; negative regulation of cell-matrix adhesion; positive regulation of transforming growth factor beta receptor signaling pathway; positive regulation of translation; positive regulation of fibroblast migration; apoptotic process; negative regulation of apoptotic process; angiogenesis; inflammatory response; positive regulation of chemotaxis; response to xenobiotic stimulus; positive regulation of immune system process; response to unfolded protein; positive regulation of phosphatidylinositol 3-kinase/protein kinase B signal transduction; response to endoplasmic reticulum stress; negative regulation of tumor necrosis factor production; regulation of cell-substrate adhesion; blood vessel morphogenesis; negative regulation of interleukin-12 production; positive regulation of tumor necrosis factor production; positive regulation of reactive oxygen species metabolic process; negative regulation of interleukin-10 production; positive regulation of phosphorylation; sprouting angiogenesis; cell migration; negative regulation of focal adhesion assembly; immune response; chronic inflammatory response; positive regulation of macrophage activation; negative regulation of fibrinolysis; nitric oxide-cGMP-mediated signaling; positive regulation of smooth muscle cell proliferation; response to progesterone; response to calcium ion; blood coagulation, fibrin clot formation; negative regulation of plasminogen activation; negative regulation of nitric oxide mediated signal transduction; negative regulation of antigen processing and presentation of peptide or polysaccharide antigen via MHC class II; negative regulation of dendritic cell antigen processing and presentation; response to mechanical stimulus; negative regulation of long-chain fatty acid import across plasma membrane; negative regulation of cGMP-mediated signaling; positive regulation of macrophage chemotaxis; response to magnesium ion; positive regulation of transforming growth factor beta1 production; response to testosterone; cellular response to heat; engulfment of apoptotic cell; behavioral response to pain; cellular response to tumor necrosis factor; cellular response to growth factor stimulus; positive regulation of transforming growth factor beta production","extracellular region; extracellular space; endoplasmic reticulum; extracellular exosome; extracellular matrix; cell surface; sarcoplasmic reticulum; external side of plasma membrane; endoplasmic reticulum lumen; platelet alpha granule lumen; fibrinogen complex; secretory granule; thrombospondin complex","protein binding; calcium ion binding; heparin binding; fibronectin binding; extracellular matrix binding; phosphatidylserine binding; protein homodimerization activity; extracellular matrix structural constituent; fibroblast growth factor binding; protease binding; endopeptidase inhibitor activity; low-density lipoprotein particle binding; integrin binding; transforming growth factor beta binding; proteoglycan binding; laminin binding; fibrinogen binding; collagen V binding","GO:0007155; GO:0043536; GO:0043537; GO:0016525; GO:0045766; GO:0090051; GO:0008284; GO:1903671; GO:0008285; GO:0010595; GO:0001937; GO:0001666; GO:0030335; GO:0040037; GO:0010596; GO:0009749; GO:0043410; GO:0001953; GO:0030511; GO:0045727; GO:0010763; GO:0006915; GO:0043066; GO:0001525; GO:0006954; GO:0050921; GO:0009410; GO:0002684; GO:0006986; GO:0051897; GO:0034976; GO:0032720; GO:0010810; GO:0048514; GO:0032695; GO:0032760; GO:2000379; GO:0032693; GO:0042327; GO:0002040; GO:0016477; GO:0051895; GO:0006955; GO:0002544; GO:0043032; GO:0051918; GO:0038060; GO:0048661; GO:0032570; GO:0051592; GO:0072378; GO:0010757; GO:0010751; GO:0002581; GO:0002605; GO:0009612; GO:0010748; GO:0010754; GO:0010759; GO:0032026; GO:0032914; GO:0033574; GO:0034605; GO:0043652; GO:0048266; GO:0071356; GO:0071363; GO:0071636","GO:0005576; GO:0005615; GO:0005783; GO:0070062; GO:0031012; GO:0009986; GO:0016529; GO:0009897; GO:0005788; GO:0031093; GO:0005577; GO:0030141; GO:1990341","GO:0005515; GO:0005509; GO:0008201; GO:0001968; GO:0050840; GO:0001786; GO:0042803; GO:0005201; GO:0017134; GO:0002020; GO:0004866; GO:0030169; GO:0005178; GO:0050431; GO:0043394; GO:0043236; GO:0070051; GO:0070052",TRUE,TRUE,TRUE,3,"ECM,MS,VT"
"P05067","APP",4.08022179992459,1.26257085766286e-06,44,3038.85396521023,0.494041147481746,32,2.39,26,33,"weight_sensitive_candidate","APP","amyloid beta precursor protein [Source:HGNC Symbol;Acc:HGNC:620]","negative regulation of gene expression; cellular response to amyloid-beta; positive regulation of gene expression; response to interleukin-1; microglial cell activation; positive regulation of inflammatory response; positive regulation of ERK1 and ERK2 cascade; positive regulation of interleukin-1 beta production; positive regulation of tumor necrosis factor production; positive regulation of interleukin-6 production; apoptotic process; negative regulation of cell population proliferation; positive regulation of macromolecule metabolic process; endocytosis; regulation of translation; cell adhesion; Notch signaling pathway; adult locomotory behavior; axonogenesis; regulation of protein metabolic process; cognition; neuron projection development; intracellular copper ion homeostasis; positive regulation of transcription by RNA polymerase II; central nervous system development; positive regulation of mitotic cell cycle; dendrite development; positive regulation of protein metabolic process; regulation of presynapse assembly; axo-dendritic transport; visual learning; locomotory behavior; ionotropic glutamate receptor signaling pathway; learning; microglia development; positive regulation of calcium-mediated signaling; learning or memory; positive regulation of JNK cascade; regulation of multicellular organism growth; astrocyte activation; positive regulation of chemokine production; positive regulation of glycolytic process; positive regulation of amyloid fibril formation; synapse organization; regulation of gene expression; astrocyte activation involved in immune response; mating behavior; axon midline choice point recognition; neuron remodeling; regulation of Wnt signaling pathway; extracellular matrix organization; positive regulation of synaptic transmission, cholinergic; regulation of long-term neuronal synaptic plasticity; collateral sprouting in absence of injury; modulation of excitatory postsynaptic potential; NMDA selective glutamate receptor signaling pathway; amyloid fibril formation; positive regulation of T cell migration; calcium ion transport; response to lead ion; regulation of neuron apoptotic process; response to ethanol; cellular response to copper ion; cellular response to manganese ion; cellular response to cAMP; cellular response to norepinephrine stimulus; cellular response to nerve growth factor stimulus; response to insulin-like growth factor stimulus","membrane; extracellular space; nucleus; cytoplasm; extracellular region; plasma membrane; Golgi apparatus; cytoplasmic vesicle; endoplasmic reticulum; perinuclear region of cytoplasm; early endosome membrane; extracellular exosome; axon; growth cone; cell surface; early endosome; endosome; neuron projection; perikaryon; clathrin-coated pit; recycling endosome; Golgi-associated vesicle; cytosol; synaptic cleft; endosome lumen; trans-Golgi network membrane; endoplasmic reticulum lumen; platelet alpha granule lumen; Golgi lumen; mitochondrial inner membrane; dendrite; receptor complex; dendritic spine; synapse; membrane raft; nuclear envelope lumen; dendritic shaft; amyloid-beta complex; neuronal dense core vesicle; main axon; astrocyte projection","heparin binding; transition metal ion binding; protein binding; metal ion binding; serine-type endopeptidase inhibitor activity; peptidase inhibitor activity; DNA binding; receptor ligand activity; identical protein binding; molecular function activator activity; signaling receptor binding; enzyme binding; signaling receptor activator activity; peptidase activator activity; growth factor receptor binding","GO:0010629; GO:1904646; GO:0010628; GO:0070555; GO:0001774; GO:0050729; GO:0070374; GO:0032731; GO:0032760; GO:0032755; GO:0006915; GO:0008285; GO:0010604; GO:0006897; GO:0006417; GO:0007155; GO:0007219; GO:0008344; GO:0007409; GO:0051246; GO:0050890; GO:0031175; GO:0006878; GO:0045944; GO:0007417; GO:0045931; GO:0016358; GO:0051247; GO:1905606; GO:0008088; GO:0008542; GO:0007626; GO:0035235; GO:0007612; GO:0014005; GO:0050850; GO:0007611; GO:0046330; GO:0040014; GO:0048143; GO:0032722; GO:0045821; GO:1905908; GO:0050808; GO:0010468; GO:0002265; GO:0007617; GO:0016199; GO:0016322; GO:0030111; GO:0030198; GO:0032224; GO:0048169; GO:0048669; GO:0098815; GO:0098989; GO:1990000; GO:2000406; GO:0006816; GO:0010288; GO:0043523; GO:0045471; GO:0071280; GO:0071287; GO:0071320; GO:0071874; GO:1990090; GO:1990418","GO:0016020; GO:0005615; GO:0005634; GO:0005737; GO:0005576; GO:0005886; GO:0005794; GO:0031410; GO:0005783; GO:0048471; GO:0031901; GO:0070062; GO:0030424; GO:0030426; GO:0009986; GO:0005769; GO:0005768; GO:0043005; GO:0043204; GO:0005905; GO:0055037; GO:0005798; GO:0005829; GO:0043083; GO:0031904; GO:0032588; GO:0005788; GO:0031093; GO:0005796; GO:0005743; GO:0030425; GO:0043235; GO:0043197; GO:0045202; GO:0045121; GO:0005641; GO:0043198; GO:0106003; GO:0098992; GO:0044304; GO:0097449","GO:0008201; GO:0046914; GO:0005515; GO:0046872; GO:0004867; GO:0030414; GO:0003677; GO:0048018; GO:0042802; GO:0140677; GO:0005102; GO:0019899; GO:0030546; GO:0016504; GO:0070851",TRUE,TRUE,TRUE,3,"ECM,MS,VT"
"Q14CN2","CLCA4",-7.32971069650629,2.77336249970818e-11,2,0,0.486948727765998,33,5.89,25,46,"weight_sensitive_candidate","CLCA4","chloride channel accessory 4 [Source:HGNC Symbol;Acc:HGNC:2018]","chloride transport; proteolysis; monoatomic ion transmembrane transport","extracellular region; plasma membrane; apical plasma membrane","intracellularly calcium-gated chloride channel activity; hydrolase activity; metal ion binding; peptidase activity; metallopeptidase activity; chloride channel activity; metalloendopeptidase activity","GO:0006821; GO:0006508; GO:0034220","GO:0005576; GO:0005886; GO:0016324","GO:0005229; GO:0016787; GO:0046872; GO:0008233; GO:0008237; GO:0005254; GO:0004222",FALSE,FALSE,FALSE,0,"Other"
"Q9UQN3","CHMP2B",-3.97827494796961,2.68644070134879e-06,48,1087.33738429474,0.481437535898451,35,0.66,33,36,"robust_candidate","CHMP2B","charged multivesicular body protein 2B [Source:HGNC Symbol;Acc:HGNC:24537]","vacuolar transport; protein transport; plasma membrane repair; mitotic metaphase chromosome alignment; nuclear membrane reassembly; viral budding via host ESCRT complex; ubiquitin-dependent protein catabolic process via the multivesicular body sorting pathway; viral budding from plasma membrane; midbody abscission; multivesicular body sorting pathway; autophagosome maturation; late endosome to lysosome transport; cognition; endosome organization; regulation of centrosome duplication; nucleus organization; macroautophagy; membrane fission; late endosome to vacuole transport; neuron cellular homeostasis; autophagy; viral release from host cell; endosome transport via multivesicular body sorting pathway; multivesicular body-lysosome fusion","cytoplasm; plasma membrane; cytosol; lysosome; late endosome; extracellular exosome; kinetochore; midbody; lysosomal membrane; endosome; kinetochore microtubule; multivesicular body membrane; nuclear pore; late endosome membrane; autophagosome membrane; multivesicular body; ESCRT III complex","protein binding; protein domain specific binding; cadherin binding","GO:0007034; GO:0015031; GO:0001778; GO:0007080; GO:0031468; GO:0039702; GO:0043162; GO:0046761; GO:0061952; GO:0071985; GO:0097352; GO:1902774; GO:0050890; GO:0007032; GO:0010824; GO:0006997; GO:0016236; GO:0090148; GO:0045324; GO:0070050; GO:0006914; GO:0019076; GO:0032509; GO:0061763","GO:0005737; GO:0005886; GO:0005829; GO:0005764; GO:0005770; GO:0070062; GO:0000776; GO:0030496; GO:0005765; GO:0005768; GO:0005828; GO:0032585; GO:0005643; GO:0031902; GO:0000421; GO:0005771; GO:0000815","GO:0005515; GO:0019904; GO:0045296",FALSE,FALSE,TRUE,1,"VT"
"P00533","EGFR",2.66096413050353,0.000166325746872091,138,26136.2146375846,0.478441474777631,36,4.15,27,43,"weight_sensitive_candidate","EGFR","epidermal growth factor receptor [Source:HGNC Symbol;Acc:HGNC:3236]","positive regulation of cell population proliferation; positive regulation of G1/S transition of mitotic cell cycle; positive regulation of MAPK cascade; positive regulation of phosphatidylinositol 3-kinase/protein kinase B signal transduction; positive regulation of ERK1 and ERK2 cascade; positive regulation of canonical Wnt signaling pathway; positive regulation of cell migration; signal transduction; MAPK cascade; negative regulation of apoptotic process; cell surface receptor protein tyrosine kinase signaling pathway; positive regulation of DNA repair; positive regulation of transcription by RNA polymerase II; symbiont entry into host cell; negative regulation of protein catabolic process; cell-cell adhesion; epidermal growth factor receptor signaling pathway; cellular response to epidermal growth factor stimulus; negative regulation of epidermal growth factor receptor signaling pathway; ossification; learning or memory; positive regulation of protein phosphorylation; positive regulation of peptidyl-serine phosphorylation; neuron differentiation; protein insertion into membrane; ERBB2-EGFR signaling pathway; positive regulation of epithelial cell proliferation; phosphatidylinositol 3-kinase/protein kinase B signal transduction; positive regulation of cell growth; positive regulation of phosphorylation; positive regulation of DNA replication; cellular response to estradiol stimulus; cell surface receptor signaling pathway; positive regulation of toll-like receptor 9 signaling pathway; regulation of peptidyl-tyrosine phosphorylation; response to UV-A; positive regulation of protein kinase C signaling; positive regulation of protein localization to plasma membrane; negative regulation of cardiocyte differentiation; protein phosphorylation; positive regulation of fibroblast proliferation; cellular response to amino acid stimulus","nucleus; cytoplasm; extracellular region; extracellular space; plasma membrane; membrane; endosome membrane; focal adhesion; cell junction; endoplasmic reticulum membrane; perinuclear region of cytoplasm; Golgi apparatus; early endosome membrane; Golgi membrane; nuclear membrane; membrane raft; cell surface; basolateral plasma membrane; endosome; protein-containing complex; receptor complex; endocytic vesicle; clathrin-coated endocytic vesicle membrane; intracellular vesicle; basal plasma membrane; ruffle membrane; multivesicular body, internal vesicle lumen; Shc-EGFR complex","protein binding; nucleotide binding; enzyme binding; transferase activity; ATP binding; protein kinase activity; kinase activity; ubiquitin protein ligase binding; protein tyrosine kinase activity; transmembrane receptor protein tyrosine kinase activity; identical protein binding; double-stranded DNA binding; virus receptor activity; actin filament binding; kinase binding; chromatin binding; protein phosphatase binding; MAP kinase kinase kinase activity; cadherin binding; epidermal growth factor receptor activity; transmembrane signaling receptor activity; protein tyrosine kinase activator activity; epidermal growth factor binding","GO:0008284; GO:1900087; GO:0043410; GO:0051897; GO:0070374; GO:0090263; GO:0030335; GO:0007165; GO:0000165; GO:0043066; GO:0007169; GO:0045739; GO:0045944; GO:0046718; GO:0042177; GO:0098609; GO:0007173; GO:0071364; GO:0042059; GO:0001503; GO:0007611; GO:0001934; GO:0033138; GO:0030182; GO:0051205; GO:0038134; GO:0050679; GO:0043491; GO:0030307; GO:0042327; GO:0045740; GO:0071392; GO:0007166; GO:0034165; GO:0050730; GO:0070141; GO:0090037; GO:1903078; GO:1905208; GO:0006468; GO:0048146; GO:0071230","GO:0005634; GO:0005737; GO:0005576; GO:0005615; GO:0005886; GO:0016020; GO:0010008; GO:0005925; GO:0030054; GO:0005789; GO:0048471; GO:0005794; GO:0031901; GO:0000139; GO:0031965; GO:0045121; GO:0009986; GO:0016323; GO:0005768; GO:0032991; GO:0043235; GO:0030139; GO:0030669; GO:0097708; GO:0009925; GO:0032587; GO:0097489; GO:0070435","GO:0005515; GO:0000166; GO:0019899; GO:0016740; GO:0005524; GO:0004672; GO:0016301; GO:0031625; GO:0004713; GO:0004714; GO:0042802; GO:0003690; GO:0001618; GO:0051015; GO:0019900; GO:0003682; GO:0019903; GO:0004709; GO:0045296; GO:0005006; GO:0004888; GO:0030296; GO:0048408",FALSE,TRUE,FALSE,1,"MS"
"P12109","COL6A1",3.81699460964921,3.02956412365568e-07,46,281.834335618021,0.47734751132397,37,0.93,36,39,"robust_candidate","COL6A1","collagen type VI alpha 1 chain [Source:HGNC Symbol;Acc:HGNC:2211]","cell differentiation; cell adhesion; anatomical structure morphogenesis; tissue development; osteoblast differentiation; endodermal cell differentiation; skeletal muscle fiber development","membrane; endoplasmic reticulum; extracellular exosome; extracellular matrix; lysosomal membrane; extracellular region; collagen type VI trimer; basement membrane; lysosome; sarcoplasmic reticulum; myofibril; intracellular vesicle; sarcolemma; protein-containing complex; endoplasmic reticulum lumen; microfibril","protein binding; collagen binding; extracellular matrix structural constituent conferring tensile strength; platelet-derived growth factor binding","GO:0030154; GO:0007155; GO:0009653; GO:0009888; GO:0001649; GO:0035987; GO:0048741","GO:0016020; GO:0005783; GO:0070062; GO:0031012; GO:0005765; GO:0005576; GO:0005589; GO:0005604; GO:0005764; GO:0016529; GO:0030016; GO:0097708; GO:0042383; GO:0032991; GO:0005788; GO:0001527","GO:0005515; GO:0005518; GO:0030020; GO:0048407",TRUE,FALSE,TRUE,2,"ECM,VT"
"Q9NZT1","CALML5",-4.39963347184677,1.21076556120614e-05,34,2896.91177429683,0.477047010790896,38,1.02,35,38,"robust_candidate","CALML5","calmodulin like 5 [Source:HGNC Symbol;Acc:HGNC:18180]","microtubule cytoskeleton organization; signal transduction; epidermis development","cytoplasm; extracellular region; ficolin-1-rich granule lumen","calcium ion binding; metal ion binding; protein binding; enzyme regulator activity","GO:0000226; GO:0007165; GO:0008544","GO:0005737; GO:0005576; GO:1904813","GO:0005509; GO:0046872; GO:0005515; GO:0030234",FALSE,FALSE,FALSE,0,"Other"
"Q14315","FLNC",4.26754927712004,1.28352617413847e-07,32,108.030594956069,0.475615774213759,39,1.32,37,41,"robust_candidate","FLNC","filamin C [Source:HGNC Symbol;Acc:HGNC:3756]","actin cytoskeleton organization; sarcomere organization; muscle cell development","cytoplasm; membrane; cytosol; cytoskeleton; focal adhesion; Z disc; sarcolemma; costamere; sarcoplasm","protein binding; actin filament binding; actin binding; cytoskeletal protein binding; identical protein binding; ankyrin binding","GO:0030036; GO:0045214; GO:0055001","GO:0005737; GO:0016020; GO:0005829; GO:0005856; GO:0005925; GO:0030018; GO:0042383; GO:0043034; GO:0016528","GO:0005515; GO:0051015; GO:0003779; GO:0008092; GO:0042802; GO:0030506",FALSE,FALSE,FALSE,0,"Other"
"P04233","CD74",2.95606427089903,9.41062915228638e-05,118,4194.68967921038,0.472779885664586,40,3.01,33,47,"weight_sensitive_candidate","CD74","CD74 molecule [Source:HGNC Symbol;Acc:HGNC:1697]","immune response; antigen processing and presentation; intracellular protein transport; protein trimerization; negative regulation of cell migration; positive regulation of gene expression; positive regulation of ERK1 and ERK2 cascade; positive regulation of interleukin-6 production; positive regulation of fibroblast proliferation; negative regulation of apoptotic process; immune system process; prostaglandin biosynthetic process; adaptive immune response; response to type II interferon; protein folding; positive regulation of MAPK cascade; regulation of macrophage activation; protein-containing complex assembly; positive regulation of interleukin-8 production; positive regulation of neutrophil chemotaxis; positive regulation of cytokine-mediated signaling pathway; negative regulation of DNA damage response, signal transduction by p53 class mediator; T cell activation involved in immune response; positive regulation of chemokine production; positive regulation of prostaglandin biosynthetic process; T cell selection; positive regulation of monocyte differentiation; positive regulation of dendritic cell antigen processing and presentation; negative regulation of peptide secretion; positive regulation of type 2 immune response; negative regulation of mature B cell apoptotic process; immunoglobulin mediated immune response; antigen processing and presentation of endogenous antigen; positive regulation of B cell proliferation; macrophage migration inhibitory factor signaling pathway; positive regulation of canonical NF-kappaB signal transduction; positive regulation of macrophage cytokine production","membrane; nucleus; cytoplasm; extracellular region; plasma membrane; Golgi apparatus; endoplasmic reticulum membrane; lysosome; late endosome; extracellular exosome; endosome; cell surface; trans-Golgi network membrane; Golgi membrane; endocytic vesicle membrane; lysosomal lumen; ER to Golgi transport vesicle membrane; lysosomal membrane; clathrin-coated endocytic vesicle membrane; lumenal side of endoplasmic reticulum membrane; protein-containing complex; transport vesicle membrane; multivesicular body; vacuole; endoplasmic reticulum; external side of plasma membrane; macrophage migration inhibitory factor receptor complex; NOS2-CD74 complex; MHC class II protein complex","MHC class II protein binding; macrophage migration inhibitory factor binding; protein binding; identical protein binding; protein folding chaperone; cytokine binding; cytokine receptor activity; amyloid-beta binding; MHC class II protein complex binding; CD4 receptor binding; MHC class II protein binding, via antigen binding groove","GO:0006955; GO:0019882; GO:0006886; GO:0070206; GO:0030336; GO:0010628; GO:0070374; GO:0032755; GO:0048146; GO:0043066; GO:0002376; GO:0001516; GO:0002250; GO:0034341; GO:0006457; GO:0043410; GO:0043030; GO:0065003; GO:0032757; GO:0090023; GO:0001961; GO:0043518; GO:0002286; GO:0032722; GO:0031394; GO:0045058; GO:0045657; GO:0002606; GO:0002792; GO:0002830; GO:0002906; GO:0016064; GO:0019883; GO:0030890; GO:0035691; GO:0043123; GO:0060907","GO:0016020; GO:0005634; GO:0005737; GO:0005576; GO:0005886; GO:0005794; GO:0005789; GO:0005764; GO:0005770; GO:0070062; GO:0005768; GO:0009986; GO:0032588; GO:0000139; GO:0030666; GO:0043202; GO:0012507; GO:0005765; GO:0030669; GO:0098553; GO:0032991; GO:0030658; GO:0005771; GO:0005773; GO:0005783; GO:0009897; GO:0035692; GO:0035693; GO:0042613","GO:0042289; GO:0035718; GO:0005515; GO:0042802; GO:0044183; GO:0019955; GO:0004896; GO:0001540; GO:0023026; GO:0042609; GO:0042658",FALSE,TRUE,TRUE,2,"MS,VT"
"P62979","RPS27A",-2.29030107893188,0.000954627392123996,190,19162.3844607216,0.465827274636521,41,4.33,35,51,"weight_sensitive_candidate","RPS27A","ribosomal protein S27a [Source:HGNC Symbol;Acc:HGNC:10417]","translation; protein ubiquitination; cytoplasmic translation; modification-dependent protein catabolic process","ribosome; nucleus; cytoplasm; extracellular space; membrane; endoplasmic reticulum; cytosol; nucleolus; extracellular exosome; vesicle; ribonucleoprotein complex; plasma membrane; nucleoplasm; endoplasmic reticulum membrane; endosome membrane; small-subunit processome; mitochondrial outer membrane; endocytic vesicle membrane; cytosolic ribosome; synapse","structural constituent of ribosome; protein binding; RNA binding; metal ion binding; zinc ion binding; protein tag activity","GO:0006412; GO:0016567; GO:0002181; GO:0019941","GO:0005840; GO:0005634; GO:0005737; GO:0005615; GO:0016020; GO:0005783; GO:0005829; GO:0005730; GO:0070062; GO:0031982; GO:1990904; GO:0005886; GO:0005654; GO:0005789; GO:0010008; GO:0032040; GO:0005741; GO:0030666; GO:0022626; GO:0045202","GO:0003735; GO:0005515; GO:0003723; GO:0046872; GO:0008270; GO:0031386",FALSE,FALSE,FALSE,0,"Other"
"P19838","NFKB1",-3.44747844018507,1.57026229555471e-05,56,4695.57905595829,0.465195626913985,42,1.15,41,45,"robust_candidate","NFKB1","nuclear factor kappa B subunit 1 [Source:HGNC Symbol;Acc:HGNC:7794]","regulation of DNA-templated transcription; signal transduction; negative regulation of gene expression; positive regulation of cholesterol efflux; positive regulation of macrophage derived foam cell differentiation; apoptotic process; negative regulation of apoptotic process; regulation of gene expression; positive regulation of macromolecule biosynthetic process; positive regulation of DNA-templated transcription; negative regulation of transcription by RNA polymerase II; inflammatory response; regulation of transcription by RNA polymerase II; cellular response to lipopolysaccharide; negative regulation of inflammatory response; transcription by RNA polymerase II; canonical NF-kappaB signal transduction; non-canonical NF-kappaB signal transduction; positive regulation of canonical Wnt signaling pathway; positive regulation of transcription by RNA polymerase II; cellular response to tumor necrosis factor; cellular response to mechanical stimulus; tumor necrosis factor-mediated signaling pathway; negative regulation of cytokine production involved in inflammatory response; positive regulation of lipid storage; negative regulation of vitamin D biosynthetic process; cellular response to nicotine; cellular response to interleukin-6; cellular response to angiotensin; MAPK cascade; negative regulation of cytokine production; JNK cascade; gene expression; B cell receptor signaling pathway; mammary gland involution; positive regulation of transcription initiation by RNA polymerase II; cellular response to interleukin-17; cellular response to virus","cytoplasm; nucleus; cytosol; nucleoplasm; extracellular region; chromatin; I-kappaB/NF-kappaB complex; secretory granule lumen; specific granule lumen; NF-kappaB p50/p65 complex","DNA binding; protein binding; DNA-binding transcription factor activity; DNA-binding transcription factor activity, RNA polymerase II-specific; identical protein binding; RNA polymerase II cis-regulatory region sequence-specific DNA binding; DNA-binding transcription activator activity, RNA polymerase II-specific; transcription cis-regulatory region binding; actinin binding; protein sequestering activity; RNA polymerase II transcription regulatory region sequence-specific DNA binding; DNA-binding transcription repressor activity, RNA polymerase II-specific; cis-regulatory region sequence-specific DNA binding; chromatin binding; transcription coregulator activity; sequence-specific DNA binding","GO:0006355; GO:0007165; GO:0010629; GO:0010875; GO:0010744; GO:0006915; GO:0043066; GO:0010468; GO:0010557; GO:0045893; GO:0000122; GO:0006954; GO:0006357; GO:0071222; GO:0050728; GO:0006366; GO:0007249; GO:0038061; GO:0090263; GO:0045944; GO:0071356; GO:0071260; GO:0033209; GO:1900016; GO:0010884; GO:0010957; GO:0071316; GO:0071354; GO:1904385; GO:0000165; GO:0001818; GO:0007254; GO:0010467; GO:0050853; GO:0060056; GO:0060261; GO:0097398; GO:0098586","GO:0005737; GO:0005634; GO:0005829; GO:0005654; GO:0005576; GO:0000785; GO:0033256; GO:0034774; GO:0035580; GO:0035525","GO:0003677; GO:0005515; GO:0003700; GO:0000981; GO:0042802; GO:0000978; GO:0001228; GO:0000976; GO:0042805; GO:0140311; GO:0000977; GO:0001227; GO:0000987; GO:0003682; GO:0003712; GO:0043565",FALSE,TRUE,FALSE,1,"MS"
"P06493","CDK1",3.92522819115859,1.88383273737696e-06,32,1943.90479839301,0.462950751164689,44,1.05,41,45,"robust_candidate","CDK1","cyclin dependent kinase 1 [Source:HGNC Symbol;Acc:HGNC:1722]","protein phosphorylation; apoptotic process; regulation of transcription by RNA polymerase II; rhythmic process; cell division; negative regulation of apoptotic process; DNA repair; DNA damage response; chromatin remodeling; negative regulation of protein ubiquitination; cell migration; DNA replication; symbiont entry into host cell; microtubule cytoskeleton organization; G2/M transition of mitotic cell cycle; regulation of circadian rhythm; positive regulation of protein localization to nucleus; positive regulation of ubiquitin-dependent protein catabolic process; positive regulation of smoothened signaling pathway; microtubule cytoskeleton organization involved in mitosis; centrosome cycle; protein localization to kinetochore; mitotic nuclear membrane disassembly; epithelial cell differentiation; protein deubiquitination; mitotic G2 DNA damage checkpoint signaling; peptidyl-threonine phosphorylation; G1/S transition of mitotic cell cycle; pronuclear fusion; positive regulation of G2/M transition of mitotic cell cycle; regulation of Schwann cell differentiation; regulation of embryonic development; positive regulation of mitotic sister chromatid segregation; ERK1 and ERK2 cascade; Golgi disassembly; positive regulation of mitochondrial ATP synthesis coupled electron transport; response to toxic substance; positive regulation of gene expression; response to amine; response to activity; chromosome condensation; positive regulation of protein import into nucleus; response to hydrogen peroxide; response to ethanol; positive regulation of DNA replication; response to cadmium ion; response to copper ion; response to axon injury; ventricular cardiac muscle cell development; positive regulation of cardiac muscle cell proliferation; protein-containing complex assembly; cellular response to hydrogen peroxide","chromosome, telomeric region; nucleus; cytoplasm; membrane; cytosol; nucleoplasm; mitochondrion; extracellular exosome; spindle; midbody; centrosome; mitotic spindle; cyclin-dependent protein kinase holoenzyme complex; spindle microtubule; endoplasmic reticulum membrane; mitochondrial matrix; cyclin B1-CDK1 complex","ATP binding; protein kinase activity; protein binding; nucleotide binding; transferase activity; protein serine/threonine kinase activity; cyclin-dependent protein serine/threonine kinase activity; RNA polymerase II CTD heptapeptide repeat kinase activity; kinase activity; virus receptor activity; protein serine kinase activity; cyclin binding; histone kinase activity; cyclin-dependent protein kinase activity; chromatin binding; Hsp70 protein binding","GO:0006468; GO:0006915; GO:0006357; GO:0048511; GO:0051301; GO:0043066; GO:0006281; GO:0006974; GO:0006338; GO:0031397; GO:0016477; GO:0006260; GO:0046718; GO:0000226; GO:0000086; GO:0042752; GO:1900182; GO:2000060; GO:0045880; GO:1902850; GO:0007098; GO:0034501; GO:0007077; GO:0030855; GO:0016579; GO:0007095; GO:0018107; GO:0000082; GO:0007344; GO:0010971; GO:0014038; GO:0045995; GO:0062033; GO:0070371; GO:0090166; GO:1905448; GO:0009636; GO:0010628; GO:0014075; GO:0014823; GO:0030261; GO:0042307; GO:0042542; GO:0045471; GO:0045740; GO:0046686; GO:0046688; GO:0048678; GO:0055015; GO:0060045; GO:0065003; GO:0070301","GO:0000781; GO:0005634; GO:0005737; GO:0016020; GO:0005829; GO:0005654; GO:0005739; GO:0070062; GO:0005819; GO:0030496; GO:0005813; GO:0072686; GO:0000307; GO:0005876; GO:0005789; GO:0005759; GO:0097125","GO:0005524; GO:0004672; GO:0005515; GO:0000166; GO:0016740; GO:0004674; GO:0004693; GO:0008353; GO:0016301; GO:0001618; GO:0106310; GO:0030332; GO:0035173; GO:0097472; GO:0003682; GO:0030544",FALSE,TRUE,FALSE,1,"MS"
"O75351","VPS4B",-4.55464794408816,4.66782525931516e-07,32,10.989598738461,0.46256807165457,45,2.01,39,45,"weight_sensitive_candidate","VPS4B","vacuolar protein sorting 4 homolog B [Source:HGNC Symbol;Acc:HGNC:10895]","cell division; protein transport; mitotic metaphase chromosome alignment; viral budding via host ESCRT complex; ubiquitin-dependent protein catabolic process via the multivesicular body sorting pathway; viral budding from plasma membrane; midbody abscission; endosomal transport; regulation of centrosome duplication; lysosomal transport; response to lipid; nucleus organization; regulation of G2/M transition of mitotic cell cycle; protein depolymerization; ubiquitin-independent protein catabolic process via the multivesicular body sorting pathway; macroautophagy; membrane fission; positive regulation of G2/M transition of mitotic cell cycle; plasma membrane repair; autophagy; nuclear membrane reassembly; multivesicular body sorting pathway; autophagosome maturation; vacuole organization; endosome to lysosome transport via multivesicular body sorting pathway; late endosomal microautophagy; late endosome to lysosome transport via multivesicular body sorting pathway","nucleus; cytoplasm; endosome membrane; extracellular exosome; centrosome; spindle pole; late endosome membrane; Flemming body; cytosol; plasma membrane; endosome; midbody","ATP binding; ATP hydrolysis activity; nucleotide binding; hydrolase activity; protein binding; identical protein binding; protein homodimerization activity; protein-containing complex binding","GO:0051301; GO:0015031; GO:0007080; GO:0039702; GO:0043162; GO:0046761; GO:0061952; GO:0016197; GO:0010824; GO:0007041; GO:0033993; GO:0006997; GO:0010389; GO:0051261; GO:0090611; GO:0016236; GO:0090148; GO:0010971; GO:0001778; GO:0006914; GO:0031468; GO:0071985; GO:0097352; GO:0007033; GO:0032510; GO:0061738; GO:0061764","GO:0005634; GO:0005737; GO:0010008; GO:0070062; GO:0005813; GO:0000922; GO:0031902; GO:0090543; GO:0005829; GO:0005886; GO:0005768; GO:0030496","GO:0005524; GO:0016887; GO:0000166; GO:0016787; GO:0005515; GO:0042802; GO:0042803; GO:0044877",FALSE,FALSE,TRUE,1,"VT"
"P26006","ITGA3",3.55554486897546,3.381325992227e-06,58,73.4170033615471,0.451882153821555,47,2.12,47,55,"weight_sensitive_candidate","ITGA3","integrin subunit alpha 3 [Source:HGNC Symbol;Acc:HGNC:6139]","cell adhesion; regulation of signal transduction; cell differentiation; integrin-mediated signaling pathway; system development; system process; postsynapse organization; synaptic membrane adhesion; regulation of Wnt signaling pathway; mesodermal cell differentiation; positive regulation of protein localization to plasma membrane; cell-cell adhesion; nephron development; cell-matrix adhesion; regulation of transforming growth factor beta receptor signaling pathway; skin development; dendritic spine maintenance; lung development; leukocyte migration; negative regulation of Rho protein signal transduction; exploration behavior; regulation of BMP signaling pathway; renal filtration","integrin complex; plasma membrane; membrane; cell projection; focal adhesion; filopodium membrane; extracellular exosome; cell surface; cell periphery; neuromuscular junction; presynaptic active zone membrane; glutamatergic synapse; external side of plasma membrane; basolateral plasma membrane; synapse; excitatory synapse; synaptic membrane; receptor complex; integrin alpha3-beta1 complex","protein binding; metal ion binding; protein heterodimerization activity; protease binding; signaling receptor activity","GO:0007155; GO:0009966; GO:0030154; GO:0007229; GO:0048731; GO:0003008; GO:0099173; GO:0099560; GO:0030111; GO:0048333; GO:1903078; GO:0098609; GO:0072006; GO:0007160; GO:0017015; GO:0043588; GO:0097062; GO:0030324; GO:0050900; GO:0035024; GO:0035640; GO:0030510; GO:0097205","GO:0008305; GO:0005886; GO:0016020; GO:0042995; GO:0005925; GO:0031527; GO:0070062; GO:0009986; GO:0071944; GO:0031594; GO:0048787; GO:0098978; GO:0009897; GO:0016323; GO:0045202; GO:0060076; GO:0097060; GO:0043235; GO:0034667","GO:0005515; GO:0046872; GO:0046982; GO:0002020; GO:0038023",TRUE,TRUE,FALSE,2,"ECM,MS"
"P35625","TIMP3",5.14530758980161,4.4328915247854e-09,10,2.41331168831169,0.448412794445376,48,1.88,44,52,"weight_sensitive_candidate","TIMP3","TIMP metallopeptidase inhibitor 3 [Source:HGNC Symbol;Acc:HGNC:11822]","negative regulation of extracellular matrix disassembly; visual perception; negative regulation of proteolysis; response to cytokine; response to hormone","nucleus; extracellular region; extracellular space; secretory granule lumen; extracellular matrix; basement membrane","protein binding; metalloendopeptidase inhibitor activity; metal ion binding; peptidase inhibitor activity; enzyme inhibitor activity","GO:0010716; GO:0007601; GO:0045861; GO:0034097; GO:0009725","GO:0005634; GO:0005576; GO:0005615; GO:0034774; GO:0031012; GO:0005604","GO:0005515; GO:0008191; GO:0046872; GO:0030414; GO:0004857",TRUE,FALSE,FALSE,1,"ECM"
"P05109","S100A8",-4.22935730252304,7.03554607472397e-07,18,1075.92516694612,0.446812358921954,49,1.31,48,52,"robust_candidate","S100A8","S100 calcium binding protein A8 [Source:HGNC Symbol;Acc:HGNC:10498]","apoptotic process; autophagy; immune system process; innate immune response; defense response to bacterium; chemotaxis; inflammatory response; neutrophil chemotaxis; regulation of cytoskeleton organization; positive regulation of inflammatory response; response to lipopolysaccharide; positive regulation of cell growth; defense response to fungus; endothelial cell migration; leukocyte migration involved in inflammatory response; peptidyl-cysteine S-nitrosylation; regulation of toll-like receptor signaling pathway; neutrophil aggregation; chronic inflammatory response; response to zinc ion; autocrine signaling; response to ethanol","nucleus; cytoplasm; extracellular region; extracellular space; plasma membrane; cytosol; cytoskeleton; extracellular exosome; intermediate filament cytoskeleton; extracellular matrix; secretory granule lumen","calcium ion binding; metal ion binding; protein binding; zinc ion binding; microtubule binding; calcium-dependent protein binding; arachidonate binding; Toll-like receptor 4 binding","GO:0006915; GO:0006914; GO:0002376; GO:0045087; GO:0042742; GO:0006935; GO:0006954; GO:0030593; GO:0051493; GO:0050729; GO:0032496; GO:0030307; GO:0050832; GO:0043542; GO:0002523; GO:0018119; GO:0034121; GO:0070488; GO:0002544; GO:0010043; GO:0035425; GO:0045471","GO:0005634; GO:0005737; GO:0005576; GO:0005615; GO:0005886; GO:0005829; GO:0005856; GO:0070062; GO:0045111; GO:0031012; GO:0034774","GO:0005509; GO:0046872; GO:0005515; GO:0008270; GO:0008017; GO:0048306; GO:0050544; GO:0035662",TRUE,TRUE,FALSE,2,"ECM,MS"
"Q687X5","STEAP4",-6.40254170443348,6.02780269075201e-11,2,0,0.446038879517053,50,5.53,38,60,"weight_sensitive_candidate","STEAP4","STEAP4 metalloreductase [Source:HGNC Symbol;Acc:HGNC:21923]","monoatomic ion transport; iron ion transport; fat cell differentiation; copper ion import; protein homotrimerization","plasma membrane; membrane; early endosome membrane; extracellular exosome; Golgi membrane; endosome membrane; endosome","metal ion binding; oxidoreductase activity; FAD binding; heme binding; electron transfer activity; cupric reductase (NADH) activity; ferric-chelate reductase (NADPH) activity","GO:0006811; GO:0006826; GO:0045444; GO:0015677; GO:0070207","GO:0005886; GO:0016020; GO:0031901; GO:0070062; GO:0000139; GO:0010008; GO:0005768","GO:0046872; GO:0016491; GO:0071949; GO:0020037; GO:0009055; GO:0008823; GO:0052851",FALSE,FALSE,FALSE,0,"Other"
"Q96H20","SNF8",-4.2273391892498,1.24093041347383e-07,34,0.588207625707626,0.445855456652851,51,1.36,48,53,"robust_candidate","SNF8","SNF8 subunit of ESCRT-II [Source:HGNC Symbol;Acc:HGNC:17028]","multivesicular body sorting pathway; early endosome to late endosome transport; protein transport; endocytic recycling; regulation of protein catabolic process; positive regulation of gene expression; macroautophagy; positive regulation of protein catabolic process; regulation of protein complex stability; protein transport to vacuole involved in ubiquitin-dependent protein catabolic process via the multivesicular body sorting pathway; membrane fission; regulation of transcription by RNA polymerase II","ESCRT II complex; nucleus; cytoplasm; plasma membrane; membrane; cytosol; nucleoplasm; endosome membrane; perinuclear region of cytoplasm; extracellular exosome; late endosome membrane; recycling endosome; transcription regulator complex","protein binding; protein homodimerization activity; lipid binding; channel regulator activity","GO:0071985; GO:0045022; GO:0015031; GO:0032456; GO:0042176; GO:0010628; GO:0016236; GO:0045732; GO:0061635; GO:0043328; GO:0090148; GO:0006357","GO:0000814; GO:0005634; GO:0005737; GO:0005886; GO:0016020; GO:0005829; GO:0005654; GO:0010008; GO:0048471; GO:0070062; GO:0031902; GO:0055037; GO:0005667","GO:0005515; GO:0042803; GO:0008289; GO:0016247",FALSE,FALSE,TRUE,1,"VT"
"P80188","LCN2",-3.94420416881189,1.86317094274762e-06,22,1547.53997898201,0.441139592670197,52,1.61,49,55,"weight_sensitive_candidate","LCN2","lipocalin 2 [Source:HGNC Symbol;Acc:HGNC:6526]","apoptotic process; monoatomic ion transport; immune system process; innate immune response; defense response to bacterium; iron ion transport; siderophore transport; acute-phase response; response to oxidative stress; short-term memory; long-term memory; response to xenobiotic stimulus; response to bacterium; response to herbicide; response to toxic substance; response to blue light; response to fructose; response to iron(II) ion; response to mycotoxin; positive regulation of endothelial cell migration; positive regulation of gene expression; positive regulation of cell projection organization; response to nutrient levels; cellular response to nutrient levels; response to lipopolysaccharide; cellular response to increased oxygen levels; positive regulation of apoptotic process; positive regulation of neuron apoptotic process; cellular response to hydrogen peroxide; cellular response to lipopolysaccharide; cellular response to interleukin-1; cellular response to interleukin-6; cellular response to tumor necrosis factor; cellular response to hypoxia; cellular response to X-ray; positive regulation of reactive oxygen species biosynthetic process; response to kainic acid; positive regulation of iron ion import across plasma membrane; cellular response to amyloid-beta; positive regulation of endothelial tube morphogenesis; cellular response to nerve growth factor stimulus; positive regulation of reactive oxygen species metabolic process","extracellular region; extracellular space; endoplasmic reticulum; cytoplasmic vesicle; extracellular exosome; cytoplasmic vesicle lumen; specific granule lumen","small molecule binding; protein binding; identical protein binding; iron ion binding; protease binding","GO:0006915; GO:0006811; GO:0002376; GO:0045087; GO:0042742; GO:0006826; GO:0015891; GO:0006953; GO:0006979; GO:0007614; GO:0007616; GO:0009410; GO:0009617; GO:0009635; GO:0009636; GO:0009637; GO:0009750; GO:0010040; GO:0010046; GO:0010595; GO:0010628; GO:0031346; GO:0031667; GO:0031669; GO:0032496; GO:0036295; GO:0043065; GO:0043525; GO:0070301; GO:0071222; GO:0071347; GO:0071354; GO:0071356; GO:0071456; GO:0071481; GO:1903428; GO:1904373; GO:1904440; GO:1904646; GO:1905956; GO:1990090; GO:2000379","GO:0005576; GO:0005615; GO:0005783; GO:0031410; GO:0070062; GO:0060205; GO:0035580","GO:0036094; GO:0005515; GO:0042802; GO:0005506; GO:0002020",FALSE,TRUE,FALSE,1,"MS"
"P25942","CD40",4.15233707146858,8.83570769468303e-08,18,78.6053862134169,0.438690481428313,53,0.95,52,55,"robust_candidate","CD40","CD40 molecule [Source:HGNC Symbol;Acc:HGNC:11919]","B cell activation; regulation of immune response; positive regulation of blood vessel endothelial cell migration; positive regulation of angiogenesis; positive regulation of MAPK cascade; positive regulation of developmental process; regulation of gene expression; positive regulation of macromolecule biosynthetic process; positive regulation of multicellular organismal process; immune system process; positive regulation of canonical NF-kappaB signal transduction; defense response; intracellular calcium ion homeostasis; CD40 signaling pathway; platelet activation; response to bacterium; B cell mediated immunity; response to nutrient levels; response to cobalamin; response to type II interferon; cellular response to erythropoietin; cellular response to lipopolysaccharide; cellular response to interleukin-1; cellular response to tumor necrosis factor; response to peptide; positive regulation of transcription by RNA polymerase II; cellular response to mechanical stimulus; inflammatory response; protein-containing complex assembly; cell surface receptor signaling pathway via JAK-STAT; B cell proliferation; immune response-regulating cell surface receptor signaling pathway; positive regulation of protein kinase C signaling","external side of plasma membrane; extracellular region; plasma membrane; membrane; extracellular exosome; cell surface; extracellular space; neuronal cell body; varicosity; CD40 receptor complex","protein binding; signaling receptor activity; enzyme binding; ubiquitin protein ligase binding; antigen binding; protein domain specific binding","GO:0042113; GO:0050776; GO:0043536; GO:0045766; GO:0043410; GO:0051094; GO:0010468; GO:0010557; GO:0051240; GO:0002376; GO:0043123; GO:0006952; GO:0006874; GO:0023035; GO:0030168; GO:0009617; GO:0019724; GO:0031667; GO:0033590; GO:0034341; GO:0036018; GO:0071222; GO:0071347; GO:0071356; GO:1901652; GO:0045944; GO:0071260; GO:0006954; GO:0065003; GO:0007259; GO:0042100; GO:0002768; GO:0090037","GO:0009897; GO:0005576; GO:0005886; GO:0016020; GO:0070062; GO:0009986; GO:0005615; GO:0043025; GO:0043196; GO:0035631","GO:0005515; GO:0038023; GO:0019899; GO:0031625; GO:0003823; GO:0019904",FALSE,TRUE,FALSE,1,"MS"
"P31944","CASP14",-5.03327614283856,5.0677596892988e-08,6,443,0.436239956778819,55,2.1,49,59,"weight_sensitive_candidate","CASP14","caspase 14 [Source:HGNC Symbol;Acc:HGNC:1502]","proteolysis; cell differentiation; keratinization; epidermis development; positive regulation of neuron apoptotic process; cornification","nucleus; cytoplasm; cytosol; nucleoplasm; cornified envelope; keratin filament","cysteine-type peptidase activity; cysteine-type endopeptidase activity; hydrolase activity; protein binding; peptidase activity","GO:0006508; GO:0030154; GO:0031424; GO:0008544; GO:0043525; GO:0070268","GO:0005634; GO:0005737; GO:0005829; GO:0005654; GO:0001533; GO:0045095","GO:0008234; GO:0004197; GO:0016787; GO:0005515; GO:0008233",FALSE,FALSE,FALSE,0,"Other"
"Q9UI12","ATP6V1H",-3.5772010048081,2.99794741685254e-06,24,4241.39619201238,0.433957831107293,56,1.67,52,58,"weight_sensitive_candidate","ATP6V1H","ATPase H+ transporting V1 subunit H [Source:HGNC Symbol;Acc:HGNC:18303]","proton transmembrane transport; monoatomic ion transport; endocytosis; vacuolar acidification; regulation of macroautophagy; synaptic vesicle lumen acidification; lysosomal lumen acidification; endosomal lumen acidification; intracellular pH reduction; Golgi lumen acidification","vacuolar proton-transporting V-type ATPase, V1 domain; membrane; cytosol; cytoplasmic vesicle; extracellular exosome; clathrin-coated vesicle membrane; lysosomal membrane; plasma membrane; endosome membrane; Golgi membrane; extrinsic component of synaptic vesicle membrane","proton-transporting ATPase activity, rotational mechanism; protein binding; ATP hydrolysis activity; enzyme regulator activity","GO:1902600; GO:0006811; GO:0006897; GO:0007035; GO:0016241; GO:0097401; GO:0007042; GO:0048388; GO:0051452; GO:0061795","GO:0000221; GO:0016020; GO:0005829; GO:0031410; GO:0070062; GO:0030665; GO:0005765; GO:0005886; GO:0010008; GO:0000139; GO:0098850","GO:0046961; GO:0005515; GO:0016887; GO:0030234",FALSE,FALSE,TRUE,1,"VT"
"Q99715","COL12A1",3.88890923368778,8.15084188632489e-07,20,445.381634648387,0.429979017903849,57,1.05,56,60,"robust_candidate","COL12A1","collagen type XII alpha 1 chain [Source:HGNC Symbol;Acc:HGNC:2188]","cell adhesion; collagen fibril organization; tissue development; endodermal cell differentiation","extracellular space; endoplasmic reticulum lumen; extracellular exosome; extracellular matrix; extracellular region; extracellular vesicle; interstitial matrix; collagen type XII trimer","protein binding; extracellular matrix structural constituent conferring tensile strength","GO:0007155; GO:0030199; GO:0009888; GO:0035987","GO:0005615; GO:0005788; GO:0070062; GO:0031012; GO:0005576; GO:1903561; GO:0005614; GO:0005595","GO:0005515; GO:0030020",TRUE,FALSE,FALSE,1,"ECM"
"P17301","ITGA2",3.03416118463698,2.42792150270333e-05,64,262.709300874912,0.429949538144299,58,3.69,50,64,"weight_sensitive_candidate","ITGA2","integrin subunit alpha 2 [Source:HGNC Symbol;Acc:HGNC:6137]","cell adhesion; integrin-mediated signaling pathway; symbiont entry into host cell; cell-matrix adhesion; mesodermal cell differentiation; cell-substrate adhesion; cell-cell adhesion; blood coagulation; extracellular matrix organization; animal organ morphogenesis; response to hypoxia; positive regulation of leukocyte migration; substrate-dependent cell migration; hypotonic response; female pregnancy; response to xenobiotic stimulus; positive regulation of epithelial cell migration; response to amine; response to muscle activity; positive regulation of smooth muscle cell migration; mammary gland development; positive regulation of cell projection organization; positive regulation of collagen biosynthetic process; response to L-ascorbic acid; collagen-activated signaling pathway; skin morphogenesis; positive regulation of translation; positive regulation of cell adhesion; positive regulation of smooth muscle contraction; focal adhesion assembly; positive regulation of smooth muscle cell proliferation; positive regulation of positive chemotaxis; positive regulation of transmission of nerve impulse; positive regulation of phagocytosis, engulfment; hepatocyte differentiation; response to parathyroid hormone; cellular response to mechanical stimulus; cellular response to estradiol stimulus","integrin complex; membrane; focal adhesion; cell surface; plasma membrane; integrin alpha2-beta1 complex; presynapse; external side of plasma membrane; axon; axon terminus; basal part of cell; perinuclear region of cytoplasm","metal ion binding; protein binding; virus receptor activity; protein-containing complex binding; collagen binding; signaling receptor activity; amyloid-beta binding; collagen binding involved in cell-matrix adhesion; heparan sulfate proteoglycan binding; integrin binding; collagen receptor activity; laminin binding","GO:0007155; GO:0007229; GO:0046718; GO:0007160; GO:0048333; GO:0031589; GO:0098609; GO:0007596; GO:0030198; GO:0009887; GO:0001666; GO:0002687; GO:0006929; GO:0006971; GO:0007565; GO:0009410; GO:0010634; GO:0014075; GO:0014850; GO:0014911; GO:0030879; GO:0031346; GO:0032967; GO:0033591; GO:0038065; GO:0043589; GO:0045727; GO:0045785; GO:0045987; GO:0048041; GO:0048661; GO:0050927; GO:0051971; GO:0060100; GO:0070365; GO:0071107; GO:0071260; GO:0071392","GO:0008305; GO:0016020; GO:0005925; GO:0009986; GO:0005886; GO:0034666; GO:0098793; GO:0009897; GO:0030424; GO:0043679; GO:0045178; GO:0048471","GO:0046872; GO:0005515; GO:0001618; GO:0044877; GO:0005518; GO:0038023; GO:0001540; GO:0098639; GO:0043395; GO:0005178; GO:0038064; GO:0043236",TRUE,TRUE,TRUE,3,"ECM,MS,VT"
"P15313","ATP6V1B1",-4.09120253453894,3.10534372019738e-07,22,22.8795540590976,0.429156732725049,59,1.31,56,60,"robust_candidate","ATP6V1B1","ATPase H+ transporting V1 subunit B1 [Source:HGNC Symbol;Acc:HGNC:853]","proton transmembrane transport; ATP metabolic process; monoatomic ion transport; sensory perception of sound; regulation of macroautophagy; calcium ion homeostasis; inner ear morphogenesis; regulation of pH; ossification; vacuolar acidification; pH reduction; vacuolar proton-transporting V-type ATPase complex assembly; renal tubular secretion; synaptic vesicle lumen acidification","proton-transporting V-type ATPase, V1 domain; cytoplasm; apical plasma membrane; extracellular exosome; basolateral plasma membrane; plasma membrane; lateral plasma membrane; microvillus; vacuolar proton-transporting V-type ATPase, V1 domain; cytosol; extrinsic component of synaptic vesicle membrane; membrane; vacuolar proton-transporting V-type ATPase complex","ATP binding; proton-transporting ATPase activity, rotational mechanism; nucleotide binding; protein binding; proton transmembrane transporter activity; protein-containing complex binding","GO:1902600; GO:0046034; GO:0006811; GO:0007605; GO:0016241; GO:0055074; GO:0042472; GO:0006885; GO:0001503; GO:0007035; GO:0045851; GO:0070072; GO:0097254; GO:0097401","GO:0033180; GO:0005737; GO:0016324; GO:0070062; GO:0016323; GO:0005886; GO:0016328; GO:0005902; GO:0000221; GO:0005829; GO:0098850; GO:0016020; GO:0016471","GO:0005524; GO:0046961; GO:0000166; GO:0005515; GO:0015078; GO:0044877",FALSE,FALSE,TRUE,1,"VT"
"O00622","CCN1",5.30438855139913,3.85277938733191e-08,6,11.6909365200722,0.423546658365804,61,3.3,56,69,"weight_sensitive_candidate","CCN1","cellular communication network factor 1 [Source:HGNC Symbol;Acc:HGNC:2654]","signal transduction; positive regulation of cell migration; positive regulation of osteoblast differentiation; positive regulation of BMP signaling pathway; regulation of ERK1 and ERK2 cascade; positive regulation of developmental process; regulation of multicellular organismal development; cell adhesion; chemotaxis; regulation of macromolecule biosynthetic process; positive regulation of biosynthetic process; positive regulation of ossification; positive regulation of transcription by RNA polymerase II; positive regulation of bone mineralization; integrin-mediated signaling pathway; positive regulation of cell differentiation","extracellular region; extracellular matrix; extracellular space; endoplasmic reticulum lumen","protein binding; heparin binding; growth factor binding; extracellular matrix structural constituent; integrin binding; extracellular matrix binding","GO:0007165; GO:0030335; GO:0045669; GO:0030513; GO:0070372; GO:0051094; GO:2000026; GO:0007155; GO:0006935; GO:0010556; GO:0009891; GO:0045778; GO:0045944; GO:0030501; GO:0007229; GO:0045597","GO:0005576; GO:0031012; GO:0005615; GO:0005788","GO:0005515; GO:0008201; GO:0019838; GO:0005201; GO:0005178; GO:0050840",TRUE,TRUE,FALSE,2,"ECM,MS"
"P03956","MMP1",4.05603336942257,1.63739309323968e-06,20,110.391381127368,0.421996827126823,62,0.89,61,64,"robust_candidate","MMP1","matrix metallopeptidase 1 [Source:HGNC Symbol;Acc:HGNC:7155]","proteolysis; collagen catabolic process; positive regulation of protein-containing complex assembly; extracellular matrix organization; extracellular matrix disassembly; cellular response to UV-A","extracellular matrix; extracellular region","zinc ion binding; metallopeptidase activity; metalloendopeptidase activity; hydrolase activity; metal ion binding; peptidase activity; endopeptidase activity; serine-type endopeptidase activity","GO:0006508; GO:0030574; GO:0031334; GO:0030198; GO:0022617; GO:0071492","GO:0031012; GO:0005576","GO:0008270; GO:0008237; GO:0004222; GO:0016787; GO:0046872; GO:0008233; GO:0004175; GO:0004252",TRUE,FALSE,FALSE,1,"ECM"
"P98088","MUC5AC",4.70947710657234,3.35890256237761e-07,10,55.2133329485494,0.419336885766215,64,1.9,60,68,"weight_sensitive_candidate","MUC5AC","mucin 5AC, oligomeric mucus/gel-forming [Source:HGNC Symbol;Acc:HGNC:7515]","","extracellular region; extracellular space; extracellular exosome; plasma membrane; Golgi lumen; extracellular matrix; mucus layer","protein binding; metal ion binding; extracellular matrix structural constituent","","GO:0005576; GO:0005615; GO:0070062; GO:0005886; GO:0005796; GO:0031012; GO:0070701","GO:0005515; GO:0046872; GO:0005201",TRUE,FALSE,FALSE,1,"ECM"
"Q12913","PTPRJ",4.83247878639825,3.7941272528378e-09,6,7.45947993861162,0.416192293461946,65,3.29,59,72,"weight_sensitive_candidate","PTPRJ","protein tyrosine phosphatase receptor type J [Source:HGNC Symbol;Acc:HGNC:9673]","protein dephosphorylation; dephosphorylation; positive regulation of MAPK cascade; positive regulation of phagocytosis; positive regulation of tumor necrosis factor production; negative regulation of cell population proliferation; immune system process; angiogenesis; negative regulation of cell migration; regulation of cell adhesion; negative regulation of cell growth; anatomical structure morphogenesis; positive regulation of intracellular signal transduction; signal transduction; negative regulation of epidermal growth factor receptor signaling pathway; hemopoiesis; positive regulation of phosphatidylinositol 3-kinase/protein kinase B signal transduction; positive regulation of cellular component organization; negative regulation of T cell receptor signaling pathway; positive regulation of cell adhesion; positive regulation of cell-matrix adhesion; negative regulation of platelet-derived growth factor receptor signaling pathway; positive regulation of immune response; negative regulation of vascular permeability; platelet-derived growth factor receptor signaling pathway; negative regulation of phosphatidylinositol 3-kinase/protein kinase B signal transduction; axon guidance; positive regulation of focal adhesion assembly; positive chemotaxis; negative regulation of MAP kinase activity; cytokine-mediated signaling pathway; positive regulation of calcium-mediated signaling; peptidyl-tyrosine dephosphorylation; platelet formation; B cell differentiation; positive regulation of Fc receptor mediated stimulatory signaling pathway; contact inhibition","extracellular region; plasma membrane; cell junction; ruffle membrane; extracellular exosome; cell surface; anchoring junction; cell-cell junction; immunological synapse; specific granule membrane","protein binding; protein tyrosine phosphatase activity; phosphoprotein phosphatase activity; hydrolase activity; cadherin binding; protein kinase binding; beta-catenin binding; phosphatase activity; gamma-catenin binding; delta-catenin binding; mitogen-activated protein kinase binding; platelet-derived growth factor receptor binding","GO:0006470; GO:0016311; GO:0043410; GO:0050766; GO:0032760; GO:0008285; GO:0002376; GO:0001525; GO:0030336; GO:0030155; GO:0030308; GO:0009653; GO:1902533; GO:0007165; GO:0042059; GO:0030097; GO:0051897; GO:0051130; GO:0050860; GO:0045785; GO:0001954; GO:0010642; GO:0050778; GO:0043116; GO:0048008; GO:0051898; GO:0007411; GO:0051894; GO:0050918; GO:0043407; GO:0019221; GO:0050850; GO:0035335; GO:0030220; GO:0030183; GO:0060369; GO:0060242","GO:0005576; GO:0005886; GO:0030054; GO:0032587; GO:0070062; GO:0009986; GO:0070161; GO:0005911; GO:0001772; GO:0035579","GO:0005515; GO:0004725; GO:0004721; GO:0016787; GO:0045296; GO:0019901; GO:0008013; GO:0016791; GO:0045295; GO:0070097; GO:0051019; GO:0005161",TRUE,TRUE,TRUE,3,"ECM,MS,VT"
"Q86VN1","VPS36",-3.00883956549698,5.37271650330747e-05,42,1605.79184541279,0.412643433138851,66,1.5,62,67,"robust_candidate","VPS36","vacuolar protein sorting 36 homolog [Source:HGNC Symbol;Acc:HGNC:20312]","endosome transport via multivesicular body sorting pathway; protein transport; macroautophagy; protein transport to vacuole involved in ubiquitin-dependent protein catabolic process via the multivesicular body sorting pathway; membrane fission","ESCRT II complex; nucleus; cytoplasm; membrane; plasma membrane; cytosol; late endosome; extracellular exosome; endosome; lysosome; late endosome membrane","ubiquitin binding; phosphatidylinositol-3-phosphate binding; protein binding; lipid binding","GO:0032509; GO:0015031; GO:0016236; GO:0043328; GO:0090148","GO:0000814; GO:0005634; GO:0005737; GO:0016020; GO:0005886; GO:0005829; GO:0005770; GO:0070062; GO:0005768; GO:0005764; GO:0031902","GO:0043130; GO:0032266; GO:0005515; GO:0008289",FALSE,FALSE,TRUE,1,"VT"
"P17252","PRKCA",3.08294116561077,7.00634370975661e-05,42,1183.81948138229,0.411742629119933,67,1.47,63,68,"robust_candidate","PRKCA","protein kinase C alpha [Source:HGNC Symbol;Acc:HGNC:9393]","protein phosphorylation; apoptotic process; positive regulation of cell migration; chromatin remodeling; cell adhesion; angiogenesis; positive regulation of signal transduction; regulation of platelet aggregation; regulation of transport; positive regulation of angiogenesis; positive regulation of endothelial cell migration; positive regulation of ERK1 and ERK2 cascade; positive regulation of cell adhesion; intracellular signal transduction; positive regulation of endothelial cell proliferation; positive regulation of mitotic cell cycle; response to reactive oxygen species; mitotic nuclear membrane disassembly; learning or memory; response to mechanical stimulus; response to toxic substance; positive regulation of cardiac muscle hypertrophy; negative regulation of translation; central nervous system neuron axonogenesis; response to estradiol; response to peptide hormone; response to ethanol; positive regulation of exocytosis; positive regulation of smooth muscle cell proliferation; response to corticosterone; positive regulation of synapse assembly; protein kinase C signaling; response to phorbol 13-acetate 12-myristate; negative regulation of glial cell apoptotic process; positive regulation of insulin secretion; response to interleukin-1; apoptotic signaling pathway; positive regulation of macrophage differentiation; positive regulation of blood vessel endothelial cell migration; desmosome assembly; positive regulation of lipopolysaccharide-mediated signaling pathway; regulation of mRNA stability; positive regulation of bone resorption; positive regulation of adenylate cyclase-activating G protein-coupled receptor signaling pathway","nucleus; cytoplasm; plasma membrane; cytosol; mitochondrion; mitochondrial membrane; perinuclear region of cytoplasm; ciliary basal body; extracellular exosome; nucleoplasm; protein-containing complex; endoplasmic reticulum; alphav-beta3 integrin-PKCalpha complex","zinc ion binding; ATP binding; protein serine/threonine kinase activity; protein kinase activity; diacylglycerol-dependent serine/threonine kinase activity; nucleotide binding; transferase activity; metal ion binding; kinase activity; protein binding; protein serine kinase activity; calcium,diacylglycerol-dependent serine/threonine kinase activity; signaling receptor binding; histone H3T6 kinase activity; enzyme binding; integrin binding; diacylglycerol binding","GO:0006468; GO:0006915; GO:0030335; GO:0006338; GO:0007155; GO:0001525; GO:0009967; GO:0090330; GO:0051049; GO:0045766; GO:0010595; GO:0070374; GO:0045785; GO:0035556; GO:0001938; GO:0045931; GO:0000302; GO:0007077; GO:0007611; GO:0009612; GO:0009636; GO:0010613; GO:0017148; GO:0021955; GO:0032355; GO:0043434; GO:0045471; GO:0045921; GO:0048661; GO:0051412; GO:0051965; GO:0070528; GO:1904627; GO:0034351; GO:0032024; GO:0070555; GO:0097190; GO:0045651; GO:0043536; GO:0002159; GO:0031666; GO:0043488; GO:0045780; GO:0106071","GO:0005634; GO:0005737; GO:0005886; GO:0005829; GO:0005739; GO:0031966; GO:0048471; GO:0036064; GO:0070062; GO:0005654; GO:0032991; GO:0005783; GO:0035866","GO:0008270; GO:0005524; GO:0004674; GO:0004672; GO:0004697; GO:0000166; GO:0016740; GO:0046872; GO:0016301; GO:0005515; GO:0106310; GO:0004698; GO:0005102; GO:0035403; GO:0019899; GO:0005178; GO:0019992",FALSE,TRUE,TRUE,2,"MS,VT"
"Q9BRG1","VPS25",-3.43156877137895,1.0443775908114e-05,42,13.0707828321451,0.407496336357625,69,1.55,65,72,"weight_sensitive_candidate","VPS25","vacuolar protein sorting 25 homolog [Source:HGNC Symbol;Acc:HGNC:28122]","multivesicular body sorting pathway; protein transport; macroautophagy; protein transport to vacuole involved in ubiquitin-dependent protein catabolic process via the multivesicular body sorting pathway; membrane fission; negative regulation of epidermal growth factor-activated receptor activity","ESCRT II complex; nucleus; cytoplasm; endosome membrane; cytosol; nucleoplasm; extracellular exosome","protein binding; protein homodimerization activity; structural molecule activity","GO:0071985; GO:0015031; GO:0016236; GO:0043328; GO:0090148; GO:0007175","GO:0000814; GO:0005634; GO:0005737; GO:0010008; GO:0005829; GO:0005654; GO:0070062","GO:0005515; GO:0042803; GO:0005198",FALSE,FALSE,TRUE,1,"VT"
"Q99816","TSG101",-2.60307027942783,0.000354935285149436,48,6346.16144913541,0.399184732037597,71,1.69,70,75,"weight_sensitive_candidate","TSG101","tumor susceptibility 101 [Source:HGNC Symbol;Acc:HGNC:15971]","protein modification process; protein transport; cell division; negative regulation of DNA-templated transcription; viral budding via host ESCRT complex; ubiquitin-dependent protein catabolic process via the multivesicular body sorting pathway; regulation of DNA-templated transcription; macroautophagy; endosome to lysosome transport; protein transport to vacuole involved in ubiquitin-dependent protein catabolic process via the multivesicular body sorting pathway; membrane fission; extracellular transport; regulation of MAP kinase activity; viral release from host cell; negative regulation of epidermal growth factor-activated receptor activity; viral budding; negative regulation of epidermal growth factor receptor signaling pathway; autophagosome maturation; exosomal secretion","nucleus; cytoplasm; plasma membrane; cytosol; early endosome membrane; extracellular exosome; early endosome; centrosome; endosome; late endosome membrane; ESCRT I complex; Flemming body; endosome membrane; late endosome; multivesicular body","calcium-dependent protein binding; protein binding; ubiquitin protein ligase binding; protein homodimerization activity; protein-containing complex binding; ubiquitin binding; virion binding; transcription corepressor activity; DNA binding","GO:0036211; GO:0015031; GO:0051301; GO:0045892; GO:0039702; GO:0043162; GO:0006355; GO:0016236; GO:0008333; GO:0043328; GO:0090148; GO:0006858; GO:0043405; GO:0019076; GO:0007175; GO:0046755; GO:0042059; GO:0097352; GO:1990182","GO:0005634; GO:0005737; GO:0005886; GO:0005829; GO:0031901; GO:0070062; GO:0005769; GO:0005813; GO:0005768; GO:0031902; GO:0000813; GO:0090543; GO:0010008; GO:0005770; GO:0005771","GO:0048306; GO:0005515; GO:0031625; GO:0042803; GO:0044877; GO:0043130; GO:0046790; GO:0003714; GO:0003677",FALSE,FALSE,TRUE,1,"VT"
"P08294","SOD3",4.98139115318996,1.59096263600241e-09,4,1,0.39856483029514,72,4.28,65,82,"weight_sensitive_candidate","SOD3","superoxide dismutase 3 [Source:HGNC Symbol;Acc:HGNC:11181]","superoxide metabolic process; cellular oxidant detoxification; removal of superoxide radicals","extracellular space; extracellular region; Golgi apparatus; extracellular exosome; Golgi lumen","metal ion binding; copper ion binding; protein binding; oxidoreductase activity; heparin binding; antioxidant activity; superoxide dismutase activity; molecular adaptor activity","GO:0006801; GO:0098869; GO:0019430","GO:0005615; GO:0005576; GO:0005794; GO:0070062; GO:0005796","GO:0046872; GO:0005507; GO:0005515; GO:0016491; GO:0008201; GO:0016209; GO:0004784; GO:0060090",FALSE,FALSE,FALSE,0,"Other"
"O14939","PLD2",-4.08192075013316,7.96569600634472e-07,12,73.7053095667701,0.397354510892814,73,1.09,69,74,"robust_candidate","PLD2","phospholipase D2 [Source:HGNC Symbol;Acc:HGNC:9068]","intracellular signal transduction; phosphatidic acid biosynthetic process; lipid metabolic process; lipid catabolic process; small GTPase-mediated signal transduction; cytoskeleton organization; phospholipid catabolic process; Fc-gamma receptor signaling pathway involved in phagocytosis; regulation of vesicle-mediated transport","plasma membrane; membrane; presynapse; endoplasmic reticulum membrane; cytoplasmic vesicle; brush border membrane","catalytic activity; phosphatidylinositol binding; phospholipase D activity; hydrolase activity; protein binding","GO:0035556; GO:0006654; GO:0006629; GO:0016042; GO:0007264; GO:0007010; GO:0009395; GO:0038096; GO:0060627","GO:0005886; GO:0016020; GO:0098793; GO:0005789; GO:0031410; GO:0031526","GO:0003824; GO:0035091; GO:0004630; GO:0016787; GO:0005515",FALSE,FALSE,TRUE,1,"VT"
"P11047","LAMC1",2.94395767737148,4.30479308646011e-05,42,219.192696401541,0.396482844280437,74,1.31,71,76,"robust_candidate","LAMC1","laminin subunit gamma 1 [Source:HGNC Symbol;Acc:HGNC:6492]","signal transduction; cell adhesion; tissue development; substrate adhesion-dependent cell spreading; maintenance of blood-brain barrier; cell migration; regulation of cell adhesion; regulation of cell migration; regulation of embryonic development; endoderm development; protein-containing complex assembly; positive regulation of skeletal muscle acetylcholine-gated channel clustering; positive regulation of epithelial cell proliferation; positive regulation of cell adhesion; positive regulation of muscle cell differentiation; extracellular matrix disassembly; hemidesmosome assembly","extracellular region; extracellular space; basement membrane; extracellular exosome; extracellular matrix; laminin-1 complex; laminin-10 complex; endoplasmic reticulum lumen; laminin-11 complex; laminin-2 complex; laminin-6 complex; laminin-8 complex; laminin-3 complex; laminin-4 complex; laminin-7 complex; laminin-9 complex","receptor ligand activity; extracellular matrix structural constituent; extracellular matrix constituent conferring elasticity","GO:0007165; GO:0007155; GO:0009888; GO:0034446; GO:0035633; GO:0016477; GO:0030155; GO:0030334; GO:0045995; GO:0007492; GO:0065003; GO:1904395; GO:0050679; GO:0045785; GO:0051149; GO:0022617; GO:0031581","GO:0005576; GO:0005615; GO:0005604; GO:0070062; GO:0031012; GO:0005606; GO:0043259; GO:0005788; GO:0043260; GO:0005607; GO:0005611; GO:0043257; GO:0005608; GO:0005609; GO:0005612; GO:0043258","GO:0048018; GO:0005201; GO:0030023",TRUE,TRUE,FALSE,2,"ECM,MS"
"P06702","S100A9",-4.07099132924974,5.49031052139362e-07,10,94.8449722640729,0.391659783069902,75,2,71,81,"weight_sensitive_candidate","S100A9","S100 calcium binding protein A9 [Source:HGNC Symbol;Acc:HGNC:10499]","positive regulation of neuron projection development; apoptotic process; autophagy; immune system process; innate immune response; defense response to bacterium; chemotaxis; cellular oxidant detoxification; inflammatory response; neutrophil chemotaxis; regulation of cytoskeleton organization; positive regulation of inflammatory response; antimicrobial humoral immune response mediated by antimicrobial peptide; cell-cell signaling; positive regulation of cell growth; defense response to fungus; endothelial cell migration; peptidyl-cysteine S-trans-nitrosylation; leukocyte migration involved in inflammatory response; regulation of toll-like receptor signaling pathway; neutrophil aggregation; chronic inflammatory response; astrocyte development; autocrine signaling; regulation of respiratory burst involved in inflammatory response","nucleus; cytoplasm; extracellular region; extracellular space; plasma membrane; cytosol; cytoskeleton; extracellular exosome; intermediate filament cytoskeleton; extracellular matrix; secretory granule lumen","calcium ion binding; metal ion binding; protein binding; zinc ion binding; antioxidant activity; microtubule binding; calcium-dependent protein binding; arachidonate binding; Toll-like receptor 4 binding","GO:0010976; GO:0006915; GO:0006914; GO:0002376; GO:0045087; GO:0042742; GO:0006935; GO:0098869; GO:0006954; GO:0030593; GO:0051493; GO:0050729; GO:0061844; GO:0007267; GO:0030307; GO:0050832; GO:0043542; GO:0035606; GO:0002523; GO:0034121; GO:0070488; GO:0002544; GO:0014002; GO:0035425; GO:0060264","GO:0005634; GO:0005737; GO:0005576; GO:0005615; GO:0005886; GO:0005829; GO:0005856; GO:0070062; GO:0045111; GO:0031012; GO:0034774","GO:0005509; GO:0046872; GO:0005515; GO:0008270; GO:0016209; GO:0008017; GO:0048306; GO:0050544; GO:0035662",TRUE,TRUE,FALSE,2,"ECM,MS"
"P05121","SERPINE1",3.59501914891767,3.31155466512419e-06,22,21.5176327610653,0.389971702794235,76,0.66,74,77,"robust_candidate","SERPINE1","serpin family E member 1 [Source:HGNC Symbol;Acc:HGNC:8583]","negative regulation of cell migration; positive regulation of angiogenesis; positive regulation of inflammatory response; cellular response to lipopolysaccharide; negative regulation of vascular wound healing; negative regulation of wound healing; angiogenesis; negative regulation of proteolysis; response to bacterium; positive regulation of interleukin-8 production; positive regulation of receptor-mediated endocytosis; negative regulation of smooth muscle cell migration; positive regulation of blood coagulation; negative regulation of fibrinolysis; negative regulation of plasminogen activation; fibrinolysis; negative regulation of blood coagulation; positive regulation of leukotriene production involved in inflammatory response; positive regulation of coagulation; negative regulation of thrombin-activated receptor signaling pathway; positive regulation of monocyte chemotaxis; replicative senescence; dentinogenesis","extracellular space; extracellular region; extracellular exosome; plasma membrane; extracellular matrix; platelet alpha granule lumen","serine-type endopeptidase inhibitor activity; peptidase inhibitor activity; protein binding; protease binding; signaling receptor binding; endopeptidase inhibitor activity","GO:0030336; GO:0045766; GO:0050729; GO:0071222; GO:0061044; GO:0061045; GO:0001525; GO:0045861; GO:0009617; GO:0032757; GO:0048260; GO:0014912; GO:0030194; GO:0051918; GO:0010757; GO:0042730; GO:0030195; GO:0035491; GO:0050820; GO:0070495; GO:0090026; GO:0090399; GO:0097187","GO:0005615; GO:0005576; GO:0070062; GO:0005886; GO:0031012; GO:0031093","GO:0004867; GO:0030414; GO:0005515; GO:0002020; GO:0005102; GO:0004866",TRUE,TRUE,TRUE,3,"ECM,MS,VT"
"P17931","LGALS3",-2.87436971609317,9.01481596908122e-05,32,1192.95874554178,0.385390019047581,77,1.55,74,79,"weight_sensitive_candidate","LGALS3","galectin 3 [Source:HGNC Symbol;Acc:HGNC:6563]","RNA splicing; mRNA processing; cell differentiation; immune system process; innate immune response; eosinophil chemotaxis; positive regulation of protein localization to plasma membrane; epithelial cell differentiation; positive chemotaxis; monocyte chemotaxis; neutrophil chemotaxis; positive regulation of mononuclear cell migration; positive regulation of protein-containing complex assembly; negative regulation of T cell receptor signaling pathway; positive regulation of calcium ion import; macrophage chemotaxis; regulation of T cell proliferation; negative regulation of endocytosis; regulation of T cell apoptotic process; mononuclear cell migration","cytoplasm; nucleus; spliceosomal complex; extracellular region; extracellular space; membrane; cytosol; nucleoplasm; mitochondrial inner membrane; extracellular exosome; plasma membrane; extracellular matrix; cell surface; secretory granule membrane; ficolin-1-rich granule membrane; immunological synapse","carbohydrate binding; protein binding; RNA binding; IgE binding; protein phosphatase binding; chemoattractant activity; laminin binding; protein phosphatase inhibitor activity; disaccharide binding","GO:0008380; GO:0006397; GO:0030154; GO:0002376; GO:0045087; GO:0048245; GO:1903078; GO:0030855; GO:0050918; GO:0002548; GO:0030593; GO:0071677; GO:0031334; GO:0050860; GO:0090280; GO:0048246; GO:0042129; GO:0045806; GO:0070232; GO:0071674","GO:0005737; GO:0005634; GO:0005681; GO:0005576; GO:0005615; GO:0016020; GO:0005829; GO:0005654; GO:0005743; GO:0070062; GO:0005886; GO:0031012; GO:0009986; GO:0030667; GO:0101003; GO:0001772","GO:0030246; GO:0005515; GO:0003723; GO:0019863; GO:0019903; GO:0042056; GO:0043236; GO:0004864; GO:0048030",TRUE,TRUE,TRUE,3,"ECM,MS,VT"
"O00468","AGRN",3.42626529297742,3.63119776247077e-06,16,325.053211903651,0.384272902317622,78,1.67,77,83,"weight_sensitive_candidate","AGRN","agrin [Source:HGNC Symbol;Acc:HGNC:329]","receptor clustering; nervous system development; signal transduction; cell differentiation; filopodium assembly; cell surface receptor signaling pathway; positive regulation of transcription by RNA polymerase II; synapse organization; membrane organization; synaptic signaling; cytoskeleton organization; G protein-coupled acetylcholine receptor signaling pathway; clustering of voltage-gated sodium channels; chemical synaptic transmission; neuromuscular junction development; positive regulation of synaptic assembly at neuromuscular junction; chondrocyte differentiation","extracellular region; plasma membrane; basement membrane; extracellular exosome; synapse; extracellular matrix; lysosomal lumen; Golgi lumen","protein binding; calcium ion binding; laminin binding; metal ion binding; receptor ligand activity; structural constituent of cytoskeleton; dystroglycan binding; extracellular matrix structural constituent; transmembrane receptor protein tyrosine kinase activator activity; acetylcholine receptor regulator activity; chondroitin sulfate binding; heparan sulfate proteoglycan binding","GO:0043113; GO:0007399; GO:0007165; GO:0030154; GO:0046847; GO:0007166; GO:0045944; GO:0050808; GO:0061024; GO:0099536; GO:0007010; GO:0007213; GO:0045162; GO:0007268; GO:0007528; GO:0045887; GO:0002062","GO:0005576; GO:0005886; GO:0005604; GO:0070062; GO:0045202; GO:0031012; GO:0043202; GO:0005796","GO:0005515; GO:0005509; GO:0043236; GO:0046872; GO:0048018; GO:0005200; GO:0002162; GO:0005201; GO:0030297; GO:0030548; GO:0035374; GO:0043395",TRUE,FALSE,FALSE,1,"ECM"
"O15230","LAMA5",3.25992473968899,1.0267442299362e-05,34,7.13562697793477,0.383957201314153,79,0.88,77,80,"robust_candidate","LAMA5","laminin subunit alpha 5 [Source:HGNC Symbol;Acc:HGNC:6485]","cell adhesion; regulation of cell adhesion; regulation of cell migration; regulation of embryonic development; cell migration; integrin-mediated signaling pathway; system development; skeletal system morphogenesis; animal organ morphogenesis; substrate adhesion-dependent cell spreading; postsynapse organization","nucleus; extracellular region; extracellular space; basement membrane; extracellular exosome; extracellular matrix; laminin-10 complex; neuromuscular junction; synaptic cleft; extracellular matrix of synaptic cleft; glutamatergic synapse; laminin-5 complex; laminin-11 complex; laminin-522 complex; laminin-15 complex","protein binding; signaling receptor binding; integrin binding; receptor ligand activity; extracellular matrix structural constituent","GO:0007155; GO:0030155; GO:0030334; GO:0045995; GO:0016477; GO:0007229; GO:0048731; GO:0048705; GO:0009887; GO:0034446; GO:0099173","GO:0005634; GO:0005576; GO:0005615; GO:0005604; GO:0070062; GO:0031012; GO:0043259; GO:0031594; GO:0043083; GO:0098965; GO:0098978; GO:0005610; GO:0043260; GO:1990339; GO:1990340","GO:0005515; GO:0005102; GO:0005178; GO:0048018; GO:0005201",TRUE,TRUE,FALSE,2,"ECM,MS"
"P08670","VIM",3.52227024110501,1.96407260271544e-06,14,132.270575047533,0.378900143712613,80,1.73,78,85,"weight_sensitive_candidate","VIM","vimentin [Source:HGNC Symbol;Acc:HGNC:12692]","intermediate filament organization; cellular response to lipopolysaccharide; cellular response to muramyl dipeptide; positive regulation of protein localization; regulation of mRNA stability; positive regulation of axon extension; positive regulation of collagen biosynthetic process; positive regulation of gene expression","intermediate filament; cytoplasm; plasma membrane; cytosol; cytoskeleton; focal adhesion; peroxisome; extracellular exosome; axon; nuclear matrix; intermediate filament cytoskeleton; microtubule organizing center; cell leading edge; neuron projection; phagocytic vesicle","protein binding; identical protein binding; structural constituent of cytoskeleton; protein domain specific binding; scaffold protein binding; molecular adaptor activity; double-stranded RNA binding; RNA binding; structural constituent of eye lens; keratin filament binding","GO:0045109; GO:0071222; GO:0071225; GO:1903829; GO:0043488; GO:0045773; GO:0032967; GO:0010628","GO:0005882; GO:0005737; GO:0005886; GO:0005829; GO:0005856; GO:0005925; GO:0005777; GO:0070062; GO:0030424; GO:0016363; GO:0045111; GO:0005815; GO:0031252; GO:0043005; GO:0045335","GO:0005515; GO:0042802; GO:0005200; GO:0019904; GO:0097110; GO:0060090; GO:0003725; GO:0003723; GO:0005212; GO:1990254",FALSE,FALSE,FALSE,0,"Other"
"Q9Y6W5","WASF2",-2.91180826472369,0.000326765991055668,40,220.396766573339,0.377900045960646,81,0.79,79,83,"robust_candidate","WASF2","WASP family member 2 [Source:HGNC Symbol;Acc:HGNC:12733]","actin cytoskeleton organization; positive regulation of lamellipodium assembly; adenylate cyclase-modulating G protein-coupled receptor signaling pathway; postsynaptic actin cytoskeleton organization; postsynapse organization","cytoskeleton; extracellular exosome; lamellipodium; basolateral plasma membrane; protein-containing complex; SCAR complex; cytosol; actin cytoskeleton; synapse; ruffle; early endosome; cell-cell junction","actin binding; SH3 domain binding; protein binding; protein kinase A binding; cadherin binding; protein kinase A regulatory subunit binding; Arp2/3 complex binding","GO:0030036; GO:0010592; GO:0007188; GO:0098974; GO:0099173","GO:0005856; GO:0070062; GO:0030027; GO:0016323; GO:0032991; GO:0031209; GO:0005829; GO:0015629; GO:0045202; GO:0001726; GO:0005769; GO:0005911","GO:0003779; GO:0017124; GO:0005515; GO:0051018; GO:0045296; GO:0034237; GO:0071933",FALSE,TRUE,FALSE,1,"MS"
"P05161","ISG15",2.55024156761251,0.00167039246742957,60,296.809147591775,0.375683094795602,82,1.79,78,87,"weight_sensitive_candidate","ISG15","ISG15 ubiquitin like modifier [Source:HGNC Symbol;Acc:HGNC:4053]","defense response to virus; positive regulation of multicellular organismal process; immune system process; innate immune response; negative regulation of protein ubiquitination; defense response to bacterium; integrin-mediated signaling pathway; response to virus; regulation of immune system process; ISG15-protein conjugation; regulation of type II interferon production; negative regulation of viral genome replication; positive regulation of interferon-beta production; positive regulation of type II interferon production; positive regulation of interleukin-10 production; positive regulation of bone mineralization; protein localization to mitochondrion; response to type I interferon; negative regulation of type I interferon-mediated signaling pathway; modification-dependent protein catabolic process; positive regulation of protein oligomerization; positive regulation of erythrocyte differentiation","cytoplasm; extracellular region; nucleus; nucleoplasm; cytosol; cytosolic ribosome","protein binding; integrin binding; protein tag activity; structural constituent of ribosome","GO:0051607; GO:0051240; GO:0002376; GO:0045087; GO:0031397; GO:0042742; GO:0007229; GO:0009615; GO:0002682; GO:0032020; GO:0032649; GO:0045071; GO:0032728; GO:0032729; GO:0032733; GO:0030501; GO:0070585; GO:0034340; GO:0060339; GO:0019941; GO:0032461; GO:0045648","GO:0005737; GO:0005576; GO:0005634; GO:0005654; GO:0005829; GO:0022626","GO:0005515; GO:0005178; GO:0031386; GO:0003735",FALSE,FALSE,FALSE,0,"Other"
"P16070","CD44",1.66750890102201,0.0143050298721023,100,6573.92276407761,0.373966410782585,83,4.5,73,92,"weight_sensitive_candidate","CD44","CD44 molecule (IN blood group) [Source:HGNC Symbol;Acc:HGNC:1681]","cell adhesion; positive regulation of ERK1 and ERK2 cascade; negative regulation of apoptotic process; cell migration; regulation of apoptotic process; cytokine-mediated signaling pathway; anatomical structure morphogenesis; system development; cell-cell adhesion; cartilage development; T cell activation; positive regulation of heterotypic cell-cell adhesion; cell-matrix adhesion; inflammatory response; NK T cell activation; wound healing, spreading of cells; cellular response to fibroblast growth factor stimulus; carbohydrate derivative transport; negative regulation of DNA damage response, signal transduction by p53 class mediator; hyaluronan catabolic process; endocytosis; monocyte aggregation","membrane; extracellular region; plasma membrane; cell projection; focal adhesion; lamellipodium membrane; apical plasma membrane; extracellular exosome; cell surface; basolateral plasma membrane; protein-containing complex; microvillus; membrane raft; secretory granule membrane; macrophage migration inhibitory factor receptor complex","hyaluronic acid binding; protein binding; signaling receptor activity; transmembrane signaling receptor activity; collagen binding; cargo receptor activity; cytokine receptor activity","GO:0007155; GO:0070374; GO:0043066; GO:0016477; GO:0042981; GO:0019221; GO:0009653; GO:0048731; GO:0098609; GO:0051216; GO:0042110; GO:0034116; GO:0007160; GO:0006954; GO:0051132; GO:0044319; GO:0044344; GO:1901264; GO:0043518; GO:0030214; GO:0006897; GO:0070487","GO:0016020; GO:0005576; GO:0005886; GO:0042995; GO:0005925; GO:0031258; GO:0016324; GO:0070062; GO:0009986; GO:0016323; GO:0032991; GO:0005902; GO:0045121; GO:0030667; GO:0035692","GO:0005540; GO:0005515; GO:0038023; GO:0004888; GO:0005518; GO:0038024; GO:0004896",TRUE,TRUE,TRUE,3,"ECM,MS,VT"
"P98160","HSPG2",2.80571113228391,0.000148520352364467,30,496.280617142095,0.368609731903142,84,1.2,84,87,"robust_candidate","HSPG2","heparan sulfate proteoglycan 2 [Source:HGNC Symbol;Acc:HGNC:5273]","inflammatory response; cell differentiation; angiogenesis; brain development; circulatory system development; protein localization to synapse; negative regulation of angiogenesis; receptor-mediated endocytosis; lipid metabolic process; negative regulation of synaptic transmission, cholinergic","extracellular space; extracellular region; focal adhesion; basement membrane; extracellular exosome; extracellular matrix; plasma membrane; Golgi lumen; neuron projection; lysosomal lumen; plasma membrane protein complex; neuromuscular junction; elastic fiber; microfibril","protein binding; calcium ion binding; metal ion binding; molecular adaptor activity; amyloid-beta binding; extracellular matrix structural constituent conferring compression resistance","GO:0006954; GO:0030154; GO:0001525; GO:0007420; GO:0072359; GO:0035418; GO:0016525; GO:0006898; GO:0006629; GO:0032223","GO:0005615; GO:0005576; GO:0005925; GO:0005604; GO:0070062; GO:0031012; GO:0005886; GO:0005796; GO:0043005; GO:0043202; GO:0098797; GO:0031594; GO:0071953; GO:0001527","GO:0005515; GO:0005509; GO:0046872; GO:0060090; GO:0001540; GO:0030021",TRUE,FALSE,TRUE,2,"ECM,VT"
"P01033","TIMP1",3.28290376591505,0.000193729556488987,26,106.352666898668,0.368254568768588,85,0.83,85,88,"robust_candidate","TIMP1","TIMP metallopeptidase inhibitor 1 [Source:HGNC Symbol;Acc:HGNC:11820]","signal transduction; positive regulation of cell population proliferation; negative regulation of proteolysis; negative regulation of catalytic activity; response to cytokine; response to hormone; negative regulation of endopeptidase activity; negative regulation of apoptotic process; response to peptide hormone; cartilage development; cellular response to UV-A; cellular response to acetaldehyde","extracellular region; extracellular space; extracellular exosome; secretory granule lumen; extracellular matrix; endoplasmic reticulum lumen; platelet alpha granule lumen; basement membrane","protein binding; metalloendopeptidase inhibitor activity; growth factor activity; metal ion binding; peptidase inhibitor activity; zinc ion binding; cytokine activity; enzyme inhibitor activity; protease binding","GO:0007165; GO:0008284; GO:0045861; GO:0043086; GO:0034097; GO:0009725; GO:0010951; GO:0043066; GO:0043434; GO:0051216; GO:0071492; GO:1905641","GO:0005576; GO:0005615; GO:0070062; GO:0034774; GO:0031012; GO:0005788; GO:0031093; GO:0005604","GO:0005515; GO:0008191; GO:0008083; GO:0046872; GO:0030414; GO:0008270; GO:0005125; GO:0004857; GO:0002020",TRUE,FALSE,FALSE,1,"ECM"
"Q92633","LPAR1",3.98572398403108,5.64797484464506e-07,8,25.4001987665952,0.366360822179727,86,3.47,81,94,"weight_sensitive_candidate","LPAR1","lysophosphatidic acid receptor 1 [Source:HGNC Symbol;Acc:HGNC:3166]","G protein-coupled receptor signaling pathway; signal transduction; positive regulation of canonical NF-kappaB signal transduction; regulation of cell shape; negative regulation of neuron projection development; positive regulation of MAPK cascade; phospholipase C-activating G protein-coupled receptor signaling pathway; adenylate cyclase-activating G protein-coupled receptor signaling pathway; cell chemotaxis; adenylate cyclase-inhibiting G protein-coupled receptor signaling pathway; positive regulation of cytosolic calcium ion concentration; neurogenesis; negative regulation of cilium assembly; positive regulation of Rho protein signal transduction; oligodendrocyte development; cerebellum development; optic nerve development; corpus callosum development; myelination; positive regulation of apoptotic process; positive regulation of dendritic spine development; cellular response to oxygen levels; positive regulation of smooth muscle cell chemotaxis; regulation of synaptic vesicle cycle; regulation of postsynaptic neurotransmitter receptor internalization; cellular response to 1-oleoyl-sn-glycerol 3-phosphate","membrane; plasma membrane; cell surface; cytoplasm; endosome; endocytic vesicle; presynaptic membrane; postsynaptic membrane; glutamatergic synapse; GABA-ergic synapse; neuronal cell body; dendritic spine; dendritic shaft","G protein-coupled receptor activity; lysophosphatidic acid receptor activity; protein binding; lipid binding; lysophosphatidic acid binding; G-protein alpha-subunit binding; phospholipid binding; PDZ domain binding","GO:0007186; GO:0007165; GO:0043123; GO:0008360; GO:0010977; GO:0043410; GO:0007200; GO:0007189; GO:0060326; GO:0007193; GO:0007204; GO:0022008; GO:1902018; GO:0035025; GO:0014003; GO:0021549; GO:0021554; GO:0022038; GO:0042552; GO:0043065; GO:0060999; GO:0071453; GO:0071673; GO:0098693; GO:0099149; GO:1904566","GO:0016020; GO:0005886; GO:0009986; GO:0005737; GO:0005768; GO:0030139; GO:0042734; GO:0045211; GO:0098978; GO:0098982; GO:0043025; GO:0043197; GO:0043198","GO:0004930; GO:0070915; GO:0005515; GO:0008289; GO:0035727; GO:0001965; GO:0005543; GO:0030165",FALSE,TRUE,TRUE,2,"MS,VT"
"P23193","TCEA1",-3.874212112847,0.000979912686532814,36,0,0.366151272044137,87,2.08,83,90,"weight_sensitive_candidate","TCEA1","transcription elongation factor A1 [Source:HGNC Symbol;Acc:HGNC:11612]","DNA-templated transcription; transcription elongation by RNA polymerase II","nucleus; nucleoplasm; transcription factor TFIID complex","zinc ion binding; nucleic acid binding; metal ion binding; DNA binding; protein binding; transcription elongation factor activity","GO:0006351; GO:0006368","GO:0005634; GO:0005654; GO:0005669","GO:0008270; GO:0003676; GO:0046872; GO:0003677; GO:0005515; GO:0003711",FALSE,FALSE,FALSE,0,"Other"
"P63173","RPL38",-1.90891548551045,0.0077001173683105,120,60.876310487477,0.364625862905406,88,4.18,80,100,"weight_sensitive_candidate","RPL38","ribosomal protein L38 [Source:HGNC Symbol;Acc:HGNC:10349]","translation; cytoplasmic translation; spermatogenesis; striated muscle contraction","ribosome; cytoplasm; endoplasmic reticulum; cytosol; focal adhesion; ribonucleoprotein complex; cytosolic large ribosomal subunit; cytosolic ribosome; postsynaptic density; synapse; eukaryotic 80S initiation complex","structural constituent of ribosome; protein binding; RNA binding","GO:0006412; GO:0002181; GO:0007283; GO:0006941","GO:0005840; GO:0005737; GO:0005783; GO:0005829; GO:0005925; GO:1990904; GO:0022625; GO:0022626; GO:0014069; GO:0045202; GO:0033291","GO:0003735; GO:0005515; GO:0003723",FALSE,FALSE,FALSE,0,"Other"
"Q9UK41","VPS28",-2.75402421812236,0.000125360580809662,42,13.0707828321451,0.359906195189611,89,1.47,88,95,"robust_candidate","VPS28","VPS28 subunit of ESCRT-I [Source:HGNC Symbol;Acc:HGNC:18178]","endosome transport via multivesicular body sorting pathway; protein transport; negative regulation of protein ubiquitination; viral budding via host ESCRT complex; ubiquitin-dependent protein catabolic process via the multivesicular body sorting pathway; macroautophagy; positive regulation of protein catabolic process; protein transport to vacuole involved in ubiquitin-dependent protein catabolic process via the multivesicular body sorting pathway; membrane fission","ESCRT I complex; cytoplasm; plasma membrane; endosome membrane; extracellular exosome; early endosome; endosome; late endosome membrane; cytosol","protein binding; ubiquitin binding","GO:0032509; GO:0015031; GO:0031397; GO:0039702; GO:0043162; GO:0016236; GO:0045732; GO:0043328; GO:0090148","GO:0000813; GO:0005737; GO:0005886; GO:0010008; GO:0070062; GO:0005769; GO:0005768; GO:0031902; GO:0005829","GO:0005515; GO:0043130",FALSE,FALSE,TRUE,1,"VT"
"P42677","RPS27",-1.82926087042064,0.0797545968589079,122,392.61204410539,0.359269469703699,90,5.3,84,107,"weight_sensitive_candidate","RPS27","ribosomal protein S27 [Source:HGNC Symbol;Acc:HGNC:10416]","translation; rRNA processing; ribosomal small subunit biogenesis; cytoplasmic translation","ribosome; nucleus; cytoplasm; nucleolus; ribonucleoprotein complex; cytosolic small ribosomal subunit; nucleoplasm; cytosol; small-subunit processome; cytosolic ribosome; postsynaptic density","structural constituent of ribosome; RNA binding; metal ion binding; DNA binding; protein binding; zinc ion binding","GO:0006412; GO:0006364; GO:0042274; GO:0002181","GO:0005840; GO:0005634; GO:0005737; GO:0005730; GO:1990904; GO:0022627; GO:0005654; GO:0005829; GO:0032040; GO:0022626; GO:0014069","GO:0003735; GO:0003723; GO:0046872; GO:0003677; GO:0005515; GO:0008270",FALSE,FALSE,FALSE,0,"Other"
"P55287","CDH11",4.60807669268766,2.00528365421413e-08,4,0,0.358862651686133,91,6.93,82,106,"weight_sensitive_candidate","CDH11","cadherin 11 [Source:HGNC Symbol;Acc:HGNC:1750]","homophilic cell adhesion via plasma membrane adhesion molecules; cell adhesion; cell-cell adhesion; focal adhesion assembly; negative regulation of cell migration; ossification; cell-substrate adhesion; cell migration; skeletal system development; cell morphogenesis; cell-cell junction assembly; calcium-dependent cell-cell adhesion via plasma membrane cell adhesion molecules; adherens junction organization; cell-cell adhesion mediated by cadherin; aortic valve formation; skin development; modulation of chemical synaptic transmission","membrane; plasma membrane; extracellular exosome; extracellular region; adherens junction; catenin complex; synapse; Schaffer collateral - CA1 synapse; glutamatergic synapse; cytoplasm","calcium ion binding; metal ion binding; cadherin binding; beta-catenin binding","GO:0007156; GO:0007155; GO:0098609; GO:0048041; GO:0030336; GO:0001503; GO:0031589; GO:0016477; GO:0001501; GO:0000902; GO:0007043; GO:0016339; GO:0034332; GO:0044331; GO:0003189; GO:0043588; GO:0050804","GO:0016020; GO:0005886; GO:0070062; GO:0005576; GO:0005912; GO:0016342; GO:0045202; GO:0098685; GO:0098978; GO:0005737","GO:0005509; GO:0046872; GO:0045296; GO:0008013",TRUE,TRUE,FALSE,2,"ECM,MS"
"P32004","L1CAM",3.12144037582821,6.24983431626979e-05,16,918.239569852263,0.358320139007866,92,2.02,88,97,"weight_sensitive_candidate","L1CAM","L1 cell adhesion molecule [Source:HGNC Symbol;Acc:HGNC:6470]","nervous system development; cell differentiation; cell adhesion; cell migration; synapse organization; neuron projection development; cell-matrix adhesion; positive regulation of axon extension; homophilic cell adhesion via plasma membrane adhesion molecules; axon guidance; axon development; chemotaxis","plasma membrane; focal adhesion; axon; growth cone; cell surface; dendrite; neuronal cell body; axonal growth cone; extracellular matrix","protein binding; protein domain specific binding; axon guidance receptor activity","GO:0007399; GO:0030154; GO:0007155; GO:0016477; GO:0050808; GO:0031175; GO:0007160; GO:0045773; GO:0007156; GO:0007411; GO:0061564; GO:0006935","GO:0005886; GO:0005925; GO:0030424; GO:0030426; GO:0009986; GO:0030425; GO:0043025; GO:0044295; GO:0031012","GO:0005515; GO:0019904; GO:0008046",TRUE,TRUE,FALSE,2,"ECM,MS"
"Q9H9H4","VPS37B",-3.05893299320643,4.18447262146675e-05,36,0.704279054279054,0.356621693855376,93,1.88,91,98,"weight_sensitive_candidate","VPS37B","VPS37B subunit of ESCRT-I [Source:HGNC Symbol;Acc:HGNC:25754]","protein transport; viral budding via host ESCRT complex; macroautophagy; protein targeting to membrane; protein targeting to vacuole; ubiquitin-dependent protein catabolic process via the multivesicular body sorting pathway; protein transport to vacuole involved in ubiquitin-dependent protein catabolic process via the multivesicular body sorting pathway; membrane fission; viral release from host cell","cytoplasm; plasma membrane; endosome membrane; extracellular exosome; midbody; endosome; late endosome membrane; ESCRT I complex","calcium-dependent protein binding; protein binding","GO:0015031; GO:0039702; GO:0016236; GO:0006612; GO:0006623; GO:0043162; GO:0043328; GO:0090148; GO:0019076","GO:0005737; GO:0005886; GO:0010008; GO:0070062; GO:0030496; GO:0005768; GO:0031902; GO:0000813","GO:0048306; GO:0005515",FALSE,FALSE,TRUE,1,"VT"
"P07942","LAMB1",2.49653352297863,0.000472644122656928,42,112.177269397201,0.35469984711184,94,1.98,89,99,"weight_sensitive_candidate","LAMB1","laminin subunit beta 1 [Source:HGNC Symbol;Acc:HGNC:6486]","signal transduction; positive regulation of cell migration; cell adhesion; anatomical structure morphogenesis; neuron projection development; substrate adhesion-dependent cell spreading; regulation of cell adhesion; regulation of cell migration; regulation of embryonic development; positive regulation of skeletal muscle acetylcholine-gated channel clustering; positive regulation of epithelial cell proliferation; endodermal cell differentiation; negative regulation of cell adhesion; neuronal-glial interaction involved in cerebral cortex radial glia guided migration; odontogenesis; positive regulation of cell adhesion; positive regulation of muscle cell differentiation","cytoplasm; extracellular region; extracellular space; perinuclear region of cytoplasm; basement membrane; extracellular exosome; extracellular matrix; laminin-1 complex; laminin-10 complex; endoplasmic reticulum lumen; nucleus; laminin-2 complex; laminin-6 complex; laminin complex; laminin-8 complex; laminin-12 complex","protein binding; structural molecule activity; receptor ligand activity; extracellular matrix structural constituent; integrin binding; enzyme binding; glycosphingolipid binding","GO:0007165; GO:0030335; GO:0007155; GO:0009653; GO:0031175; GO:0034446; GO:0030155; GO:0030334; GO:0045995; GO:1904395; GO:0050679; GO:0035987; GO:0007162; GO:0021812; GO:0042476; GO:0045785; GO:0051149","GO:0005737; GO:0005576; GO:0005615; GO:0048471; GO:0005604; GO:0070062; GO:0031012; GO:0005606; GO:0043259; GO:0005788; GO:0005634; GO:0005607; GO:0005611; GO:0043256; GO:0043257; GO:0043261","GO:0005515; GO:0005198; GO:0048018; GO:0005201; GO:0005178; GO:0019899; GO:0043208",TRUE,TRUE,FALSE,2,"ECM,MS"
"Q9UQB8","BAIAP2",-2.69571870300652,0.000177718613263618,26,423.79822709983,0.353255198969221,95,1.02,92,97,"robust_candidate","BAIAP2","BAR/IMD domain containing adaptor protein 2 [Source:HGNC Symbol;Acc:HGNC:947]","plasma membrane organization; regulation of actin cytoskeleton organization; regulation of cell shape; neuron differentiation; actin filament bundle assembly; cell-cell adhesion; positive regulation of actin filament polymerization; axonogenesis; actin crosslink formation; insulin receptor signaling pathway; positive regulation of neuron projection development; protein localization to synapse; positive regulation of dendritic spine morphogenesis; cellular response to epidermal growth factor stimulus; regulation of postsynapse organization; positive regulation of excitatory postsynaptic potential","cytoplasm; membrane; cytosol; plasma membrane; cytoskeleton; extracellular exosome; actin cytoskeleton; filopodium; ruffle; adherens junction; postsynaptic density; glutamatergic synapse; postsynaptic density, intracellular component; presynaptic cytosol; postsynaptic cytosol; microtubule; lamellipodium; secretory granule; neuronal cell body; dendritic spine; dendritic shaft; neuron projection terminus; excitatory synapse; neuron projection branch point; dendritic spine cytoplasm; synaptic membrane; presynapse; postsynapse","protein binding; cytoskeletal anchor activity; identical protein binding; proline-rich region binding; cadherin binding involved in cell-cell adhesion; transcription coregulator binding; PDZ domain binding; scaffold protein binding","GO:0007009; GO:0032956; GO:0008360; GO:0030182; GO:0051017; GO:0098609; GO:0030838; GO:0007409; GO:0051764; GO:0008286; GO:0010976; GO:0035418; GO:0061003; GO:0071364; GO:0099175; GO:2000463","GO:0005737; GO:0016020; GO:0005829; GO:0005886; GO:0005856; GO:0070062; GO:0015629; GO:0030175; GO:0001726; GO:0005912; GO:0014069; GO:0098978; GO:0099092; GO:0099523; GO:0099524; GO:0005874; GO:0030027; GO:0030141; GO:0043025; GO:0043197; GO:0043198; GO:0044306; GO:0060076; GO:0061845; GO:0061846; GO:0097060; GO:0098793; GO:0098794","GO:0005515; GO:0008093; GO:0042802; GO:0070064; GO:0098641; GO:0001221; GO:0030165; GO:0097110",FALSE,TRUE,FALSE,1,"MS"
"P08621","SNRNP70",-2.59981441076031,0.000592239423777518,42,54.7727701788281,0.352354268980445,96,1.85,93,101,"weight_sensitive_candidate","SNRNP70","small nuclear ribonucleoprotein U1 subunit 70 [Source:HGNC Symbol;Acc:HGNC:11150]","mRNA splicing, via spliceosome; mRNA processing; regulation of RNA splicing; spliceosomal snRNP assembly; negative regulation of protein refolding; negative regulation of chaperone-mediated autophagy; cellular response to retinoic acid; cellular response to tumor necrosis factor; cellular response to transforming growth factor beta stimulus","nucleus; spliceosomal complex; nuclear speck; nucleoplasm; ribonucleoprotein complex; U1 snRNP; U2-type prespliceosome; precatalytic spliceosome; lysosomal lumen","nucleic acid binding; RNA binding; protein binding; U1 snRNA binding; mRNA binding","GO:0000398; GO:0006397; GO:0043484; GO:0000387; GO:0061084; GO:1904715; GO:0071300; GO:0071356; GO:0071560","GO:0005634; GO:0005681; GO:0016607; GO:0005654; GO:1990904; GO:0005685; GO:0071004; GO:0071011; GO:0043202","GO:0003676; GO:0003723; GO:0005515; GO:0030619; GO:0003729",FALSE,FALSE,FALSE,0,"Other"
"P16333","NCK1",-2.47955128349818,0.000861167140093771,34,527.173522206245,0.349222298512119,97,2.39,95,103,"weight_sensitive_candidate","NCK1","NCK adaptor protein 1 [Source:HGNC Symbol;Acc:HGNC:7664]","regulation of translation; positive regulation of macromolecule biosynthetic process; positive regulation of transcription by RNA polymerase II; regulation of transcription by RNA polymerase II; positive regulation of T cell proliferation; T cell activation; positive regulation of actin filament polymerization; negative regulation of T cell receptor signaling pathway; cell migration; response to endoplasmic reticulum stress; signal complex assembly; ephrin receptor signaling pathway; negative regulation of transcription by RNA polymerase II; negative regulation of insulin receptor signaling pathway; positive regulation of cap-dependent translational initiation; positive regulation of cap-independent translational initiation","cytoplasm; nucleus; cytosol; endoplasmic reticulum; plasma membrane; protein phosphatase type 1 complex; ribosome; cell-cell junction; vesicle membrane","protein binding; signaling receptor binding; protein kinase inhibitor activity; cytoskeletal anchor activity; cadherin binding; receptor tyrosine kinase binding; protein-macromolecule adaptor activity; signaling adaptor activity; protein sequestering activity; signaling receptor complex adaptor activity; ephrin receptor binding; eukaryotic initiation factor eIF2 binding; protein domain specific binding","GO:0006417; GO:0010557; GO:0045944; GO:0006357; GO:0042102; GO:0042110; GO:0030838; GO:0050860; GO:0016477; GO:0034976; GO:0007172; GO:0048013; GO:0000122; GO:0046627; GO:1903676; GO:1903679","GO:0005737; GO:0005634; GO:0005829; GO:0005783; GO:0005886; GO:0000164; GO:0005840; GO:0005911; GO:0012506","GO:0005515; GO:0005102; GO:0004860; GO:0008093; GO:0045296; GO:0030971; GO:0030674; GO:0035591; GO:0140311; GO:0030159; GO:0046875; GO:0071074; GO:0019904",FALSE,TRUE,FALSE,1,"MS"
"O60784","TOM1",-3.7113260013793,2.24798735007906e-05,8,422.449081971795,0.34879423645746,98,4.88,90,110,"weight_sensitive_candidate","TOM1","target of myb1 membrane trafficking protein [Source:HGNC Symbol;Acc:HGNC:11982]","endocytosis; protein transport; signal transduction; endosomal transport; substrate localization to autophagosome; autophagosome-lysosome fusion","cytoplasm; membrane; cytosol; endosome membrane; early endosome membrane; extracellular exosome; early endosome; plasma membrane; endosome; specific granule membrane; azurophil granule membrane","phosphatidylinositol binding; ubiquitin binding; protein binding; polyubiquitin modification-dependent protein binding; phosphatidylinositol-5-phosphate binding; clathrin binding; clathrin heavy chain binding; myosin VI binding","GO:0006897; GO:0015031; GO:0007165; GO:0016197; GO:0061753; GO:0061909","GO:0005737; GO:0016020; GO:0005829; GO:0010008; GO:0031901; GO:0070062; GO:0005769; GO:0005886; GO:0005768; GO:0035579; GO:0035577","GO:0035091; GO:0043130; GO:0005515; GO:0031593; GO:0010314; GO:0030276; GO:0032050; GO:0070853",FALSE,FALSE,TRUE,1,"VT"
"P53990","IST1",-2.61608376828195,0.000338156599988465,32,141.439949601562,0.348667413817589,99,1.5,97,102,"robust_candidate","IST1","IST1 factor associated with ESCRT-III [Source:HGNC Symbol;Acc:HGNC:28977]","protein transport; cell division; protein localization; midbody abscission; positive regulation of proteolysis; establishment of protein localization; cytoskeleton-dependent cytokinesis","cytosol; cytoplasmic vesicle; nuclear envelope; extracellular exosome; midbody; centrosome; extracellular region; endoplasmic reticulum-Golgi intermediate compartment; Flemming body; chromatin; azurophil granule lumen","protein binding; identical protein binding; protein-containing complex binding; protein domain specific binding; cadherin binding; MIT domain binding","GO:0015031; GO:0051301; GO:0008104; GO:0061952; GO:0045862; GO:0045184; GO:0061640","GO:0005829; GO:0031410; GO:0005635; GO:0070062; GO:0030496; GO:0005813; GO:0005576; GO:0005793; GO:0090543; GO:0000785; GO:0035578","GO:0005515; GO:0042802; GO:0044877; GO:0019904; GO:0045296; GO:0090541",FALSE,FALSE,FALSE,0,"Other"
"Q9Y446","PKP3",-3.20412140624731,3.02704884855776e-05,12,460.404761904762,0.346350577468028,100,3.47,93,107,"weight_sensitive_candidate","PKP3","plakophilin 3 [Source:HGNC Symbol;Acc:HGNC:9025]","cell-cell adhesion; regulation of gene expression; cell adhesion; actin cytoskeleton organization; positive regulation of cell-cell adhesion; protein localization to plasma membrane; positive regulation of protein localization; positive regulation of cell adhesion; desmosome assembly; desmosome organization; epithelial cell-cell adhesion; epithelial structure maintenance; negative regulation of mRNA catabolic process; positive regulation of cell cycle G1/S phase transition; regulation of cytokine production involved in immune response; regulation of hair follicle development","nucleus; cytoplasm; plasma membrane; nucleoplasm; cell junction; adherens junction; desmosome; cornified envelope; cell-cell junction","protein binding; RNA binding; cell adhesion molecule binding; cadherin binding involved in cell-cell adhesion; cadherin binding; enzyme binding; alpha-catenin binding","GO:0098609; GO:0010468; GO:0007155; GO:0030036; GO:0022409; GO:0072659; GO:1903829; GO:0045785; GO:0002159; GO:0002934; GO:0090136; GO:0010669; GO:1902373; GO:1902808; GO:0002718; GO:0051797","GO:0005634; GO:0005737; GO:0005886; GO:0005654; GO:0030054; GO:0005912; GO:0030057; GO:0001533; GO:0005911","GO:0005515; GO:0003723; GO:0050839; GO:0098641; GO:0045296; GO:0019899; GO:0045294",FALSE,FALSE,FALSE,0,"Other"
"O60603","TLR2",-2.27215571153897,0.00137744643982326,34,1647.11018321602,0.345244232397478,101,2.36,99,107,"weight_sensitive_candidate","TLR2","toll like receptor 2 [Source:HGNC Symbol;Acc:HGNC:11848]","signal transduction; immune response; toll-like receptor signaling pathway; defense response to virus; positive regulation of inflammatory response; positive regulation of tumor necrosis factor production; positive regulation of interleukin-6 production; negative regulation of phagocytosis; immune system process; innate immune response; positive regulation of gene expression; inflammatory response; cellular response to type II interferon; positive regulation of transcription by RNA polymerase II; positive regulation of chemokine production; positive regulation of interferon-beta production; positive regulation of interleukin-12 production; positive regulation of interleukin-8 production; positive regulation of canonical NF-kappaB signal transduction; positive regulation of matrix metallopeptidase secretion; positive regulation of Wnt signaling pathway; detection of triacyl bacterial lipopeptide; detection of diacyl bacterial lipopeptide; cellular response to lipoteichoic acid; cellular response to diacyl bacterial lipopeptide; cellular response to triacyl bacterial lipopeptide; learning; microglia development; lipopolysaccharide-mediated signaling pathway; positive regulation of interleukin-18 production; toll-like receptor 2 signaling pathway; toll-like receptor TLR1:TLR2 signaling pathway; toll-like receptor TLR6:TLR2 signaling pathway; negative regulation of synapse assembly; cellular response to bacterial lipopeptide","membrane; cytoplasm; plasma membrane; Golgi apparatus; cytoplasmic vesicle; membrane raft; cell surface; phagocytic vesicle membrane; receptor complex; plasma membrane raft; secretory granule membrane; Toll-like receptor 1-Toll-like receptor 2 protein complex; Toll-like receptor 2-Toll-like receptor 6 protein complex","protein binding; transmembrane signaling receptor activity; pattern recognition receptor activity; peptidoglycan binding; identical protein binding; signaling receptor activity; lipopolysaccharide binding; amyloid-beta binding; lipopolysaccharide immune receptor activity; Toll-like receptor binding; triacyl lipopeptide binding; protein-containing complex binding","GO:0007165; GO:0006955; GO:0002224; GO:0051607; GO:0050729; GO:0032760; GO:0032755; GO:0050765; GO:0002376; GO:0045087; GO:0010628; GO:0006954; GO:0071346; GO:0045944; GO:0032722; GO:0032728; GO:0032735; GO:0032757; GO:0043123; GO:1904466; GO:0030177; GO:0042495; GO:0042496; GO:0071223; GO:0071726; GO:0071727; GO:0007612; GO:0014005; GO:0031663; GO:0032741; GO:0034134; GO:0038123; GO:0038124; GO:0051964; GO:0071221","GO:0016020; GO:0005737; GO:0005886; GO:0005794; GO:0031410; GO:0045121; GO:0009986; GO:0030670; GO:0043235; GO:0044853; GO:0030667; GO:0035354; GO:0035355","GO:0005515; GO:0004888; GO:0038187; GO:0042834; GO:0042802; GO:0038023; GO:0001530; GO:0001540; GO:0001875; GO:0035325; GO:0042497; GO:0044877",FALSE,FALSE,TRUE,1,"VT"
"Q9Y3U8","RPL36",-1.67909509247702,0.0336148061350314,120,60.876310487477,0.343992421066178,102,6.67,90,120,"weight_sensitive_candidate","RPL36","ribosomal protein L36 [Source:HGNC Symbol;Acc:HGNC:13631]","translation; cytoplasmic translation; spermatogenesis; striated muscle contraction","ribosome; cytoplasm; membrane; cytosol; nucleolus; ribonucleoprotein complex; cytosolic large ribosomal subunit; cytosolic ribosome","structural constituent of ribosome; RNA binding; protein binding","GO:0006412; GO:0002181; GO:0007283; GO:0006941","GO:0005840; GO:0005737; GO:0016020; GO:0005829; GO:0005730; GO:1990904; GO:0022625; GO:0022626","GO:0003735; GO:0003723; GO:0005515",FALSE,FALSE,FALSE,0,"Other"
"P42892","ECE1",4.93144539190706,2.00020767782667e-08,2,0,0.34340427917601,103,12.79,84,136,"weight_sensitive_candidate","ECE1","endothelin converting enzyme 1 [Source:HGNC Symbol;Acc:HGNC:3146]","proteolysis; signal transduction; peptide hormone processing; heart development; anatomical structure morphogenesis; embryonic digit morphogenesis; G protein-coupled receptor signaling pathway; protein processing; regulation of vasoconstriction; regulation of systemic arterial blood pressure by endothelin; positive regulation of receptor recycling; hormone catabolic process; substance P catabolic process; bradykinin catabolic process; calcitonin catabolic process; endothelin maturation; ear development; axon guidance; gene expression; neuron projection development; embryonic heart tube development; axonogenesis involved in innervation; semaphorin-plexin signaling pathway; sympathetic neuron axon guidance","perinuclear region of cytoplasm; plasma membrane; membrane; extracellular exosome; lysosomal membrane; external side of plasma membrane; vesicle; endosome; endosome membrane; Weibel-Palade body; early endosome","metallopeptidase activity; metalloendopeptidase activity; hydrolase activity; metal ion binding; protein binding; zinc ion binding; peptidase activity; protein homodimerization activity; endopeptidase activity; peptide hormone binding","GO:0006508; GO:0007165; GO:0016486; GO:0007507; GO:0009653; GO:0042733; GO:0007186; GO:0016485; GO:0019229; GO:0003100; GO:0001921; GO:0042447; GO:0010814; GO:0010815; GO:0010816; GO:0034959; GO:0043583; GO:0007411; GO:0010467; GO:0031175; GO:0035050; GO:0060385; GO:0071526; GO:0097492","GO:0048471; GO:0005886; GO:0016020; GO:0070062; GO:0005765; GO:0009897; GO:0031982; GO:0005768; GO:0010008; GO:0033093; GO:0005769","GO:0008237; GO:0004222; GO:0016787; GO:0046872; GO:0005515; GO:0008270; GO:0008233; GO:0042803; GO:0004175; GO:0017046",FALSE,FALSE,TRUE,1,"VT"
"P08648","ITGA5",1.84323575430166,0.00582899217807753,64,488.818347862724,0.343011594338083,104,4.51,96,116,"weight_sensitive_candidate","ITGA5","integrin subunit alpha 5 [Source:HGNC Symbol;Acc:HGNC:6141]","cell adhesion; positive regulation of vascular endothelial growth factor receptor signaling pathway; positive regulation of sprouting angiogenesis; integrin-mediated signaling pathway; symbiont entry into host cell; tissue development; CD40 signaling pathway; cell-cell adhesion; heterotypic cell-cell adhesion; formation of primary germ layer; cell-substrate adhesion; angiogenesis; wound healing, spreading of epidermal cells; cell-matrix adhesion; regulation of angiogenesis; endodermal cell differentiation; negative regulation of anoikis; female pregnancy; positive regulation of cell-substrate adhesion; response to muscle activity; positive regulation of cell migration","integrin complex; plasma membrane; focal adhesion; cell surface; cell junction; ruffle; cell-cell junction; ruffle membrane; alphav-beta3 integrin-vitronectin complex; integrin alpha5-beta1 complex; postsynaptic membrane; glutamatergic synapse; endoplasmic reticulum; Golgi apparatus; external side of plasma membrane; cytoplasmic vesicle; synapse","protein binding; signaling receptor binding; calcium ion binding; metal ion binding; virus receptor activity; signaling receptor activity; vascular endothelial growth factor receptor 2 binding; platelet-derived growth factor receptor binding; epidermal growth factor receptor binding; integrin binding; cell adhesion molecule binding","GO:0007155; GO:0030949; GO:1903672; GO:0007229; GO:0046718; GO:0009888; GO:0023035; GO:0098609; GO:0034113; GO:0001704; GO:0031589; GO:0001525; GO:0035313; GO:0007160; GO:0045765; GO:0035987; GO:2000811; GO:0007565; GO:0010811; GO:0014850; GO:0030335","GO:0008305; GO:0005886; GO:0005925; GO:0009986; GO:0030054; GO:0001726; GO:0005911; GO:0032587; GO:0071062; GO:0034674; GO:0045211; GO:0098978; GO:0005783; GO:0005794; GO:0009897; GO:0031410; GO:0045202","GO:0005515; GO:0005102; GO:0005509; GO:0046872; GO:0001618; GO:0038023; GO:0043184; GO:0005161; GO:0005154; GO:0005178; GO:0050839",TRUE,TRUE,FALSE,2,"ECM,MS"
"Q9BY43","CHMP4A",-2.3329616495399,0.000980766466594601,44,76.239625201038,0.342072707616895,105,2.05,102,111,"weight_sensitive_candidate","CHMP4A","charged multivesicular body protein 4A [Source:HGNC Symbol;Acc:HGNC:20274]","vacuolar transport; protein transport; plasma membrane repair; mitotic metaphase chromosome alignment; nuclear membrane reassembly; viral budding via host ESCRT complex; ubiquitin-dependent protein catabolic process via the multivesicular body sorting pathway; viral budding from plasma membrane; midbody abscission; multivesicular body sorting pathway; autophagosome maturation; late endosome to lysosome transport; post-translational protein targeting to endoplasmic reticulum membrane; nervous system process; protein polymerization; nucleus organization; macroautophagy; membrane fission; plasma membrane tubulation; membrane invagination; late endosome to vacuole transport via multivesicular body sorting pathway; autophagy; multivesicular body-lysosome fusion; vesicle budding from membrane","nucleus; cytoplasm; plasma membrane; cytoplasmic vesicle; kinetochore; midbody; lysosomal membrane; endosome; cytoplasmic vesicle membrane; kinetochore microtubule; multivesicular body membrane; nuclear pore; late endosome membrane; cytosol; cytoplasmic side of plasma membrane; nuclear envelope; autophagosome membrane; multivesicular body; ESCRT III complex; membrane coat","protein binding; lipid binding; identical protein binding; protein homodimerization activity","GO:0007034; GO:0015031; GO:0001778; GO:0007080; GO:0031468; GO:0039702; GO:0043162; GO:0046761; GO:0061952; GO:0071985; GO:0097352; GO:1902774; GO:0006620; GO:0050877; GO:0051258; GO:0006997; GO:0016236; GO:0090148; GO:0097320; GO:0010324; GO:0032511; GO:0006914; GO:0061763; GO:0006900","GO:0005634; GO:0005737; GO:0005886; GO:0031410; GO:0000776; GO:0030496; GO:0005765; GO:0005768; GO:0030659; GO:0005828; GO:0032585; GO:0005643; GO:0031902; GO:0005829; GO:0009898; GO:0005635; GO:0000421; GO:0005771; GO:0000815; GO:0030117","GO:0005515; GO:0008289; GO:0042802; GO:0042803",FALSE,FALSE,TRUE,1,"VT"
"P07948","LYN",-2.104625040218,0.00253360526657824,42,795.044851575985,0.340052848480158,106,3.02,104,113,"weight_sensitive_candidate","LYN","LYN proto-oncogene, Src family tyrosine kinase [Source:HGNC Symbol;Acc:HGNC:6735]","protein phosphorylation; negative regulation of cell population proliferation; DNA damage response; intracellular signal transduction; immune system process; innate immune response; regulation of platelet aggregation; adaptive immune response; response to stress; inflammatory response; positive regulation of cell population proliferation; Fc-gamma receptor signaling pathway involved in phagocytosis; positive regulation of MAPK cascade; cellular response to lipid; negative regulation of immune response; leukocyte migration; negative regulation of intracellular signal transduction; cell surface receptor protein tyrosine kinase signaling pathway; response to hormone; regulation of cytokine production; erythrocyte differentiation; DNA damage checkpoint signaling; negative regulation of toll-like receptor 2 signaling pathway; negative regulation of toll-like receptor 4 signaling pathway; fatty acid transport; immune response-regulating cell surface receptor signaling pathway; innate immune response-activating signaling pathway; negative regulation of inflammatory response to antigenic stimulus; neuron projection development; signal transduction; T cell costimulation; protein autophosphorylation; negative regulation of mast cell proliferation; negative regulation of ERK1 and ERK2 cascade; Fc-epsilon receptor signaling pathway; stimulatory C-type lectin receptor signaling pathway; regulation of protein phosphorylation; regulation of mast cell activation; negative regulation of MAP kinase activity; ephrin receptor signaling pathway; interleukin-5-mediated signaling pathway; dendritic cell differentiation; negative regulation of protein phosphorylation; B cell proliferation; regulation of ERK1 and ERK2 cascade; hematopoietic progenitor cell differentiation; lipopolysaccharide-mediated signaling pathway; positive regulation of toll-like receptor 9 signaling pathway; peptidyl-tyrosine phosphorylation; positive regulation of toll-like receptor 4 signaling pathway; regulation of mast cell degranulation; B cell homeostasis; Fc receptor mediated stimulatory signaling pathway; tolerance induction to self antigen; histamine secretion by mast cell; platelet degranulation; Fc receptor mediated inhibitory signaling pathway; response to sterol depletion; response to xenobiotic stimulus; response to toxic substance; response to carbohydrate; positive regulation of neuron projection development; oligodendrocyte development; eosinophil differentiation; response to insulin; cellular response to heat; C-X-C chemokine receptor CXCR4 signaling pathway; positive regulation of phosphorylation; response to amino acid; response to peptide hormone; regulation of erythrocyte differentiation; response to axon injury; regulation of release of sequestered calcium ion into cytosol; positive regulation of glial cell proliferation; positive regulation of Fc receptor mediated stimulatory signaling pathway; growth hormone receptor signaling pathway via JAK-STAT; positive regulation of oligodendrocyte progenitor proliferation; positive regulation of mast cell proliferation; cellular response to retinoic acid; regulation of monocyte chemotaxis","nucleus; cytoplasm; plasma membrane; membrane; Golgi apparatus; cytosol; lysosome; perinuclear region of cytoplasm; extracellular exosome; membrane raft; cytoplasmic side of plasma membrane; endocytic vesicle membrane; lysosomal membrane; glutamatergic synapse; postsynaptic specialization, intracellular component; adherens junction; mitochondrial crista; mitochondrial membrane; integrin alpha2-beta1 complex","ATP binding; protein binding; protein kinase activity; protein tyrosine kinase activity; nucleotide binding; enzyme binding; transferase activity; kinase activity; non-membrane spanning protein tyrosine kinase activity; signaling receptor binding; transmembrane transporter binding; signaling receptor activator activity; ephrin receptor binding; scaffold protein binding; platelet-derived growth factor receptor binding; integrin binding; ubiquitin protein ligase binding; immunoglobulin receptor binding; gamma-tubulin binding; glycosphingolipid binding; protein-containing complex binding; phosphoprotein binding","GO:0006468; GO:0008285; GO:0006974; GO:0035556; GO:0002376; GO:0045087; GO:0090330; GO:0002250; GO:0006950; GO:0006954; GO:0008284; GO:0038096; GO:0043410; GO:0071396; GO:0050777; GO:0050900; GO:1902532; GO:0007169; GO:0009725; GO:0001817; GO:0030218; GO:0000077; GO:0034136; GO:0034144; GO:0015908; GO:0002768; GO:0002758; GO:0002862; GO:0031175; GO:0007165; GO:0031295; GO:0046777; GO:0070667; GO:0070373; GO:0038095; GO:0002223; GO:0001932; GO:0033003; GO:0043407; GO:0048013; GO:0038043; GO:0097028; GO:0001933; GO:0042100; GO:0070372; GO:0002244; GO:0031663; GO:0034165; GO:0018108; GO:0034145; GO:0043304; GO:0001782; GO:0002431; GO:0002513; GO:0002553; GO:0002576; GO:0002774; GO:0006991; GO:0009410; GO:0009636; GO:0009743; GO:0010976; GO:0014003; GO:0030222; GO:0032868; GO:0034605; GO:0038159; GO:0042327; GO:0043200; GO:0043434; GO:0045646; GO:0048678; GO:0051279; GO:0060252; GO:0060369; GO:0060397; GO:0070447; GO:0070668; GO:0071300; GO:0090025","GO:0005634; GO:0005737; GO:0005886; GO:0016020; GO:0005794; GO:0005829; GO:0005764; GO:0048471; GO:0070062; GO:0045121; GO:0009898; GO:0030666; GO:0005765; GO:0098978; GO:0099091; GO:0005912; GO:0030061; GO:0031966; GO:0034666","GO:0005524; GO:0005515; GO:0004672; GO:0004713; GO:0000166; GO:0019899; GO:0016740; GO:0016301; GO:0004715; GO:0005102; GO:0044325; GO:0030546; GO:0046875; GO:0097110; GO:0005161; GO:0005178; GO:0031625; GO:0034987; GO:0043015; GO:0043208; GO:0044877; GO:0051219",FALSE,TRUE,TRUE,2,"MS,VT"
"Q01469","FABP5",-3.97968588535628,2.09805729938485e-07,4,26.9678071305076,0.339351115511659,107,9.28,91,134,"weight_sensitive_candidate","FABP5","fatty acid binding protein 5 [Source:HGNC Symbol;Acc:HGNC:3560]","lipid transport; fatty acid transport; triglyceride catabolic process; regulation of prostaglandin biosynthetic process; positive regulation of peroxisome proliferator activated receptor signaling pathway; regulation of sensory perception of pain; retrograde trans-synaptic signaling by endocannabinoid; regulation of retrograde trans-synaptic signaling by endocanabinoid; lipid metabolic process; epidermis development; long-chain fatty acid transport; lipid transport across blood-brain barrier","nucleus; cytoplasm; extracellular region; postsynaptic density; cytosol; extracellular exosome; synapse; plasma membrane; nucleoplasm; glutamatergic synapse; postsynaptic density, intracellular component; postsynaptic cytosol; extracellular space; secretory granule membrane; azurophil granule lumen","lipid binding; identical protein binding; protein binding; lipid transporter activity; fatty acid binding; retinoic acid binding; long-chain fatty acid transmembrane transporter activity","GO:0006869; GO:0015908; GO:0019433; GO:0031392; GO:0035360; GO:0051930; GO:0098921; GO:0099178; GO:0006629; GO:0008544; GO:0015909; GO:1990379","GO:0005634; GO:0005737; GO:0005576; GO:0014069; GO:0005829; GO:0070062; GO:0045202; GO:0005886; GO:0005654; GO:0098978; GO:0099092; GO:0099524; GO:0005615; GO:0030667; GO:0035578","GO:0008289; GO:0042802; GO:0005515; GO:0005319; GO:0005504; GO:0001972; GO:0005324",FALSE,FALSE,FALSE,0,"Other"
"Q9UN37","VPS4A",-2.59895209831632,0.000378124755835609,38,11.8923876162499,0.338863218625478,108,2.02,104,114,"weight_sensitive_candidate","VPS4A","vacuolar protein sorting 4 homolog A [Source:HGNC Symbol;Acc:HGNC:13488]","cell division; protein transport; vesicle-mediated transport; regulation of protein localization; mitotic metaphase chromosome alignment; viral budding via host ESCRT complex; ubiquitin-dependent protein catabolic process via the multivesicular body sorting pathway; viral budding from plasma membrane; midbody abscission; endosomal transport; lysosomal transport; nucleus organization; regulation of G2/M transition of mitotic cell cycle; protein depolymerization; ubiquitin-independent protein catabolic process via the multivesicular body sorting pathway; negative regulation of cytokinesis; macroautophagy; membrane fission; protein targeting to lysosome; intracellular cholesterol transport; regulation of protein localization to plasma membrane; plasma membrane repair; autophagy; viral release from host cell; nuclear membrane reassembly; multivesicular body sorting pathway; autophagosome maturation; vacuole organization; late endosome to lysosome transport via multivesicular body sorting pathway; vesicle budding from membrane; mitotic nuclear membrane reassembly; endosomal vesicle fusion; mitotic cytokinesis checkpoint signaling; cytoskeleton-dependent cytokinesis; actomyosin contractile ring contraction; nuclear envelope organization; late endosomal microautophagy; vesicle uncoating","nucleus; cytoplasm; plasma membrane; endosome membrane; cytosol; lysosome; late endosome; perinuclear region of cytoplasm; extracellular exosome; spindle; midbody; early endosome; centrosome; endosome; spindle pole; late endosome membrane; Flemming body; vacuolar membrane","ATP binding; ATP hydrolysis activity; nucleotide binding; hydrolase activity; protein binding; protein-containing complex binding","GO:0051301; GO:0015031; GO:0016192; GO:0032880; GO:0007080; GO:0039702; GO:0043162; GO:0046761; GO:0061952; GO:0016197; GO:0007041; GO:0006997; GO:0010389; GO:0051261; GO:0090611; GO:0032466; GO:0016236; GO:0090148; GO:0006622; GO:0032367; GO:1903076; GO:0001778; GO:0006914; GO:0019076; GO:0031468; GO:0071985; GO:0097352; GO:0007033; GO:0061764; GO:0006900; GO:0007084; GO:0034058; GO:0044878; GO:0061640; GO:0000916; GO:0006998; GO:0061738; GO:0072319","GO:0005634; GO:0005737; GO:0005886; GO:0010008; GO:0005829; GO:0005764; GO:0005770; GO:0048471; GO:0070062; GO:0005819; GO:0030496; GO:0005769; GO:0005813; GO:0005768; GO:0000922; GO:0031902; GO:0090543; GO:0005774","GO:0005524; GO:0016887; GO:0000166; GO:0016787; GO:0005515; GO:0044877",FALSE,FALSE,TRUE,1,"VT"
"P60953","CDC42",-1.19249224963627,0.145647530341533,96,10418.2661614014,0.337577400280421,109,7.89,98,128,"weight_sensitive_candidate","CDC42","cell division cycle 42 [Source:HGNC Symbol;Acc:HGNC:1736]","small GTPase-mediated signal transduction; positive regulation of cell migration; regulation of actin cytoskeleton organization; nervous system development; cell differentiation; actin filament organization; actin cytoskeleton organization; anatomical structure morphogenesis; establishment or maintenance of cell polarity; signal transduction; positive regulation of substrate adhesion-dependent cell spreading; cell junction assembly; positive regulation of cellular component organization; macrophage differentiation; positive regulation of pseudopodium assembly; endocytosis; establishment of epithelial cell apical/basal polarity; substantia nigra development; dendritic spine morphogenesis; negative regulation of protein-containing complex assembly; integrin-mediated signaling pathway; positive regulation of cytokinesis; Wnt signaling pathway, planar cell polarity pathway; neuropilin signaling pathway; modulation by host of viral process; phagocytosis, engulfment; establishment of cell polarity; regulation of attachment of spindle microtubules to kinetochore; regulation of lamellipodium assembly; positive regulation of pinocytosis; Golgi organization; positive regulation of lamellipodium assembly; positive regulation of cell growth; organelle transport along microtubule; heart process; cardiac neural crest cell migration involved in outflow tract morphogenesis; embryonic heart tube development; positive regulation of epithelial cell proliferation involved in lung morphogenesis; endothelin receptor signaling pathway; regulation of postsynapse organization","cytoplasm; plasma membrane; membrane; focal adhesion; extracellular exosome; spindle; midbody; centrosome; filopodium; microtubule cytoskeleton; mitotic spindle; cell periphery; dendrite; protein-containing complex; endoplasmic reticulum membrane; cytosol; spindle midzone; cytoplasmic ribonucleoprotein granule; neuronal cell body; Golgi membrane; neuron projection; Golgi transport complex; cell leading edge; postsynapse; glutamatergic synapse; storage vacuole; cell-cell junction; leading edge membrane; apical part of cell; phagocytic vesicle","GTPase activity; GTP binding; protein binding; nucleotide binding; hydrolase activity; G protein activity; identical protein binding; protein kinase binding; thioesterase binding; apolipoprotein A-I receptor binding; GBD domain binding; ubiquitin protein ligase activity; GTP-dependent protein binding","GO:0007264; GO:0030335; GO:0032956; GO:0007399; GO:0030154; GO:0007015; GO:0030036; GO:0009653; GO:0007163; GO:0007165; GO:1900026; GO:0034329; GO:0051130; GO:0030225; GO:0031274; GO:0006897; GO:0045198; GO:0021762; GO:0060997; GO:0031333; GO:0007229; GO:0032467; GO:0060071; GO:0038189; GO:0044788; GO:0006911; GO:0030010; GO:0051988; GO:0010591; GO:0048549; GO:0007030; GO:0010592; GO:0030307; GO:0072384; GO:0003015; GO:0003253; GO:0035050; GO:0060501; GO:0086100; GO:0099175","GO:0005737; GO:0005886; GO:0016020; GO:0005925; GO:0070062; GO:0005819; GO:0030496; GO:0005813; GO:0030175; GO:0015630; GO:0072686; GO:0071944; GO:0030425; GO:0032991; GO:0005789; GO:0005829; GO:0051233; GO:0036464; GO:0043025; GO:0000139; GO:0043005; GO:0017119; GO:0031252; GO:0098794; GO:0098978; GO:0000322; GO:0005911; GO:0031256; GO:0045177; GO:0045335","GO:0003924; GO:0005525; GO:0005515; GO:0000166; GO:0016787; GO:0003925; GO:0042802; GO:0019901; GO:0031996; GO:0034191; GO:0032427; GO:0061630; GO:0030742",FALSE,TRUE,TRUE,2,"MS,VT"
"P00750","PLAT",3.45701128783319,4.0321246608965e-06,12,2.50765597794738,0.335342150356074,110,5.05,104,125,"weight_sensitive_candidate","PLAT","plasminogen activator, tissue type [Source:HGNC Symbol;Acc:HGNC:9051]","proteolysis; plasminogen activation; zymogen activation; blood coagulation; protein modification process; negative regulation of proteolysis; negative regulation of plasminogen activation; fibrinolysis; negative regulation of fibrinolysis; smooth muscle cell migration; platelet-derived growth factor receptor signaling pathway; prevention of polyspermy; trans-synaptic signaling by BDNF, modulating synaptic transmission","extracellular region; cytoplasm; extracellular exosome; extracellular space; cell surface; Schaffer collateral - CA1 synapse; glutamatergic synapse; secretory granule; apical part of cell","serine-type endopeptidase activity; protein binding; hydrolase activity; peptidase activity; serine-type peptidase activity; signaling receptor binding; phosphoprotein binding","GO:0006508; GO:0031639; GO:0031638; GO:0007596; GO:0036211; GO:0045861; GO:0010757; GO:0042730; GO:0051918; GO:0014909; GO:0048008; GO:0060468; GO:0099183","GO:0005576; GO:0005737; GO:0070062; GO:0005615; GO:0009986; GO:0098685; GO:0098978; GO:0030141; GO:0045177","GO:0004252; GO:0005515; GO:0016787; GO:0008233; GO:0008236; GO:0005102; GO:0051219",FALSE,TRUE,FALSE,1,"MS"
"P43121","MCAM",4.35591271020577,1.21583708638347e-07,4,0,0.334904401010958,111,12,94,143,"weight_sensitive_candidate","MCAM","melanoma cell adhesion molecule [Source:HGNC Symbol;Acc:HGNC:6934]","cell adhesion; glomerular filtration; angiogenesis; anatomical structure morphogenesis; vascular wound healing; positive regulation of cell migration","membrane; plasma membrane; focal adhesion; extracellular space; external side of plasma membrane; extracellular region","protein binding","GO:0007155; GO:0003094; GO:0001525; GO:0009653; GO:0061042; GO:0030335","GO:0016020; GO:0005886; GO:0005925; GO:0005615; GO:0009897; GO:0005576","GO:0005515",FALSE,TRUE,FALSE,1,"MS"
"P62273","RPS29",-1.47257596184413,0.046034377206315,122,71.8970193917099,0.334822797757332,112,8.37,98,135,"weight_sensitive_candidate","RPS29","ribosomal protein S29 [Source:HGNC Symbol;Acc:HGNC:10419]","translation; cytoplasmic translation","ribosome; small ribosomal subunit; cytoplasm; endoplasmic reticulum; cytosol; focal adhesion; extracellular exosome; rough endoplasmic reticulum; ribonucleoprotein complex; cytosolic ribosome; cytosolic small ribosomal subunit; nucleoplasm; cytoplasmic side of rough endoplasmic reticulum membrane","zinc ion binding; structural constituent of ribosome; RNA binding; metal ion binding","GO:0006412; GO:0002181","GO:0005840; GO:0015935; GO:0005737; GO:0005783; GO:0005829; GO:0005925; GO:0070062; GO:0005791; GO:1990904; GO:0022626; GO:0022627; GO:0005654; GO:0098556","GO:0008270; GO:0003735; GO:0003723; GO:0046872",FALSE,FALSE,FALSE,0,"Other"
"P17936","IGFBP3",3.76397590113834,0.00499581320902184,14,120.529376333982,0.33304433579518,113,5.81,105,131,"weight_sensitive_candidate","IGFBP3","insulin like growth factor binding protein 3 [Source:HGNC Symbol;Acc:HGNC:5472]","negative regulation of smooth muscle cell proliferation; apoptotic process; positive regulation of apoptotic process; negative regulation of signal transduction; osteoblast differentiation; negative regulation of smooth muscle cell migration; protein phosphorylation; negative regulation of cell population proliferation; regulation of insulin-like growth factor receptor signaling pathway; positive regulation of myoblast differentiation; negative regulation of protein phosphorylation","extracellular region; extracellular space; nucleus; insulin-like growth factor ternary complex; endoplasmic reticulum lumen; insulin-like growth factor binding protein complex","insulin-like growth factor binding; metal ion binding; protein binding; growth factor binding; fibronectin binding; insulin-like growth factor I binding; insulin-like growth factor II binding; protein tyrosine phosphatase activator activity","GO:0048662; GO:0006915; GO:0043065; GO:0009968; GO:0001649; GO:0014912; GO:0006468; GO:0008285; GO:0043567; GO:0045663; GO:0001933","GO:0005576; GO:0005615; GO:0005634; GO:0042567; GO:0005788; GO:0016942","GO:0005520; GO:0046872; GO:0005515; GO:0019838; GO:0001968; GO:0031994; GO:0031995; GO:0008160",FALSE,TRUE,FALSE,1,"MS"
"Q02487","DSC2",-4.36711460536215,1.98537881536657e-07,4,0,0.331907176411148,114,13.5,98,152,"weight_sensitive_candidate","DSC2","desmocollin 2 [Source:HGNC Symbol;Acc:HGNC:3036]","homophilic cell adhesion via plasma membrane adhesion molecules; cell adhesion; positive regulation of protein localization; positive regulation of wound healing; cell-cell adhesion; regulation of heart rate by cardiac conduction; bundle of His cell-Purkinje myocyte adhesion involved in cell communication; regulation of ventricular cardiac muscle cell action potential; epithelial cell-cell adhesion; cardiac muscle cell-cardiac muscle cell adhesion","membrane; plasma membrane; cytoplasmic vesicle; extracellular exosome; cell junction; intercalated disc; desmosome; cornified envelope; adherens junction","calcium ion binding; metal ion binding; protein binding; protein dimerization activity; cell adhesive protein binding involved in bundle of His cell-Purkinje myocyte communication","GO:0007156; GO:0007155; GO:1903829; GO:0090303; GO:0098609; GO:0086091; GO:0086073; GO:0098911; GO:0090136; GO:0086042","GO:0016020; GO:0005886; GO:0031410; GO:0070062; GO:0030054; GO:0014704; GO:0030057; GO:0001533; GO:0005912","GO:0005509; GO:0046872; GO:0005515; GO:0046983; GO:0086083",FALSE,FALSE,FALSE,0,"Other"
"O43633","CHMP2A",-2.21393348963019,0.00210427668042481,44,76.239625201038,0.331385414391772,115,3.49,109,122,"weight_sensitive_candidate","CHMP2A","charged multivesicular body protein 2A [Source:HGNC Symbol;Acc:HGNC:30216]","vacuolar transport; protein transport; plasma membrane repair; mitotic metaphase chromosome alignment; nuclear membrane reassembly; viral budding via host ESCRT complex; ubiquitin-dependent protein catabolic process via the multivesicular body sorting pathway; viral budding from plasma membrane; midbody abscission; multivesicular body sorting pathway; autophagosome maturation; late endosome to lysosome transport; protein polymerization; establishment of protein localization; protein homooligomerization; regulation of centrosome duplication; nucleus organization; macroautophagy; membrane fission; late endosome to vacuole transport; membrane invagination; autophagy; viral release from host cell; endosome transport via multivesicular body sorting pathway; multivesicular body-lysosome fusion","membrane; nuclear envelope; extracellular exosome; kinetochore; midbody; lysosomal membrane; kinetochore microtubule; multivesicular body membrane; nuclear pore; late endosome membrane; cytosol; plasma membrane; chromatin; autophagosome membrane; multivesicular body; ESCRT III complex; membrane coat","protein binding; protein domain specific binding; phosphatidylcholine binding","GO:0007034; GO:0015031; GO:0001778; GO:0007080; GO:0031468; GO:0039702; GO:0043162; GO:0046761; GO:0061952; GO:0071985; GO:0097352; GO:1902774; GO:0051258; GO:0045184; GO:0051260; GO:0010824; GO:0006997; GO:0016236; GO:0090148; GO:0045324; GO:0010324; GO:0006914; GO:0019076; GO:0032509; GO:0061763","GO:0016020; GO:0005635; GO:0070062; GO:0000776; GO:0030496; GO:0005765; GO:0005828; GO:0032585; GO:0005643; GO:0031902; GO:0005829; GO:0005886; GO:0000785; GO:0000421; GO:0005771; GO:0000815; GO:0030117","GO:0005515; GO:0019904; GO:0031210",FALSE,FALSE,TRUE,1,"VT"
"P52272","HNRNPM",-2.24070389252966,0.00244888634126382,46,51.6521952761116,0.331150711735876,116,4.04,108,126,"weight_sensitive_candidate","HNRNPM","heterogeneous nuclear ribonucleoprotein M [Source:HGNC Symbol;Acc:HGNC:5046]","mRNA splicing, via spliceosome; RNA splicing; mRNA processing; alternative mRNA splicing, via spliceosome","spliceosomal complex; membrane; extracellular exosome; nucleolus; ribonucleoprotein complex; nucleus; nucleoplasm; catalytic step 2 spliceosome; nuclear matrix","RNA binding; nucleic acid binding; protein binding; protein domain specific binding","GO:0000398; GO:0008380; GO:0006397; GO:0000380","GO:0005681; GO:0016020; GO:0070062; GO:0005730; GO:1990904; GO:0005634; GO:0005654; GO:0071013; GO:0016363","GO:0003723; GO:0003676; GO:0005515; GO:0019904",FALSE,FALSE,FALSE,0,"Other"
"P61769","B2M",2.19970538228994,0.00111898970618864,26,2030.75259698367,0.329982439500818,117,3.22,110,122,"weight_sensitive_candidate","B2M","beta-2-microglobulin [Source:HGNC Symbol;Acc:HGNC:914]","immune response; immune system process; antigen processing and presentation of peptide antigen via MHC class I; response to metal ion; positive regulation of T cell activation; positive regulation of receptor-mediated endocytosis; peptide antigen assembly with MHC class I protein complex; learning or memory; negative regulation of neurogenesis; antigen processing and presentation of exogenous peptide antigen via MHC class Ib; regulation of natural killer cell mediated immunity; peptide antigen assembly with MHC class II protein complex; antigen processing and presentation of exogenous peptide antigen via MHC class II; positive regulation of immune response; negative regulation of receptor-mediated endocytosis; intracellular iron ion homeostasis; cellular response to iron ion; positive regulation of T cell cytokine production; antigen processing and presentation of endogenous peptide antigen via MHC class I; regulation of iron ion transport; negative regulation of iron ion transport; negative regulation of epithelial cell proliferation; cellular response to nicotine; amyloid fibril formation; sensory perception of smell","MHC class I protein complex; extracellular region; extracellular space; membrane; plasma membrane; focal adhesion; endoplasmic reticulum; Golgi apparatus; extracellular exosome; cell surface; late endosome membrane; phagocytic vesicle membrane; Golgi membrane; endoplasmic reticulum lumen; specific granule lumen; tertiary granule lumen; ER to Golgi transport vesicle membrane; MHC class I peptide loading complex; lysosomal membrane; early endosome membrane; recycling endosome membrane; MHC class II protein complex; early endosome lumen; external side of plasma membrane","protein binding; structural molecule activity; peptide antigen binding; identical protein binding; protein homodimerization activity; MHC class II protein complex binding","GO:0006955; GO:0002376; GO:0002474; GO:0010038; GO:0050870; GO:0048260; GO:0002502; GO:0007611; GO:0050768; GO:0002477; GO:0002715; GO:0002503; GO:0019886; GO:0050778; GO:0048261; GO:0006879; GO:0071281; GO:0002726; GO:0019885; GO:0034756; GO:0034757; GO:0050680; GO:0071316; GO:1990000; GO:0007608","GO:0042612; GO:0005576; GO:0005615; GO:0016020; GO:0005886; GO:0005925; GO:0005783; GO:0005794; GO:0070062; GO:0009986; GO:0031902; GO:0030670; GO:0000139; GO:0005788; GO:0035580; GO:1904724; GO:0012507; GO:0042824; GO:0005765; GO:0031901; GO:0055038; GO:0042613; GO:0031905; GO:0009897","GO:0005515; GO:0005198; GO:0042605; GO:0042802; GO:0042803; GO:0023026",FALSE,FALSE,TRUE,1,"VT"
"P15153","RAC2",2.10659209446235,0.0027060429241154,34,999.15774710029,0.329392819602669,119,3.83,112,123,"weight_sensitive_candidate","RAC2","Rac family small GTPase 2 [Source:HGNC Symbol;Acc:HGNC:9802]","small GTPase-mediated signal transduction; actin filament organization; signal transduction; regulation of actin cytoskeleton organization; regulation of cell-substrate adhesion; regulation of cell shape; positive regulation of lamellipodium assembly; establishment or maintenance of cell polarity; positive regulation of establishment of protein localization to mitochondrion; cortical cytoskeleton organization; superoxide anion generation; respiratory burst; chemotaxis; regulation of hydrogen peroxide metabolic process; actin cytoskeleton organization; regulation of T cell proliferation; regulation of mast cell degranulation; bone resorption; regulation of respiratory burst; regulation of mast cell chemotaxis; lymphocyte aggregation; positive regulation of neutrophil chemotaxis; regulation of neutrophil migration","cytoplasm; cytosol; focal adhesion; extracellular exosome; lamellipodium; plasma membrane; NADPH oxidase complex; actin filament; cytoskeleton; endoplasmic reticulum membrane; cytoplasmic vesicle; phagocytic vesicle membrane; mitochondrial outer membrane; nuclear envelope; membrane","GTPase activity; GTP binding; nucleotide binding; hydrolase activity; protein binding; G protein activity; protein kinase binding; protein kinase regulator activity","GO:0007264; GO:0007015; GO:0007165; GO:0032956; GO:0010810; GO:0008360; GO:0010592; GO:0007163; GO:1903749; GO:0030865; GO:0042554; GO:0045730; GO:0006935; GO:0010310; GO:0030036; GO:0042129; GO:0043304; GO:0045453; GO:0060263; GO:0060753; GO:0071593; GO:0090023; GO:1902622","GO:0005737; GO:0005829; GO:0005925; GO:0070062; GO:0030027; GO:0005886; GO:0043020; GO:0005884; GO:0005856; GO:0005789; GO:0031410; GO:0030670; GO:0005741; GO:0005635; GO:0016020","GO:0003924; GO:0005525; GO:0000166; GO:0016787; GO:0005515; GO:0003925; GO:0019901; GO:0019887",FALSE,TRUE,TRUE,2,"MS,VT"
"Q9NZZ3","CHMP5",-2.46781577107329,0.000672583598707352,38,12.1425860289483,0.329120466493022,120,3.3,111,124,"weight_sensitive_candidate","CHMP5","charged multivesicular body protein 5 [Source:HGNC Symbol;Acc:HGNC:26942]","vacuolar transport; protein transport; plasma membrane repair; mitotic metaphase chromosome alignment; nuclear membrane reassembly; viral budding via host ESCRT complex; ubiquitin-dependent protein catabolic process via the multivesicular body sorting pathway; viral budding from plasma membrane; midbody abscission; multivesicular body sorting pathway; autophagosome maturation; late endosome to lysosome transport; cellular response to lipopolysaccharide; cellular response to muramyl dipeptide; regulation of centrosome duplication; nucleus organization; membrane fission; late endosome to vacuole transport via multivesicular body sorting pathway; autophagy; multivesicular body-lysosome fusion; vesicle budding from membrane; viral budding","cytosol; endosome membrane; extracellular exosome; kinetochore; midbody; lysosomal membrane; microtubule cytoskeleton; kinetochore microtubule; multivesicular body membrane; nuclear pore; nuclear envelope; plasma membrane; autophagosome membrane; multivesicular body; ESCRT III complex; nucleus","protein binding; cadherin binding","GO:0007034; GO:0015031; GO:0001778; GO:0007080; GO:0031468; GO:0039702; GO:0043162; GO:0046761; GO:0061952; GO:0071985; GO:0097352; GO:1902774; GO:0071222; GO:0071225; GO:0010824; GO:0006997; GO:0090148; GO:0032511; GO:0006914; GO:0061763; GO:0006900; GO:0046755","GO:0005829; GO:0010008; GO:0070062; GO:0000776; GO:0030496; GO:0005765; GO:0015630; GO:0005828; GO:0032585; GO:0005643; GO:0005635; GO:0005886; GO:0000421; GO:0005771; GO:0000815; GO:0005634","GO:0005515; GO:0045296",FALSE,FALSE,TRUE,1,"VT"
"P38159","RBMX",-2.62384011727223,0.0014243363167708,36,11.3496185168796,0.327131251122071,121,2.62,117,127,"weight_sensitive_candidate","RBMX","RNA binding motif protein X-linked [Source:HGNC Symbol;Acc:HGNC:9910]","mRNA splicing, via spliceosome; RNA splicing; mRNA processing; membrane protein ectodomain proteolysis; positive regulation of transcription by RNA polymerase II; regulation of alternative mRNA splicing, via spliceosome; negative regulation of mRNA splicing, via spliceosome; osteoblast differentiation; transcription by RNA polymerase II; protein homooligomerization; cellular response to interleukin-1; positive regulation of mRNA splicing, via spliceosome","nucleus; spliceosomal complex; extracellular space; membrane; nucleoplasm; extracellular exosome; ribonucleoprotein complex; protein-containing complex; organelle; catalytic step 2 spliceosome; euchromatin; supraspliceosomal complex","RNA binding; nucleic acid binding; protein binding; identical protein binding; mRNA binding; RNA polymerase II cis-regulatory region sequence-specific DNA binding; chromatin binding; protein domain specific binding","GO:0000398; GO:0008380; GO:0006397; GO:0006509; GO:0045944; GO:0000381; GO:0048025; GO:0001649; GO:0006366; GO:0051260; GO:0071347; GO:0048026","GO:0005634; GO:0005681; GO:0005615; GO:0016020; GO:0005654; GO:0070062; GO:1990904; GO:0032991; GO:0043226; GO:0071013; GO:0000791; GO:0044530","GO:0003723; GO:0003676; GO:0005515; GO:0042802; GO:0003729; GO:0000978; GO:0003682; GO:0019904",FALSE,FALSE,FALSE,0,"Other"
"P01040","CSTA",-3.02021446038048,1.41085487060673e-05,8,701.893127067872,0.325409818107068,122,8.48,110,148,"weight_sensitive_candidate","CSTA","cystatin A [Source:HGNC Symbol;Acc:HGNC:2481]","cell adhesion; cell-cell adhesion; negative regulation of proteolysis; keratinocyte differentiation; peptide cross-linking","cytoplasm; extracellular space; cytosol; cornified envelope","cysteine-type endopeptidase inhibitor activity; endopeptidase inhibitor activity; peptidase inhibitor activity; protein binding; protease binding","GO:0007155; GO:0098609; GO:0045861; GO:0030216; GO:0018149","GO:0005737; GO:0005615; GO:0005829; GO:0001533","GO:0004869; GO:0004866; GO:0030414; GO:0005515; GO:0002020",FALSE,FALSE,FALSE,0,"Other"
"P00738","HP",-3.3815604855355,7.56608644701657e-06,10,7.96670220044833,0.324829338141079,123,8.35,112,144,"weight_sensitive_candidate","HP","haptoglobin [Source:HGNC Symbol;Acc:HGNC:5141]","proteolysis; inflammatory response; immune system process; defense response to bacterium; cellular oxidant detoxification; acute-phase response; defense response; zymogen activation; response to hydrogen peroxide","extracellular region; extracellular space; extracellular exosome; blood microparticle; specific granule lumen; tertiary granule lumen; endocytic vesicle lumen; haptoglobin-hemoglobin complex","serine-type endopeptidase activity; protein binding; antioxidant activity; hemoglobin binding","GO:0006508; GO:0006954; GO:0002376; GO:0042742; GO:0098869; GO:0006953; GO:0006952; GO:0031638; GO:0042542","GO:0005576; GO:0005615; GO:0070062; GO:0072562; GO:0035580; GO:1904724; GO:0071682; GO:0031838","GO:0004252; GO:0005515; GO:0016209; GO:0030492",FALSE,FALSE,FALSE,0,"Other"
"Q03135","CAV1",1.41948974730054,0.0431741567176655,64,3192.96408540179,0.32409090544012,124,8.31,110,141,"weight_sensitive_candidate","CAV1","caveolin 1 [Source:HGNC Symbol;Acc:HGNC:1527]","caveola assembly; cholesterol homeostasis; negative regulation of epithelial cell differentiation; negative regulation of endothelial cell proliferation; response to hypoxia; positive regulation of cell migration; negative regulation of MAPK cascade; negative regulation of nitric oxide biosynthetic process; regulation of smooth muscle contraction; angiotensin-activated signaling pathway; negative regulation of protein ubiquitination; negative regulation of transcription by RNA polymerase II; receptor internalization; negative regulation of canonical Wnt signaling pathway; apoptotic signaling pathway; caveolin-mediated endocytosis; T cell costimulation; cell differentiation; negative regulation of pinocytosis; positive regulation of canonical NF-kappaB signal transduction; vesicle organization; canonical Wnt signaling pathway; negative regulation of receptor signaling pathway via JAK-STAT; intracellular calcium ion homeostasis; skeletal muscle tissue development; calcium ion transport; calcium ion homeostasis; protein localization; regulation of heart rate by cardiac conduction; lipid storage; positive regulation of protein ubiquitination; nitric oxide metabolic process; cellular response to hyperoxia; regulation of cytosolic calcium ion concentration; cholesterol transport; vasculogenesis; triglyceride metabolic process; positive regulation of vasoconstriction; response to calcium ion; positive regulation of calcium ion transport into cytosol; negative regulation of anoikis; mammary gland development; cellular response to peptide hormone stimulus; regulation of ventricular cardiac muscle cell action potential; regulation of cardiac muscle cell action potential involved in regulation of contraction; positive regulation of cholesterol efflux; regulation of blood coagulation; receptor-mediated endocytosis of virus by host cell; regulation of membrane repolarization during action potential; cellular response to misfolded protein; response to progesterone; response to estrogen; response to bacterium; post-transcriptional regulation of gene expression; positive regulation of gene expression; regulation of fatty acid metabolic process; maintenance of protein location in cell; intracellular nitric oxide homeostasis; protein localization to plasma membrane raft; membrane depolarization; mammary gland involution; negative regulation of necroptotic process; regulation of ruffle assembly; negative regulation of BMP signaling pathway; cellular response to starvation","perinuclear region of cytoplasm; cytoplasm; plasma membrane; Golgi apparatus; focal adhesion; cytoplasmic vesicle; membrane; Golgi membrane; membrane raft; endosome; protein-containing complex; caveola; endocytic vesicle membrane; endoplasmic reticulum membrane; sarcolemma; endoplasmic reticulum; lipid droplet; apical plasma membrane; early endosome membrane; basolateral plasma membrane; acrosomal membrane; cilium; cell cortex; caveolar macromolecular signaling complex","protein binding; enzyme binding; transmembrane transporter binding; protein kinase binding; molecular adaptor activity; protein sequestering activity; signaling receptor binding; identical protein binding; oxysterol binding; protein-containing complex binding; patched binding; cholesterol binding; peptidase activator activity; protein tyrosine kinase inhibitor activity; protein-macromolecule adaptor activity; small GTPase binding; protein heterodimerization activity; inward rectifier potassium channel inhibitor activity","GO:0070836; GO:0042632; GO:0030857; GO:0001937; GO:0001666; GO:0030335; GO:0043409; GO:0045019; GO:0006940; GO:0038166; GO:0031397; GO:0000122; GO:0031623; GO:0090090; GO:0097190; GO:0072584; GO:0031295; GO:0030154; GO:0048550; GO:0043123; GO:0016050; GO:0060070; GO:0046426; GO:0006874; GO:0007519; GO:0006816; GO:0055074; GO:0008104; GO:0086091; GO:0019915; GO:0031398; GO:0046209; GO:0071455; GO:0051480; GO:0030301; GO:0001570; GO:0006641; GO:0045907; GO:0051592; GO:0010524; GO:2000811; GO:0030879; GO:0071375; GO:0098911; GO:0098909; GO:0010875; GO:0030193; GO:0019065; GO:0098903; GO:0071218; GO:0032570; GO:0043627; GO:0009617; GO:0010608; GO:0010628; GO:0019217; GO:0032507; GO:0033484; GO:0044860; GO:0051899; GO:0060056; GO:0060546; GO:1900027; GO:0030514; GO:0009267","GO:0048471; GO:0005737; GO:0005886; GO:0005794; GO:0005925; GO:0031410; GO:0016020; GO:0000139; GO:0045121; GO:0005768; GO:0032991; GO:0005901; GO:0030666; GO:0005789; GO:0042383; GO:0005783; GO:0005811; GO:0016324; GO:0031901; GO:0016323; GO:0002080; GO:0005929; GO:0005938; GO:0002095","GO:0005515; GO:0019899; GO:0044325; GO:0019901; GO:0060090; GO:0140311; GO:0005102; GO:0042802; GO:0008142; GO:0044877; GO:0005113; GO:0015485; GO:0016504; GO:0030292; GO:0030674; GO:0031267; GO:0046982; GO:0070320",FALSE,TRUE,TRUE,2,"MS,VT"
"Q9Y5K8","ATP6V1D",-2.6295393420538,0.00159136666206057,22,329.910446391122,0.32352112760918,125,1.63,123,130,"weight_sensitive_candidate","ATP6V1D","ATPase H+ transporting V1 subunit D [Source:HGNC Symbol;Acc:HGNC:13527]","monoatomic ion transport; cell projection organization; proton transmembrane transport; cilium assembly; protein localization to cilium; regulation of macroautophagy; vacuolar acidification; lysosomal lumen acidification; endosomal lumen acidification; intracellular pH reduction; Golgi lumen acidification; synaptic vesicle lumen acidification","membrane; plasma membrane; cytoplasmic vesicle; extracellular exosome; clathrin-coated vesicle membrane; lysosomal membrane; centrosome; cilium; vacuolar proton-transporting V-type ATPase, V1 domain; cytosol; endosome membrane; specific granule membrane; Golgi membrane; proton-transporting V-type ATPase complex; extrinsic component of synaptic vesicle membrane","protein binding; proton-transporting ATPase activity, rotational mechanism; proton transmembrane transporter activity","GO:0006811; GO:0030030; GO:1902600; GO:0060271; GO:0061512; GO:0016241; GO:0007035; GO:0007042; GO:0048388; GO:0051452; GO:0061795; GO:0097401","GO:0016020; GO:0005886; GO:0031410; GO:0070062; GO:0030665; GO:0005765; GO:0005813; GO:0005929; GO:0000221; GO:0005829; GO:0010008; GO:0035579; GO:0000139; GO:0033176; GO:0098850","GO:0005515; GO:0046961; GO:0015078",FALSE,FALSE,TRUE,1,"VT"
"P08069","IGF1R",1.8197998446994,0.0058399526710514,42,1027.96943318573,0.323460598124546,126,4.48,115,134,"weight_sensitive_candidate","IGF1R","insulin like growth factor 1 receptor [Source:HGNC Symbol;Acc:HGNC:5465]","protein phosphorylation; cell surface receptor protein tyrosine kinase signaling pathway; protein autophosphorylation; positive regulation of cell population proliferation; cellular response to amyloid-beta; positive regulation of cell migration; positive regulation of phosphatidylinositol 3-kinase/protein kinase B signal transduction; negative regulation of apoptotic process; regulation of JNK cascade; cellular response to oxygen-containing compound; insulin-like growth factor receptor signaling pathway; negative regulation of MAPK cascade; signal transduction; phosphatidylinositol 3-kinase/protein kinase B signal transduction; insulin receptor signaling pathway; positive regulation of MAPK cascade; immune response; amyloid-beta clearance; dendritic spine maintenance; peptidyl-tyrosine autophosphorylation; positive regulation of protein-containing complex disassembly; transcytosis; cellular response to glucose stimulus","membrane; plasma membrane; receptor complex; axon; alphav-beta3 integrin-IGF-1-IGF1R complex; insulin receptor complex; protein kinase complex","ATP binding; protein binding; protein kinase activity; transmembrane receptor protein tyrosine kinase activity; protein tyrosine kinase activity; phosphatidylinositol 3-kinase binding; insulin receptor substrate binding; nucleotide binding; transferase activity; kinase activity; identical protein binding; insulin-like growth factor I binding; insulin-like growth factor receptor activity; insulin receptor binding; insulin receptor activity; insulin binding; insulin-like growth factor binding; protein transporter activity","GO:0006468; GO:0007169; GO:0046777; GO:0008284; GO:1904646; GO:0030335; GO:0051897; GO:0043066; GO:0046328; GO:1901701; GO:0048009; GO:0043409; GO:0007165; GO:0043491; GO:0008286; GO:0043410; GO:0006955; GO:0097242; GO:0097062; GO:0038083; GO:0043243; GO:0045056; GO:0071333","GO:0016020; GO:0005886; GO:0043235; GO:0030424; GO:0035867; GO:0005899; GO:1902911","GO:0005524; GO:0005515; GO:0004672; GO:0004714; GO:0004713; GO:0043548; GO:0043560; GO:0000166; GO:0016740; GO:0016301; GO:0042802; GO:0031994; GO:0005010; GO:0005158; GO:0005009; GO:0043559; GO:0005520; GO:0140318",FALSE,TRUE,TRUE,2,"MS,VT"
"P08572","COL4A2",1.97514853789318,0.0173386971321235,50,292.908336787714,0.323123671531258,127,4.89,118,137,"weight_sensitive_candidate","COL4A2","collagen type IV alpha 2 chain [Source:HGNC Symbol;Acc:HGNC:2203]","angiogenesis; negative regulation of angiogenesis; extracellular matrix organization; collagen fibril organization; endodermal cell differentiation; collagen-activated tyrosine kinase receptor signaling pathway; DNA-templated transcription; response to activity; cellular response to transforming growth factor beta stimulus","collagen trimer; endoplasmic reticulum lumen; basement membrane; extracellular exosome; extracellular matrix; extracellular region; collagen type IV trimer","extracellular matrix structural constituent; protein binding; extracellular matrix structural constituent conferring tensile strength; molecular adaptor activity","GO:0001525; GO:0016525; GO:0030198; GO:0030199; GO:0035987; GO:0038063; GO:0006351; GO:0014823; GO:0071560","GO:0005581; GO:0005788; GO:0005604; GO:0070062; GO:0031012; GO:0005576; GO:0005587","GO:0005201; GO:0005515; GO:0030020; GO:0060090",TRUE,FALSE,FALSE,1,"ECM"
"P10909","CLU",-2.64477059069828,0.000127434582780274,16,218.714427946701,0.321502986750951,128,4.48,119,139,"weight_sensitive_candidate","CLU","clusterin [Source:HGNC Symbol;Acc:HGNC:2095]","positive regulation of gene expression; negative regulation of neuron apoptotic process; negative regulation of amyloid fibril formation; apoptotic process; positive regulation of apoptotic process; immune system process; innate immune response; regulation of cell population proliferation; complement activation, classical pathway; response to virus; positive regulation of proteasomal ubiquitin-dependent protein catabolic process; protein folding; amyloid-beta clearance; positive regulation of ubiquitin-dependent protein catabolic process; regulation of apoptotic process; positive regulation of receptor-mediated endocytosis; lipid metabolic process; reverse cholesterol transport; complement activation; response to misfolded protein; negative regulation of protein-containing complex assembly; protein import; positive regulation of amyloid fibril formation; positive regulation of protein-containing complex assembly; release of cytochrome c from mitochondria; negative regulation of complement activation; cell morphogenesis; microglial cell activation; negative regulation of activation of membrane attack complex; immune complex clearance; central nervous system myelin maintenance; positive regulation of tumor necrosis factor production; positive regulation of nitric oxide biosynthetic process; microglial cell proliferation; protein targeting to lysosome involved in chaperone-mediated autophagy; negative regulation of release of cytochrome c from mitochondria; regulation of neuronal signal transduction; negative regulation of response to endoplasmic reticulum stress; negative regulation of complement-dependent cytotoxicity","extracellular space; nucleus; cytoplasm; extracellular region; plasma membrane; cytosol; mitochondrion; cytoplasmic vesicle; mitochondrial membrane; endoplasmic reticulum; perinuclear region of cytoplasm; mitochondrial inner membrane; extracellular exosome; cell surface; protein-containing complex; chromaffin granule; blood microparticle; platelet alpha granule lumen; cytoskeleton; membrane; intracellular membrane-bounded organelle; Golgi apparatus; spherical high-density lipoprotein particle; cell periphery; synapse; neurofibrillary tangle; apical dendrite; perinuclear endoplasmic reticulum lumen","protein binding; ubiquitin protein ligase binding; receptor ligand activity; amyloid-beta binding; signaling receptor binding; protein sequestering activity; tau protein binding; protein-folding chaperone binding; protein-containing complex binding; protein carrier chaperone; misfolded protein binding","GO:0010628; GO:0043524; GO:1905907; GO:0006915; GO:0043065; GO:0002376; GO:0045087; GO:0042127; GO:0006958; GO:0009615; GO:0032436; GO:0006457; GO:0097242; GO:2000060; GO:0042981; GO:0048260; GO:0006629; GO:0043691; GO:0006956; GO:0051788; GO:0031333; GO:0017038; GO:1905908; GO:0031334; GO:0001836; GO:0045916; GO:0000902; GO:0001774; GO:0001971; GO:0002434; GO:0032286; GO:0032760; GO:0045429; GO:0061518; GO:0061740; GO:0090201; GO:1902847; GO:1903573; GO:1903660","GO:0005615; GO:0005634; GO:0005737; GO:0005576; GO:0005886; GO:0005829; GO:0005739; GO:0031410; GO:0031966; GO:0005783; GO:0048471; GO:0005743; GO:0070062; GO:0009986; GO:0032991; GO:0042583; GO:0072562; GO:0031093; GO:0005856; GO:0016020; GO:0043231; GO:0005794; GO:0034366; GO:0071944; GO:0045202; GO:0097418; GO:0097440; GO:0099020","GO:0005515; GO:0031625; GO:0048018; GO:0001540; GO:0005102; GO:0140311; GO:0048156; GO:0051087; GO:0044877; GO:0140597; GO:0051787",FALSE,FALSE,TRUE,1,"VT"
"P29279","CCN2",2.73909568276885,0.00652450042162807,22,394.725526289008,0.319647787842941,129,3.42,126,138,"weight_sensitive_candidate","CCN2","cellular communication network factor 2 [Source:HGNC Symbol;Acc:HGNC:2500]","signal transduction; positive regulation of ERK1 and ERK2 cascade; positive regulation of JNK cascade; cell adhesion; regulation of developmental process; DNA biosynthetic process; osteoblast differentiation; response to wounding; positive regulation of cell differentiation; epidermis development","extracellular region; extracellular space; cell periphery; extracellular matrix; plasma membrane","protein binding; heparin binding; integrin binding; insulin-like growth factor binding","GO:0007165; GO:0070374; GO:0046330; GO:0007155; GO:0050793; GO:0071897; GO:0001649; GO:0009611; GO:0045597; GO:0008544","GO:0005576; GO:0005615; GO:0071944; GO:0031012; GO:0005886","GO:0005515; GO:0008201; GO:0005178; GO:0005520",TRUE,TRUE,FALSE,2,"ECM,MS"
"P50281","MMP14",2.68391918777959,9.65839326265889e-05,16,100.516001132066,0.319424996667253,130,4.68,125,145,"weight_sensitive_candidate","MMP14","matrix metallopeptidase 14 [Source:HGNC Symbol;Acc:HGNC:7160]","proteolysis; positive regulation of cell migration; protein catabolic process; anatomical structure morphogenesis; zymogen activation; cell motility; extracellular matrix organization; positive regulation of myotube differentiation; positive regulation of cell growth; skeletal system development; extracellular matrix disassembly; regulation of protein localization to plasma membrane; collagen catabolic process; negative regulation of Notch signaling pathway; endodermal cell differentiation; positive regulation of B cell differentiation; ossification; angiogenesis; ovarian follicle development; response to hypoxia; endothelial cell proliferation; response to oxidative stress; male gonad development; response to mechanical stimulus; response to hormone; positive regulation of protein processing; protein processing; astrocyte cell migration; response to estrogen; tissue remodeling; negative regulation of focal adhesion assembly; cellular response to genistein; positive regulation of macrophage migration","extracellular matrix; cytoplasm; plasma membrane; melanosome; focal adhesion; cytoplasmic vesicle; extracellular space; Golgi lumen; nucleus; macropinosome","zinc ion binding; metallopeptidase activity; metalloendopeptidase activity; hydrolase activity; metal ion binding; protein binding; peptidase activity; endopeptidase activity; serine-type endopeptidase activity; integrin binding; metalloaminopeptidase activity","GO:0006508; GO:0030335; GO:0030163; GO:0009653; GO:0031638; GO:0048870; GO:0030198; GO:0010831; GO:0030307; GO:0001501; GO:0022617; GO:1903076; GO:0030574; GO:0045746; GO:0035987; GO:0045579; GO:0001503; GO:0001525; GO:0001541; GO:0001666; GO:0001935; GO:0006979; GO:0008584; GO:0009612; GO:0009725; GO:0010954; GO:0016485; GO:0043615; GO:0043627; GO:0048771; GO:0051895; GO:0071412; GO:1905523","GO:0031012; GO:0005737; GO:0005886; GO:0042470; GO:0005925; GO:0031410; GO:0005615; GO:0005796; GO:0005634; GO:0044354","GO:0008270; GO:0008237; GO:0004222; GO:0016787; GO:0046872; GO:0005515; GO:0008233; GO:0004175; GO:0004252; GO:0005178; GO:0070006",TRUE,TRUE,FALSE,2,"ECM,MS"
"Q92626","PXDN",2.90134275973611,2.57866435399499e-05,10,221.099631399356,0.318932751165962,131,8.46,118,156,"weight_sensitive_candidate","PXDN","peroxidasin [Source:HGNC Symbol;Acc:HGNC:14966]","response to oxidative stress; cell adhesion; angiogenesis; immune response; system development; cellular oxidant detoxification; basement membrane organization; hydrogen peroxide catabolic process; protein homooligomerization; basement membrane assembly; extracellular matrix organization; protein homotrimerization; negative regulation of cytokine-mediated signaling pathway; eye development; collagen fibril organization","extracellular space; endoplasmic reticulum; basement membrane; extracellular exosome; extracellular matrix; cell surface; extracellular region","protein binding; heme binding; peroxidase activity; metal ion binding; oxidoreductase activity; oxidoreductase activity, acting on peroxide as acceptor; extracellular matrix structural constituent; laminin-1 binding; interleukin-1 receptor antagonist activity","GO:0006979; GO:0007155; GO:0001525; GO:0006955; GO:0048731; GO:0098869; GO:0071711; GO:0042744; GO:0051260; GO:0070831; GO:0030198; GO:0070207; GO:0001960; GO:0001654; GO:0030199","GO:0005615; GO:0005783; GO:0005604; GO:0070062; GO:0031012; GO:0009986; GO:0005576","GO:0005515; GO:0020037; GO:0004601; GO:0046872; GO:0016491; GO:0016684; GO:0005201; GO:0043237; GO:0005152",TRUE,FALSE,FALSE,1,"ECM"
"Q96EY5","MVB12A",-2.58071761017467,0.000286513213196265,34,0.484523809523809,0.31755461043951,132,4.28,124,143,"weight_sensitive_candidate","MVB12A","multivesicular body subunit 12A [Source:HGNC Symbol;Acc:HGNC:25153]","protein transport; ubiquitin-dependent protein catabolic process via the multivesicular body sorting pathway; regulation of epidermal growth factor receptor signaling pathway; macroautophagy; viral budding via host ESCRT complex; protein transport to vacuole involved in ubiquitin-dependent protein catabolic process via the multivesicular body sorting pathway; membrane fission; receptor catabolic process; viral budding; virus maturation; endosome to lysosome transport via multivesicular body sorting pathway","ESCRT I complex; nucleus; cytoplasm; cytosol; extracellular exosome; vesicle; centrosome; endosome; late endosome membrane; endosome membrane","SH3 domain binding; protein binding; lipid binding; ubiquitin binding","GO:0015031; GO:0043162; GO:0042058; GO:0016236; GO:0039702; GO:0043328; GO:0090148; GO:0032801; GO:0046755; GO:0019075; GO:0032510","GO:0000813; GO:0005634; GO:0005737; GO:0005829; GO:0070062; GO:0031982; GO:0005813; GO:0005768; GO:0031902; GO:0010008","GO:0017124; GO:0005515; GO:0008289; GO:0043130",FALSE,FALSE,TRUE,1,"VT"
"Q9Y2J8","PADI2",-4.44717893623199,3.83326667165823e-08,2,0,0.317405467667754,133,22.08,105,192,"weight_sensitive_candidate","PADI2","peptidyl arginine deiminase 2 [Source:HGNC Symbol;Acc:HGNC:18341]","negative regulation of chemokine-mediated signaling pathway; chromatin remodeling; estrogen receptor signaling pathway; transcription initiation-coupled chromatin remodeling; substantia nigra development; negative regulation of lymphocyte chemotaxis","cytoplasm; extracellular exosome; nucleus; extracellular region; cytosol; azurophil granule lumen; euchromatin","calcium ion binding; protein-arginine deiminase activity; hydrolase activity; metal ion binding; protein homodimerization activity; nuclear estrogen receptor binding","GO:0070100; GO:0006338; GO:0030520; GO:0045815; GO:0021762; GO:1901624","GO:0005737; GO:0070062; GO:0005634; GO:0005576; GO:0005829; GO:0035578; GO:0000791","GO:0005509; GO:0004668; GO:0016787; GO:0046872; GO:0042803; GO:0030331",FALSE,TRUE,FALSE,1,"MS"
"P13639","EEF2",-0.733567938807081,0.37533814993156,126,2875.02977484154,0.316644643816977,134,12.2,111,157,"weight_sensitive_candidate","EEF2","eukaryotic translation elongation factor 2 [Source:HGNC Symbol;Acc:HGNC:3214]","translation; translational elongation; positive regulation of translation; response to ischemia; skeletal muscle contraction; response to xenobiotic stimulus; glial cell proliferation; response to estradiol; response to endoplasmic reticulum stress; skeletal muscle cell differentiation; response to hydrogen peroxide; response to ethanol; response to folic acid; cellular response to brain-derived neurotrophic factor stimulus","nucleus; cytoplasm; membrane; cytosol; extracellular exosome; postsynapse; extracellular region; secretory granule lumen; ficolin-1-rich granule lumen; ribonucleoprotein complex; synapse; glutamatergic synapse; ribosome","GTPase activity; GTP binding; nucleotide binding; RNA binding; hydrolase activity; protein binding; translation elongation factor activity; protein kinase binding; cadherin binding; ribosome binding; p53 binding; 5S rRNA binding; actin filament binding; lncRNA binding","GO:0006412; GO:0006414; GO:0045727; GO:0002931; GO:0003009; GO:0009410; GO:0014009; GO:0032355; GO:0034976; GO:0035914; GO:0042542; GO:0045471; GO:0051593; GO:1990416","GO:0005634; GO:0005737; GO:0016020; GO:0005829; GO:0070062; GO:0098794; GO:0005576; GO:0034774; GO:1904813; GO:1990904; GO:0045202; GO:0098978; GO:0005840","GO:0003924; GO:0005525; GO:0000166; GO:0003723; GO:0016787; GO:0005515; GO:0003746; GO:0019901; GO:0045296; GO:0043022; GO:0002039; GO:0008097; GO:0051015; GO:0106222",FALSE,FALSE,FALSE,0,"Other"
"P46777","RPL5",-0.923438551255394,0.226285108064328,126,476.703646368752,0.315189138438205,135,11.39,114,160,"weight_sensitive_candidate","RPL5","ribosomal protein L5 [Source:HGNC Symbol;Acc:HGNC:10360]","translation; rRNA processing; regulation of signal transduction by p53 class mediator; spermatogenesis; ribosomal large subunit biogenesis; cytoplasmic translation; striated muscle contraction; ribosomal large subunit assembly; positive regulation of translation; negative regulation of ubiquitin-dependent protein catabolic process","ribosome; nucleus; cytoplasm; membrane; endoplasmic reticulum; cytosol; focal adhesion; nucleoplasm; nucleolus; extracellular exosome; ribonucleoprotein complex; cytosolic large ribosomal subunit; protein-containing complex; cytosolic ribosome","structural constituent of ribosome; 5S rRNA binding; RNA binding; protein binding; rRNA binding; mRNA 3'-UTR binding; mRNA 5'-UTR binding; ubiquitin protein ligase binding","GO:0006412; GO:0006364; GO:1901796; GO:0007283; GO:0042273; GO:0002181; GO:0006941; GO:0000027; GO:0045727; GO:2000059","GO:0005840; GO:0005634; GO:0005737; GO:0016020; GO:0005783; GO:0005829; GO:0005925; GO:0005654; GO:0005730; GO:0070062; GO:1990904; GO:0022625; GO:0032991; GO:0022626","GO:0003735; GO:0008097; GO:0003723; GO:0005515; GO:0019843; GO:0003730; GO:0048027; GO:0031625",FALSE,FALSE,FALSE,0,"Other"
"Q9Y490","TLN1",1.63085773206727,0.0234230225255841,46,1703.86348371609,0.314192607370559,136,4.55,131,147,"weight_sensitive_candidate","TLN1","talin 1 [Source:HGNC Symbol;Acc:HGNC:11845]","cell adhesion; platelet aggregation; actin cytoskeleton organization; cell-cell adhesion; cell-cell junction assembly; regulation of focal adhesion assembly; integrin-mediated signaling pathway; cortical microtubule organization","focal adhesion; ruffle; cytosol; plasma membrane; cytoskeleton; ruffle membrane; extracellular exosome; cell surface; cytoplasm; extracellular region; centriolar satellite; adherens junction","actin filament binding; actin binding; structural constituent of cytoskeleton; protein binding; integrin binding; vinculin binding; LIM domain binding; cadherin binding; phosphatidylserine binding; phosphatidylinositol binding","GO:0007155; GO:0070527; GO:0030036; GO:0098609; GO:0007043; GO:0051893; GO:0007229; GO:0043622","GO:0005925; GO:0001726; GO:0005829; GO:0005886; GO:0005856; GO:0032587; GO:0070062; GO:0009986; GO:0005737; GO:0005576; GO:0034451; GO:0005912","GO:0051015; GO:0003779; GO:0005200; GO:0005515; GO:0005178; GO:0017166; GO:0030274; GO:0045296; GO:0001786; GO:0035091",TRUE,FALSE,FALSE,1,"ECM"
"P62241","RPS8",-1.13385272339552,0.109883908092428,122,67.0423119982259,0.313166684495484,137,10.98,116,162,"weight_sensitive_candidate","RPS8","ribosomal protein S8 [Source:HGNC Symbol;Acc:HGNC:10441]","translation; ribosomal small subunit biogenesis; cytoplasmic translation","ribosome; nucleus; cytoplasm; membrane; endoplasmic reticulum; cytosol; focal adhesion; extracellular exosome; nucleolus; ribonucleoprotein complex; cytosolic ribosome; cytosolic small ribosomal subunit; nucleoplasm; small-subunit processome","structural constituent of ribosome; RNA binding; protein binding","GO:0006412; GO:0042274; GO:0002181","GO:0005840; GO:0005634; GO:0005737; GO:0016020; GO:0005783; GO:0005829; GO:0005925; GO:0070062; GO:0005730; GO:1990904; GO:0022626; GO:0022627; GO:0005654; GO:0032040","GO:0003735; GO:0003723; GO:0005515",FALSE,FALSE,FALSE,0,"Other"
"P62081","RPS7",-1.28233469543915,0.099062207630898,122,24.6820602440158,0.313163855620234,138,10.21,117,163,"weight_sensitive_candidate","RPS7","ribosomal protein S7 [Source:HGNC Symbol;Acc:HGNC:10440]","translation; rRNA processing; ribosomal small subunit biogenesis; cytoplasmic translation; negative regulation of ubiquitin-dependent protein catabolic process","ribosome; nucleus; cytoplasm; membrane; cytosol; focal adhesion; nucleolus; ribonucleoprotein complex; centrosome; protein-containing complex; cytosolic small ribosomal subunit; nucleoplasm; small-subunit processome; cytosolic ribosome; synapse","structural constituent of ribosome; RNA binding; protein binding; protein kinase binding; mRNA 3'-UTR binding; mRNA 5'-UTR binding","GO:0006412; GO:0006364; GO:0042274; GO:0002181; GO:2000059","GO:0005840; GO:0005634; GO:0005737; GO:0016020; GO:0005829; GO:0005925; GO:0005730; GO:1990904; GO:0005813; GO:0032991; GO:0022627; GO:0005654; GO:0032040; GO:0022626; GO:0045202","GO:0003735; GO:0003723; GO:0005515; GO:0019901; GO:0003730; GO:0048027",FALSE,FALSE,FALSE,0,"Other"
"P27635","RPL10",-0.87297291197418,0.319158870965537,122,673.254726855908,0.311229759339455,139,12.28,122,168,"weight_sensitive_candidate","RPL10","ribosomal protein L10 [Source:HGNC Symbol;Acc:HGNC:10298]","translation; intracellular signal transduction; regulation of translation; cytoplasmic translation; embryonic brain development; negative regulation of transcription by RNA polymerase II; striated muscle contraction","ribosome; cytoplasm; membrane; endoplasmic reticulum; cytosol; ribonucleoprotein complex; cytosolic large ribosomal subunit; protein-containing complex; nucleus; cytosolic ribosome; smooth endoplasmic reticulum","structural constituent of ribosome; RNA binding; metal ion binding; protein binding; translation regulator activity","GO:0006412; GO:0035556; GO:0006417; GO:0002181; GO:1990403; GO:0000122; GO:0006941","GO:0005840; GO:0005737; GO:0016020; GO:0005783; GO:0005829; GO:1990904; GO:0022625; GO:0032991; GO:0005634; GO:0022626; GO:0005790","GO:0003735; GO:0003723; GO:0046872; GO:0005515; GO:0045182",FALSE,FALSE,FALSE,0,"Other"
"Q86VI3","IQGAP3",2.66083828538825,0.000149550694253425,14,147.952180852339,0.310875176060654,141,8.26,133,165,"weight_sensitive_candidate","IQGAP3","IQ motif containing GTPase activating protein 3 [Source:HGNC Symbol;Acc:HGNC:20669]","regulation of GTPase activity","cytosol; cell cortex; cytoplasm; cell-cell junction; lateral plasma membrane","protein binding; calmodulin binding; GTPase activator activity; actin filament binding; myosin VI light chain binding; small GTPase binding","GO:0043087","GO:0005829; GO:0005938; GO:0005737; GO:0005911; GO:0016328","GO:0005515; GO:0005516; GO:0005096; GO:0051015; GO:0070856; GO:0031267",FALSE,FALSE,FALSE,0,"Other"
"P14866","HNRNPL",-2.24353778582872,0.0029055030076328,40,10.5754903751817,0.310768024079991,142,3.25,139,152,"weight_sensitive_candidate","HNRNPL","heterogeneous nuclear ribonucleoprotein L [Source:HGNC Symbol;Acc:HGNC:5045]","mRNA processing; negative regulation of DNA-templated transcription; regulation of alternative mRNA splicing, via spliceosome; regulation of RNA splicing; RNA processing","nucleus; cytoplasm; membrane; nucleoplasm; extracellular exosome; ribonucleoprotein complex; chromatin; ribonucleoprotein granule; synapse; pronucleus","RNA binding; nucleic acid binding; protein binding; transcription cis-regulatory region binding; mRNA binding; pre-mRNA intronic binding","GO:0006397; GO:0045892; GO:0000381; GO:0043484; GO:0006396","GO:0005634; GO:0005737; GO:0016020; GO:0005654; GO:0070062; GO:1990904; GO:0000785; GO:0035770; GO:0045202; GO:0045120","GO:0003723; GO:0003676; GO:0005515; GO:0000976; GO:0003729; GO:0097157",FALSE,FALSE,FALSE,0,"Other"
"P62753","RPS6",-0.631124724574207,0.457008372204597,136,1507.93694935268,0.310308488952742,143,14.25,120,176,"weight_sensitive_candidate","RPS6","ribosomal protein S6 [Source:HGNC Symbol;Acc:HGNC:10429]","translation; positive regulation of apoptotic process; rRNA processing; positive regulation of cell population proliferation; TOR signaling; ribosomal small subunit biogenesis; glucose homeostasis; cytoplasmic translation","ribosome; nucleus; cytoplasm; membrane; endoplasmic reticulum; cytosol; nucleolus; ribonucleoprotein complex; cytosolic ribosome; cytosolic small ribosomal subunit; nucleoplasm; small-subunit processome; small ribosomal subunit; cytoplasmic ribonucleoprotein granule; dendrite; cell body","structural constituent of ribosome; RNA binding; protein binding; protein kinase binding","GO:0006412; GO:0043065; GO:0006364; GO:0008284; GO:0031929; GO:0042274; GO:0042593; GO:0002181","GO:0005840; GO:0005634; GO:0005737; GO:0016020; GO:0005783; GO:0005829; GO:0005730; GO:1990904; GO:0022626; GO:0022627; GO:0005654; GO:0032040; GO:0015935; GO:0036464; GO:0030425; GO:0044297","GO:0003735; GO:0003723; GO:0005515; GO:0019901",FALSE,FALSE,FALSE,0,"Other"
"O75874","IDH1",-2.67475194833776,0.000204414477658744,10,1874.14746573296,0.310161328972738,144,9.97,130,172,"weight_sensitive_candidate","IDH1","isocitrate dehydrogenase (NADP(+)) 1 [Source:HGNC Symbol;Acc:HGNC:5382]","isocitrate metabolic process; glyoxylate cycle; tricarboxylic acid cycle; 2-oxoglutarate metabolic process; NADPH regeneration; female gonad development; response to steroid hormone; NADP+ metabolic process","cytosol; peroxisome; peroxisomal matrix; mitochondrion; extracellular exosome; extracellular region; cytoplasm; secretory granule lumen; ficolin-1-rich granule lumen; tertiary granule lumen","magnesium ion binding; NAD binding; oxidoreductase activity, acting on the CH-OH group of donors, NAD or NADP as acceptor; isocitrate dehydrogenase (NADP+) activity; metal ion binding; protein binding; oxidoreductase activity; NADP binding; protein homodimerization activity; identical protein binding; cadherin binding","GO:0006102; GO:0006097; GO:0006099; GO:0006103; GO:0006740; GO:0008585; GO:0048545; GO:0006739","GO:0005829; GO:0005777; GO:0005782; GO:0005739; GO:0070062; GO:0005576; GO:0005737; GO:0034774; GO:1904813; GO:1904724","GO:0000287; GO:0051287; GO:0016616; GO:0004450; GO:0046872; GO:0005515; GO:0016491; GO:0050661; GO:0042803; GO:0042802; GO:0045296",FALSE,FALSE,FALSE,0,"Other"
"Q8WU90","ZC3H15",2.83579738734779,0.00160523678252303,32,0,0.310156779567181,145,6.82,135,160,"weight_sensitive_candidate","ZC3H15","zinc finger CCCH-type containing 15 [Source:HGNC Symbol;Acc:HGNC:29528]","cytoplasmic translation; positive regulation of GTPase activity","nucleus; cytoplasm; cytosol","metal ion binding; RNA binding; protein binding; zinc ion binding; cadherin binding","GO:0002181; GO:0043547","GO:0005634; GO:0005737; GO:0005829","GO:0046872; GO:0003723; GO:0005515; GO:0008270; GO:0045296",FALSE,FALSE,FALSE,0,"Other"
"P37108","SRP14",-1.74882621969178,0.0213469154220339,102,0,0.31004869465556,146,8.75,127,166,"weight_sensitive_candidate","SRP14","signal recognition particle 14 [Source:HGNC Symbol;Acc:HGNC:11299]","SRP-dependent cotranslational protein targeting to membrane; protein targeting to ER; SRP-dependent cotranslational protein targeting to membrane, signal sequence recognition; cotranslational protein targeting to membrane; SRP-dependent cotranslational protein targeting to membrane, translocation","signal recognition particle; signal recognition particle, endoplasmic reticulum targeting; nucleus; cytoplasm; cytosol; ribonucleoprotein complex; extracellular region; secretory granule lumen; ficolin-1-rich granule lumen","7S RNA binding; endoplasmic reticulum signal peptide binding; RNA binding; protein binding","GO:0006614; GO:0045047; GO:0006617; GO:0006613; GO:0006616","GO:0048500; GO:0005786; GO:0005634; GO:0005737; GO:0005829; GO:1990904; GO:0005576; GO:0034774; GO:1904813","GO:0008312; GO:0030942; GO:0003723; GO:0005515",FALSE,FALSE,FALSE,0,"Other"
"P62841","RPS15",-1.16456327746028,0.184486399505312,124,53.0437678590538,0.310047709754327,147,10.62,124,172,"weight_sensitive_candidate","RPS15","ribosomal protein S15 [Source:HGNC Symbol;Acc:HGNC:10388]","translation; rRNA processing; osteoblast differentiation; ribosomal small subunit biogenesis; cytoplasmic translation; positive regulation of signal transduction by p53 class mediator; ribosomal small subunit export from nucleus","ribosome; small ribosomal subunit; nucleus; cytoplasm; membrane; focal adhesion; nucleoplasm; ribonucleoprotein complex; cytosolic small ribosomal subunit; cytosol; cytosolic ribosome","structural constituent of ribosome; RNA binding; DNA binding; protein binding; MDM2/MDM4 family protein binding","GO:0006412; GO:0006364; GO:0001649; GO:0042274; GO:0002181; GO:1901798; GO:0000056","GO:0005840; GO:0015935; GO:0005634; GO:0005737; GO:0016020; GO:0005925; GO:0005654; GO:1990904; GO:0022627; GO:0005829; GO:0022626","GO:0003735; GO:0003723; GO:0003677; GO:0005515; GO:0097371",FALSE,FALSE,FALSE,0,"Other"
"P35222","CTNNB1",-0.918167206420808,0.220139150906652,76,11833.9652994755,0.310040478177904,148,10.69,125,162,"weight_sensitive_candidate","CTNNB1","catenin beta 1 [Source:HGNC Symbol;Acc:HGNC:2514]","cell adhesion; negative regulation of angiogenesis; positive regulation of cell population proliferation; negative regulation of apoptotic process; osteoblast differentiation; mesenchymal stem cell differentiation; positive regulation of epithelial to mesenchymal transition; outflow tract morphogenesis; endothelial tube morphogenesis; nervous system development; negative regulation of cell population proliferation; Wnt signaling pathway; positive regulation of apoptotic process; positive regulation of DNA-templated transcription; positive regulation of transcription by RNA polymerase II; negative regulation of DNA-templated transcription; protein polyubiquitination; response to xenobiotic stimulus; proteasome-mediated ubiquitin-dependent protein catabolic process; positive regulation of angiogenesis; detection of mechanical stimulus; cellular response to indole-3-methanol; canonical Wnt signaling pathway; regulation of epithelial to mesenchymal transition; cell-cell adhesion; positive regulation of homotypic cell-cell adhesion; positive regulation of cell differentiation; response to estradiol; adherens junction assembly; detection of muscle stretch; cellular response to growth factor stimulus; regulation of angiogenesis; stem cell population maintenance; hair cell differentiation; epidermal growth factor receptor signaling pathway; regulation of calcium ion import; positive regulation of blood vessel branching; cell-cell adhesion mediated by cadherin; epithelial to mesenchymal transition; protein localization to cell surface; mesenchymal to epithelial transition; negative regulation of protein sumoylation; regulation of nephron tubule epithelial cell differentiation; positive regulation of telomere maintenance via telomerase; positive regulation of neuroblast proliferation; positive regulation of heparan sulfate proteoglycan biosynthetic process; regulation of protein ubiquitination; embryonic skeletal limb joint morphogenesis; positive regulation of neuron apoptotic process; negative regulation of mitotic cell cycle, embryonic; regulation of fibroblast proliferation; regulation of smooth muscle cell proliferation; regulation of neurogenesis; long-term synaptic depression; sympathetic ganglion development; regulation of centromeric sister chromatid cohesion; neuron projection extension; negative regulation of gene expression; hypothalamus development; neuron differentiation; midbrain development; hindbrain development; positive regulation of transcription elongation by RNA polymerase II; embryonic organ development; positive regulation of skeletal muscle tissue development; negative regulation of neurogenesis; regulation of timing of anagen; regulation of synapse assembly; cranial ganglion development; negative regulation of canonical Wnt signaling pathway; synaptic vesicle clustering; embryonic brain development; dorsal root ganglion development; positive regulation of neural precursor cell proliferation","perinuclear region of cytoplasm; cytoplasm; nucleus; plasma membrane; membrane; cytosol; cytoskeleton; focal adhesion; extracellular exosome; synapse; basolateral plasma membrane; anchoring junction; centrosome; cell junction; adherens junction; spindle pole; chromatin; catenin complex; catenin-TCF7L2 complex; nucleoplasm; protein-containing complex; transcription regulator complex; beta-catenin-TCF complex; cell-cell junction; lateral plasma membrane; cell periphery; beta-catenin destruction complex; cell cortex; euchromatin; protein-DNA complex; beta-catenin-TCF7L2 complex; presynaptic membrane; postsynaptic membrane; Schaffer collateral - CA1 synapse; presynaptic active zone cytoplasmic component; glutamatergic synapse; postsynaptic density, intracellular component; fascia adherens; bicellular tight junction; intercalated disc; apicolateral plasma membrane; Z disc; lamellipodium; cell projection membrane; microvillus membrane; apical junction complex; apical part of cell; flotillin complex; Scrib-APC-beta-catenin complex","protein binding; cadherin binding; transcription corepressor binding; transcription coactivator activity; RNA polymerase II-specific DNA-binding transcription factor binding; transmembrane transporter binding; signaling receptor binding; nuclear receptor binding; enzyme binding; I-SMAD binding; SMAD binding; DNA-binding transcription factor binding; histone methyltransferase binding; kinase binding; phosphatase binding; ubiquitin protein ligase binding; protein phosphatase binding; alpha-catenin binding; transcription coregulator binding; chromatin binding; nuclear estrogen receptor binding; protein kinase binding; disordered domain specific binding","GO:0007155; GO:0016525; GO:0008284; GO:0043066; GO:0001649; GO:0072497; GO:0010718; GO:0003151; GO:0061154; GO:0007399; GO:0008285; GO:0016055; GO:0043065; GO:0045893; GO:0045944; GO:0045892; GO:0000209; GO:0009410; GO:0043161; GO:0045766; GO:0050982; GO:0071681; GO:0060070; GO:0010717; GO:0098609; GO:0034112; GO:0045597; GO:0032355; GO:0034333; GO:0035995; GO:0071363; GO:0045765; GO:0019827; GO:0035315; GO:0007173; GO:0090279; GO:1905555; GO:0044331; GO:0001837; GO:0034394; GO:0060231; GO:0033234; GO:0072182; GO:0032212; GO:0002052; GO:0010909; GO:0031396; GO:0036023; GO:0043525; GO:0045976; GO:0048145; GO:0048660; GO:0050767; GO:0060292; GO:0061549; GO:0070602; GO:1990138; GO:0010629; GO:0021854; GO:0030182; GO:0030901; GO:0030902; GO:0032968; GO:0048568; GO:0048643; GO:0050768; GO:0051884; GO:0051963; GO:0061550; GO:0090090; GO:0097091; GO:1990403; GO:1990791; GO:2000179","GO:0048471; GO:0005737; GO:0005634; GO:0005886; GO:0016020; GO:0005829; GO:0005856; GO:0005925; GO:0070062; GO:0045202; GO:0016323; GO:0070161; GO:0005813; GO:0030054; GO:0005912; GO:0000922; GO:0000785; GO:0016342; GO:0071664; GO:0005654; GO:0032991; GO:0005667; GO:1990907; GO:0005911; GO:0016328; GO:0071944; GO:0030877; GO:0005938; GO:0000791; GO:0032993; GO:0070369; GO:0042734; GO:0045211; GO:0098685; GO:0098831; GO:0098978; GO:0099092; GO:0005916; GO:0005923; GO:0014704; GO:0016327; GO:0030018; GO:0030027; GO:0031253; GO:0031528; GO:0043296; GO:0045177; GO:0016600; GO:0034750","GO:0005515; GO:0045296; GO:0001222; GO:0003713; GO:0061629; GO:0044325; GO:0005102; GO:0016922; GO:0019899; GO:0070411; GO:0046332; GO:0140297; GO:1990226; GO:0019900; GO:0019902; GO:0031625; GO:0019903; GO:0045294; GO:0001221; GO:0003682; GO:0030331; GO:0019901; GO:0097718",FALSE,FALSE,TRUE,1,"VT"
"Q9NP79","VTA1",-2.26913384289829,0.00118713585003374,34,11.0623551487174,0.309365505351793,149,3.12,142,153,"weight_sensitive_candidate","VTA1","vesicle trafficking 1 [Source:HGNC Symbol;Acc:HGNC:20954]","late endosome to vacuole transport via multivesicular body sorting pathway; protein transport; multivesicular body sorting pathway; macroautophagy","cytoplasm; cytosol; endosome membrane; extracellular exosome; multivesicular body","protein binding","GO:0032511; GO:0015031; GO:0071985; GO:0016236","GO:0005737; GO:0005829; GO:0010008; GO:0070062; GO:0005771","GO:0005515",FALSE,FALSE,TRUE,1,"VT"
"P02786","TFRC",2.12382942054407,0.00240555092576817,22,1401.48713760816,0.309074537312564,150,4.23,139,158,"weight_sensitive_candidate","TFRC","transferrin receptor [Source:HGNC Symbol;Acc:HGNC:11763]","negative regulation of apoptotic process; positive regulation of gene expression; endocytosis; signal transduction; intracellular signal transduction; receptor-mediated endocytosis; intracellular iron ion homeostasis; symbiont entry into host cell; receptor internalization; iron ion transport; positive regulation of T cell proliferation; multicellular organismal-level iron ion homeostasis; positive regulation of isotype switching; positive regulation of canonical NF-kappaB signal transduction; transport across blood-brain barrier; cellular response to xenobiotic stimulus; positive regulation of protein localization to nucleus; cell surface receptor signaling pathway; response to hypoxia; acute-phase response; response to nutrient; response to iron ion; response to manganese ion; negative regulation of mitochondrial fusion; osteoclast differentiation; positive regulation of B cell proliferation; positive regulation of protein-containing complex assembly; response to retinoic acid; response to copper ion; regulation of postsynaptic membrane neurotransmitter receptor levels","extracellular region; extracellular space; plasma membrane; membrane; melanosome; extracellular exosome; cell surface; lysosome; endosome; clathrin-coated pit; recycling endosome; extracellular vesicle; external side of plasma membrane; blood microparticle; endosome membrane; cytoplasmic vesicle; clathrin-coated endocytic vesicle membrane; basolateral plasma membrane; postsynapse; postsynaptic recycling endosome membrane; glutamatergic synapse; early endosome; perinuclear region of cytoplasm; recycling endosome membrane","transferrin receptor activity; protein binding; RNA binding; identical protein binding; virus receptor activity; protein homodimerization activity; double-stranded RNA binding; protein-containing complex binding; protein kinase binding; Hsp70 protein binding; protein-folding chaperone binding","GO:0043066; GO:0010628; GO:0006897; GO:0007165; GO:0035556; GO:0006898; GO:0006879; GO:0046718; GO:0031623; GO:0006826; GO:0042102; GO:0060586; GO:0045830; GO:0043123; GO:0150104; GO:0071466; GO:1900182; GO:0007166; GO:0001666; GO:0006953; GO:0007584; GO:0010039; GO:0010042; GO:0010637; GO:0030316; GO:0030890; GO:0031334; GO:0032526; GO:0046688; GO:0099072","GO:0005576; GO:0005615; GO:0005886; GO:0016020; GO:0042470; GO:0070062; GO:0009986; GO:0005764; GO:0005768; GO:0005905; GO:0055037; GO:1903561; GO:0009897; GO:0072562; GO:0010008; GO:0031410; GO:0030669; GO:0016323; GO:0098794; GO:0098944; GO:0098978; GO:0005769; GO:0048471; GO:0055038","GO:0004998; GO:0005515; GO:0003723; GO:0042802; GO:0001618; GO:0042803; GO:0003725; GO:0044877; GO:0019901; GO:0030544; GO:0051087",FALSE,FALSE,TRUE,1,"VT"
"P52292","KPNA2",2.78788447095016,0.000204592372520127,12,225.413334997699,0.309051141058605,151,8.88,134,169,"weight_sensitive_candidate","KPNA2","karyopherin subunit alpha 2 [Source:HGNC Symbol;Acc:HGNC:6395]","protein import into nucleus; protein transport; positive regulation of type I interferon production; entry of viral genome into host nucleus through nuclear pore complex via importin; positive regulation of viral life cycle; NLS-bearing protein import into nucleus; regulation of DNA recombination; DNA metabolic process","cytoplasm; nucleus; membrane; cytosol; nucleoplasm; endoplasmic reticulum membrane; Golgi membrane; nuclear membrane; NLS-dependent protein nuclear import complex; host cell","protein binding; nuclear import signal receptor activity; RNA binding; nuclear localization sequence binding; histone deacetylase binding","GO:0006606; GO:0015031; GO:0032481; GO:0075506; GO:1903902; GO:0006607; GO:0000018; GO:0006259","GO:0005737; GO:0005634; GO:0016020; GO:0005829; GO:0005654; GO:0005789; GO:0000139; GO:0031965; GO:0042564; GO:0043657","GO:0005515; GO:0061608; GO:0003723; GO:0008139; GO:0042826",FALSE,FALSE,FALSE,0,"Other"
"Q06481","APLP2",4.34583925794358,6.74849790368938e-08,2,0,0.308906918546088,152,24.43,115,215,"weight_sensitive_candidate","APLP2","amyloid beta precursor like protein 2 [Source:HGNC Symbol;Acc:HGNC:598]","G protein-coupled receptor signaling pathway; axonogenesis; central nervous system development","membrane; nucleus; plasma membrane; extracellular exosome; endoplasmic reticulum lumen; platelet alpha granule membrane","serine-type endopeptidase inhibitor activity; heparin binding; transition metal ion binding; metal ion binding; peptidase inhibitor activity; DNA binding; protein binding; identical protein binding","GO:0007186; GO:0007409; GO:0007417","GO:0016020; GO:0005634; GO:0005886; GO:0070062; GO:0005788; GO:0031092","GO:0004867; GO:0008201; GO:0046914; GO:0046872; GO:0030414; GO:0003677; GO:0005515; GO:0042802",FALSE,FALSE,FALSE,0,"Other"
"Q00839","HNRNPU",-1.75991278739995,0.0180158222636137,44,367.707593706326,0.307762958724829,153,3.11,146,156,"weight_sensitive_candidate","HNRNPU","heterogeneous nuclear ribonucleoprotein U [Source:HGNC Symbol;Acc:HGNC:5048]","chromatin organization; mRNA splicing, via spliceosome; RNA splicing; mRNA processing; rhythmic process; cell division; regulation of gene expression; positive regulation of macromolecule biosynthetic process; cell differentiation; negative regulation of transcription by RNA polymerase II; positive regulation of transcription by RNA polymerase II; RNA processing; regulation of alternative mRNA splicing, via spliceosome; dosage compensation by inactivation of X chromosome; osteoblast differentiation; circadian regulation of gene expression; regulation of chromatin organization; mRNA stabilization; positive regulation of brown fat cell differentiation; regulation of mitotic cell cycle; CRD-mediated mRNA stabilization; cellular response to glucocorticoid stimulus; adaptive thermogenesis; negative regulation of nuclear-transcribed mRNA catabolic process, deadenylation-dependent decay; alternative mRNA splicing, via spliceosome; negative regulation of transcription elongation by RNA polymerase II; negative regulation of stem cell differentiation; negative regulation of telomere maintenance via telomerase; negative regulation of kinase activity; maintenance of protein location in nucleus; regulatory ncRNA-mediated heterochromatin formation; random inactivation of X chromosome; dendritic transport of messenger ribonucleoprotein complex; RNA localization to chromatin","telomerase holoenzyme complex; nucleus; spliceosomal complex; cytoplasm; nuclear speck; membrane; nucleoplasm; chromosome; kinetochore; cell surface; nuclear matrix; ribonucleoprotein complex; spindle; midbody; centrosome; mitotic spindle; protein-containing complex; spindle pole; dendrite; RNA polymerase II transcription regulator complex; catalytic step 2 spliceosome; cytosol; nuclear chromosome; mitotic spindle midzone; cytoplasmic ribonucleoprotein granule; CRD-mediated mRNA stability complex; inactive sex chromosome","protein binding; nucleotide binding; RNA binding; actin binding; ATP binding; DNA binding; identical protein binding; transcription corepressor activity; RNA polymerase II cis-regulatory region sequence-specific DNA binding; double-stranded DNA binding; sequence-specific double-stranded DNA binding; protein-containing complex binding; double-stranded RNA binding; RNA polymerase II complex binding; mRNA 3'-UTR binding; pre-mRNA binding; chromatin binding; poly(A) binding; single-stranded RNA binding; chromatin DNA binding; single-stranded DNA binding; ribonucleoprotein complex binding; telomerase RNA binding; poly(G) binding; snRNA binding; TFIIH-class transcription factor complex binding; poly(C) RNA binding; piRNA binding; sequence-specific DNA binding; RNA polymerase II C-terminal domain binding; lncRNA binding","GO:0006325; GO:0000398; GO:0008380; GO:0006397; GO:0048511; GO:0051301; GO:0010468; GO:0010557; GO:0030154; GO:0000122; GO:0045944; GO:0006396; GO:0000381; GO:0009048; GO:0001649; GO:0032922; GO:1902275; GO:0048255; GO:0090336; GO:0007346; GO:0070934; GO:0071385; GO:1990845; GO:1900152; GO:0000380; GO:0034244; GO:2000737; GO:0032211; GO:0033673; GO:0051457; GO:0031048; GO:0060816; GO:0098963; GO:1990280","GO:0005697; GO:0005634; GO:0005681; GO:0005737; GO:0016607; GO:0016020; GO:0005654; GO:0005694; GO:0000776; GO:0009986; GO:0016363; GO:1990904; GO:0005819; GO:0030496; GO:0005813; GO:0072686; GO:0032991; GO:0000922; GO:0030425; GO:0090575; GO:0071013; GO:0005829; GO:0000228; GO:1990023; GO:0036464; GO:0070937; GO:0098577","GO:0005515; GO:0000166; GO:0003723; GO:0003779; GO:0005524; GO:0003677; GO:0042802; GO:0003714; GO:0000978; GO:0003690; GO:1990837; GO:0044877; GO:0003725; GO:0000993; GO:0003730; GO:0036002; GO:0003682; GO:0008143; GO:0003727; GO:0031490; GO:0003697; GO:0043021; GO:0070034; GO:0034046; GO:0017069; GO:0001097; GO:0017130; GO:0034584; GO:0043565; GO:0099122; GO:0106222",FALSE,FALSE,FALSE,0,"Other"
"P07910","HNRNPC",-1.55808898785937,0.0339680562135674,52,609.945830043642,0.307650143973685,154,5.56,141,158,"weight_sensitive_candidate","HNRNPC","heterogeneous nuclear ribonucleoprotein C [Source:HGNC Symbol;Acc:HGNC:5035]","mRNA splicing, via spliceosome; RNA splicing; mRNA processing; osteoblast differentiation; chromatin remodeling; 3'-UTR-mediated mRNA stabilization; negative regulation of telomere maintenance via telomerase","telomerase holoenzyme complex; nucleus; spliceosomal complex; membrane; nucleoplasm; cytosol; extracellular exosome; actin cytoskeleton; ribonucleoprotein complex; protein-containing complex; chromatin; catalytic step 2 spliceosome; extracellular region","RNA binding; nucleic acid binding; protein binding; N6-methyladenosine-containing RNA reader activity; identical protein binding; mRNA 3'-UTR binding; telomerase RNA binding; nucleosomal DNA binding; poly(U) RNA binding","GO:0000398; GO:0008380; GO:0006397; GO:0001649; GO:0006338; GO:0070935; GO:0032211","GO:0005697; GO:0005634; GO:0005681; GO:0016020; GO:0005654; GO:0005829; GO:0070062; GO:0015629; GO:1990904; GO:0032991; GO:0000785; GO:0071013; GO:0005576","GO:0003723; GO:0003676; GO:0005515; GO:1990247; GO:0042802; GO:0003730; GO:0070034; GO:0031492; GO:0008266",FALSE,TRUE,FALSE,1,"MS"
"Q9H444","CHMP4B",-2.0797334421696,0.0029895033204367,42,13.0707828321451,0.307571873083429,155,3.23,145,157,"weight_sensitive_candidate","CHMP4B","charged multivesicular body protein 4B [Source:HGNC Symbol;Acc:HGNC:16171]","vacuolar transport; mitotic cytokinesis; protein transport; plasma membrane repair; mitotic metaphase chromosome alignment; nuclear membrane reassembly; viral budding via host ESCRT complex; ubiquitin-dependent protein catabolic process via the multivesicular body sorting pathway; viral budding from plasma membrane; midbody abscission; multivesicular body sorting pathway; autophagosome maturation; late endosome to lysosome transport; post-translational protein targeting to endoplasmic reticulum membrane; nervous system process; protein polymerization; regulation of centrosome duplication; nucleus organization; ubiquitin-independent protein catabolic process via the multivesicular body sorting pathway; macroautophagy; membrane fission; late endosome to vacuole transport via multivesicular body sorting pathway; autophagy; multivesicular body-lysosome fusion; vesicle budding from membrane; viral budding","nucleus; cytoplasm; cytosol; nuclear envelope; extracellular exosome; kinetochore; midbody; lysosomal membrane; endosome; kinetochore microtubule; multivesicular body membrane; nuclear pore; late endosome membrane; cytoplasmic side of plasma membrane; plasma membrane; autophagosome membrane; vesicle; multivesicular body; ESCRT III complex; membrane coat","protein binding; identical protein binding; protein homodimerization activity; cadherin binding","GO:0007034; GO:0000281; GO:0015031; GO:0001778; GO:0007080; GO:0031468; GO:0039702; GO:0043162; GO:0046761; GO:0061952; GO:0071985; GO:0097352; GO:1902774; GO:0006620; GO:0050877; GO:0051258; GO:0010824; GO:0006997; GO:0090611; GO:0016236; GO:0090148; GO:0032511; GO:0006914; GO:0061763; GO:0006900; GO:0046755","GO:0005634; GO:0005737; GO:0005829; GO:0005635; GO:0070062; GO:0000776; GO:0030496; GO:0005765; GO:0005768; GO:0005828; GO:0032585; GO:0005643; GO:0031902; GO:0009898; GO:0005886; GO:0000421; GO:0031982; GO:0005771; GO:0000815; GO:0030117","GO:0005515; GO:0042802; GO:0042803; GO:0045296",FALSE,FALSE,TRUE,1,"VT"
"P28065","PSMB9",3.02188838964225,0.000761574158366052,10,515.464017785836,0.306462721175319,156,10.6,136,181,"weight_sensitive_candidate","PSMB9","proteasome 20S subunit beta 9 [Source:HGNC Symbol;Acc:HGNC:9546]","proteolysis involved in protein catabolic process; proteolysis; immune system process; proteasome-mediated ubiquitin-dependent protein catabolic process; proteasomal protein catabolic process; CD8-positive, alpha-beta T cell differentiation; thymic T cell selection; positive regulation of type II interferon production; positive regulation of interleukin-2 production; positive regulation of tumor necrosis factor production; response to type II interferon; T-helper 1 cell differentiation; negative regulation of regulatory T cell differentiation; T-helper 17 cell differentiation","proteasome core complex; nucleus; cytoplasm; cytosol; extracellular exosome; proteasome complex; proteasome core complex, beta-subunit complex; spermatoproteasome complex","threonine-type endopeptidase activity; hydrolase activity; protein binding; peptidase activity; endopeptidase activity","GO:0051603; GO:0006508; GO:0002376; GO:0043161; GO:0010498; GO:0043374; GO:0045061; GO:0032729; GO:0032743; GO:0032760; GO:0034341; GO:0045063; GO:0045590; GO:0072539","GO:0005839; GO:0005634; GO:0005737; GO:0005829; GO:0070062; GO:0000502; GO:0019774; GO:1990111","GO:0004298; GO:0016787; GO:0005515; GO:0008233; GO:0004175",FALSE,FALSE,FALSE,0,"Other"
"P14923","JUP",-2.16595715668229,0.00146112044413616,16,4538.62854725732,0.305673307977399,157,6.95,142,170,"weight_sensitive_candidate","JUP","junction plakoglobin [Source:HGNC Symbol;Acc:HGNC:6207]","cell adhesion; negative regulation of blood vessel endothelial cell migration; positive regulation of angiogenesis; positive regulation of canonical Wnt signaling pathway; cell-cell adhesion; detection of mechanical stimulus; cellular response to indole-3-methanol; protein localization to plasma membrane; positive regulation of transcription by RNA polymerase II; positive regulation of axon extension; desmosome assembly; canonical Wnt signaling pathway; positive regulation of cell-matrix adhesion; regulation of cell population proliferation; cell migration; regulation of heart rate by cardiac conduction; positive regulation of protein import into nucleus; bundle of His cell-Purkinje myocyte adhesion involved in cell communication; regulation of ventricular cardiac muscle cell action potential; positive regulation of protein localization","cytoplasm; nucleus; plasma membrane; membrane; cytoskeleton; focal adhesion; cell junction; extracellular exosome; axon; anchoring junction; extracellular region; cell-cell junction; adherens junction; catenin-TCF7L2 complex; desmosome; cytosol; ficolin-1-rich granule lumen; specific granule lumen; cytoplasmic side of plasma membrane; cornified envelope; intercalated disc; catenin complex; zonula adherens; protein-DNA complex; gamma-catenin-TCF7L2 complex; intermediate filament; Z disc","protein binding; cadherin binding; protein phosphatase binding; transcription coactivator activity; nuclear receptor binding; cell adhesion molecule binding; structural molecule activity; alpha-catenin binding; cell adhesive protein binding involved in bundle of His cell-Purkinje myocyte communication; cytoskeletal protein-membrane anchor activity","GO:0007155; GO:0043537; GO:0045766; GO:0090263; GO:0098609; GO:0050982; GO:0071681; GO:0072659; GO:0045944; GO:0045773; GO:0002159; GO:0060070; GO:0001954; GO:0042127; GO:0016477; GO:0086091; GO:0042307; GO:0086073; GO:0098911; GO:1903829","GO:0005737; GO:0005634; GO:0005886; GO:0016020; GO:0005856; GO:0005925; GO:0030054; GO:0070062; GO:0030424; GO:0070161; GO:0005576; GO:0005911; GO:0005912; GO:0071664; GO:0030057; GO:0005829; GO:1904813; GO:0035580; GO:0009898; GO:0001533; GO:0014704; GO:0016342; GO:0005915; GO:0032993; GO:0071665; GO:0005882; GO:0030018","GO:0005515; GO:0045296; GO:0019903; GO:0003713; GO:0016922; GO:0050839; GO:0005198; GO:0045294; GO:0086083; GO:0106006",TRUE,TRUE,FALSE,2,"ECM,MS"
"P23396","RPS3",-0.563453087686849,0.508234984409297,130,1786.73481923439,0.305227435024433,158,12.77,128,179,"weight_sensitive_candidate","RPS3","ribosomal protein S3 [Source:HGNC Symbol;Acc:HGNC:10420]","translation; apoptotic process; cell division; regulation of translation; negative regulation of translation; positive regulation of transcription by RNA polymerase II; DNA repair; DNA damage response; negative regulation of protein ubiquitination; regulation of apoptotic process; positive regulation of DNA repair; cytoplasmic translational initiation; positive regulation of gene expression; chromosome segregation; spindle assembly; cytoplasmic translation; cellular response to reactive oxygen species; cellular response to hydrogen peroxide; base-excision repair; positive regulation of microtubule polymerization; positive regulation of DNA-templated transcription initiation; negative regulation of DNA repair; response to TNF agonist","small ribosomal subunit; nucleus; cytoplasm; plasma membrane; membrane; endoplasmic reticulum; cytosol; focal adhesion; ruffle membrane; mitochondrial matrix; mitochondrial inner membrane; extracellular exosome; nucleolus; ribonucleoprotein complex; spindle; ribosome; cytosolic ribosome; mitotic spindle; cytosolic small ribosomal subunit; nucleoplasm; postsynaptic density; synapse; NF-kappaB complex","structural constituent of ribosome; RNA binding; enzyme binding; lyase activity; DNA binding; protein binding; mRNA binding; ubiquitin-like protein conjugating enzyme binding; DNA-binding transcription activator activity, RNA polymerase II-specific; iron-sulfur cluster binding; Hsp90 protein binding; protein kinase binding; kinase binding; DNA-binding transcription factor binding; microtubule binding; DNA endonuclease activity; DNA-(apurinic or apyrimidinic site) endonuclease activity; damaged DNA binding; protein kinase A binding; tubulin binding; Hsp70 protein binding; oxidized purine DNA binding; supercoiled DNA binding; oxidized pyrimidine DNA binding; small ribosomal subunit rRNA binding","GO:0006412; GO:0006915; GO:0051301; GO:0006417; GO:0017148; GO:0045944; GO:0006281; GO:0006974; GO:0031397; GO:0042981; GO:0045739; GO:0002183; GO:0010628; GO:0007059; GO:0051225; GO:0002181; GO:0034614; GO:0070301; GO:0006284; GO:0031116; GO:2000144; GO:0045738; GO:0061481","GO:0015935; GO:0005634; GO:0005737; GO:0005886; GO:0016020; GO:0005783; GO:0005829; GO:0005925; GO:0032587; GO:0005759; GO:0005743; GO:0070062; GO:0005730; GO:1990904; GO:0005819; GO:0005840; GO:0022626; GO:0072686; GO:0022627; GO:0005654; GO:0014069; GO:0045202; GO:0071159","GO:0003735; GO:0003723; GO:0019899; GO:0016829; GO:0003677; GO:0005515; GO:0003729; GO:0044390; GO:0001228; GO:0051536; GO:0051879; GO:0019901; GO:0019900; GO:0140297; GO:0008017; GO:0004520; GO:0003906; GO:0003684; GO:0051018; GO:0015631; GO:0030544; GO:0032357; GO:0097100; GO:0032358; GO:0070181",FALSE,FALSE,FALSE,0,"Other"
"P48960","ADGRE5",3.33856024868301,7.16048274366695e-06,6,17.0074196869492,0.302224731350563,159,17.44,132,208,"weight_sensitive_candidate","ADGRE5","adhesion G protein-coupled receptor E5 [Source:HGNC Symbol;Acc:HGNC:1711]","G protein-coupled receptor signaling pathway; cell surface receptor signaling pathway; signal transduction; immune system process; cell adhesion; inflammatory response; immune response; cell-cell signaling","membrane; extracellular region; plasma membrane; focal adhesion; extracellular exosome; secretory granule membrane","G protein-coupled receptor activity; calcium ion binding; transmembrane signaling receptor activity; protein binding","GO:0007186; GO:0007166; GO:0007165; GO:0002376; GO:0007155; GO:0006954; GO:0006955; GO:0007267","GO:0016020; GO:0005576; GO:0005886; GO:0005925; GO:0070062; GO:0030667","GO:0004930; GO:0005509; GO:0004888; GO:0005515",FALSE,FALSE,FALSE,0,"Other"
"P29350","PTPN6",-2.45053735458701,0.000578263285898954,16,213.904933061751,0.301998605790767,160,6.61,147,178,"weight_sensitive_candidate","PTPN6","protein tyrosine phosphatase non-receptor type 6 [Source:HGNC Symbol;Acc:HGNC:9658]","protein dephosphorylation; dephosphorylation; negative regulation of interleukin-6 production; negative regulation of tumor necrosis factor production; positive regulation of cell population proliferation; positive regulation of phosphatidylinositol 3-kinase/protein kinase B signal transduction; negative regulation of cell population proliferation; cell differentiation; T cell activation; negative regulation of angiogenesis; T cell costimulation; regulation of type I interferon-mediated signaling pathway; negative regulation of inflammatory response to wounding; mitotic cell cycle; negative regulation of innate immune response; G protein-coupled receptor signaling pathway; regulation of G1/S transition of mitotic cell cycle; cytokine-mediated signaling pathway; regulation of ERK1 and ERK2 cascade; peptidyl-tyrosine dephosphorylation; peptidyl-tyrosine phosphorylation; negative regulation of lipopolysaccharide-mediated signaling pathway; regulation of apoptotic process; negative regulation of mast cell activation involved in immune response; epididymis development","cytoplasm; nucleus; plasma membrane; nucleoplasm; nucleolus; extracellular exosome; extracellular region; protein-containing complex; cytosol; membrane; specific granule lumen; tertiary granule lumen; cell-cell junction; alpha-beta T cell receptor complex","protein tyrosine phosphatase activity; protein binding; phosphoprotein phosphatase activity; hydrolase activity; transmembrane receptor protein tyrosine phosphatase activity; protein kinase binding; phosphotyrosine residue binding; non-membrane spanning protein tyrosine phosphatase activity; SH3 domain binding; SH2 domain binding; cell adhesion molecule binding","GO:0006470; GO:0016311; GO:0032715; GO:0032720; GO:0008284; GO:0051897; GO:0008285; GO:0030154; GO:0042110; GO:0016525; GO:0031295; GO:0060338; GO:0106015; GO:0000278; GO:0045824; GO:0007186; GO:2000045; GO:0019221; GO:0070372; GO:0035335; GO:0018108; GO:0031665; GO:0042981; GO:0033007; GO:1905867","GO:0005737; GO:0005634; GO:0005886; GO:0005654; GO:0005730; GO:0070062; GO:0005576; GO:0032991; GO:0005829; GO:0016020; GO:0035580; GO:1904724; GO:0005911; GO:0042105","GO:0004725; GO:0005515; GO:0004721; GO:0016787; GO:0005001; GO:0019901; GO:0001784; GO:0004726; GO:0017124; GO:0042169; GO:0050839",FALSE,TRUE,FALSE,1,"MS"
"P62424","RPL7A",-0.867269927022196,0.275142613202262,124,154.046383966272,0.301972407614087,161,10.65,133,183,"weight_sensitive_candidate","RPL7A","ribosomal protein L7a [Source:HGNC Symbol;Acc:HGNC:10364]","ribosome biogenesis; translation; spermatogenesis; cytoplasmic translation; maturation of LSU-rRNA; striated muscle contraction","ribonucleoprotein complex; nucleus; cytoplasm; focal adhesion; nucleolus; ribosome; cytosolic large ribosomal subunit; cytosol; membrane; cytosolic ribosome; synapse","RNA binding; protein binding; structural constituent of ribosome; cadherin binding","GO:0042254; GO:0006412; GO:0007283; GO:0002181; GO:0000470; GO:0006941","GO:1990904; GO:0005634; GO:0005737; GO:0005925; GO:0005730; GO:0005840; GO:0022625; GO:0005829; GO:0016020; GO:0022626; GO:0045202","GO:0003723; GO:0005515; GO:0003735; GO:0045296",FALSE,FALSE,FALSE,0,"Other"
"O43143","DHX15",-2.01853488514996,0.0123742841615265,36,114.734253368654,0.301778371417453,162,1.48,158,163,"robust_candidate","DHX15","DEAH-box helicase 15 [Source:HGNC Symbol;Acc:HGNC:2738]","RNA splicing; mRNA processing; defense response to virus; immune system process; innate immune response; positive regulation of canonical NF-kappaB signal transduction; mRNA splicing, via spliceosome; response to toxic substance; defense response to bacterium; response to alkaloid","nucleus; nuclear speck; nucleolus; nucleoplasm; spliceosomal complex; U12-type spliceosomal complex","ATP binding; nucleic acid binding; RNA helicase activity; nucleotide binding; RNA binding; hydrolase activity; protein binding; helicase activity; double-stranded RNA binding; ATP hydrolysis activity; ATP-dependent activity, acting on RNA","GO:0008380; GO:0006397; GO:0051607; GO:0002376; GO:0045087; GO:0043123; GO:0000398; GO:0009636; GO:0042742; GO:0043279","GO:0005634; GO:0016607; GO:0005730; GO:0005654; GO:0005681; GO:0005689","GO:0005524; GO:0003676; GO:0003724; GO:0000166; GO:0003723; GO:0016787; GO:0005515; GO:0004386; GO:0003725; GO:0016887; GO:0008186",FALSE,FALSE,FALSE,0,"Other"
"P13473","LAMP2",3.21298351650653,0.000177718613263618,8,101.657735049169,0.301478524867627,163,13.51,140,199,"weight_sensitive_candidate","LAMP2","lysosomal associated membrane protein 2 [Source:HGNC Symbol;Acc:HGNC:6501]","autophagy; protein catabolic process; autophagosome maturation; lysosomal lumen acidification; protein targeting to lysosome involved in chaperone-mediated autophagy; cellular response to starvation; protein targeting; regulation of protein stability; negative regulation of protein-containing complex assembly; chaperone-mediated autophagy; protein import","membrane; extracellular space; plasma membrane; endosome membrane; cytoplasmic vesicle; lysosome; extracellular exosome; lysosomal membrane; endosome; autophagosome membrane; azurophil granule membrane; ficolin-1-rich granule membrane; late endosome membrane; perinuclear region of cytoplasm; trans-Golgi network; autolysosome; lysosomal lumen; late endosome; membrane microdomain; phagocytic vesicle membrane; chaperone-mediated autophagy translocation complex","enzyme binding; protein binding; signaling adaptor activity; protein-macromolecule adaptor activity; ion channel inhibitor activity; protein domain specific binding","GO:0006914; GO:0030163; GO:0097352; GO:0007042; GO:0061740; GO:0009267; GO:0006605; GO:0031647; GO:0031333; GO:0061684; GO:0017038","GO:0016020; GO:0005615; GO:0005886; GO:0010008; GO:0031410; GO:0005764; GO:0070062; GO:0005765; GO:0005768; GO:0000421; GO:0035577; GO:0101003; GO:0031902; GO:0048471; GO:0005802; GO:0044754; GO:0043202; GO:0005770; GO:0098857; GO:0030670; GO:0061742","GO:0019899; GO:0005515; GO:0035591; GO:0030674; GO:0008200; GO:0019904",FALSE,FALSE,TRUE,1,"VT"
"P08865","RPSA",-0.603030905471265,0.470354261693821,124,801.708720872897,0.298802263297783,164,11.61,138,188,"weight_sensitive_candidate","RPSA","ribosomal protein SA [Source:HGNC Symbol;Acc:HGNC:6502]","translation; cell adhesion; symbiont entry into host cell; ribosomal small subunit assembly; cytoplasmic translation","ribosome; small ribosomal subunit; nucleus; cytoplasm; plasma membrane; membrane; cytosol; extracellular exosome; ribonucleoprotein complex; cytosolic small ribosomal subunit; nucleoplasm; cytosolic ribosome","structural constituent of ribosome; laminin receptor activity; RNA binding; DNA binding; protein binding; virus receptor activity; ribosome binding; laminin binding","GO:0006412; GO:0007155; GO:0046718; GO:0000028; GO:0002181","GO:0005840; GO:0015935; GO:0005634; GO:0005737; GO:0005886; GO:0016020; GO:0005829; GO:0070062; GO:1990904; GO:0022627; GO:0005654; GO:0022626","GO:0003735; GO:0005055; GO:0003723; GO:0003677; GO:0005515; GO:0001618; GO:0043022; GO:0043236",FALSE,FALSE,FALSE,0,"Other"
"P62851","RPS25",-1.15688186006583,0.118255651268644,120,8.51743888644515,0.297983177289483,165,9.61,142,189,"weight_sensitive_candidate","RPS25","ribosomal protein S25 [Source:HGNC Symbol;Acc:HGNC:10413]","translation; cytoplasmic translation; rRNA processing; ribosomal small subunit biogenesis","nucleus; cytoplasm; endoplasmic reticulum; cytosol; extracellular exosome; nucleolus; ribonucleoprotein complex; ribosome; cytosolic ribosome; cytosolic small ribosomal subunit; nucleoplasm; small ribosomal subunit; postsynaptic density; synapse","RNA binding; protein binding; structural constituent of ribosome","GO:0006412; GO:0002181; GO:0006364; GO:0042274","GO:0005634; GO:0005737; GO:0005783; GO:0005829; GO:0070062; GO:0005730; GO:1990904; GO:0005840; GO:0022626; GO:0022627; GO:0005654; GO:0015935; GO:0014069; GO:0045202","GO:0003723; GO:0005515; GO:0003735",FALSE,FALSE,FALSE,0,"Other"
"Q08211","DHX9",-0.971858032144116,0.227529364006009,70,3293.85564704927,0.297880048138976,166,7.66,151,180,"weight_sensitive_candidate","DHX9","DExH-box helicase 9 [Source:HGNC Symbol;Acc:HGNC:2750]","RNA splicing; mRNA transport; mRNA processing; rhythmic process; regulation of translation; immune system process; innate immune response; chromatin organization; positive regulation of DNA repair; positive regulation of transcription by RNA polymerase II; regulatory ncRNA-mediated gene silencing; DNA replication; inflammatory response; regulation of transcription by RNA polymerase II; regulation of mRNA processing; osteoblast differentiation; RISC complex assembly; positive regulation of interferon-beta production; positive regulation of innate immune response; positive regulation of inflammatory response; positive regulation of interferon-alpha production; positive regulation of interleukin-6 production; positive regulation of tumor necrosis factor production; DNA-templated transcription termination; CRD-mediated mRNA stabilization; pyroptotic inflammatory response; positive regulation of DNA replication; positive regulation of fibroblast proliferation; negative regulation of nuclear-transcribed mRNA catabolic process, deadenylation-dependent decay; alternative mRNA splicing, via spliceosome; cellular response to exogenous dsRNA; positive regulation of response to cytokine stimulus; positive regulation of interleukin-18 production; positive regulation of RNA export from nucleus; miRNA-mediated post-transcriptional gene silencing; DNA-templated viral transcription; positive regulation of viral transcription; regulation of defense response to virus by host; protein-containing complex assembly; regulation of cytoplasmic translation","nucleus; cytoplasm; membrane; nucleoplasm; cytoplasmic ribonucleoprotein granule; nucleolus; actin cytoskeleton; ribonucleoprotein complex; nuclear body; centrosome; protein-containing complex; RISC complex; RISC-loading complex; cytosol; CRD-mediated mRNA stability complex; perichromatin fibrils","ATP binding; nucleic acid binding; double-stranded RNA binding; nucleotide binding; RNA binding; hydrolase activity; metal ion binding; DNA binding; protein binding; RNA helicase activity; helicase activity; mRNA binding; ATP hydrolysis activity; RNA polymerase II cis-regulatory region sequence-specific DNA binding; transcription coactivator activity; double-stranded DNA binding; DNA helicase activity; 3'-5' DNA helicase activity; RNA polymerase II complex binding; ribosome binding; transcription coregulator activity; single-stranded RNA binding; chromatin DNA binding; ribonucleoside triphosphate phosphatase activity; single-stranded DNA binding; siRNA binding; RNA stem-loop binding; DNA replication origin binding; RNA polymerase binding; nucleoside triphosphate diphosphatase activity; RNA polymerase II-specific DNA-binding transcription factor binding; regulatory region RNA binding; 3'-5' RNA helicase activity; triplex DNA binding; importin-alpha family protein binding","GO:0008380; GO:0051028; GO:0006397; GO:0048511; GO:0006417; GO:0002376; GO:0045087; GO:0006325; GO:0045739; GO:0045944; GO:0031047; GO:0006260; GO:0006954; GO:0006357; GO:0050684; GO:0001649; GO:0070922; GO:0032728; GO:0045089; GO:0050729; GO:0032727; GO:0032755; GO:0032760; GO:0006353; GO:0070934; GO:0070269; GO:0045740; GO:0048146; GO:1900152; GO:0000380; GO:0071360; GO:0060760; GO:0032741; GO:0046833; GO:0035195; GO:0039695; GO:0050434; GO:0050691; GO:0065003; GO:2000765","GO:0005634; GO:0005737; GO:0016020; GO:0005654; GO:0036464; GO:0005730; GO:0015629; GO:1990904; GO:0016604; GO:0005813; GO:0032991; GO:0016442; GO:0070578; GO:0005829; GO:0070937; GO:0005726","GO:0005524; GO:0003676; GO:0003725; GO:0000166; GO:0003723; GO:0016787; GO:0046872; GO:0003677; GO:0005515; GO:0003724; GO:0004386; GO:0003729; GO:0016887; GO:0000978; GO:0003713; GO:0003690; GO:0003678; GO:0043138; GO:0000993; GO:0043022; GO:0003712; GO:0003727; GO:0031490; GO:0017111; GO:0003697; GO:0035197; GO:0035613; GO:0003688; GO:0070063; GO:0047429; GO:0061629; GO:0001069; GO:0034458; GO:0045142; GO:0061676",FALSE,TRUE,FALSE,1,"MS"
"P26368","U2AF2",-1.37292311545881,0.0714527310011304,56,467.848976097176,0.296440718591491,167,3.97,162,177,"weight_sensitive_candidate","U2AF2","U2 small nuclear RNA auxiliary factor 2 [Source:HGNC Symbol;Acc:HGNC:23156]","mRNA processing; negative regulation of protein ubiquitination; RNA splicing; negative regulation of mRNA splicing, via spliceosome; mRNA splicing, via spliceosome; positive regulation of RNA splicing; spliceosomal complex assembly","nucleus; spliceosomal complex; nuclear speck; nucleoplasm; Prp19 complex; U2-type prespliceosome; commitment complex; U2AF complex","RNA binding; nucleic acid binding; protein binding; enzyme binding; molecular function inhibitor activity; pre-mRNA 3'-splice site binding; poly-pyrimidine tract binding","GO:0006397; GO:0031397; GO:0008380; GO:0048025; GO:0000398; GO:0033120; GO:0000245","GO:0005634; GO:0005681; GO:0016607; GO:0005654; GO:0000974; GO:0071004; GO:0000243; GO:0089701","GO:0003723; GO:0003676; GO:0005515; GO:0019899; GO:0140678; GO:0030628; GO:0008187",FALSE,FALSE,FALSE,0,"Other"
"Q9UQ80","PA2G4",-0.867821030047867,0.254668307740433,110,158.078440633908,0.295822878978112,168,9.65,151,192,"weight_sensitive_candidate","PA2G4","proliferation-associated 2G4 [Source:HGNC Symbol;Acc:HGNC:8550]","negative regulation of apoptotic process; regulation of translation; rRNA processing; positive regulation of cell differentiation; negative regulation of DNA-templated transcription","cytoplasm; membrane; cytosol; extracellular exosome; nucleolus; ribonucleoprotein complex; extracellular region; nucleus; azurophil granule lumen","RNA binding; protein binding; ubiquitin protein ligase binding; transcription corepressor activity; nucleic acid binding","GO:0043066; GO:0006417; GO:0006364; GO:0045597; GO:0045892","GO:0005737; GO:0016020; GO:0005829; GO:0070062; GO:0005730; GO:1990904; GO:0005576; GO:0005634; GO:0035578","GO:0003723; GO:0005515; GO:0031625; GO:0003714; GO:0003676",FALSE,FALSE,FALSE,0,"Other"
"Q13501","SQSTM1",1.75414226911315,0.0188267740663513,28,1936.86937809724,0.29403076830838,169,4.9,167,185,"weight_sensitive_candidate","SQSTM1","sequestosome 1 [Source:HGNC Symbol;Acc:HGNC:11280]","apoptotic process; autophagy; intracellular signal transduction; cell differentiation; immune system process; negative regulation of protein ubiquitination; cellular response to stress; protein catabolic process; positive regulation of autophagy; positive regulation of transcription by RNA polymerase II; protein localization; macroautophagy; endosome organization; endosomal transport; protein localization to perinuclear region of cytoplasm; regulation of protein complex stability; protein targeting to vacuole involved in autophagy; mitophagy; negative regulation of toll-like receptor 4 signaling pathway; regulation of canonical NF-kappaB signal transduction; positive regulation of protein localization to plasma membrane; ubiquitin-dependent protein catabolic process; regulation of mitochondrion organization; pexophagy; regulation of Ras protein signal transduction; positive regulation of apoptotic process; membraneless organelle assembly; autophagy of mitochondrion; aggrephagy; response to mitochondrial depolarisation; temperature homeostasis; response to ischemia; protein import into nucleus; brown fat cell proliferation; energy homeostasis","nucleus; cytoplasm; PML body; cytosol; autophagosome; cytoplasmic vesicle; endoplasmic reticulum; lysosome; late endosome; extracellular exosome; P-body; sarcomere; phagophore assembly site; nucleoplasm; inclusion body; intracellular membraneless organelle; aggresome; amphisome; autolysosome; synapse; glutamatergic synapse; mitochondrion; sperm midpiece; Lewy body","zinc ion binding; protein binding; enzyme binding; metal ion binding; identical protein binding; ubiquitin protein ligase binding; protein kinase binding; signaling adaptor activity; ubiquitin binding; signaling receptor activity; protein-macromolecule adaptor activity; K63-linked polyubiquitin modification-dependent protein binding; SH2 domain binding; protein sequestering activity; ubiquitin-modified protein reader activity; protein kinase C binding; ionotropic glutamate receptor binding; molecular sequestering activity; receptor tyrosine kinase binding; protein-containing complex binding","GO:0006915; GO:0006914; GO:0035556; GO:0030154; GO:0002376; GO:0031397; GO:0033554; GO:0030163; GO:0010508; GO:0045944; GO:0008104; GO:0016236; GO:0007032; GO:0016197; GO:1905719; GO:0061635; GO:0071211; GO:0000423; GO:0034144; GO:0043122; GO:1903078; GO:0006511; GO:0010821; GO:0000425; GO:0046578; GO:0043065; GO:0140694; GO:0000422; GO:0035973; GO:0098780; GO:0001659; GO:0002931; GO:0006606; GO:0070342; GO:0097009","GO:0005634; GO:0005737; GO:0016605; GO:0005829; GO:0005776; GO:0031410; GO:0005783; GO:0005764; GO:0005770; GO:0070062; GO:0000932; GO:0030017; GO:0000407; GO:0005654; GO:0016234; GO:0043232; GO:0016235; GO:0044753; GO:0044754; GO:0045202; GO:0098978; GO:0005739; GO:0097225; GO:0097413","GO:0008270; GO:0005515; GO:0019899; GO:0046872; GO:0042802; GO:0031625; GO:0019901; GO:0035591; GO:0043130; GO:0038023; GO:0030674; GO:0070530; GO:0042169; GO:0140311; GO:0140036; GO:0005080; GO:0035255; GO:0140313; GO:0030971; GO:0044877",FALSE,TRUE,TRUE,2,"MS,VT"
"P51991","HNRNPA3",-2.24152801416703,0.00402032991235446,30,13.904638283565,0.293979276495252,170,4.96,166,183,"weight_sensitive_candidate","HNRNPA3","heterogeneous nuclear ribonucleoprotein A3 [Source:HGNC Symbol;Acc:HGNC:24941]","mRNA splicing, via spliceosome; RNA splicing; mRNA processing","nucleus; spliceosomal complex; nucleoplasm; ribonucleoprotein complex; catalytic step 2 spliceosome","nucleic acid binding; RNA binding; protein binding; mRNA 3'-UTR binding","GO:0000398; GO:0008380; GO:0006397","GO:0005634; GO:0005681; GO:0005654; GO:1990904; GO:0071013","GO:0003676; GO:0003723; GO:0005515; GO:0003730",FALSE,FALSE,FALSE,0,"Other"
"P36578","RPL4",-0.795859124000025,0.3400492939437,122,92.169406414789,0.292562356160549,171,10.21,153,198,"weight_sensitive_candidate","RPL4","ribosomal protein L4 [Source:HGNC Symbol;Acc:HGNC:10353]","translation; spermatogenesis; cytoplasmic translation; striated muscle contraction","ribosome; nucleus; cytoplasm; membrane; cytosol; focal adhesion; extracellular exosome; nucleolus; rough endoplasmic reticulum; ribonucleoprotein complex; cytosolic large ribosomal subunit; cytosolic ribosome","structural constituent of ribosome; RNA binding; protein binding","GO:0006412; GO:0007283; GO:0002181; GO:0006941","GO:0005840; GO:0005634; GO:0005737; GO:0016020; GO:0005829; GO:0005925; GO:0070062; GO:0005730; GO:0005791; GO:1990904; GO:0022625; GO:0022626","GO:0003735; GO:0003723; GO:0005515",FALSE,FALSE,FALSE,0,"Other"
"P46531","NOTCH1",1.87767688123443,0.0058399526710514,26,428.021645155506,0.29236940325805,172,5.04,170,191,"weight_sensitive_candidate","NOTCH1","notch receptor 1 [Source:HGNC Symbol;Acc:HGNC:7881]","regulation of DNA-templated transcription; multicellular organism development; cell differentiation; Notch signaling pathway; regulation of developmental process; positive regulation of gene expression; negative regulation of BMP signaling pathway; positive regulation of cell population proliferation; negative regulation of cell population proliferation; positive regulation of smooth muscle cell differentiation; epithelial to mesenchymal transition; positive regulation of cell migration; negative regulation of osteoblast differentiation; negative regulation of cell-substrate adhesion; negative regulation of cell adhesion molecule production; positive regulation of cardiac muscle cell proliferation; negative regulation of cardiac muscle hypertrophy; ventricular septum morphogenesis; outflow tract morphogenesis; negative regulation of transcription by RNA polymerase II; angiogenesis; positive regulation of DNA-templated transcription; immune response; positive regulation of transcription by RNA polymerase II; negative regulation of gene expression; cellular response to hypoxia; negative regulation of myoblast differentiation; cilium assembly; positive regulation of ERK1 and ERK2 cascade; pulmonary valve morphogenesis; positive regulation of Ras protein signal transduction; cardiac septum morphogenesis; cellular response to tumor cell; positive regulation of receptor signaling pathway via JAK-STAT; positive regulation of BMP signaling pathway; negative regulation of DNA-templated transcription; heart looping; determination of left/right symmetry; neuronal stem cell population maintenance; regulation of transcription by RNA polymerase II; tube formation; cellular response to vascular endothelial growth factor stimulus; negative regulation of cell migration involved in sprouting angiogenesis; axon guidance; negative regulation of catalytic activity; cardiac epithelial to mesenchymal transition; negative regulation of cell proliferation involved in heart morphogenesis; atrioventricular valve morphogenesis; endocardial cushion morphogenesis; cardiac muscle cell myoblast differentiation; cardiac muscle tissue morphogenesis; aortic valve morphogenesis; negative regulation of ossification; epithelial to mesenchymal transition involved in endocardial cushion formation; cell migration involved in endocardial cushion formation; negative regulation of anoikis; cardiac right atrium morphogenesis; negative regulation of biomineral tissue development; ventricular trabecula myocardium morphogenesis; negative regulation of stem cell differentiation; positive regulation of astrocyte differentiation; coronary vein morphogenesis; cardiac vascular smooth muscle cell development; coronary artery morphogenesis; cardiac left ventricle morphogenesis; cardiac ventricle morphogenesis; cardiac atrium morphogenesis; pericardium morphogenesis; heart trabecula morphogenesis; negative regulation of extracellular matrix constituent secretion; positive regulation of apoptotic process involved in morphogenesis; negative regulation of neurogenesis; homeostasis of number of cells within a tissue; endocardial cell differentiation; negative regulation of glial cell proliferation; luteolysis; positive regulation of neuroblast proliferation; endocardium development; endocardium morphogenesis; atrioventricular node development; coronary sinus valve morphogenesis; mitral valve formation; cardiac chamber formation; growth involved in heart morphogenesis; regulation of cardioblast proliferation; protein import into nucleus; positive regulation of transcription of Notch receptor target; spermatogenesis; heart development; gene expression; negative regulation of cardiac muscle cell apoptotic process; positive regulation of epithelial to mesenchymal transition; negative regulation of myotube differentiation; mesenchymal cell development; cell differentiation in spinal cord; protein catabolic process; regulation of cell migration; animal organ regeneration; response to muramyl dipeptide; response to lipopolysaccharide; negative regulation of collagen biosynthetic process; regulation of cell population proliferation; tissue regeneration; positive regulation of viral genome replication; positive regulation of endothelial cell differentiation; negative regulation of neuron differentiation; positive regulation of glial cell differentiation; astrocyte differentiation; oligodendrocyte differentiation; negative regulation of oligodendrocyte differentiation; cardiac muscle cell proliferation; arterial endothelial cell differentiation; venous endothelial cell differentiation; vasculogenesis involved in coronary vascular morphogenesis; regulation of cell adhesion involved in heart morphogenesis; positive regulation of cardiac epithelial to mesenchymal transition; left/right axis specification; cellular response to follicle-stimulating hormone stimulus; distal tubule development; collecting duct development; glomerular mesangial cell development; T-helper 17 type immune response; interleukin-17-mediated signaling pathway; chemical synaptic transmission, postsynaptic","membrane; nucleus; plasma membrane; endoplasmic reticulum membrane; apical plasma membrane; Golgi membrane; extracellular region; adherens junction; late endosome membrane; nucleoplasm; cytosol; endosome membrane; cell surface; receptor complex; Schaffer collateral - CA1 synapse; postsynaptic density membrane; glutamatergic synapse; acrosomal vesicle; cytoplasm; endoplasmic reticulum; cytoplasmic vesicle; cell periphery; MAML1-RBP-Jkappa- ICN1 complex","protein binding; calcium ion binding; signaling receptor activity; enzyme binding; metal ion binding; identical protein binding; enzyme inhibitor activity; transcription coactivator activity; transmembrane signaling receptor activity; chromatin binding; Notch binding; chromatin DNA binding","GO:0006355; GO:0007275; GO:0030154; GO:0007219; GO:0050793; GO:0010628; GO:0030514; GO:0008284; GO:0008285; GO:0051152; GO:0001837; GO:0030335; GO:0045668; GO:0010812; GO:0060354; GO:0060045; GO:0010614; GO:0060412; GO:0003151; GO:0000122; GO:0001525; GO:0045893; GO:0006955; GO:0045944; GO:0010629; GO:0071456; GO:0045662; GO:0060271; GO:0070374; GO:0003184; GO:0046579; GO:0060411; GO:0071228; GO:0046427; GO:0030513; GO:0045892; GO:0001947; GO:0007368; GO:0097150; GO:0006357; GO:0035148; GO:0035924; GO:0090051; GO:0007411; GO:0043086; GO:0060317; GO:2000137; GO:0003181; GO:0003203; GO:0060379; GO:0055008; GO:0003180; GO:0030279; GO:0003198; GO:0003273; GO:2000811; GO:0003213; GO:0070168; GO:0003222; GO:2000737; GO:0048711; GO:0003169; GO:0060948; GO:0060982; GO:0003214; GO:0003208; GO:0003209; GO:0003344; GO:0061384; GO:0003332; GO:1902339; GO:0050768; GO:0048873; GO:0060956; GO:0060253; GO:0001554; GO:0002052; GO:0003157; GO:0003160; GO:0003162; GO:0003182; GO:0003192; GO:0003207; GO:0003241; GO:0003264; GO:0006606; GO:0007221; GO:0007283; GO:0007507; GO:0010467; GO:0010667; GO:0010718; GO:0010832; GO:0014031; GO:0021515; GO:0030163; GO:0030334; GO:0031100; GO:0032495; GO:0032496; GO:0032966; GO:0042127; GO:0042246; GO:0045070; GO:0045603; GO:0045665; GO:0045687; GO:0048708; GO:0048709; GO:0048715; GO:0060038; GO:0060842; GO:0060843; GO:0060979; GO:0061344; GO:0062043; GO:0070986; GO:0071372; GO:0072017; GO:0072044; GO:0072144; GO:0072538; GO:0097400; GO:0099565","GO:0016020; GO:0005634; GO:0005886; GO:0005789; GO:0016324; GO:0000139; GO:0005576; GO:0005912; GO:0031902; GO:0005654; GO:0005829; GO:0010008; GO:0009986; GO:0043235; GO:0098685; GO:0098839; GO:0098978; GO:0001669; GO:0005737; GO:0005783; GO:0031410; GO:0071944; GO:0002193","GO:0005515; GO:0005509; GO:0038023; GO:0019899; GO:0046872; GO:0042802; GO:0004857; GO:0003713; GO:0004888; GO:0003682; GO:0005112; GO:0031490",TRUE,TRUE,FALSE,2,"ECM,MS"
"Q02809","PLOD1",3.04570454947546,3.67797937939591e-05,12,0,0.292061204271523,173,16.64,153,214,"weight_sensitive_candidate","PLOD1","procollagen-lysine,2-oxoglutarate 5-dioxygenase 1 [Source:HGNC Symbol;Acc:HGNC:9081]","response to hypoxia; collagen fibril organization; collagen biosynthetic process; epidermis development","extracellular exosome; extracellular space; rough endoplasmic reticulum membrane; endoplasmic reticulum; endoplasmic reticulum membrane; extracellular matrix; Golgi apparatus; catalytic complex","procollagen-lysine 5-dioxygenase activity; iron ion binding; oxidoreductase activity, acting on paired donors, with incorporation or reduction of molecular oxygen; L-ascorbic acid binding; metal ion binding; protein binding; oxidoreductase activity; dioxygenase activity","GO:0001666; GO:0030199; GO:0032964; GO:0008544","GO:0070062; GO:0005615; GO:0030867; GO:0005783; GO:0005789; GO:0031012; GO:0005794; GO:1902494","GO:0008475; GO:0005506; GO:0016705; GO:0031418; GO:0046872; GO:0005515; GO:0016491; GO:0051213",TRUE,FALSE,FALSE,1,"ECM"
"P62277","RPS13",-0.58256703633981,0.476378596320229,124,345.058573261762,0.291511280548564,174,11.01,154,201,"weight_sensitive_candidate","RPS13","ribosomal protein S13 [Source:HGNC Symbol;Acc:HGNC:10386]","translation; ribosomal small subunit biogenesis; negative regulation of RNA splicing; cytoplasmic translation; maturation of SSU-rRNA from tricistronic rRNA transcript (SSU-rRNA, 5.8S rRNA, LSU-rRNA)","ribosome; nucleus; cytoplasm; membrane; focal adhesion; extracellular exosome; nucleolus; ribonucleoprotein complex; cytosolic small ribosomal subunit; nucleoplasm; cytosol; small-subunit processome; cytosolic ribosome; postsynaptic density","structural constituent of ribosome; RNA binding; protein binding; mRNA binding; mRNA 5'-UTR binding","GO:0006412; GO:0042274; GO:0033119; GO:0002181; GO:0000462","GO:0005840; GO:0005634; GO:0005737; GO:0016020; GO:0005925; GO:0070062; GO:0005730; GO:1990904; GO:0022627; GO:0005654; GO:0005829; GO:0032040; GO:0022626; GO:0014069","GO:0003735; GO:0003723; GO:0005515; GO:0003729; GO:0048027",FALSE,FALSE,FALSE,0,"Other"
"P06213","INSR",2.70934686010507,0.000393950365662745,12,60.5692055749484,0.29117425763269,175,14.27,155,217,"weight_sensitive_candidate","INSR","insulin receptor [Source:HGNC Symbol;Acc:HGNC:6091]","protein phosphorylation; cell surface receptor protein tyrosine kinase signaling pathway; protein autophosphorylation; positive regulation of cell population proliferation; positive regulation of D-glucose import; positive regulation of cell migration; positive regulation of nitric oxide biosynthetic process; positive regulation of MAPK cascade; positive regulation of phosphatidylinositol 3-kinase/protein kinase B signal transduction; cellular response to insulin stimulus; glucose homeostasis; regulation of gene expression; positive regulation of macromolecule biosynthetic process; animal organ development; system development; regulation of multicellular organismal process; positive regulation of cellular component organization; regulation of glucose metabolic process; positive regulation of canonical NF-kappaB signal transduction; insulin receptor signaling pathway; transport across blood-brain barrier; heart morphogenesis; learning; regulation of DNA-templated transcription; positive regulation of mitotic nuclear division; G protein-coupled receptor signaling pathway; amyloid-beta clearance; receptor-mediated endocytosis; positive regulation of glycogen biosynthetic process; positive regulation of glycolytic process; positive regulation of respiratory burst; dendritic spine maintenance; positive regulation of receptor internalization; regulation of glycogen biosynthetic process; memory; positive regulation of protein-containing complex disassembly; regulation of embryonic development; symbiont entry into host cell; positive regulation of developmental growth; male gonad development; adrenal gland development; positive regulation of DNA-templated transcription; positive regulation of meiotic cell cycle; regulation of female gonad development","membrane; plasma membrane; lysosome; late endosome; extracellular exosome; receptor complex; axon; endosome membrane; external side of plasma membrane; caveola; nuclear envelope; nuclear lumen; dendrite membrane; neuronal cell body membrane; insulin receptor complex","ATP binding; protein binding; protein kinase activity; transmembrane receptor protein tyrosine kinase activity; protein tyrosine kinase activity; phosphatidylinositol 3-kinase binding; insulin receptor substrate binding; nucleotide binding; transferase activity; kinase activity; amyloid-beta binding; protein domain specific binding; protein-containing complex binding; GTP binding; insulin-like growth factor receptor binding; cargo receptor activity; insulin receptor activity; protein kinase activator activity; insulin-like growth factor I binding; insulin-like growth factor II binding; insulin binding; identical protein binding","GO:0006468; GO:0007169; GO:0046777; GO:0008284; GO:0046326; GO:0030335; GO:0045429; GO:0043410; GO:0051897; GO:0032869; GO:0042593; GO:0010468; GO:0010557; GO:0048513; GO:0048731; GO:0051239; GO:0051130; GO:0010906; GO:0043123; GO:0008286; GO:0150104; GO:0003007; GO:0007612; GO:0006355; GO:0045840; GO:0007186; GO:0097242; GO:0006898; GO:0045725; GO:0045821; GO:0060267; GO:0097062; GO:0002092; GO:0005979; GO:0007613; GO:0043243; GO:0045995; GO:0046718; GO:0048639; GO:0008584; GO:0030325; GO:0045893; GO:0051446; GO:2000194","GO:0016020; GO:0005886; GO:0005764; GO:0005770; GO:0070062; GO:0043235; GO:0030424; GO:0010008; GO:0009897; GO:0005901; GO:0005635; GO:0031981; GO:0032590; GO:0032809; GO:0005899","GO:0005524; GO:0005515; GO:0004672; GO:0004714; GO:0004713; GO:0043548; GO:0043560; GO:0000166; GO:0016740; GO:0016301; GO:0001540; GO:0019904; GO:0044877; GO:0005525; GO:0005159; GO:0038024; GO:0005009; GO:0030295; GO:0031994; GO:0031995; GO:0043559; GO:0042802",FALSE,TRUE,TRUE,2,"MS,VT"
"Q96CF2","CHMP4C",-2.07134650993472,0.0191358992364661,40,12.3619805233428,0.290823639625686,176,3.78,172,189,"weight_sensitive_candidate","CHMP4C","charged multivesicular body protein 4C [Source:HGNC Symbol;Acc:HGNC:30599]","vacuolar transport; protein transport; plasma membrane repair; mitotic metaphase chromosome alignment; nuclear membrane reassembly; viral budding via host ESCRT complex; ubiquitin-dependent protein catabolic process via the multivesicular body sorting pathway; viral budding from plasma membrane; midbody abscission; multivesicular body sorting pathway; autophagosome maturation; late endosome to lysosome transport; regulation of centrosome duplication; nucleus organization; ubiquitin-independent protein catabolic process via the multivesicular body sorting pathway; negative regulation of cytokinesis; macroautophagy; membrane fission; late endosome to vacuole transport via multivesicular body sorting pathway; autophagy; multivesicular body-lysosome fusion; vesicle budding from membrane; mitotic cytokinesis checkpoint signaling","cytosol; kinetochore; midbody; lysosomal membrane; kinetochore microtubule; multivesicular body membrane; nuclear pore; late endosome membrane; Flemming body; nuclear envelope; plasma membrane; cytoplasmic side of plasma membrane; autophagosome membrane; multivesicular body; ESCRT III complex","protein binding; protein homodimerization activity","GO:0007034; GO:0015031; GO:0001778; GO:0007080; GO:0031468; GO:0039702; GO:0043162; GO:0046761; GO:0061952; GO:0071985; GO:0097352; GO:1902774; GO:0010824; GO:0006997; GO:0090611; GO:0032466; GO:0016236; GO:0090148; GO:0032511; GO:0006914; GO:0061763; GO:0006900; GO:0044878","GO:0005829; GO:0000776; GO:0030496; GO:0005765; GO:0005828; GO:0032585; GO:0005643; GO:0031902; GO:0090543; GO:0005635; GO:0005886; GO:0009898; GO:0000421; GO:0005771; GO:0000815","GO:0005515; GO:0042803",FALSE,FALSE,TRUE,1,"VT"
"P38919","EIF4A3",-0.91203066472363,0.231100758876337,70,1847.8860306106,0.290804918055216,177,7.75,165,191,"weight_sensitive_candidate","EIF4A3","eukaryotic translation initiation factor 4A3 [Source:HGNC Symbol;Acc:HGNC:18683]","nuclear-transcribed mRNA catabolic process, nonsense-mediated decay; mRNA splicing, via spliceosome; RNA splicing; mRNA transport; mRNA processing; regulation of translation; rRNA processing; positive regulation of translation; mRNA export from nucleus; embryonic cranial skeleton morphogenesis; mRNA metabolic process; negative regulation of translation; associative learning; negative regulation of gene expression; exploration behavior; cellular response to selenite ion; negative regulation of excitatory postsynaptic potential; regulation of translation at postsynapse, modulating synaptic transmission; negative regulation of selenocysteine incorporation; cellular response to brain-derived neurotrophic factor stimulus","nucleus; spliceosomal complex; cytoplasm; nuclear speck; membrane; nucleoplasm; postsynapse; catalytic step 2 spliceosome; cytosol; nucleolus; exon-exon junction complex; U2-type catalytic step 1 spliceosome; glutamatergic synapse; dendrite; neuronal cell body; ribonucleoprotein complex","ATP binding; nucleic acid binding; RNA helicase activity; nucleotide binding; RNA binding; hydrolase activity; protein binding; helicase activity; mRNA binding; ATP hydrolysis activity; poly(A) binding; selenocysteine insertion sequence binding; RNA stem-loop binding; ribonucleoprotein complex binding","GO:0000184; GO:0000398; GO:0008380; GO:0051028; GO:0006397; GO:0006417; GO:0006364; GO:0045727; GO:0006406; GO:0048701; GO:0016071; GO:0017148; GO:0008306; GO:0010629; GO:0035640; GO:0072715; GO:0090394; GO:0099578; GO:1904570; GO:1990416","GO:0005634; GO:0005681; GO:0005737; GO:0016607; GO:0016020; GO:0005654; GO:0098794; GO:0071013; GO:0005829; GO:0005730; GO:0035145; GO:0071006; GO:0098978; GO:0030425; GO:0043025; GO:1990904","GO:0005524; GO:0003676; GO:0003724; GO:0000166; GO:0003723; GO:0016787; GO:0005515; GO:0004386; GO:0003729; GO:0016887; GO:0008143; GO:0035368; GO:0035613; GO:0043021",FALSE,FALSE,FALSE,0,"Other"
"P36543","ATP6V1E1",-2.24153907864587,0.00100865121072595,22,22.8795540590976,0.289972075429028,178,7.82,170,202,"weight_sensitive_candidate","ATP6V1E1","ATPase H+ transporting V1 subunit E1 [Source:HGNC Symbol;Acc:HGNC:857]","proton transmembrane transport; monoatomic ion transport; regulation of macroautophagy","proton-transporting two-sector ATPase complex, catalytic domain; cytosol; cytoplasmic vesicle; apical plasma membrane; extracellular exosome; clathrin-coated vesicle membrane; synaptic vesicle membrane; lysosomal membrane; endosome; presynapse; vacuolar proton-transporting V-type ATPase, V1 domain; proton-transporting two-sector ATPase complex; vacuolar membrane","proton-transporting ATPase activity, rotational mechanism; protein binding","GO:1902600; GO:0006811; GO:0016241","GO:0033178; GO:0005829; GO:0031410; GO:0016324; GO:0070062; GO:0030665; GO:0030672; GO:0005765; GO:0005768; GO:0098793; GO:0000221; GO:0016469; GO:0005774","GO:0046961; GO:0005515",FALSE,FALSE,TRUE,1,"VT"
"P31151","S100A7",-2.78488763833423,0.000304518761788442,8,451.774705564044,0.289862251876724,179,16.68,150,224,"weight_sensitive_candidate","S100A7","S100 calcium binding protein A7 [Source:HGNC Symbol;Acc:HGNC:10497]","angiogenesis; positive regulation of ERK1 and ERK2 cascade; response to lipopolysaccharide; positive regulation of T cell chemotaxis; antimicrobial humoral immune response mediated by antimicrobial peptide; keratinocyte differentiation; epidermis development; endothelial cell migration; positive regulation of monocyte chemotaxis; response to reactive oxygen species; positive regulation of granulocyte chemotaxis","nucleus; cytoplasm; extracellular region; extracellular space; cytosol; focal adhesion; endoplasmic reticulum; extracellular matrix; azurophil granule lumen","calcium ion binding; transition metal ion binding; metal ion binding; protein binding; zinc ion binding; calcium-dependent protein binding","GO:0001525; GO:0070374; GO:0032496; GO:0010820; GO:0061844; GO:0030216; GO:0008544; GO:0043542; GO:0090026; GO:0000302; GO:0071624","GO:0005634; GO:0005737; GO:0005576; GO:0005615; GO:0005829; GO:0005925; GO:0005783; GO:0031012; GO:0035578","GO:0005509; GO:0046914; GO:0046872; GO:0005515; GO:0008270; GO:0048306",TRUE,TRUE,FALSE,2,"ECM,MS"
"P62847","RPS24",-0.736034017402908,0.377725924010238,124,86.7523283781108,0.289665362089124,180,10.44,157,204,"weight_sensitive_candidate","RPS24","ribosomal protein S24 [Source:HGNC Symbol;Acc:HGNC:10411]","translation; rRNA processing; ribosomal small subunit biogenesis; cytoplasmic translation; erythrocyte homeostasis","ribosome; nucleus; cytoplasm; membrane; endoplasmic reticulum; cytosol; nucleolus; ribonucleoprotein complex; cytosolic small ribosomal subunit; nucleoplasm; small-subunit processome; small ribosomal subunit; cytosolic ribosome","structural constituent of ribosome; RNA binding; translation initiation factor binding","GO:0006412; GO:0006364; GO:0042274; GO:0002181; GO:0034101","GO:0005840; GO:0005634; GO:0005737; GO:0016020; GO:0005783; GO:0005829; GO:0005730; GO:1990904; GO:0022627; GO:0005654; GO:0032040; GO:0015935; GO:0022626","GO:0003735; GO:0003723; GO:0031369",FALSE,FALSE,FALSE,0,"Other"
"O75348","ATP6V1G1",-2.61766666631453,0.000213116228324189,20,0,0.288590403929476,181,12.32,168,211,"weight_sensitive_candidate","ATP6V1G1","ATPase H+ transporting V1 subunit G1 [Source:HGNC Symbol;Acc:HGNC:864]","proton transmembrane transport; monoatomic ion transport; intracellular iron ion homeostasis; regulation of macroautophagy; cellular response to increased oxygen levels; synaptic vesicle lumen acidification","vacuolar proton-transporting V-type ATPase complex; plasma membrane; cytosol; apical plasma membrane; extracellular exosome; lysosomal membrane; vacuolar proton-transporting V-type ATPase, V1 domain; synaptic vesicle membrane; extrinsic component of synaptic vesicle membrane; proton-transporting V-type ATPase complex; proton-transporting V-type ATPase, V1 domain","proton-transporting ATPase activity, rotational mechanism; protein binding; proton transmembrane transporter activity","GO:1902600; GO:0006811; GO:0006879; GO:0016241; GO:0036295; GO:0097401","GO:0016471; GO:0005886; GO:0005829; GO:0016324; GO:0070062; GO:0005765; GO:0000221; GO:0030672; GO:0098850; GO:0033176; GO:0033180","GO:0046961; GO:0005515; GO:0015078",FALSE,FALSE,TRUE,1,"VT"
"P46776","RPL27A",-0.902736789357206,0.227673481266286,120,20.5202274749163,0.288211823217521,182,10.37,160,209,"weight_sensitive_candidate","RPL27A","ribosomal protein L27a [Source:HGNC Symbol;Acc:HGNC:10329]","translation; spermatogenesis; cytoplasmic translation; striated muscle contraction","ribosome; large ribosomal subunit; cytoplasm; membrane; endoplasmic reticulum; cytosol; ribonucleoprotein complex; nucleoplasm; cytosolic large ribosomal subunit; cytosolic ribosome","structural constituent of ribosome; RNA binding; protein binding","GO:0006412; GO:0007283; GO:0002181; GO:0006941","GO:0005840; GO:0015934; GO:0005737; GO:0016020; GO:0005783; GO:0005829; GO:1990904; GO:0005654; GO:0022625; GO:0022626","GO:0003735; GO:0003723; GO:0005515",FALSE,FALSE,FALSE,0,"Other"
"P78324","SIRPA",-2.78790773047223,0.000225985340180307,12,14.2336130628749,0.288144171170024,183,15.04,161,221,"weight_sensitive_candidate","SIRPA","signal regulatory protein alpha [Source:HGNC Symbol;Acc:HGNC:9662]","negative regulation of interleukin-6 production; negative regulation of tumor necrosis factor production; negative regulation of cytokine production involved in inflammatory response; negative regulation of inflammatory response; regulation of interleukin-1 beta production; regulation of interleukin-6 production; regulation of tumor necrosis factor production; cellular response to interleukin-1; negative regulation of canonical NF-kappaB signal transduction; negative regulation of interferon-beta production; cellular response to hydrogen peroxide; negative regulation of phagocytosis; cell-cell adhesion; positive regulation of reactive oxygen species metabolic process; cell adhesion; positive regulation of phagocytosis; positive regulation of T cell activation; regulation of nitric oxide biosynthetic process; negative regulation of nitric oxide biosynthetic process; regulation of gene expression; negative regulation of ERK1 and ERK2 cascade; cell migration; monocyte extravasation; negative regulation of lipopolysaccharide-mediated signaling pathway; cellular response to type II interferon; regulation of type II interferon production; heterotypic cell-cell adhesion; negative regulation of JNK cascade; cellular response to interleukin-12; negative regulation of chemokine (C-C motif) ligand 5 production","membrane; extracellular exosome; plasma membrane; tertiary granule membrane; cell surface; ficolin-1-rich granule membrane","SH3 domain binding; protein binding; protein phosphatase binding; cell-cell adhesion mediator activity; protein tyrosine kinase binding; protein phosphatase inhibitor activity; protein binding involved in heterotypic cell-cell adhesion; GTPase regulator activity; protein antigen binding","GO:0032715; GO:0032720; GO:1900016; GO:0050728; GO:0032651; GO:0032675; GO:0032680; GO:0071347; GO:0043124; GO:0032688; GO:0070301; GO:0050765; GO:0098609; GO:2000379; GO:0007155; GO:0050766; GO:0050870; GO:0045428; GO:0045019; GO:0010468; GO:0070373; GO:0016477; GO:0035696; GO:0031665; GO:0071346; GO:0032649; GO:0034113; GO:0046329; GO:0071349; GO:0071650","GO:0016020; GO:0070062; GO:0005886; GO:0070821; GO:0009986; GO:0101003","GO:0017124; GO:0005515; GO:0019903; GO:0098632; GO:1990782; GO:0004864; GO:0086080; GO:0030695; GO:1990405",FALSE,TRUE,TRUE,2,"MS,VT"
"Q9UQC9","CLCA2",-4.02184875613017,1.71571767156073e-07,2,0,0.287967695815597,184,28.08,142,241,"weight_sensitive_candidate","CLCA2","chloride channel accessory 2 [Source:HGNC Symbol;Acc:HGNC:2016]","chloride transport; monoatomic ion transport; proteolysis; cell adhesion; monoatomic ion transmembrane transport","extracellular region; plasma membrane; cell junction; anchoring junction; basal plasma membrane","intracellularly calcium-gated chloride channel activity; hydrolase activity; metal ion binding; peptidase activity; metallopeptidase activity; chloride channel activity; metalloendopeptidase activity; ligand-gated monoatomic ion channel activity","GO:0006821; GO:0006811; GO:0006508; GO:0007155; GO:0034220","GO:0005576; GO:0005886; GO:0030054; GO:0070161; GO:0009925","GO:0005229; GO:0016787; GO:0046872; GO:0008233; GO:0008237; GO:0005254; GO:0004222; GO:0015276",FALSE,FALSE,FALSE,0,"Other"
"P39023","RPL3",-0.775917597140083,0.328615552056173,120,58.7415601103399,0.287645304133074,185,10.44,164,210,"weight_sensitive_candidate","RPL3","ribosomal protein L3 [Source:HGNC Symbol;Acc:HGNC:10332]","translation; spermatogenesis; cytoplasmic translation","ribosome; nucleus; cytoplasm; cytosol; focal adhesion; nucleolus; extracellular exosome; ribonucleoprotein complex; cytosolic ribosome; protein-containing complex; cytosolic large ribosomal subunit","structural constituent of ribosome; RNA binding; protein binding","GO:0006412; GO:0007283; GO:0002181","GO:0005840; GO:0005634; GO:0005737; GO:0005829; GO:0005925; GO:0005730; GO:0070062; GO:1990904; GO:0022626; GO:0032991; GO:0022625","GO:0003735; GO:0003723; GO:0005515",FALSE,FALSE,FALSE,0,"Other"
"O43390","HNRNPR",-1.69239118068467,0.0236409029785231,40,98.0812549216267,0.287593207234344,186,2.15,181,190,"weight_sensitive_candidate","HNRNPR","heterogeneous nuclear ribonucleoprotein R [Source:HGNC Symbol;Acc:HGNC:5047]","mRNA splicing, via spliceosome; RNA splicing; mRNA processing","nucleus; spliceosomal complex; cytoplasm; nucleoplasm; ribonucleoprotein complex; catalytic step 2 spliceosome","RNA binding; nucleic acid binding; protein binding; mRNA binding","GO:0000398; GO:0008380; GO:0006397","GO:0005634; GO:0005681; GO:0005737; GO:0005654; GO:1990904; GO:0071013","GO:0003723; GO:0003676; GO:0005515; GO:0003729",FALSE,FALSE,FALSE,0,"Other"
"P46782","RPS5",-0.862373387944093,0.269383587019796,122,24.6820602440158,0.287510956713517,187,10.85,162,215,"weight_sensitive_candidate","RPS5","ribosomal protein S5 [Source:HGNC Symbol;Acc:HGNC:10426]","translation; translational initiation; ribosomal small subunit biogenesis; cytoplasmic translation; regulation of translational fidelity","small ribosomal subunit; cytoplasm; membrane; endoplasmic reticulum; cytosol; focal adhesion; extracellular exosome; nucleolus; ribonucleoprotein complex; ribosome; cytosolic ribosome; cytosolic small ribosomal subunit; nucleoplasm; small-subunit processome; synapse","structural constituent of ribosome; RNA binding; protein binding; mRNA binding; rRNA binding","GO:0006412; GO:0006413; GO:0042274; GO:0002181; GO:0006450","GO:0015935; GO:0005737; GO:0016020; GO:0005783; GO:0005829; GO:0005925; GO:0070062; GO:0005730; GO:1990904; GO:0005840; GO:0022626; GO:0022627; GO:0005654; GO:0032040; GO:0045202","GO:0003735; GO:0003723; GO:0005515; GO:0003729; GO:0019843",FALSE,FALSE,FALSE,0,"Other"
"P62906","RPL10A",-0.820572453560381,0.300265221135521,114,55.1192720538526,0.286828457496853,188,10.35,166,214,"weight_sensitive_candidate","RPL10A","ribosomal protein L10a [Source:HGNC Symbol;Acc:HGNC:10299]","translation; spermatogenesis; cytoplasmic translation; striated muscle contraction; response to ethanol","large ribosomal subunit; nucleus; cytoplasm; membrane; endoplasmic reticulum; cytosol; focal adhesion; nucleolus; extracellular exosome; ribonucleoprotein complex; ribosome; cytosolic large ribosomal subunit; cytosolic ribosome; postsynaptic density","structural constituent of ribosome; RNA binding; protein binding","GO:0006412; GO:0007283; GO:0002181; GO:0006941; GO:0045471","GO:0015934; GO:0005634; GO:0005737; GO:0016020; GO:0005783; GO:0005829; GO:0005925; GO:0005730; GO:0070062; GO:1990904; GO:0005840; GO:0022625; GO:0022626; GO:0014069","GO:0003735; GO:0003723; GO:0005515",FALSE,FALSE,FALSE,0,"Other"
"P01111","NRAS",-1.68525721259112,0.207472893816951,36,1630.73368372866,0.286804049903969,189,4.97,176,196,"weight_sensitive_candidate","NRAS","NRAS proto-oncogene, GTPase [Source:HGNC Symbol;Acc:HGNC:7989]","signal transduction; MAPK cascade; Ras protein signal transduction; positive regulation of cell population proliferation; positive regulation of endothelial cell proliferation; positive regulation of Ras protein signal transduction","membrane; plasma membrane; extracellular exosome; Golgi membrane; endoplasmic reticulum membrane; cytosol; tertiary granule membrane; Golgi apparatus","GTPase activity; GTP binding; nucleotide binding; hydrolase activity; protein binding; G protein activity; protein-containing complex binding","GO:0007165; GO:0000165; GO:0007265; GO:0008284; GO:0001938; GO:0046579","GO:0016020; GO:0005886; GO:0070062; GO:0000139; GO:0005789; GO:0005829; GO:0070821; GO:0005794","GO:0003924; GO:0005525; GO:0000166; GO:0016787; GO:0005515; GO:0003925; GO:0044877",FALSE,TRUE,FALSE,1,"MS"
"P62993","GRB2",-0.8963579770301,0.231208001393,62,2306.59869009005,0.28480793390413,190,6.79,177,202,"weight_sensitive_candidate","GRB2","growth factor receptor bound protein 2 [Source:HGNC Symbol;Acc:HGNC:4566]","cellular response to ionizing radiation; actin cytoskeleton organization; natural killer cell mediated cytotoxicity; negative regulation of natural killer cell mediated cytotoxicity; T cell activation; epidermal growth factor receptor signaling pathway; signal transduction; Ras protein signal transduction; insulin receptor signaling pathway; regulation of MAPK cascade; positive regulation of Rac protein signal transduction; positive regulation of reactive oxygen species metabolic process; signal transduction in response to DNA damage; receptor internalization; Schwann cell development; myelination; insulin-like growth factor receptor signaling pathway; B cell receptor signaling pathway","nucleus; cytoplasm; Golgi apparatus; cytosol; extracellular exosome; COP9 signalosome; plasma membrane; endosome; nucleoplasm; Grb2-EGFR complex; cell cortex; cell-cell junction; vesicle membrane; membrane","protein binding; RNA binding; SH3 domain binding; identical protein binding; protein-macromolecule adaptor activity; ephrin receptor binding; protein domain specific binding; epidermal growth factor receptor binding; phosphotyrosine residue binding; protein kinase binding; insulin receptor substrate binding; neurotrophin TRKA receptor binding; guanyl-nucleotide exchange factor adaptor activity; transmembrane receptor protein tyrosine kinase adaptor activity; protein phosphatase binding","GO:0071479; GO:0030036; GO:0042267; GO:0045953; GO:0042110; GO:0007173; GO:0007165; GO:0007265; GO:0008286; GO:0043408; GO:0035022; GO:2000379; GO:0042770; GO:0031623; GO:0014044; GO:0042552; GO:0048009; GO:0050853","GO:0005634; GO:0005737; GO:0005794; GO:0005829; GO:0070062; GO:0008180; GO:0005886; GO:0005768; GO:0005654; GO:0070436; GO:0005938; GO:0005911; GO:0012506; GO:0016020","GO:0005515; GO:0003723; GO:0017124; GO:0042802; GO:0030674; GO:0046875; GO:0019904; GO:0005154; GO:0001784; GO:0019901; GO:0043560; GO:0005168; GO:0005091; GO:0005068; GO:0019903",FALSE,TRUE,TRUE,2,"MS,VT"
"P62888","RPL30",-0.562811989018574,0.528606642187649,122,170.728837346688,0.283715322669855,191,11.96,168,223,"weight_sensitive_candidate","RPL30","ribosomal protein L30 [Source:HGNC Symbol;Acc:HGNC:10333]","translation; killing of cells of another organism; spermatogenesis; antimicrobial humoral immune response mediated by antimicrobial peptide; cytoplasmic translation; striated muscle contraction","cytosolic large ribosomal subunit; nucleus; cytoplasm; membrane; focal adhesion; extracellular exosome; ribonucleoprotein complex; ribosome; cytosol; cytosolic ribosome; postsynaptic density; synapse","structural constituent of ribosome; RNA binding; protein binding","GO:0006412; GO:0031640; GO:0007283; GO:0061844; GO:0002181; GO:0006941","GO:0022625; GO:0005634; GO:0005737; GO:0016020; GO:0005925; GO:0070062; GO:1990904; GO:0005840; GO:0005829; GO:0022626; GO:0014069; GO:0045202","GO:0003735; GO:0003723; GO:0005515",FALSE,FALSE,FALSE,0,"Other"
"P62495","ETF1",-0.720182812769334,0.376725662649216,116,58.6919585628493,0.282249640401918,192,10.74,174,224,"weight_sensitive_candidate","ETF1","eukaryotic translation termination factor 1 [Source:HGNC Symbol;Acc:HGNC:3477]","translational termination; nuclear-transcribed mRNA catabolic process, nonsense-mediated decay; translation; protein methylation; regulation of translational termination; cytoplasmic translational termination","cytoplasm; cytosol; cytosolic ribosome; translation release factor complex","translation release factor activity; RNA binding; protein binding; peptidyl-tRNA hydrolase activity; ribosome binding; translation termination factor activity; translation release factor activity, codon specific","GO:0006415; GO:0000184; GO:0006412; GO:0006479; GO:0006449; GO:0002184","GO:0005737; GO:0005829; GO:0022626; GO:0018444","GO:0003747; GO:0003723; GO:0005515; GO:0004045; GO:0043022; GO:0008079; GO:0016149",FALSE,FALSE,FALSE,0,"Other"
"P05388","RPLP0",-0.495726524853769,0.568830059238591,122,223.117608392243,0.282225932383189,193,12.3,171,225,"weight_sensitive_candidate","RPLP0","ribosomal protein lateral stalk subunit P0 [Source:HGNC Symbol;Acc:HGNC:10371]","ribosome biogenesis; translation; cytoplasmic translation; spermatogenesis; striated muscle contraction","nucleus; cytoplasm; membrane; cytosol; focal adhesion; extracellular exosome; ribonucleoprotein complex; ribosome; cytosolic large ribosomal subunit; cytoplasmic ribonucleoprotein granule; postsynapse; cytosolic ribosome; postsynaptic density","RNA binding; protein binding; structural constituent of ribosome; large ribosomal subunit rRNA binding","GO:0042254; GO:0006412; GO:0002181; GO:0007283; GO:0006941","GO:0005634; GO:0005737; GO:0016020; GO:0005829; GO:0005925; GO:0070062; GO:1990904; GO:0005840; GO:0022625; GO:0036464; GO:0098794; GO:0022626; GO:0014069","GO:0003723; GO:0005515; GO:0003735; GO:0070180",FALSE,FALSE,FALSE,0,"Other"
"Q07020","RPL18",-0.576145427504724,0.499174244388234,122,114.828074015152,0.28176402672912,194,11.83,173,226,"weight_sensitive_candidate","RPL18","ribosomal protein L18 [Source:HGNC Symbol;Acc:HGNC:10310]","translation; cytoplasmic translation; spermatogenesis; striated muscle contraction","ribosome; nucleus; cytoplasm; membrane; endoplasmic reticulum; cytosol; focal adhesion; rough endoplasmic reticulum; ribonucleoprotein complex; cytosolic large ribosomal subunit; cytosolic ribosome","structural constituent of ribosome; protein binding; RNA binding","GO:0006412; GO:0002181; GO:0007283; GO:0006941","GO:0005840; GO:0005634; GO:0005737; GO:0016020; GO:0005783; GO:0005829; GO:0005925; GO:0005791; GO:1990904; GO:0022625; GO:0022626","GO:0003735; GO:0005515; GO:0003723",FALSE,FALSE,FALSE,0,"Other"
"P35268","RPL22",-0.95840307164023,0.195639747623567,118,4.78979658266451,0.280950655285579,195,10.41,175,228,"weight_sensitive_candidate","RPL22","ribosomal protein L22 [Source:HGNC Symbol;Acc:HGNC:10315]","translation; cytoplasmic translation","ribosome; nucleus; cytoplasm; focal adhesion; extracellular exosome; ribonucleoprotein complex; cytosolic large ribosomal subunit; cytosol; cytosolic ribosome; synapse; presynapse; glutamatergic synapse","structural constituent of ribosome; RNA binding; protein binding; heparin binding; identical protein binding","GO:0006412; GO:0002181","GO:0005840; GO:0005634; GO:0005737; GO:0005925; GO:0070062; GO:1990904; GO:0022625; GO:0005829; GO:0022626; GO:0045202; GO:0098793; GO:0098978","GO:0003735; GO:0003723; GO:0005515; GO:0008201; GO:0042802",FALSE,FALSE,FALSE,0,"Other"
"P62269","RPS18",-0.6244708339398,0.454513665849842,124,53.0437678590538,0.279797218957702,196,12.24,176,232,"weight_sensitive_candidate","RPS18","ribosomal protein S18 [Source:HGNC Symbol;Acc:HGNC:10401]","translation; cytoplasmic translation","ribosome; nucleus; cytoplasm; membrane; cytosol; focal adhesion; extracellular exosome; ribonucleoprotein complex; cytosolic ribosome; cytosolic small ribosomal subunit; nucleoplasm; small ribosomal subunit; postsynaptic density; synapse","structural constituent of ribosome; RNA binding; nucleic acid binding; protein binding; rRNA binding","GO:0006412; GO:0002181","GO:0005840; GO:0005634; GO:0005737; GO:0016020; GO:0005829; GO:0005925; GO:0070062; GO:1990904; GO:0022626; GO:0022627; GO:0005654; GO:0015935; GO:0014069; GO:0045202","GO:0003735; GO:0003723; GO:0003676; GO:0005515; GO:0019843",FALSE,FALSE,FALSE,0,"Other"
"Q9ULZ3","PYCARD",-3.34792690868867,0.000222824989848548,6,21.1470328570879,0.279709486107234,197,21.01,164,240,"weight_sensitive_candidate","PYCARD","PYD and CARD domain containing [Source:HGNC Symbol;Acc:HGNC:16608]","inflammatory response; regulation of apoptotic process; innate immune response; positive regulation of interleukin-1 beta production; apoptotic process; signal transduction; defense response to virus; positive regulation of apoptotic process; immune system process; defense response to bacterium; regulation of protein stability; negative regulation of canonical NF-kappaB signal transduction; cellular response to lipopolysaccharide; positive regulation of interleukin-8 production; positive regulation of actin filament polymerization; positive regulation of activated T cell proliferation; positive regulation of ERK1 and ERK2 cascade; protein homooligomerization; NLRP3 inflammasome complex assembly; canonical inflammasome complex assembly; positive regulation of type II interferon production; positive regulation of T cell activation; positive regulation of interleukin-10 production; positive regulation of interleukin-6 production; positive regulation of tumor necrosis factor production; cellular response to interleukin-1; cellular response to tumor necrosis factor; positive regulation of release of cytochrome c from mitochondria; positive regulation of chemokine production; regulation of inflammatory response; positive regulation of JNK cascade; regulation of tumor necrosis factor-mediated signaling pathway; positive regulation of T cell migration; positive regulation of phagocytosis; activation of innate immune response; pattern recognition receptor signaling pathway; positive regulation of inflammatory response; pyroptotic inflammatory response; negative regulation of cytokine production involved in inflammatory response; intrinsic apoptotic signaling pathway in response to DNA damage by p53 class mediator; macropinocytosis; intrinsic apoptotic signaling pathway by p53 class mediator; negative regulation of interferon-beta production; apoptotic signaling pathway; myeloid dendritic cell activation; intrinsic apoptotic signaling pathway; osmosensory signaling pathway; icosanoid biosynthetic process; positive regulation of canonical NF-kappaB signal transduction; positive regulation of adaptive immune response; myeloid dendritic cell activation involved in immune response; negative regulation of protein serine/threonine kinase activity; positive regulation of antigen processing and presentation of peptide antigen via MHC class II; tumor necrosis factor-mediated signaling pathway; positive regulation of defense response to virus by host","nucleus; cytoplasm; extracellular region; cytosol; nucleoplasm; mitochondrion; endoplasmic reticulum; nucleolus; Golgi membrane; IkappaB kinase complex; canonical inflammasome complex; NLRP3 inflammasome complex; NLRP1 inflammasome complex; secretory granule lumen; azurophil granule lumen; AIM2 inflammasome complex; microtubule; protein-containing complex; neuronal cell body","protein binding; identical protein binding; protein-macromolecule adaptor activity; protein dimerization activity; enzyme binding; pattern recognition receptor activity; protein homodimerization activity; Pyrin domain binding; protease binding; interleukin-6 receptor binding; tropomyosin binding; myosin I binding; BMP receptor binding; transmembrane transporter binding","GO:0006954; GO:0042981; GO:0045087; GO:0032731; GO:0006915; GO:0007165; GO:0051607; GO:0043065; GO:0002376; GO:0042742; GO:0031647; GO:0043124; GO:0071222; GO:0032757; GO:0030838; GO:0042104; GO:0070374; GO:0051260; GO:0044546; GO:0140632; GO:0032729; GO:0050870; GO:0032733; GO:0032755; GO:0032760; GO:0071347; GO:0071356; GO:0090200; GO:0032722; GO:0050727; GO:0046330; GO:0010803; GO:2000406; GO:0050766; GO:0002218; GO:0002221; GO:0050729; GO:0070269; GO:1900016; GO:0042771; GO:0044351; GO:0072332; GO:0032688; GO:0097190; GO:0001773; GO:0097193; GO:0007231; GO:0046456; GO:0043123; GO:0002821; GO:0002277; GO:0071901; GO:0002588; GO:0033209; GO:0002230","GO:0005634; GO:0005737; GO:0005576; GO:0005829; GO:0005654; GO:0005739; GO:0005783; GO:0005730; GO:0000139; GO:0008385; GO:0061702; GO:0072559; GO:0072558; GO:0034774; GO:0035578; GO:0097169; GO:0005874; GO:0032991; GO:0043025","GO:0005515; GO:0042802; GO:0030674; GO:0046983; GO:0019899; GO:0038187; GO:0042803; GO:0032090; GO:0002020; GO:0005138; GO:0005523; GO:0017024; GO:0070700; GO:0044325",FALSE,TRUE,TRUE,2,"MS,VT"
"P18124","RPL7",-0.644176087461226,0.446255970802465,120,58.7415601103399,0.279653666980827,198,11.4,177,231,"weight_sensitive_candidate","RPL7","ribosomal protein L7 [Source:HGNC Symbol;Acc:HGNC:10363]","translation; rRNA processing; spermatogenesis; ribosomal large subunit biogenesis; cytoplasmic translation; maturation of LSU-rRNA from tricistronic rRNA transcript (SSU-rRNA, 5.8S rRNA, LSU-rRNA); striated muscle contraction","nucleus; cytoplasm; membrane; cytosol; focal adhesion; nucleolus; ribonucleoprotein complex; ribosome; cytosolic large ribosomal subunit; cytosolic ribosome; postsynaptic density","RNA binding; protein binding; structural constituent of ribosome; DNA binding; identical protein binding; mRNA binding","GO:0006412; GO:0006364; GO:0007283; GO:0042273; GO:0002181; GO:0000463; GO:0006941","GO:0005634; GO:0005737; GO:0016020; GO:0005829; GO:0005925; GO:0005730; GO:1990904; GO:0005840; GO:0022625; GO:0022626; GO:0014069","GO:0003723; GO:0005515; GO:0003735; GO:0003677; GO:0042802; GO:0003729",FALSE,FALSE,FALSE,0,"Other"
"Q8NEZ2","VPS37A",-2.16070473378025,0.00803960255599303,36,0.618452380952381,0.27916383134844,199,8.75,189,223,"weight_sensitive_candidate","VPS37A","VPS37A subunit of ESCRT-I [Source:HGNC Symbol;Acc:HGNC:24928]","protein transport; viral budding via host ESCRT complex; ubiquitin-dependent protein catabolic process via the multivesicular body sorting pathway; macroautophagy; protein targeting to membrane; protein targeting to vacuole; protein transport to vacuole involved in ubiquitin-dependent protein catabolic process via the multivesicular body sorting pathway; membrane fission","nucleus; nucleoplasm; late endosome membrane; ESCRT I complex; endosome membrane","protein binding","GO:0015031; GO:0039702; GO:0043162; GO:0016236; GO:0006612; GO:0006623; GO:0043328; GO:0090148","GO:0005634; GO:0005654; GO:0031902; GO:0000813; GO:0010008","GO:0005515",FALSE,FALSE,TRUE,1,"VT"
"P25398","RPS12",-0.718089075931264,0.366555008755449,122,24.6820602440158,0.278951590892692,200,11.3,179,233,"weight_sensitive_candidate","RPS12","ribosomal protein S12 [Source:HGNC Symbol;Acc:HGNC:10385]","translation; ribosomal small subunit biogenesis; cytoplasmic translation; positive regulation of canonical Wnt signaling pathway; maintenance of translational fidelity","ribosome; cytoplasm; membrane; cytosol; nucleolus; ribonucleoprotein complex; cytosolic small ribosomal subunit; nucleoplasm; small-subunit processome; cytosolic ribosome","structural constituent of ribosome; RNA binding; protein binding","GO:0006412; GO:0042274; GO:0002181; GO:0090263; GO:1990145","GO:0005840; GO:0005737; GO:0016020; GO:0005829; GO:0005730; GO:1990904; GO:0022627; GO:0005654; GO:0032040; GO:0022626","GO:0003735; GO:0003723; GO:0005515",FALSE,FALSE,FALSE,0,"Other"
"P50454","SERPINH1",2.3772320828302,0.00194358423336026,16,47.192784534518,0.27894342688844,201,12.41,182,230,"weight_sensitive_candidate","SERPINH1","serpin family H member 1 [Source:HGNC Symbol;Acc:HGNC:1546]","collagen fibril organization; response to unfolded protein","extracellular space; endoplasmic reticulum; endoplasmic reticulum lumen; membrane raft; endoplasmic reticulum-Golgi intermediate compartment; extracellular matrix; cytoplasm","serine-type endopeptidase inhibitor activity; collagen binding; RNA binding; protein binding","GO:0030199; GO:0006986","GO:0005615; GO:0005783; GO:0005788; GO:0045121; GO:0005793; GO:0031012; GO:0005737","GO:0004867; GO:0005518; GO:0003723; GO:0005515",TRUE,FALSE,FALSE,1,"ECM"
"Q02878","RPL6",-0.525425640668288,0.54959425998681,122,114.828074015152,0.278840973476818,202,12.4,180,234,"weight_sensitive_candidate","RPL6","ribosomal protein L6 [Source:HGNC Symbol;Acc:HGNC:10362]","translation; cytoplasmic translation; spermatogenesis; regulation of DNA-templated transcription; striated muscle contraction","ribosome; nucleus; cytoplasm; membrane; cytosol; focal adhesion; rough endoplasmic reticulum; ribonucleoprotein complex; cytosolic large ribosomal subunit; large ribosomal subunit; cytoplasmic ribonucleoprotein granule; cytosolic ribosome; postsynaptic density; synapse","structural constituent of ribosome; RNA binding; protein binding; cadherin binding; DNA binding","GO:0006412; GO:0002181; GO:0007283; GO:0006355; GO:0006941","GO:0005840; GO:0005634; GO:0005737; GO:0016020; GO:0005829; GO:0005925; GO:0005791; GO:1990904; GO:0022625; GO:0015934; GO:0036464; GO:0022626; GO:0014069; GO:0045202","GO:0003735; GO:0003723; GO:0005515; GO:0045296; GO:0003677",FALSE,FALSE,FALSE,0,"Other"
"P08581","MET",1.54068464982015,0.0488835815531247,34,446.630570428249,0.277800851456943,203,5.62,195,218,"weight_sensitive_candidate","MET","MET proto-oncogene, receptor tyrosine kinase [Source:HGNC Symbol;Acc:HGNC:7029]","protein phosphorylation; cell surface receptor protein tyrosine kinase signaling pathway; semaphorin-plexin signaling pathway; regulation of gene expression; cell surface receptor signaling pathway; animal organ development; cell development; negative regulation of autophagy; neuron differentiation; positive regulation of transcription by RNA polymerase II; branching morphogenesis of an epithelial tube; positive chemotaxis; excitatory postsynaptic potential; liver development; endothelial cell morphogenesis; hepatocyte growth factor receptor signaling pathway; positive regulation of endothelial cell chemotaxis","membrane; extracellular region; postsynapse; cell surface; plasma membrane; receptor complex; basal plasma membrane","ATP binding; protein binding; protein kinase activity; transmembrane receptor protein tyrosine kinase activity; protein tyrosine kinase activity; semaphorin receptor activity; nucleotide binding; transferase activity; kinase activity; identical protein binding; protein phosphatase binding; molecular function activator activity; hepatocyte growth factor receptor activity","GO:0006468; GO:0007169; GO:0071526; GO:0010468; GO:0007166; GO:0048513; GO:0048468; GO:0010507; GO:0030182; GO:0045944; GO:0048754; GO:0050918; GO:0060079; GO:0001889; GO:0001886; GO:0048012; GO:2001028","GO:0016020; GO:0005576; GO:0098794; GO:0009986; GO:0005886; GO:0043235; GO:0009925","GO:0005524; GO:0005515; GO:0004672; GO:0004714; GO:0004713; GO:0017154; GO:0000166; GO:0016740; GO:0016301; GO:0042802; GO:0019903; GO:0140677; GO:0005008",FALSE,TRUE,FALSE,1,"MS"
"P61247","RPS3A",-0.584002928098489,0.501115011393984,124,53.0437678590538,0.27731666954534,204,11.81,184,237,"weight_sensitive_candidate","RPS3A","ribosomal protein S3A [Source:HGNC Symbol;Acc:HGNC:10421]","translation; negative regulation of apoptotic process; cell differentiation; translational initiation; ribosomal small subunit biogenesis; cytoplasmic translation","ribosome; nucleus; cytoplasm; endoplasmic reticulum; cytosol; focal adhesion; nucleolus; extracellular exosome; ribonucleoprotein complex; cytosolic small ribosomal subunit; nucleoplasm; small-subunit processome; cytosolic ribosome","structural constituent of ribosome; RNA binding; protein binding; mRNA 5'-UTR binding","GO:0006412; GO:0043066; GO:0030154; GO:0006413; GO:0042274; GO:0002181","GO:0005840; GO:0005634; GO:0005737; GO:0005783; GO:0005829; GO:0005925; GO:0005730; GO:0070062; GO:1990904; GO:0022627; GO:0005654; GO:0032040; GO:0022626","GO:0003735; GO:0003723; GO:0005515; GO:0048027",FALSE,FALSE,FALSE,0,"Other"
"Q07955","SRSF1",-0.860395944693224,0.289641476034223,64,924.020353530984,0.27659458998391,205,7.11,196,222,"weight_sensitive_candidate","SRSF1","serine and arginine rich splicing factor 1 [Source:HGNC Symbol;Acc:HGNC:10780]","mRNA splicing, via spliceosome; RNA splicing; mRNA transport; mRNA processing; regulation of RNA splicing; mRNA 5'-splice site recognition; mRNA splice site recognition; regulation of alternative mRNA splicing, via spliceosome; alternative mRNA splicing, via spliceosome; protein localization to nucleus; mRNA stabilization; cellular response to interleukin-17; interleukin-17-mediated signaling pathway","nucleus; spliceosomal complex; cytoplasm; nuclear speck; cytosol; nucleoplasm; catalytic step 2 spliceosome; exon-exon junction complex","RNA binding; nucleic acid binding; protein binding; mRNA binding; DNA topoisomerase binding","GO:0000398; GO:0008380; GO:0051028; GO:0006397; GO:0043484; GO:0000395; GO:0006376; GO:0000381; GO:0000380; GO:0034504; GO:0048255; GO:0097398; GO:0097400","GO:0005634; GO:0005681; GO:0005737; GO:0016607; GO:0005829; GO:0005654; GO:0071013; GO:0035145","GO:0003723; GO:0003676; GO:0005515; GO:0003729; GO:0044547",FALSE,FALSE,FALSE,0,"Other"
"P62701","RPS4X",-0.820303827624439,0.301184407637366,120,8.51743888644515,0.276475895483436,206,11.25,187,241,"weight_sensitive_candidate","RPS4X","ribosomal protein S4 X-linked [Source:HGNC Symbol;Acc:HGNC:10424]","translation; positive regulation of cell population proliferation; ribosomal small subunit biogenesis; positive regulation of translation; cytoplasmic translation","ribosome; cytoplasm; membrane; focal adhesion; extracellular exosome; nucleolus; ribonucleoprotein complex; cytosolic small ribosomal subunit; nucleoplasm; cytosol; synapse; small-subunit processome; cytoplasmic ribonucleoprotein granule; cytosolic ribosome; small ribosomal subunit","structural constituent of ribosome; RNA binding; protein binding; rRNA binding","GO:0006412; GO:0008284; GO:0042274; GO:0045727; GO:0002181","GO:0005840; GO:0005737; GO:0016020; GO:0005925; GO:0070062; GO:0005730; GO:1990904; GO:0022627; GO:0005654; GO:0005829; GO:0045202; GO:0032040; GO:0036464; GO:0022626; GO:0015935","GO:0003735; GO:0003723; GO:0005515; GO:0019843",FALSE,FALSE,FALSE,0,"Other"
"P17612","PRKACA",-1.4977427103434,0.0415182690037872,30,1001.58282907999,0.276037558575923,207,7.27,197,225,"weight_sensitive_candidate","PRKACA","protein kinase cAMP-activated catalytic subunit alpha [Source:HGNC Symbol;Acc:HGNC:9380]","protein phosphorylation; regulation of cardiac muscle contraction; regulation of cardiac muscle contraction by regulation of the release of sequestered calcium ion; regulation of heart rate; mRNA processing; regulation of cell cycle; chromatin remodeling; cellular response to glucose stimulus; regulation of proteasomal protein catabolic process; regulation of microtubule cytoskeleton organization; positive regulation of cholesterol biosynthetic process; sperm capacitation; adenylate cyclase-activating G protein-coupled receptor signaling pathway; cellular response to heat; regulation of osteoblast differentiation; regulation of bicellular tight junction assembly; adenylate cyclase-inhibiting G protein-coupled receptor signaling pathway; positive regulation of phagocytosis; positive regulation of insulin secretion; regulation of cardiac conduction; regulation of macroautophagy; vascular endothelial cell response to laminar fluid shear stress; renal water homeostasis; mitochondrial protein catabolic process; negative regulation of smoothened signaling pathway; cytokine-mediated signaling pathway; cell communication by electrical coupling involved in cardiac conduction; positive regulation of calcium-mediated signaling; intracellular potassium ion homeostasis; negative regulation of interleukin-2 production; high-density lipoprotein particle assembly; cellular response to epinephrine stimulus; positive regulation of triglyceride catabolic process; positive regulation of gluconeogenesis; negative regulation of glycolytic process; cellular response to glucagon stimulus; postsynaptic modulation of chemical synaptic transmission; negative regulation of glycolytic process through fructose-6-phosphate","nucleus; cytoplasm; nuclear speck; plasma membrane; membrane; mitochondrion; cytoplasmic vesicle; perinuclear region of cytoplasm; extracellular exosome; postsynapse; acrosomal vesicle; motile cilium; axoneme; centrosome; nucleoplasm; cytosol; mitochondrial matrix; plasma membrane raft; calcium channel complex; ciliary base; cAMP-dependent protein kinase complex; nucleotide-activated protein kinase complex; sperm midpiece; lipid droplet; glutamatergic synapse; neuromuscular junction; sperm flagellum","ATP binding; protein serine/threonine kinase activity; protein kinase activity; protein binding; nucleotide binding; transferase activity; kinase activity; cAMP-dependent protein kinase activity; protein serine kinase activity; protein kinase binding; protein kinase A regulatory subunit binding; protein serine/threonine/tyrosine kinase activity; potassium channel inhibitor activity; channel activator activity; magnesium ion binding; protein domain specific binding; manganese ion binding","GO:0006468; GO:0055117; GO:0010881; GO:0002027; GO:0006397; GO:0051726; GO:0006338; GO:0071333; GO:0061136; GO:0070507; GO:0045542; GO:0048240; GO:0007189; GO:0034605; GO:0045667; GO:2000810; GO:0007193; GO:0050766; GO:0032024; GO:1903779; GO:0016241; GO:0097700; GO:0003091; GO:0035694; GO:0045879; GO:0019221; GO:0086064; GO:0050850; GO:0030007; GO:0032703; GO:0034380; GO:0071872; GO:0010898; GO:0045722; GO:0045820; GO:0071377; GO:0099170; GO:1904539","GO:0005634; GO:0005737; GO:0016607; GO:0005886; GO:0016020; GO:0005739; GO:0031410; GO:0048471; GO:0070062; GO:0098794; GO:0001669; GO:0031514; GO:0005930; GO:0005813; GO:0005654; GO:0005829; GO:0005759; GO:0044853; GO:0034704; GO:0097546; GO:0005952; GO:0031588; GO:0097225; GO:0005811; GO:0098978; GO:0031594; GO:0036126","GO:0005524; GO:0004674; GO:0004672; GO:0005515; GO:0000166; GO:0016740; GO:0016301; GO:0004691; GO:0106310; GO:0019901; GO:0034237; GO:0004712; GO:0019870; GO:0099103; GO:0000287; GO:0019904; GO:0030145",FALSE,FALSE,TRUE,1,"VT"
"P38606","ATP6V1A",-2.07872359975261,0.0027060429241154,22,22.8795540590976,0.275761551287819,208,10.13,194,229,"weight_sensitive_candidate","ATP6V1A","ATPase H+ transporting V1 subunit A [Source:HGNC Symbol;Acc:HGNC:851]","proton transmembrane transport; ATP metabolic process; monoatomic ion transport; intracellular iron ion homeostasis; homeostatic process; regulation of macroautophagy; cellular response to increased oxygen levels; vacuolar acidification; lysosomal lumen acidification; endosomal lumen acidification; intracellular pH reduction; Golgi lumen acidification; synaptic vesicle lumen acidification","proton-transporting V-type ATPase, V1 domain; cytoplasm; plasma membrane; cytosol; cytoplasmic vesicle; lysosome; extracellular exosome; secretory granule; clathrin-coated vesicle membrane; lysosomal membrane; transport vesicle; vacuolar proton-transporting V-type ATPase, V1 domain; endosome membrane; Golgi membrane; membrane; proton-transporting two-sector ATPase complex; vacuolar membrane; lysosomal proton-transporting V-type ATPase, V1 domain; extrinsic component of synaptic vesicle membrane; microvillus; apical plasma membrane; proton-transporting V-type ATPase complex","ATP binding; proton-transporting ATPase activity, rotational mechanism; ATP hydrolysis activity; nucleotide binding; protein binding; proton transmembrane transporter activity","GO:1902600; GO:0046034; GO:0006811; GO:0006879; GO:0042592; GO:0016241; GO:0036295; GO:0007035; GO:0007042; GO:0048388; GO:0051452; GO:0061795; GO:0097401","GO:0033180; GO:0005737; GO:0005886; GO:0005829; GO:0031410; GO:0005764; GO:0070062; GO:0030141; GO:0030665; GO:0005765; GO:0030133; GO:0000221; GO:0010008; GO:0000139; GO:0016020; GO:0016469; GO:0005774; GO:0046612; GO:0098850; GO:0005902; GO:0016324; GO:0033176","GO:0005524; GO:0046961; GO:0016887; GO:0000166; GO:0005515; GO:0015078",FALSE,FALSE,TRUE,1,"VT"
"P46781","RPS9",-0.542668383901766,0.54102268302732,122,67.0423119982259,0.275732058388841,209,12.65,188,243,"weight_sensitive_candidate","RPS9","ribosomal protein S9 [Source:HGNC Symbol;Acc:HGNC:10442]","translation; ribosomal small subunit biogenesis; cytoplasmic translation","small ribosomal subunit; nucleus; cytoplasm; membrane; focal adhesion; extracellular exosome; nucleolus; ribonucleoprotein complex; ribosome; cytosolic small ribosomal subunit; nucleoplasm; cytosol; small-subunit processome; cytosolic ribosome; synapse","structural constituent of ribosome; RNA binding; rRNA binding; protein binding","GO:0006412; GO:0042274; GO:0002181","GO:0015935; GO:0005634; GO:0005737; GO:0016020; GO:0005925; GO:0070062; GO:0005730; GO:1990904; GO:0005840; GO:0022627; GO:0005654; GO:0005829; GO:0032040; GO:0022626; GO:0045202","GO:0003735; GO:0003723; GO:0019843; GO:0005515",FALSE,FALSE,FALSE,0,"Other"
"P62266","RPS23",-0.530615701588182,0.552258577754539,122,71.8970193917099,0.275569724593079,210,12.57,189,244,"weight_sensitive_candidate","RPS23","ribosomal protein S23 [Source:HGNC Symbol;Acc:HGNC:10410]","translation; stress granule assembly; ribosomal small subunit biogenesis; cytoplasmic translation; maintenance of translational fidelity","ribosome; small ribosomal subunit; cytoplasm; membrane; cytosol; nucleolus; rough endoplasmic reticulum; ribonucleoprotein complex; cytosolic ribosome; cytosolic small ribosomal subunit; nucleoplasm; synapse; small-subunit processome","structural constituent of ribosome; RNA binding; protein binding","GO:0006412; GO:0034063; GO:0042274; GO:0002181; GO:1990145","GO:0005840; GO:0015935; GO:0005737; GO:0016020; GO:0005829; GO:0005730; GO:0005791; GO:1990904; GO:0022626; GO:0022627; GO:0005654; GO:0045202; GO:0032040","GO:0003735; GO:0003723; GO:0005515",FALSE,FALSE,FALSE,0,"Other"
"Q6UX06","OLFM4",-3.54061394528646,3.381325992227e-06,4,0,0.27525361127294,211,24.7,165,250,"weight_sensitive_candidate","OLFM4","olfactomedin 4 [Source:HGNC Symbol;Acc:HGNC:17190]","cell adhesion; signal transduction; positive regulation of substrate adhesion-dependent cell spreading","extracellular region; extracellular space; plasma membrane; cytosol; nucleoplasm; mitochondrion; perinuclear region of cytoplasm; extracellular exosome; protein-containing complex; specific granule; specific granule lumen; tertiary granule lumen","protein binding; structural molecule activity; cadherin binding","GO:0007155; GO:0007165; GO:1900026","GO:0005576; GO:0005615; GO:0005886; GO:0005829; GO:0005654; GO:0005739; GO:0048471; GO:0070062; GO:0032991; GO:0042581; GO:0035580; GO:1904724","GO:0005515; GO:0005198; GO:0045296",FALSE,FALSE,FALSE,0,"Other"
"P37173","TGFBR2",2.23033701346125,0.00199813491707957,14,180.045468091712,0.274882962607083,212,12.9,187,236,"weight_sensitive_candidate","TGFBR2","transforming growth factor beta receptor 2 [Source:HGNC Symbol;Acc:HGNC:11773]","protein phosphorylation; cell surface receptor protein serine/threonine kinase signaling pathway; transforming growth factor beta receptor signaling pathway; epithelial to mesenchymal transition; positive regulation of epithelial to mesenchymal transition; ventricular septum morphogenesis; outflow tract morphogenesis; regulation of stem cell differentiation; branching involved in blood vessel morphogenesis; positive regulation of developmental process; apoptotic process; cell differentiation; animal organ development; positive regulation of cell population proliferation; regulation of multicellular organismal process; nervous system development; response to lipid; blood vessel morphogenesis; vasculogenesis; heart looping; positive regulation of mesenchymal cell proliferation; outflow tract septum morphogenesis; membranous septum morphogenesis; atrioventricular valve morphogenesis; tricuspid valve morphogenesis; cardiac left ventricle morphogenesis; endocardial cushion fusion; brain development; embryonic hemopoiesis; embryonic cranial skeleton morphogenesis; cartilage development; secondary palate development; response to cholesterol; miRNA transport; heart development; cellular response to growth factor stimulus; regulation of cell population proliferation; artery morphogenesis; aortic valve morphogenesis; activin receptor signaling pathway; positive regulation of SMAD protein signal transduction; positive regulation of reactive oxygen species metabolic process; aorta morphogenesis; roof of mouth development; response to xenobiotic stimulus; positive regulation of T cell tolerance induction; blood vessel development; positive regulation of tolerance induction to self antigen; positive regulation of B cell tolerance induction; myeloid dendritic cell differentiation","membrane; receptor complex; extracellular region; plasma membrane; membrane raft; cell surface; cytosol; external side of plasma membrane; caveola; activin receptor complex","metal ion binding; ATP binding; transmembrane receptor protein serine/threonine kinase activity; signaling receptor activity; protein serine/threonine kinase activity; protein kinase activity; transforming growth factor beta receptor activity, type II; protein binding; nucleotide binding; transferase activity; kinase activity; transforming growth factor beta receptor activity; kinase activator activity; SMAD binding; transforming growth factor beta binding; type I transforming growth factor beta receptor binding; molecular adaptor activity; activin binding; glycosaminoglycan binding; activin receptor activity, type I; type III transforming growth factor beta receptor binding","GO:0006468; GO:0007178; GO:0007179; GO:0001837; GO:0010718; GO:0060412; GO:0003151; GO:2000736; GO:0001569; GO:0051094; GO:0006915; GO:0030154; GO:0048513; GO:0008284; GO:0051239; GO:0007399; GO:0033993; GO:0048514; GO:0001570; GO:0001947; GO:0002053; GO:0003148; GO:0003149; GO:0003181; GO:0003186; GO:0003214; GO:0003274; GO:0007420; GO:0035162; GO:0048701; GO:0051216; GO:0062009; GO:0070723; GO:1990428; GO:0007507; GO:0071363; GO:0042127; GO:0048844; GO:0003180; GO:0032924; GO:0060391; GO:2000379; GO:0035909; GO:0060021; GO:0009410; GO:0002666; GO:0001568; GO:0002651; GO:0002663; GO:0043011","GO:0016020; GO:0043235; GO:0005576; GO:0005886; GO:0045121; GO:0009986; GO:0005829; GO:0009897; GO:0005901; GO:0048179","GO:0046872; GO:0005524; GO:0004675; GO:0038023; GO:0004674; GO:0004672; GO:0005026; GO:0005515; GO:0000166; GO:0016740; GO:0016301; GO:0005024; GO:0019209; GO:0046332; GO:0050431; GO:0034713; GO:0060090; GO:0048185; GO:0005539; GO:0016361; GO:0034714",FALSE,FALSE,FALSE,0,"Other"
"P08708","RPS17",-0.801014441149025,0.363850771221663,120,8.51743888644515,0.274278949514604,213,11.51,193,247,"weight_sensitive_candidate","RPS17","ribosomal protein S17 [Source:HGNC Symbol;Acc:HGNC:10397]","translation; rRNA processing; translational initiation; ribosomal small subunit biogenesis; cytoplasmic translation; erythrocyte homeostasis","ribosome; cytoplasm; membrane; focal adhesion; nucleolus; ribonucleoprotein complex; cytosolic ribosome; cytosolic small ribosomal subunit; nucleoplasm; cytosol; small-subunit processome; synapse","structural constituent of ribosome; RNA binding","GO:0006412; GO:0006364; GO:0006413; GO:0042274; GO:0002181; GO:0034101","GO:0005840; GO:0005737; GO:0016020; GO:0005925; GO:0005730; GO:1990904; GO:0022626; GO:0022627; GO:0005654; GO:0005829; GO:0032040; GO:0045202","GO:0003735; GO:0003723",FALSE,FALSE,FALSE,0,"Other"
"Q9Y3E7","CHMP3",-1.24537109380361,0.0847170132046231,46,254.546442541599,0.273825588985938,214,4.04,207,227,"weight_sensitive_candidate","CHMP3","charged multivesicular body protein 3 [Source:HGNC Symbol;Acc:HGNC:29865]","vacuolar transport; apoptotic process; cell division; protein transport; plasma membrane repair; viral budding via host ESCRT complex; ubiquitin-dependent protein catabolic process via the multivesicular body sorting pathway; viral budding from plasma membrane; midbody abscission; multivesicular body sorting pathway; autophagosome maturation; late endosome to lysosome transport; protein polymerization; suppression of viral release by host; regulation of centrosome duplication; macroautophagy; membrane fission; late endosome to vacuole transport; autophagy; nucleus organization; mitotic metaphase chromosome alignment; viral release from host cell; nuclear membrane reassembly; endosome transport via multivesicular body sorting pathway; multivesicular body-lysosome fusion; endosome to lysosome transport; positive regulation of cytokinesis","plasma membrane; membrane; cytosol; cytoplasmic vesicle; extracellular exosome; kinetochore; midbody; lysosomal membrane; endosome; kinetochore microtubule; multivesicular body membrane; nuclear pore; late endosome membrane; autophagosome membrane; multivesicular body; ESCRT III complex; late endosome; early endosome","protein binding; identical protein binding; phosphatidylcholine binding; molecular function inhibitor activity; ubiquitin-specific protease binding; phosphatidylinositol-4,5-bisphosphate binding","GO:0007034; GO:0006915; GO:0051301; GO:0015031; GO:0001778; GO:0039702; GO:0043162; GO:0046761; GO:0061952; GO:0071985; GO:0097352; GO:1902774; GO:0051258; GO:0044790; GO:0010824; GO:0016236; GO:0090148; GO:0045324; GO:0006914; GO:0006997; GO:0007080; GO:0019076; GO:0031468; GO:0032509; GO:0061763; GO:0008333; GO:0032467","GO:0005886; GO:0016020; GO:0005829; GO:0031410; GO:0070062; GO:0000776; GO:0030496; GO:0005765; GO:0005768; GO:0005828; GO:0032585; GO:0005643; GO:0031902; GO:0000421; GO:0005771; GO:0000815; GO:0005770; GO:0005769","GO:0005515; GO:0042802; GO:0031210; GO:0140678; GO:1990381; GO:0005546",FALSE,FALSE,TRUE,1,"VT"
"P09496","CLTA",3.8674240078866,5.07839379759064e-07,2,0,0.273427571844459,215,29.59,156,261,"weight_sensitive_candidate","CLTA","clathrin light chain A [Source:HGNC Symbol;Acc:HGNC:2090]","intracellular protein transport; vesicle-mediated transport; cell division; chromosome segregation; clathrin-dependent endocytosis; mitotic cell cycle; mitotic spindle organization; clathrin coat assembly; clathrin coat disassembly; endocytosis; synaptic vesicle endocytosis","clathrin coat of trans-Golgi network vesicle; clathrin coat of coated pit; membrane; plasma membrane; cytoplasmic vesicle; spindle; lysosome; endosome; clathrin-coated pit; cytoplasmic vesicle membrane; synaptic vesicle membrane; cytosol; trans-Golgi network membrane; endolysosome membrane; kinetochore microtubule; clathrin-coated endocytic vesicle; clathrin vesicle coat; clathrin coat; clathrin complex; presynaptic endocytic zone membrane; postsynaptic endocytic zone; clathrin-coated vesicle","structural molecule activity; protein binding; clathrin heavy chain binding; peptide binding; protein-containing complex binding; GTPase binding","GO:0006886; GO:0016192; GO:0051301; GO:0007059; GO:0072583; GO:0000278; GO:0007052; GO:0048268; GO:0072318; GO:0006897; GO:0048488","GO:0030130; GO:0030132; GO:0016020; GO:0005886; GO:0031410; GO:0005819; GO:0005764; GO:0005768; GO:0005905; GO:0030659; GO:0030672; GO:0005829; GO:0032588; GO:0036020; GO:0005828; GO:0045334; GO:0030125; GO:0030118; GO:0071439; GO:0098835; GO:0098843; GO:0030136","GO:0005198; GO:0005515; GO:0032050; GO:0042277; GO:0044877; GO:0051020",FALSE,FALSE,TRUE,1,"VT"
"P18621","RPL17",-0.531570027257157,0.538901931055365,120,58.7415601103399,0.273341979068006,216,13.03,194,251,"weight_sensitive_candidate","RPL17","ribosomal protein L17 [Source:HGNC Symbol;Acc:HGNC:10307]","translation; cytoplasmic translation; spermatogenesis; striated muscle contraction","ribosome; large ribosomal subunit; nucleus; cytoplasm; endoplasmic reticulum; cytosol; ribonucleoprotein complex; cytosolic ribosome; cytosolic large ribosomal subunit","structural constituent of ribosome; RNA binding; protein binding","GO:0006412; GO:0002181; GO:0007283; GO:0006941","GO:0005840; GO:0015934; GO:0005634; GO:0005737; GO:0005783; GO:0005829; GO:1990904; GO:0022626; GO:0022625","GO:0003735; GO:0003723; GO:0005515",FALSE,FALSE,FALSE,0,"Other"
"Q02543","RPL18A",-0.527881862411775,0.563940842105875,120,60.876310487477,0.273118664785668,217,13.26,195,253,"weight_sensitive_candidate","RPL18A","ribosomal protein L18a [Source:HGNC Symbol;Acc:HGNC:10311]","translation; cytoplasmic translation; spermatogenesis; striated muscle contraction","ribosome; cytoplasm; membrane; ribonucleoprotein complex; cytosolic large ribosomal subunit; cytosol; cytosolic ribosome; postsynaptic density","structural constituent of ribosome; RNA binding; protein binding","GO:0006412; GO:0002181; GO:0007283; GO:0006941","GO:0005840; GO:0005737; GO:0016020; GO:1990904; GO:0022625; GO:0005829; GO:0022626; GO:0014069","GO:0003735; GO:0003723; GO:0005515",FALSE,FALSE,FALSE,0,"Other"
"P15880","RPS2",-0.488654813994522,0.589778694165434,124,53.0437678590538,0.271949652864601,219,13.99,197,257,"weight_sensitive_candidate","RPS2","ribosomal protein S2 [Source:HGNC Symbol;Acc:HGNC:10404]","translation; cytoplasmic translation; positive regulation of ubiquitin-protein transferase activity","ribosome; small ribosomal subunit; nucleus; cytoplasm; membrane; focal adhesion; nucleoplasm; extracellular exosome; ribonucleoprotein complex; cytosolic small ribosomal subunit; cytosol; cytosolic ribosome","structural constituent of ribosome; RNA binding; enzyme binding; protein binding; mRNA binding; fibroblast growth factor binding; cadherin binding","GO:0006412; GO:0002181; GO:0051443","GO:0005840; GO:0015935; GO:0005634; GO:0005737; GO:0016020; GO:0005925; GO:0005654; GO:0070062; GO:1990904; GO:0022627; GO:0005829; GO:0022626","GO:0003735; GO:0003723; GO:0019899; GO:0005515; GO:0003729; GO:0017134; GO:0045296",FALSE,FALSE,FALSE,0,"Other"
"O95816","BAG2",3.55094740365341,5.74900393398486e-06,4,0,0.271930549780547,220,24.74,174,259,"weight_sensitive_candidate","BAG2","BAG cochaperone 2 [Source:HGNC Symbol;Acc:HGNC:938]","negative regulation of protein ubiquitination; positive regulation of proteolysis; protein folding; protein metabolic process; positive regulation of protein processing; positive regulation of proteasomal protein catabolic process","cytosol; microtubule; axon; dendrite; protein folding chaperone complex","adenyl-nucleotide exchange factor activity; protein-folding chaperone binding; protein binding; identical protein binding; tau protein binding; heat shock protein binding; ubiquitin protein ligase binding; transmembrane transporter binding","GO:0031397; GO:0045862; GO:0006457; GO:0019538; GO:0010954; GO:1901800","GO:0005829; GO:0005874; GO:0030424; GO:0030425; GO:0101031","GO:0000774; GO:0051087; GO:0005515; GO:0042802; GO:0048156; GO:0031072; GO:0031625; GO:0044325",FALSE,FALSE,FALSE,0,"Other"
"P39019","RPS19",-0.595078987595031,0.478651953295106,122,24.6820602440158,0.271624169165813,221,13.37,198,258,"weight_sensitive_candidate","RPS19","ribosomal protein S19 [Source:HGNC Symbol;Acc:HGNC:10402]","translation; killing of cells of another organism; rRNA processing; ribosomal small subunit assembly; ribosomal small subunit biogenesis; antimicrobial humoral immune response mediated by antimicrobial peptide; cytoplasmic translation; maturation of SSU-rRNA; monocyte chemotaxis; negative regulation of respiratory burst involved in inflammatory response; erythrocyte differentiation; maturation of SSU-rRNA from tricistronic rRNA transcript (SSU-rRNA, 5.8S rRNA, LSU-rRNA); nucleolus organization; positive regulation of respiratory burst involved in inflammatory response","ribosome; nucleus; cytoplasm; membrane; nucleoplasm; cytosol; focal adhesion; extracellular exosome; nucleolus; ribonucleoprotein complex; cytosolic ribosome; cytosolic small ribosomal subunit; small-subunit processome; postsynaptic density","structural constituent of ribosome; RNA binding; protein binding; identical protein binding; fibroblast growth factor binding","GO:0006412; GO:0031640; GO:0006364; GO:0000028; GO:0042274; GO:0061844; GO:0002181; GO:0030490; GO:0002548; GO:0060266; GO:0030218; GO:0000462; GO:0007000; GO:0060265","GO:0005840; GO:0005634; GO:0005737; GO:0016020; GO:0005654; GO:0005829; GO:0005925; GO:0070062; GO:0005730; GO:1990904; GO:0022626; GO:0022627; GO:0032040; GO:0014069","GO:0003735; GO:0003723; GO:0005515; GO:0042802; GO:0017134",FALSE,TRUE,FALSE,1,"MS"
"P46940","IQGAP1",-1.13759059997782,0.1185664790115,40,1320.32668100687,0.271021056151686,222,5.97,211,240,"weight_sensitive_candidate","IQGAP1","IQ motif containing GTPase activating protein 1 [Source:HGNC Symbol;Acc:HGNC:6110]","regulation of GTPase activity; positive regulation of MAPK cascade; MAPK cascade; cell migration; regulation of actin cytoskeleton organization; epidermal growth factor receptor signaling pathway; cellular response to epidermal growth factor stimulus; regulation of mitotic cell cycle; signal transduction; podocyte development; cellular response to calcium ion; fibroblast growth factor receptor signaling pathway; fibroblast migration; cellular response to platelet-derived growth factor stimulus; cellular response to fibroblast growth factor stimulus; platelet-derived growth factor receptor signaling pathway; caveola assembly","nucleus; cytoplasm; plasma membrane; focal adhesion; cell junction; apical plasma membrane; microtubule; extracellular exosome; actin cytoskeleton; axon; growth cone; basolateral plasma membrane; midbody; cell cortex; neuron projection; microtubule cytoskeleton; ruffle; plasma membrane bounded cell projection; secretory granule membrane; cell leading edge; cytosol; cytoplasmic side of plasma membrane; slit diaphragm; cytoplasmic ribonucleoprotein granule; actin filament; cell-cell junction; lateral plasma membrane; cortical actin cytoskeleton; ribonucleoprotein complex","protein binding; calmodulin binding; small GTPase binding; GTPase activator activity; S100 protein binding; GTPase inhibitor activity; phosphatidylinositol-3,4,5-trisphosphate binding; protein domain specific binding; protein phosphatase binding; cadherin binding; actin filament binding; protein kinase binding; calcium ion binding; protein serine/threonine kinase activator activity; MAP-kinase scaffold activity; molecular adaptor activity","GO:0043087; GO:0043410; GO:0000165; GO:0016477; GO:0032956; GO:0007173; GO:0071364; GO:0007346; GO:0007165; GO:0072015; GO:0071277; GO:0008543; GO:0010761; GO:0036120; GO:0044344; GO:0048008; GO:0070836","GO:0005634; GO:0005737; GO:0005886; GO:0005925; GO:0030054; GO:0016324; GO:0005874; GO:0070062; GO:0015629; GO:0030424; GO:0030426; GO:0016323; GO:0030496; GO:0005938; GO:0043005; GO:0015630; GO:0001726; GO:0120025; GO:0030667; GO:0031252; GO:0005829; GO:0009898; GO:0036057; GO:0036464; GO:0005884; GO:0005911; GO:0016328; GO:0030864; GO:1990904","GO:0005515; GO:0005516; GO:0031267; GO:0005096; GO:0044548; GO:0005095; GO:0005547; GO:0019904; GO:0019903; GO:0045296; GO:0051015; GO:0019901; GO:0005509; GO:0043539; GO:0005078; GO:0060090",FALSE,TRUE,FALSE,1,"MS"
"P62913","RPL11",-0.488452193192995,0.593188243447784,120,60.876310487477,0.271018888511132,223,14.1,200,261,"weight_sensitive_candidate","RPL11","ribosomal protein L11 [Source:HGNC Symbol;Acc:HGNC:10301]","translation; rRNA processing; regulation of signal transduction by p53 class mediator; negative regulation of proteasomal ubiquitin-dependent protein catabolic process; spermatogenesis; protein targeting; ribosomal large subunit biogenesis; protein localization to nucleus; cytoplasmic translation; striated muscle contraction; ribosomal large subunit assembly; negative regulation of ubiquitin-dependent protein catabolic process; positive regulation of signal transduction by p53 class mediator","ribosome; cytoplasm; membrane; nucleoplasm; extracellular exosome; nucleolus; ribonucleoprotein complex; cytosolic large ribosomal subunit; cytosol; protein-containing complex; cytosolic ribosome","structural constituent of ribosome; RNA binding; protein binding; rRNA binding; ubiquitin protein ligase binding; 5S rRNA binding","GO:0006412; GO:0006364; GO:1901796; GO:0032435; GO:0007283; GO:0006605; GO:0042273; GO:0034504; GO:0002181; GO:0006941; GO:0000027; GO:2000059; GO:1901798","GO:0005840; GO:0005737; GO:0016020; GO:0005654; GO:0070062; GO:0005730; GO:1990904; GO:0022625; GO:0005829; GO:0032991; GO:0022626","GO:0003735; GO:0003723; GO:0005515; GO:0019843; GO:0031625; GO:0008097",FALSE,FALSE,FALSE,0,"Other"
"A5D8V6","VPS37C",-2.0587403615455,0.00839175001605477,34,0.579279054279054,0.27094045622166,224,8.35,206,237,"weight_sensitive_candidate","VPS37C","VPS37C subunit of ESCRT-I [Source:HGNC Symbol;Acc:HGNC:26097]","protein transport; viral budding via host ESCRT complex; macroautophagy; protein targeting to membrane; protein targeting to vacuole; ubiquitin-dependent protein catabolic process via the multivesicular body sorting pathway; protein transport to vacuole involved in ubiquitin-dependent protein catabolic process via the multivesicular body sorting pathway; membrane fission","nucleoplasm; extracellular exosome; late endosome membrane; ESCRT I complex; endosome membrane","calcium-dependent protein binding; protein binding","GO:0015031; GO:0039702; GO:0016236; GO:0006612; GO:0006623; GO:0043162; GO:0043328; GO:0090148","GO:0005654; GO:0070062; GO:0031902; GO:0000813; GO:0010008","GO:0048306; GO:0005515",FALSE,FALSE,TRUE,1,"VT"
"P29466","CASP1",-1.87129770324452,0.0107077479689359,16,1610.72629741696,0.270739933404917,225,11.72,195,241,"weight_sensitive_candidate","CASP1","caspase 1 [Source:HGNC Symbol;Acc:HGNC:1499]","proteolysis; positive regulation of interleukin-1 beta production; apoptotic process; regulation of apoptotic process; defense response to bacterium; positive regulation of canonical NF-kappaB signal transduction; inflammatory response; protein maturation; cellular response to lipopolysaccharide; protein processing; positive regulation of inflammatory response; response to lipopolysaccharide; cellular response to type II interferon; defense response to virus; cellular response to mechanical stimulus; regulation of inflammatory response; signal transduction; positive regulation of apoptotic process; pattern recognition receptor signaling pathway; pyroptotic inflammatory response; protein autoprocessing; osmosensory signaling pathway; positive regulation of interleukin-18 production; icosanoid biosynthetic process; signaling receptor ligand precursor processing","cytoplasm; plasma membrane; cytosol; protein-containing complex; NLRP3 inflammasome complex; NLRP1 inflammasome complex; nucleolus; AIM2 inflammasome complex; microtubule; IPAF inflammasome complex; protease inhibitor complex","cysteine-type peptidase activity; cysteine-type endopeptidase activity; hydrolase activity; enzyme binding; protein binding; peptidase activity; identical protein binding; kinase binding; cytokine binding; endopeptidase activity; cysteine-type endopeptidase activator activity involved in apoptotic process","GO:0006508; GO:0032731; GO:0006915; GO:0042981; GO:0042742; GO:0043123; GO:0006954; GO:0051604; GO:0071222; GO:0016485; GO:0050729; GO:0032496; GO:0071346; GO:0051607; GO:0071260; GO:0050727; GO:0007165; GO:0043065; GO:0002221; GO:0070269; GO:0016540; GO:0007231; GO:0032741; GO:0046456; GO:0140448","GO:0005737; GO:0005886; GO:0005829; GO:0032991; GO:0072559; GO:0072558; GO:0005730; GO:0097169; GO:0005874; GO:0072557; GO:0097179","GO:0008234; GO:0004197; GO:0016787; GO:0019899; GO:0005515; GO:0008233; GO:0042802; GO:0019900; GO:0019955; GO:0004175; GO:0008656",FALSE,FALSE,FALSE,0,"Other"
"P62280","RPS11",-0.727156423322633,0.379496920389347,120,8.51743888644515,0.270720311103019,226,13.04,201,262,"weight_sensitive_candidate","RPS11","ribosomal protein S11 [Source:HGNC Symbol;Acc:HGNC:10384]","translation; ribosomal small subunit biogenesis; cytoplasmic translation","ribosome; cytoplasm; membrane; focal adhesion; extracellular exosome; nucleolus; ribonucleoprotein complex; cytosolic ribosome; cytosolic small ribosomal subunit; nucleoplasm; cytosol; small-subunit processome; synapse","structural constituent of ribosome; RNA binding; protein binding; rRNA binding","GO:0006412; GO:0042274; GO:0002181","GO:0005840; GO:0005737; GO:0016020; GO:0005925; GO:0070062; GO:0005730; GO:1990904; GO:0022626; GO:0022627; GO:0005654; GO:0005829; GO:0032040; GO:0045202","GO:0003735; GO:0003723; GO:0005515; GO:0019843",FALSE,FALSE,FALSE,0,"Other"
"P62750","RPL23A",-0.395638326663907,0.665326372606057,122,93.6315328415882,0.270240938100559,227,14.83,203,264,"weight_sensitive_candidate","RPL23A","ribosomal protein L23a [Source:HGNC Symbol;Acc:HGNC:10317]","translation; spermatogenesis; cytoplasmic translation; striated muscle contraction","ribosome; nucleus; cytoplasm; extracellular exosome; nucleolus; ribonucleoprotein complex; cytosolic large ribosomal subunit; cytosol; cytosolic ribosome; synapse","structural constituent of ribosome; rRNA binding; RNA binding; protein binding; cadherin binding","GO:0006412; GO:0007283; GO:0002181; GO:0006941","GO:0005840; GO:0005634; GO:0005737; GO:0070062; GO:0005730; GO:1990904; GO:0022625; GO:0005829; GO:0022626; GO:0045202","GO:0003735; GO:0019843; GO:0003723; GO:0005515; GO:0045296",FALSE,FALSE,FALSE,0,"Other"
"P05386","RPLP1",-0.676845291229775,0.415181173825313,110,24.3233279064705,0.27016219257696,228,11.85,207,260,"weight_sensitive_candidate","RPLP1","ribosomal protein lateral stalk subunit P1 [Source:HGNC Symbol;Acc:HGNC:10372]","translational elongation; translation; cytoplasmic translation; spermatogenesis; striated muscle contraction","ribosome; endoplasmic reticulum; cytosol; focal adhesion; ribonucleoprotein complex; cytosolic large ribosomal subunit; cytoplasm; cytosolic ribosome","structural constituent of ribosome; protein binding; ribonucleoprotein complex binding; protein kinase activator activity","GO:0006414; GO:0006412; GO:0002181; GO:0007283; GO:0006941","GO:0005840; GO:0005783; GO:0005829; GO:0005925; GO:1990904; GO:0022625; GO:0005737; GO:0022626","GO:0003735; GO:0005515; GO:0043021; GO:0030295",FALSE,FALSE,FALSE,0,"Other"
"P61313","RPL15",-0.793777862302104,0.333017120172703,118,4.78979658266451,0.269899561302218,229,12.59,204,263,"weight_sensitive_candidate","RPL15","ribosomal protein L15 [Source:HGNC Symbol;Acc:HGNC:10306]","translation; cytoplasmic translation; spermatogenesis; striated muscle contraction; response to ethanol","ribosome; nucleus; cytoplasm; ribonucleoprotein complex; ribosomal subunit; cytosolic large ribosomal subunit; cytosol; cytosolic ribosome; synapse; A band","structural constituent of ribosome; RNA binding; protein binding; cadherin binding","GO:0006412; GO:0002181; GO:0007283; GO:0006941; GO:0045471","GO:0005840; GO:0005634; GO:0005737; GO:1990904; GO:0044391; GO:0022625; GO:0005829; GO:0022626; GO:0045202; GO:0031672","GO:0003735; GO:0003723; GO:0005515; GO:0045296",FALSE,FALSE,FALSE,0,"Other"
"P62910","RPL32",-0.46226919827194,0.628262511256321,120,60.876310487477,0.269454587338489,230,14.45,205,266,"weight_sensitive_candidate","RPL32","ribosomal protein L32 [Source:HGNC Symbol;Acc:HGNC:10336]","translation; spermatogenesis; cytoplasmic translation; striated muscle contraction","ribosome; cytoplasm; membrane; ribonucleoprotein complex; cytosolic large ribosomal subunit; cytosol; cytosolic ribosome; synapse","structural constituent of ribosome; RNA binding","GO:0006412; GO:0007283; GO:0002181; GO:0006941","GO:0005840; GO:0005737; GO:0016020; GO:1990904; GO:0022625; GO:0005829; GO:0022626; GO:0045202","GO:0003735; GO:0003723",FALSE,FALSE,FALSE,0,"Other"
"P62244","RPS15A",-0.702401553902217,0.413302465040712,120,8.51743888644515,0.26902046855273,231,12.8,209,267,"weight_sensitive_candidate","RPS15A","ribosomal protein S15a [Source:HGNC Symbol;Acc:HGNC:10389]","translation; response to virus; positive regulation of cell population proliferation; ribosomal small subunit biogenesis; positive regulation of cell cycle; cytoplasmic translation","ribosome; cytoplasm; membrane; extracellular exosome; nucleolus; ribonucleoprotein complex; cytosolic small ribosomal subunit; nucleoplasm; cytosol; synapse; small-subunit processome; cytosolic ribosome","structural constituent of ribosome; RNA binding; protein binding","GO:0006412; GO:0009615; GO:0008284; GO:0042274; GO:0045787; GO:0002181","GO:0005840; GO:0005737; GO:0016020; GO:0070062; GO:0005730; GO:1990904; GO:0022627; GO:0005654; GO:0005829; GO:0045202; GO:0032040; GO:0022626","GO:0003735; GO:0003723; GO:0005515",FALSE,FALSE,FALSE,0,"Other"
"P27105","STOM",-3.80598309455215,6.62710456033059e-07,2,0,0.26882143483209,232,28.7,167,269,"weight_sensitive_candidate","STOM","stomatin [Source:HGNC Symbol;Acc:HGNC:3383]","regulation of monoatomic ion transmembrane transport; positive regulation by host of viral genome replication; positive regulation of viral process; positive regulation of protein targeting to membrane","membrane; plasma membrane; extracellular space; melanosome; cytoskeleton; cytoplasmic vesicle; extracellular exosome; membrane raft; vesicle; blood microparticle; specific granule membrane; tertiary granule membrane; azurophil granule membrane; mitochondrion; endoplasmic reticulum; cytoplasm; perinuclear region of cytoplasm","protein binding; identical protein binding; RNA polymerase binding; ion channel inhibitor activity; protein homodimerization activity","GO:0034765; GO:0044829; GO:0048524; GO:0090314","GO:0016020; GO:0005886; GO:0005615; GO:0042470; GO:0005856; GO:0031410; GO:0070062; GO:0045121; GO:0031982; GO:0072562; GO:0035579; GO:0070821; GO:0035577; GO:0005739; GO:0005783; GO:0005737; GO:0048471","GO:0005515; GO:0042802; GO:0070063; GO:0008200; GO:0042803",FALSE,FALSE,TRUE,1,"VT"
"P61353","RPL27",-0.767570424473178,0.33980366342052,118,4.78979658266451,0.268599560254602,234,12.69,210,268,"weight_sensitive_candidate","RPL27","ribosomal protein L27 [Source:HGNC Symbol;Acc:HGNC:10328]","translation; rRNA processing; spermatogenesis; cytoplasmic translation; striated muscle contraction","ribosome; nucleus; cytoplasm; membrane; nucleoplasm; cytosol; focal adhesion; nucleolus; extracellular exosome; rough endoplasmic reticulum; ribonucleoprotein complex; cytosolic large ribosomal subunit; cytoplasmic side of rough endoplasmic reticulum membrane; cytosolic ribosome; synapse","structural constituent of ribosome; RNA binding; protein binding","GO:0006412; GO:0006364; GO:0007283; GO:0002181; GO:0006941","GO:0005840; GO:0005634; GO:0005737; GO:0016020; GO:0005654; GO:0005829; GO:0005925; GO:0005730; GO:0070062; GO:0005791; GO:1990904; GO:0022625; GO:0098556; GO:0022626; GO:0045202","GO:0003735; GO:0003723; GO:0005515",FALSE,FALSE,FALSE,0,"Other"
"Q14116","IL18",-2.50099703042421,0.00138462907302823,10,120.859507211891,0.268414074061739,235,14.57,193,246,"weight_sensitive_candidate","IL18","interleukin 18 [Source:HGNC Symbol;Acc:HGNC:5986]","immune response; inflammatory response; cholesterol homeostasis; positive regulation of inflammatory response; triglyceride homeostasis; positive regulation of phosphatidylinositol 3-kinase/protein kinase B signal transduction; positive regulation of neuroinflammatory response; positive regulation of macrophage derived foam cell differentiation; angiogenesis; cell surface receptor signaling pathway; cytokine-mediated signaling pathway; regulation of cell adhesion; positive regulation of activated T cell proliferation; positive regulation of type II interferon production; establishment of skin barrier; positive regulation of chemokine production; positive regulation of transcription by RNA polymerase II; cell-cell signaling; positive regulation of interleukin-13 production; T-helper 1 type immune response; T-helper 1 cell differentiation; cellular response to lipopolysaccharide; interleukin-18-mediated signaling pathway; negative regulation of T-helper 1 type immune response; positive regulation of smooth muscle cell proliferation; positive regulation of interleukin-17 production; positive regulation of granulocyte macrophage colony-stimulating factor production; type 2 immune response; positive regulation of T-helper 2 cell differentiation; positive regulation of tyrosine phosphorylation of STAT protein; positive regulation of natural killer cell proliferation; positive regulation of tissue remodeling; sleep","extracellular space; extracellular region; cytosol","cytokine activity; protein binding; interleukin-18 receptor binding; receptor ligand activity","GO:0006955; GO:0006954; GO:0042632; GO:0050729; GO:0070328; GO:0051897; GO:0150078; GO:0010744; GO:0001525; GO:0007166; GO:0019221; GO:0030155; GO:0042104; GO:0032729; GO:0061436; GO:0032722; GO:0045944; GO:0007267; GO:0032736; GO:0042088; GO:0045063; GO:0071222; GO:0035655; GO:0002826; GO:0048661; GO:0032740; GO:0032725; GO:0042092; GO:0045630; GO:0042531; GO:0032819; GO:0034105; GO:0030431","GO:0005615; GO:0005576; GO:0005829","GO:0005125; GO:0005515; GO:0045515; GO:0048018",FALSE,FALSE,FALSE,0,"Other"
"P61513","RPL37A",-0.748588742799484,0.36565331223772,118,4.78979658266451,0.267240001209386,237,12.78,212,271,"weight_sensitive_candidate","RPL37A","ribosomal protein L37a [Source:HGNC Symbol;Acc:HGNC:10348]","translation; spermatogenesis; cytoplasmic translation; striated muscle contraction","ribosome; nucleus; cytoplasm; focal adhesion; extracellular exosome; ribonucleoprotein complex; cytosolic large ribosomal subunit; cytosol; cytosolic ribosome","structural constituent of ribosome; RNA binding; metal ion binding; protein binding; zinc ion binding","GO:0006412; GO:0007283; GO:0002181; GO:0006941","GO:0005840; GO:0005634; GO:0005737; GO:0005925; GO:0070062; GO:1990904; GO:0022625; GO:0005829; GO:0022626","GO:0003735; GO:0003723; GO:0046872; GO:0005515; GO:0008270",FALSE,FALSE,FALSE,0,"Other"
"Q14185","DOCK1",-1.79209189197382,0.0150533319321213,20,428.743219582789,0.267230275808005,238,8.04,212,243,"weight_sensitive_candidate","DOCK1","dedicator of cytokinesis 1 [Source:HGNC Symbol;Acc:HGNC:2987]","small GTPase-mediated signal transduction; apoptotic process; phagocytosis; positive regulation of substrate adhesion-dependent cell spreading; positive regulation of epithelial cell migration; myoblast fusion; cell migration; signal transduction; integrin-mediated signaling pathway; phagocytosis, engulfment","cytoplasm; membrane; plasma membrane; cytosol; glutamatergic synapse; postsynapse; guanyl-nucleotide exchange factor complex","protein binding; guanyl-nucleotide exchange factor activity; SH3 domain binding; small GTPase binding; GTPase activator activity","GO:0007264; GO:0006915; GO:0006909; GO:1900026; GO:0010634; GO:0007520; GO:0016477; GO:0007165; GO:0007229; GO:0006911","GO:0005737; GO:0016020; GO:0005886; GO:0005829; GO:0098978; GO:0098794; GO:0032045","GO:0005515; GO:0005085; GO:0017124; GO:0031267; GO:0005096",FALSE,TRUE,TRUE,2,"MS,VT"
"P62249","RPS16",-0.660632791930222,0.426138297425698,120,8.51743888644515,0.266959728499161,239,13.2,213,272,"weight_sensitive_candidate","RPS16","ribosomal protein S16 [Source:HGNC Symbol;Acc:HGNC:10396]","translation; rRNA processing; ribosomal small subunit biogenesis; cytoplasmic translation; maturation of SSU-rRNA from tricistronic rRNA transcript (SSU-rRNA, 5.8S rRNA, LSU-rRNA)","ribosome; cytoplasm; membrane; endoplasmic reticulum; cytosol; focal adhesion; extracellular exosome; nucleolus; ribonucleoprotein complex; cytosolic ribosome; cytosolic small ribosomal subunit; nucleoplasm; small-subunit processome; small ribosomal subunit; synapse","structural constituent of ribosome; RNA binding; protein binding","GO:0006412; GO:0006364; GO:0042274; GO:0002181; GO:0000462","GO:0005840; GO:0005737; GO:0016020; GO:0005783; GO:0005829; GO:0005925; GO:0070062; GO:0005730; GO:1990904; GO:0022626; GO:0022627; GO:0005654; GO:0032040; GO:0015935; GO:0045202","GO:0003735; GO:0003723; GO:0005515",FALSE,FALSE,FALSE,0,"Other"
"P56199","ITGA1",1.3279085134554,0.0554734007344297,48,27.2770506791061,0.266432378613779,240,3.11,231,240,"weight_sensitive_candidate","ITGA1","integrin subunit alpha 1 [Source:HGNC Symbol;Acc:HGNC:6134]","cell adhesion; negative regulation of cell population proliferation; integrin-mediated signaling pathway; negative regulation of epidermal growth factor receptor signaling pathway; cell-matrix adhesion; cell-cell adhesion; vasodilation; positive regulation of MAPK cascade; positive regulation of neuron apoptotic process; neuron projection morphogenesis; cell chemotaxis","integrin complex; membrane; focal adhesion; extracellular exosome; cell surface; plasma membrane; integrin alpha1-beta1 complex; acrosomal vesicle; external side of plasma membrane; perikaryon; basal part of cell","metal ion binding; protein binding; protein phosphatase binding; collagen binding; signaling receptor activity; collagen binding involved in cell-matrix adhesion; phosphatase activator activity; signaling receptor binding","GO:0007155; GO:0008285; GO:0007229; GO:0042059; GO:0007160; GO:0098609; GO:0042311; GO:0043410; GO:0043525; GO:0048812; GO:0060326","GO:0008305; GO:0016020; GO:0005925; GO:0070062; GO:0009986; GO:0005886; GO:0034665; GO:0001669; GO:0009897; GO:0043204; GO:0045178","GO:0046872; GO:0005515; GO:0019903; GO:0005518; GO:0038023; GO:0098639; GO:0019211; GO:0005102",TRUE,TRUE,FALSE,2,"ECM,MS"
"P32969","RPL9",-0.682090017913076,0.415181173825313,118,4.78979658266451,0.263401400798525,241,12.5,219,276,"weight_sensitive_candidate","RPL9","ribosomal protein L9 [Source:HGNC Symbol;Acc:HGNC:10369]","translation; cytoplasmic translation; spermatogenesis; striated muscle contraction","ribosome; nucleus; cytoplasm; membrane; endoplasmic reticulum; cytosol; focal adhesion; nucleolus; ribonucleoprotein complex; cytosolic large ribosomal subunit; cytosolic ribosome","structural constituent of ribosome; rRNA binding; protein binding; RNA binding","GO:0006412; GO:0002181; GO:0007283; GO:0006941","GO:0005840; GO:0005634; GO:0005737; GO:0016020; GO:0005783; GO:0005829; GO:0005925; GO:0005730; GO:1990904; GO:0022625; GO:0022626","GO:0003735; GO:0019843; GO:0005515; GO:0003723",FALSE,FALSE,FALSE,0,"Other"
"P61421","ATP6V0D1",-2.27561323403613,0.000890741608000508,20,0,0.263314681662786,242,9.48,221,256,"weight_sensitive_candidate","ATP6V0D1","ATPase H+ transporting V0 subunit d1 [Source:HGNC Symbol;Acc:HGNC:13724]","proton transmembrane transport; monoatomic ion transport; cell projection organization; intracellular iron ion homeostasis; cilium assembly; homeostatic process; regulation of macroautophagy; cellular response to increased oxygen levels; vacuolar acidification; vacuolar transport; synaptic vesicle lumen acidification","proton-transporting V-type ATPase, V0 domain; membrane; cytoplasmic vesicle; extracellular exosome; clathrin-coated vesicle membrane; lysosomal membrane; centrosome; phagocytic vesicle membrane; endosome membrane; early endosome; vacuolar proton-transporting V-type ATPase, V0 domain; vacuolar proton-transporting V-type ATPase complex; synaptic vesicle membrane; synaptic vesicle; apical plasma membrane; axon terminus; protein-containing complex; proton-transporting V-type ATPase complex; plasma membrane proton-transporting V-type ATPase complex","proton-transporting ATPase activity, rotational mechanism; protein binding; proton transmembrane transporter activity; protein-containing complex binding","GO:1902600; GO:0006811; GO:0030030; GO:0006879; GO:0060271; GO:0042592; GO:0016241; GO:0036295; GO:0007035; GO:0007034; GO:0097401","GO:0033179; GO:0016020; GO:0031410; GO:0070062; GO:0030665; GO:0005765; GO:0005813; GO:0030670; GO:0010008; GO:0005769; GO:0000220; GO:0016471; GO:0030672; GO:0008021; GO:0016324; GO:0043679; GO:0032991; GO:0033176; GO:0033181","GO:0046961; GO:0005515; GO:0015078; GO:0044877",FALSE,FALSE,TRUE,1,"VT"
"Q96G03","PGM2",-2.08825564099307,0.00458654853898228,10,1901.99296322705,0.26224498238079,243,12.25,202,259,"weight_sensitive_candidate","PGM2","phosphoglucomutase 2 [Source:HGNC Symbol;Acc:HGNC:8906]","carbohydrate metabolic process; glucose metabolic process; glycogen biosynthetic process; glycogen catabolic process; purine ribonucleoside salvage","cytosol; extracellular exosome; extracellular region; secretory granule lumen; ficolin-1-rich granule lumen","magnesium ion binding; intramolecular phosphotransferase activity; isomerase activity; metal ion binding; protein binding; catalytic activity; phosphoglucomutase activity; phosphopentomutase activity","GO:0005975; GO:0006006; GO:0005978; GO:0005980; GO:0006166","GO:0005829; GO:0070062; GO:0005576; GO:0034774; GO:1904813","GO:0000287; GO:0016868; GO:0016853; GO:0046872; GO:0005515; GO:0003824; GO:0004614; GO:0008973",FALSE,FALSE,FALSE,0,"Other"
"P12004","PCNA",1.8626232678212,0.00618915753107321,16,309.32726162667,0.261929751885478,244,7.23,218,249,"weight_sensitive_candidate","PCNA","proliferating cell nuclear antigen [Source:HGNC Symbol;Acc:HGNC:8729]","regulation of DNA replication; DNA repair; DNA damage response; chromatin organization; DNA replication; epithelial cell differentiation; positive regulation of DNA replication; translesion synthesis; leading strand elongation; mismatch repair; response to oxidative stress; heart development; replication fork processing; response to estradiol; response to lipid; cellular response to UV; estrous cycle; positive regulation of DNA repair; response to cadmium ion; cellular response to hydrogen peroxide; response to dexamethasone; liver regeneration","chromosome, telomeric region; nucleus; nucleoplasm; extracellular exosome; chromatin; nuclear replication fork; centrosome; nuclear lamina; replication fork; cyclin-dependent protein kinase holoenzyme complex; replisome; PCNA complex; PCNA-p21 complex","DNA binding; DNA polymerase processivity factor activity; protein binding; identical protein binding; protein-containing complex binding; chromatin binding; damaged DNA binding; receptor tyrosine kinase binding; DNA polymerase binding; enzyme binding; histone acetyltransferase binding; purine-specific mismatch base pair DNA N-glycosylase activity; nuclear estrogen receptor binding; dinucleotide insertion or deletion binding; MutLalpha complex binding","GO:0006275; GO:0006281; GO:0006974; GO:0006325; GO:0006260; GO:0030855; GO:0045740; GO:0019985; GO:0006272; GO:0006298; GO:0006979; GO:0007507; GO:0031297; GO:0032355; GO:0033993; GO:0034644; GO:0044849; GO:0045739; GO:0046686; GO:0070301; GO:0071548; GO:0097421","GO:0000781; GO:0005634; GO:0005654; GO:0070062; GO:0000785; GO:0043596; GO:0005813; GO:0005652; GO:0005657; GO:0000307; GO:0030894; GO:0043626; GO:0070557","GO:0003677; GO:0030337; GO:0005515; GO:0042802; GO:0044877; GO:0003682; GO:0003684; GO:0030971; GO:0070182; GO:0019899; GO:0035035; GO:0000701; GO:0030331; GO:0032139; GO:0032405",FALSE,FALSE,FALSE,0,"Other"
"P22626","HNRNPA2B1",-0.87512207229096,0.260953689566856,44,1818.37646787731,0.261637807319683,245,7.37,233,258,"weight_sensitive_candidate","HNRNPA2B1","heterogeneous nuclear ribonucleoprotein A2/B1 [Source:HGNC Symbol;Acc:HGNC:5033]","mRNA splicing, via spliceosome; RNA splicing; mRNA transport; mRNA processing; regulation of macromolecule metabolic process; mRNA export from nucleus; positive regulation of telomere maintenance via telomere lengthening; DNA geometric change; RNA transport; miRNA transport","Cajal body; chromosome, telomeric region; nucleus; spliceosomal complex; cytoplasm; extracellular region; membrane; nucleoplasm; extracellular exosome; ribonucleoprotein complex; catalytic step 2 spliceosome; nuclear matrix","nucleic acid binding; RNA binding; protein binding; N6-methyladenosine-containing RNA reader activity; identical protein binding; mRNA 3'-UTR binding; miRNA binding; G-rich strand telomeric DNA binding; single-stranded telomeric DNA binding; DNA polymerase binding; pre-mRNA intronic binding","GO:0000398; GO:0008380; GO:0051028; GO:0006397; GO:0060255; GO:0006406; GO:1904358; GO:0032392; GO:0050658; GO:1990428","GO:0015030; GO:0000781; GO:0005634; GO:0005681; GO:0005737; GO:0005576; GO:0016020; GO:0005654; GO:0070062; GO:1990904; GO:0071013; GO:0016363","GO:0003676; GO:0003723; GO:0005515; GO:1990247; GO:0042802; GO:0003730; GO:0035198; GO:0098505; GO:0043047; GO:0070182; GO:0097157",FALSE,FALSE,FALSE,0,"Other"
"P08582","MELTF",3.68431757872994,8.86783766349862e-07,2,0,0.261379342222904,246,27.03,178,276,"weight_sensitive_candidate","MELTF","melanotransferrin [Source:HGNC Symbol;Acc:HGNC:7037]","monoatomic ion transport; iron ion transport; positive regulation of extracellular matrix disassembly; negative regulation of substrate adhesion-dependent cell spreading; positive regulation of plasminogen activation","extracellular region; extracellular space; plasma membrane; extracellular exosome; cell surface; side of membrane; early endosome; recycling endosome; endoplasmic reticulum lumen","metal ion binding; protein binding; iron ion binding","GO:0006811; GO:0006826; GO:0090091; GO:1900025; GO:0010756","GO:0005576; GO:0005615; GO:0005886; GO:0070062; GO:0009986; GO:0098552; GO:0005769; GO:0055037; GO:0005788","GO:0046872; GO:0005515; GO:0005506",TRUE,FALSE,FALSE,1,"ECM"
"P00749","PLAU",-1.89591361260727,0.00585778443002652,22,19.7990519608077,0.261162941478695,247,4.75,229,249,"weight_sensitive_candidate","PLAU","plasminogen activator, urokinase [Source:HGNC Symbol;Acc:HGNC:9052]","proteolysis; blood coagulation; hemostasis; fibrinolysis; positive regulation of extracellular matrix disassembly; positive regulation of epidermal growth factor receptor signaling pathway; regulation of wound healing; chemotaxis; signal transduction; regulation of cell adhesion; positive regulation of cell migration; regulation of plasminogen activation; negative regulation of plasminogen activation; regulation of smooth muscle cell migration; plasminogen activation; urokinase plasminogen activator signaling pathway; regulation of fibrinolysis; negative regulation of fibrinolysis; regulation of smooth muscle cell-matrix adhesion","extracellular space; extracellular region; focal adhesion; extracellular exosome; cell surface; plasma membrane; specific granule membrane; tertiary granule membrane; serine-type endopeptidase complex; external side of plasma membrane","serine-type endopeptidase activity; hydrolase activity; protein binding; peptidase activity; serine-type peptidase activity; receptor ligand activity","GO:0006508; GO:0007596; GO:0007599; GO:0042730; GO:0090091; GO:0045742; GO:0061041; GO:0006935; GO:0007165; GO:0030155; GO:0030335; GO:0010755; GO:0010757; GO:0014910; GO:0031639; GO:0038195; GO:0051917; GO:0051918; GO:2000097","GO:0005615; GO:0005576; GO:0005925; GO:0070062; GO:0009986; GO:0005886; GO:0035579; GO:0070821; GO:1905370; GO:0009897","GO:0004252; GO:0016787; GO:0005515; GO:0008233; GO:0008236; GO:0048018",TRUE,TRUE,FALSE,2,"ECM,MS"
"Q9Y450","HBS1L",-0.543468832633327,0.619850666472867,106,29.1105494929415,0.260582624258317,248,13.01,225,279,"weight_sensitive_candidate","HBS1L","HBS1 like translational GTPase [Source:HGNC Symbol;Acc:HGNC:4834]","regulation of translation; translation; translational elongation; negative regulation of gene expression; rescue of stalled ribosome; signal transduction; ribosome disassembly; nuclear-transcribed mRNA catabolic process, no-go decay","cytoplasm; membrane; extracellular exosome; cytosolic ribosome; cytosol","GTPase activity; GTP binding; nucleotide binding; hydrolase activity; protein binding; translation elongation factor activity","GO:0006417; GO:0006412; GO:0006414; GO:0010629; GO:0072344; GO:0007165; GO:0032790; GO:0070966","GO:0005737; GO:0016020; GO:0070062; GO:0022626; GO:0005829","GO:0003924; GO:0005525; GO:0000166; GO:0016787; GO:0005515; GO:0003746",FALSE,FALSE,FALSE,0,"Other"
"P09211","GSTP1",-2.67500371437406,0.000160456200980537,4,884,0.26036594955283,250,19.35,190,273,"weight_sensitive_candidate","GSTP1","glutathione S-transferase pi 1 [Source:HGNC Symbol;Acc:HGNC:4638]","negative regulation of canonical NF-kappaB signal transduction; cellular response to lipopolysaccharide; negative regulation of ERK1 and ERK2 cascade; negative regulation of MAPK cascade; negative regulation of transcription by RNA polymerase II; negative regulation of JNK cascade; negative regulation of tumor necrosis factor-mediated signaling pathway; regulation of ERK1 and ERK2 cascade; negative regulation of fibroblast proliferation; lipid metabolic process; negative regulation of apoptotic process; prostaglandin metabolic process; cellular oxidant detoxification; xenobiotic metabolic process; glutathione metabolic process; negative regulation of tumor necrosis factor production; central nervous system development; negative regulation of interleukin-1 beta production; positive regulation of superoxide anion generation; negative regulation of acute inflammatory response; linoleic acid metabolic process; glutathione derivative biosynthetic process; response to reactive oxygen species; response to toxic substance; oligodendrocyte development; animal organ regeneration; response to nutrient levels; response to estradiol; cellular response to insulin stimulus; regulation of stress-activated MAPK cascade; negative regulation of stress-activated MAPK cascade; response to L-ascorbic acid; common myeloid progenitor cell proliferation; nitric oxide storage; response to amino acid; response to ethanol; negative regulation of leukocyte proliferation; cellular response to epidermal growth factor stimulus; cellular response to glucocorticoid stimulus; cellular response to cell-matrix adhesion; negative regulation of smooth muscle cell chemotaxis; negative regulation of vascular associated smooth muscle cell proliferation","nucleus; cytoplasm; extracellular space; cytosol; mitochondrion; extracellular exosome; vesicle; extracellular region; secretory granule lumen; ficolin-1-rich granule lumen; TRAF2-GSTP1 complex","glutathione transferase activity; protein binding; transferase activity; protein serine/threonine kinase inhibitor activity; glutathione peroxidase activity; fatty acid binding; JUN kinase binding; toxic substance binding; protein kinase binding; S-nitrosoglutathione binding; dinitrosyl-iron complex binding; nitric oxide binding","GO:0043124; GO:0071222; GO:0070373; GO:0043409; GO:0000122; GO:0046329; GO:0010804; GO:0070372; GO:0048147; GO:0006629; GO:0043066; GO:0006693; GO:0098869; GO:0006805; GO:0006749; GO:0032720; GO:0007417; GO:0032691; GO:0032930; GO:0002674; GO:0043651; GO:1901687; GO:0000302; GO:0009636; GO:0014003; GO:0031100; GO:0031667; GO:0032355; GO:0032869; GO:0032872; GO:0032873; GO:0033591; GO:0035726; GO:0035732; GO:0043200; GO:0045471; GO:0070664; GO:0071364; GO:0071385; GO:0071460; GO:0071672; GO:1904706","GO:0005634; GO:0005737; GO:0005615; GO:0005829; GO:0005739; GO:0070062; GO:0031982; GO:0005576; GO:0034774; GO:1904813; GO:0097057","GO:0004364; GO:0005515; GO:0016740; GO:0030291; GO:0004602; GO:0005504; GO:0008432; GO:0015643; GO:0019901; GO:0035730; GO:0035731; GO:0070026",FALSE,TRUE,FALSE,1,"MS"
"P18077","RPL35A",-0.628341517294974,0.467422263494771,118,4.78979658266451,0.260185984009461,251,13.36,223,281,"weight_sensitive_candidate","RPL35A","ribosomal protein L35a [Source:HGNC Symbol;Acc:HGNC:10345]","translation; rRNA processing; cytoplasmic translation; spermatogenesis; ribosomal large subunit biogenesis; striated muscle contraction","ribosome; cytoplasm; membrane; extracellular exosome; ribonucleoprotein complex; cytosolic large ribosomal subunit; cytosol; cytosolic ribosome; synapse","structural constituent of ribosome; RNA binding; protein binding; tRNA binding","GO:0006412; GO:0006364; GO:0002181; GO:0007283; GO:0042273; GO:0006941","GO:0005840; GO:0005737; GO:0016020; GO:0070062; GO:1990904; GO:0022625; GO:0005829; GO:0022626; GO:0045202","GO:0003735; GO:0003723; GO:0005515; GO:0000049",FALSE,FALSE,FALSE,0,"Other"
"P55795","HNRNPH2",-1.72841589362795,0.0295952003904323,30,15.9005334748041,0.258066322981905,252,3.14,244,258,"weight_sensitive_candidate","HNRNPH2","heterogeneous nuclear ribonucleoprotein H2 [Source:HGNC Symbol;Acc:HGNC:5042]","regulation of RNA splicing","membrane; nucleoplasm; ribonucleoprotein complex; nucleus","RNA binding; nucleic acid binding; protein binding","GO:0043484","GO:0016020; GO:0005654; GO:1990904; GO:0005634","GO:0003723; GO:0003676; GO:0005515",FALSE,FALSE,FALSE,0,"Other"
"P0DP25","CALM3",-0.85210162542964,0.262027917895596,38,3258.62280306089,0.256624697914099,253,8.04,242,269,"weight_sensitive_candidate","CALM3","calmodulin 3 [Source:HGNC Symbol;Acc:HGNC:1449]","regulation of release of sequestered calcium ion into cytosol by sarcoplasmic reticulum; regulation of cardiac muscle contraction; regulation of cardiac muscle contraction by regulation of the release of sequestered calcium ion; regulation of heart rate; G protein-coupled receptor signaling pathway; detection of calcium ion; regulation of cytokinesis; long-term synaptic potentiation; calcineurin-mediated signaling; response to amphetamine; response to corticosterone; presynaptic endocytosis; negative regulation of calcium ion export across plasma membrane; regulation of synaptic vesicle exocytosis; substantia nigra development; response to calcium ion; regulation of cardiac muscle cell action potential","nucleus; cytoplasm; plasma membrane; cytosol; vesicle; spindle; centrosome; spindle pole; sarcomere; calcium channel complex; spindle microtubule; synaptic vesicle membrane; mitochondrial membrane; calyx of Held; Schaffer collateral - CA1 synapse; presynaptic cytosol; postsynaptic cytosol; chromatin; membrane; growth cone; myelin sheath; sperm midpiece; voltage-gated potassium channel complex; protein-containing complex; catalytic complex","calcium ion binding; metal ion binding; kinase activity; protein binding; protein kinase binding; protein phosphatase activator activity; calcium channel regulator activity; protein serine/threonine kinase activator activity; adenylate cyclase activator activity; titin binding; protein domain specific binding; nitric-oxide synthase regulator activity; type 3 metabotropic glutamate receptor binding; phosphatidylinositol 3-kinase binding; transmembrane transporter binding; calcium-dependent protein binding; transporter inhibitor activity; adenylate cyclase binding","GO:0010880; GO:0055117; GO:0010881; GO:0002027; GO:0007186; GO:0005513; GO:0032465; GO:0060291; GO:0097720; GO:0001975; GO:0051412; GO:0140238; GO:1905913; GO:2000300; GO:0021762; GO:0051592; GO:0098901","GO:0005634; GO:0005737; GO:0005886; GO:0005829; GO:0031982; GO:0005819; GO:0005813; GO:0000922; GO:0030017; GO:0034704; GO:0005876; GO:0030672; GO:0031966; GO:0044305; GO:0098685; GO:0099523; GO:0099524; GO:0000785; GO:0016020; GO:0030426; GO:0043209; GO:0097225; GO:0008076; GO:0032991; GO:1902494","GO:0005509; GO:0046872; GO:0016301; GO:0005515; GO:0019901; GO:0072542; GO:0005246; GO:0043539; GO:0010856; GO:0031432; GO:0019904; GO:0030235; GO:0031800; GO:0043548; GO:0044325; GO:0048306; GO:0141110; GO:0008179",FALSE,FALSE,TRUE,1,"VT"
"P15170","GSPT1",-0.445215492270918,0.62565654108792,106,29.1105494929415,0.256180973115688,254,13.83,232,288,"weight_sensitive_candidate","GSPT1","G1 to S phase transition 1 [Source:HGNC Symbol;Acc:HGNC:4621]","nuclear-transcribed mRNA catabolic process, nonsense-mediated decay; translation; G1/S transition of mitotic cell cycle; translational termination; protein methylation; regulation of translational termination","cytosol; cytosolic ribosome; cytoplasm; translation release factor complex","GTPase activity; GTP binding; nucleotide binding; RNA binding; hydrolase activity; protein binding; translation release factor activity","GO:0000184; GO:0006412; GO:0000082; GO:0006415; GO:0006479; GO:0006449","GO:0005829; GO:0022626; GO:0005737; GO:0018444","GO:0003924; GO:0005525; GO:0000166; GO:0003723; GO:0016787; GO:0005515; GO:0003747",FALSE,FALSE,FALSE,0,"Other"
"P02649","APOE",1.27975743167979,0.123561196821266,30,704.753011265181,0.256026580086031,255,4.58,245,262,"weight_sensitive_candidate","APOE","apolipoprotein E [Source:HGNC Symbol;Acc:HGNC:613]","lipid transport; lipoprotein metabolic process; negative regulation of gene expression; cholesterol homeostasis; negative regulation of blood vessel endothelial cell migration; negative regulation of inflammatory response; negative regulation of endothelial cell proliferation; triglyceride homeostasis; positive regulation of neuron projection development; negative regulation of cholesterol biosynthetic process; negative regulation of MAPK cascade; positive regulation of nitric oxide biosynthetic process; negative regulation of canonical Wnt signaling pathway; positive regulation of cholesterol efflux; negative regulation of smooth muscle cell proliferation; negative regulation of neuron projection development; lipid metabolic process; steroid metabolic process; cholesterol metabolic process; sterol transport; positive regulation of DNA-templated transcription; cellular oxidant detoxification; cytoskeleton organization; neuron projection development; lipid transport involved in lipid storage; melanosome organization; very-low-density lipoprotein particle remodeling; low-density lipoprotein particle remodeling; regulation of apoptotic process; regulation of innate immune response; regulation of synapse organization; triglyceride-rich lipoprotein particle clearance; positive regulation of cholesterol metabolic process; regulation of plasma lipoprotein particle levels; negative regulation of amyloid fibril formation; regulation of proteasomal protein catabolic process; negative regulation of protein secretion; positive regulation of ERK1 and ERK2 cascade; cholesterol efflux; regulation of Cdc42 protein signal transduction; negative regulation of platelet-derived growth factor receptor signaling pathway; retinoid metabolic process; amyloid precursor protein metabolic process; regulation of axon extension; high-density lipoprotein particle remodeling; high-density lipoprotein particle assembly; high-density lipoprotein particle clearance; reverse cholesterol transport; G protein-coupled receptor signaling pathway; negative regulation of platelet activation; nitric oxide-cGMP-mediated signaling; receptor-mediated endocytosis; long-term memory; regulation of protein metabolic process; negative regulation of protein metabolic process; response to caloric restriction; acylglycerol homeostasis; cellular response to lipoprotein particle stimulus; positive regulation of dendritic spine development; AMPA glutamate receptor clustering; NMDA glutamate receptor clustering; response to reactive oxygen species; triglyceride metabolic process; synaptic transmission, cholinergic; negative regulation of endothelial cell migration; long-chain fatty acid transport; protein import; virion assembly; negative regulation of blood coagulation; positive regulation of low-density lipoprotein particle receptor catabolic process; chylomicron remnant clearance; very-low-density lipoprotein particle clearance; locomotory exploration behavior; lipoprotein biosynthetic process; regulation of protein-containing complex assembly; positive regulation by host of viral process; positive regulation of endocytosis; positive regulation of lipid biosynthetic process; regulation of neuronal synaptic plasticity; fatty acid homeostasis; intermediate-density lipoprotein particle clearance; regulation of cholesterol metabolic process; regulation of cellular response to very-low-density lipoprotein particle stimulus; regulation of amyloid fibril formation; positive regulation of amyloid fibril formation; regulation of behavioral fear response","extracellular region; extracellular space; cytoplasm; nucleus; membrane; melanosome; very-low-density lipoprotein particle; low-density lipoprotein particle; high-density lipoprotein particle; chylomicron; extracellular exosome; extracellular matrix; plasma membrane; glutamatergic synapse; multivesicular body; extracellular vesicle; blood microparticle; endoplasmic reticulum lumen; clathrin-coated endocytic vesicle membrane; dendrite; neuronal cell body; endoplasmic reticulum; endocytic vesicle lumen; early endosome; synaptic cleft; Golgi apparatus; multivesicular body, internal vesicle; chylomicron remnant; intermediate-density lipoprotein particle; discoidal high-density lipoprotein particle; lipoprotein particle","lipid binding; protein binding; identical protein binding; heparin binding; receptor ligand activity; heparan sulfate proteoglycan binding; phosphatidylcholine-sterol O-acyltransferase activator activity; lipoprotein particle binding; amyloid-beta binding; protein homodimerization activity; signaling receptor binding; phospholipid binding; enzyme binding; protein-containing complex binding; lipid transporter activity; antioxidant activity; structural molecule activity; metal chelating activity; protein dimerization activity; tau protein binding; very-low-density lipoprotein particle receptor binding","GO:0006869; GO:0042157; GO:0010629; GO:0042632; GO:0043537; GO:0050728; GO:0001937; GO:0070328; GO:0010976; GO:0045541; GO:0043409; GO:0045429; GO:0090090; GO:0010875; GO:0048662; GO:0010977; GO:0006629; GO:0008202; GO:0008203; GO:0015918; GO:0045893; GO:0098869; GO:0007010; GO:0031175; GO:0010877; GO:0032438; GO:0034372; GO:0034374; GO:0042981; GO:0045088; GO:0050807; GO:0071830; GO:0090205; GO:0097006; GO:1905907; GO:0061136; GO:0050709; GO:0070374; GO:0033344; GO:0032489; GO:0010642; GO:0001523; GO:0042982; GO:0030516; GO:0034375; GO:0034380; GO:0034384; GO:0043691; GO:0007186; GO:0010544; GO:0038060; GO:0006898; GO:0007616; GO:0051246; GO:0051248; GO:0061771; GO:0055090; GO:0071402; GO:0060999; GO:0097113; GO:0097114; GO:0000302; GO:0006641; GO:0007271; GO:0010596; GO:0015909; GO:0017038; GO:0019068; GO:0030195; GO:0032805; GO:0034382; GO:0034447; GO:0035641; GO:0042158; GO:0043254; GO:0044794; GO:0045807; GO:0046889; GO:0048168; GO:0055089; GO:0071831; GO:0090181; GO:1905890; GO:1905906; GO:1905908; GO:2000822","GO:0005576; GO:0005615; GO:0005737; GO:0005634; GO:0016020; GO:0042470; GO:0034361; GO:0034362; GO:0034364; GO:0042627; GO:0070062; GO:0031012; GO:0005886; GO:0098978; GO:0005771; GO:1903561; GO:0072562; GO:0005788; GO:0030669; GO:0030425; GO:0043025; GO:0005783; GO:0071682; GO:0005769; GO:0043083; GO:0005794; GO:0097487; GO:0034360; GO:0034363; GO:0034365; GO:1990777","GO:0008289; GO:0005515; GO:0042802; GO:0008201; GO:0048018; GO:0043395; GO:0060228; GO:0071813; GO:0001540; GO:0042803; GO:0005102; GO:0005543; GO:0019899; GO:0044877; GO:0005319; GO:0016209; GO:0005198; GO:0046911; GO:0046983; GO:0048156; GO:0070326",TRUE,TRUE,TRUE,3,"ECM,MS,VT"
"O75531","BANF1",2.4621098003269,0.000600611649813145,6,443,0.25600406556798,256,14.79,205,274,"weight_sensitive_candidate","BANF1","barrier to autointegration nuclear assembly factor 1 [Source:HGNC Symbol;Acc:HGNC:17397]","chromatin organization; response to oxidative stress; negative regulation of viral genome replication; negative regulation of type I interferon production; negative regulation of innate immune response; response to virus; mitotic nuclear membrane reassembly; negative regulation of protein ADP-ribosylation; chromosome organization","nucleus; cytoplasm; cytosol; nucleoplasm; chromosome; nuclear envelope; chromatin; condensed chromosome","DNA binding; protein binding; protein homodimerization activity; identical protein binding; double-stranded DNA binding","GO:0006325; GO:0006979; GO:0045071; GO:0032480; GO:0045824; GO:0009615; GO:0007084; GO:0010836; GO:0051276","GO:0005634; GO:0005737; GO:0005829; GO:0005654; GO:0005694; GO:0005635; GO:0000785; GO:0000793","GO:0003677; GO:0005515; GO:0042803; GO:0042802; GO:0003690",FALSE,FALSE,FALSE,0,"Other"
"Q6IAA8","LAMTOR1",2.10799463626809,0.00805901401889233,12,323.132591693434,0.255581936888619,257,7.58,227,263,"weight_sensitive_candidate","LAMTOR1","late endosomal/lysosomal adaptor, MAPK and MTOR activator 1 [Source:HGNC Symbol;Acc:HGNC:26068]","positive regulation of MAPK cascade; regulation of receptor recycling; lysosome organization; endosomal transport; positive regulation of TOR signaling; cholesterol homeostasis; cellular response to amino acid stimulus; protein localization; protein localization to membrane; regulation of cell growth; endosome organization; cellular response to nutrient levels; lysosome localization; regulation of cholesterol efflux; TORC1 signaling; regulation of cholesterol import","Ragulator complex; late endosome membrane; membrane raft; plasma membrane; lysosome; extracellular exosome; lysosomal membrane; specific granule membrane; azurophil granule membrane; ficolin-1-rich granule membrane","protein binding; guanyl-nucleotide exchange factor activity; molecular adaptor activity; membrane-membrane adaptor activity; GTPase binding","GO:0043410; GO:0001919; GO:0007040; GO:0016197; GO:0032008; GO:0042632; GO:0071230; GO:0008104; GO:0072657; GO:0001558; GO:0007032; GO:0031669; GO:0032418; GO:0010874; GO:0038202; GO:0060620","GO:0071986; GO:0031902; GO:0045121; GO:0005886; GO:0005764; GO:0070062; GO:0005765; GO:0035579; GO:0035577; GO:0101003","GO:0005515; GO:0005085; GO:0060090; GO:0043495; GO:0051020",FALSE,TRUE,TRUE,2,"MS,VT"
"P62263","RPS14",-0.506726975098459,0.557175122354891,118,5.30398402730092,0.25420615698786,259,14.24,233,293,"weight_sensitive_candidate","RPS14","ribosomal protein S14 [Source:HGNC Symbol;Acc:HGNC:10387]","translation; negative regulation of transcription by RNA polymerase II; ribosomal small subunit assembly; ribosomal small subunit biogenesis; erythrocyte differentiation; cytoplasmic translation; maturation of SSU-rRNA","ribosome; cytoplasm; membrane; endoplasmic reticulum; cytosol; focal adhesion; extracellular exosome; nucleolus; ribonucleoprotein complex; cytosolic small ribosomal subunit; nucleoplasm; small-subunit processome; cytosolic ribosome; postsynaptic density; synapse","structural constituent of ribosome; RNA binding; protein binding; mRNA 5'-UTR binding","GO:0006412; GO:0000122; GO:0000028; GO:0042274; GO:0030218; GO:0002181; GO:0030490","GO:0005840; GO:0005737; GO:0016020; GO:0005783; GO:0005829; GO:0005925; GO:0070062; GO:0005730; GO:1990904; GO:0022627; GO:0005654; GO:0032040; GO:0022626; GO:0014069; GO:0045202","GO:0003735; GO:0003723; GO:0005515; GO:0048027",FALSE,FALSE,FALSE,0,"Other"
"P30050","RPL12",-0.515391039729806,0.552196158719312,118,4.78979658266451,0.254015530236838,260,14.4,234,295,"weight_sensitive_candidate","RPL12","ribosomal protein L12 [Source:HGNC Symbol;Acc:HGNC:10302]","translation; spermatogenesis; cytoplasmic translation; striated muscle contraction","ribosome; cytoplasm; membrane; focal adhesion; extracellular exosome; ribonucleoprotein complex; cytosolic large ribosomal subunit; cytosol; cytosolic ribosome; postsynaptic density; synapse; nucleus; nucleolus","structural constituent of ribosome; RNA binding; protein binding; large ribosomal subunit rRNA binding","GO:0006412; GO:0007283; GO:0002181; GO:0006941","GO:0005840; GO:0005737; GO:0016020; GO:0005925; GO:0070062; GO:1990904; GO:0022625; GO:0005829; GO:0022626; GO:0014069; GO:0045202; GO:0005634; GO:0005730","GO:0003735; GO:0003723; GO:0005515; GO:0070180",FALSE,FALSE,FALSE,0,"Other"
"P49407","ARRB1",1.41317778881468,0.0681674852940321,24,695.921311949161,0.253528464081724,261,3.58,254,267,"weight_sensitive_candidate","ARRB1","arrestin beta 1 [Source:HGNC Symbol;Acc:HGNC:711]","signal transduction; protein ubiquitination; protein transport; negative regulation of protein ubiquitination; ubiquitin-dependent protein catabolic process; cell surface receptor signaling pathway; negative regulation of signal transduction; proteasome-mediated ubiquitin-dependent protein catabolic process; negative regulation of canonical NF-kappaB signal transduction; regulation of transcription by RNA polymerase II; positive regulation of intracellular signal transduction; positive regulation of ERK1 and ERK2 cascade; positive regulation of protein phosphorylation; negative regulation of interleukin-8 production; positive regulation of smoothened signaling pathway; negative regulation of interleukin-6 production; stress fiber assembly; positive regulation of transcription by RNA polymerase II; intracellular glucose homeostasis; negative regulation of Notch signaling pathway; protein localization to non-motile cilium; positive regulation of cardiac muscle hypertrophy; positive regulation of Rho protein signal transduction; G protein-coupled receptor internalization; positive regulation of receptor internalization; sensory perception; desensitization of G protein-coupled receptor signaling pathway; intraciliary retrograde transport; positive regulation of insulin secretion involved in cellular response to glucose stimulus; regulation of apoptotic process","nucleus; cytoplasm; plasma membrane; nucleoplasm; cytoplasmic vesicle; pseudopodium; clathrin-coated pit; cytosol; cilium; Golgi membrane; chromatin; endocytic vesicle membrane; lysosomal membrane; cytoplasmic vesicle membrane","enzyme binding; protein binding; G protein-coupled receptor binding; ubiquitin protein ligase binding; GTPase activator activity; protein-macromolecule adaptor activity; molecular adaptor activity; transcription coactivator activity; insulin-like growth factor receptor binding; enzyme inhibitor activity; angiotensin receptor binding; cysteine-type endopeptidase inhibitor activity; mitogen-activated protein kinase kinase binding","GO:0007165; GO:0016567; GO:0015031; GO:0031397; GO:0006511; GO:0007166; GO:0009968; GO:0043161; GO:0043124; GO:0006357; GO:1902533; GO:0070374; GO:0001934; GO:0032717; GO:0045880; GO:0032715; GO:0043149; GO:0045944; GO:0001678; GO:0045746; GO:0097499; GO:0010613; GO:0035025; GO:0002031; GO:0002092; GO:0007600; GO:0002029; GO:0035721; GO:0035774; GO:0042981","GO:0005634; GO:0005737; GO:0005886; GO:0005654; GO:0031410; GO:0031143; GO:0005905; GO:0005829; GO:0005929; GO:0000139; GO:0000785; GO:0030666; GO:0005765; GO:0030659","GO:0019899; GO:0005515; GO:0001664; GO:0031625; GO:0005096; GO:0030674; GO:0060090; GO:0003713; GO:0005159; GO:0004857; GO:0031701; GO:0004869; GO:0031434",FALSE,TRUE,TRUE,2,"MS,VT"
"P07355","ANXA2",-1.03154539498116,0.155775020889675,32,1503.48006233165,0.252730924735226,262,6.6,249,273,"weight_sensitive_candidate","ANXA2","annexin A2 [Source:HGNC Symbol;Acc:HGNC:537]","positive regulation of multicellular organismal process; positive regulation of vesicle fusion; negative regulation of transport; angiogenesis; cell-cell adhesion; cell adhesion; membrane raft assembly; positive regulation of receptor recycling; negative regulation of receptor internalization; vesicle budding from membrane; positive regulation of plasminogen activation; negative regulation of low-density lipoprotein particle receptor catabolic process; osteoclast development; positive regulation of vacuole organization; positive regulation of exocytosis; positive regulation of low-density lipoprotein particle clearance; positive regulation of receptor-mediated endocytosis involved in cholesterol transport; positive regulation of plasma membrane repair; mRNA transcription by RNA polymerase II; positive regulation of transcription by RNA polymerase II; regulation of neurogenesis","nucleus; cytoplasm; extracellular space; membrane; melanosome; basement membrane; extracellular exosome; membrane raft; cell surface; vesicle; midbody; lysosomal membrane; lipid droplet; plasma membrane; extracellular region; endosome; late endosome membrane; cytosol; extracellular matrix; adherens junction; azurophil granule lumen; vesicle membrane; nuclear matrix; basolateral plasma membrane; cornified envelope; early endosome; myelin sheath adaxonal region; sarcolemma; Schmidt-Lanterman incisure","calcium ion binding; cytoskeletal protein binding; calcium-dependent phospholipid binding; phospholipase inhibitor activity; RNA binding; calcium-dependent protein binding; protein binding; phospholipase A2 inhibitor activity; identical protein binding; S100 protein binding; phosphatidylinositol-4,5-bisphosphate binding; cadherin binding involved in cell-cell adhesion; protease binding; phosphatidylserine binding; serine-type endopeptidase inhibitor activity; AP-3 adaptor complex binding","GO:0051240; GO:0031340; GO:0051051; GO:0001525; GO:0098609; GO:0007155; GO:0001765; GO:0001921; GO:0002091; GO:0006900; GO:0010756; GO:0032804; GO:0036035; GO:0044090; GO:0045921; GO:1905581; GO:1905602; GO:1905686; GO:0042789; GO:0045944; GO:0050767","GO:0005634; GO:0005737; GO:0005615; GO:0016020; GO:0042470; GO:0005604; GO:0070062; GO:0045121; GO:0009986; GO:0031982; GO:0030496; GO:0005765; GO:0005811; GO:0005886; GO:0005576; GO:0005768; GO:0031902; GO:0005829; GO:0031012; GO:0005912; GO:0035578; GO:0012506; GO:0016363; GO:0016323; GO:0001533; GO:0005769; GO:0035749; GO:0042383; GO:0043220","GO:0005509; GO:0008092; GO:0005544; GO:0004859; GO:0003723; GO:0048306; GO:0005515; GO:0019834; GO:0042802; GO:0044548; GO:0005546; GO:0098641; GO:0002020; GO:0001786; GO:0004867; GO:0035651",TRUE,FALSE,TRUE,2,"ECM,VT"
"Q15399","TLR1",-2.24643075722571,0.00173362192828131,10,77.7925078066141,0.252317632024284,263,8.64,230,271,"weight_sensitive_candidate","TLR1","toll like receptor 1 [Source:HGNC Symbol;Acc:HGNC:11847]","signal transduction; immune response; toll-like receptor signaling pathway; immune system process; innate immune response; inflammatory response; positive regulation of interleukin-6 production; positive regulation of tumor necrosis factor production; positive regulation of interleukin-8 production; macrophage activation; detection of triacyl bacterial lipopeptide; cellular response to triacyl bacterial lipopeptide; lipopolysaccharide-mediated signaling pathway; toll-like receptor TLR1:TLR2 signaling pathway; positive regulation of toll-like receptor 2 signaling pathway; microglial cell activation; response to bacterial lipoprotein","membrane; plasma membrane; Golgi apparatus; cytoplasmic vesicle; membrane raft; phagocytic vesicle membrane; receptor complex; plasma membrane raft; Toll-like receptor 1-Toll-like receptor 2 protein complex","protein binding; transmembrane signaling receptor activity; identical protein binding; signaling receptor activity; lipopolysaccharide immune receptor activity; lipopeptide binding; Toll-like receptor 2 binding","GO:0007165; GO:0006955; GO:0002224; GO:0002376; GO:0045087; GO:0006954; GO:0032755; GO:0032760; GO:0032757; GO:0042116; GO:0042495; GO:0071727; GO:0031663; GO:0038123; GO:0034137; GO:0001774; GO:0032493","GO:0016020; GO:0005886; GO:0005794; GO:0031410; GO:0045121; GO:0030670; GO:0043235; GO:0044853; GO:0035354","GO:0005515; GO:0004888; GO:0042802; GO:0038023; GO:0001875; GO:0071723; GO:0035663",FALSE,FALSE,FALSE,0,"Other"
"P46939","UTRN",3.20590401718244,2.29661465304792e-05,4,0.811750887534762,0.251292940787122,264,18.15,206,283,"weight_sensitive_candidate","UTRN","utrophin [Source:HGNC Symbol;Acc:HGNC:12635]","muscle contraction; positive regulation of cell-matrix adhesion; synaptic signaling; muscle organ development; regulation of sodium ion transmembrane transport","cytoplasm; plasma membrane; cytoskeleton; filopodium membrane; extracellular exosome; postsynaptic membrane; protein-containing complex; cytosol; membrane; filopodium; contractile ring; neuromuscular junction; sarcolemma; synapse; dystrophin-associated glycoprotein complex","zinc ion binding; protein binding; metal ion binding; actin binding; protein-containing complex binding; vinculin binding; protein kinase binding; integrin binding","GO:0006936; GO:0001954; GO:0099536; GO:0007517; GO:1902305","GO:0005737; GO:0005886; GO:0005856; GO:0031527; GO:0070062; GO:0045211; GO:0032991; GO:0005829; GO:0016020; GO:0030175; GO:0070938; GO:0031594; GO:0042383; GO:0045202; GO:0016010","GO:0008270; GO:0005515; GO:0046872; GO:0003779; GO:0044877; GO:0017166; GO:0019901; GO:0005178",TRUE,FALSE,FALSE,1,"ECM"
"O00421","CCRL2",3.27766621893271,5.04623326523169e-05,4,1.45183792815372,0.251118842704307,265,17.94,208,284,"weight_sensitive_candidate","CCRL2","C-C motif chemokine receptor like 2 [Source:HGNC Symbol;Acc:HGNC:1612]","G protein-coupled receptor signaling pathway; chemotaxis; signal transduction; immune response; inflammatory response; chemokine-mediated signaling pathway; positive regulation of cytosolic calcium ion concentration; calcium-mediated signaling; cell chemotaxis","membrane; plasma membrane; cytoplasm; external side of plasma membrane","G protein-coupled receptor activity; chemokine receptor activity; protein binding; chemokine receptor binding; C-C chemokine receptor activity; C-C chemokine binding; CCR chemokine receptor binding","GO:0007186; GO:0006935; GO:0007165; GO:0006955; GO:0006954; GO:0070098; GO:0007204; GO:0019722; GO:0060326","GO:0016020; GO:0005886; GO:0005737; GO:0009897","GO:0004930; GO:0004950; GO:0005515; GO:0042379; GO:0016493; GO:0019957; GO:0048020",FALSE,TRUE,FALSE,1,"MS"
"P62318","SNRPD3",-1.13484801527179,0.12135885584469,36,207.618565679012,0.250941191553624,266,6.36,252,275,"weight_sensitive_candidate","SNRPD3","small nuclear ribonucleoprotein D3 polypeptide [Source:HGNC Symbol;Acc:HGNC:11160]","RNA processing; spliceosomal snRNP assembly; mRNA splicing, via spliceosome; RNA splicing; mRNA processing; spliceosomal tri-snRNP complex assembly; spliceosomal complex assembly; spliceosome conformational change to release U4 (or U4atac) and U1 (or U11); negative regulation of mRNA splicing, via spliceosome; protein methylation; nuclear histone mRNA catabolic process","spliceosomal complex; telomerase holoenzyme complex; nucleus; cytosol; nucleoplasm; nuclear body; ribonucleoprotein complex; U1 snRNP; catalytic step 2 spliceosome; U4/U6 x U5 tri-snRNP complex; U4 snRNP; methylosome; SMN-Sm protein complex; U2-type precatalytic spliceosome; U2-type catalytic step 2 spliceosome; U2-type spliceosomal complex; U2 snRNP; precatalytic spliceosome; U12-type spliceosomal complex; U5 snRNP; small nuclear ribonucleoprotein complex; U7 snRNP; commitment complex; pICln-Sm protein complex; spliceosomal tri-snRNP complex; cytoplasm","RNA binding; enzyme binding; protein binding; telomerase RNA binding; histone pre-mRNA DCP binding; U7 snRNA binding","GO:0006396; GO:0000387; GO:0000398; GO:0008380; GO:0006397; GO:0000244; GO:0000245; GO:0000388; GO:0048025; GO:0006479; GO:0071045","GO:0005681; GO:0005697; GO:0005634; GO:0005829; GO:0005654; GO:0016604; GO:1990904; GO:0005685; GO:0071013; GO:0046540; GO:0005687; GO:0034709; GO:0034719; GO:0071005; GO:0071007; GO:0005684; GO:0005686; GO:0071011; GO:0005689; GO:0005682; GO:0030532; GO:0005683; GO:0000243; GO:0034715; GO:0097526; GO:0005737","GO:0003723; GO:0019899; GO:0005515; GO:0070034; GO:0071208; GO:0071209",FALSE,FALSE,FALSE,0,"Other"
"Q96J84","KIRREL1",3.15272952547165,9.83555061702414e-06,4,0,0.250536540945996,268,17.97,211,285,"weight_sensitive_candidate","KIRREL1","kirre like nephrin family adhesion molecule 1 [Source:HGNC Symbol;Acc:HGNC:15734]","glomerular filtration; cell-cell adhesion; cell-cell junction maintenance","plasma membrane; perinuclear region of cytoplasm; cell-cell junction; cell projection membrane; dendritic shaft; membrane raft","protein binding; cell adhesion molecule binding; myosin binding","GO:0003094; GO:0098609; GO:0045217","GO:0005886; GO:0048471; GO:0005911; GO:0031253; GO:0043198; GO:0045121","GO:0005515; GO:0050839; GO:0017022",FALSE,FALSE,FALSE,0,"Other"
"Q9H0H5","RACGAP1",1.88087753946326,0.00945612022138499,14,235.65803982237,0.25040082077156,269,5.6,245,272,"weight_sensitive_candidate","RACGAP1","Rac GTPase activating protein 1 [Source:HGNC Symbol;Acc:HGNC:9804]","signal transduction; cell division; monoatomic ion transport; mitotic cytokinesis; cell differentiation; regulation of small GTPase mediated signal transduction; spermatogenesis; erythrocyte differentiation; Rho protein signal transduction; neuroblast proliferation; positive regulation of cytokinesis; regulation of embryonic development; regulation of attachment of spindle microtubules to kinetochore; actomyosin contractile ring assembly","nucleus; cytoplasm; plasma membrane; nucleoplasm; cleavage furrow; cytoplasmic vesicle; microtubule; extracellular exosome; acrosomal vesicle; spindle; midbody; mitotic spindle; mitochondrion; Flemming body; cytosol; cytoplasmic side of plasma membrane; spindle midzone; centralspindlin complex","metal ion binding; protein binding; zinc ion binding; lipid binding; GTPase activator activity; protein kinase binding; protein-macromolecule adaptor activity; phosphatidylinositol-3,4,5-trisphosphate binding; microtubule binding; beta-tubulin binding; alpha-tubulin binding; gamma-tubulin binding","GO:0007165; GO:0051301; GO:0006811; GO:0000281; GO:0030154; GO:0051056; GO:0007283; GO:0030218; GO:0007266; GO:0007405; GO:0032467; GO:0045995; GO:0051988; GO:0000915","GO:0005634; GO:0005737; GO:0005886; GO:0005654; GO:0032154; GO:0031410; GO:0005874; GO:0070062; GO:0001669; GO:0005819; GO:0030496; GO:0072686; GO:0005739; GO:0090543; GO:0005829; GO:0009898; GO:0051233; GO:0097149","GO:0046872; GO:0005515; GO:0008270; GO:0008289; GO:0005096; GO:0019901; GO:0030674; GO:0005547; GO:0008017; GO:0048487; GO:0043014; GO:0043015",FALSE,FALSE,FALSE,0,"Other"
"P29353","SHC1",-0.865370640403842,0.250658601015111,42,485.63468491698,0.248976704999883,271,7.84,253,282,"weight_sensitive_candidate","SHC1","SHC adaptor protein 1 [Source:HGNC Symbol;Acc:HGNC:10840]","intracellular signal transduction; negative regulation of angiogenesis; positive regulation of cell population proliferation; positive regulation of cell proliferation in bone marrow; regulation of superoxide metabolic process; cellular response to growth factor stimulus; angiogenesis; positive regulation of MAPK cascade; insulin receptor signaling pathway; epidermal growth factor receptor signaling pathway; positive regulation of DNA-templated transcription; negative regulation of DNA-templated transcription; defense response to bacterium; negative regulation of apoptotic process; insulin-like growth factor receptor signaling pathway","cytoplasm; plasma membrane; cytosol; mitochondrion; focal adhesion; mitochondrial matrix; Shc-EGFR complex","protein binding; phospholipid binding; ephrin receptor binding; insulin receptor binding; phosphotyrosine residue binding; insulin-like growth factor receptor binding; receptor tyrosine kinase binding; neurotrophin TRKA receptor binding; transmembrane receptor protein tyrosine kinase adaptor activity; epidermal growth factor receptor binding; epidermal growth factor binding","GO:0035556; GO:0016525; GO:0008284; GO:0071864; GO:0090322; GO:0071363; GO:0001525; GO:0043410; GO:0008286; GO:0007173; GO:0045893; GO:0045892; GO:0042742; GO:0043066; GO:0048009","GO:0005737; GO:0005886; GO:0005829; GO:0005739; GO:0005925; GO:0005759; GO:0070435","GO:0005515; GO:0005543; GO:0046875; GO:0005158; GO:0001784; GO:0005159; GO:0030971; GO:0005168; GO:0005068; GO:0005154; GO:0048408",FALSE,TRUE,FALSE,1,"MS"
"O60443","GSDME",3.49295665397581,2.21015688829825e-06,2,0,0.246433726078214,272,22.08,203,300,"weight_sensitive_candidate","GSDME","gasdermin E [Source:HGNC Symbol;Acc:HGNC:2810]","programmed cell death; negative regulation of cell population proliferation; transmembrane transport; positive regulation of MAPK cascade; cellular response to virus; cellular response to tumor necrosis factor; pyroptotic inflammatory response; sensory perception of sound; positive regulation of immune response to tumor cell","plasma membrane; membrane; cytosol; cytoplasm","protein binding; phosphatidylinositol-4,5-bisphosphate binding; wide pore channel activity","GO:0012501; GO:0008285; GO:0055085; GO:0043410; GO:0098586; GO:0071356; GO:0070269; GO:0007605; GO:0002839","GO:0005886; GO:0016020; GO:0005829; GO:0005737","GO:0005515; GO:0005546; GO:0022829",FALSE,TRUE,FALSE,1,"MS"
"Q9UIW2","PLXNA1",2.21197759069493,0.00126129060918365,8,152.353111890599,0.246361620964801,273,8.47,239,279,"weight_sensitive_candidate","PLXNA1","plexin A1 [Source:HGNC Symbol;Acc:HGNC:9099]","semaphorin-plexin signaling pathway; regulation of cell migration; synapse assembly; T cell activation via T cell receptor contact with antigen bound to MHC molecule on antigen presenting cell; olfactory nerve formation; gonadotrophin-releasing hormone neuronal migration to the hypothalamus; neuron projection guidance","plasma membrane; extracellular exosome; semaphorin receptor complex; synapse; glutamatergic synapse; membrane","protein binding; semaphorin receptor activity","GO:0071526; GO:0030334; GO:0007416; GO:0002291; GO:0021628; GO:0021828; GO:0097485","GO:0005886; GO:0070062; GO:0002116; GO:0045202; GO:0098978; GO:0016020","GO:0005515; GO:0017154",FALSE,TRUE,FALSE,1,"MS"
"P09382","LGALS1",2.58122633363753,0.000228293044091614,8,2.38535353535353,0.246283128201671,274,9.52,240,280,"weight_sensitive_candidate","LGALS1","galectin 1 [Source:HGNC Symbol;Acc:HGNC:6561]","signal transduction; apoptotic process; positive regulation of canonical NF-kappaB signal transduction; regulation of apoptotic process; positive regulation of viral entry into host cell; positive regulation of apoptotic process; positive regulation of inflammatory response; cell-cell adhesion","extracellular space; cytoplasm; extracellular region; plasma membrane; cytosol; extracellular exosome; extracellular matrix; endoplasmic reticulum lumen","carbohydrate binding; RNA binding; protein binding; receptor ligand activity; laminin binding; lactose binding","GO:0007165; GO:0006915; GO:0043123; GO:0042981; GO:0046598; GO:0043065; GO:0050729; GO:0098609","GO:0005615; GO:0005737; GO:0005576; GO:0005886; GO:0005829; GO:0070062; GO:0031012; GO:0005788","GO:0030246; GO:0003723; GO:0005515; GO:0048018; GO:0043236; GO:0030395",TRUE,FALSE,FALSE,1,"ECM"
"P84077","ARF1",-1.38196682790481,0.0807756984500735,22,705.234433089182,0.246187184705523,275,4.28,265,280,"weight_sensitive_candidate","ARF1","ARF GTPase 1 [Source:HGNC Symbol;Acc:HGNC:652]","protein transport; vesicle-mediated transport; intracellular protein transport; cellular response to virus; intracellular copper ion homeostasis; long-term synaptic depression; regulation of receptor internalization; regulation of Arp2/3 complex-mediated actin nucleation; dendritic spine organization; mitotic cleavage furrow ingression","Golgi apparatus; postsynaptic density; focal adhesion; extracellular exosome; synapse; Golgi membrane; lysosomal membrane; cytoplasm; plasma membrane; neuron projection; cell leading edge; cytosol; protein-containing complex; endomembrane system; sarcomere","GTPase activity; GTP binding; nucleotide binding; RNA binding; hydrolase activity; protein binding; G protein activity; protein domain specific binding; magnesium ion binding","GO:0015031; GO:0016192; GO:0006886; GO:0098586; GO:0006878; GO:0060292; GO:0002090; GO:0034315; GO:0097061; GO:1990386","GO:0005794; GO:0014069; GO:0005925; GO:0070062; GO:0045202; GO:0000139; GO:0005765; GO:0005737; GO:0005886; GO:0043005; GO:0031252; GO:0005829; GO:0032991; GO:0012505; GO:0030017","GO:0003924; GO:0005525; GO:0000166; GO:0003723; GO:0016787; GO:0005515; GO:0003925; GO:0019904; GO:0000287",FALSE,FALSE,TRUE,1,"VT"
"O43520","ATP8B1",-3.0586695083054,0.000224233994564163,6,0,0.243716473115348,276,12.71,238,294,"weight_sensitive_candidate","ATP8B1","ATPase phospholipid transporting 8B1 [Source:HGNC Symbol;Acc:HGNC:3706]","phospholipid transport; lipid transport; sensory perception of sound; negative regulation of DNA-templated transcription; phospholipid translocation; monoatomic ion transmembrane transport; Golgi organization; regulation of microvillus assembly; xenobiotic transmembrane transport; bile acid and bile salt transport; organic anion transport; aminophospholipid transport; vestibulocochlear nerve formation; apical protein localization; inner ear receptor cell development; regulation of plasma membrane organization","membrane; plasma membrane; Golgi apparatus; endomembrane system; endoplasmic reticulum; apical plasma membrane; stereocilium; trans-Golgi network","ATP binding; magnesium ion binding; nucleotide binding; ATP hydrolysis activity; transporter activity; ATPase-coupled intramembrane lipid transporter activity; metal ion binding; protein binding; phosphatidylserine floppase activity; phospholipid transporter activity; flippase activity; lipid transporter activity; phosphatidylcholine floppase activity","GO:0015914; GO:0006869; GO:0007605; GO:0045892; GO:0045332; GO:0034220; GO:0007030; GO:0032534; GO:0006855; GO:0015721; GO:0015711; GO:0015917; GO:0021650; GO:0045176; GO:0060119; GO:1903729","GO:0016020; GO:0005886; GO:0005794; GO:0012505; GO:0005783; GO:0016324; GO:0032420; GO:0005802","GO:0005524; GO:0000287; GO:0000166; GO:0016887; GO:0005215; GO:0140326; GO:0046872; GO:0005515; GO:0090556; GO:0005548; GO:0140327; GO:0005319; GO:0090554",FALSE,FALSE,FALSE,0,"Other"
"Q8IZP0","ABI1",-1.05049284293367,0.15633093856316,36,162.954755271363,0.243613030842217,277,6.54,262,289,"weight_sensitive_candidate","ABI1","abl interactor 1 [Source:HGNC Symbol;Acc:HGNC:11320]","actin polymerization or depolymerization; cell surface receptor protein tyrosine kinase signaling pathway; negative regulation of cell population proliferation; neuron migration; positive regulation of protein tyrosine kinase activity","nucleus; cytoplasm; postsynaptic density; cytoskeleton; extracellular exosome; growth cone; lamellipodium; filopodium; filopodium tip; SCAR complex; cytosol; endoplasmic reticulum; actin-based cell projection; cell leading edge; neuron projection","protein binding; SH3 domain binding; signaling adaptor activity; cadherin binding; protein tyrosine kinase activator activity; cytoskeletal protein binding","GO:0008154; GO:0007169; GO:0008285; GO:0001764; GO:0061098","GO:0005634; GO:0005737; GO:0014069; GO:0005856; GO:0070062; GO:0030426; GO:0030027; GO:0030175; GO:0032433; GO:0031209; GO:0005829; GO:0005783; GO:0098858; GO:0031252; GO:0043005","GO:0005515; GO:0017124; GO:0035591; GO:0045296; GO:0030296; GO:0008092",FALSE,TRUE,FALSE,1,"MS"
"P22532","SPRR2D",-2.84169913970149,0.000472644122656928,8,0,0.243467576506087,278,9.54,250,291,"weight_sensitive_candidate","SPRR2D","small proline rich protein 2D [Source:HGNC Symbol;Acc:HGNC:11264]","keratinization; epidermis development","cornified envelope; cytoplasm; cytosol","","GO:0031424; GO:0008544","GO:0001533; GO:0005737; GO:0005829","",FALSE,FALSE,FALSE,0,"Other"
"O00762","UBE2C",1.99317046951314,0.00388241508140646,10,228.896973505057,0.243417078517731,279,4.86,259,282,"weight_sensitive_candidate","UBE2C","ubiquitin conjugating enzyme E2 C [Source:HGNC Symbol;Acc:HGNC:15937]","cell division; protein ubiquitination; protein modification by small protein conjugation; ubiquitin-dependent protein catabolic process; protein K48-linked ubiquitination; proteasome-mediated ubiquitin-dependent protein catabolic process; protein K11-linked ubiquitination; protein polyubiquitination; free ubiquitin chain polymerization; regulation of mitotic metaphase/anaphase transition; anaphase-promoting complex-dependent catabolic process; positive regulation of exit from mitosis; positive regulation of mitotic metaphase/anaphase transition; positive regulation of ubiquitin protein ligase activity","cytosol; plasma membrane; nucleus; nucleoplasm; ubiquitin ligase complex; anaphase-promoting complex","nucleotide binding; transferase activity; ATP binding; protein binding; ubiquitin-like protein transferase activity; ubiquitin-protein transferase activity; ubiquitin conjugating enzyme activity; ubiquitin protein ligase activity; ubiquitin-like protein ligase binding","GO:0051301; GO:0016567; GO:0032446; GO:0006511; GO:0070936; GO:0043161; GO:0070979; GO:0000209; GO:0010994; GO:0030071; GO:0031145; GO:0031536; GO:0045842; GO:1904668","GO:0005829; GO:0005886; GO:0005634; GO:0005654; GO:0000151; GO:0005680","GO:0000166; GO:0016740; GO:0005524; GO:0005515; GO:0019787; GO:0004842; GO:0061631; GO:0061630; GO:0044389",FALSE,FALSE,FALSE,0,"Other"
"Q9Y2A7","NCKAP1",-1.12721237379488,0.135817442720308,34,85.0961915229719,0.239942912598655,281,6.26,270,294,"weight_sensitive_candidate","NCKAP1","NCK associated protein 1 [Source:HGNC Symbol;Acc:HGNC:7666]","neuron projection morphogenesis; cell migration; positive regulation of actin filament polymerization; central nervous system development; apoptotic process; positive regulation of lamellipodium assembly; Rac protein signal transduction; cortical actin cytoskeleton organization; cell morphogenesis","plasma membrane; focal adhesion; lamellipodium membrane; extracellular exosome; SCAR complex; cytosol; lamellipodium; ruffle; postsynapse; filamentous actin","protein binding; small GTPase binding","GO:0048812; GO:0016477; GO:0030838; GO:0007417; GO:0006915; GO:0010592; GO:0016601; GO:0030866; GO:0000902","GO:0005886; GO:0005925; GO:0031258; GO:0070062; GO:0031209; GO:0005829; GO:0030027; GO:0001726; GO:0098794; GO:0031941","GO:0005515; GO:0031267",FALSE,TRUE,FALSE,1,"MS"
"P05362","ICAM1",-0.480571543323396,0.60593245861912,48,1121.77123197621,0.239576638810178,282,11.12,264,304,"weight_sensitive_candidate","ICAM1","intercellular adhesion molecule 1 [Source:HGNC Symbol;Acc:HGNC:5344]","cell adhesion; cell-cell adhesion; cellular response to amyloid-beta; positive regulation of ERK1 and ERK2 cascade; signal transduction; immune response; symbiont entry into host cell; cellular response to oxygen-containing compound; leukocyte migration; establishment of endothelial barrier; immune effector process; leukocyte cell-cell adhesion; heterophilic cell-cell adhesion via plasma membrane cell adhesion molecules; leukocyte adhesion to vascular endothelial cell; regulation of leukocyte mediated cytotoxicity; T cell activation via T cell receptor contact with antigen bound to MHC molecule on antigen presenting cell; positive regulation of cellular extravasation; membrane to membrane docking; adhesion of symbiont to host; receptor-mediated virion attachment to host cell","membrane; extracellular space; plasma membrane; focal adhesion; extracellular exosome; cell surface; membrane raft; immunological synapse; external side of plasma membrane; extracellular matrix","integrin binding; protein binding; receptor ligand activity; virus receptor activity; signaling receptor activity; transmembrane signaling receptor activity","GO:0007155; GO:0098609; GO:1904646; GO:0070374; GO:0007165; GO:0006955; GO:0046718; GO:1901701; GO:0050900; GO:0061028; GO:0002252; GO:0007159; GO:0007157; GO:0061756; GO:0001910; GO:0002291; GO:0002693; GO:0022614; GO:0044406; GO:0046813","GO:0016020; GO:0005615; GO:0005886; GO:0005925; GO:0070062; GO:0009986; GO:0045121; GO:0001772; GO:0009897; GO:0031012","GO:0005178; GO:0005515; GO:0048018; GO:0001618; GO:0038023; GO:0004888",TRUE,TRUE,FALSE,2,"ECM,MS"
"P52597","HNRNPF",-1.13331129157481,0.129035810434513,40,20.0588309971825,0.23925042116968,283,7.51,266,300,"weight_sensitive_candidate","HNRNPF","heterogeneous nuclear ribonucleoprotein F [Source:HGNC Symbol;Acc:HGNC:5039]","mRNA splicing, via spliceosome; RNA splicing; mRNA processing; regulation of RNA splicing; RNA processing","spliceosomal complex; membrane; nucleoplasm; ribonucleoprotein complex; plasma membrane; catalytic step 2 spliceosome; nucleus; synapse","RNA binding; nucleic acid binding; protein binding; single-stranded RNA binding","GO:0000398; GO:0008380; GO:0006397; GO:0043484; GO:0006396","GO:0005681; GO:0016020; GO:0005654; GO:1990904; GO:0005886; GO:0071013; GO:0005634; GO:0045202","GO:0003723; GO:0003676; GO:0005515; GO:0003727",FALSE,FALSE,FALSE,0,"Other"
"P21333","FLNA",-0.667179863997973,0.41966541667745,42,576.060078004219,0.237838064605782,284,9.77,268,305,"weight_sensitive_candidate","FLNA","filamin A [Source:HGNC Symbol;Acc:HGNC:3754]","actin cytoskeleton organization; cell projection organization; positive regulation of canonical NF-kappaB signal transduction; regulation of cell migration; cilium assembly; platelet aggregation; positive regulation of protein import into nucleus; receptor clustering; wound healing, spreading of cells; negative regulation of apoptotic process; protein localization to plasma membrane; blood coagulation, intrinsic pathway; positive regulation of platelet activation; megakaryocyte development; release of sequestered calcium ion into cytosol; adenylate cyclase-inhibiting dopamine receptor signaling pathway; protein localization to cell surface; mitotic spindle assembly; negative regulation of transcription by RNA polymerase I; negative regulation of protein catabolic process; establishment of protein localization; actin crosslink formation; semaphorin-plexin signaling pathway; tubulin deacetylation; positive regulation of substrate adhesion-dependent cell spreading; formation of radial glial scaffolds; cerebral cortex development; positive regulation of actin filament bundle assembly; mRNA transcription by RNA polymerase II; establishment of Sertoli cell barrier; positive regulation of neural precursor cell proliferation; positive regulation of neuron migration","cytoplasm; nucleus; membrane; cytosol; cytoskeleton; focal adhesion; extracellular exosome; growth cone; extracellular region; cell cortex; cell-cell junction; perikaryon; actin cytoskeleton; plasma membrane; nucleolus; Z disc; Myb complex; postsynapse; glutamatergic synapse; actin filament; cortical cytoskeleton; neuronal cell body; dendritic shaft; perinuclear region of cytoplasm; apical dendrite","protein binding; actin filament binding; RNA binding; actin binding; G protein-coupled receptor binding; kinase binding; DNA-binding transcription factor binding; cadherin binding; protein homodimerization activity; transmembrane transporter binding; small GTPase binding; protein sequestering activity; potassium channel regulator activity; GTPase binding; Fc-gamma receptor I complex binding; protein-containing complex binding; SMAD binding","GO:0030036; GO:0030030; GO:0043123; GO:0030334; GO:0060271; GO:0070527; GO:0042307; GO:0043113; GO:0044319; GO:0043066; GO:0072659; GO:0007597; GO:0010572; GO:0035855; GO:0051209; GO:0007195; GO:0034394; GO:0090307; GO:0016479; GO:0042177; GO:0045184; GO:0051764; GO:0071526; GO:0090042; GO:1900026; GO:0021943; GO:0021987; GO:0032233; GO:0042789; GO:0097368; GO:2000179; GO:2001224","GO:0005737; GO:0005634; GO:0016020; GO:0005829; GO:0005856; GO:0005925; GO:0070062; GO:0030426; GO:0005576; GO:0005938; GO:0005911; GO:0043204; GO:0015629; GO:0005886; GO:0005730; GO:0030018; GO:0031523; GO:0098794; GO:0098978; GO:0005884; GO:0030863; GO:0043025; GO:0043198; GO:0048471; GO:0097440","GO:0005515; GO:0051015; GO:0003723; GO:0003779; GO:0001664; GO:0019900; GO:0140297; GO:0045296; GO:0042803; GO:0044325; GO:0031267; GO:0140311; GO:0015459; GO:0051020; GO:0034988; GO:0044877; GO:0046332",FALSE,TRUE,FALSE,1,"MS"
"Q04721","NOTCH2",2.00645275011886,0.0042090297017457,8,494.982695366295,0.237498284761005,285,5.17,270,295,"weight_sensitive_candidate","NOTCH2","notch receptor 2 [Source:HGNC Symbol;Acc:HGNC:7882]","regulation of DNA-templated transcription; multicellular organism development; apoptotic process; cell differentiation; Notch signaling pathway; regulation of developmental process; cellular response to tumor cell; positive regulation of smooth muscle cell differentiation; nervous system development; negative regulation of apoptotic process; intracellular signal transduction; regulation of apoptotic process; positive regulation of transcription by RNA polymerase II; negative regulation of gene expression; positive regulation of cell population proliferation; hemopoiesis; positive regulation of ERK1 and ERK2 cascade; positive regulation of keratinocyte proliferation; regulation of hemopoiesis; pulmonary valve morphogenesis; positive regulation of Ras protein signal transduction; cardiac septum morphogenesis; animal organ morphogenesis; cell fate determination; marginal zone B cell differentiation; axon guidance; bone remodeling; atrioventricular node development; atrial septum morphogenesis; heart looping; wound healing; positive regulation of osteoclast differentiation; left/right axis specification; proximal tubule development; podocyte development; glomerular capillary formation","membrane; receptor complex; nucleus; cytoplasm; extracellular region; plasma membrane; nucleoplasm; endoplasmic reticulum membrane; Golgi membrane; cell surface; cilium","protein binding; calcium ion binding; signaling receptor activity; transcription coactivator activity; enzyme binding","GO:0006355; GO:0007275; GO:0006915; GO:0030154; GO:0007219; GO:0050793; GO:0071228; GO:0051152; GO:0007399; GO:0043066; GO:0035556; GO:0042981; GO:0045944; GO:0010629; GO:0008284; GO:0030097; GO:0070374; GO:0010838; GO:1903706; GO:0003184; GO:0046579; GO:0060411; GO:0009887; GO:0001709; GO:0002315; GO:0007411; GO:0046849; GO:0003162; GO:0060413; GO:0001947; GO:0042060; GO:0045672; GO:0070986; GO:0072014; GO:0072015; GO:0072104","GO:0016020; GO:0043235; GO:0005634; GO:0005737; GO:0005576; GO:0005886; GO:0005654; GO:0005789; GO:0000139; GO:0009986; GO:0005929","GO:0005515; GO:0005509; GO:0038023; GO:0003713; GO:0019899",FALSE,TRUE,FALSE,1,"MS"
"Q6R327","RICTOR",1.38498172501585,0.0551800784231008,18,655.655491700878,0.237363841910431,286,4.32,278,293,"weight_sensitive_candidate","RICTOR","RPTOR independent companion of MTOR complex 2 [Source:HGNC Symbol;Acc:HGNC:28611]","TOR signaling; actin cytoskeleton organization; regulation of actin cytoskeleton organization; lipid biosynthetic process; positive regulation of phosphatidylinositol 3-kinase/protein kinase B signal transduction; positive regulation of TOR signaling; regulation of phosphatidylinositol 3-kinase/protein kinase B signal transduction; TORC2 signaling; embryo development ending in birth or egg hatching; negative regulation of apoptotic process; cellular response to nutrient levels; positive regulation of cell growth; positive regulation of cell migration; cytoskeleton organization; positive regulation of endothelial cell proliferation","TORC2 complex; plasma membrane; Golgi apparatus; endoplasmic reticulum membrane; endoplasmic reticulum; lysosome; lysosomal membrane; cytosol","protein binding; nucleotide binding; ATP binding; protein serine/threonine kinase activity; zinc ion binding; ribosome binding; protein serine/threonine kinase activator activity; molecular adaptor activity; protein kinase binding","GO:0031929; GO:0030036; GO:0032956; GO:0008610; GO:0051897; GO:0032008; GO:0051896; GO:0038203; GO:0009792; GO:0043066; GO:0031669; GO:0030307; GO:0030335; GO:0007010; GO:0001938","GO:0031932; GO:0005886; GO:0005794; GO:0005789; GO:0005783; GO:0005764; GO:0005765; GO:0005829","GO:0005515; GO:0000166; GO:0005524; GO:0004674; GO:0008270; GO:0043022; GO:0043539; GO:0060090; GO:0019901",FALSE,TRUE,TRUE,2,"MS,VT"
"Q12905","ILF2",-1.46318939741464,0.0382547555349065,32,2.87543572592728,0.237154201988688,287,5.26,275,298,"weight_sensitive_candidate","ILF2","interleukin enhancer binding factor 2 [Source:HGNC Symbol;Acc:HGNC:6037]","positive regulation of DNA-templated transcription","nucleus; cytoplasm; membrane; cytosol; nucleoplasm; nucleolus; ribonucleoprotein complex; extracellular region; ficolin-1-rich granule lumen; specific granule lumen; tertiary granule lumen","RNA binding; DNA binding; protein binding; double-stranded RNA binding","GO:0045893","GO:0005634; GO:0005737; GO:0016020; GO:0005829; GO:0005654; GO:0005730; GO:1990904; GO:0005576; GO:1904813; GO:0035580; GO:1904724","GO:0003723; GO:0003677; GO:0005515; GO:0003725",FALSE,FALSE,FALSE,0,"Other"
"Q14573","ITPR3",1.69310737046727,0.0463546721099258,14,461.829194594778,0.235817605975165,288,3.25,282,295,"weight_sensitive_candidate","ITPR3","inositol 1,4,5-trisphosphate receptor type 3 [Source:HGNC Symbol;Acc:HGNC:6182]","monoatomic ion transport; transmembrane transport; calcium ion transport; calcium ion transmembrane transport; positive regulation of cytosolic calcium ion concentration; monoatomic ion transmembrane transport; calcium-mediated signaling; release of sequestered calcium ion into cytosol; calcium ion homeostasis; G protein-coupled receptor signaling pathway; platelet activation; response to calcium ion","membrane; endoplasmic reticulum; cytoplasm; apical part of cell; plasma membrane; endoplasmic reticulum membrane; cytoplasmic vesicle; cytoplasmic side of endoplasmic reticulum membrane; transport vesicle membrane; platelet dense tubular network membrane; sarcoplasmic reticulum; receptor complex; neuronal cell body; brush border; secretory granule membrane; nuclear outer membrane; nucleus; nucleoplasm; nucleolus","inositol 1,4,5-trisphosphate-gated calcium channel activity; inositol 1,4,5 trisphosphate binding; calcium channel activity; monoatomic ion channel activity; protein binding; calcium ion binding; ATP binding; zinc ion binding; intracellularly gated calcium channel activity; phosphatidylinositol binding; inositol hexakisphosphate binding; inositol 1,3,4,5 tetrakisphosphate binding","GO:0006811; GO:0055085; GO:0006816; GO:0070588; GO:0007204; GO:0034220; GO:0019722; GO:0051209; GO:0055074; GO:0007186; GO:0030168; GO:0051592","GO:0016020; GO:0005783; GO:0005737; GO:0045177; GO:0005886; GO:0005789; GO:0031410; GO:0098554; GO:0030658; GO:0031095; GO:0016529; GO:0043235; GO:0043025; GO:0005903; GO:0030667; GO:0005640; GO:0005634; GO:0005654; GO:0005730","GO:0005220; GO:0070679; GO:0005262; GO:0005216; GO:0005515; GO:0005509; GO:0005524; GO:0008270; GO:0015278; GO:0035091; GO:0000822; GO:0043533",FALSE,FALSE,FALSE,0,"Other"
"P48509","CD151",1.74149973222255,0.00936528986807732,16,25.3885751219999,0.235188881760451,289,1.6,286,292,"weight_sensitive_candidate","CD151","CD151 molecule (Raph blood group) [Source:HGNC Symbol;Acc:HGNC:1630]","cell migration; cell adhesion; positive regulation of cell migration; wound healing, spreading of cells; positive regulation of endocytosis","membrane; plasma membrane; focal adhesion; cytosol; basement membrane; cell surface","protein binding; integrin binding","GO:0016477; GO:0007155; GO:0030335; GO:0044319; GO:0045807","GO:0016020; GO:0005886; GO:0005925; GO:0005829; GO:0005604; GO:0009986","GO:0005515; GO:0005178",TRUE,TRUE,TRUE,3,"ECM,MS,VT"
"O94813","SLIT2",3.4617304536484,9.28637411642941e-06,2,0,0.234835249988438,290,17.45,235,315,"weight_sensitive_candidate","SLIT2","slit guidance ligand 2 [Source:HGNC Symbol;Acc:HGNC:11086]","negative regulation of chemokine-mediated signaling pathway; ventricular septum morphogenesis; negative regulation of smooth muscle cell chemotaxis; nervous system development; positive regulation of apoptotic process; cell differentiation; negative regulation of macromolecule metabolic process; negative regulation of cell migration; chemotaxis; olfactory bulb development; kidney development; motor neuron axon guidance; negative regulation of neuron projection development; telencephalon cell migration; negative regulation of cell growth; retinal ganglion cell axon guidance; regulation of cellular component size; cellular response to hormone stimulus; Roundabout signaling pathway; axon extension involved in axon guidance; regulation of neurogenesis; regulation of axonogenesis; negative chemotaxis; response to cortisol; epithelial tube morphogenesis; apoptotic process involved in luteolysis; circulatory system development; negative regulation of small GTPase mediated signal transduction; positive regulation of axonogenesis; negative regulation of endothelial cell migration; axon guidance; negative regulation of vascular permeability; cell migration involved in sprouting angiogenesis; negative regulation of cellular response to growth factor stimulus; branching morphogenesis of an epithelial tube; aortic valve morphogenesis; pulmonary valve morphogenesis; negative regulation of monocyte chemotaxis; negative regulation of actin filament polymerization; ureteric bud development; negative regulation of protein phosphorylation; negative regulation of leukocyte chemotaxis; negative regulation of lamellipodium assembly; negative regulation of smooth muscle cell migration; chemorepulsion involved in postnatal olfactory bulb interneuron migration; corticospinal neuron axon guidance through spinal cord; cellular response to heparin; negative regulation of mononuclear cell migration; negative regulation of neutrophil chemotaxis; negative regulation of retinal ganglion cell axon guidance","cytoplasm; extracellular region; extracellular space; membrane; extracellular exosome","protein binding; calcium ion binding; heparin binding; protein homodimerization activity; identical protein binding; Roundabout binding; GTPase inhibitor activity; proteoglycan binding; laminin-1 binding; chemorepellent activity","GO:0070100; GO:0060412; GO:0071672; GO:0007399; GO:0043065; GO:0030154; GO:0010605; GO:0030336; GO:0006935; GO:0021772; GO:0001822; GO:0008045; GO:0010977; GO:0022029; GO:0030308; GO:0031290; GO:0032535; GO:0032870; GO:0035385; GO:0048846; GO:0050767; GO:0050770; GO:0050919; GO:0051414; GO:0060562; GO:0061364; GO:0072359; GO:0051058; GO:0050772; GO:0010596; GO:0007411; GO:0043116; GO:0002042; GO:0090288; GO:0048754; GO:0003180; GO:0003184; GO:0090027; GO:0030837; GO:0001657; GO:0001933; GO:0002689; GO:0010593; GO:0014912; GO:0021836; GO:0021972; GO:0071504; GO:0071676; GO:0090024; GO:0090260","GO:0005737; GO:0005576; GO:0005615; GO:0016020; GO:0070062","GO:0005515; GO:0005509; GO:0008201; GO:0042803; GO:0042802; GO:0048495; GO:0005095; GO:0043394; GO:0043237; GO:0045499",FALSE,TRUE,FALSE,1,"MS"
"P25116","F2R",2.08781936371648,0.00513526370748439,10,49.5988973510749,0.234272558515695,291,4.17,278,298,"weight_sensitive_candidate","F2R","coagulation factor II thrombin receptor [Source:HGNC Symbol;Acc:HGNC:3537]","G protein-coupled receptor signaling pathway; blood coagulation; thrombin-activated receptor signaling pathway; negative regulation of cell population proliferation; positive regulation of apoptotic process; positive regulation of cell migration; positive regulation of receptor signaling pathway via JAK-STAT; positive regulation of MAPK cascade; signal transduction; positive regulation of canonical NF-kappaB signal transduction; hemostasis; regulation of synaptic plasticity; inflammatory response; positive regulation of cell population proliferation; positive regulation of interleukin-8 production; regulation of interleukin-1 beta production; negative regulation of neuron apoptotic process; positive regulation of vasoconstriction; positive regulation of phosphatidylinositol 3-kinase/protein kinase B signal transduction; positive regulation of ERK1 and ERK2 cascade; phospholipase C-activating G protein-coupled receptor signaling pathway; release of sequestered calcium ion into cytosol; response to lipopolysaccharide; positive regulation of interleukin-6 production; positive regulation of calcium ion transport; positive regulation of DNA-templated transcription; anatomical structure morphogenesis; positive regulation of cytosolic calcium ion concentration; positive regulation of release of sequestered calcium ion into cytosol; cell-cell junction maintenance; positive regulation of Rho protein signal transduction; platelet dense granule organization; response to wounding; platelet activation; positive regulation of blood coagulation; positive regulation of collagen biosynthetic process; connective tissue replacement involved in inflammatory response wound healing; negative regulation of glomerular filtration; establishment of synaptic specificity at neuromuscular junction; regulation of blood coagulation; positive regulation of smooth muscle contraction; homeostasis of number of cells within a tissue; trans-synaptic signaling by endocannabinoid, modulating synaptic transmission","membrane; plasma membrane; late endosome; cell surface; early endosome; extracellular region; postsynaptic membrane; Golgi apparatus; neuromuscular junction; caveola; platelet dense tubular network","G protein-coupled receptor activity; thrombin-activated receptor activity; protein binding; G-protein alpha-subunit binding; signaling receptor binding; G-protein beta-subunit binding","GO:0007186; GO:0007596; GO:0070493; GO:0008285; GO:0043065; GO:0030335; GO:0046427; GO:0043410; GO:0007165; GO:0043123; GO:0007599; GO:0048167; GO:0006954; GO:0008284; GO:0032757; GO:0032651; GO:0043524; GO:0045907; GO:0051897; GO:0070374; GO:0007200; GO:0051209; GO:0032496; GO:0032755; GO:0051928; GO:0045893; GO:0009653; GO:0007204; GO:0051281; GO:0045217; GO:0035025; GO:0060155; GO:0009611; GO:0030168; GO:0030194; GO:0032967; GO:0002248; GO:0003105; GO:0007529; GO:0030193; GO:0045987; GO:0048873; GO:0099553","GO:0016020; GO:0005886; GO:0005770; GO:0009986; GO:0005769; GO:0005576; GO:0045211; GO:0005794; GO:0031594; GO:0005901; GO:0031094","GO:0004930; GO:0015057; GO:0005515; GO:0001965; GO:0005102; GO:0031681",FALSE,TRUE,FALSE,1,"MS"
"Q9NZQ7","CD274",1.43158902970366,0.0350799821228867,18,200.865337506635,0.23381693621456,292,3.13,286,298,"weight_sensitive_candidate","CD274","CD274 molecule [Source:HGNC Symbol;Acc:HGNC:17635]","positive regulation of DNA-templated transcription; signal transduction; immune system process; cell surface receptor signaling pathway; adaptive immune response; immune response; negative regulation of T cell activation; positive regulation of T cell proliferation; T cell costimulation; negative regulation of T cell receptor signaling pathway; negative regulation of CD8-positive, alpha-beta T cell activation; negative regulation of type II interferon production; positive regulation of interleukin-10 production; negative regulation of activated T cell proliferation; negative regulation of interleukin-10 production; cellular response to lipopolysaccharide; negative regulation of T cell proliferation; negative regulation of T cell mediated immune response to tumor cell; TRIF-dependent toll-like receptor signaling pathway; response to cytokine; negative regulation of tumor necrosis factor superfamily cytokine production; positive regulation of activated CD8-positive, alpha-beta T cell apoptotic process","nuclear speck; extracellular region; plasma membrane; nucleoplasm; endomembrane system; early endosome membrane; recycling endosome membrane; extracellular exosome; endoplasmic reticulum membrane; cytosol; Golgi membrane; external side of plasma membrane","protein binding; receptor ligand activity; transcription coactivator activity","GO:0045893; GO:0007165; GO:0002376; GO:0007166; GO:0002250; GO:0006955; GO:0050868; GO:0042102; GO:0031295; GO:0050860; GO:2001186; GO:0032689; GO:0032733; GO:0046007; GO:0032693; GO:0071222; GO:0042130; GO:0002841; GO:0035666; GO:0034097; GO:1903556; GO:1905404","GO:0016607; GO:0005576; GO:0005886; GO:0005654; GO:0012505; GO:0031901; GO:0055038; GO:0070062; GO:0005789; GO:0005829; GO:0000139; GO:0009897","GO:0005515; GO:0048018; GO:0003713",FALSE,FALSE,FALSE,0,"Other"
"P02788","LTF",-1.23998420241569,0.2096866462255,22,753.754442450098,0.233627693318758,293,5.39,282,301,"weight_sensitive_candidate","LTF","lactotransferrin [Source:HGNC Symbol;Acc:HGNC:6720]","regulation of cytokine production; antibacterial humoral response; antifungal humoral response; positive regulation of osteoblast differentiation; monoatomic ion transport; negative regulation of apoptotic process; proteolysis; immune system process; defense response to bacterium; positive regulation of canonical NF-kappaB signal transduction; killing of cells of another organism; iron ion transport; ossification; bone morphogenesis; innate immune response in mucosa; antimicrobial humoral immune response mediated by antimicrobial peptide; regulation of tumor necrosis factor production; negative regulation by host of viral genome replication; humoral immune response; negative regulation of lipopolysaccharide-mediated signaling pathway; positive regulation of toll-like receptor 4 signaling pathway; negative regulation by host of viral process","extracellular region; extracellular space; nucleus; cytoplasm; extracellular exosome; cell surface; plasma membrane; protein-containing complex; early endosome; recycling endosome; specific granule; specific granule lumen; tertiary granule lumen; phagocytic vesicle lumen; secretory granule","iron ion binding; serine-type endopeptidase activity; hydrolase activity; metal ion binding; DNA binding; protein binding; peptidase activity; serine-type peptidase activity; heparin binding; protein serine/threonine kinase activator activity; lipopolysaccharide binding; cysteine-type endopeptidase inhibitor activity","GO:0001817; GO:0019731; GO:0019732; GO:0045669; GO:0006811; GO:0043066; GO:0006508; GO:0002376; GO:0042742; GO:0043123; GO:0031640; GO:0006826; GO:0001503; GO:0060349; GO:0002227; GO:0061844; GO:0032680; GO:0044828; GO:0006959; GO:0031665; GO:0034145; GO:0044793","GO:0005576; GO:0005615; GO:0005634; GO:0005737; GO:0070062; GO:0009986; GO:0005886; GO:0032991; GO:0005769; GO:0055037; GO:0042581; GO:0035580; GO:1904724; GO:0097013; GO:0030141","GO:0005506; GO:0004252; GO:0016787; GO:0046872; GO:0003677; GO:0005515; GO:0008233; GO:0008236; GO:0008201; GO:0043539; GO:0001530; GO:0004869",FALSE,FALSE,FALSE,0,"Other"
"Q15382","RHEB",1.683064906518,0.0145638668050886,12,335.345160568684,0.232896127903126,294,3.05,285,300,"weight_sensitive_candidate","RHEB","Ras homolog, mTORC1 binding [Source:HGNC Symbol;Acc:HGNC:10011]","signal transduction; regulation of TOR signaling; positive regulation of TOR signaling; small GTPase-mediated signal transduction; cellular response to nutrient levels; regulation of cell cycle; regulation of macroautophagy","membrane; endomembrane system; cytosol; endoplasmic reticulum membrane; extracellular exosome; Golgi membrane; lysosomal membrane; plasma membrane; synapse; spliceosomal complex; postsynaptic density","GTPase activity; GTP binding; nucleotide binding; hydrolase activity; metal ion binding; protein binding; protein kinase binding; protein serine/threonine kinase activator activity; magnesium ion binding; protein kinase activator activity; GDP binding","GO:0007165; GO:0032006; GO:0032008; GO:0007264; GO:0031669; GO:0051726; GO:0016241","GO:0016020; GO:0012505; GO:0005829; GO:0005789; GO:0070062; GO:0000139; GO:0005765; GO:0005886; GO:0045202; GO:0005681; GO:0014069","GO:0003924; GO:0005525; GO:0000166; GO:0016787; GO:0046872; GO:0005515; GO:0019901; GO:0043539; GO:0000287; GO:0030295; GO:0019003",FALSE,FALSE,TRUE,1,"VT"
"P10915","HAPLN1",3.49095405682802,1.51562762378403e-05,2,0,0.232636838424763,295,17.02,242,317,"weight_sensitive_candidate","HAPLN1","hyaluronan and proteoglycan link protein 1 [Source:HGNC Symbol;Acc:HGNC:2380]","cell adhesion; central nervous system development; skeletal system development","extracellular region; extracellular space; synapse; extracellular matrix; perineuronal net","hyaluronic acid binding; extracellular matrix structural constituent conferring compression resistance","GO:0007155; GO:0007417; GO:0001501","GO:0005576; GO:0005615; GO:0045202; GO:0031012; GO:0072534","GO:0005540; GO:0030021",TRUE,FALSE,FALSE,1,"ECM"
"Q15393","SF3B3",-1.41638281681133,0.0811361996224493,26,23.8632639272365,0.231962845071335,296,5.13,281,307,"weight_sensitive_candidate","SF3B3","splicing factor 3b subunit 3 [Source:HGNC Symbol;Acc:HGNC:10770]","mRNA splicing, via spliceosome; RNA splicing; mRNA processing; RNA splicing, via transesterification reactions; regulation of DNA repair; positive regulation of DNA-templated transcription; spliceosomal snRNP assembly; regulation of RNA splicing; spliceosome conformational change to release U4 (or U4atac) and U1 (or U11); negative regulation of protein catabolic process","nucleus; spliceosomal complex; nucleoplasm; nucleolus; catalytic step 2 spliceosome; U2-type precatalytic spliceosome; U2-type spliceosomal complex; U2 snRNP; U12-type spliceosomal complex","protein binding; nucleic acid binding; protein-containing complex binding; U2 snRNA binding","GO:0000398; GO:0008380; GO:0006397; GO:0000375; GO:0006282; GO:0045893; GO:0000387; GO:0043484; GO:0000388; GO:0042177","GO:0005634; GO:0005681; GO:0005654; GO:0005730; GO:0071013; GO:0071005; GO:0005684; GO:0005686; GO:0005689","GO:0005515; GO:0003676; GO:0044877; GO:0030620",FALSE,FALSE,FALSE,0,"Other"
"Q9UNF1","MAGED2",3.33472382570029,6.95509402574751e-06,2,0,0.231289495279949,297,16.55,246,320,"weight_sensitive_candidate","MAGED2","MAGE family member D2 [Source:HGNC Symbol;Acc:HGNC:16353]","female pregnancy; negative regulation of transcription by RNA polymerase II; renal sodium ion absorption","membrane; cytosol; nucleoplasm; nucleolus; nucleus; extracellular region; platelet alpha granule lumen","protein binding","GO:0007565; GO:0000122; GO:0070294","GO:0016020; GO:0005829; GO:0005654; GO:0005730; GO:0005634; GO:0005576; GO:0031093","GO:0005515",FALSE,FALSE,FALSE,0,"Other"
"Q01973","ROR1",3.38522818056479,9.61970133793113e-06,2,0,0.23120862203439,298,16.64,248,321,"weight_sensitive_candidate","ROR1","receptor tyrosine kinase like orphan receptor 1 [Source:HGNC Symbol;Acc:HGNC:10256]","protein phosphorylation; cell surface receptor protein tyrosine kinase signaling pathway; Wnt signaling pathway; positive regulation of canonical NF-kappaB signal transduction; sensory perception of sound; cell population proliferation; inner ear development","plasma membrane; membrane; axon; cytoplasm; receptor complex; axon terminus","ATP binding; protein binding; protein kinase activity; nucleotide binding; transferase activity; kinase activity; signaling receptor activity; coreceptor activity; Wnt-protein binding; Wnt receptor activity; transmembrane receptor protein tyrosine kinase activity","GO:0006468; GO:0007169; GO:0016055; GO:0043123; GO:0007605; GO:0008283; GO:0048839","GO:0005886; GO:0016020; GO:0030424; GO:0005737; GO:0043235; GO:0043679","GO:0005524; GO:0005515; GO:0004672; GO:0000166; GO:0016740; GO:0016301; GO:0038023; GO:0015026; GO:0017147; GO:0042813; GO:0004714",FALSE,FALSE,FALSE,0,"Other"
"Q96SB4","SRPK1",1.86845591841098,0.0125310737514823,16,4.96630138064373,0.227589111823113,300,1.53,298,305,"weight_sensitive_candidate","SRPK1","SRSF protein kinase 1 [Source:HGNC Symbol;Acc:HGNC:11305]","protein phosphorylation; RNA splicing; mRNA processing; intracellular signal transduction; cell differentiation; chromosome segregation; regulation of mRNA processing; regulation of mRNA splicing, via spliceosome; innate immune response; positive regulation of viral genome replication; spliceosomal complex assembly; sperm DNA condensation; negative regulation of viral genome replication","nucleus; cytoplasm; nuclear speck; cytosol; nucleoplasm; chromosome; nuclear matrix; chromatin","ATP binding; protein kinase activity; nucleotide binding; RNA binding; transferase activity; protein serine/threonine kinase activity; kinase activity; protein binding; magnesium ion binding; protein serine kinase activity","GO:0006468; GO:0008380; GO:0006397; GO:0035556; GO:0030154; GO:0007059; GO:0050684; GO:0048024; GO:0045087; GO:0045070; GO:0000245; GO:0035092; GO:0045071","GO:0005634; GO:0005737; GO:0016607; GO:0005829; GO:0005654; GO:0005694; GO:0016363; GO:0000785","GO:0005524; GO:0004672; GO:0000166; GO:0003723; GO:0016740; GO:0004674; GO:0016301; GO:0005515; GO:0000287; GO:0106310",FALSE,FALSE,FALSE,0,"Other"
"P98196","ATP11A",-2.45292957528926,0.000820165434751812,8,1,0.227577389607949,301,5.52,287,309,"weight_sensitive_candidate","ATP11A","ATPase phospholipid transporting 11A [Source:HGNC Symbol;Acc:HGNC:13552]","phospholipid transport; lipid transport; phospholipid translocation; regulation of membrane lipid distribution; positive regulation of myotube differentiation","membrane; plasma membrane; endomembrane system; endoplasmic reticulum membrane; endoplasmic reticulum; lysosomal membrane; early endosome; recycling endosome; specific granule membrane; tertiary granule membrane","ATP binding; magnesium ion binding; nucleotide binding; ATP hydrolysis activity; transporter activity; ATPase-coupled intramembrane lipid transporter activity; metal ion binding; protein binding; phosphatidylethanolamine flippase activity; phosphatidylserine floppase activity","GO:0015914; GO:0006869; GO:0045332; GO:0097035; GO:0010831","GO:0016020; GO:0005886; GO:0012505; GO:0005789; GO:0005783; GO:0005765; GO:0005769; GO:0055037; GO:0035579; GO:0070821","GO:0005524; GO:0000287; GO:0000166; GO:0016887; GO:0005215; GO:0140326; GO:0046872; GO:0005515; GO:0090555; GO:0090556",FALSE,FALSE,TRUE,1,"VT"
"Q14103","HNRNPD",-1.5453642421252,0.0324743273472776,28,0.422079070354932,0.226919022994744,302,4.84,292,312,"weight_sensitive_candidate","HNRNPD","heterogeneous nuclear ribonucleoprotein D [Source:HGNC Symbol;Acc:HGNC:5036]","rhythmic process; positive regulation of macromolecule biosynthetic process; positive regulation of DNA-templated transcription; regulation of DNA-templated transcription; regulation of circadian rhythm; regulation of gene expression; regulation of mRNA stability; positive regulation of translation; positive regulation of transcription by RNA polymerase II; RNA processing; CRD-mediated mRNA stabilization; negative regulation of nuclear-transcribed mRNA catabolic process, deadenylation-dependent decay; positive regulation of telomere maintenance via telomerase; RNA catabolic process; positive regulation of telomere capping; liver development; positive regulation of gene expression; negative regulation of gene expression; cerebellum development; response to estradiol; response to calcium ion; response to electrical stimulus; 3'-UTR-mediated mRNA destabilization; cellular response to amino acid stimulus; cellular response to estradiol stimulus; cellular response to nitric oxide; response to rapamycin; response to sodium phosphate; cellular response to putrescine; regulation of RNA metabolic process","nucleus; cytoplasm; nucleoplasm; ribonucleoprotein complex; chromatin; cytosol; postsynaptic density; glutamatergic synapse","RNA binding; nucleic acid binding; DNA binding; protein binding; telomeric DNA binding; minor groove of adenine-thymine-rich DNA binding; chromatin binding; mRNA binding; mRNA 3'-UTR AU-rich region binding; histone deacetylase binding","GO:0048511; GO:0010557; GO:0045893; GO:0006355; GO:0042752; GO:0010468; GO:0043488; GO:0045727; GO:0045944; GO:0006396; GO:0070934; GO:1900152; GO:0032212; GO:0006401; GO:1904355; GO:0001889; GO:0010628; GO:0010629; GO:0021549; GO:0032355; GO:0051592; GO:0051602; GO:0061158; GO:0071230; GO:0071392; GO:0071732; GO:1901355; GO:1904383; GO:1904586; GO:0051252","GO:0005634; GO:0005737; GO:0005654; GO:1990904; GO:0000785; GO:0005829; GO:0014069; GO:0098978","GO:0003723; GO:0003676; GO:0003677; GO:0005515; GO:0042162; GO:0003680; GO:0003682; GO:0003729; GO:0035925; GO:0042826",FALSE,FALSE,FALSE,0,"Other"
"O95477","ABCA1",1.97556186804317,0.00479342558464075,8,153.567711770707,0.226483202535387,303,3.8,291,310,"weight_sensitive_candidate","ABCA1","ATP binding cassette subfamily A member 1 [Source:HGNC Symbol;Acc:HGNC:29]","transmembrane transport; cholesterol homeostasis; cellular response to low-density lipoprotein particle stimulus; negative regulation of macrophage derived foam cell differentiation; lipid metabolic process; steroid metabolic process; cholesterol metabolic process; phospholipid translocation; organic hydroxy compound transport; cholesterol efflux; regulation of Cdc42 protein signal transduction; response to laminar fluid shear stress; export across plasma membrane; adenylate cyclase-activating G protein-coupled receptor signaling pathway; high-density lipoprotein particle assembly; reverse cholesterol transport; lysosome organization; G protein-coupled receptor signaling pathway; response to nutrient; protein secretion; response to xenobiotic stimulus; positive regulation of cholesterol efflux; negative regulation of cholesterol storage; phospholipid transport; endosomal transport; signal release; cholesterol transport; response to nutrient levels; intracellular cholesterol transport; response to vitamin B3; apolipoprotein A-I-mediated signaling pathway; lipoprotein biosynthetic process; phospholipid homeostasis; platelet dense granule organization; cellular response to lipopolysaccharide; cellular response to retinoic acid; cellular response to cytokine stimulus; cellular response to cholesterol; cellular response to xenobiotic stimulus; protein transmembrane transport; regulation of high-density lipoprotein particle assembly; positive regulation of high-density lipoprotein particle assembly; sphingolipid translocation","membrane; perinuclear region of cytoplasm; plasma membrane; endosome; endoplasmic reticulum membrane; membrane raft; Golgi apparatus; external side of plasma membrane; cell surface; basolateral plasma membrane; endocytic vesicle; phagocytic vesicle; intracellular vesicle","ATP binding; ATP hydrolysis activity; ABC-type transporter activity; protein binding; nucleotide binding; phosphatidylserine floppase activity; ATPase-coupled intramembrane lipid transporter activity; floppase activity; phospholipid transporter activity; phosphatidylcholine floppase activity; phosphatidylcholine binding; signaling receptor binding; ATPase-coupled transmembrane transporter activity; small GTPase binding; cholesterol binding; high-density lipoprotein particle binding; protein transmembrane transporter activity; syntaxin binding; apolipoprotein binding; apolipoprotein A-I binding; apolipoprotein A-I receptor activity; sphingolipid floppase activity","GO:0055085; GO:0042632; GO:0071404; GO:0010745; GO:0006629; GO:0008202; GO:0008203; GO:0045332; GO:0015850; GO:0033344; GO:0032489; GO:0034616; GO:0140115; GO:0007189; GO:0034380; GO:0043691; GO:0007040; GO:0007186; GO:0007584; GO:0009306; GO:0009410; GO:0010875; GO:0010887; GO:0015914; GO:0016197; GO:0023061; GO:0030301; GO:0031667; GO:0032367; GO:0033552; GO:0038027; GO:0042158; GO:0055091; GO:0060155; GO:0071222; GO:0071300; GO:0071345; GO:0071397; GO:0071466; GO:0071806; GO:0090107; GO:0090108; GO:0099039","GO:0016020; GO:0048471; GO:0005886; GO:0005768; GO:0005789; GO:0045121; GO:0005794; GO:0009897; GO:0009986; GO:0016323; GO:0030139; GO:0045335; GO:0097708","GO:0005524; GO:0016887; GO:0140359; GO:0005515; GO:0000166; GO:0090556; GO:0140326; GO:0140328; GO:0005548; GO:0090554; GO:0031210; GO:0005102; GO:0042626; GO:0031267; GO:0015485; GO:0008035; GO:0008320; GO:0019905; GO:0034185; GO:0034186; GO:0034188; GO:0046623",FALSE,TRUE,TRUE,2,"MS,VT"
"P09012","SNRPA",-1.37437741457097,0.13737066431544,26,17.8543768470989,0.224289764617754,304,4.49,297,315,"weight_sensitive_candidate","SNRPA","small nuclear ribonucleoprotein polypeptide A [Source:HGNC Symbol;Acc:HGNC:11151]","RNA splicing; mRNA processing; mRNA splicing, via spliceosome; spliceosomal snRNP assembly","nucleus; spliceosomal complex; nucleoplasm; ribonucleoprotein complex; U1 snRNP; spliceosomal snRNP complex","RNA binding; nucleic acid binding; protein binding; identical protein binding; U1 snRNA binding; DNA binding","GO:0008380; GO:0006397; GO:0000398; GO:0000387","GO:0005634; GO:0005681; GO:0005654; GO:1990904; GO:0005685; GO:0097525","GO:0003723; GO:0003676; GO:0005515; GO:0042802; GO:0030619; GO:0003677",FALSE,FALSE,FALSE,0,"Other"
"P49792","RANBP2",-1.78580022832044,0.0131442583529422,10,190.746696576232,0.224226017112861,305,2.1,299,308,"weight_sensitive_candidate","RANBP2","RAN binding protein 2 [Source:HGNC Symbol;Acc:HGNC:9848]","intracellular transport; protein folding; protein peptidyl-prolyl isomerization; mRNA transport; protein transport; negative regulation of transcription by RNA polymerase II; protein sumoylation; nuclear export; NLS-bearing protein import into nucleus; nucleocytoplasmic transport; centrosome localization; response to amphetamine","nucleus; membrane; nuclear membrane; nucleoplasm; nuclear envelope; nuclear pore; cytosol; annulate lamellae; nuclear pore nuclear basket; nuclear inclusion body; nuclear pore cytoplasmic filaments","protein binding; peptidyl-prolyl cis-trans isomerase activity; RNA binding; transferase activity; metal ion binding; zinc ion binding; SUMO transferase activity; small GTPase binding; protein-macromolecule adaptor activity; SUMO ligase activity; kinase activator activity; protein-containing complex binding","GO:0046907; GO:0006457; GO:0000413; GO:0051028; GO:0015031; GO:0000122; GO:0016925; GO:0051168; GO:0006607; GO:0006913; GO:0051642; GO:0001975","GO:0005634; GO:0016020; GO:0031965; GO:0005654; GO:0005635; GO:0005643; GO:0005829; GO:0005642; GO:0044615; GO:0042405; GO:0044614","GO:0005515; GO:0003755; GO:0003723; GO:0016740; GO:0046872; GO:0008270; GO:0019789; GO:0031267; GO:0030674; GO:0061665; GO:0019209; GO:0044877",FALSE,FALSE,FALSE,0,"Other"
"P61077","UBE2D3",-1.83839852231901,0.188162293720705,12,459.075626912002,0.223876138282518,306,2.78,298,310,"weight_sensitive_candidate","UBE2D3","ubiquitin conjugating enzyme E2 D3 [Source:HGNC Symbol;Acc:HGNC:12476]","apoptotic process; protein ubiquitination; DNA repair; DNA damage response; protein polyubiquitination; protein K48-linked ubiquitination; proteasome-mediated ubiquitin-dependent protein catabolic process; protein K11-linked ubiquitination; protein K6-linked ubiquitination; ubiquitin-dependent protein catabolic process; protein monoubiquitination; protein modification process; positive regulation of establishment of protein localization to mitochondrion; protein autoubiquitination; negative regulation of transcription by RNA polymerase II; negative regulation of BMP signaling pathway","plasma membrane; endosome membrane; extracellular exosome; nucleus; nucleoplasm; cytosol","nucleotide binding; transferase activity; ATP binding; protein binding; ubiquitin-protein transferase activity; ubiquitin conjugating enzyme activity; ubiquitin protein ligase activity","GO:0006915; GO:0016567; GO:0006281; GO:0006974; GO:0000209; GO:0070936; GO:0043161; GO:0070979; GO:0085020; GO:0006511; GO:0006513; GO:0036211; GO:1903749; GO:0051865; GO:0000122; GO:0030514","GO:0005886; GO:0010008; GO:0070062; GO:0005634; GO:0005654; GO:0005829","GO:0000166; GO:0016740; GO:0005524; GO:0005515; GO:0004842; GO:0061631; GO:0061630",FALSE,FALSE,FALSE,0,"Other"
"Q13616","CUL1",-1.28617946272286,0.0779244991459509,16,630.163979880428,0.223774128035858,307,3.59,299,311,"weight_sensitive_candidate","CUL1","cullin 1 [Source:HGNC Symbol;Acc:HGNC:2551]","ubiquitin-dependent protein catabolic process; protein ubiquitination; cellular response to oxidative stress; positive regulation of canonical NF-kappaB signal transduction; G1/S transition of mitotic cell cycle; SCF-dependent proteasomal ubiquitin-dependent protein catabolic process; protein K48-linked ubiquitination; intrinsic apoptotic signaling pathway; proteasome-mediated ubiquitin-dependent protein catabolic process; cilium assembly; regulation of mitotic cell cycle; regulation of cell cycle process; regulation of DNA-templated transcription; regulation of apoptotic process; regulation of cell cycle; intracellular iron ion homeostasis; regulation of inflammatory response; limb development; regulation of centrosome duplication; neural crest cell differentiation; regulation of BMP signaling pathway; regulation of TOR signaling; regulation of circadian rhythm; regulation of xenophagy","cullin-RING ubiquitin ligase complex; nucleus; cytoplasm; plasma membrane; SCF ubiquitin ligase complex; nucleoplasm; cytosol","ubiquitin protein ligase binding; protein binding","GO:0006511; GO:0016567; GO:0034599; GO:0043123; GO:0000082; GO:0031146; GO:0070936; GO:0097193; GO:0043161; GO:0060271; GO:0007346; GO:0010564; GO:0006355; GO:0042981; GO:0051726; GO:0006879; GO:0050727; GO:0060173; GO:0010824; GO:0014033; GO:0030510; GO:0032006; GO:0042752; GO:1904415","GO:0031461; GO:0005634; GO:0005737; GO:0005886; GO:0019005; GO:0005654; GO:0005829","GO:0031625; GO:0005515",FALSE,FALSE,FALSE,0,"Other"
"Q01130","SRSF2",-0.169642446122602,0.890332176753991,46,1489.32346645753,0.222810481520625,308,10.08,285,324,"weight_sensitive_candidate","SRSF2","serine and arginine rich splicing factor 2 [Source:HGNC Symbol;Acc:HGNC:10783]","RNA splicing; mRNA processing; negative regulation of DNA-templated transcription; regulation of alternative mRNA splicing, via spliceosome; response to vitamin E","nucleus; nuclear speck; nucleoplasm; perichromatin fibrils; interchromatin granule; spliceosomal complex","RNA binding; nucleic acid binding; protein binding; transcription corepressor activity; mRNA binding; protein kinase C binding; pre-mRNA binding","GO:0008380; GO:0006397; GO:0045892; GO:0000381; GO:0033197","GO:0005634; GO:0016607; GO:0005654; GO:0005726; GO:0035061; GO:0005681","GO:0003723; GO:0003676; GO:0005515; GO:0003714; GO:0003729; GO:0005080; GO:0036002",FALSE,FALSE,FALSE,0,"Other"
"P35240","NF2",-2.39431881055019,0.000805732264279526,8,0,0.219929757661367,309,5.33,303,320,"weight_sensitive_candidate","NF2","NF2, moesin-ezrin-radixin like (MERLIN) tumor suppressor [Source:HGNC Symbol;Acc:HGNC:7773]","negative regulation of cell population proliferation; regulation of cell cycle; cell differentiation; regulation of apoptotic process; hippo signaling; regulation of cell shape; negative regulation of receptor signaling pathway via JAK-STAT; regulation of organelle assembly; actin cytoskeleton organization; negative regulation of cell-matrix adhesion; Schwann cell proliferation; regulation of gliogenesis; negative regulation of cell-cell adhesion; negative regulation of cell migration; regulation of hippo signaling; negative regulation of cell growth involved in contact inhibition; lens fiber cell differentiation","nucleus; cytoplasm; plasma membrane; membrane; cytosol; nucleoplasm; cytoskeleton; filopodium membrane; ruffle membrane; perinuclear region of cytoplasm; adherens junction; early endosome; filopodium; apical part of cell; nucleolus; ruffle; lamellipodium; cortical actin cytoskeleton; cleavage furrow; neuron projection; cell body","cytoskeletal protein binding; actin binding; protein binding; signaling adaptor activity; integrin binding","GO:0008285; GO:0051726; GO:0030154; GO:0042981; GO:0035329; GO:0008360; GO:0046426; GO:1902115; GO:0030036; GO:0001953; GO:0014010; GO:0014013; GO:0022408; GO:0030336; GO:0035330; GO:0060243; GO:0070306","GO:0005634; GO:0005737; GO:0005886; GO:0016020; GO:0005829; GO:0005654; GO:0005856; GO:0031527; GO:0032587; GO:0048471; GO:0005912; GO:0005769; GO:0030175; GO:0045177; GO:0005730; GO:0001726; GO:0030027; GO:0030864; GO:0032154; GO:0043005; GO:0044297","GO:0008092; GO:0003779; GO:0005515; GO:0035591; GO:0005178",TRUE,TRUE,FALSE,2,"ECM,MS"
"Q08722","CD47",1.15961840593103,0.0965842486133923,22,86.9116943433601,0.219508741081254,310,3.3,303,317,"weight_sensitive_candidate","CD47","CD47 molecule [Source:HGNC Symbol;Acc:HGNC:1682]","positive regulation of cell-cell adhesion; positive regulation of inflammatory response; positive regulation of phagocytosis; regulation of interleukin-6 production; regulation of tumor necrosis factor production; cellular response to interleukin-1; negative regulation of phagocytosis; apoptotic process; cell adhesion; angiogenesis; inflammatory response; positive regulation of cell population proliferation; positive regulation of immune system process; cell-cell adhesion; positive regulation of T cell activation; regulation of nitric oxide biosynthetic process; integrin-mediated signaling pathway; cell migration; ATP export; cellular response to type II interferon; regulation of type II interferon production; heterotypic cell-cell adhesion; cellular response to interleukin-12; regulation of interleukin-10 production; regulation of interleukin-12 production; regulation of Fc receptor mediated stimulatory signaling pathway","plasma membrane; specific granule membrane; tertiary granule membrane; cell surface; extracellular exosome","thrombospondin receptor activity; protein binding; cell-cell adhesion mediator activity; fibrinogen binding; protein binding involved in heterotypic cell-cell adhesion","GO:0022409; GO:0050729; GO:0050766; GO:0032675; GO:0032680; GO:0071347; GO:0050765; GO:0006915; GO:0007155; GO:0001525; GO:0006954; GO:0008284; GO:0002684; GO:0098609; GO:0050870; GO:0045428; GO:0007229; GO:0016477; GO:1904669; GO:0071346; GO:0032649; GO:0034113; GO:0071349; GO:0032653; GO:0032655; GO:0060368","GO:0005886; GO:0035579; GO:0070821; GO:0009986; GO:0070062","GO:0070053; GO:0005515; GO:0098632; GO:0070051; GO:0086080",FALSE,TRUE,TRUE,2,"MS,VT"
"P06730","EIF4E",-0.864934612959768,0.315109863167469,22,1487.64775281983,0.219262979450877,311,4.72,301,318,"weight_sensitive_candidate","EIF4E","eukaryotic translation initiation factor 4E [Source:HGNC Symbol;Acc:HGNC:3287]","translational initiation; mRNA transport; regulation of translation; translation; mRNA export from nucleus; G1/S transition of mitotic cell cycle; positive regulation of mitotic cell cycle; negative regulation of translation; nuclear export; regulation of translation at postsynapse, modulating synaptic transmission","cytoplasm; nucleus; nuclear speck; cytosol; nucleoplasm; extracellular exosome; P-body; cytoplasmic stress granule; nuclear body; cytoplasmic ribonucleoprotein granule; eukaryotic translation initiation factor 4F complex; perinuclear region of cytoplasm; postsynapse; glutamatergic synapse; chromatoid body; excitatory synapse; RISC complex","RNA binding; translation initiation factor activity; protein binding; RNA 7-methylguanosine cap binding; enzyme binding; eukaryotic initiation factor 4G binding; DNA-binding transcription factor binding; mRNA cap binding; RNA cap binding","GO:0006413; GO:0051028; GO:0006417; GO:0006412; GO:0006406; GO:0000082; GO:0045931; GO:0017148; GO:0051168; GO:0099578","GO:0005737; GO:0005634; GO:0016607; GO:0005829; GO:0005654; GO:0070062; GO:0000932; GO:0010494; GO:0016604; GO:0036464; GO:0016281; GO:0048471; GO:0098794; GO:0098978; GO:0033391; GO:0060076; GO:0016442","GO:0003723; GO:0003743; GO:0005515; GO:0000340; GO:0019899; GO:0031370; GO:0140297; GO:0098808; GO:0000339",FALSE,FALSE,FALSE,0,"Other"
"P04004","VTN",0.12234416514643,0.91004865461466,54,335.61456264512,0.218584546905682,312,10.29,293,331,"weight_sensitive_candidate","VTN","vitronectin [Source:HGNC Symbol;Acc:HGNC:12724]","immune response; positive regulation of vascular endothelial growth factor receptor signaling pathway; cell differentiation; cell adhesion; cell migration; regulation of cell adhesion; vesicle-mediated transport; cell-matrix adhesion; oligodendrocyte differentiation; protein polymerization; liver regeneration; positive regulation of receptor-mediated endocytosis; integrin-mediated signaling pathway; positive regulation of smooth muscle cell migration; negative regulation of proteolysis; negative regulation of fibrinolysis; positive regulation of wound healing; negative regulation of blood coagulation; endodermal cell differentiation; smooth muscle cell-matrix adhesion","extracellular space; extracellular region; endoplasmic reticulum; extracellular exosome; extracellular matrix; cell periphery; blood microparticle; basement membrane; Golgi lumen; rough endoplasmic reticulum lumen; microfibril; symbiont-containing vacuole; alphav-beta3 integrin-vitronectin complex","scavenger receptor activity; polysaccharide binding; protein binding; integrin binding; heparin binding; collagen binding; identical protein binding; extracellular matrix binding; extracellular matrix structural constituent; cell-matrix adhesion mediator activity","GO:0006955; GO:0030949; GO:0030154; GO:0007155; GO:0016477; GO:0030155; GO:0016192; GO:0007160; GO:0048709; GO:0051258; GO:0097421; GO:0048260; GO:0007229; GO:0014911; GO:0045861; GO:0051918; GO:0090303; GO:0030195; GO:0035987; GO:0061302","GO:0005615; GO:0005576; GO:0005783; GO:0070062; GO:0031012; GO:0071944; GO:0072562; GO:0005604; GO:0005796; GO:0048237; GO:0001527; GO:0020003; GO:0071062","GO:0005044; GO:0030247; GO:0005515; GO:0005178; GO:0008201; GO:0005518; GO:0042802; GO:0050840; GO:0005201; GO:0098634",TRUE,TRUE,TRUE,3,"ECM,MS,VT"
"Q08431","MFGE8",1.6238487957063,0.0163065396165735,12,69.9366551901326,0.217829907007968,313,1.06,311,314,"robust_candidate","MFGE8","milk fat globule EGF and factor V/VIII domain containing [Source:HGNC Symbol;Acc:HGNC:7036]","cell adhesion; angiogenesis; single fertilization; apoptotic cell clearance","extracellular region; extracellular space; membrane; cytoplasmic vesicle; extracellular exosome; acrosomal membrane; extracellular vesicle; extracellular matrix; endoplasmic reticulum lumen; external side of plasma membrane","extracellular matrix structural constituent; phosphatidylserine binding; integrin binding","GO:0007155; GO:0001525; GO:0007338; GO:0043277","GO:0005576; GO:0005615; GO:0016020; GO:0031410; GO:0070062; GO:0002080; GO:1903561; GO:0031012; GO:0005788; GO:0009897","GO:0005201; GO:0001786; GO:0005178",TRUE,FALSE,TRUE,2,"ECM,VT"
"Q15637","SF1",-0.869199121394868,0.316632772029616,26,267.617083284214,0.215937131319458,315,4.93,305,325,"weight_sensitive_candidate","SF1","splicing factor 1 [Source:HGNC Symbol;Acc:HGNC:12950]","RNA splicing; mRNA processing; regulation of primary metabolic process; negative regulation of DNA-templated transcription; spliceosomal complex assembly; mRNA splicing, via spliceosome; mRNA cis splicing, via spliceosome; mRNA 3'-splice site recognition","nucleus; spliceosomal complex; nucleoplasm; ribosome; nuclear body","zinc ion binding; RNA binding; nucleic acid binding; metal ion binding; protein binding; identical protein binding; mRNA binding; transcription corepressor activity","GO:0008380; GO:0006397; GO:0080090; GO:0045892; GO:0000245; GO:0000398; GO:0045292; GO:0000389","GO:0005634; GO:0005681; GO:0005654; GO:0005840; GO:0016604","GO:0008270; GO:0003723; GO:0003676; GO:0046872; GO:0005515; GO:0042802; GO:0003729; GO:0003714",FALSE,FALSE,FALSE,0,"Other"
"P21741","MDK",3.51559101832324,0.00018714790685219,2,0,0.215827861651906,316,12.26,284,333,"weight_sensitive_candidate","MDK","midkine [Source:HGNC Symbol;Acc:HGNC:6972]","nervous system development; positive regulation of cell migration; intracellular signal transduction; cell differentiation; cell migration; positive regulation of cell division; cytoskeleton organization; negative regulation of canonical Wnt signaling pathway; positive regulation of substrate adhesion-dependent cell spreading; negative regulation of neuron apoptotic process; oogenesis; positive regulation of macrophage chemotaxis; positive regulation of keratinocyte proliferation; negative regulation of cell adhesion; negative regulation of inflammatory response to wounding; positive regulation of inflammatory response; positive regulation of cell adhesion; positive regulation of neural precursor cell proliferation; positive regulation of oligodendrocyte differentiation; response to wounding; positive regulation of neuron migration; positive regulation of cartilage development; positive regulation of interleukin-12 production; signal transduction; positive regulation of neuron projection development; positive regulation of epithelial to mesenchymal transition; leukocyte chemotaxis involved in inflammatory response; tissue regeneration; regulation of bone remodeling; negative regulation of cardiac muscle cell apoptotic process; negative regulation of epithelial cell apoptotic process; negative regulation of ossification; glial cell projection elongation; adrenal gland development; positive regulation of T cell differentiation; negative regulation of regulatory T cell differentiation; T cell activation involved in immune response; positive regulation of neutrophil chemotaxis; estrous cycle; positive regulation of leukocyte chemotaxis; response to auditory stimulus; regulation of chondrocyte differentiation; positive regulation of smooth muscle cell chemotaxis; positive regulation of inflammatory response to wounding; positive regulation of leukocyte cell-cell adhesion; positive regulation of blood vessel branching; positive regulation of vascular endothelial cell proliferation; positive regulation of artery morphogenesis; behavioral fear response; short-term memory; response to xenobiotic stimulus; response to hormone; dentate gyrus development; cerebellar granular layer development; hippocampus development; cerebral cortex development; defecation; positive regulation of DNA-templated transcription; regulation of behavior; response to glucocorticoid","extracellular region; extracellular matrix","growth factor activity; protein binding; heparin binding; heparan sulfate binding; chondroitin sulfate binding","GO:0007399; GO:0030335; GO:0035556; GO:0030154; GO:0016477; GO:0051781; GO:0007010; GO:0090090; GO:1900026; GO:0043524; GO:0048477; GO:0010759; GO:0010838; GO:0007162; GO:0106015; GO:0050729; GO:0045785; GO:2000179; GO:0048714; GO:0009611; GO:2001224; GO:0061036; GO:0032735; GO:0007165; GO:0010976; GO:0010718; GO:0002232; GO:0042246; GO:0046850; GO:0010667; GO:1904036; GO:0030279; GO:0106091; GO:0030325; GO:0045582; GO:0045590; GO:0002286; GO:0090023; GO:0044849; GO:0002690; GO:0010996; GO:0032330; GO:0071673; GO:0106016; GO:1903039; GO:1905555; GO:1905564; GO:1905653; GO:0001662; GO:0007614; GO:0009410; GO:0009725; GO:0021542; GO:0021681; GO:0021766; GO:0021987; GO:0030421; GO:0045893; GO:0050795; GO:0051384","GO:0005576; GO:0031012","GO:0008083; GO:0005515; GO:0008201; GO:1904399; GO:0035374",TRUE,TRUE,FALSE,2,"ECM,MS"
"O60503","ADCY9",1.66203552107912,0.0196307837977655,12,43.1859196255035,0.214650765318038,317,1.06,316,319,"robust_candidate","ADCY9","adenylate cyclase 9 [Source:HGNC Symbol;Acc:HGNC:240]","intracellular signal transduction; cyclic nucleotide biosynthetic process; adenylate cyclase-activating G protein-coupled receptor signaling pathway; cAMP biosynthetic process; signal transduction; vascular endothelial cell response to laminar fluid shear stress; renal water homeostasis; cellular response to glucagon stimulus; adenylate cyclase-activating adrenergic receptor signaling pathway","plasma membrane; membrane; axon; dendrite","phosphorus-oxygen lyase activity; nucleotide binding; metal ion binding; lyase activity; ATP binding; protein binding; adenylate cyclase activity","GO:0035556; GO:0009190; GO:0007189; GO:0006171; GO:0007165; GO:0097700; GO:0003091; GO:0071377; GO:0071880","GO:0005886; GO:0016020; GO:0030424; GO:0030425","GO:0016849; GO:0000166; GO:0046872; GO:0016829; GO:0005524; GO:0005515; GO:0004016",FALSE,FALSE,FALSE,0,"Other"
"Q9BYG5","PARD6B",2.68920939513294,9.41062915228638e-05,4,0,0.214004465970097,318,8.12,301,330,"weight_sensitive_candidate","PARD6B","par-6 family cell polarity regulator beta [Source:HGNC Symbol;Acc:HGNC:16245]","cell division; regulation of cell migration; axonogenesis; establishment or maintenance of cell polarity; protein-containing complex assembly; centrosome cycle; cell-cell junction assembly; regulation of cellular localization","cytoplasm; plasma membrane; cytosol; bicellular tight junction; extracellular exosome; nucleus; apical plasma membrane; cell cortex; tight junction; apical part of cell; protein-containing complex","protein binding","GO:0051301; GO:0030334; GO:0007409; GO:0007163; GO:0065003; GO:0007098; GO:0007043; GO:0060341","GO:0005737; GO:0005886; GO:0005829; GO:0005923; GO:0070062; GO:0005634; GO:0016324; GO:0005938; GO:0070160; GO:0045177; GO:0032991","GO:0005515",FALSE,TRUE,FALSE,1,"MS"
"Q86U42","PABPN1",-0.842116602009234,0.350351929064809,26,233.853979860103,0.213016290018607,319,5.24,310,328,"weight_sensitive_candidate","PABPN1","poly(A) binding protein nuclear 1 [Source:HGNC Symbol;Acc:HGNC:8565]","mRNA processing; cellular response to lipopolysaccharide; MAPK cascade; poly(A)+ mRNA export from nucleus; muscle contraction; RNA processing; RNA catabolic process","nucleus; cytoplasm; nuclear speck; nucleoplasm; ribonucleoprotein complex; nuclear inclusion body","RNA binding; nucleic acid binding; protein binding; poly(A) binding; RNA polymerase binding","GO:0006397; GO:0071222; GO:0000165; GO:0016973; GO:0006936; GO:0006396; GO:0006401","GO:0005634; GO:0005737; GO:0016607; GO:0005654; GO:1990904; GO:0042405","GO:0003723; GO:0003676; GO:0005515; GO:0008143; GO:0070063",FALSE,TRUE,FALSE,1,"MS"
"P10644","PRKAR1A",2.11329127160199,0.00989056576934358,8,20.0517123721803,0.212481308329191,321,3,313,326,"weight_sensitive_candidate","PRKAR1A","protein kinase cAMP-dependent type I regulatory subunit alpha [Source:HGNC Symbol;Acc:HGNC:9388]","regulation of protein phosphorylation; negative regulation of gene expression; adenylate cyclase-activating G protein-coupled receptor signaling pathway; negative regulation of activated T cell proliferation; regulation of transcription by RNA polymerase II; intracellular signal transduction; vascular endothelial cell response to laminar fluid shear stress; renal water homeostasis; cellular response to glucagon stimulus; negative regulation of smoothened signaling pathway; negative regulation of inflammatory response to antigenic stimulus; chemical synaptic transmission; activation of protein kinase A activity","cAMP-dependent protein kinase complex; cytoplasm; plasma membrane; membrane; ciliary base; axoneme; protein-containing complex; cytosol; immunological synapse; plasma membrane raft; nucleotide-activated protein kinase complex; synapse; glutamatergic synapse; multivesicular body; centrosome; neuromuscular junction","cAMP-dependent protein kinase regulator activity; nucleotide binding; kinase activity; protein binding; cAMP-dependent protein kinase inhibitor activity; cAMP binding; protein kinase A catalytic subunit binding; ubiquitin protein ligase binding; protein domain specific binding; protein serine/threonine kinase inhibitor activity","GO:0001932; GO:0010629; GO:0007189; GO:0046007; GO:0006357; GO:0035556; GO:0097700; GO:0003091; GO:0071377; GO:0045879; GO:0002862; GO:0007268; GO:0034199","GO:0005952; GO:0005737; GO:0005886; GO:0016020; GO:0097546; GO:0005930; GO:0032991; GO:0005829; GO:0001772; GO:0044853; GO:0031588; GO:0045202; GO:0098978; GO:0005771; GO:0005813; GO:0031594","GO:0008603; GO:0000166; GO:0016301; GO:0005515; GO:0004862; GO:0030552; GO:0034236; GO:0031625; GO:0019904; GO:0030291",FALSE,FALSE,FALSE,0,"Other"
"P14678","SNRPB",-1.1055004782069,0.108803940546329,26,13.6814395450869,0.212213568159713,322,3.88,312,329,"weight_sensitive_candidate","SNRPB","small nuclear ribonucleoprotein polypeptides B and B1 [Source:HGNC Symbol;Acc:HGNC:11153]","mRNA splicing, via spliceosome; RNA splicing; mRNA processing; spliceosomal snRNP assembly; spliceosomal tri-snRNP complex assembly; spliceosomal complex assembly; spliceosome conformational change to release U4 (or U4atac) and U1 (or U11); negative regulation of mRNA splicing, via spliceosome; protein methylation; nuclear histone mRNA catabolic process","telomerase holoenzyme complex; nucleus; spliceosomal complex; nucleoplasm; cytosol; ribonucleoprotein complex; cytoplasm; U1 snRNP; catalytic step 2 spliceosome; U4/U6 x U5 tri-snRNP complex; U4 snRNP; methylosome; SMN-Sm protein complex; U2-type precatalytic spliceosome; U2-type catalytic step 2 spliceosome; U2-type spliceosomal complex; U2 snRNP; U2-type prespliceosome; U12-type spliceosomal complex; U5 snRNP; small nuclear ribonucleoprotein complex; U7 snRNP; histone pre-mRNA 3'end processing complex","RNA binding; protein binding; telomerase RNA binding; snRNP binding; histone pre-mRNA DCP binding","GO:0000398; GO:0008380; GO:0006397; GO:0000387; GO:0000244; GO:0000245; GO:0000388; GO:0048025; GO:0006479; GO:0071045","GO:0005697; GO:0005634; GO:0005681; GO:0005654; GO:0005829; GO:1990904; GO:0005737; GO:0005685; GO:0071013; GO:0046540; GO:0005687; GO:0034709; GO:0034719; GO:0071005; GO:0071007; GO:0005684; GO:0005686; GO:0071004; GO:0005689; GO:0005682; GO:0030532; GO:0005683; GO:0071204","GO:0003723; GO:0005515; GO:0070034; GO:0070990; GO:0071208",FALSE,FALSE,FALSE,0,"Other"
"P21462","FPR1",3.23665561279739,7.74411528757829e-05,2,0,0.209802847077547,324,10.37,297,337,"weight_sensitive_candidate","FPR1","formyl peptide receptor 1 [Source:HGNC Symbol;Acc:HGNC:3826]","G protein-coupled receptor signaling pathway; signal transduction; immune system process; innate immune response; cell communication; signaling; chemotaxis; inflammatory response; positive regulation of cytosolic calcium ion concentration; adenylate cyclase-modulating G protein-coupled receptor signaling pathway; phospholipase C-activating G protein-coupled receptor signaling pathway; complement receptor mediated signaling pathway; nitric oxide mediated signal transduction","membrane; cytoplasm; plasma membrane; secretory granule membrane; azurophil granule membrane; ficolin-1-rich granule membrane","G protein-coupled receptor activity; protein binding; G protein-coupled receptor binding; complement receptor activity; N-formyl peptide receptor activity; scavenger receptor binding","GO:0007186; GO:0007165; GO:0002376; GO:0045087; GO:0007154; GO:0023052; GO:0006935; GO:0006954; GO:0007204; GO:0007188; GO:0007200; GO:0002430; GO:0007263","GO:0016020; GO:0005737; GO:0005886; GO:0030667; GO:0035577; GO:0101003","GO:0004930; GO:0005515; GO:0001664; GO:0004875; GO:0004982; GO:0005124",FALSE,FALSE,TRUE,1,"VT"
"P45985","MAP2K4",-1.85817492436923,0.0145292168751212,10,18.1987491992715,0.209481611270768,325,2.26,319,328,"weight_sensitive_candidate","MAP2K4","mitogen-activated protein kinase kinase 4 [Source:HGNC Symbol;Acc:HGNC:6844]","protein phosphorylation; apoptotic process; cellular response to stress; MAPK cascade; cellular response to mechanical stimulus; signal transduction; JNK cascade; Fc-epsilon receptor signaling pathway; cellular senescence; neuromuscular junction development; smooth muscle cell apoptotic process; ERBB signaling pathway","nucleus; cytoplasm; cytosol","ATP binding; protein kinase activity; protein binding; nucleotide binding; transferase activity; protein serine/threonine kinase activity; kinase activity; protein tyrosine kinase activity; MAP kinase kinase activity; protein serine kinase activity; JUN kinase kinase activity; mitogen-activated protein kinase binding; mitogen-activated protein kinase p38 binding","GO:0006468; GO:0006915; GO:0033554; GO:0000165; GO:0071260; GO:0007165; GO:0007254; GO:0038095; GO:0090398; GO:0007528; GO:0034390; GO:0038127","GO:0005634; GO:0005737; GO:0005829","GO:0005524; GO:0004672; GO:0005515; GO:0000166; GO:0016740; GO:0004674; GO:0016301; GO:0004713; GO:0004708; GO:0106310; GO:0008545; GO:0051019; GO:0048273",FALSE,TRUE,FALSE,1,"MS"
"Q03405","PLAUR",-1.37484905162068,0.0493934006644042,14,77.3711735733531,0.208030944953855,326,1.99,321,329,"weight_sensitive_candidate","PLAUR","plasminogen activator, urokinase receptor [Source:HGNC Symbol;Acc:HGNC:9053]","blood coagulation; positive regulation of extracellular matrix disassembly; plasminogen activation; regulation of proteolysis; cell-matrix adhesion; protein localization to cell surface; chemotaxis; signal transduction; regulation of cell adhesion; positive regulation of protein phosphorylation; negative regulation of apoptotic process; regulation of plasminogen activation; urokinase plasminogen activator signaling pathway; regulation of fibrinolysis; positive regulation of DNA binding; positive regulation of epidermal growth factor receptor signaling pathway; positive regulation of release of cytochrome c from mitochondria; positive regulation of homotypic cell-cell adhesion","extracellular region; plasma membrane; membrane; cell projection; focal adhesion; side of membrane; endoplasmic reticulum membrane; specific granule membrane; endoplasmic reticulum lumen; extrinsic component of membrane; external side of plasma membrane; cell surface","enzyme binding; protein binding; enzyme activator activity; signaling receptor activity; signaling receptor binding; protein domain specific binding; cell-matrix adhesion mediator activity; urokinase plasminogen activator receptor activity","GO:0007596; GO:0090091; GO:0031639; GO:0030162; GO:0007160; GO:0034394; GO:0006935; GO:0007165; GO:0030155; GO:0001934; GO:0043066; GO:0010755; GO:0038195; GO:0051917; GO:0043388; GO:0045742; GO:0090200; GO:0034112","GO:0005576; GO:0005886; GO:0016020; GO:0042995; GO:0005925; GO:0098552; GO:0005789; GO:0035579; GO:0005788; GO:0019898; GO:0009897; GO:0009986","GO:0019899; GO:0005515; GO:0008047; GO:0038023; GO:0005102; GO:0019904; GO:0098634; GO:0030377",TRUE,FALSE,FALSE,1,"ECM"
"O14786","NRP1",1.50978006057667,0.0467989082981108,10,336.075126600637,0.207227842530077,327,2.09,321,330,"weight_sensitive_candidate","NRP1","neuropilin 1 [Source:HGNC Symbol;Acc:HGNC:8004]","angiogenesis; axon guidance; vascular endothelial growth factor signaling pathway; positive regulation of endothelial cell migration; cellular response to vascular endothelial growth factor stimulus; platelet-derived growth factor receptor signaling pathway; positive regulation of ERK1 and ERK2 cascade; branching involved in blood vessel morphogenesis; nervous system development; cell differentiation; symbiont entry into host cell; positive regulation of endothelial cell proliferation; regulation of plasma membrane bounded cell projection organization; signal transduction; cell-cell signaling; integrin-mediated signaling pathway; animal organ morphogenesis; substrate-dependent cell migration, cell extension; vasculogenesis; neural crest cell migration; neuron migration; sprouting angiogenesis; cell migration involved in sprouting angiogenesis; outflow tract septum morphogenesis; motor neuron axon guidance; response to wounding; positive regulation of smooth muscle cell migration; facial nerve structural organization; trigeminal nerve structural organization; branchiomotor neuron axon guidance; regulation of vascular endothelial growth factor receptor signaling pathway; retinal ganglion cell axon guidance; regulation of Cdc42 protein signal transduction; cellular response to hepatocyte growth factor stimulus; endothelial cell chemotaxis; neuropilin signaling pathway; VEGF-activated neuropilin signaling pathway; vascular endothelial growth factor receptor signaling pathway; hepatocyte growth factor receptor signaling pathway; positive regulation of axon extension involved in axon guidance; artery morphogenesis; axon extension involved in axon guidance; positive chemotaxis; positive regulation of focal adhesion assembly; axonogenesis involved in innervation; regulation of vesicle-mediated transport; angiogenesis involved in coronary vascular morphogenesis; retina vasculature morphogenesis in camera-type eye; sympathetic ganglion development; semaphorin-plexin signaling pathway; commissural neuron axon guidance; endothelial tip cell fate specification; motor neuron migration; sympathetic neuron projection extension; sympathetic neuron projection guidance; positive regulation of substrate adhesion-dependent cell spreading; vestibulocochlear nerve structural organization; gonadotrophin-releasing hormone neuronal migration to the hypothalamus; positive regulation of phosphorylation; negative regulation of neuron apoptotic process; endothelial cell migration; positive regulation of angiogenesis; neuron development; coronary artery morphogenesis; renal artery morphogenesis; trigeminal ganglion development; positive regulation of cell migration involved in sprouting angiogenesis; sensory neuron axon guidance; postsynapse organization","membrane; cytoplasm; extracellular region; extracellular space; plasma membrane; focal adhesion; mitochondrial membrane; axon; cytosol; neuron projection; cytoplasmic vesicle; early endosome; sorting endosome; semaphorin receptor complex; receptor complex; postsynaptic membrane; glutamatergic synapse; neurofilament","vascular endothelial growth factor receptor activity; semaphorin receptor activity; protein binding; metal ion binding; heparin binding; growth factor binding; GTPase activator activity; coreceptor activity; cytokine binding; vascular endothelial growth factor binding; protein kinase binding","GO:0001525; GO:0007411; GO:0038084; GO:0010595; GO:0035924; GO:0048008; GO:0070374; GO:0001569; GO:0007399; GO:0030154; GO:0046718; GO:0001938; GO:0120035; GO:0007165; GO:0007267; GO:0007229; GO:0009887; GO:0006930; GO:0001570; GO:0001755; GO:0001764; GO:0002040; GO:0002042; GO:0003148; GO:0008045; GO:0009611; GO:0014911; GO:0021612; GO:0021637; GO:0021785; GO:0030947; GO:0031290; GO:0032489; GO:0035729; GO:0035767; GO:0038189; GO:0038190; GO:0048010; GO:0048012; GO:0048842; GO:0048844; GO:0048846; GO:0050918; GO:0051894; GO:0060385; GO:0060627; GO:0060978; GO:0061299; GO:0061549; GO:0071526; GO:0071679; GO:0097102; GO:0097475; GO:0097490; GO:0097491; GO:1900026; GO:0021649; GO:0021828; GO:0042327; GO:0043524; GO:0043542; GO:0045766; GO:0048666; GO:0060982; GO:0061441; GO:0061551; GO:0090050; GO:0097374; GO:0099173","GO:0016020; GO:0005737; GO:0005576; GO:0005615; GO:0005886; GO:0005925; GO:0031966; GO:0030424; GO:0005829; GO:0043005; GO:0031410; GO:0005769; GO:0097443; GO:0002116; GO:0043235; GO:0045211; GO:0098978; GO:0005883","GO:0005021; GO:0017154; GO:0005515; GO:0046872; GO:0008201; GO:0019838; GO:0005096; GO:0015026; GO:0019955; GO:0038085; GO:0019901",TRUE,TRUE,TRUE,3,"ECM,MS,VT"
"O14920","IKBKB",-0.776727128074167,0.357744978428424,20,840.869871812774,0.204904089590329,328,3.45,322,334,"weight_sensitive_candidate","IKBKB","inhibitor of nuclear factor kappa B kinase subunit beta [Source:HGNC Symbol;Acc:HGNC:5960]","protein phosphorylation; tumor necrosis factor-mediated signaling pathway; positive regulation of macromolecule metabolic process; innate immune response; positive regulation of canonical NF-kappaB signal transduction; positive regulation of DNA-templated transcription; positive regulation of transcription by RNA polymerase II; response to virus; inflammatory response; protein maturation; interleukin-1-mediated signaling pathway; protein localization to plasma membrane; pattern recognition receptor signaling pathway; canonical NF-kappaB signal transduction; cellular response to tumor necrosis factor; Fc-epsilon receptor signaling pathway; stimulatory C-type lectin receptor signaling pathway; antigen processing and presentation of exogenous peptide antigen via MHC class I, TAP-dependent; MyD88-dependent toll-like receptor signaling pathway; regulation of tumor necrosis factor-mediated signaling pathway; peptidyl-serine phosphorylation; regulation of toll-like receptor signaling pathway; toll-like receptor 3 signaling pathway; TRIF-dependent toll-like receptor signaling pathway; stress-activated MAPK cascade; negative regulation of cytokine production involved in inflammatory response","nucleus; cytoplasm; cytosol; membrane raft; IkappaB kinase complex; cytoplasmic side of plasma membrane; CD40 receptor complex","ATP binding; protein binding; protein kinase activity; IkappaB kinase activity; nucleotide binding; transferase activity; protein serine/threonine kinase activity; kinase activity; protein homodimerization activity; identical protein binding; protein heterodimerization activity; protein serine kinase activity; protein kinase binding; scaffold protein binding","GO:0006468; GO:0033209; GO:0010604; GO:0045087; GO:0043123; GO:0045893; GO:0045944; GO:0009615; GO:0006954; GO:0051604; GO:0070498; GO:0072659; GO:0002221; GO:0007249; GO:0071356; GO:0038095; GO:0002223; GO:0002479; GO:0002755; GO:0010803; GO:0018105; GO:0034121; GO:0034138; GO:0035666; GO:0051403; GO:1900016","GO:0005634; GO:0005737; GO:0005829; GO:0045121; GO:0008385; GO:0009898; GO:0035631","GO:0005524; GO:0005515; GO:0004672; GO:0008384; GO:0000166; GO:0016740; GO:0004674; GO:0016301; GO:0042803; GO:0042802; GO:0046982; GO:0106310; GO:0019901; GO:0097110",FALSE,TRUE,FALSE,1,"MS"
"P00491","PNP",-1.43276603077145,0.0377011406823878,8,1325,0.203935171908722,329,2.7,323,337,"weight_sensitive_candidate","PNP","purine nucleoside phosphorylase [Source:HGNC Symbol;Acc:HGNC:7892]","nucleoside metabolic process; nucleobase-containing compound metabolic process; immune response; response to xenobiotic stimulus; nucleotide biosynthetic process; purine ribonucleoside salvage; positive regulation of interleukin-2 production; inosine catabolic process; deoxyinosine catabolic process; deoxyadenosine catabolic process; IMP catabolic process; urate biosynthetic process; positive regulation of T cell proliferation; dAMP catabolic process; positive regulation of alpha-beta T cell differentiation; allantoin metabolic process; deoxyguanosine catabolic process; nicotinamide riboside catabolic process; NAD+ biosynthetic process via the salvage pathway; purine-containing compound salvage; guanosine catabolic process","cytoplasm; cytosol; extracellular exosome; extracellular region; secretory granule lumen; ficolin-1-rich granule lumen","catalytic activity; purine-nucleoside phosphorylase activity; pentosyltransferase activity; transferase activity; protein binding; glycosyltransferase activity; identical protein binding; phosphate ion binding; nucleoside binding; purine nucleobase binding; guanosine phosphorylase activity","GO:0009116; GO:0006139; GO:0006955; GO:0009410; GO:0009165; GO:0006166; GO:0032743; GO:0006148; GO:0006149; GO:0006157; GO:0006204; GO:0034418; GO:0042102; GO:0046059; GO:0046638; GO:0000255; GO:0006161; GO:0006738; GO:0034355; GO:0043101; GO:0046115","GO:0005737; GO:0005829; GO:0070062; GO:0005576; GO:0034774; GO:1904813","GO:0003824; GO:0004731; GO:0016763; GO:0016740; GO:0005515; GO:0016757; GO:0042802; GO:0042301; GO:0001882; GO:0002060; GO:0047975",FALSE,FALSE,FALSE,0,"Other"
"P23229","ITGA6",-0.0620875197909641,0.958512712351737,54,67.6773029585993,0.203659458159398,330,7.93,313,346,"weight_sensitive_candidate","ITGA6","integrin subunit alpha 6 [Source:HGNC Symbol;Acc:HGNC:6142]","cell adhesion; positive regulation of cell migration; integrin-mediated signaling pathway; cell-matrix adhesion; cell-substrate adhesion; positive regulation of GTPase activity; positive regulation of transcription by RNA polymerase II; cell-cell adhesion; positive regulation of neuron projection development; skin morphogenesis; positive regulation of apoptotic process; ectodermal cell differentiation; nail development; cell-substrate junction assembly; leukocyte migration","integrin complex; plasma membrane; focal adhesion; cell surface; integrin alpha6-beta1 complex; integrin alpha6-beta4 complex; basement membrane; external side of plasma membrane; basal plasma membrane; basolateral plasma membrane; hemidesmosome; basal part of cell","metal ion binding; protein binding; cadherin binding; signaling receptor activity; insulin-like growth factor I binding; neuregulin binding","GO:0007155; GO:0030335; GO:0007229; GO:0007160; GO:0031589; GO:0043547; GO:0045944; GO:0098609; GO:0010976; GO:0043589; GO:0043065; GO:0010668; GO:0035878; GO:0007044; GO:0050900","GO:0008305; GO:0005886; GO:0005925; GO:0009986; GO:0034675; GO:0034676; GO:0005604; GO:0009897; GO:0009925; GO:0016323; GO:0030056; GO:0045178","GO:0046872; GO:0005515; GO:0045296; GO:0038023; GO:0031994; GO:0038132",TRUE,TRUE,FALSE,2,"ECM,MS"
"Q9Y4K0","LOXL2",3.09569606109237,8.64664079160427e-05,2,0,0.202798338793691,331,8.46,310,345,"weight_sensitive_candidate","LOXL2","lysyl oxidase like 2 [Source:HGNC Symbol;Acc:HGNC:6666]","response to hypoxia; chromatin organization; negative regulation of transcription by RNA polymerase II; negative regulation of DNA-templated transcription; collagen fibril organization; response to copper ion; sprouting angiogenesis; endothelial cell proliferation; heterochromatin organization; endothelial cell migration; positive regulation of chondrocyte differentiation; protein modification process; positive regulation of epithelial to mesenchymal transition; epithelial to mesenchymal transition; peptidyl-lysine oxidation; negative regulation of stem cell population maintenance","membrane; nucleus; extracellular space; nucleoplasm; chromosome; endoplasmic reticulum; basement membrane; chromatin; extracellular matrix","copper ion binding; oxidoreductase activity, acting on the CH-NH2 group of donors, oxygen as acceptor; calcium ion binding; metal ion binding; protein binding; oxidoreductase activity; oligosaccharide binding; protein-lysine 6-oxidase activity","GO:0001666; GO:0006325; GO:0000122; GO:0045892; GO:0030199; GO:0046688; GO:0002040; GO:0001935; GO:0070828; GO:0043542; GO:0032332; GO:0036211; GO:0010718; GO:0001837; GO:0018057; GO:1902455","GO:0016020; GO:0005634; GO:0005615; GO:0005654; GO:0005694; GO:0005783; GO:0005604; GO:0000785; GO:0031012","GO:0005507; GO:0016641; GO:0005509; GO:0046872; GO:0005515; GO:0016491; GO:0070492; GO:0004720",TRUE,TRUE,FALSE,2,"ECM,MS"
"P52434","POLR2H",-0.325776722773995,0.756350173921884,38,124.867353448465,0.201497894400944,332,5.43,319,342,"weight_sensitive_candidate","POLR2H","RNA polymerase II, I and III subunit H [Source:HGNC Symbol;Acc:HGNC:9195]","DNA-templated transcription; transcription by RNA polymerase II; transcription elongation by RNA polymerase II; transcription by RNA polymerase III; transcription initiation at RNA polymerase III promoter; termination of RNA polymerase III transcription; transcription initiation at RNA polymerase I promoter; transcription elongation by RNA polymerase I; termination of RNA polymerase I transcription; nucleolar large rRNA transcription by RNA polymerase I; transcription initiation at RNA polymerase II promoter","nucleus; nucleoplasm; nucleolus; DNA-directed RNA polymerase complex; RNA polymerase II, core complex; RNA polymerase I complex; RNA polymerase III complex; cytosol; protein-DNA complex","DNA-directed RNA polymerase activity; DNA binding; single-stranded DNA binding","GO:0006351; GO:0006366; GO:0006368; GO:0006383; GO:0006384; GO:0006386; GO:0006361; GO:0006362; GO:0006363; GO:0042790; GO:0006367","GO:0005634; GO:0005654; GO:0005730; GO:0000428; GO:0005665; GO:0005736; GO:0005666; GO:0005829; GO:0032993","GO:0003899; GO:0003677; GO:0003697",FALSE,FALSE,FALSE,0,"Other"
"Q6XQN6","NAPRT",-2.64676544760343,0.000525034845655978,4,0,0.19989210897281,333,5.43,320,343,"weight_sensitive_candidate","NAPRT","nicotinate phosphoribosyltransferase [Source:HGNC Symbol;Acc:HGNC:30450]","NAD+ biosynthetic process; pyridine nucleotide biosynthetic process; response to oxidative stress; NAD+ biosynthetic process via the salvage pathway","cytosol; extracellular exosome; extracellular region; azurophil granule lumen","nicotinate phosphoribosyltransferase activity; transferase activity; metal ion binding; protein binding; ligase activity","GO:0009435; GO:0019363; GO:0006979; GO:0034355","GO:0005829; GO:0070062; GO:0005576; GO:0035578","GO:0004516; GO:0016740; GO:0046872; GO:0005515; GO:0016874",FALSE,FALSE,FALSE,0,"Other"
"P13987","CD59",-1.1221432623238,0.120254274561246,12,786.838171915211,0.199486112296261,334,1.98,331,339,"weight_sensitive_candidate","CD59","CD59 molecule (CD59 blood group) [Source:HGNC Symbol;Acc:HGNC:1689]","regulation of complement activation; cell surface receptor signaling pathway; blood coagulation; regulation of complement-dependent cytotoxicity; negative regulation of complement activation; negative regulation of activation of membrane attack complex; negative regulation of complement-dependent cytotoxicity","extracellular region; extracellular space; plasma membrane; focal adhesion; extracellular exosome; cell surface; side of membrane; vesicle; endoplasmic reticulum membrane; specific granule membrane; tertiary granule membrane; membrane; Golgi membrane; transport vesicle; ER to Golgi transport vesicle membrane; endoplasmic reticulum-Golgi intermediate compartment membrane; external side of plasma membrane","protein binding; protein sequestering activity; complement binding","GO:0030449; GO:0007166; GO:0007596; GO:1903659; GO:0045916; GO:0001971; GO:1903660","GO:0005576; GO:0005615; GO:0005886; GO:0005925; GO:0070062; GO:0009986; GO:0098552; GO:0031982; GO:0005789; GO:0035579; GO:0070821; GO:0016020; GO:0000139; GO:0030133; GO:0012507; GO:0033116; GO:0009897","GO:0005515; GO:0140311; GO:0001848",FALSE,FALSE,FALSE,0,"Other"
"Q9UBP0","SPAST",-1.9918741807869,0.00679863028612547,10,0,0.198672230429713,335,1.97,329,338,"weight_sensitive_candidate","SPAST","spastin [Source:HGNC Symbol;Acc:HGNC:11233]","nervous system development; cell division; mitotic cytokinesis; cell differentiation; nuclear membrane reassembly; axonogenesis; endoplasmic reticulum to Golgi vesicle-mediated transport; positive regulation of microtubule depolymerization; cytokinetic process; protein hexamerization; microtubule bundle formation; protein homooligomerization; anterograde axonal transport; positive regulation of cytokinesis; axonal transport of mitochondrion; membrane fission; mitotic nuclear membrane reassembly; central nervous system neuron axonogenesis; cytoskeleton-dependent cytokinesis","nucleus; cytoplasm; membrane; cytosol; nucleoplasm; cytoskeleton; endoplasmic reticulum membrane; endoplasmic reticulum; perinuclear region of cytoplasm; microtubule; extracellular exosome; axon; nuclear membrane; spindle; midbody; centrosome; lipid droplet; endosome; microtubule cytoskeleton; spindle pole; cytoplasmic vesicle; endoplasmic reticulum tubular network","ATP binding; ATP hydrolysis activity; microtubule severing ATPase activity; nucleotide binding; isomerase activity; protein binding; catalytic activity; microtubule binding; beta-tubulin binding; alpha-tubulin binding; protein-containing complex binding","GO:0007399; GO:0051301; GO:0000281; GO:0030154; GO:0031468; GO:0007409; GO:0006888; GO:0031117; GO:0032506; GO:0034214; GO:0001578; GO:0051260; GO:0008089; GO:0032467; GO:0019896; GO:0090148; GO:0007084; GO:0021955; GO:0061640","GO:0005634; GO:0005737; GO:0016020; GO:0005829; GO:0005654; GO:0005856; GO:0005789; GO:0005783; GO:0048471; GO:0005874; GO:0070062; GO:0030424; GO:0031965; GO:0005819; GO:0030496; GO:0005813; GO:0005811; GO:0005768; GO:0015630; GO:0000922; GO:0031410; GO:0071782","GO:0005524; GO:0016887; GO:0008568; GO:0000166; GO:0016853; GO:0005515; GO:0003824; GO:0008017; GO:0048487; GO:0043014; GO:0044877",FALSE,FALSE,TRUE,1,"VT"
"P84103","SRSF3",-0.309718439868774,0.744106905522456,46,17.968268053499,0.197605802475634,336,6.56,322,352,"weight_sensitive_candidate","SRSF3","serine and arginine rich splicing factor 3 [Source:HGNC Symbol;Acc:HGNC:10785]","RNA splicing; mRNA transport; mRNA processing; mRNA export from nucleus; RNA processing; regulation of mRNA splicing, via spliceosome; regulation of alternative mRNA splicing, via spliceosome","nucleus; cytoplasm; nuclear speck; nucleoplasm","RNA binding; nucleic acid binding; protein binding; mRNA binding; phospholipase binding; primary miRNA binding","GO:0008380; GO:0051028; GO:0006397; GO:0006406; GO:0006396; GO:0048024; GO:0000381","GO:0005634; GO:0005737; GO:0016607; GO:0005654","GO:0003723; GO:0003676; GO:0005515; GO:0003729; GO:0043274; GO:0070878",FALSE,FALSE,FALSE,0,"Other"
"Q8N684","CPSF7",-2.9125062568037,0.00516731182725133,4,0,0.195336566682355,337,5.63,326,349,"weight_sensitive_candidate","CPSF7","cleavage and polyadenylation specific factor 7 [Source:HGNC Symbol;Acc:HGNC:30098]","mRNA processing; mRNA 3'-end processing","nucleus; cytoplasm; membrane; cytosol; nucleoplasm; mRNA cleavage and polyadenylation specificity factor complex; mRNA cleavage factor complex","RNA binding; nucleic acid binding; protein binding; mRNA binding","GO:0006397; GO:0031124","GO:0005634; GO:0005737; GO:0016020; GO:0005829; GO:0005654; GO:0005847; GO:0005849","GO:0003723; GO:0003676; GO:0005515; GO:0003729",FALSE,FALSE,FALSE,0,"Other"
"Q93050","ATP6V0A1",-1.42743032440594,0.0836745301567738,20,0,0.193546342561231,338,2.98,332,345,"weight_sensitive_candidate","ATP6V0A1","ATPase H+ transporting V0 subunit a1 [Source:HGNC Symbol;Acc:HGNC:865]","proton transmembrane transport; monoatomic ion transport; regulation of macroautophagy; lysosomal lumen acidification; endosomal lumen acidification; vacuolar acidification; synaptic vesicle lumen acidification","proton-transporting V-type ATPase, V0 domain; vacuolar proton-transporting V-type ATPase, V0 domain; plasma membrane; melanosome; cytoplasmic vesicle; extracellular exosome; clathrin-coated vesicle membrane; synaptic vesicle membrane; endosome membrane; phagocytic vesicle membrane; secretory granule membrane; membrane; ficolin-1-rich granule membrane; lysosomal membrane; vacuolar proton-transporting V-type ATPase complex; cytoplasm; perinuclear region of cytoplasm","proton-transporting ATPase activity, rotational mechanism; protein binding","GO:1902600; GO:0006811; GO:0016241; GO:0007042; GO:0048388; GO:0007035; GO:0097401","GO:0033179; GO:0000220; GO:0005886; GO:0042470; GO:0031410; GO:0070062; GO:0030665; GO:0030672; GO:0010008; GO:0030670; GO:0030667; GO:0016020; GO:0101003; GO:0005765; GO:0016471; GO:0005737; GO:0048471","GO:0046961; GO:0005515",FALSE,FALSE,TRUE,1,"VT"
"Q03113","GNA12",1.38493932944239,0.0468412739993887,10,111.579956248819,0.193505060297755,339,1.7,334,341,"weight_sensitive_candidate","GNA12","G protein subunit alpha 12 [Source:HGNC Symbol;Acc:HGNC:4380]","signal transduction; G protein-coupled receptor signaling pathway; regulation of TOR signaling; Rho protein signal transduction; adenylate cyclase-modulating G protein-coupled receptor signaling pathway; blood coagulation; regulation of proteasomal ubiquitin-dependent protein catabolic process; regulation of fibroblast migration; regulation of blood pressure; response to xenobiotic stimulus","cytoplasm; plasma membrane; cytosol; focal adhesion; neuron projection; neuronal cell body; lateral plasma membrane; heterotrimeric G-protein complex; cytoplasmic side of plasma membrane; brush border membrane","nucleotide binding; GTPase activity; GTP binding; metal ion binding; G protein-coupled receptor binding; guanyl nucleotide binding; G-protein beta/gamma-subunit complex binding; G protein activity; protein binding; protein phosphatase activator activity; protein phosphatase 2A binding; D5 dopamine receptor binding","GO:0007165; GO:0007186; GO:0032006; GO:0007266; GO:0007188; GO:0007596; GO:0032434; GO:0010762; GO:0008217; GO:0009410","GO:0005737; GO:0005886; GO:0005829; GO:0005925; GO:0043005; GO:0043025; GO:0016328; GO:0005834; GO:0009898; GO:0031526","GO:0000166; GO:0003924; GO:0005525; GO:0046872; GO:0001664; GO:0019001; GO:0031683; GO:0003925; GO:0005515; GO:0072542; GO:0051721; GO:0031752",FALSE,TRUE,FALSE,1,"MS"
"Q16864","ATP6V1F",-1.3333141878512,0.0538240647754584,20,0,0.1925350679186,340,2.68,334,346,"weight_sensitive_candidate","ATP6V1F","ATPase H+ transporting V1 subunit F [Source:HGNC Symbol;Acc:HGNC:16832]","proton transmembrane transport; monoatomic ion transmembrane transport; monoatomic ion transport; synaptic vesicle lumen acidification; vacuolar acidification; lysosomal lumen acidification; endosomal lumen acidification; intracellular pH reduction; Golgi lumen acidification","proton-transporting V-type ATPase, V1 domain; membrane; cytoplasmic vesicle; extracellular exosome; clathrin-coated vesicle membrane; synaptic vesicle membrane; vacuolar proton-transporting V-type ATPase, V1 domain; cytosol; proton-transporting V-type ATPase complex; endosome membrane; plasma membrane; Golgi membrane; lysosomal membrane; vacuolar proton-transporting V-type ATPase complex","proton-transporting ATPase activity, rotational mechanism; protein binding; proton transmembrane transporter activity; ATPase-coupled ion transmembrane transporter activity","GO:1902600; GO:0034220; GO:0006811; GO:0097401; GO:0007035; GO:0007042; GO:0048388; GO:0051452; GO:0061795","GO:0033180; GO:0016020; GO:0031410; GO:0070062; GO:0030665; GO:0030672; GO:0000221; GO:0005829; GO:0033176; GO:0010008; GO:0005886; GO:0000139; GO:0005765; GO:0016471","GO:0046961; GO:0005515; GO:0015078; GO:0042625",FALSE,FALSE,TRUE,1,"VT"
"P30153","PPP2R1A",-0.484312740056886,0.595542789665133,22,513.186116572566,0.189979961220583,341,4.36,332,350,"weight_sensitive_candidate","PPP2R1A","protein phosphatase 2 scaffold subunit Aalpha [Source:HGNC Symbol;Acc:HGNC:9302]","regulation of cell differentiation; intracellular signal transduction; chromosome segregation; meiotic sister chromatid cohesion, centromeric; negative regulation of hippo signaling; protein-containing complex assembly; regulation of growth; negative regulation of phosphatidylinositol 3-kinase/protein kinase B signal transduction; T cell homeostasis; regulation of hippo signaling; spindle assembly; snRNA processing; regulation of transcription elongation by RNA polymerase II","nucleus; cytoplasm; membrane; mitochondrion; cytosol; chromosome; FAR/SIN/STRIPAK complex; extracellular exosome; chromosome, centromeric region; dendrite; neuron projection; microtubule cytoskeleton; neuronal cell body; lateral plasma membrane; chromatin; protein phosphatase type 2A complex","protein binding; protein heterodimerization activity; protein phosphatase regulator activity; protein antigen binding","GO:0045595; GO:0035556; GO:0007059; GO:0051754; GO:0035331; GO:0065003; GO:0040008; GO:0051898; GO:0043029; GO:0035330; GO:0051225; GO:0016180; GO:0034243","GO:0005634; GO:0005737; GO:0016020; GO:0005739; GO:0005829; GO:0005694; GO:0090443; GO:0070062; GO:0000775; GO:0030425; GO:0043005; GO:0015630; GO:0043025; GO:0016328; GO:0000785; GO:0000159","GO:0005515; GO:0046982; GO:0019888; GO:1990405",FALSE,FALSE,FALSE,0,"Other"
"P11413","G6PD",1.42842993799835,0.0404972356805426,6,1223.37272688597,0.188004019030074,342,2.6,337,348,"weight_sensitive_candidate","G6PD","glucose-6-phosphate dehydrogenase [Source:HGNC Symbol;Acc:HGNC:4057]","glucose metabolic process; cellular response to oxidative stress; pentose-phosphate shunt; glucose 6-phosphate metabolic process; substantia nigra development; lipid metabolic process; pentose-phosphate shunt, oxidative branch; glutathione metabolic process; cholesterol biosynthetic process; NADP+ metabolic process; pentose biosynthetic process; erythrocyte maturation; ribose phosphate biosynthetic process; response to iron(III) ion; response to food; regulation of neuron apoptotic process; response to ethanol; negative regulation of cell growth involved in cardiac muscle cell development; negative regulation of reactive oxygen species metabolic process","membrane; cytosol; extracellular exosome; cytoplasm; cytoplasmic side of plasma membrane","oxidoreductase activity, acting on CH-OH group of donors; NADP binding; glucose-6-phosphate dehydrogenase activity; protein binding; oxidoreductase activity; protein homodimerization activity; identical protein binding; D-glucose binding; carbohydrate binding","GO:0006006; GO:0034599; GO:0006098; GO:0051156; GO:0021762; GO:0006629; GO:0009051; GO:0006749; GO:0006695; GO:0006739; GO:0019322; GO:0043249; GO:0046390; GO:0010041; GO:0032094; GO:0043523; GO:0045471; GO:0061052; GO:2000378","GO:0016020; GO:0005829; GO:0070062; GO:0005737; GO:0009898","GO:0016614; GO:0050661; GO:0004345; GO:0005515; GO:0016491; GO:0042803; GO:0042802; GO:0005536; GO:0030246",FALSE,FALSE,FALSE,0,"Other"
"Q68CZ2","TNS3",2.42166411043675,0.000723381481182803,4,0,0.187678107129573,343,5.07,335,351,"weight_sensitive_candidate","TNS3","tensin 3 [Source:HGNC Symbol;Acc:HGNC:21616]","dephosphorylation; positive regulation of Rac protein signal transduction","focal adhesion; cytosol","protein binding; phosphoprotein phosphatase activity; hydrolase activity","GO:0016311; GO:0035022","GO:0005925; GO:0005829","GO:0005515; GO:0004721; GO:0016787",FALSE,FALSE,FALSE,0,"Other"
"P07384","CAPN1",-1.59512774707952,0.0229204629338106,6,226.263955770617,0.186807404814754,344,2.4,338,349,"weight_sensitive_candidate","CAPN1","calpain 1 [Source:HGNC Symbol;Acc:HGNC:1476]","proteolysis; regulation of macroautophagy; positive regulation of cell population proliferation; NMDA selective glutamate receptor signaling pathway; regulation of catalytic activity; self proteolysis","cytoplasm; plasma membrane; cytosol; focal adhesion; extracellular exosome; extracellular region; ficolin-1-rich granule lumen; membrane; cornified envelope; mitochondrion; lysosome","calcium ion binding; calcium-dependent cysteine-type endopeptidase activity; hydrolase activity; metal ion binding; protein binding; peptidase activity; cysteine-type peptidase activity","GO:0006508; GO:0016241; GO:0008284; GO:0098989; GO:0050790; GO:0097264","GO:0005737; GO:0005886; GO:0005829; GO:0005925; GO:0070062; GO:0005576; GO:1904813; GO:0016020; GO:0001533; GO:0005739; GO:0005764","GO:0005509; GO:0004198; GO:0016787; GO:0046872; GO:0005515; GO:0008233; GO:0008234",FALSE,FALSE,FALSE,0,"Other"
"Q96JJ3","ELMO2",1.86830063483694,0.00617703412777576,8,0.768264604342596,0.18648392420035,345,2.71,341,350,"weight_sensitive_candidate","ELMO2","engulfment and cell motility 2 [Source:HGNC Symbol;Acc:HGNC:17233]","apoptotic process; phagocytosis; actin filament organization; cell motility; cell chemotaxis","cytoplasm; membrane; cytosol","SH3 domain binding; protein binding; guanyl-nucleotide exchange factor activity; receptor tyrosine kinase binding","GO:0006915; GO:0006909; GO:0007015; GO:0048870; GO:0060326","GO:0005737; GO:0016020; GO:0005829","GO:0017124; GO:0005515; GO:0005085; GO:0030971",FALSE,TRUE,TRUE,2,"MS,VT"
"Q96J02","ITCH",-1.03735180998344,0.182315814722989,12,305.556180207955,0.185717296038557,346,2.04,342,348,"weight_sensitive_candidate","ITCH","itchy E3 ubiquitin protein ligase [Source:HGNC Symbol;Acc:HGNC:13890]","negative regulation of canonical NF-kappaB signal transduction; negative regulation of JNK cascade; apoptotic process; positive regulation of macromolecule metabolic process; negative regulation of multicellular organismal process; negative regulation of apoptotic process; protein ubiquitination; defense response to virus; immune system process; innate immune response; ubiquitin-dependent protein catabolic process; protein autoubiquitination; receptor internalization; protein K48-linked ubiquitination; inflammatory response; proteasome-mediated ubiquitin-dependent protein catabolic process; protein K63-linked ubiquitination; positive regulation of immune system process; regulation of cell growth; negative regulation of intracellular signal transduction; negative regulation of immune system process; positive regulation of catabolic process; symbiont entry into host cell; protein monoubiquitination; regulation of necroptotic process; nucleotide-binding domain, leucine rich repeat containing receptor signaling pathway; negative regulation of cytoplasmic pattern recognition receptor signaling pathway; protein K29-linked ubiquitination; positive regulation of receptor catabolic process; negative regulation of type I interferon production; regulation of protein deubiquitination","nucleus; cytoplasm; plasma membrane; membrane; nucleoplasm; endosome membrane; mitochondrion; cytosol; cytoplasmic vesicle; early endosome membrane; extracellular exosome; early endosome; cell periphery; protein-containing complex; cell cortex","protein binding; transferase activity; ubiquitin protein ligase activity; ubiquitin-protein transferase activity; ribonucleoprotein complex binding; ubiquitin-ubiquitin ligase activity; ubiquitin-like protein ligase binding; ubiquitin-like protein transferase activity; CXCR chemokine receptor binding; ligase activity","GO:0043124; GO:0046329; GO:0006915; GO:0010604; GO:0051241; GO:0043066; GO:0016567; GO:0051607; GO:0002376; GO:0045087; GO:0006511; GO:0051865; GO:0031623; GO:0070936; GO:0006954; GO:0043161; GO:0070534; GO:0002684; GO:0001558; GO:1902532; GO:0002683; GO:0009896; GO:0046718; GO:0006513; GO:0060544; GO:0035872; GO:0039532; GO:0035519; GO:2000646; GO:0032480; GO:0090085","GO:0005634; GO:0005737; GO:0005886; GO:0016020; GO:0005654; GO:0010008; GO:0005739; GO:0005829; GO:0031410; GO:0031901; GO:0070062; GO:0005769; GO:0071944; GO:0032991; GO:0005938","GO:0005515; GO:0016740; GO:0061630; GO:0004842; GO:0043021; GO:0034450; GO:0044389; GO:0019787; GO:0045236; GO:0016874",FALSE,TRUE,TRUE,2,"MS,VT"
"P11216","PYGB",-0.914365594008192,0.23829633605913,10,2689.35423956862,0.184913662536664,347,2.87,340,351,"weight_sensitive_candidate","PYGB","glycogen phosphorylase B [Source:HGNC Symbol;Acc:HGNC:9723]","carbohydrate metabolic process; glycogen metabolic process; glycogen catabolic process","cytoplasm; membrane; extracellular exosome; extracellular region; cytosol; azurophil granule lumen","1,4-alpha-oligoglucan phosphorylase activity; pyridoxal phosphate binding; glycogen phosphorylase activity; transferase activity; protein binding; catalytic activity; glycosyltransferase activity","GO:0005975; GO:0005977; GO:0005980","GO:0005737; GO:0016020; GO:0070062; GO:0005576; GO:0005829; GO:0035578","GO:0004645; GO:0030170; GO:0008184; GO:0016740; GO:0005515; GO:0003824; GO:0016757",FALSE,FALSE,FALSE,0,"Other"
"Q15075","EEA1",-0.882794328981213,0.2774644565076,12,978.306281260637,0.184600582255804,348,2.73,341,351,"weight_sensitive_candidate","EEA1","early endosome antigen 1 [Source:HGNC Symbol;Acc:HGNC:3185]","endocytosis; early endosome to late endosome transport; modulation by host of viral process; vesicle fusion; synaptic vesicle to endosome fusion; chemical synaptic transmission, postsynaptic","cytoplasm; cytosol; early endosome membrane; extracellular exosome; early endosome; Schaffer collateral - CA1 synapse; postsynaptic early endosome; glutamatergic synapse; endosome; cytoplasmic vesicle; axonal spine","metal ion binding; calmodulin binding; protein binding; zinc ion binding; protein homodimerization activity; GTP-dependent protein binding; 1-phosphatidylinositol binding","GO:0006897; GO:0045022; GO:0044788; GO:0006906; GO:0016189; GO:0099565","GO:0005737; GO:0005829; GO:0031901; GO:0070062; GO:0005769; GO:0098685; GO:0098842; GO:0098978; GO:0005768; GO:0031410; GO:0044308","GO:0046872; GO:0005516; GO:0005515; GO:0008270; GO:0042803; GO:0030742; GO:0005545",FALSE,FALSE,TRUE,1,"VT"
"P03973","SLPI",-2.40283591495864,0.00156450654298783,4,0,0.181355043010358,349,3.89,340,354,"weight_sensitive_candidate","SLPI","secretory leukocyte peptidase inhibitor [Source:HGNC Symbol;Acc:HGNC:11092]","immune system process; innate immune response; defense response to bacterium; immune response; antibacterial humoral response; negative regulation of viral genome replication; response to lipopolysaccharide; negative regulation of protein binding; host-mediated perturbation of symbiont process","extracellular region; extracellular space; extracellular exosome; extracellular matrix; specific granule lumen","peptidase inhibitor activity; enzyme binding; serine-type endopeptidase inhibitor activity; DNA binding; protein binding; mRNA binding; endopeptidase inhibitor activity","GO:0002376; GO:0045087; GO:0042742; GO:0006955; GO:0019731; GO:0045071; GO:0032496; GO:0032091; GO:0051851","GO:0005576; GO:0005615; GO:0070062; GO:0031012; GO:0035580","GO:0030414; GO:0019899; GO:0004867; GO:0003677; GO:0005515; GO:0003729; GO:0004866",TRUE,FALSE,FALSE,1,"ECM"
"O60610","DIAPH1",-1.45572081738884,0.0424265307054386,6,443,0.181284731373155,350,1.92,343,352,"weight_sensitive_candidate","DIAPH1","diaphanous related formin 1 [Source:HGNC Symbol;Acc:HGNC:2876]","actin cytoskeleton organization; cellular component organization; sensory perception of sound; cytoskeleton organization; regulation of cytoskeleton organization; regulation of microtubule-based process; actin filament polymerization; brain development; neuron projection development; protein localization to microtubule; synaptic vesicle endocytosis; regulation of release of sequestered calcium ion into cytosol; cellular response to histamine","nucleus; cytoplasm; plasma membrane; cytoskeleton; ruffle membrane; spindle; centrosome; cytosol; actin filament; secretory granule membrane; ficolin-1-rich granule membrane; brush border; neuron projection; mitotic spindle","small GTPase binding; actin binding; RNA binding; protein binding; transmembrane transporter binding; signaling receptor binding; profilin binding; identical protein binding","GO:0030036; GO:0016043; GO:0007605; GO:0007010; GO:0051493; GO:0032886; GO:0030041; GO:0007420; GO:0031175; GO:0035372; GO:0048488; GO:0051279; GO:0071420","GO:0005634; GO:0005737; GO:0005886; GO:0005856; GO:0032587; GO:0005819; GO:0005813; GO:0005829; GO:0005884; GO:0030667; GO:0101003; GO:0005903; GO:0043005; GO:0072686","GO:0031267; GO:0003779; GO:0003723; GO:0005515; GO:0044325; GO:0005102; GO:0005522; GO:0042802",FALSE,TRUE,TRUE,2,"MS,VT"
"Q92900","UPF1",-0.41589904319741,0.655877322656918,24,130.293341358452,0.180911777988704,351,4.81,339,359,"weight_sensitive_candidate","UPF1","UPF1 RNA helicase and ATPase [Source:HGNC Symbol;Acc:HGNC:9962]","nuclear-transcribed mRNA catabolic process, nonsense-mediated decay; regulation of gene expression; positive regulation of mRNA metabolic process; cellular response to lipopolysaccharide; 3'-UTR-mediated mRNA destabilization; nuclear-transcribed mRNA catabolic process; cellular response to interleukin-1; positive regulation of mRNA catabolic process; histone mRNA catabolic process; regulation of telomere maintenance; cell cycle phase transition; regulation of translational termination; DNA replication; mRNA export from nucleus; DNA repair; telomere maintenance via semi-conservative replication; RNA surveillance","cytoplasm; chromosome, telomeric region; nucleus; cytosol; nucleoplasm; cytoplasmic ribonucleoprotein granule; perinuclear region of cytoplasm; P-body; exon-exon junction complex; supraspliceosomal complex; chromatin","DNA binding; zinc ion binding; ATP binding; RNA binding; hydrolase activity; helicase activity; RNA helicase activity; protein binding; nucleotide binding; metal ion binding; ATP hydrolysis activity; DNA helicase activity; protein-containing complex binding; telomeric DNA binding; double-stranded DNA helicase activity; chromatin binding","GO:0000184; GO:0010468; GO:1903313; GO:0071222; GO:0061158; GO:0000956; GO:0071347; GO:0061014; GO:0071044; GO:0032204; GO:0044770; GO:0006449; GO:0006260; GO:0006406; GO:0006281; GO:0032201; GO:0071025","GO:0005737; GO:0000781; GO:0005634; GO:0005829; GO:0005654; GO:0036464; GO:0048471; GO:0000932; GO:0035145; GO:0044530; GO:0000785","GO:0003677; GO:0008270; GO:0005524; GO:0003723; GO:0016787; GO:0004386; GO:0003724; GO:0005515; GO:0000166; GO:0046872; GO:0016887; GO:0003678; GO:0044877; GO:0042162; GO:0036121; GO:0003682",FALSE,FALSE,FALSE,0,"Other"
"P54289","CACNA2D1",2.65811193055436,0.000243657723315512,2,0,0.17611424506721,352,5.01,339,362,"weight_sensitive_candidate","CACNA2D1","calcium voltage-gated channel auxiliary subunit alpha2delta 1 [Source:HGNC Symbol;Acc:HGNC:1399]","cellular response to amyloid-beta; regulation of ventricular cardiac muscle cell membrane repolarization; monoatomic ion transport; monoatomic ion transmembrane transport; calcium ion transport; calcium ion transmembrane transport; cardiac muscle cell action potential involved in contraction; regulation of heart rate by cardiac conduction; calcium ion import across plasma membrane; regulation of calcium ion transport; calcium ion transport into cytosol; calcium ion transmembrane transport via high voltage-gated calcium channel; regulation of membrane repolarization during action potential; positive regulation of insulin secretion involved in cellular response to glucose stimulus; membrane depolarization during bundle of His cell action potential; regulation of calcium ion transmembrane transport via high voltage-gated calcium channel","plasma membrane; membrane; extracellular exosome; monoatomic ion channel complex; voltage-gated calcium channel complex; presynaptic active zone membrane; GABA-ergic synapse; neuronal dense core vesicle; sarcoplasmic reticulum; T-tubule","metal ion binding; voltage-gated calcium channel activity; calcium channel activity; voltage-gated calcium channel activity involved in cardiac muscle cell action potential; voltage-gated calcium channel activity involved in bundle of His cell action potential","GO:1904646; GO:0060307; GO:0006811; GO:0034220; GO:0006816; GO:0070588; GO:0086002; GO:0086091; GO:0098703; GO:0051924; GO:0060402; GO:0061577; GO:0098903; GO:0035774; GO:0086048; GO:1902514","GO:0005886; GO:0016020; GO:0070062; GO:0034702; GO:0005891; GO:0048787; GO:0098982; GO:0098992; GO:0016529; GO:0030315","GO:0046872; GO:0005245; GO:0005262; GO:0086007; GO:0086057",FALSE,FALSE,FALSE,0,"Other"
"Q05639","EEF1A2",-0.00819018497033497,0.993558110434617,28,354.584988429008,0.176064603217858,353,5.47,343,366,"weight_sensitive_candidate","EEF1A2","eukaryotic translation elongation factor 1 alpha 2 [Source:HGNC Symbol;Acc:HGNC:3192]","translational elongation; translation; regulation of chaperone-mediated autophagy; positive regulation of lipid kinase activity","cytoplasm; endoplasmic reticulum membrane; cytoplasmic side of lysosomal membrane; synapse; eukaryotic translation elongation factor 1 complex","GTPase activity; GTP binding; translation elongation factor activity; nucleotide binding; hydrolase activity; metal ion binding; protein binding; protein kinase binding; translation factor activity, RNA binding","GO:0006414; GO:0006412; GO:1904714; GO:0090218","GO:0005737; GO:0005789; GO:0098574; GO:0045202; GO:0005853","GO:0003924; GO:0005525; GO:0003746; GO:0000166; GO:0016787; GO:0046872; GO:0005515; GO:0019901; GO:0008135",FALSE,FALSE,TRUE,1,"VT"
"P46976","GYG1",-2.16707153169932,0.00163622494988972,4,0,0.170633188852136,354,3.42,352,362,"weight_sensitive_candidate","GYG1","glycogenin 1 [Source:HGNC Symbol;Acc:HGNC:4699]","glycogen biosynthetic process","nucleus; cytoplasm; membrane; extracellular region; cytosol; secretory granule lumen; ficolin-1-rich granule lumen; lysosomal lumen","glycosyltransferase activity; transferase activity; metal ion binding; protein binding; protein homodimerization activity; manganese ion binding; glycogenin glucosyltransferase activity","GO:0005978","GO:0005634; GO:0005737; GO:0016020; GO:0005576; GO:0005829; GO:0034774; GO:1904813; GO:0043202","GO:0016757; GO:0016740; GO:0046872; GO:0005515; GO:0042803; GO:0030145; GO:0008466",FALSE,FALSE,FALSE,0,"Other"
"P01011","SERPINA3",-1.88679272331484,0.044994228029874,6,7.61962437042511,0.17038399424887,355,1.14,355,358,"robust_candidate","SERPINA3","serpin family A member 3 [Source:HGNC Symbol;Acc:HGNC:16]","inflammatory response; acute-phase response; regulation of lipid metabolic process; maintenance of gastrointestinal epithelium; response to cytokine","extracellular space; nucleus; extracellular region; extracellular exosome; blood microparticle; extracellular matrix; secretory granule lumen; platelet alpha granule lumen; azurophil granule lumen","serine-type endopeptidase inhibitor activity; peptidase inhibitor activity; DNA binding; protein binding","GO:0006954; GO:0006953; GO:0019216; GO:0030277; GO:0034097","GO:0005615; GO:0005634; GO:0005576; GO:0070062; GO:0072562; GO:0031012; GO:0034774; GO:0031093; GO:0035578","GO:0004867; GO:0030414; GO:0003677; GO:0005515",TRUE,FALSE,FALSE,1,"ECM"
"Q9BZL1","UBL5",-1.11222233871866,0.27186445860008,14,10.6699686624764,0.17004589560618,356,3.25,352,365,"weight_sensitive_candidate","UBL5","ubiquitin like 5 [Source:HGNC Symbol;Acc:HGNC:13736]","protein modification process; mRNA splicing, via spliceosome; positive regulation of establishment of protein localization to mitochondrion","nucleus; cytoplasm; Cajal body; nucleoplasm","protein binding; protein tag activity","GO:0036211; GO:0000398; GO:1903749","GO:0005634; GO:0005737; GO:0015030; GO:0005654","GO:0005515; GO:0031386",FALSE,FALSE,FALSE,0,"Other"
"P78406","RAE1",-1.60995813141964,0.0412070325443375,6,36.0261183251172,0.169704577704587,357,1.26,355,360,"robust_candidate","RAE1","ribonucleic acid export 1 [Source:HGNC Symbol;Acc:HGNC:9828]","cell division; RNA export from nucleus; nucleocytoplasmic transport; transcription-dependent tethering of RNA polymerase II gene DNA at nuclear periphery; regulation of mitotic spindle organization; mRNA export from nucleus","nucleus; cytoplasm; nucleoplasm; nuclear envelope; fibrillar center; spindle pole; mitotic spindle pole; nuclear pore","protein binding; microtubule binding; RNA binding; ubiquitin binding","GO:0051301; GO:0006405; GO:0006913; GO:0000972; GO:0060236; GO:0006406","GO:0005634; GO:0005737; GO:0005654; GO:0005635; GO:0001650; GO:0000922; GO:0097431; GO:0005643","GO:0005515; GO:0008017; GO:0003723; GO:0043130",FALSE,FALSE,FALSE,0,"Other"
"Q7Z699","SPRED1",2.13512478368785,0.0016105935776509,4,0,0.169336007145968,358,3.67,353,365,"weight_sensitive_candidate","SPRED1","sprouty related EVH1 domain containing 1 [Source:HGNC Symbol;Acc:HGNC:20249]","multicellular organism development; regulation of signal transduction; negative regulation of angiogenesis; negative regulation of MAPK cascade; negative regulation of intracellular signal transduction; negative regulation of epithelial to mesenchymal transition; negative regulation of transforming growth factor beta receptor signaling pathway; negative regulation of ERK1 and ERK2 cascade; positive regulation of DNA damage response, signal transduction by p53 class mediator; vasculogenesis involved in coronary vascular morphogenesis; regulation of MAPK cascade; negative regulation of cell migration involved in sprouting angiogenesis","membrane; nucleus; plasma membrane; nucleoplasm; caveola; cytosol; cytoplasmic vesicle; cytoplasm","protein binding; phosphatase binding; protein kinase binding; protein serine/threonine kinase inhibitor activity; stem cell factor receptor binding","GO:0007275; GO:0009966; GO:0016525; GO:0043409; GO:1902532; GO:0010719; GO:0030512; GO:0070373; GO:0043517; GO:0060979; GO:0043408; GO:0090051","GO:0016020; GO:0005634; GO:0005886; GO:0005654; GO:0005901; GO:0005829; GO:0031410; GO:0005737","GO:0005515; GO:0019902; GO:0019901; GO:0030291; GO:0005173",FALSE,TRUE,FALSE,1,"MS"
"Q5VZM2","RRAGB",0.872476103033684,0.344794761280533,10,587.399589542914,0.169058202916204,359,3.56,352,363,"weight_sensitive_candidate","RRAGB","Ras related GTP binding B [Source:HGNC Symbol;Acc:HGNC:19901]","regulation of TOR signaling; cellular response to amino acid starvation; protein localization; cellular response to amino acid stimulus; positive regulation of TOR signaling; negative regulation of autophagy; cellular response to starvation; cellular response to leucine starvation","cytoplasm; lysosome; lysosomal membrane; nucleus; cytosol; Gtr1-Gtr2 GTPase complex","GTP binding; nucleotide binding; hydrolase activity; protein binding; GTPase activity; guanyl ribonucleotide binding; GTPase binding","GO:0032006; GO:0034198; GO:0008104; GO:0071230; GO:0032008; GO:0010507; GO:0009267; GO:1990253","GO:0005737; GO:0005764; GO:0005765; GO:0005634; GO:0005829; GO:1990131","GO:0005525; GO:0000166; GO:0016787; GO:0005515; GO:0003924; GO:0032561; GO:0051020",FALSE,FALSE,TRUE,1,"VT"
"P18031","PTPN1",0.793988594247722,0.415181173825313,16,25.6309733319405,0.166452918743377,360,3.98,354,369,"weight_sensitive_candidate","PTPN1","protein tyrosine phosphatase non-receptor type 1 [Source:HGNC Symbol;Acc:HGNC:9642]","protein dephosphorylation; dephosphorylation; negative regulation of ERK1 and ERK2 cascade; negative regulation of vascular endothelial growth factor receptor signaling pathway; negative regulation of insulin receptor signaling pathway; regulation of signal transduction; actin cytoskeleton organization; regulation of type I interferon-mediated signaling pathway; regulation of endocytosis; positive regulation of systemic arterial blood pressure; negative regulation of cell population proliferation; positive regulation of heart rate; positive regulation of cardiac muscle cell apoptotic process; negative regulation of cell-substrate adhesion; negative regulation of neuron projection development; regulation of proteolysis; response to nutrient levels; cellular response to insulin stimulus; response to endoplasmic reticulum stress; platelet-derived growth factor receptor-beta signaling pathway; cellular response to platelet-derived growth factor stimulus; cellular response to fibroblast growth factor stimulus; regulation of insulin receptor signaling pathway; negative regulation of phosphatidylinositol 3-kinase/protein kinase B signal transduction; cellular response to hypoxia; cellular response to nitric oxide; cellular response to angiotensin; negative regulation of vascular associated smooth muscle cell migration; cellular response to nerve growth factor stimulus; response to angiotensin; cellular response to unfolded protein; positive regulation of JNK cascade; peptidyl-tyrosine dephosphorylation; vascular endothelial cell response to oscillatory fluid shear stress; negative regulation of MAP kinase activity; growth hormone receptor signaling pathway via JAK-STAT; negative regulation of signal transduction; regulation of intracellular protein transport; positive regulation of receptor catabolic process","cytoplasm; plasma membrane; endoplasmic reticulum; endomembrane system; endoplasmic reticulum membrane; early endosome; cytosol; endosome lumen; postsynapse; glutamatergic synapse; sorting endosome; mitochondrial matrix; mitochondrial crista; protein-containing complex; cytoplasmic side of endoplasmic reticulum membrane","protein tyrosine phosphatase activity; RNA binding; phosphoprotein phosphatase activity; hydrolase activity; enzyme binding; protein binding; zinc ion binding; protein kinase binding; ephrin receptor binding; cadherin binding; insulin receptor binding; phosphatase activity; receptor tyrosine kinase binding; protein phosphatase 2A binding; non-membrane spanning protein tyrosine phosphatase activity","GO:0006470; GO:0016311; GO:0070373; GO:0030948; GO:0046627; GO:0009966; GO:0030036; GO:0060338; GO:0030100; GO:0003084; GO:0008285; GO:0010460; GO:0010666; GO:0010812; GO:0010977; GO:0030162; GO:0031667; GO:0032869; GO:0034976; GO:0035791; GO:0036120; GO:0044344; GO:0046626; GO:0051898; GO:0071456; GO:0071732; GO:1904385; GO:1904753; GO:1990090; GO:1990776; GO:0034620; GO:0046330; GO:0035335; GO:0097706; GO:0043407; GO:0060397; GO:0009968; GO:0033157; GO:2000646","GO:0005737; GO:0005886; GO:0005783; GO:0012505; GO:0005789; GO:0005769; GO:0005829; GO:0031904; GO:0098794; GO:0098978; GO:0097443; GO:0005759; GO:0030061; GO:0032991; GO:0098554","GO:0004725; GO:0003723; GO:0004721; GO:0016787; GO:0019899; GO:0005515; GO:0008270; GO:0019901; GO:0046875; GO:0045296; GO:0005158; GO:0016791; GO:0030971; GO:0051721; GO:0004726",FALSE,TRUE,TRUE,2,"MS,VT"
"Q96FX8","PERP",-2.50744465318769,0.000421058404167578,2,0,0.165571594818123,361,5.91,351,373,"weight_sensitive_candidate","PERP","p53 apoptosis effector related to PMP22 [Source:HGNC Symbol;Acc:HGNC:17637]","apoptotic process; cell adhesion; positive regulation of T cell apoptotic process; cell-cell adhesion; tissue homeostasis; mammary gland duct morphogenesis; positive regulation of neutrophil chemotaxis; positive regulation of proteolysis","membrane; cytoplasm; plasma membrane; desmosome; cell-cell junction; mitochondrion; Golgi apparatus","protein binding","GO:0006915; GO:0007155; GO:0070234; GO:0098609; GO:0001894; GO:0060603; GO:0090023; GO:0045862","GO:0016020; GO:0005737; GO:0005886; GO:0030057; GO:0005911; GO:0005739; GO:0005794","GO:0005515",FALSE,TRUE,FALSE,1,"MS"
"P0DMV8","HSPA1A",-1.29824341744182,0.0710077445864392,6,209.9300295897,0.165098595745686,362,1.97,358,367,"weight_sensitive_candidate","HSPA1A","heat shock protein family A (Hsp70) member 1A [Source:HGNC Symbol;Acc:HGNC:5232]","positive regulation of gene expression; negative regulation of cell population proliferation; negative regulation of apoptotic process; cellular response to oxidative stress; negative regulation of protein ubiquitination; positive regulation of canonical NF-kappaB signal transduction; negative regulation of transcription by RNA polymerase II; symbiont entry into host cell; negative regulation of cell growth; positive regulation of proteasomal ubiquitin-dependent protein catabolic process; response to unfolded protein; mRNA catabolic process; positive regulation of interleukin-8 production; protein refolding; positive regulation of erythrocyte differentiation; ATP metabolic process; cellular heat acclimation; positive regulation of nucleotide-binding oligomerization domain containing 2 signaling pathway; cellular response to steroid hormone stimulus; positive regulation of microtubule nucleation; negative regulation of inclusion body assembly; lysosomal transport; negative regulation of transforming growth factor beta receptor signaling pathway; cellular response to heat; cellular response to unfolded protein; regulation of protein ubiquitination; positive regulation of RNA splicing","perinuclear region of cytoplasm; nucleus; cytoplasm; nuclear speck; extracellular region; extracellular space; cytosol; mitochondrion; focal adhesion; endoplasmic reticulum; extracellular exosome; vesicle; COP9 signalosome; ribonucleoprotein complex; centrosome; plasma membrane; centriole; protein-containing complex; aggresome; ficolin-1-rich granule lumen; nucleoplasm; blood microparticle; inclusion body","ATP binding; ATP hydrolysis activity; protein binding; nucleotide binding; RNA binding; signaling receptor binding; G protein-coupled receptor binding; ubiquitin protein ligase binding; transcription corepressor activity; receptor ligand activity; virus receptor activity; heat shock protein binding; histone deacetylase binding; protein folding chaperone; C3HC4-type RING finger domain binding; cadherin binding; enzyme binding; disordered domain specific binding; denatured protein binding; misfolded protein binding","GO:0010628; GO:0008285; GO:0043066; GO:0034599; GO:0031397; GO:0043123; GO:0000122; GO:0046718; GO:0030308; GO:0032436; GO:0006986; GO:0006402; GO:0032757; GO:0042026; GO:0045648; GO:0046034; GO:0070370; GO:0070434; GO:0071383; GO:0090063; GO:0090084; GO:0007041; GO:0030512; GO:0034605; GO:0034620; GO:0031396; GO:0033120","GO:0048471; GO:0005634; GO:0005737; GO:0016607; GO:0005576; GO:0005615; GO:0005829; GO:0005739; GO:0005925; GO:0005783; GO:0070062; GO:0031982; GO:0008180; GO:1990904; GO:0005813; GO:0005886; GO:0005814; GO:0032991; GO:0016235; GO:1904813; GO:0005654; GO:0072562; GO:0016234","GO:0005524; GO:0016887; GO:0005515; GO:0000166; GO:0003723; GO:0005102; GO:0001664; GO:0031625; GO:0003714; GO:0048018; GO:0001618; GO:0031072; GO:0042826; GO:0044183; GO:0055131; GO:0045296; GO:0019899; GO:0097718; GO:0031249; GO:0051787",FALSE,FALSE,FALSE,0,"Other"
"P07947","YES1",-0.798701124845007,0.317873011300427,16,15.5632951351765,0.165008007125376,363,4.16,355,373,"weight_sensitive_candidate","YES1","YES proto-oncogene 1, Src family tyrosine kinase [Source:HGNC Symbol;Acc:HGNC:12841]","protein phosphorylation; Fc-gamma receptor signaling pathway involved in phagocytosis; ephrin receptor signaling pathway; T cell costimulation; cell differentiation; negative regulation of inflammatory response to antigenic stimulus; regulation of vascular permeability; protein modification process; cell surface receptor protein tyrosine kinase signaling pathway; leukocyte migration","plasma membrane; Golgi apparatus; cytosol; focal adhesion; extracellular exosome; anchoring junction; centrosome; actin filament","ATP binding; protein binding; protein kinase activity; protein tyrosine kinase activity; nucleotide binding; enzyme binding; transferase activity; kinase activity; non-membrane spanning protein tyrosine kinase activity; phosphotyrosine residue binding; signaling receptor binding; transmembrane transporter binding","GO:0006468; GO:0038096; GO:0048013; GO:0031295; GO:0030154; GO:0002862; GO:0043114; GO:0036211; GO:0007169; GO:0050900","GO:0005886; GO:0005794; GO:0005829; GO:0005925; GO:0070062; GO:0070161; GO:0005813; GO:0005884","GO:0005524; GO:0005515; GO:0004672; GO:0004713; GO:0000166; GO:0019899; GO:0016740; GO:0016301; GO:0004715; GO:0001784; GO:0005102; GO:0044325",FALSE,TRUE,TRUE,2,"MS,VT"
"Q3LXA3","TKFC",-2.52143002414837,0.000518211604850366,2,0,0.164710475942712,364,5.8,353,375,"weight_sensitive_candidate","TKFC","triokinase and FMN cyclase [Source:HGNC Symbol;Acc:HGNC:24552]","glycerol metabolic process; carbohydrate metabolic process; fructose catabolic process to hydroxyacetone phosphate and glyceraldehyde-3-phosphate; carbohydrate phosphorylation; regulation of innate immune response; negative regulation of MDA-5 signaling pathway; glycerol catabolic process","nucleus; extracellular exosome; cytosol","ATP binding; glycerone kinase activity; nucleotide binding; transferase activity; metal ion binding; lyase activity; kinase activity; protein binding; catalytic activity; FAD-AMP lyase (cyclizing) activity; triokinase activity","GO:0006071; GO:0005975; GO:0061624; GO:0046835; GO:0045088; GO:0039534; GO:0019563","GO:0005634; GO:0070062; GO:0005829","GO:0005524; GO:0004371; GO:0000166; GO:0016740; GO:0046872; GO:0016829; GO:0016301; GO:0005515; GO:0003824; GO:0034012; GO:0050354",FALSE,FALSE,FALSE,0,"Other"
"Q10567","AP1B1",-1.15288878214564,0.114813148820134,6,479.410736244432,0.161424464232581,365,2.98,360,373,"weight_sensitive_candidate","AP1B1","adaptor related protein complex 1 subunit beta 1 [Source:HGNC Symbol;Acc:HGNC:554]","intracellular protein transport; vesicle-mediated transport; protein transport; platelet dense granule organization; receptor-mediated endocytosis","membrane coat; clathrin adaptor complex; Golgi apparatus; endomembrane system; cytoplasmic vesicle; clathrin-coated vesicle membrane; lysosomal membrane; cytosol; trans-Golgi network; trans-Golgi network membrane; early endosome; Golgi membrane; cytoplasmic vesicle membrane; AP-1 adaptor complex; synaptic vesicle","protein binding; clathrin binding; protein kinase binding","GO:0006886; GO:0016192; GO:0015031; GO:0060155; GO:0006898","GO:0030117; GO:0030131; GO:0005794; GO:0012505; GO:0031410; GO:0030665; GO:0005765; GO:0005829; GO:0005802; GO:0032588; GO:0005769; GO:0000139; GO:0030659; GO:0030121; GO:0008021","GO:0005515; GO:0030276; GO:0019901",FALSE,FALSE,TRUE,1,"VT"
"P08758","ANXA5",1.45633330923089,0.036603243448499,8,2.77571942754841,0.161315665369214,366,1.1,364,368,"robust_candidate","ANXA5","annexin A5 [Source:HGNC Symbol;Acc:HGNC:543]","negative regulation of coagulation; signal transduction; negative regulation of apoptotic process; blood coagulation; hemostasis","cytoplasm; membrane; focal adhesion; extracellular exosome; extracellular region; cytosol; extracellular matrix; sarcolemma; vesicle membrane; external side of plasma membrane; endothelial microparticle","calcium ion binding; calcium-dependent phospholipid binding; protein binding; phosphatidylserine binding; phospholipid binding; phospholipase inhibitor activity","GO:0050819; GO:0007165; GO:0043066; GO:0007596; GO:0007599","GO:0005737; GO:0016020; GO:0005925; GO:0070062; GO:0005576; GO:0005829; GO:0031012; GO:0042383; GO:0012506; GO:0009897; GO:0072563","GO:0005509; GO:0005544; GO:0005515; GO:0001786; GO:0005543; GO:0004859",TRUE,FALSE,FALSE,1,"ECM"
"P63151","PPP2R2A",-0.977733492545209,0.180303559015313,10,46.2320439213618,0.159439782661189,367,2.74,364,374,"weight_sensitive_candidate","PPP2R2A","protein phosphatase 2 regulatory subunit Balpha [Source:HGNC Symbol;Acc:HGNC:9304]","regulation of chromosome segregation; protein dephosphorylation","protein phosphatase type 2A complex; synapse; glutamatergic synapse; nucleoplasm; cytosol","protein phosphatase regulator activity; protein binding; protein-containing complex binding; tau protein binding; protein phosphatase 2A binding","GO:0051983; GO:0006470","GO:0000159; GO:0045202; GO:0098978; GO:0005654; GO:0005829","GO:0019888; GO:0005515; GO:0044877; GO:0048156; GO:0051721",FALSE,FALSE,FALSE,0,"Other"
"P21283","ATP6V1C1",-0.837550948172254,0.274945299006047,20,0,0.15904862387345,368,5.88,357,382,"weight_sensitive_candidate","ATP6V1C1","ATPase H+ transporting V1 subunit C1 [Source:HGNC Symbol;Acc:HGNC:856]","proton transmembrane transport; monoatomic ion transport; regulation of macroautophagy; synaptic vesicle lumen acidification","proton-transporting V-type ATPase, V1 domain; plasma membrane; membrane; cytoplasmic vesicle; extracellular exosome; clathrin-coated vesicle membrane; synaptic vesicle membrane; lysosomal membrane; vacuolar proton-transporting V-type ATPase, V1 domain; cytosol; proton-transporting two-sector ATPase complex; extrinsic component of synaptic vesicle membrane; apical part of cell; proton-transporting V-type ATPase complex","proton-transporting ATPase activity, rotational mechanism; proton transmembrane transporter activity; protein binding","GO:1902600; GO:0006811; GO:0016241; GO:0097401","GO:0033180; GO:0005886; GO:0016020; GO:0031410; GO:0070062; GO:0030665; GO:0030672; GO:0005765; GO:0000221; GO:0005829; GO:0016469; GO:0098850; GO:0045177; GO:0033176","GO:0046961; GO:0015078; GO:0005515",FALSE,FALSE,TRUE,1,"VT"
"P12277","CKB",2.03765837559137,0.004453005685448,4,0,0.157794571565638,369,3.79,363,376,"weight_sensitive_candidate","CKB","creatine kinase B [Source:HGNC Symbol;Acc:HGNC:1991]","phosphocreatine biosynthetic process; substantia nigra development","plasma membrane; cytosol; mitochondrion; extracellular exosome; extracellular space","catalytic activity; transferase activity, transferring phosphorus-containing groups; kinase activity; creatine kinase activity; nucleotide binding; transferase activity; ATP binding; protein binding; ubiquitin protein ligase binding","GO:0046314; GO:0021762","GO:0005886; GO:0005829; GO:0005739; GO:0070062; GO:0005615","GO:0003824; GO:0016772; GO:0016301; GO:0004111; GO:0000166; GO:0016740; GO:0005524; GO:0005515; GO:0031625",FALSE,FALSE,FALSE,0,"Other"
"P32455","GBP1",1.48543413317763,0.0401993270526758,6,12.9736133219278,0.15709303567957,370,1.05,368,373,"robust_candidate","GBP1","guanylate binding protein 1 [Source:HGNC Symbol;Acc:HGNC:4182]","defense response to virus; immune system process; innate immune response; defense response to bacterium; negative regulation of T cell receptor signaling pathway; cellular response to type II interferon; cellular response to interleukin-1; cellular response to tumor necrosis factor; negative regulation of substrate adhesion-dependent cell spreading; negative regulation of ERK1 and ERK2 cascade; regulation of protein localization to plasma membrane; negative regulation of protein localization to plasma membrane; defense response to protozoan; negative regulation of interleukin-2 production; regulation of calcium-mediated signaling; cytolysis in another organism; protein localization to vacuole","cytoplasm; extracellular region; plasma membrane; Golgi apparatus; cytosol; cytoplasmic vesicle; actin cytoskeleton; Golgi membrane; cytoplasmic vesicle membrane; symbiont cell surface; vesicle membrane","GTPase activity; GTP binding; nucleotide binding; hydrolase activity; enzyme binding; actin binding; protein binding; G protein activity; protein homodimerization activity; identical protein binding; Hsp90 protein binding; cytokine binding; GDP phosphatase activity; lipopolysaccharide binding; GDP binding; spectrin binding","GO:0051607; GO:0002376; GO:0045087; GO:0042742; GO:0050860; GO:0071346; GO:0071347; GO:0071356; GO:1900025; GO:0070373; GO:1903076; GO:1903077; GO:0042832; GO:0032703; GO:0050848; GO:0051715; GO:0072665","GO:0005737; GO:0005576; GO:0005886; GO:0005794; GO:0005829; GO:0031410; GO:0015629; GO:0000139; GO:0030659; GO:0106139; GO:0012506","GO:0003924; GO:0005525; GO:0000166; GO:0016787; GO:0019899; GO:0003779; GO:0005515; GO:0003925; GO:0042803; GO:0042802; GO:0051879; GO:0019955; GO:0004382; GO:0001530; GO:0019003; GO:0030507",FALSE,TRUE,FALSE,1,"MS"
"P43353","ALDH3B1",-2.41233857742187,0.000828396447992544,2,0,0.156556933934784,371,6.7,358,382,"weight_sensitive_candidate","ALDH3B1","aldehyde dehydrogenase 3 family member B1 [Source:HGNC Symbol;Acc:HGNC:410]","aldehyde metabolic process; lipid metabolic process; sphingolipid catabolic process; response to oxidative stress; alcohol metabolic process; ethanol catabolic process; cellular response to oxidative stress; aldehyde catabolic process","plasma membrane; extracellular exosome; vesicle; cytoplasm; specific granule membrane; secretory granule membrane; cytosol","oxidoreductase activity; oxidoreductase activity, acting on the aldehyde or oxo group of donors, NAD or NADP as acceptor; protein binding; aldehyde dehydrogenase [NAD(P)+] activity; aldehyde dehydrogenase (NAD+) activity; benzaldehyde dehydrogenase (NAD+) activity; 3-chloroallyl aldehyde dehydrogenase activity; benzaldehyde dehydrogenase (NADP+) activity; aldehyde dehydrogenase (NADP+) activity; long-chain fatty aldehyde dehydrogenase (NAD+) activity; medium-chain fatty aldehyde dehydrogenase (NAD+) activity","GO:0006081; GO:0006629; GO:0030149; GO:0006979; GO:0006066; GO:0006068; GO:0034599; GO:0046185","GO:0005886; GO:0070062; GO:0031982; GO:0005737; GO:0035579; GO:0030667; GO:0005829","GO:0016491; GO:0016620; GO:0005515; GO:0004030; GO:0004029; GO:0018479; GO:0004028; GO:0018477; GO:0033721; GO:0050061; GO:0052814",FALSE,FALSE,FALSE,0,"Other"
"Q13393","PLD1",-0.834111064916929,0.315109863167469,10,120.530814841565,0.156201388087119,372,3.93,367,378,"weight_sensitive_candidate","PLD1","phospholipase D1 [Source:HGNC Symbol;Acc:HGNC:9067]","intracellular signal transduction; phosphatidic acid biosynthetic process; lipid metabolic process; lipid catabolic process; small GTPase-mediated signal transduction; chemotaxis; Ras protein signal transduction; phospholipid catabolic process; regulation of vesicle-mediated transport; positive regulation of translation; cellular response to nutrient; regulation of synaptic vesicle cycle","cytoplasm; membrane; endomembrane system; endoplasmic reticulum membrane; lysosome; perinuclear region of cytoplasm; apical plasma membrane; Golgi membrane; lysosomal membrane; plasma membrane; late endosome membrane; cytoplasmic vesicle; specific granule membrane; tertiary granule membrane; endocytic vesicle; Golgi apparatus; endosome; cholinergic synapse; organelle subcompartment","catalytic activity; phosphatidylinositol binding; phospholipase D activity; hydrolase activity; protein binding","GO:0035556; GO:0006654; GO:0006629; GO:0016042; GO:0007264; GO:0006935; GO:0007265; GO:0009395; GO:0060627; GO:0045727; GO:0031670; GO:0098693","GO:0005737; GO:0016020; GO:0012505; GO:0005789; GO:0005764; GO:0048471; GO:0016324; GO:0000139; GO:0005765; GO:0005886; GO:0031902; GO:0031410; GO:0035579; GO:0070821; GO:0030139; GO:0005794; GO:0005768; GO:0098981; GO:0031984","GO:0003824; GO:0035091; GO:0004630; GO:0016787; GO:0005515",FALSE,TRUE,TRUE,2,"MS,VT"
"P61956","SUMO2",1.26609296880921,0.0778668990654402,6,81.8625517788485,0.156030260434187,373,1.84,369,376,"weight_sensitive_candidate","SUMO2","small ubiquitin like modifier 2 [Source:HGNC Symbol;Acc:HGNC:11125]","protein sumoylation; positive regulation of proteasomal ubiquitin-dependent protein catabolic process","nucleus; PML body; nucleoplasm; nuclear body","protein binding; RNA binding; ubiquitin protein ligase binding; protein tag activity; ubiquitin-like protein ligase binding","GO:0016925; GO:0032436","GO:0005634; GO:0016605; GO:0005654; GO:0016604","GO:0005515; GO:0003723; GO:0031625; GO:0031386; GO:0044389",FALSE,FALSE,FALSE,0,"Other"
"P15927","RPA2",1.40304097046101,0.0629365717869513,8,3.08891007676934,0.1557016763143,374,1.32,370,376,"robust_candidate","RPA2","replication protein A2 [Source:HGNC Symbol;Acc:HGNC:10290]","DNA replication; DNA repair; DNA recombination; DNA damage response; base-excision repair; mismatch repair; nucleotide-excision repair; telomere maintenance; double-strand break repair via homologous recombination; DNA damage checkpoint signaling; regulation of double-strand break repair via homologous recombination; mitotic G1 DNA damage checkpoint signaling; protein localization to chromosome","nucleus; chromosome, telomeric region; PML body; nucleoplasm; nuclear body; site of double-strand break; DNA replication factor A complex; chromatin","DNA binding; enzyme binding; protein binding; ubiquitin protein ligase binding; protein phosphatase binding; damaged DNA binding; single-stranded DNA binding; G-rich strand telomeric DNA binding; telomeric DNA binding","GO:0006260; GO:0006281; GO:0006310; GO:0006974; GO:0006284; GO:0006298; GO:0006289; GO:0000723; GO:0000724; GO:0000077; GO:0010569; GO:0031571; GO:0034502","GO:0005634; GO:0000781; GO:0016605; GO:0005654; GO:0016604; GO:0035861; GO:0005662; GO:0000785","GO:0003677; GO:0019899; GO:0005515; GO:0031625; GO:0019903; GO:0003684; GO:0003697; GO:0098505; GO:0042162",FALSE,FALSE,FALSE,0,"Other"
"O95858","TSPAN15",2.43080540410038,0.00116698678566884,2,0,0.15493180667123,375,6.48,361,384,"weight_sensitive_candidate","TSPAN15","tetraspanin 15 [Source:HGNC Symbol;Acc:HGNC:23298]","protein maturation; protein localization to plasma membrane; negative regulation of Notch signaling pathway","membrane; plasma membrane; late endosome membrane; endoplasmic reticulum lumen; cell surface; tetraspanin-enriched microdomain","enzyme binding; protein binding","GO:0051604; GO:0072659; GO:0045746","GO:0016020; GO:0005886; GO:0031902; GO:0005788; GO:0009986; GO:0097197","GO:0019899; GO:0005515",FALSE,FALSE,FALSE,0,"Other"
"P42226","STAT6",-1.63441802726108,0.0358168414059296,6,2.06176958894557,0.153125616338017,376,1.23,373,379,"robust_candidate","STAT6","signal transducer and activator of transcription 6 [Source:HGNC Symbol;Acc:HGNC:11368]","regulation of DNA-templated transcription; signal transduction; regulation of transcription by RNA polymerase II; cytokine-mediated signaling pathway; interleukin-4-mediated signaling pathway; defense response; positive regulation of transcription by RNA polymerase II; regulation of cell population proliferation; cell surface receptor signaling pathway via JAK-STAT; growth hormone receptor signaling pathway via JAK-STAT; response to peptide hormone; gene expression","nucleus; cytoplasm; cytosol; nucleoplasm; chromatin; RNA polymerase II transcription regulator complex","DNA binding; DNA-binding transcription factor activity; protein binding; DNA-binding transcription factor activity, RNA polymerase II-specific; DNA-binding transcription activator activity, RNA polymerase II-specific; identical protein binding; RNA polymerase II cis-regulatory region sequence-specific DNA binding; RNA polymerase II transcription regulatory region sequence-specific DNA binding; protein phosphatase binding; transcription coactivator binding; sequence-specific DNA binding","GO:0006355; GO:0007165; GO:0006357; GO:0019221; GO:0035771; GO:0006952; GO:0045944; GO:0042127; GO:0007259; GO:0060397; GO:0043434; GO:0010467","GO:0005634; GO:0005737; GO:0005829; GO:0005654; GO:0000785; GO:0090575","GO:0003677; GO:0003700; GO:0005515; GO:0000981; GO:0001228; GO:0042802; GO:0000978; GO:0000977; GO:0019903; GO:0001223; GO:0043565",FALSE,FALSE,FALSE,0,"Other"
"P09661","SNRPA1",-0.258666084326535,0.810917466573572,24,8.17634317481942,0.152548213695106,377,6.54,360,389,"weight_sensitive_candidate","SNRPA1","small nuclear ribonucleoprotein polypeptide A' [Source:HGNC Symbol;Acc:HGNC:11152]","mRNA splicing, via spliceosome; RNA splicing; mRNA processing; spermatogenesis; spliceosomal snRNP assembly","nucleus; spliceosomal complex; nuclear speck; nucleoplasm; nuclear body; ribonucleoprotein complex; catalytic step 2 spliceosome; small nuclear ribonucleoprotein complex; U2-type precatalytic spliceosome; U2-type catalytic step 2 spliceosome; U2-type spliceosomal complex; U2 snRNP","protein binding; U2 snRNA binding; RNA binding","GO:0000398; GO:0008380; GO:0006397; GO:0007283; GO:0000387","GO:0005634; GO:0005681; GO:0016607; GO:0005654; GO:0016604; GO:1990904; GO:0071013; GO:0030532; GO:0071005; GO:0071007; GO:0005684; GO:0005686","GO:0005515; GO:0030620; GO:0003723",FALSE,FALSE,FALSE,0,"Other"
"Q9Y266","NUDC",1.64807842210834,0.0150115655174745,4,13.7405573593073,0.152090562968206,378,2.3,371,380,"weight_sensitive_candidate","NUDC","nuclear distribution C, dynein complex regulator [Source:HGNC Symbol;Acc:HGNC:8045]","cell division; protein folding; mitotic metaphase chromosome alignment; mitotic spindle organization; nuclear migration; response to peptide hormone","cytoplasm; nucleus; cytoskeleton; microtubule; spindle; midbody; mitotic spindle; nucleoplasm; cytosol","protein binding; cadherin binding","GO:0051301; GO:0006457; GO:0007080; GO:0007052; GO:0007097; GO:0043434","GO:0005737; GO:0005634; GO:0005856; GO:0005874; GO:0005819; GO:0030496; GO:0072686; GO:0005654; GO:0005829","GO:0005515; GO:0045296",FALSE,FALSE,FALSE,0,"Other"
"Q05209","PTPN12",1.4041047341005,0.049595607721352,8,0.531574857890647,0.150095024653134,379,1.46,375,382,"robust_candidate","PTPN12","protein tyrosine phosphatase non-receptor type 12 [Source:HGNC Symbol;Acc:HGNC:9645]","protein dephosphorylation; dephosphorylation; cellular response to epidermal growth factor stimulus; regulation of epidermal growth factor receptor signaling pathway; peptidyl-tyrosine dephosphorylation; tissue regeneration; negative regulation of ERBB signaling pathway","cytoplasm; focal adhesion; nucleus; nucleoplasm; cytosol","protein tyrosine phosphatase activity; non-membrane spanning protein tyrosine phosphatase activity; phosphoprotein phosphatase activity; hydrolase activity; SH3 domain binding; protein binding","GO:0006470; GO:0016311; GO:0071364; GO:0042058; GO:0035335; GO:0042246; GO:1901185","GO:0005737; GO:0005925; GO:0005634; GO:0005654; GO:0005829","GO:0004725; GO:0004726; GO:0004721; GO:0016787; GO:0017124; GO:0005515",FALSE,FALSE,FALSE,0,"Other"
"Q92542","NCSTN",-0.761504164452379,0.323091957744754,8,355.576253811069,0.14919117491312,380,2.86,372,384,"weight_sensitive_candidate","NCSTN","nicastrin [Source:HGNC Symbol;Acc:HGNC:17091]","protein processing; proteolysis; Notch signaling pathway; amyloid precursor protein catabolic process; amyloid precursor protein metabolic process; membrane protein ectodomain proteolysis; Notch receptor processing; amyloid-beta formation; cerebellum development; membrane protein intracellular domain proteolysis","membrane; plasma membrane; melanosome; endomembrane system; focal adhesion; cytoplasmic vesicle; lysosome; extracellular exosome; lysosomal membrane; protein-containing complex; cytoplasmic vesicle membrane; secretory vesicle; endosome membrane; gamma-secretase complex; endoplasmic reticulum membrane; azurophil granule membrane; Golgi membrane; endoplasmic reticulum; Golgi apparatus; presynaptic membrane; early endosome; synaptic vesicle; sarcolemma; synaptic membrane","protein binding; endopeptidase activator activity; protein-macromolecule adaptor activity; growth factor receptor binding; endopeptidase activity; aspartic endopeptidase activity, intramembrane cleaving; peptidase activity","GO:0016485; GO:0006508; GO:0007219; GO:0042987; GO:0042982; GO:0006509; GO:0007220; GO:0034205; GO:0021549; GO:0031293","GO:0016020; GO:0005886; GO:0042470; GO:0012505; GO:0005925; GO:0031410; GO:0005764; GO:0070062; GO:0005765; GO:0032991; GO:0030659; GO:0099503; GO:0010008; GO:0070765; GO:0005789; GO:0035577; GO:0000139; GO:0005783; GO:0005794; GO:0042734; GO:0005769; GO:0008021; GO:0042383; GO:0097060","GO:0005515; GO:0061133; GO:0030674; GO:0070851; GO:0004175; GO:0042500; GO:0008233",FALSE,FALSE,TRUE,1,"VT"
"Q9NZ09","UBAP1",0.246489322366376,0.825927659250794,30,0.125,0.14869688332534,381,7.13,363,394,"weight_sensitive_candidate","UBAP1","ubiquitin associated protein 1 [Source:HGNC Symbol;Acc:HGNC:12461]","ubiquitin-dependent protein catabolic process via the multivesicular body sorting pathway; protein transport; protein transport to vacuole involved in ubiquitin-dependent protein catabolic process via the multivesicular body sorting pathway; membrane fission","ESCRT I complex; cytosol; endosome; cytoplasm; endosome membrane","protein binding; ubiquitin binding","GO:0043162; GO:0015031; GO:0043328; GO:0090148","GO:0000813; GO:0005829; GO:0005768; GO:0005737; GO:0010008","GO:0005515; GO:0043130",FALSE,FALSE,TRUE,1,"VT"
"Q13158","FADD",-0.89651398273114,0.235212417420388,8,79.7834699912638,0.146295528949659,382,2.19,378,387,"weight_sensitive_candidate","FADD","Fas associated via death domain [Source:HGNC Symbol;Acc:HGNC:3573]","signal transduction; regulation of apoptotic process; apoptotic process; defense response to virus; positive regulation of cytokine production; positive regulation of apoptotic process; immune system process; innate immune response; positive regulation of canonical NF-kappaB signal transduction; positive regulation of type I interferon-mediated signaling pathway; extrinsic apoptotic signaling pathway; extrinsic apoptotic signaling pathway via death domain receptors; defense response; response to other organism; apoptotic signaling pathway; positive regulation of activated T cell proliferation; positive regulation of immune response; positive regulation of type II interferon production; thymus development; cellular response to mechanical stimulus; positive regulation of transcription by RNA polymerase II; positive regulation of interleukin-8 production; positive regulation of tumor necrosis factor production; T cell homeostasis; positive regulation of innate immune response; positive regulation of T cell mediated cytotoxicity; death-inducing signaling complex assembly; spleen development; lymph node development; necroptotic signaling pathway; positive regulation of macrophage differentiation; T cell differentiation in thymus; positive regulation of proteolysis; kidney development; positive regulation of adaptive immune response; response to cocaine; behavioral response to cocaine; regulation of necroptotic process; negative regulation of activation-induced cell death of T cells","cytoplasm; plasma membrane; cytosol; nucleoplasm; CD95 death-inducing signaling complex; cytoplasmic side of plasma membrane; death-inducing signaling complex; ripoptosome; cell body; protein-containing complex","protein binding; identical protein binding; protease binding; protein-macromolecule adaptor activity; caspase binding; death receptor binding; tumor necrosis factor receptor superfamily binding; tumor necrosis factor receptor binding; receptor serine/threonine kinase binding; signaling adaptor activity; death effector domain binding; protein-containing complex binding","GO:0007165; GO:0042981; GO:0006915; GO:0051607; GO:0001819; GO:0043065; GO:0002376; GO:0045087; GO:0043123; GO:0060340; GO:0097191; GO:0008625; GO:0006952; GO:0051707; GO:0097190; GO:0042104; GO:0050778; GO:0032729; GO:0048538; GO:0071260; GO:0045944; GO:0032757; GO:0032760; GO:0043029; GO:0045089; GO:0001916; GO:0071550; GO:0048536; GO:0048535; GO:0097527; GO:0045651; GO:0033077; GO:0045862; GO:0001822; GO:0002821; GO:0042220; GO:0048148; GO:0060544; GO:0070236","GO:0005737; GO:0005886; GO:0005829; GO:0005654; GO:0031265; GO:0009898; GO:0031264; GO:0097342; GO:0044297; GO:0032991","GO:0005515; GO:0042802; GO:0002020; GO:0030674; GO:0089720; GO:0005123; GO:0032813; GO:0005164; GO:0033612; GO:0035591; GO:0035877; GO:0044877",FALSE,FALSE,FALSE,0,"Other"
"P16949","STMN1",2.31028131291617,0.00191109952266993,2,0,0.146101900999699,383,4.25,372,390,"weight_sensitive_candidate","STMN1","stathmin 1 [Source:HGNC Symbol;Acc:HGNC:6510]","regulation of microtubule polymerization or depolymerization; nervous system development; cell differentiation; response to virus; microtubule depolymerization; neuron projection development; signal transduction; intracellular signal transduction; mitotic cytokinesis; mitotic spindle organization; hepatocyte growth factor receptor signaling pathway","cytoskeleton; microtubule; extracellular exosome; cytoplasm; cytosol; neuron projection; membrane","protein binding; tubulin binding","GO:0031110; GO:0007399; GO:0030154; GO:0009615; GO:0007019; GO:0031175; GO:0007165; GO:0035556; GO:0000281; GO:0007052; GO:0048012","GO:0005856; GO:0005874; GO:0070062; GO:0005737; GO:0005829; GO:0043005; GO:0016020","GO:0005515; GO:0015631",FALSE,FALSE,FALSE,0,"Other"
"Q9NV96","TMEM30A",-1.30050533607576,0.0709636665340838,8,1,0.144970284112802,384,1.44,381,387,"robust_candidate","TMEM30A","transmembrane protein 30A [Source:HGNC Symbol;Acc:HGNC:16667]","lipid transport; phospholipid translocation; endosomal transport; xenobiotic transmembrane transport; positive regulation of phospholipid translocation; protein localization to endosome; aminophospholipid transport; positive regulation of neuron projection development","membrane; plasma membrane; Golgi apparatus; cytoplasmic vesicle; endoplasmic reticulum; apical plasma membrane; transport vesicle membrane; early endosome membrane; specific granule membrane; azurophil granule membrane; late endosome membrane","protein binding; structural molecule activity","GO:0006869; GO:0045332; GO:0016197; GO:0006855; GO:0061092; GO:0036010; GO:0015917; GO:0010976","GO:0016020; GO:0005886; GO:0005794; GO:0031410; GO:0005783; GO:0016324; GO:0030658; GO:0031901; GO:0035579; GO:0035577; GO:0031902","GO:0005515; GO:0005198",FALSE,FALSE,TRUE,1,"VT"
"P09972","ALDOC",-0.891387182030066,0.2504069015954,6,443,0.143744158305817,385,2.53,381,391,"weight_sensitive_candidate","ALDOC","aldolase, fructose-bisphosphate C [Source:HGNC Symbol;Acc:HGNC:418]","glycolytic process; fructose 1,6-bisphosphate metabolic process; epithelial cell differentiation; fructose metabolic process; gluconeogenesis","extracellular exosome; extracellular region; cytosol; secretory granule lumen; ficolin-1-rich granule lumen; tertiary granule lumen; cytoskeleton","fructose-bisphosphate aldolase activity; lyase activity; protein binding; cytoskeletal protein binding","GO:0006096; GO:0030388; GO:0030855; GO:0006000; GO:0006094","GO:0070062; GO:0005576; GO:0005829; GO:0034774; GO:1904813; GO:1904724; GO:0005856","GO:0004332; GO:0016829; GO:0005515; GO:0008092",FALSE,FALSE,FALSE,0,"Other"
"P62140","PPP1CB",-1.78270432881297,0.00959048365279103,4,0,0.141082714827655,386,1.79,382,390,"weight_sensitive_candidate","PPP1CB","protein phosphatase 1 catalytic subunit beta [Source:HGNC Symbol;Acc:HGNC:9282]","rhythmic process; cell division; regulation of cell adhesion; glycogen metabolic process; regulation of circadian rhythm; circadian regulation of gene expression; protein dephosphorylation; positive regulation of Ras protein signal transduction; entrainment of circadian clock by photoperiod; MAPK cascade","chromosome, telomeric region; nucleus; cytoplasm; cytosol; nucleoplasm; focal adhesion; extracellular exosome; nucleolus; PTW/PP1 phosphatase complex","hydrolase activity; phosphoprotein phosphatase activity; protein serine/threonine phosphatase activity; metal ion binding; protein binding; protein kinase binding; phosphatase activity; myosin-light-chain-phosphatase activity; myosin phosphatase activity","GO:0048511; GO:0051301; GO:0030155; GO:0005977; GO:0042752; GO:0032922; GO:0006470; GO:0046579; GO:0043153; GO:0000165","GO:0000781; GO:0005634; GO:0005737; GO:0005829; GO:0005654; GO:0005925; GO:0070062; GO:0005730; GO:0072357","GO:0016787; GO:0004721; GO:0004722; GO:0046872; GO:0005515; GO:0019901; GO:0016791; GO:0050115; GO:0017018",FALSE,TRUE,FALSE,1,"MS"
"Q9NR12","PDLIM7",2.14798573993023,0.00160247338357857,2,0,0.140194919616026,387,4.38,378,394,"weight_sensitive_candidate","PDLIM7","PDZ and LIM domain 7 [Source:HGNC Symbol;Acc:HGNC:22958]","cell differentiation; ossification; actin cytoskeleton organization; heart development; muscle structure development; receptor-mediated endocytosis","cytoplasm; cytoskeleton; focal adhesion; actin cytoskeleton; filamentous actin; cytosol; stress fiber; adherens junction; Z disc; ruffle","protein binding; metal ion binding; actin binding","GO:0030154; GO:0001503; GO:0030036; GO:0007507; GO:0061061; GO:0006898","GO:0005737; GO:0005856; GO:0005925; GO:0015629; GO:0031941; GO:0005829; GO:0001725; GO:0005912; GO:0030018; GO:0001726","GO:0005515; GO:0046872; GO:0003779",FALSE,TRUE,TRUE,2,"MS,VT"
"Q9Y4D7","PLXND1",1.79988967217524,0.0141542169947681,4,0,0.13906958751785,388,1.43,385,391,"robust_candidate","PLXND1","plexin D1 [Source:HGNC Symbol;Acc:HGNC:9107]","semaphorin-plexin signaling pathway; angiogenesis; regulation of cell migration; regulation of cell shape; endothelial cell migration; outflow tract morphogenesis; negative regulation of cell adhesion; synapse assembly; positive regulation of axonogenesis; regulation of angiogenesis; synaptic target recognition; negative regulation of neuron apoptotic process","plasma membrane; lamellipodium membrane; lamellipodium; plasma membrane bounded cell projection; semaphorin receptor complex; glutamatergic synapse; axon; cell body","protein binding; semaphorin receptor activity; protein domain specific binding","GO:0071526; GO:0001525; GO:0030334; GO:0008360; GO:0043542; GO:0003151; GO:0007162; GO:0007416; GO:0050772; GO:0045765; GO:0008039; GO:0043524","GO:0005886; GO:0031258; GO:0030027; GO:0120025; GO:0002116; GO:0098978; GO:0030424; GO:0044297","GO:0005515; GO:0017154; GO:0019904",FALSE,TRUE,FALSE,1,"MS"
"Q14512","FGFBP1",2.27338510319633,0.00419521815399826,2,0,0.138875686141574,389,4.15,379,395,"weight_sensitive_candidate","FGFBP1","fibroblast growth factor binding protein 1 [Source:HGNC Symbol;Acc:HGNC:19695]","positive regulation of cell migration involved in sprouting angiogenesis; cell-cell signaling; signal transduction; negative regulation of cell population proliferation","extracellular region; plasma membrane; extracellular space; cell surface","protein binding; growth factor binding; heparin binding; fibroblast growth factor binding","GO:0090050; GO:0007267; GO:0007165; GO:0008285","GO:0005576; GO:0005886; GO:0005615; GO:0009986","GO:0005515; GO:0019838; GO:0008201; GO:0017134",FALSE,TRUE,FALSE,1,"MS"
"Q9NWQ8","PAG1",1.74530057109121,0.0123987332717082,4,0,0.137603750754124,390,1.28,388,392,"robust_candidate","PAG1","phosphoprotein membrane anchor with glycosphingolipid microdomains 1 [Source:HGNC Symbol;Acc:HGNC:30043]","intracellular signal transduction; negative regulation of T cell activation; immune system process; adaptive immune response; signal transduction; regulation of T cell activation","plasma membrane; membrane raft","protein binding; SH2 domain binding; signaling adaptor activity","GO:0035556; GO:0050868; GO:0002376; GO:0002250; GO:0007165; GO:0050863","GO:0005886; GO:0045121","GO:0005515; GO:0042169; GO:0035591",FALSE,FALSE,FALSE,0,"Other"
"P09769","FGR",-1.27809548878021,0.0928651145292924,8,0,0.13687840547183,392,1.73,387,393,"weight_sensitive_candidate","FGR","FGR proto-oncogene, Src family tyrosine kinase [Source:HGNC Symbol;Acc:HGNC:3697]","protein phosphorylation; positive regulation of cell migration; positive regulation of cytokine production; immune system process; innate immune response; regulation of cell shape; integrin-mediated signaling pathway; Fc-gamma receptor signaling pathway involved in phagocytosis; positive regulation of phosphatidylinositol 3-kinase/protein kinase B signal transduction; cell differentiation; regulation of innate immune response; immune response-regulating cell surface receptor signaling pathway; negative regulation of inflammatory response to antigenic stimulus; protein autophosphorylation; response to virus; regulation of protein kinase activity; cell surface receptor protein tyrosine kinase signaling pathway; regulation of phagocytosis; peptidyl-tyrosine phosphorylation; negative regulation of natural killer cell activation; positive regulation of mast cell degranulation","plasma membrane; cytosol; cytoskeleton; ruffle membrane; mitochondrial inner membrane; extracellular exosome; actin cytoskeleton; extracellular region; mitochondrial intermembrane space; secretory granule lumen","ATP binding; protein binding; protein kinase activity; protein tyrosine kinase activity; nucleotide binding; transferase activity; kinase activity; protein kinase binding; non-membrane spanning protein tyrosine kinase activity; phosphotyrosine residue binding; immunoglobulin receptor binding; signaling receptor binding; Fc-gamma receptor I complex binding","GO:0006468; GO:0030335; GO:0001819; GO:0002376; GO:0045087; GO:0008360; GO:0007229; GO:0038096; GO:0051897; GO:0030154; GO:0045088; GO:0002768; GO:0002862; GO:0046777; GO:0009615; GO:0045859; GO:0007169; GO:0050764; GO:0018108; GO:0032815; GO:0043306","GO:0005886; GO:0005829; GO:0005856; GO:0032587; GO:0005743; GO:0070062; GO:0015629; GO:0005576; GO:0005758; GO:0034774","GO:0005524; GO:0005515; GO:0004672; GO:0004713; GO:0000166; GO:0016740; GO:0016301; GO:0019901; GO:0004715; GO:0001784; GO:0034987; GO:0005102; GO:0034988",FALSE,TRUE,TRUE,2,"MS,VT"
"O75787","ATP6AP2",0.371755276614319,0.675805110417838,20,0,0.13209287530311,393,4.58,384,406,"weight_sensitive_candidate","ATP6AP2","ATPase H+ transporting accessory protein 2 [Source:HGNC Symbol;Acc:HGNC:18305]","positive regulation of Wnt signaling pathway; lysosomal lumen acidification; positive regulation of canonical Wnt signaling pathway; proton transmembrane transport; angiotensin maturation; vacuolar acidification; central nervous system maturation; rostrocaudal neural tube patterning; positive regulation of transforming growth factor beta1 production; regulation of MAPK cascade; eye pigmentation; endosomal lumen acidification; intracellular pH reduction; head morphogenesis; Golgi lumen acidification; synaptic vesicle lumen acidification","membrane; cytoplasm; endosome membrane; endoplasmic reticulum membrane; cytoplasmic vesicle; lysosome; extracellular exosome; axon; clathrin-coated vesicle membrane; synaptic vesicle membrane; lysosomal membrane; plasma membrane; bounding membrane of organelle; autophagosome membrane; dendritic spine membrane; tertiary granule membrane; external side of plasma membrane; Golgi membrane; ficolin-1-rich granule membrane; vacuolar proton-transporting V-type ATPase, V0 domain; vacuolar proton-transporting V-type ATPase complex","signaling receptor activity; protein binding","GO:0030177; GO:0007042; GO:0090263; GO:1902600; GO:0002003; GO:0007035; GO:0021626; GO:0021903; GO:0032914; GO:0043408; GO:0048069; GO:0048388; GO:0051452; GO:0060323; GO:0061795; GO:0097401","GO:0016020; GO:0005737; GO:0010008; GO:0005789; GO:0031410; GO:0005764; GO:0070062; GO:0030424; GO:0030665; GO:0030672; GO:0005765; GO:0005886; GO:0098588; GO:0000421; GO:0032591; GO:0070821; GO:0009897; GO:0000139; GO:0101003; GO:0000220; GO:0016471","GO:0038023; GO:0005515",FALSE,TRUE,TRUE,2,"MS,VT"
"P24821","TNC",0.600229227648036,0.495948616739143,16,0,0.132072901078225,394,3.13,386,401,"weight_sensitive_candidate","TNC","tenascin C [Source:HGNC Symbol;Acc:HGNC:5318]","cell adhesion; osteoblast differentiation; response to wounding; regulation of cell adhesion; regulation of cell migration; regulation of cell growth; morphogenesis of an epithelium; regulation of inflammatory response","extracellular space; membrane; focal adhesion; extracellular matrix; extracellular region; endoplasmic reticulum lumen; perisynaptic extracellular matrix; basement membrane; interstitial matrix","protein binding; integrin binding; identical protein binding; extracellular matrix structural constituent; syndecan binding","GO:0007155; GO:0001649; GO:0009611; GO:0030155; GO:0030334; GO:0001558; GO:0002009; GO:0050727","GO:0005615; GO:0016020; GO:0005925; GO:0031012; GO:0005576; GO:0005788; GO:0098966; GO:0005604; GO:0005614","GO:0005515; GO:0005178; GO:0042802; GO:0005201; GO:0045545",TRUE,TRUE,FALSE,2,"ECM,MS"
"P10620","MGST1",-1.00703810026669,0.227529364006009,4,443,0.129936992808514,395,1.47,390,397,"robust_candidate","MGST1","microsomal glutathione S-transferase 1 [Source:HGNC Symbol;Acc:HGNC:7061]","cellular oxidant detoxification; glutathione transport; cellular response to lipid hydroperoxide","membrane; mitochondrial outer membrane; mitochondrion; endoplasmic reticulum membrane; endoplasmic reticulum; peroxisomal membrane; plasma membrane; azurophil granule membrane","transferase activity; protein binding; glutathione transferase activity; glutathione peroxidase activity","GO:0098869; GO:0034635; GO:0071449","GO:0016020; GO:0005741; GO:0005739; GO:0005789; GO:0005783; GO:0005778; GO:0005886; GO:0035577","GO:0016740; GO:0005515; GO:0004364; GO:0004602",FALSE,FALSE,TRUE,1,"VT"
"P07741","APRT",-2.00005402136427,0.00443142172624798,2,0,0.126425389904294,396,1.9,391,398,"weight_sensitive_candidate","APRT","adenine phosphoribosyltransferase [Source:HGNC Symbol;Acc:HGNC:626]","adenine salvage; purine ribonucleoside salvage; AMP salvage; GMP salvage; IMP salvage","cytoplasm; cytosol; extracellular exosome; extracellular region; secretory granule lumen","adenine phosphoribosyltransferase activity; transferase activity; protein binding; glycosyltransferase activity; heterocyclic compound binding; adenine binding; AMP binding","GO:0006168; GO:0006166; GO:0044209; GO:0032263; GO:0032264","GO:0005737; GO:0005829; GO:0070062; GO:0005576; GO:0034774","GO:0003999; GO:0016740; GO:0005515; GO:0016757; GO:1901363; GO:0002055; GO:0016208",FALSE,FALSE,FALSE,0,"Other"
"P35573","AGL",-1.12787598960096,0.175312725010702,6,4.125,0.123323192469861,397,1.2,396,400,"robust_candidate","AGL","amylo-alpha-1,6-glucosidase and 4-alpha-glucanotransferase [Source:HGNC Symbol;Acc:HGNC:321]","carbohydrate metabolic process; glycogen biosynthetic process; glycogen catabolic process; response to nutrient; response to hormone; response to glucocorticoid","cytoplasm; cytosol; nucleoplasm; nuclear body; extracellular region; nucleus; inclusion body; sarcoplasmic reticulum; secretory granule lumen; ficolin-1-rich granule lumen; isoamylase complex","4-alpha-glucanotransferase activity; amylo-alpha-1,6-glucosidase activity; hydrolase activity; transferase activity; catalytic activity; hydrolase activity, acting on glycosyl bonds; glycosyltransferase activity; protein binding; carbohydrate binding; polysaccharide binding; polyubiquitin modification-dependent protein binding","GO:0005975; GO:0005978; GO:0005980; GO:0007584; GO:0009725; GO:0051384","GO:0005737; GO:0005829; GO:0005654; GO:0016604; GO:0005576; GO:0005634; GO:0016234; GO:0016529; GO:0034774; GO:1904813; GO:0043033","GO:0004134; GO:0004135; GO:0016787; GO:0016740; GO:0003824; GO:0016798; GO:0016757; GO:0005515; GO:0030246; GO:0030247; GO:0031593",FALSE,FALSE,FALSE,0,"Other"
"Q14738","PPP2R5D",1.23477886185769,0.0935337083457485,6,0,0.12028242071425,398,1.86,397,404,"weight_sensitive_candidate","PPP2R5D","protein phosphatase 2 regulatory subunit B'delta [Source:HGNC Symbol;Acc:HGNC:9312]","signal transduction; nervous system development; meiotic sister chromatid cohesion","protein phosphatase type 2A complex; nucleus; cytoplasm; cytosol; nucleoplasm","protein phosphatase regulator activity; protein binding; protein phosphatase activator activity","GO:0007165; GO:0007399; GO:0051177","GO:0000159; GO:0005634; GO:0005737; GO:0005829; GO:0005654","GO:0019888; GO:0005515; GO:0072542",FALSE,FALSE,FALSE,0,"Other"
"P17096","HMGA1",1.92404798651723,0.00659096990380178,2,0,0.120245241983741,399,1.31,395,400,"robust_candidate","HMGA1","high mobility group AT-hook 1 [Source:HGNC Symbol;Acc:HGNC:5010]","regulation of DNA-templated transcription; negative regulation of cell population proliferation; regulation of gene expression; positive regulation of macromolecule biosynthetic process; base-excision repair; positive regulation of DNA-templated transcription; negative regulation of DNA-templated transcription; nucleosome disassembly; intracellular signal transduction; positive regulation of transcription by RNA polymerase II; oncogene-induced cell senescence","nucleus; chromatin; nuclear membrane; nucleoplasm; focal adhesion; chromosome; transcription regulator complex; cytosol; RNA polymerase II transcription regulator complex; senescence-associated heterochromatin focus","DNA binding; enzyme binding; protein binding; transcription coactivator activity; DNA-(apurinic or apyrimidinic site) endonuclease activity; transcription coregulator activity; nuclear retinoic acid receptor binding; RNA polymerase II cis-regulatory region sequence-specific DNA binding; transcription coregulator binding; chromatin binding; molecular function activator activity; molecular adaptor activity; peroxisome proliferator activated receptor binding; nuclear retinoid X receptor binding; RNA binding; DNA binding, bending; cis-regulatory region sequence-specific DNA binding; minor groove of adenine-thymine-rich DNA binding; structural constituent of chromatin","GO:0006355; GO:0008285; GO:0010468; GO:0010557; GO:0006284; GO:0045893; GO:0045892; GO:0006337; GO:0035556; GO:0045944; GO:0090402","GO:0005634; GO:0000785; GO:0031965; GO:0005654; GO:0005925; GO:0005694; GO:0005667; GO:0005829; GO:0090575; GO:0035985","GO:0003677; GO:0019899; GO:0005515; GO:0003713; GO:0003906; GO:0003712; GO:0042974; GO:0000978; GO:0001221; GO:0003682; GO:0140677; GO:0060090; GO:0042975; GO:0046965; GO:0003723; GO:0008301; GO:0000987; GO:0003680; GO:0030527",FALSE,FALSE,FALSE,0,"Other"
"Q8NG11","TSPAN14",-1.88162573864447,0.00586011639792838,2,0,0.119210250808132,400,1.36,396,401,"robust_candidate","TSPAN14","tetraspanin 14 [Source:HGNC Symbol;Acc:HGNC:23303]","protein maturation; protein localization to plasma membrane; positive regulation of Notch signaling pathway","membrane; plasma membrane; specific granule membrane; tertiary granule membrane; endoplasmic reticulum lumen; cell surface; tetraspanin-enriched microdomain","enzyme binding; protein binding","GO:0051604; GO:0072659; GO:0045747","GO:0016020; GO:0005886; GO:0035579; GO:0070821; GO:0005788; GO:0009986; GO:0097197","GO:0019899; GO:0005515",FALSE,FALSE,FALSE,0,"Other"
"Q9Y2G3","ATP11B",-1.50178375662309,0.0493839487715105,4,0,0.117018880894189,401,1.25,399,403,"robust_candidate","ATP11B","ATPase phospholipid transporting 11B (putative) [Source:HGNC Symbol;Acc:HGNC:13553]","phospholipid transport; monoatomic ion transport; lipid transport; phospholipid translocation; monoatomic ion transmembrane transport; aminophospholipid transport","membrane; Golgi apparatus; endomembrane system; endoplasmic reticulum; nuclear inner membrane; recycling endosome membrane; early endosome; plasma membrane; recycling endosome; early endosome membrane; azurophil granule membrane","ATP binding; magnesium ion binding; nucleotide binding; ATP hydrolysis activity; transporter activity; ATPase-coupled intramembrane lipid transporter activity; metal ion binding; protein binding; phosphatidylserine floppase activity; monoatomic ion transmembrane transporter activity","GO:0015914; GO:0006811; GO:0006869; GO:0045332; GO:0034220; GO:0015917","GO:0016020; GO:0005794; GO:0012505; GO:0005783; GO:0005637; GO:0055038; GO:0005769; GO:0005886; GO:0055037; GO:0031901; GO:0035577","GO:0005524; GO:0000287; GO:0000166; GO:0016887; GO:0005215; GO:0140326; GO:0046872; GO:0005515; GO:0090556; GO:0015075",FALSE,FALSE,TRUE,1,"VT"
"Q13867","BLMH",1.9398618630356,0.0120950792412844,2,0,0.116620456869582,402,1.39,397,403,"robust_candidate","BLMH","bleomycin hydrolase [Source:HGNC Symbol;Acc:HGNC:1059]","proteolysis; response to toxic substance; protein polyubiquitination; homocysteine catabolic process","nucleus; cytoplasm; cytosol; extracellular exosome","cysteine-type aminopeptidase activity; hydrolase activity; protein binding; cysteine-type endopeptidase activity; peptidase activity; cysteine-type peptidase activity; identical protein binding; aminopeptidase activity; carboxypeptidase activity","GO:0006508; GO:0009636; GO:0000209; GO:0043418","GO:0005634; GO:0005737; GO:0005829; GO:0070062","GO:0070005; GO:0016787; GO:0005515; GO:0004197; GO:0008233; GO:0008234; GO:0042802; GO:0004177; GO:0004180",FALSE,FALSE,FALSE,0,"Other"
"P31949","S100A11",-1.86370859980168,0.00772188020807476,2,0,0.116455356519814,403,1.28,398,403,"robust_candidate","S100A11","S100 calcium binding protein A11 [Source:HGNC Symbol;Acc:HGNC:10488]","regulation of cell population proliferation; signal transduction; cell-cell adhesion; negative regulation of cell population proliferation; negative regulation of DNA replication; positive regulation of smooth muscle cell migration","nucleus; cytoplasm; nuclear speck; extracellular space; cytosol; nucleoplasm; extracellular exosome; extracellular region; ruffle; adherens junction; secretory granule lumen","calcium ion binding; calcium-dependent protein binding; metal ion binding; protein binding; protein homodimerization activity; S100 protein binding; cadherin binding involved in cell-cell adhesion","GO:0042127; GO:0007165; GO:0098609; GO:0008285; GO:0008156; GO:0014911","GO:0005634; GO:0005737; GO:0016607; GO:0005615; GO:0005829; GO:0005654; GO:0070062; GO:0005576; GO:0001726; GO:0005912; GO:0034774","GO:0005509; GO:0048306; GO:0046872; GO:0005515; GO:0042803; GO:0044548; GO:0098641",FALSE,TRUE,FALSE,1,"MS"
"P04040","CAT",1.88445610366126,0.0136907676905511,2,0,0.113293432847804,404,0.89,400,404,"robust_candidate","CAT","catalase [Source:HGNC Symbol;Acc:HGNC:1516]","response to oxidative stress; hydrogen peroxide catabolic process; negative regulation of apoptotic process; cellular oxidant detoxification; positive regulation of cell division; osteoblast differentiation; response to reactive oxygen species; ureteric bud development; response to hypoxia; kidney development; response to xenobiotic stimulus; response to UV; response to toxic substance; response to light intensity; response to ozone; response to lead ion; response to activity; response to inactivity; response to estradiol; response to insulin; response to vitamin A; response to vitamin E; response to L-ascorbic acid; response to ethanol; response to cadmium ion; response to hyperoxia; response to fatty acid; cellular response to growth factor stimulus; response to amitrole; response to phenylpropanoid; UV protection; response to hydrogen peroxide; cellular detoxification of hydrogen peroxide","membrane; focal adhesion; peroxisome; extracellular exosome; peroxisomal membrane; cytoplasm; peroxisomal matrix; extracellular region; protein-containing complex; mitochondrion; extracellular space; cytosol; secretory granule lumen; ficolin-1-rich granule lumen","heme binding; catalase activity; enzyme binding; metal ion binding; oxidoreductase activity; identical protein binding; protein homodimerization activity; peroxidase activity; antioxidant activity; aminoacylase activity; oxidoreductase activity, acting on peroxide as acceptor; NADP binding","GO:0006979; GO:0042744; GO:0043066; GO:0098869; GO:0051781; GO:0001649; GO:0000302; GO:0001657; GO:0001666; GO:0001822; GO:0009410; GO:0009411; GO:0009636; GO:0009642; GO:0010193; GO:0010288; GO:0014823; GO:0014854; GO:0032355; GO:0032868; GO:0033189; GO:0033197; GO:0033591; GO:0045471; GO:0046686; GO:0055093; GO:0070542; GO:0071363; GO:0072722; GO:0080184; GO:0009650; GO:0042542; GO:0061692","GO:0016020; GO:0005925; GO:0005777; GO:0070062; GO:0005778; GO:0005737; GO:0005782; GO:0005576; GO:0032991; GO:0005739; GO:0005615; GO:0005829; GO:0034774; GO:1904813","GO:0020037; GO:0004096; GO:0019899; GO:0046872; GO:0016491; GO:0042802; GO:0042803; GO:0004601; GO:0016209; GO:0004046; GO:0016684; GO:0050661",FALSE,FALSE,FALSE,0,"Other"
"P48426","PIP4K2A",1.80679746614514,0.0121057690974695,2,0,0.110742913246764,405,0.64,403,406,"robust_candidate","PIP4K2A","phosphatidylinositol-5-phosphate 4-kinase type 2 alpha [Source:HGNC Symbol;Acc:HGNC:8997]","phosphatidylinositol metabolic process; lipid metabolic process; regulation of autophagy; phosphatidylinositol phosphate biosynthetic process; negative regulation of insulin receptor signaling pathway; vesicle-mediated cholesterol transport; autophagosome-lysosome fusion; megakaryocyte development","cytosol; nucleus; cytoplasm; plasma membrane; autophagosome; lysosome; photoreceptor outer segment; photoreceptor inner segment; nucleoplasm; cell body; neuron projection terminus","phosphatidylinositol kinase activity; nucleotide binding; transferase activity; ATP binding; kinase activity; protein binding; protein homodimerization activity; 1-phosphatidylinositol-5-phosphate 4-kinase activity; 1-phosphatidylinositol-4-phosphate 5-kinase activity","GO:0046488; GO:0006629; GO:0010506; GO:0046854; GO:0046627; GO:0090119; GO:0061909; GO:0035855","GO:0005829; GO:0005634; GO:0005737; GO:0005886; GO:0005776; GO:0005764; GO:0001750; GO:0001917; GO:0005654; GO:0044297; GO:0044306","GO:0052742; GO:0000166; GO:0016740; GO:0005524; GO:0016301; GO:0005515; GO:0042803; GO:0016309; GO:0016308",FALSE,FALSE,TRUE,1,"VT"
"Q02388","COL7A1",1.91790167956124,0.0255951216605363,2,0,0.110314315032143,406,0.44,405,406,"robust_candidate","COL7A1","collagen type VII alpha 1 chain [Source:HGNC Symbol;Acc:HGNC:2214]","cell adhesion; extracellular matrix organization; epidermis development; endodermal cell differentiation; collagen fibril organization","extracellular region; extracellular space; endoplasmic reticulum lumen; basement membrane; extracellular matrix; endoplasmic reticulum-Golgi intermediate compartment membrane; COPII-coated ER to Golgi transport vesicle; collagen type VII trimer","protein binding; serine-type endopeptidase inhibitor activity; peptidase inhibitor activity; extracellular matrix structural constituent conferring tensile strength","GO:0007155; GO:0030198; GO:0008544; GO:0035987; GO:0030199","GO:0005576; GO:0005615; GO:0005788; GO:0005604; GO:0031012; GO:0033116; GO:0030134; GO:0005590","GO:0005515; GO:0004867; GO:0030414; GO:0030020",TRUE,FALSE,FALSE,1,"ECM"
"P80723","BASP1",1.74145546762941,0.0134349632738644,2,0,0.107118050630176,407,0.22,407,408,"robust_candidate","BASP1","brain abundant membrane attached signal protein 1 [Source:HGNC Symbol;Acc:HGNC:957]","negative regulation of DNA-templated transcription; gonad development; substantia nigra development; podocyte differentiation; diaphragm development; thorax and anterior abdomen determination; mesenchymal to epithelial transition; positive regulation of heart growth; metanephric mesenchyme development; protein homooligomerization; supramolecular fiber organization","nucleus; cytoplasm; nuclear speck; plasma membrane; PML body; extracellular exosome; growth cone; vesicle; COP9 signalosome; nuclear matrix; cytoskeleton; chromatin","protein binding; transcription corepressor activity; transcription cis-regulatory region binding; protein domain specific binding; calmodulin binding","GO:0045892; GO:0008406; GO:0021762; GO:0072112; GO:0060539; GO:0007356; GO:0060231; GO:0060421; GO:0072075; GO:0051260; GO:0097435","GO:0005634; GO:0005737; GO:0016607; GO:0005886; GO:0016605; GO:0070062; GO:0030426; GO:0031982; GO:0008180; GO:0016363; GO:0005856; GO:0000785","GO:0005515; GO:0003714; GO:0000976; GO:0019904; GO:0005516",FALSE,FALSE,FALSE,0,"Other"
"Q9HBH0","RHOF",-1.71394822444302,0.0127768507342314,2,0,0.106261943845993,408,0.22,408,409,"robust_candidate","RHOF","ras homolog family member F, filopodia associated [Source:HGNC Symbol;Acc:HGNC:15703]","small GTPase-mediated signal transduction; actin filament organization; signal transduction; regulation of actin cytoskeleton organization; regulation of small GTPase mediated signal transduction; cell migration","plasma membrane; cytoskeleton; extracellular exosome; cytosol; secretory granule membrane","GTPase activity; GTP binding; nucleotide binding; protein kinase binding; guanyl-nucleotide exchange factor activity","GO:0007264; GO:0007015; GO:0007165; GO:0032956; GO:0051056; GO:0016477","GO:0005886; GO:0005856; GO:0070062; GO:0005829; GO:0030667","GO:0003924; GO:0005525; GO:0000166; GO:0019901; GO:0005085",FALSE,TRUE,FALSE,1,"MS"
"P43490","NAMPT",1.2684372039502,0.0924871785444144,4,0,0.102255423896296,409,0.56,407,410,"robust_candidate","NAMPT","nicotinamide phosphoribosyltransferase [Source:HGNC Symbol;Acc:HGNC:30092]","NAD+ biosynthetic process; inflammatory response; positive regulation of gene expression; positive regulation of ERK1 and ERK2 cascade; rhythmic process; pyridine nucleotide biosynthetic process; circadian regulation of gene expression; positive regulation of transcription by RNA polymerase II; signal transduction; cell-cell signaling; positive regulation of canonical NF-kappaB signal transduction; positive regulation of cell population proliferation; NADP+ biosynthetic process; circadian rhythm; NAD+ biosynthetic process via the salvage pathway","nucleus; cytoplasm; extracellular region; extracellular space; extracellular exosome; cytosol; mitochondrial matrix","transferase activity; protein binding; glycosyltransferase activity; identical protein binding; cytokine activity; nicotinamide phosphoribosyltransferase activity","GO:0009435; GO:0006954; GO:0010628; GO:0070374; GO:0048511; GO:0019363; GO:0032922; GO:0045944; GO:0007165; GO:0007267; GO:0043123; GO:0008284; GO:0006741; GO:0007623; GO:0034355","GO:0005634; GO:0005737; GO:0005576; GO:0005615; GO:0070062; GO:0005829; GO:0005759","GO:0016740; GO:0005515; GO:0016757; GO:0042802; GO:0005125; GO:0047280",FALSE,TRUE,FALSE,1,"MS"
"P61626","LYZ",-0.794911042082877,0.473486625162497,4,41.1509357512764,0.0977363361811209,410,1.74,409,414,"weight_sensitive_candidate","LYZ","lysozyme [Source:HGNC Symbol;Acc:HGNC:6740]","defense response to bacterium; killing of cells of another organism; inflammatory response; antimicrobial humoral response","extracellular region; extracellular space; Golgi apparatus; extracellular exosome; specific granule lumen; tertiary granule lumen; azurophil granule lumen","lysozyme activity; hydrolase activity; catalytic activity; hydrolase activity, acting on glycosyl bonds; identical protein binding","GO:0042742; GO:0031640; GO:0006954; GO:0019730","GO:0005576; GO:0005615; GO:0005794; GO:0070062; GO:0035580; GO:1904724; GO:0035578","GO:0003796; GO:0016787; GO:0003824; GO:0016798; GO:0042802",FALSE,FALSE,FALSE,0,"Other"
"O75962","TRIO",1.74156905729146,0.0591360861800121,2,0,0.0965713394142771,411,1.1,409,414,"robust_candidate","TRIO","trio Rho guanine nucleotide exchange factor [Source:HGNC Symbol;Acc:HGNC:12303]","protein phosphorylation; neuron projection morphogenesis; regulation of small GTPase mediated signal transduction; negative regulation of fat cell differentiation; axon guidance; cell surface receptor protein tyrosine phosphatase signaling pathway; postsynaptic modulation of chemical synaptic transmission","cytoplasm; cell projection; cytosol; postsynapse; glutamatergic synapse; extrinsic component of membrane; presynaptic active zone","ATP binding; protein binding; guanyl-nucleotide exchange factor activity; protein kinase activity; nucleotide binding; transferase activity; protein serine/threonine kinase activity; kinase activity; protein serine kinase activity","GO:0006468; GO:0048812; GO:0051056; GO:0045599; GO:0007411; GO:0007185; GO:0099170","GO:0005737; GO:0042995; GO:0005829; GO:0098794; GO:0098978; GO:0019898; GO:0048786","GO:0005524; GO:0005515; GO:0005085; GO:0004672; GO:0000166; GO:0016740; GO:0004674; GO:0016301; GO:0106310",FALSE,FALSE,FALSE,0,"Other"
"O14618","CCS",1.53928508746643,0.0182873918327638,2,0,0.096002140427754,412,0.89,410,414,"robust_candidate","CCS","copper chaperone for superoxide dismutase [Source:HGNC Symbol;Acc:HGNC:1613]","superoxide metabolic process; protein maturation; removal of superoxide radicals; cellular response to oxidative stress","nucleus; cytoplasm; mitochondrion; cytosol","metal ion binding; copper ion binding; protein binding; cadherin binding; protein-disulfide reductase activity; superoxide dismutase copper chaperone activity","GO:0006801; GO:0051604; GO:0019430; GO:0034599","GO:0005634; GO:0005737; GO:0005739; GO:0005829","GO:0046872; GO:0005507; GO:0005515; GO:0045296; GO:0015035; GO:0016532",FALSE,FALSE,FALSE,0,"Other"
"P02795","MT2A",1.56203871466489,0.0260649110970619,2,0,0.0944829306388997,413,1.15,412,416,"robust_candidate","MT2A","metallothionein 2A [Source:HGNC Symbol;Acc:HGNC:7406]","negative regulation of growth; intracellular copper ion homeostasis; intracellular zinc ion homeostasis; detoxification of copper ion; cellular response to interleukin-3; cellular response to erythropoietin; cellular response to cadmium ion; cellular response to copper ion; cellular response to zinc ion","nucleus; cytoplasm; cytosol","metal ion binding; protein binding; zinc ion binding","GO:0045926; GO:0006878; GO:0006882; GO:0010273; GO:0036016; GO:0036018; GO:0071276; GO:0071280; GO:0071294","GO:0005634; GO:0005737; GO:0005829","GO:0046872; GO:0005515; GO:0008270",FALSE,FALSE,FALSE,0,"Other"
"Q15758","SLC1A5",1.53349844495192,0.0236132761400724,2,0,0.0939269582626101,414,1.12,413,417,"robust_candidate","SLC1A5","solute carrier family 1 member 5 [Source:HGNC Symbol;Acc:HGNC:10943]","amino acid transport; transmembrane transport; L-alpha-amino acid transmembrane transport; symbiont entry into host cell; erythrocyte differentiation; transport across blood-brain barrier; neutral amino acid transport; protein homotrimerization; glutamine transport; glutamine secretion; L-serine transport","membrane; plasma membrane; melanosome; extracellular exosome; basal plasma membrane","symporter activity; metal ion binding; protein binding; antiporter activity; L-amino acid transmembrane transporter activity; virus receptor activity; signaling receptor activity; neutral L-amino acid transmembrane transporter activity; amino acid transmembrane transporter activity; L-aspartate transmembrane transporter activity; L-glutamine transmembrane transporter activity; ligand-gated channel activity","GO:0006865; GO:0055085; GO:1902475; GO:0046718; GO:0030218; GO:0150104; GO:0015804; GO:0070207; GO:0006868; GO:0010585; GO:0015825","GO:0016020; GO:0005886; GO:0042470; GO:0070062; GO:0009925","GO:0015293; GO:0046872; GO:0005515; GO:0015297; GO:0015179; GO:0001618; GO:0038023; GO:0015175; GO:0015171; GO:0015183; GO:0015186; GO:0022834",FALSE,FALSE,FALSE,0,"Other"
"P14174","MIF",-1.11810332616372,0.15433273859742,4,0,0.091976444156796,415,1.19,411,416,"robust_candidate","MIF","macrophage migration inhibitory factor [Source:HGNC Symbol;Acc:HGNC:7097]","negative regulation of cell migration; negative regulation of gene expression; positive regulation of cell population proliferation; positive regulation of ERK1 and ERK2 cascade; positive regulation of fibroblast proliferation; positive regulation of cytokine production; signal transduction; negative regulation of apoptotic process; immune system process; innate immune response; prostaglandin biosynthetic process; cell surface receptor signaling pathway; regulation of cellular response to stress; inflammatory response; positive chemotaxis; regulation of macrophage activation; positive regulation of tumor necrosis factor production; positive regulation of phosphorylation; negative regulation of DNA damage response, signal transduction by p53 class mediator; negative regulation of macrophage chemotaxis; positive regulation of B cell proliferation; carboxylic acid metabolic process; protein homotrimerization; negative regulation of mature B cell apoptotic process; positive regulation of lipopolysaccharide-mediated signaling pathway; positive regulation of prostaglandin secretion; negative regulation of myeloid cell apoptotic process; positive regulation of innate immune response; positive regulation of myeloid leukocyte cytokine production involved in immune response; positive regulation of arachidonate secretion","extracellular space; cytoplasm; extracellular region; cytosol; extracellular exosome; vesicle; cell surface; plasma membrane; secretory granule lumen; ficolin-1-rich granule lumen","protein binding; isomerase activity; cytokine activity; identical protein binding; dopachrome isomerase activity; phenylpyruvate tautomerase activity; chemoattractant activity; cytokine receptor binding; protease binding","GO:0030336; GO:0010629; GO:0008284; GO:0070374; GO:0048146; GO:0001819; GO:0007165; GO:0043066; GO:0002376; GO:0045087; GO:0001516; GO:0007166; GO:0080135; GO:0006954; GO:0050918; GO:0043030; GO:0032760; GO:0042327; GO:0043518; GO:0010760; GO:0030890; GO:0019752; GO:0070207; GO:0002906; GO:0031666; GO:0032308; GO:0033033; GO:0045089; GO:0061081; GO:0090238","GO:0005615; GO:0005737; GO:0005576; GO:0005829; GO:0070062; GO:0031982; GO:0009986; GO:0005886; GO:0034774; GO:1904813","GO:0005515; GO:0016853; GO:0005125; GO:0042802; GO:0004167; GO:0050178; GO:0042056; GO:0005126; GO:0002020",FALSE,TRUE,FALSE,1,"MS"
"O95352","ATG7",-1.12087988351888,0.157486874199102,4,0,0.0919549088620798,416,1.27,412,416,"robust_candidate","ATG7","autophagy related 7 [Source:HGNC Symbol;Acc:HGNC:16935]","rhythmic process; autophagosome assembly; autophagy; regulation of primary metabolic process; regulation of macromolecule metabolic process; protein transport; positive regulation of apoptotic process; cellular response to stress; regulation of apoptotic process; regulation of circadian rhythm; positive regulation of catabolic process; positive regulation of protein catabolic process; response to nutrient levels; protein lipidation involved in autophagosome assembly; mitophagy; cellular response to nitrogen starvation; cellular response to starvation; piecemeal microautophagy of the nucleus; macroautophagy; protein lipidation; positive regulation of protein modification process; protein modification by small protein conjugation; defense response to virus; cellular response to hyperoxia; regulation of cell development; synaptic vesicle cycle; regulation of hemopoiesis","cytoplasm; axoneme; extracellular region; phagophore assembly site; cytosol; secretory granule lumen; ficolin-1-rich granule lumen; dopaminergic synapse; perinuclear region of cytoplasm","ubiquitin-like modifier activating enzyme activity; protein binding; protein homodimerization activity; Atg12 activating enzyme activity; Atg8 activating enzyme activity","GO:0048511; GO:0000045; GO:0006914; GO:0080090; GO:0060255; GO:0015031; GO:0043065; GO:0033554; GO:0042981; GO:0042752; GO:0009896; GO:0045732; GO:0031667; GO:0061739; GO:0000423; GO:0006995; GO:0009267; GO:0034727; GO:0016236; GO:0006497; GO:0031401; GO:0032446; GO:0051607; GO:0071455; GO:0060284; GO:0099504; GO:1903706","GO:0005737; GO:0005930; GO:0005576; GO:0000407; GO:0005829; GO:0034774; GO:1904813; GO:0098691; GO:0048471","GO:0008641; GO:0005515; GO:0042803; GO:0019778; GO:0019779",FALSE,FALSE,TRUE,1,"VT"
"P13798","APEH",-0.472840224943127,0.595542789665133,4,35.093615113377,0.0807313350596831,418,0,418,418,"robust_candidate","APEH","acylaminoacyl-peptide hydrolase [Source:HGNC Symbol;Acc:HGNC:586]","proteolysis; amyloid-beta metabolic process; translational termination","cytoplasm; cytosol; extracellular exosome; extracellular region; ficolin-1-rich granule lumen","serine-type peptidase activity; serine-type endopeptidase activity; RNA binding; hydrolase activity; protein binding; peptidase activity; identical protein binding; omega peptidase activity","GO:0006508; GO:0050435; GO:0006415","GO:0005737; GO:0005829; GO:0070062; GO:0005576; GO:1904813","GO:0008236; GO:0004252; GO:0003723; GO:0016787; GO:0005515; GO:0008233; GO:0042802; GO:0008242",FALSE,FALSE,FALSE,0,"Other"
"P15529","CD46",-1.20641388653499,0.0856723492027039,2,0,0.0703191646445837,419,0.47,419,420,"robust_candidate","CD46","CD46 molecule [Source:HGNC Symbol;Acc:HGNC:6953]","immune system process; innate immune response; complement activation, classical pathway; regulation of immune response; adaptive immune response; positive regulation of regulatory T cell differentiation; single fertilization; symbiont entry into host cell; positive regulation of T cell proliferation; positive regulation of interleukin-10 production; regulation of Notch signaling pathway; T cell mediated immunity; positive regulation of transforming growth factor beta production; negative regulation of complement activation, classical pathway","cell surface; membrane; focal adhesion; cytoplasmic vesicle; extracellular exosome; plasma membrane; extracellular space; inner acrosomal membrane","protein binding; cadherin binding; virus receptor activity; signaling receptor activity; protein sequestering activity","GO:0002376; GO:0045087; GO:0006958; GO:0050776; GO:0002250; GO:0045591; GO:0007338; GO:0046718; GO:0042102; GO:0032733; GO:0008593; GO:0002456; GO:0071636; GO:0045959","GO:0009986; GO:0016020; GO:0005925; GO:0031410; GO:0070062; GO:0005886; GO:0005615; GO:0002079","GO:0005515; GO:0045296; GO:0001618; GO:0038023; GO:0140311",FALSE,FALSE,FALSE,0,"Other"
"Q16881","TXNRD1",1.21872799748096,0.0927192734948229,2,0,0.0702996948326131,420,0.55,419,421,"robust_candidate","TXNRD1","thioredoxin reductase 1 [Source:HGNC Symbol;Acc:HGNC:12437]","cell redox homeostasis; cellular oxidant detoxification; signal transduction; response to oxidative stress","nucleus; cytoplasm; nucleoplasm; extracellular exosome; mitochondrion; cytosol","flavin adenine dinucleotide binding; oxidoreductase activity; thioredoxin-disulfide reductase (NADPH) activity; oxidoreductase activity, acting on a sulfur group of donors, NAD(P) as acceptor; protein binding; identical protein binding; FAD binding; NADPH peroxidase activity; nucleotide binding","GO:0045454; GO:0098869; GO:0007165; GO:0006979","GO:0005634; GO:0005737; GO:0005654; GO:0070062; GO:0005739; GO:0005829","GO:0050660; GO:0016491; GO:0004791; GO:0016668; GO:0005515; GO:0042802; GO:0071949; GO:0050137; GO:0000166",FALSE,FALSE,FALSE,0,"Other"
"Q16186","ADRM1",-0.647573677734599,0.545332862855221,4,0,0.0622275870800333,422,0.22,422,423,"robust_candidate","ADRM1","ADRM1 26S proteasome ubiquitin receptor [Source:HGNC Symbol;Acc:HGNC:15759]","proteasome assembly; proteasomal protein catabolic process; proteasome-mediated ubiquitin-dependent protein catabolic process; transcription elongation by RNA polymerase II; response to oxidative stress; regulation of proteasomal protein catabolic process; cellular response to type I interferon","nucleus; cytoplasm; cytosol; nucleoplasm; proteasome complex; synaptic vesicle; proteasome regulatory particle, lid subcomplex","protein binding; protease binding; proteasome binding; endopeptidase activator activity; molecular function inhibitor activity","GO:0043248; GO:0010498; GO:0043161; GO:0006368; GO:0006979; GO:0061136; GO:0071357","GO:0005634; GO:0005737; GO:0005829; GO:0005654; GO:0000502; GO:0008021; GO:0008541","GO:0005515; GO:0002020; GO:0070628; GO:0061133; GO:0140678",FALSE,FALSE,FALSE,0,"Other"
"O43865","AHCYL1",-1.0064718226211,0.185800479277185,2,0,0.0559851305556531,424,0.31,424,425,"robust_candidate","AHCYL1","adenosylhomocysteinase like 1 [Source:HGNC Symbol;Acc:HGNC:344]","apoptotic process; one-carbon metabolic process; response to calcium ion; positive regulation of sodium ion transport; regulation of mRNA 3'-end processing; S-adenosylmethionine cycle; angiotensin-activated signaling pathway; epithelial fluid transport","cytoplasm; cytosol; endoplasmic reticulum; apical plasma membrane; extracellular exosome; endoplasmic reticulum membrane; mitochondria-associated endoplasmic reticulum membrane contact site","RNA binding; protein binding; identical protein binding; hydrolase activity; adenosylhomocysteinase activity; enzyme regulator activity","GO:0006915; GO:0006730; GO:0051592; GO:0010765; GO:0031440; GO:0033353; GO:0038166; GO:0042045","GO:0005737; GO:0005829; GO:0005783; GO:0016324; GO:0070062; GO:0005789; GO:0044233","GO:0003723; GO:0005515; GO:0042802; GO:0016787; GO:0004013; GO:0030234",FALSE,FALSE,FALSE,0,"Other"
"P01833","PIGR",-0.976949630623182,0.158876607841828,2,0,0.0557971175132257,425,0.31,424,425,"robust_candidate","PIGR","polymeric immunoglobulin receptor [Source:HGNC Symbol;Acc:HGNC:8968]","receptor clustering; epidermal growth factor receptor signaling pathway; signal transduction; Fc receptor signaling pathway; detection of chemical stimulus involved in sensory perception of bitter taste; immunoglobulin transcytosis in epithelial cells mediated by polymeric immunoglobulin receptor","extracellular region; extracellular space; plasma membrane; endomembrane system; extracellular exosome; cytoplasmic vesicle membrane; bounding membrane of organelle; azurophil granule membrane; receptor complex; secretory IgA immunoglobulin complex","protein binding; transmembrane signaling receptor activity; polymeric immunoglobulin binding; polymeric immunoglobulin receptor activity","GO:0043113; GO:0007173; GO:0007165; GO:0038093; GO:0001580; GO:0002415","GO:0005576; GO:0005615; GO:0005886; GO:0012505; GO:0070062; GO:0030659; GO:0098588; GO:0035577; GO:0043235; GO:0071751","GO:0005515; GO:0004888; GO:0001790; GO:0001792",FALSE,FALSE,TRUE,1,"VT"
"P61225","RAP2B",-0.903754778610857,0.238142712300156,2,0,0.0496857413987521,426,0,426,426,"robust_candidate","RAP2B","RAP2B, member of RAS oncogene family [Source:HGNC Symbol;Acc:HGNC:9862]","signal transduction; Rap protein signal transduction; platelet activation; platelet aggregation; negative regulation of cell migration; regulation of protein tyrosine kinase activity","membrane; plasma membrane; endomembrane system; cytosol; bicellular tight junction; recycling endosome membrane; extracellular exosome; membrane raft; cytoplasmic vesicle membrane; bounding membrane of organelle; cell-cell contact zone; specific granule membrane; tertiary granule membrane; recycling endosome","GTPase activity; GTP binding; nucleotide binding; hydrolase activity; protein binding; G protein activity; GDP binding; protein domain specific binding","GO:0007165; GO:0032486; GO:0030168; GO:0070527; GO:0030336; GO:0061097","GO:0016020; GO:0005886; GO:0012505; GO:0005829; GO:0005923; GO:0055038; GO:0070062; GO:0045121; GO:0030659; GO:0098588; GO:0044291; GO:0035579; GO:0070821; GO:0055037","GO:0003924; GO:0005525; GO:0000166; GO:0016787; GO:0005515; GO:0003925; GO:0019003; GO:0019904",FALSE,TRUE,FALSE,1,"MS"
"Q86VP6","CAND1",-0.830153607410605,0.292731711730451,2,0,0.0449687335420459,427,0,427,427,"robust_candidate","CAND1","cullin associated and neddylation dissociated 1 [Source:HGNC Symbol;Acc:HGNC:30688]","SCF complex assembly; protein ubiquitination; cell differentiation; negative regulation of catalytic activity; positive regulation of DNA-templated transcription; positive regulation of RNA polymerase II transcription preinitiation complex assembly","nucleus; cytoplasm; membrane; cytosol; nucleoplasm; extracellular exosome; extracellular region; cullin-RING ubiquitin ligase complex; ubiquitin ligase complex; secretory granule lumen; ficolin-1-rich granule lumen","protein binding; TBP-class protein binding","GO:0010265; GO:0016567; GO:0030154; GO:0043086; GO:0045893; GO:0045899","GO:0005634; GO:0005737; GO:0016020; GO:0005829; GO:0005654; GO:0070062; GO:0005576; GO:0031461; GO:0000151; GO:0034774; GO:1904813","GO:0005515; GO:0017025",FALSE,FALSE,FALSE,0,"Other"
"P04080","CSTB",-0.835552191189944,0.320920231860246,2,0,0.0445523514190845,428,0,428,428,"robust_candidate","CSTB","cystatin B [Source:HGNC Symbol;Acc:HGNC:2482]","negative regulation of proteolysis; amyloid fibril formation","nucleus; cytoplasm; extracellular space; cytosol; nucleolus; extracellular exosome; extracellular region; extracellular matrix; secretory granule lumen; ficolin-1-rich granule lumen; tertiary granule lumen","cysteine-type endopeptidase inhibitor activity; endopeptidase inhibitor activity; RNA binding; peptidase inhibitor activity; protease binding","GO:0045861; GO:1990000","GO:0005634; GO:0005737; GO:0005615; GO:0005829; GO:0005730; GO:0070062; GO:0005576; GO:0031012; GO:0034774; GO:1904813; GO:1904724","GO:0004869; GO:0004866; GO:0003723; GO:0030414; GO:0002020",TRUE,FALSE,FALSE,1,"ECM"
"P61020","RAB5B",-0.781738027809091,0.316632772029616,2,0,0.0422736513093938,429,0,429,429,"robust_candidate","RAB5B","RAB5B, member RAS oncogene family [Source:HGNC Symbol;Acc:HGNC:9784]","endocytosis; protein transport; intracellular protein transport; endosomal transport; antigen processing and presentation; plasma membrane to endosome transport","plasma membrane; melanosome; early endosome membrane; extracellular exosome; endosome; endomembrane system; early endosome; membrane; secretory granule membrane; endocytic vesicle; synaptic vesicle membrane","GTPase activity; GTP binding; nucleotide binding; hydrolase activity; metal ion binding; protein binding; G protein activity; GDP binding; GTP-dependent protein binding","GO:0006897; GO:0015031; GO:0006886; GO:0016197; GO:0019882; GO:0048227","GO:0005886; GO:0042470; GO:0031901; GO:0070062; GO:0005768; GO:0012505; GO:0005769; GO:0016020; GO:0030667; GO:0030139; GO:0030672","GO:0003924; GO:0005525; GO:0000166; GO:0016787; GO:0046872; GO:0005515; GO:0003925; GO:0019003; GO:0030742",FALSE,FALSE,TRUE,1,"VT"
"P59665","DEFA1",-0.337763323670266,0.75361994843848,2,0,0.0165098901061914,431,0,431,431,"robust_candidate","DEFA1B; DEFA1","defensin alpha 1B [Source:HGNC Symbol;Acc:HGNC:33596]; defensin alpha 1 [Source:HGNC Symbol;Acc:HGNC:2761]","defense response; defense response to virus; defense response to bacterium; killing of cells of another organism; antibacterial humoral response; estrogen receptor signaling pathway; innate immune response; innate immune response in mucosa; antimicrobial humoral immune response mediated by antimicrobial peptide; chemotaxis; immune response; T cell chemotaxis; defense response to fungus; disruption of plasma membrane integrity in another organism; defense response; defense response to virus; defense response to bacterium; killing of cells of another organism; antibacterial humoral response; estrogen receptor signaling pathway; innate immune response; innate immune response in mucosa; antimicrobial humoral immune response mediated by antimicrobial peptide; chemotaxis; immune response; T cell chemotaxis; defense response to fungus; disruption of plasma membrane integrity in another organism","extracellular region; extracellular space; extracellular exosome; Golgi lumen; azurophil granule lumen; extracellular region; extracellular space; extracellular exosome; Golgi lumen; azurophil granule lumen","protein binding; protein binding","GO:0006952; GO:0051607; GO:0042742; GO:0031640; GO:0019731; GO:0030520; GO:0045087; GO:0002227; GO:0061844; GO:0006935; GO:0006955; GO:0010818; GO:0050832; GO:0051673; GO:0006952; GO:0051607; GO:0042742; GO:0031640; GO:0019731; GO:0030520; GO:0045087; GO:0002227; GO:0061844; GO:0006935; GO:0006955; GO:0010818; GO:0050832; GO:0051673","GO:0005576; GO:0005615; GO:0070062; GO:0005796; GO:0035578; GO:0005576; GO:0005615; GO:0070062; GO:0005796; GO:0035578","GO:0005515; GO:0005515",FALSE,TRUE,FALSE,1,"MS"
"Q13049","TRIM32",-0.274558825509978,0.788702944759539,2,0,0.0133971210414321,432,0,432,432,"robust_candidate","TRIM32","tripartite motif containing 32 [Source:HGNC Symbol;Acc:HGNC:16380]","positive regulation of cell migration; positive regulation of neuron differentiation; negative regulation of fibroblast proliferation; positive regulation of cell cycle; positive regulation of DNA-templated transcription; protein ubiquitination; autophagosome assembly; regulation of gene expression; positive regulation of macromolecule biosynthetic process; innate immune response; positive regulation of canonical NF-kappaB signal transduction; ubiquitin-dependent protein catabolic process; cellular response to stress; positive regulation of autophagy; protein polyubiquitination; positive regulation of protein metabolic process; protein K48-linked ubiquitination; response to oxidative stress; protein K63-linked ubiquitination; negative regulation of viral transcription; positive regulation of catabolic process; suppression of viral release by host; fat cell differentiation; negative regulation of toll-like receptor 4 signaling pathway; cellular homeostasis; positive regulation of cell motility; free ubiquitin chain polymerization; positive regulation of cell growth; response to tumor necrosis factor; positive regulation of protein catabolic process; negative regulation of cilium assembly; response to starvation; cellular response to amino acid starvation; response to UV; positive regulation of proteolysis; positive regulation of neurogenesis","nucleus; cytoplasm; mitochondrion; autophagosome; endoplasmic reticulum; centrosome; cytosol; striated muscle myosin thick filament","zinc ion binding; protein binding; transferase activity; metal ion binding; ubiquitin protein ligase activity; identical protein binding; ubiquitin-protein transferase activity; ubiquitin binding; protein-macromolecule adaptor activity; transcription coactivator activity; RNA binding; myosin binding; translation initiation factor binding","GO:0030335; GO:0045666; GO:0048147; GO:0045787; GO:0045893; GO:0016567; GO:0000045; GO:0010468; GO:0010557; GO:0045087; GO:0043123; GO:0006511; GO:0033554; GO:0010508; GO:0000209; GO:0051247; GO:0070936; GO:0006979; GO:0070534; GO:0032897; GO:0009896; GO:0044790; GO:0045444; GO:0034144; GO:0019725; GO:2000147; GO:0010994; GO:0030307; GO:0034612; GO:0045732; GO:1902018; GO:0042594; GO:0034198; GO:0009411; GO:0045862; GO:0050769","GO:0005634; GO:0005737; GO:0005739; GO:0005776; GO:0005783; GO:0005813; GO:0005829; GO:0005863","GO:0008270; GO:0005515; GO:0016740; GO:0046872; GO:0061630; GO:0042802; GO:0004842; GO:0043130; GO:0030674; GO:0003713; GO:0003723; GO:0017022; GO:0031369",FALSE,TRUE,FALSE,1,"MS"
