#node1	node2	node1_string_id	node2_string_id	neighborhood_on_chromosome	gene_fusion	phylogenetic_cooccurrence	homology	coexpression	experimentally_determined_interaction	database_annotated	automated_textmining	combined_score
ACSL4	CANX	9606.ENSP00000339787	9606.ENSP00000247461	0	0	0	0	0.056	0.070	0	0.376	0.404
ACSL4	FASN	9606.ENSP00000339787	9606.ENSP00000304592	0.057	0	0	0	0.060	0	0.900	0.694	0.969
ACSL4	PROM2	9606.ENSP00000339787	9606.ENSP00000318270	0	0	0	0	0.056	0	0	0.393	0.402
ACSL4	HSPA5	9606.ENSP00000339787	9606.ENSP00000324173	0	0	0	0	0.042	0	0	0.400	0.401
ACSL4	SLC1A5	9606.ENSP00000339787	9606.ENSP00000444408	0.042	0	0	0	0	0.162	0	0.417	0.491
ACTB	VAMP3	9606.ENSP00000494750	9606.ENSP00000054666	0	0	0	0	0.192	0.056	0.400	0.219	0.595
ACTB	ITGB4	9606.ENSP00000494750	9606.ENSP00000200181	0	0	0	0	0.042	0.070	0.900	0.376	0.936
ACTB	VCL	9606.ENSP00000494750	9606.ENSP00000211998	0	0	0	0	0.100	0.105	0.900	0.826	0.984
ACTB	TIMP1	9606.ENSP00000494750	9606.ENSP00000218388	0	0	0	0	0.093	0	0	0.581	0.604
ACTB	PLAT	9606.ENSP00000494750	9606.ENSP00000220809	0	0	0	0	0.042	0.097	0	0.423	0.457
ACTB	CDC37	9606.ENSP00000494750	9606.ENSP00000222005	0	0	0	0	0.105	0.122	0	0.560	0.625
ACTB	NAMPT	9606.ENSP00000494750	9606.ENSP00000222553	0	0	0	0	0.061	0	0	0.400	0.412
ACTB	SERPINE1	9606.ENSP00000494750	9606.ENSP00000223095	0	0	0	0	0.052	0	0	0.543	0.548
ACTB	PFN1	9606.ENSP00000494750	9606.ENSP00000225655	0	0	0	0	0.485	0.972	0.900	0.992	0.999
ACTB	H4C6	9606.ENSP00000494750	9606.ENSP00000244537	0	0	0	0	0.054	0.867	0.400	0.690	0.973
ACTB	CANX	9606.ENSP00000494750	9606.ENSP00000247461	0	0	0	0	0.062	0.051	0	0.677	0.688
ACTB	TUBA4A	9606.ENSP00000494750	9606.ENSP00000248437	0	0	0.201	0	0.063	0.136	0.400	0.618	0.825
ACTB	HSPB1	9606.ENSP00000494750	9606.ENSP00000248553	0	0	0	0	0.084	0.053	0	0.566	0.591
ACTB	RAC2	9606.ENSP00000494750	9606.ENSP00000249071	0	0	0	0	0.172	0.259	0	0.376	0.584
ACTB	RAP1B	9606.ENSP00000494750	9606.ENSP00000250559	0	0	0	0	0.194	0.070	0	0.279	0.412
ACTB	TSG101	9606.ENSP00000494750	9606.ENSP00000251968	0	0	0	0	0.072	0.068	0	0.742	0.757
ACTB	PXDN	9606.ENSP00000494750	9606.ENSP00000252804	0	0	0	0	0.047	0	0	0.924	0.925
ACTB	NT5E	9606.ENSP00000494750	9606.ENSP00000257770	0	0	0	0	0.042	0	0	0.506	0.506
ACTB	THBS1	9606.ENSP00000494750	9606.ENSP00000260356	0	0	0	0	0.069	0.103	0	0.491	0.538
ACTB	ADAM10	9606.ENSP00000494750	9606.ENSP00000260408	0	0	0	0	0.067	0	0	0.449	0.464
ACTB	ITGAV	9606.ENSP00000494750	9606.ENSP00000261023	0	0	0	0	0.053	0	0.650	0.442	0.799
ACTB	COTL1	9606.ENSP00000494750	9606.ENSP00000262428	0	0	0	0	0.115	0.359	0	0.423	0.645
ACTB	CAPZA1	9606.ENSP00000494750	9606.ENSP00000263168	0	0	0	0	0.107	0.924	0	0.513	0.964
ACTB	ACTR3	9606.ENSP00000494750	9606.ENSP00000263238	0	0	0	0.867	0.268	0.443	0.900	0.086	0.957
ACTB	CD81	9606.ENSP00000494750	9606.ENSP00000263645	0	0	0	0	0.134	0.054	0	0.559	0.607
ACTB	MCAM	9606.ENSP00000494750	9606.ENSP00000264036	0	0	0	0	0.042	0.046	0.400	0.323	0.579
ACTB	YWHAE	9606.ENSP00000494750	9606.ENSP00000264335	0	0	0	0	0.145	0.187	0	0.388	0.538
ACTB	ICAM1	9606.ENSP00000494750	9606.ENSP00000264832	0	0	0	0	0.043	0.163	0	0.652	0.697
ACTB	TIMP3	9606.ENSP00000494750	9606.ENSP00000266085	0	0	0	0	0.073	0	0	0.441	0.460
ACTB	IQGAP1	9606.ENSP00000494750	9606.ENSP00000268182	0	0	0	0	0.101	0.661	0.900	0.587	0.985
ACTB	EGFR	9606.ENSP00000494750	9606.ENSP00000275493	0	0	0	0	0.042	0.402	0	0.741	0.839
ACTB	RPS3	9606.ENSP00000494750	9606.ENSP00000278572	0	0	0	0	0.196	0.083	0	0.345	0.475
ACTB	IL18	9606.ENSP00000494750	9606.ENSP00000280357	0	0	0	0	0	0	0	0.593	0.593
ACTB	ITGB6	9606.ENSP00000494750	9606.ENSP00000283249	0	0	0	0	0.064	0.070	0.900	0.269	0.928
ACTB	RHOC	9606.ENSP00000494750	9606.ENSP00000285735	0	0	0	0	0.336	0.070	0.500	0.389	0.786
ACTB	KPNB1	9606.ENSP00000494750	9606.ENSP00000290158	0	0	0	0	0.067	0.227	0	0.521	0.624
ACTB	ITGA5	9606.ENSP00000494750	9606.ENSP00000293379	0	0	0	0	0.060	0	0.650	0.443	0.801
ACTB	CLDN1	9606.ENSP00000494750	9606.ENSP00000295522	0	0	0	0	0	0.045	0	0.619	0.621
ACTB	ARPC2	9606.ENSP00000494750	9606.ENSP00000295685	0	0	0	0	0.259	0.365	0.900	0.305	0.962
ACTB	ITGB5	9606.ENSP00000494750	9606.ENSP00000296181	0	0	0	0	0.042	0.070	0.900	0.319	0.931
ACTB	ANXA5	9606.ENSP00000494750	9606.ENSP00000296511	0	0	0	0	0.108	0.141	0	0.940	0.950
ACTB	ITGA2	9606.ENSP00000494750	9606.ENSP00000296585	0	0	0	0	0.056	0	0.650	0.611	0.860
ACTB	NPM1	9606.ENSP00000494750	9606.ENSP00000296930	0	0	0	0	0.149	0.228	0	0.424	0.588
ACTB	CFL2	9606.ENSP00000494750	9606.ENSP00000298159	0	0	0	0	0.087	0.876	0.900	0.716	0.996
ACTB	HSP90B1	9606.ENSP00000494750	9606.ENSP00000299767	0	0	0	0	0.072	0.094	0	0.532	0.572
ACTB	ANPEP	9606.ENSP00000494750	9606.ENSP00000300060	0	0	0	0	0.060	0.052	0	0.588	0.601
ACTB	FASN	9606.ENSP00000494750	9606.ENSP00000304592	0	0	0	0	0.065	0	0	0.616	0.626
ACTB	CTNNA1	9606.ENSP00000494750	9606.ENSP00000304669	0	0	0	0	0.072	0.108	0.900	0.550	0.957
ACTB	GLUL	9606.ENSP00000494750	9606.ENSP00000307900	0	0	0	0	0.047	0	0	0.474	0.478
ACTB	RAB6A	9606.ENSP00000494750	9606.ENSP00000311449	0	0	0	0	0.255	0.051	0	0.557	0.659
ACTB	GNAI2	9606.ENSP00000494750	9606.ENSP00000312999	0	0	0	0	0.253	0.270	0	0.183	0.516
ACTB	CLU	9606.ENSP00000494750	9606.ENSP00000315130	0	0	0	0	0.049	0	0	0.589	0.592
ACTB	ITGA3	9606.ENSP00000494750	9606.ENSP00000315190	0	0	0	0	0.046	0	0.650	0.331	0.757
ACTB	TLN1	9606.ENSP00000494750	9606.ENSP00000316029	0	0	0	0	0.074	0.053	0.900	0.603	0.960
ACTB	BAIAP2	9606.ENSP00000494750	9606.ENSP00000316338	0	0	0	0	0.042	0.461	0.900	0.166	0.951
ACTB	BASP1	9606.ENSP00000494750	9606.ENSP00000319281	0	0	0	0	0.074	0	0.400	0.176	0.502
ACTB	MMP1	9606.ENSP00000494750	9606.ENSP00000322788	0	0	0	0	0	0	0	0.507	0.507
ACTB	HSPA5	9606.ENSP00000494750	9606.ENSP00000324173	0	0	0	0	0.106	0.212	0	0.749	0.808
ACTB	MYO1D	9606.ENSP00000494750	9606.ENSP00000324527	0	0	0	0	0.042	0.259	0.650	0.412	0.834
ACTB	PPP2R1A	9606.ENSP00000494750	9606.ENSP00000324804	0	0	0	0	0.164	0.066	0	0.303	0.408
ACTB	LASP1	9606.ENSP00000494750	9606.ENSP00000325240	0	0	0	0	0.146	0.170	0	0.281	0.446
ACTB	MT1E	9606.ENSP00000494750	9606.ENSP00000328137	0	0	0	0	0	0.071	0	0.418	0.436
ACTB	FMNL1	9606.ENSP00000494750	9606.ENSP00000329219	0	0	0	0	0.054	0.051	0.500	0.167	0.576
ACTB	H2AC20	9606.ENSP00000494750	9606.ENSP00000332194	0	0	0	0	0	0.127	0.400	0.629	0.789
ACTB	H3C13	9606.ENSP00000494750	9606.ENSP00000333277	0	0.001	0	0	0.079	0.135	0	0.783	0.812
ACTB	LAMP1	9606.ENSP00000494750	9606.ENSP00000333298	0	0	0	0	0.100	0	0	0.657	0.679
ACTB	EIF5A	9606.ENSP00000494750	9606.ENSP00000336702	0	0	0	0	0.134	0.363	0	0.267	0.560
ACTB	TUBA1B	9606.ENSP00000494750	9606.ENSP00000336799	0	0	0.201	0	0.270	0.136	0	0.618	0.782
ACTB	EZR	9606.ENSP00000494750	9606.ENSP00000338934	0	0	0	0	0.087	0.126	0.900	0.814	0.983
ACTB	TUBB	9606.ENSP00000494750	9606.ENSP00000339001	0	0	0	0	0.302	0.297	0	0.709	0.844
ACTB	EEF1A1	9606.ENSP00000494750	9606.ENSP00000339063	0	0	0	0	0.481	0.604	0	0.776	0.950
ACTB	PARK7	9606.ENSP00000494750	9606.ENSP00000340278	0	0	0	0	0.074	0.071	0	0.412	0.450
ACTB	SFN	9606.ENSP00000494750	9606.ENSP00000340989	0	0	0.288	0	0.095	0.068	0	0.367	0.569
ACTB	TUBB4B	9606.ENSP00000494750	9606.ENSP00000341289	0	0	0	0	0.158	0.129	0.400	0.342	0.672
ACTB	ANXA2	9606.ENSP00000494750	9606.ENSP00000346032	0	0	0	0	0.137	0.234	0	0.676	0.767
ACTB	RPL22	9606.ENSP00000494750	9606.ENSP00000346088	0	0	0	0	0.063	0.227	0	0.257	0.415
ACTB	ANXA6	9606.ENSP00000494750	9606.ENSP00000346550	0	0	0	0	0.053	0.234	0	0.294	0.444
ACTB	HNRNPA2B1	9606.ENSP00000494750	9606.ENSP00000346694	0	0	0	0	0.232	0.251	0	0.380	0.613
ACTB	FN1	9606.ENSP00000494750	9606.ENSP00000346839	0	0	0	0	0.043	0.045	0	0.886	0.886
ACTB	PLS3	9606.ENSP00000494750	9606.ENSP00000348163	0	0	0	0	0.074	0.392	0	0.286	0.563
ACTB	HNRNPH1	9606.ENSP00000494750	9606.ENSP00000349168	0	0	0	0	0.080	0.227	0	0.278	0.441
ACTB	EPHA2	9606.ENSP00000494750	9606.ENSP00000351209	0	0	0	0	0.075	0.070	0	0.395	0.435
ACTB	VCP	9606.ENSP00000494750	9606.ENSP00000351777	0	0	0	0	0.087	0.253	0	0.633	0.728
ACTB	MSN	9606.ENSP00000494750	9606.ENSP00000353408	0	0	0	0	0.132	0.141	0.900	0.712	0.975
ACTB	TAGLN2	9606.ENSP00000494750	9606.ENSP00000357076	0	0	0	0	0.295	0.479	0	0.375	0.751
ACTB	LMNA	9606.ENSP00000494750	9606.ENSP00000357283	0	0	0	0	0.066	0.312	0	0.690	0.784
ACTB	S100A4	9606.ENSP00000494750	9606.ENSP00000357704	0	0	0	0	0.073	0.092	0	0.448	0.495
ACTB	S100A8	9606.ENSP00000494750	9606.ENSP00000357721	0	0	0	0	0.042	0.092	0	0.392	0.425
ACTB	FLNA	9606.ENSP00000494750	9606.ENSP00000358866	0	0	0	0	0.144	0.205	0	0.661	0.750
ACTB	HSP90AB1	9606.ENSP00000494750	9606.ENSP00000360609	0	0	0	0	0.187	0.270	0	0.863	0.911
ACTB	RPL7A	9606.ENSP00000494750	9606.ENSP00000361076	0	0	0	0	0.109	0.235	0	0.226	0.428
ACTB	YBX1	9606.ENSP00000494750	9606.ENSP00000361626	0	0	0	0	0.133	0.251	0	0.605	0.721
ACTB	PLAU	9606.ENSP00000494750	9606.ENSP00000361850	0	0	0	0	0.061	0.097	0	0.452	0.495
ACTB	HSPA1B	9606.ENSP00000494750	9606.ENSP00000364801	0	0	0	0	0.084	0.065	0	0.650	0.674
ACTB	HNRNPK	9606.ENSP00000494750	9606.ENSP00000365458	0	0	0	0	0.256	0.058	0	0.400	0.543
ACTB	ANXA1	9606.ENSP00000494750	9606.ENSP00000366109	0	0	0	0	0.074	0.234	0	0.610	0.700
ACTB	ACTR2	9606.ENSP00000494750	9606.ENSP00000367220	0	0	0	0.935	0.335	0.525	0.900	0.128	0.968
ACTB	CD9	9606.ENSP00000494750	9606.ENSP00000371958	0	0	0	0	0.054	0	0	0.611	0.617
ACTB	EEF1B2	9606.ENSP00000494750	9606.ENSP00000376055	0	0	0	0	0.129	0.227	0	0.286	0.478
ACTB	ACTN1	9606.ENSP00000494750	9606.ENSP00000377941	0	0	0	0	0.134	0.402	0.900	0.760	0.985
ACTB	ITGB1	9606.ENSP00000494750	9606.ENSP00000379350	0	0	0	0	0.084	0.077	0.900	0.835	0.984
ACTB	HLA-A	9606.ENSP00000494750	9606.ENSP00000379873	0	0	0	0	0.204	0	0	0.306	0.424
ACTB	GSTP1	9606.ENSP00000494750	9606.ENSP00000381607	0	0	0	0	0.083	0.093	0	0.434	0.489
ACTB	ITGA6	9606.ENSP00000494750	9606.ENSP00000386896	0	0	0	0	0.046	0	0.650	0.457	0.803
ACTB	UBA52	9606.ENSP00000494750	9606.ENSP00000388107	0	0	0	0	0.116	0.134	0	0.409	0.508
ACTB	ARPC4	9606.ENSP00000494750	9606.ENSP00000388169	0	0	0	0	0.335	0.414	0.900	0.120	0.961
ACTB	RPSA	9606.ENSP00000494750	9606.ENSP00000389351	0	0	0	0	0.121	0.255	0	0.402	0.574
ACTB	IDH1	9606.ENSP00000494750	9606.ENSP00000390265	0	0	0	0	0.049	0	0	0.449	0.453
ACTB	CD44	9606.ENSP00000494750	9606.ENSP00000398632	0	0	0	0	0.083	0	0	0.715	0.728
ACTB	RHOA	9606.ENSP00000494750	9606.ENSP00000400175	0	0	0	0	0.426	0.070	0.900	0.646	0.978
ACTB	CAPZB	9606.ENSP00000494750	9606.ENSP00000401010	0	0	0	0	0.212	0.935	0.400	0.323	0.976
ACTB	DCTN2	9606.ENSP00000494750	9606.ENSP00000408910	0	0	0	0	0.057	0.894	0	0.541	0.950
ACTB	CLDN4	9606.ENSP00000494750	9606.ENSP00000409544	0	0	0	0	0	0.045	0	0.456	0.458
ACTB	STMN1	9606.ENSP00000494750	9606.ENSP00000410452	0	0	0	0	0.056	0.092	0	0.379	0.422
ACTB	SLC2A1	9606.ENSP00000494750	9606.ENSP00000416293	0	0.014	0	0	0.056	0.053	0	0.600	0.611
ACTB	MME	9606.ENSP00000494750	9606.ENSP00000418525	0	0	0	0	0	0.243	0	0.374	0.506
ACTB	RACK1	9606.ENSP00000494750	9606.ENSP00000426909	0	0	0	0	0.223	0.270	0	0.410	0.636
ACTB	WDR1	9606.ENSP00000494750	9606.ENSP00000427687	0	0	0	0	0.374	0.393	0	0.296	0.709
ACTB	CAPN1	9606.ENSP00000494750	9606.ENSP00000431984	0	0	0	0	0.080	0.046	0	0.393	0.421
ACTB	CFL1	9606.ENSP00000494750	9606.ENSP00000432660	0	0	0	0	0.403	0.987	0.900	0.834	0.999
ACTB	H2AX	9606.ENSP00000494750	9606.ENSP00000434024	0	0	0	0	0.073	0.389	0	0.598	0.753
ACTB	TUBA1A	9606.ENSP00000494750	9606.ENSP00000439020	0	0	0.200	0	0.218	0.303	0.400	0.476	0.838
ACTB	TUBA1C	9606.ENSP00000494750	9606.ENSP00000443475	0	0	0.201	0	0.402	0.136	0.400	0.403	0.825
ACTB	H2BC18	9606.ENSP00000494750	9606.ENSP00000445831	0	0	0	0	0.042	0.099	0	0.370	0.409
ACTB	VIM	9606.ENSP00000494750	9606.ENSP00000446007	0	0	0	0	0.156	0.243	0	0.601	0.723
ACTB	SOD2	9606.ENSP00000494750	9606.ENSP00000446252	0	0	0	0	0.082	0	0	0.638	0.653
ACTB	MYL6	9606.ENSP00000494750	9606.ENSP00000446955	0	0	0	0	0.286	0.314	0.900	0.529	0.973
ACTB	TWF1	9606.ENSP00000494750	9606.ENSP00000449428	0	0	0	0	0.071	0.393	0	0.263	0.549
ACTB	ITGB3	9606.ENSP00000494750	9606.ENSP00000452786	0	0	0	0	0.044	0.070	0.900	0.500	0.949
ACTB	ARHGDIA	9606.ENSP00000494750	9606.ENSP00000463939	0	0	0	0	0.126	0.073	0	0.418	0.488
ACTB	SLC16A3	9606.ENSP00000494750	9606.ENSP00000463978	0	0	0	0	0.062	0.045	0	0.391	0.406
ACTB	CLTC	9606.ENSP00000494750	9606.ENSP00000479606	0	0	0	0	0.075	0.113	0	0.656	0.693
ACTB	MUC1	9606.ENSP00000494750	9606.ENSP00000484824	0	0	0	0	0.042	0.092	0	0.477	0.505
ACTB	MUC5AC	9606.ENSP00000494750	9606.ENSP00000485659	0	0	0	0	0	0.103	0	0.420	0.457
ACTB	B2M	9606.ENSP00000494750	9606.ENSP00000497910	0	0	0	0	0.171	0	0	0.784	0.813
ACTB	ENO1	9606.ENSP00000494750	9606.ENSP00000495530	0	0	0	0	0.364	0.250	0	0.749	0.869
ACTB	RDX	9606.ENSP00000494750	9606.ENSP00000496414	0	0	0	0	0.058	0.136	0.900	0.408	0.945
ACTN1	VAMP3	9606.ENSP00000377941	9606.ENSP00000054666	0	0	0	0	0.056	0	0.400	0.043	0.410
ACTN1	ITGB4	9606.ENSP00000377941	9606.ENSP00000200181	0	0	0	0	0.048	0.073	0.650	0.493	0.822
ACTN1	VCL	9606.ENSP00000377941	9606.ENSP00000211998	0	0	0	0	0.447	0.912	0.900	0.893	0.999
ACTN1	SERPINE1	9606.ENSP00000377941	9606.ENSP00000223095	0	0	0	0	0.108	0	0	0.494	0.529
ACTN1	PFN1	9606.ENSP00000377941	9606.ENSP00000225655	0	0	0	0	0.102	0.068	0	0.732	0.756
ACTN1	TSG101	9606.ENSP00000377941	9606.ENSP00000251968	0	0	0	0	0.042	0.108	0	0.359	0.405
ACTN1	THBS1	9606.ENSP00000377941	9606.ENSP00000260356	0	0	0	0	0.099	0.062	0	0.414	0.461
ACTN1	ITGAV	9606.ENSP00000377941	9606.ENSP00000261023	0	0	0	0	0.063	0	0.650	0.268	0.739
ACTN1	ACTR3	9606.ENSP00000377941	9606.ENSP00000263238	0	0	0	0	0.060	0.211	0	0.358	0.482
ACTN1	MCAM	9606.ENSP00000377941	9606.ENSP00000264036	0	0	0	0	0.063	0.045	0.400	0.064	0.430
ACTN1	ICAM1	9606.ENSP00000377941	9606.ENSP00000264832	0	0	0	0	0.043	0.055	0	0.503	0.511
ACTN1	IQGAP1	9606.ENSP00000377941	9606.ENSP00000268182	0	0	0	0	0.068	0.211	0	0.591	0.673
ACTN1	ITGB6	9606.ENSP00000377941	9606.ENSP00000283249	0	0	0	0	0.086	0.073	0.650	0.128	0.707
ACTN1	ITGA5	9606.ENSP00000377941	9606.ENSP00000293379	0	0	0	0	0.266	0	0.900	0.565	0.965
ACTN1	ARPC2	9606.ENSP00000377941	9606.ENSP00000295685	0	0	0	0	0.085	0	0	0.525	0.547
ACTN1	ITGB5	9606.ENSP00000377941	9606.ENSP00000296181	0	0	0	0	0.127	0.073	0.650	0.330	0.785
ACTN1	ITGA2	9606.ENSP00000377941	9606.ENSP00000296585	0	0	0	0	0.062	0	0.650	0.373	0.776
ACTN1	CFL2	9606.ENSP00000377941	9606.ENSP00000298159	0	0	0	0	0.042	0.071	0	0.897	0.900
ACTN1	CTNNA1	9606.ENSP00000377941	9606.ENSP00000304669	0	0	0	0	0.101	0.628	0.900	0.332	0.974
ACTN1	ITGA3	9606.ENSP00000377941	9606.ENSP00000315190	0	0	0	0	0.074	0	0.650	0.274	0.744
ACTN1	TLN1	9606.ENSP00000377941	9606.ENSP00000316029	0	0	0	0	0.271	0.099	0	0.764	0.832
ACTN1	BASP1	9606.ENSP00000377941	9606.ENSP00000319281	0	0	0	0	0.078	0	0.400	0.134	0.479
ACTN1	CD151	9606.ENSP00000377941	9606.ENSP00000324101	0	0	0	0	0.136	0	0	0.430	0.486
ACTN1	EZR	9606.ENSP00000377941	9606.ENSP00000338934	0	0	0	0	0.054	0.367	0	0.358	0.581
ACTN1	TUBB	9606.ENSP00000377941	9606.ENSP00000339001	0	0	0	0	0.105	0.069	0	0.397	0.453
ACTN1	ANXA2	9606.ENSP00000377941	9606.ENSP00000346032	0	0	0	0	0.086	0.065	0	0.529	0.562
ACTN1	HNRNPA2B1	9606.ENSP00000377941	9606.ENSP00000346694	0	0	0	0	0.042	0.071	0	0.453	0.470
ACTN1	FN1	9606.ENSP00000377941	9606.ENSP00000346839	0	0	0	0	0.104	0	0	0.597	0.624
ACTN1	MSN	9606.ENSP00000377941	9606.ENSP00000353408	0	0	0	0	0.127	0	0	0.377	0.432
ACTN1	CSRP1	9606.ENSP00000377941	9606.ENSP00000356275	0	0	0	0	0.203	0.314	0	0.283	0.574
ACTN1	TAGLN2	9606.ENSP00000377941	9606.ENSP00000357076	0	0	0	0	0.138	0	0	0.345	0.412
ACTN1	FLNA	9606.ENSP00000377941	9606.ENSP00000358866	0	0	0	0.583	0.314	0.069	0	0.591	0.716
ACTN1	HSP90AB1	9606.ENSP00000377941	9606.ENSP00000360609	0	0	0	0	0.049	0.179	0	0.507	0.581
ACTN1	SDC4	9606.ENSP00000377941	9606.ENSP00000361818	0	0	0	0	0.068	0	0.700	0.107	0.728
ACTN1	ACTR2	9606.ENSP00000377941	9606.ENSP00000367220	0	0	0	0	0.088	0.095	0	0.440	0.498
ACTN1	AGRN	9606.ENSP00000377941	9606.ENSP00000368678	0	0	0	0	0.084	0.292	0	0.173	0.417
ACTN1	GIPC1	9606.ENSP00000377941	9606.ENSP00000376753	0	0	0	0	0.062	0.303	0	0.456	0.613
ACTN1	PLXNA1	9606.ENSP00000377941	9606.ENSP00000377061	0	0	0	0	0.062	0	0.400	0.051	0.419
ACTN1	RHOA	9606.ENSP00000377941	9606.ENSP00000400175	0	0	0	0	0.059	0.068	0	0.405	0.433
ACTN1	SDCBP	9606.ENSP00000377941	9606.ENSP00000428184	0	0	0	0	0.091	0.071	0	0.466	0.509
ACTN1	TUBA1A	9606.ENSP00000377941	9606.ENSP00000439020	0	0	0	0	0.110	0.343	0	0.238	0.516
ACTN1	CD44	9606.ENSP00000377941	9606.ENSP00000398632	0	0	0	0	0.083	0	0	0.499	0.520
ACTN1	MYL6	9606.ENSP00000377941	9606.ENSP00000446955	0	0	0	0	0.068	0.052	0	0.543	0.561
ACTN1	TWF1	9606.ENSP00000377941	9606.ENSP00000449428	0	0	0	0	0.047	0	0	0.586	0.589
ACTN1	ENO1	9606.ENSP00000377941	9606.ENSP00000495530	0	0	0	0	0.186	0	0	0.550	0.618
ACTN1	WDR1	9606.ENSP00000377941	9606.ENSP00000427687	0	0	0	0	0.208	0	0	0.633	0.697
ACTN1	CAPZB	9606.ENSP00000377941	9606.ENSP00000401010	0	0	0	0	0.097	0.110	0.400	0.543	0.750
ACTN1	ITGA6	9606.ENSP00000377941	9606.ENSP00000386896	0	0	0	0	0.067	0	0.650	0.515	0.827
ACTN1	ITGB3	9606.ENSP00000377941	9606.ENSP00000452786	0	0	0	0	0.067	0.073	0.650	0.592	0.860
ACTN1	CFL1	9606.ENSP00000377941	9606.ENSP00000432660	0	0	0	0	0.083	0.071	0	0.908	0.915
ACTN1	ITGB1	9606.ENSP00000377941	9606.ENSP00000379350	0	0	0	0	0.174	0.328	0.900	0.594	0.974
ACTR2	GPRC5A	9606.ENSP00000367220	9606.ENSP00000014914	0	0	0	0	0	0.422	0	0	0.422
ACTR2	VCL	9606.ENSP00000367220	9606.ENSP00000211998	0	0	0	0	0.074	0.050	0	0.712	0.725
ACTR2	PFN1	9606.ENSP00000367220	9606.ENSP00000225655	0	0	0	0	0.228	0.299	0	0.863	0.920
ACTR2	CLTA	9606.ENSP00000367220	9606.ENSP00000242285	0	0	0	0	0.094	0.379	0	0.252	0.543
ACTR2	RAC2	9606.ENSP00000367220	9606.ENSP00000249071	0	0	0	0	0.209	0.070	0	0.413	0.530
ACTR2	DSG2	9606.ENSP00000367220	9606.ENSP00000261590	0	0	0	0	0.042	0.434	0	0.050	0.440
ACTR2	COTL1	9606.ENSP00000367220	9606.ENSP00000262428	0	0	0	0	0.141	0.307	0	0.261	0.522
ACTR2	CAPZA1	9606.ENSP00000367220	9606.ENSP00000263168	0	0	0	0	0.235	0.306	0	0.354	0.627
ACTR2	ACTR3	9606.ENSP00000367220	9606.ENSP00000263238	0	0	0.079	0.810	0.855	0.997	0.900	0.984	0.999
ACTR2	IQGAP1	9606.ENSP00000367220	9606.ENSP00000268182	0	0	0	0	0.158	0.227	0	0.359	0.547
ACTR2	RHOC	9606.ENSP00000367220	9606.ENSP00000285735	0	0	0	0	0.499	0.070	0	0.542	0.768
ACTR2	ARPC2	9606.ENSP00000367220	9606.ENSP00000295685	0	0	0	0	0.759	0.995	0.900	0.997	0.999
ACTR2	CFL2	9606.ENSP00000367220	9606.ENSP00000298159	0	0	0	0	0.076	0.240	0	0.916	0.936
ACTR2	TLN1	9606.ENSP00000367220	9606.ENSP00000316029	0	0	0	0	0.164	0.046	0	0.410	0.488
ACTR2	BAIAP2	9606.ENSP00000367220	9606.ENSP00000316338	0	0	0	0	0.042	0.202	0.500	0.640	0.844
ACTR2	BASP1	9606.ENSP00000367220	9606.ENSP00000319281	0	0	0	0	0.067	0.422	0	0.091	0.466
ACTR2	UGP2	9606.ENSP00000367220	9606.ENSP00000338703	0	0.112	0	0	0.075	0	0	0.394	0.460
ACTR2	EZR	9606.ENSP00000367220	9606.ENSP00000338934	0	0	0	0	0.133	0.046	0	0.362	0.426
ACTR2	PLS3	9606.ENSP00000367220	9606.ENSP00000348163	0	0	0	0	0.110	0.251	0	0.325	0.511
ACTR2	MSN	9606.ENSP00000367220	9606.ENSP00000353408	0	0	0	0	0.114	0.046	0	0.360	0.412
ACTR2	TAGLN2	9606.ENSP00000367220	9606.ENSP00000357076	0	0	0	0	0.123	0.114	0	0.420	0.510
ACTR2	FLNA	9606.ENSP00000367220	9606.ENSP00000358866	0	0	0	0	0.049	0.162	0	0.382	0.465
ACTR2	HSPA1B	9606.ENSP00000367220	9606.ENSP00000364801	0	0	0	0	0.049	0.065	0	0.417	0.436
ACTR2	CD44	9606.ENSP00000367220	9606.ENSP00000398632	0	0	0	0	0.107	0.292	0	0.137	0.406
ACTR2	ARHGDIA	9606.ENSP00000367220	9606.ENSP00000463939	0	0	0	0	0.080	0.073	0	0.364	0.411
ACTR2	DCTN2	9606.ENSP00000367220	9606.ENSP00000408910	0	0	0	0	0.067	0.296	0	0.238	0.455
ACTR2	MYL6	9606.ENSP00000367220	9606.ENSP00000446955	0	0	0	0	0.225	0.126	0	0.261	0.456
ACTR2	ITGB1	9606.ENSP00000367220	9606.ENSP00000379350	0	0	0	0	0.151	0.065	0	0.489	0.559
ACTR2	TWF1	9606.ENSP00000367220	9606.ENSP00000449428	0	0	0	0	0.129	0.302	0	0.384	0.593
ACTR2	RHOA	9606.ENSP00000367220	9606.ENSP00000400175	0	0	0	0	0.281	0.070	0	0.515	0.647
ACTR2	CAPZB	9606.ENSP00000367220	9606.ENSP00000401010	0	0	0	0	0.201	0.302	0	0.453	0.669
ACTR2	WDR1	9606.ENSP00000367220	9606.ENSP00000427687	0	0	0	0	0.459	0.226	0	0.366	0.711
ACTR2	CFL1	9606.ENSP00000367220	9606.ENSP00000432660	0	0	0	0	0.117	0.532	0	0.919	0.963
ACTR2	ARPC4	9606.ENSP00000367220	9606.ENSP00000388169	0	0	0	0	0.779	0.997	0.900	0.809	0.999
ACTR3	VCL	9606.ENSP00000263238	9606.ENSP00000211998	0	0	0	0	0.101	0.067	0	0.593	0.629
ACTR3	PFN1	9606.ENSP00000263238	9606.ENSP00000225655	0	0	0	0	0.204	0.178	0	0.646	0.748
ACTR3	TUBA4A	9606.ENSP00000263238	9606.ENSP00000248437	0	0	0	0	0.163	0.135	0	0.251	0.411
ACTR3	RAP1B	9606.ENSP00000263238	9606.ENSP00000250559	0	0	0	0	0.364	0.070	0	0.126	0.438
ACTR3	CAPZA1	9606.ENSP00000263238	9606.ENSP00000263168	0	0	0	0	0.607	0.144	0	0.210	0.711
ACTR3	CD44	9606.ENSP00000263238	9606.ENSP00000398632	0	0	0	0	0.127	0.292	0	0.119	0.407
ACTR3	TUBB	9606.ENSP00000263238	9606.ENSP00000339001	0	0	0	0	0.099	0.129	0	0.321	0.421
ACTR3	CLTC	9606.ENSP00000263238	9606.ENSP00000479606	0	0	0	0	0.274	0.106	0	0.180	0.421
ACTR3	DCTN2	9606.ENSP00000263238	9606.ENSP00000408910	0	0	0	0	0.062	0.296	0	0.209	0.432
ACTR3	TUBB4B	9606.ENSP00000263238	9606.ENSP00000341289	0	0	0	0	0.067	0.129	0	0.361	0.436
ACTR3	TUBA1C	9606.ENSP00000263238	9606.ENSP00000443475	0	0	0	0	0.115	0.135	0	0.327	0.440
ACTR3	LASP1	9606.ENSP00000263238	9606.ENSP00000325240	0	0	0	0	0.092	0.309	0	0.181	0.441
ACTR3	TUBA1B	9606.ENSP00000263238	9606.ENSP00000336799	0	0	0	0	0.155	0.135	0	0.327	0.465
ACTR3	FLNA	9606.ENSP00000263238	9606.ENSP00000358866	0	0	0	0	0.082	0.226	0	0.310	0.467
ACTR3	MYL6	9606.ENSP00000263238	9606.ENSP00000446955	0	0	0	0	0.255	0.126	0	0.251	0.470
ACTR3	TWF1	9606.ENSP00000263238	9606.ENSP00000449428	0	0	0	0	0.154	0.391	0	0.115	0.505
ACTR3	GDI2	9606.ENSP00000263238	9606.ENSP00000369538	0	0	0	0	0.387	0	0	0.234	0.511
ACTR3	RHOC	9606.ENSP00000263238	9606.ENSP00000285735	0	0	0	0	0.451	0.070	0	0.160	0.534
ACTR3	RHOA	9606.ENSP00000263238	9606.ENSP00000400175	0	0	0	0	0.360	0.070	0	0.316	0.558
ACTR3	PLS3	9606.ENSP00000263238	9606.ENSP00000348163	0	0	0	0	0.122	0.251	0	0.401	0.572
ACTR3	IQGAP1	9606.ENSP00000263238	9606.ENSP00000268182	0	0	0	0	0.413	0.226	0	0.346	0.677
ACTR3	CFL2	9606.ENSP00000263238	9606.ENSP00000298159	0	0	0	0	0.087	0.240	0	0.585	0.687
ACTR3	CFL1	9606.ENSP00000263238	9606.ENSP00000432660	0	0	0	0	0.241	0.240	0	0.601	0.750
ACTR3	BAIAP2	9606.ENSP00000263238	9606.ENSP00000316338	0	0	0	0	0.042	0.051	0.500	0.517	0.751
ACTR3	CAPZB	9606.ENSP00000263238	9606.ENSP00000401010	0	0	0	0	0.377	0.323	0	0.507	0.774
ACTR3	WDR1	9606.ENSP00000263238	9606.ENSP00000427687	0	0	0	0	0.686	0.226	0	0.343	0.826
ACTR3	ARPC2	9606.ENSP00000263238	9606.ENSP00000295685	0	0	0	0	0.808	0.995	0.900	0.985	0.999
ACTR3	ARPC4	9606.ENSP00000263238	9606.ENSP00000388169	0	0	0	0	0.720	0.997	0.900	0.776	0.999
ADAM10	TIMP1	9606.ENSP00000260408	9606.ENSP00000218388	0	0	0	0	0	0	0	0.518	0.518
ADAM10	CANX	9606.ENSP00000260408	9606.ENSP00000247461	0	0	0	0	0.106	0.190	0	0.238	0.400
ADAM10	PXDN	9606.ENSP00000260408	9606.ENSP00000252804	0	0	0	0	0.048	0	0	0.402	0.406
ADAM10	UBA52	9606.ENSP00000260408	9606.ENSP00000388107	0	0	0	0	0.049	0	0.400	0	0.405
ADAM10	ITGB5	9606.ENSP00000260408	9606.ENSP00000296181	0	0	0	0	0.087	0.046	0	0.373	0.406
ADAM10	SDCBP	9606.ENSP00000260408	9606.ENSP00000428184	0	0	0	0	0.181	0	0	0.311	0.411
ADAM10	DSP	9606.ENSP00000260408	9606.ENSP00000369129	0	0	0	0	0	0	0	0.417	0.416
ADAM10	CD59	9606.ENSP00000260408	9606.ENSP00000498879	0	0	0	0	0.056	0	0	0.473	0.481
ADAM10	FN1	9606.ENSP00000260408	9606.ENSP00000346839	0	0	0	0	0.054	0	0	0.476	0.483
ADAM10	CD44	9606.ENSP00000260408	9606.ENSP00000398632	0	0	0	0	0.074	0	0	0.477	0.495
ADAM10	PTGFRN	9606.ENSP00000260408	9606.ENSP00000376899	0	0	0	0	0.060	0.292	0	0.324	0.510
ADAM10	TIMP3	9606.ENSP00000260408	9606.ENSP00000266085	0	0	0	0	0.044	0	0	0.540	0.542
ADAM10	MME	9606.ENSP00000260408	9606.ENSP00000418525	0	0	0	0	0.042	0.095	0	0.516	0.543
ADAM10	EGFR	9606.ENSP00000260408	9606.ENSP00000275493	0	0	0	0	0.058	0	0	0.537	0.546
ADAM10	ITGB1	9606.ENSP00000260408	9606.ENSP00000379350	0	0	0	0	0.126	0.046	0	0.531	0.575
ADAM10	EPHA2	9606.ENSP00000260408	9606.ENSP00000351209	0	0	0	0	0.086	0	0.500	0.274	0.639
ADAM10	ADAM9	9606.ENSP00000260408	9606.ENSP00000419446	0	0	0	0.576	0.149	0	0	0.626	0.668
ADAM10	CD151	9606.ENSP00000260408	9606.ENSP00000324101	0	0	0	0	0.055	0.314	0	0.561	0.691
ADAM10	CD9	9606.ENSP00000260408	9606.ENSP00000371958	0	0	0	0	0.056	0.637	0	0.681	0.881
ADAM10	CD81	9606.ENSP00000260408	9606.ENSP00000263645	0	0	0	0	0	0.533	0	0.757	0.882
ADAM10	TSPAN14	9606.ENSP00000260408	9606.ENSP00000361231	0	0	0	0	0.123	0.527	0.500	0.905	0.977
ADAM9	CANX	9606.ENSP00000419446	9606.ENSP00000247461	0	0	0	0	0.139	0.318	0	0.060	0.400
ADAM9	ITGAV	9606.ENSP00000419446	9606.ENSP00000261023	0	0	0	0	0.164	0.292	0	0.492	0.673
ADAM9	TIMP3	9606.ENSP00000419446	9606.ENSP00000266085	0	0	0	0	0.085	0	0	0.541	0.562
ADAM9	EGFR	9606.ENSP00000419446	9606.ENSP00000275493	0	0	0	0	0.109	0	0	0.398	0.440
ADAM9	ITGA5	9606.ENSP00000419446	9606.ENSP00000293379	0	0	0	0	0.078	0	0	0.391	0.414
ADAM9	ITGB5	9606.ENSP00000419446	9606.ENSP00000296181	0	0	0	0	0.099	0.292	0	0.495	0.649
ADAM9	ITGB1	9606.ENSP00000419446	9606.ENSP00000379350	0	0	0	0	0.121	0	0	0.490	0.532
ADGRE5	CD14	9606.ENSP00000242786	9606.ENSP00000385519	0	0	0	0	0.084	0	0	0.411	0.437
ADGRE5	LAMP1	9606.ENSP00000242786	9606.ENSP00000333298	0	0	0	0	0.059	0.052	0	0.438	0.455
ADGRE5	ITGAV	9606.ENSP00000242786	9606.ENSP00000261023	0	0	0	0	0.065	0	0	0.454	0.468
ADGRE5	CD44	9606.ENSP00000242786	9606.ENSP00000398632	0	0	0	0	0.145	0	0	0.556	0.604
ADGRE5	CD59	9606.ENSP00000242786	9606.ENSP00000498879	0	0	0	0	0.054	0	0	0.775	0.778
AGRN	LAMB1	9606.ENSP00000368678	9606.ENSP00000222399	0	0	0	0.548	0.099	0.066	0.500	0.207	0.622
AGRN	CANX	9606.ENSP00000368678	9606.ENSP00000247461	0	0	0	0	0.042	0.292	0	0.195	0.406
AGRN	LAMA5	9606.ENSP00000368678	9606.ENSP00000252999	0	0	0	0.547	0.174	0	0.500	0.309	0.690
AGRN	LAMC1	9606.ENSP00000368678	9606.ENSP00000258341	0	0	0	0.548	0.121	0	0.500	0.194	0.615
AGRN	ITGAV	9606.ENSP00000368678	9606.ENSP00000261023	0	0	0	0	0.090	0.062	0.500	0.219	0.622
AGRN	ICAM1	9606.ENSP00000368678	9606.ENSP00000264832	0	0	0	0	0.063	0	0	0.461	0.473
AGRN	EGFR	9606.ENSP00000368678	9606.ENSP00000275493	0	0	0	0	0.086	0.092	0	0.335	0.400
AGRN	ITGA5	9606.ENSP00000368678	9606.ENSP00000293379	0	0	0	0	0.071	0.062	0.500	0.211	0.611
AGRN	ITGA2	9606.ENSP00000368678	9606.ENSP00000296585	0	0	0	0	0.071	0.086	0.500	0.217	0.623
AGRN	LAMB2	9606.ENSP00000368678	9606.ENSP00000307156	0	0	0	0.548	0.145	0.066	0.500	0.164	0.622
AGRN	ITGA3	9606.ENSP00000368678	9606.ENSP00000315190	0	0	0	0	0.131	0.062	0.500	0.307	0.680
AGRN	FN1	9606.ENSP00000368678	9606.ENSP00000346839	0	0	0	0	0.086	0.292	0	0.977	0.983
AGRN	COL18A1	9606.ENSP00000368678	9606.ENSP00000352798	0	0	0	0	0.135	0.093	0	0.517	0.588
AGRN	HDGF	9606.ENSP00000368678	9606.ENSP00000357189	0	0	0	0	0.066	0.292	0	0.179	0.409
AGRN	SDC4	9606.ENSP00000368678	9606.ENSP00000361818	0	0	0	0	0.074	0	0.400	0.452	0.668
AGRN	HSPG2	9606.ENSP00000368678	9606.ENSP00000363827	0	0	0	0.583	0.144	0	0.400	0.988	0.993
AGRN	MUC1	9606.ENSP00000368678	9606.ENSP00000484824	0	0	0	0	0.117	0	0	0.407	0.454
AGRN	PLXNA1	9606.ENSP00000368678	9606.ENSP00000377061	0	0	0	0	0.271	0.066	0	0.372	0.535
AGRN	ITGA6	9606.ENSP00000368678	9606.ENSP00000386896	0	0	0	0	0.065	0.062	0.500	0.229	0.616
AGRN	CD44	9606.ENSP00000368678	9606.ENSP00000398632	0	0	0	0	0.042	0	0	0.720	0.720
AGRN	ITGB1	9606.ENSP00000368678	9606.ENSP00000379350	0	0	0	0	0.046	0	0.500	0.592	0.788
ALDH1A3	EGFR	9606.ENSP00000332256	9606.ENSP00000275493	0	0	0	0	0.328	0	0	0.298	0.508
ALDH1A3	ITGA6	9606.ENSP00000332256	9606.ENSP00000386896	0	0	0	0	0.067	0	0	0.407	0.423
ALDH1A3	HSPA1B	9606.ENSP00000332256	9606.ENSP00000364801	0	0	0	0	0.062	0.049	0	0.424	0.441
ALDH1A3	CRABP2	9606.ENSP00000332256	9606.ENSP00000482841	0	0	0	0	0.070	0	0	0.506	0.521
ALDH1A3	CD44	9606.ENSP00000332256	9606.ENSP00000398632	0	0	0	0	0.097	0	0	0.537	0.564
ALDH9A1	GLUL	9606.ENSP00000346827	9606.ENSP00000307900	0.057	0	0	0	0.068	0	0.800	0.207	0.842
ALDH9A1	MDH2	9606.ENSP00000346827	9606.ENSP00000327070	0	0	0	0	0.152	0.061	0.112	0.271	0.415
ALDH9A1	IDH1	9606.ENSP00000346827	9606.ENSP00000390265	0	0	0	0	0.089	0	0	0.423	0.452
ANPEP	CEACAM1	9606.ENSP00000300060	9606.ENSP00000161559	0	0	0	0	0	0.046	0	0.458	0.461
ANPEP	LGALS1	9606.ENSP00000300060	9606.ENSP00000215909	0	0	0	0	0.084	0	0	0.475	0.498
ANPEP	TIMP1	9606.ENSP00000300060	9606.ENSP00000218388	0	0	0	0	0.084	0	0	0.479	0.502
ANPEP	PFN1	9606.ENSP00000300060	9606.ENSP00000225655	0	0	0	0	0.062	0	0	0.404	0.417
ANPEP	GGT1	9606.ENSP00000300060	9606.ENSP00000248923	0	0	0	0	0.050	0	0.914	0.399	0.946
ANPEP	PXDN	9606.ENSP00000300060	9606.ENSP00000252804	0	0	0	0	0.049	0	0	0.409	0.414
ANPEP	NT5E	9606.ENSP00000300060	9606.ENSP00000257770	0.054	0	0	0	0.145	0	0	0.755	0.785
ANPEP	CD81	9606.ENSP00000300060	9606.ENSP00000263645	0	0	0	0	0.042	0.305	0	0.583	0.698
ANPEP	MCAM	9606.ENSP00000300060	9606.ENSP00000264036	0	0	0	0	0.055	0	0	0.579	0.585
ANPEP	ICAM1	9606.ENSP00000300060	9606.ENSP00000264832	0	0	0	0	0.086	0	0	0.537	0.559
ANPEP	NRP1	9606.ENSP00000300060	9606.ENSP00000265371	0	0	0	0	0.062	0	0	0.393	0.406
ANPEP	IQGAP1	9606.ENSP00000300060	9606.ENSP00000268182	0	0	0	0	0.060	0	0	0.406	0.418
ANPEP	EGFR	9606.ENSP00000300060	9606.ENSP00000275493	0	0	0	0	0.118	0	0	0.354	0.405
ANPEP	ITGA5	9606.ENSP00000300060	9606.ENSP00000293379	0	0	0	0	0.128	0	0	0.448	0.498
ANPEP	RNPEP	9606.ENSP00000300060	9606.ENSP00000295640	0	0	0	0.578	0.107	0.075	0	0.371	0.435
ANPEP	ANXA5	9606.ENSP00000300060	9606.ENSP00000296511	0	0	0	0	0.058	0	0	0.588	0.595
ANPEP	ITGA2	9606.ENSP00000300060	9606.ENSP00000296585	0	0	0	0	0.097	0	0	0.378	0.414
ANPEP	NPM1	9606.ENSP00000300060	9606.ENSP00000296930	0	0	0	0	0	0	0	0.507	0.507
ANPEP	CD47	9606.ENSP00000300060	9606.ENSP00000355361	0	0	0	0	0.056	0.086	0	0.372	0.411
ANPEP	HSPA5	9606.ENSP00000300060	9606.ENSP00000324173	0	0	0	0	0	0.074	0	0.403	0.423
ANPEP	FN1	9606.ENSP00000300060	9606.ENSP00000346839	0	0	0	0	0.064	0	0	0.434	0.448
ANPEP	CD59	9606.ENSP00000300060	9606.ENSP00000498879	0	0	0	0	0.044	0	0	0.481	0.483
ANPEP	VIM	9606.ENSP00000300060	9606.ENSP00000446007	0	0	0	0	0.085	0.095	0	0.481	0.532
ANPEP	F3	9606.ENSP00000300060	9606.ENSP00000334145	0	0	0	0	0.055	0	0	0.586	0.592
ANPEP	ITGB3	9606.ENSP00000300060	9606.ENSP00000452786	0	0	0	0	0.109	0	0	0.571	0.601
ANPEP	CD58	9606.ENSP00000300060	9606.ENSP00000358501	0	0	0	0	0.047	0	0	0.609	0.611
ANPEP	CD9	9606.ENSP00000300060	9606.ENSP00000371958	0	0	0	0	0.042	0.043	0	0.702	0.702
ANPEP	CD44	9606.ENSP00000300060	9606.ENSP00000398632	0	0	0	0	0.120	0	0	0.752	0.772
ANPEP	ITGA6	9606.ENSP00000300060	9606.ENSP00000386896	0	0	0	0	0.663	0	0	0.393	0.786
ANPEP	ITGB1	9606.ENSP00000300060	9606.ENSP00000379350	0	0	0	0	0.047	0	0	0.802	0.804
ANPEP	MME	9606.ENSP00000300060	9606.ENSP00000418525	0.043	0	0	0	0.089	0	0	0.893	0.898
ANPEP	SFN	9606.ENSP00000300060	9606.ENSP00000340989	0	0	0	0	0.121	0.856	0	0.711	0.960
ANTXR2	HLA-B	9606.ENSP00000306185	9606.ENSP00000399168	0	0	0	0	0.062	0	0	0.425	0.437
ANTXR2	FN1	9606.ENSP00000306185	9606.ENSP00000346839	0	0	0	0	0.058	0	0	0.462	0.472
ANXA1	LGALS1	9606.ENSP00000366109	9606.ENSP00000215909	0	0	0	0	0.433	0	0	0.420	0.657
ANXA1	TIMP1	9606.ENSP00000366109	9606.ENSP00000218388	0	0	0	0	0.222	0	0	0.323	0.451
ANXA1	PFN1	9606.ENSP00000366109	9606.ENSP00000225655	0	0	0	0	0.080	0	0	0.633	0.648
ANXA1	CANX	9606.ENSP00000366109	9606.ENSP00000247461	0	0	0	0	0	0	0	0.563	0.563
ANXA1	HSPB1	9606.ENSP00000366109	9606.ENSP00000248553	0	0	0	0	0.062	0	0	0.436	0.448
ANXA1	TSG101	9606.ENSP00000366109	9606.ENSP00000251968	0	0	0	0	0.042	0	0	0.595	0.596
ANXA1	PXDN	9606.ENSP00000366109	9606.ENSP00000252804	0	0	0	0	0.055	0	0	0.424	0.433
ANXA1	LAMA5	9606.ENSP00000366109	9606.ENSP00000252999	0	0	0	0	0.106	0	0.400	0.085	0.466
ANXA1	LAMC1	9606.ENSP00000366109	9606.ENSP00000258341	0	0	0	0	0.079	0	0	0.395	0.420
ANXA1	THBS1	9606.ENSP00000366109	9606.ENSP00000260356	0	0	0	0	0.191	0	0	0.569	0.637
ANXA1	ITGAV	9606.ENSP00000366109	9606.ENSP00000261023	0	0	0	0	0.159	0	0	0.537	0.594
ANXA1	LGALS3BP	9606.ENSP00000366109	9606.ENSP00000262776	0	0	0	0	0.068	0	0	0.460	0.476
ANXA1	CD81	9606.ENSP00000366109	9606.ENSP00000263645	0	0	0	0	0.055	0	0	0.675	0.680
ANXA1	YWHAE	9606.ENSP00000366109	9606.ENSP00000264335	0	0	0	0	0.059	0.067	0	0.602	0.620
ANXA1	ICAM1	9606.ENSP00000366109	9606.ENSP00000264832	0	0	0	0	0.123	0	0	0.398	0.449
ANXA1	MFGE8	9606.ENSP00000366109	9606.ENSP00000268150	0	0	0	0	0.106	0	0	0.570	0.599
ANXA1	S100A11	9606.ENSP00000366109	9606.ENSP00000271638	0	0	0	0	0.462	0.510	0	0.993	0.998
ANXA1	EGFR	9606.ENSP00000366109	9606.ENSP00000275493	0	0	0	0	0.072	0.505	0	0.604	0.802
ANXA1	ANXA5	9606.ENSP00000366109	9606.ENSP00000296511	0	0	0.086	0.908	0.207	0.226	0	0.460	0.656
ANXA1	RAB6A	9606.ENSP00000366109	9606.ENSP00000311449	0	0	0	0	0.042	0	0	0.424	0.424
ANXA1	CLU	9606.ENSP00000366109	9606.ENSP00000315130	0	0	0	0	0.096	0	0	0.380	0.415
ANXA1	F3	9606.ENSP00000366109	9606.ENSP00000334145	0	0	0	0	0.076	0	0	0.541	0.557
ANXA1	SFN	9606.ENSP00000366109	9606.ENSP00000340989	0	0	0	0	0.124	0.072	0	0.327	0.405
ANXA1	ANXA2	9606.ENSP00000366109	9606.ENSP00000346032	0	0	0.072	0.936	0.868	0.097	0.800	0.610	0.989
ANXA1	ANXA6	9606.ENSP00000366109	9606.ENSP00000346550	0	0	0.084	0.901	0.087	0	0.800	0.125	0.834
ANXA1	FN1	9606.ENSP00000366109	9606.ENSP00000346839	0	0	0	0	0.122	0.072	0.400	0.627	0.793
ANXA1	EPHA2	9606.ENSP00000366109	9606.ENSP00000351209	0	0	0	0	0.097	0.292	0	0.256	0.483
ANXA1	MYOF	9606.ENSP00000366109	9606.ENSP00000352208	0	0	0	0	0.224	0.091	0	0.565	0.666
ANXA1	MSN	9606.ENSP00000366109	9606.ENSP00000353408	0	0	0	0	0.133	0	0	0.355	0.417
ANXA1	TGM2	9606.ENSP00000366109	9606.ENSP00000355330	0	0	0	0	0.093	0.087	0	0.592	0.632
ANXA1	CSRP1	9606.ENSP00000366109	9606.ENSP00000356275	0	0	0	0	0.081	0	0	0.403	0.427
ANXA1	TAGLN2	9606.ENSP00000366109	9606.ENSP00000357076	0	0	0	0	0.174	0	0	0.334	0.427
ANXA1	S100A4	9606.ENSP00000366109	9606.ENSP00000357704	0	0	0	0	0.597	0	0	0.628	0.844
ANXA1	S100A7	9606.ENSP00000366109	9606.ENSP00000357711	0	0	0	0	0.042	0	0	0.425	0.425
ANXA1	S100A9	9606.ENSP00000366109	9606.ENSP00000357727	0	0	0	0	0.184	0	0	0.357	0.453
ANXA1	SPRR1A	9606.ENSP00000366109	9606.ENSP00000357751	0	0	0	0	0.044	0	0	0.409	0.410
ANXA1	S100A10	9606.ENSP00000366109	9606.ENSP00000357801	0	0	0	0	0.661	0.101	0	0.930	0.977
ANXA1	GNG5	9606.ENSP00000366109	9606.ENSP00000359675	0	0	0	0	0.049	0	0.500	0.065	0.516
ANXA1	HSP90AB1	9606.ENSP00000366109	9606.ENSP00000360609	0	0	0	0	0.042	0	0	0.433	0.433
ANXA1	HSPA1B	9606.ENSP00000366109	9606.ENSP00000364801	0	0	0	0	0.069	0.292	0	0.378	0.554
ANXA1	CLIC1	9606.ENSP00000366109	9606.ENSP00000364935	0	0	0	0	0.173	0	0	0.321	0.415
ANXA1	PDCD6IP	9606.ENSP00000366109	9606.ENSP00000411825	0	0	0	0	0.057	0	0	0.392	0.402
ANXA1	SDCBP2	9606.ENSP00000366109	9606.ENSP00000371233	0	0	0	0	0.059	0	0	0.397	0.409
ANXA1	CFL1	9606.ENSP00000366109	9606.ENSP00000432660	0	0	0	0	0.105	0	0	0.381	0.423
ANXA1	MYADM	9606.ENSP00000366109	9606.ENSP00000375649	0	0	0	0	0.106	0	0	0.396	0.437
ANXA1	ITGB1	9606.ENSP00000366109	9606.ENSP00000379350	0	0	0	0	0.215	0	0	0.315	0.439
ANXA1	SERPINB1	9606.ENSP00000366109	9606.ENSP00000370115	0	0	0	0	0.203	0	0	0.337	0.449
ANXA1	ANXA11	9606.ENSP00000366109	9606.ENSP00000398610	0	0	0.081	0.917	0.072	0	0	0.413	0.456
ANXA1	RPSA	9606.ENSP00000366109	9606.ENSP00000389351	0	0	0	0	0.103	0	0	0.522	0.552
ANXA1	CD44	9606.ENSP00000366109	9606.ENSP00000398632	0	0	0	0	0.304	0	0	0.389	0.556
ANXA1	MYL6	9606.ENSP00000366109	9606.ENSP00000446955	0	0	0	0	0.455	0	0	0.234	0.565
ANXA1	VIM	9606.ENSP00000366109	9606.ENSP00000446007	0	0.002	0	0	0.344	0.070	0	0.370	0.582
ANXA1	GNB1	9606.ENSP00000366109	9606.ENSP00000367872	0	0	0	0	0.076	0	0.500	0.200	0.598
ANXA1	ENO1	9606.ENSP00000366109	9606.ENSP00000495530	0	0	0	0	0.075	0.075	0	0.678	0.701
ANXA1	CD9	9606.ENSP00000366109	9606.ENSP00000371958	0	0	0	0	0.262	0	0	0.658	0.737
ANXA11	TUBA4A	9606.ENSP00000398610	9606.ENSP00000248437	0	0.001	0	0	0.101	0	0	0.460	0.493
ANXA11	TSG101	9606.ENSP00000398610	9606.ENSP00000251968	0	0	0	0	0.056	0	0	0.514	0.522
ANXA11	CD81	9606.ENSP00000398610	9606.ENSP00000263645	0	0	0	0	0.088	0.070	0	0.405	0.451
ANXA11	S100A11	9606.ENSP00000398610	9606.ENSP00000271638	0	0	0	0	0.096	0.069	0	0.400	0.451
ANXA11	EGFR	9606.ENSP00000398610	9606.ENSP00000275493	0	0	0	0	0.042	0.214	0	0.381	0.493
ANXA11	ANXA2	9606.ENSP00000398610	9606.ENSP00000346032	0	0	0.082	0.913	0.062	0.467	0	0.081	0.522
ANXA11	ANXA6	9606.ENSP00000398610	9606.ENSP00000346550	0	0	0.089	0.886	0.045	0	0	0.425	0.456
ANXA11	VCP	9606.ENSP00000398610	9606.ENSP00000351777	0	0	0	0	0.060	0.162	0	0.334	0.429
ANXA11	S100A10	9606.ENSP00000398610	9606.ENSP00000357801	0	0	0	0	0.079	0.091	0	0.420	0.472
ANXA11	HSPA1B	9606.ENSP00000398610	9606.ENSP00000364801	0	0	0	0	0.057	0	0	0.409	0.418
ANXA11	CD9	9606.ENSP00000398610	9606.ENSP00000371958	0	0	0	0	0.117	0	0	0.440	0.485
ANXA2	CEACAM1	9606.ENSP00000346032	9606.ENSP00000161559	0	0	0	0	0	0.292	0	0.558	0.673
ANXA2	LGALS1	9606.ENSP00000346032	9606.ENSP00000215909	0	0	0	0	0.540	0.214	0	0.404	0.766
ANXA2	CHMP4B	9606.ENSP00000346032	9606.ENSP00000217402	0	0	0	0	0.060	0.292	0	0.368	0.543
ANXA2	TIMP1	9606.ENSP00000346032	9606.ENSP00000218388	0	0	0	0	0.310	0	0	0.311	0.504
ANXA2	PLAT	9606.ENSP00000346032	9606.ENSP00000220809	0	0	0	0	0.125	0.292	0.400	0.994	0.997
ANXA2	SERPINE1	9606.ENSP00000346032	9606.ENSP00000223095	0	0	0	0	0.178	0	0	0.755	0.790
ANXA2	PFN1	9606.ENSP00000346032	9606.ENSP00000225655	0	0	0	0	0.137	0	0	0.375	0.438
ANXA2	H4C6	9606.ENSP00000346032	9606.ENSP00000244537	0	0	0	0	0	0.292	0	0.354	0.523
ANXA2	CANX	9606.ENSP00000346032	9606.ENSP00000247461	0	0	0	0	0.067	0	0	0.386	0.402
ANXA2	TUBA4A	9606.ENSP00000346032	9606.ENSP00000248437	0	0.001	0	0	0.058	0	0	0.492	0.501
ANXA2	HSPB1	9606.ENSP00000346032	9606.ENSP00000248553	0	0	0	0	0.067	0	0	0.639	0.648
ANXA2	RAC2	9606.ENSP00000346032	9606.ENSP00000249071	0	0	0	0	0.093	0	0	0.402	0.435
ANXA2	RAP1B	9606.ENSP00000346032	9606.ENSP00000250559	0	0	0	0	0.105	0	0	0.447	0.484
ANXA2	TSG101	9606.ENSP00000346032	9606.ENSP00000251968	0	0	0	0	0.056	0	0	0.787	0.790
ANXA2	PXDN	9606.ENSP00000346032	9606.ENSP00000252804	0	0	0	0	0.075	0	0	0.434	0.454
ANXA2	THBS1	9606.ENSP00000346032	9606.ENSP00000260356	0	0	0	0	0.160	0	0	0.355	0.435
ANXA2	CD81	9606.ENSP00000346032	9606.ENSP00000263645	0	0	0	0	0.072	0	0	0.683	0.693
ANXA2	VAMP8	9606.ENSP00000346032	9606.ENSP00000263864	0	0	0	0	0.084	0	0	0.560	0.580
ANXA2	YWHAE	9606.ENSP00000346032	9606.ENSP00000264335	0	0	0	0	0.059	0.067	0	0.470	0.494
ANXA2	ICAM1	9606.ENSP00000346032	9606.ENSP00000264832	0	0	0	0	0.106	0	0	0.372	0.415
ANXA2	IQGAP1	9606.ENSP00000346032	9606.ENSP00000268182	0	0	0	0	0.274	0.188	0	0.501	0.680
ANXA2	S100A11	9606.ENSP00000346032	9606.ENSP00000271638	0	0	0	0	0.557	0.087	0	0.991	0.996
ANXA2	EGFR	9606.ENSP00000346032	9606.ENSP00000275493	0	0	0	0	0.083	0.544	0	0.908	0.958
ANXA2	RPS3	9606.ENSP00000346032	9606.ENSP00000278572	0	0	0	0	0.056	0	0	0.395	0.404
ANXA2	RHOC	9606.ENSP00000346032	9606.ENSP00000285735	0	0	0	0	0.193	0.225	0	0.145	0.419
ANXA2	ITGA5	9606.ENSP00000346032	9606.ENSP00000293379	0	0	0	0	0.124	0	0	0.472	0.518
ANXA2	CLDN1	9606.ENSP00000346032	9606.ENSP00000295522	0	0	0	0	0.082	0	0	0.486	0.508
ANXA2	ANXA5	9606.ENSP00000346032	9606.ENSP00000296511	0	0	0.079	0.922	0.656	0.203	0	0.418	0.833
ANXA2	NPM1	9606.ENSP00000346032	9606.ENSP00000296930	0	0	0	0	0.104	0.510	0	0.252	0.643
ANXA2	FABP5	9606.ENSP00000346032	9606.ENSP00000297258	0	0	0	0	0.105	0.202	0	0.287	0.447
ANXA2	HSP90B1	9606.ENSP00000346032	9606.ENSP00000299767	0	0	0	0	0.142	0	0	0.369	0.436
ANXA2	RAB8A	9606.ENSP00000346032	9606.ENSP00000300935	0	0	0	0	0.088	0	0	0.483	0.508
ANXA2	FASN	9606.ENSP00000346032	9606.ENSP00000304592	0	0	0	0	0	0	0	0.494	0.493
ANXA2	RAB6A	9606.ENSP00000346032	9606.ENSP00000311449	0	0	0	0	0	0	0	0.462	0.461
ANXA2	TLN1	9606.ENSP00000346032	9606.ENSP00000316029	0	0	0	0	0.060	0	0	0.517	0.526
ANXA2	MMP1	9606.ENSP00000346032	9606.ENSP00000322788	0	0	0	0	0.108	0	0	0.674	0.697
ANXA2	CD151	9606.ENSP00000346032	9606.ENSP00000324101	0	0	0	0	0.193	0	0	0.778	0.813
ANXA2	HSPA5	9606.ENSP00000346032	9606.ENSP00000324173	0	0	0	0	0.112	0	0	0.755	0.773
ANXA2	LAMP1	9606.ENSP00000346032	9606.ENSP00000333298	0	0	0	0	0.087	0	0	0.569	0.589
ANXA2	F3	9606.ENSP00000346032	9606.ENSP00000334145	0	0	0	0	0.062	0	0	0.637	0.644
ANXA2	EZR	9606.ENSP00000346032	9606.ENSP00000338934	0	0	0	0	0.145	0	0	0.691	0.725
ANXA2	EEF1A1	9606.ENSP00000346032	9606.ENSP00000339063	0	0	0	0	0.146	0.052	0	0.735	0.767
ANXA2	SLPI	9606.ENSP00000346032	9606.ENSP00000342082	0	0	0	0	0.075	0	0	0.590	0.604
ANXA2	CASP14	9606.ENSP00000346032	9606.ENSP00000393417	0	0	0	0	0.049	0.329	0	0.155	0.413
ANXA2	TUBA1C	9606.ENSP00000346032	9606.ENSP00000443475	0	0.001	0	0	0.229	0	0	0.285	0.426
ANXA2	H2BC18	9606.ENSP00000346032	9606.ENSP00000445831	0	0	0	0	0	0	0	0.430	0.430
ANXA2	MYADM	9606.ENSP00000346032	9606.ENSP00000375649	0	0	0	0	0.107	0	0	0.415	0.456
ANXA2	PDCD6IP	9606.ENSP00000346032	9606.ENSP00000411825	0	0	0	0	0.050	0	0	0.451	0.456
ANXA2	TWF1	9606.ENSP00000346032	9606.ENSP00000449428	0	0	0	0	0.068	0	0	0.445	0.460
ANXA2	CSRP1	9606.ENSP00000346032	9606.ENSP00000356275	0	0	0	0	0.081	0	0	0.448	0.471
ANXA2	RHOA	9606.ENSP00000346032	9606.ENSP00000400175	0	0	0	0	0.097	0.162	0	0.358	0.472
ANXA2	MARCKS	9606.ENSP00000346032	9606.ENSP00000478061	0	0	0	0	0.062	0	0	0.467	0.479
ANXA2	S100A7	9606.ENSP00000346032	9606.ENSP00000357711	0	0	0	0	0	0.198	0	0.397	0.495
ANXA2	DSP	9606.ENSP00000346032	9606.ENSP00000369129	0	0	0	0	0.091	0.317	0	0.275	0.511
ANXA2	HNRNPK	9606.ENSP00000346032	9606.ENSP00000365458	0	0	0	0	0.056	0	0	0.507	0.514
ANXA2	VCP	9606.ENSP00000346032	9606.ENSP00000351777	0	0	0	0	0.075	0.166	0	0.442	0.532
ANXA2	S100A16	9606.ENSP00000346032	9606.ENSP00000357695	0	0	0	0	0.218	0	0	0.430	0.535
ANXA2	TAGLN2	9606.ENSP00000346032	9606.ENSP00000357076	0	0	0	0	0.289	0	0	0.377	0.538
ANXA2	LMNA	9606.ENSP00000346032	9606.ENSP00000357283	0	0	0	0	0.366	0.055	0	0.323	0.559
ANXA2	RACK1	9606.ENSP00000346032	9606.ENSP00000426909	0	0	0	0	0.071	0.210	0	0.449	0.560
ANXA2	YBX1	9606.ENSP00000346032	9606.ENSP00000361626	0	0	0	0	0.109	0.050	0	0.528	0.566
ANXA2	HSPA1B	9606.ENSP00000346032	9606.ENSP00000364801	0	0	0	0	0.063	0	0	0.560	0.571
ANXA2	ITGB1	9606.ENSP00000346032	9606.ENSP00000379350	0	0	0	0	0.214	0	0	0.510	0.598
ANXA2	VIM	9606.ENSP00000346032	9606.ENSP00000446007	0	0.002	0	0	0.301	0.087	0	0.433	0.606
ANXA2	JUP	9606.ENSP00000346032	9606.ENSP00000377508	0	0	0	0	0.042	0.318	0	0.448	0.608
ANXA2	S100A2	9606.ENSP00000346032	9606.ENSP00000499289	0	0	0	0	0.109	0	0	0.578	0.608
ANXA2	MSN	9606.ENSP00000346032	9606.ENSP00000353408	0	0	0	0	0.096	0	0	0.596	0.619
ANXA2	CD9	9606.ENSP00000346032	9606.ENSP00000371958	0	0	0	0	0.280	0	0	0.493	0.619
ANXA2	SDCBP2	9606.ENSP00000346032	9606.ENSP00000371233	0	0	0	0	0.062	0	0	0.622	0.630
ANXA2	MYOF	9606.ENSP00000346032	9606.ENSP00000352208	0	0	0	0	0.504	0.091	0	0.313	0.663
ANXA2	HSP90AB1	9606.ENSP00000346032	9606.ENSP00000360609	0	0	0	0	0.049	0	0	0.662	0.664
ANXA2	MYL6	9606.ENSP00000346032	9606.ENSP00000446955	0	0	0	0	0.413	0	0	0.452	0.664
ANXA2	CFL1	9606.ENSP00000346032	9606.ENSP00000432660	0	0	0	0	0.150	0	0	0.622	0.665
ANXA2	SDCBP	9606.ENSP00000346032	9606.ENSP00000428184	0	0	0	0	0.122	0	0	0.640	0.671
ANXA2	CD44	9606.ENSP00000346032	9606.ENSP00000398632	0	0	0	0	0.302	0	0	0.596	0.706
ANXA2	CLIC1	9606.ENSP00000346032	9606.ENSP00000364935	0	0	0	0	0.365	0	0	0.567	0.713
ANXA2	FN1	9606.ENSP00000346032	9606.ENSP00000346839	0	0	0	0	0.146	0.071	0	0.679	0.723
ANXA2	FLNA	9606.ENSP00000346032	9606.ENSP00000358866	0	0	0	0	0.129	0.220	0	0.633	0.729
ANXA2	ENO1	9606.ENSP00000346032	9606.ENSP00000495530	0	0	0	0	0.138	0	0	0.739	0.765
ANXA2	PLAU	9606.ENSP00000346032	9606.ENSP00000361850	0	0	0	0	0.245	0	0	0.754	0.806
ANXA2	ANXA6	9606.ENSP00000346032	9606.ENSP00000346550	0	0	0.079	0.910	0.073	0	0.800	0.536	0.910
ANXA2	S100A4	9606.ENSP00000346032	9606.ENSP00000357704	0	0	0	0	0.294	0.900	0	0.987	0.999
ANXA2	S100A10	9606.ENSP00000346032	9606.ENSP00000357801	0	0	0	0	0.826	0.987	0.900	0.999	0.999
ANXA5	VCL	9606.ENSP00000296511	9606.ENSP00000211998	0	0	0	0	0.098	0	0.400	0.465	0.685
ANXA5	LGALS1	9606.ENSP00000296511	9606.ENSP00000215909	0	0	0	0	0.391	0	0	0.511	0.689
ANXA5	TIMP1	9606.ENSP00000296511	9606.ENSP00000218388	0	0	0	0	0.301	0	0	0.336	0.516
ANXA5	PFN1	9606.ENSP00000296511	9606.ENSP00000225655	0	0	0	0	0.140	0.204	0	0.586	0.692
ANXA5	CANX	9606.ENSP00000296511	9606.ENSP00000247461	0	0	0	0	0.121	0	0	0.468	0.512
ANXA5	TUBA4A	9606.ENSP00000296511	9606.ENSP00000248437	0	0.003	0	0	0.082	0	0.400	0.230	0.539
ANXA5	HSPB1	9606.ENSP00000296511	9606.ENSP00000248553	0	0	0	0	0.067	0.071	0	0.480	0.510
ANXA5	TSG101	9606.ENSP00000296511	9606.ENSP00000251968	0	0	0	0	0.063	0	0	0.565	0.575
ANXA5	PXDN	9606.ENSP00000296511	9606.ENSP00000252804	0	0	0	0	0.066	0	0	0.885	0.888
ANXA5	NT5E	9606.ENSP00000296511	9606.ENSP00000257770	0	0	0	0	0.089	0	0	0.516	0.541
ANXA5	ITGAV	9606.ENSP00000296511	9606.ENSP00000261023	0	0	0	0	0.133	0	0	0.589	0.628
ANXA5	LGALS3BP	9606.ENSP00000296511	9606.ENSP00000262776	0	0	0	0	0.044	0	0	0.452	0.453
ANXA5	CD81	9606.ENSP00000296511	9606.ENSP00000263645	0	0	0	0	0.183	0	0	0.653	0.705
ANXA5	YWHAE	9606.ENSP00000296511	9606.ENSP00000264335	0	0	0	0	0.059	0.067	0	0.558	0.579
ANXA5	ICAM1	9606.ENSP00000296511	9606.ENSP00000264832	0	0	0	0	0.111	0	0	0.558	0.591
ANXA5	MFGE8	9606.ENSP00000296511	9606.ENSP00000268150	0	0	0	0	0.089	0	0	0.655	0.672
ANXA5	S100A11	9606.ENSP00000296511	9606.ENSP00000271638	0	0	0	0	0.296	0.069	0	0.489	0.636
ANXA5	EGFR	9606.ENSP00000296511	9606.ENSP00000275493	0	0	0	0	0.062	0.194	0	0.690	0.745
ANXA5	IL18	9606.ENSP00000296511	9606.ENSP00000280357	0	0	0	0	0.058	0	0	0.418	0.428
ANXA5	ITGB5	9606.ENSP00000296511	9606.ENSP00000296181	0	0	0	0	0.116	0.292	0	0.209	0.461
ANXA5	SDCBP2	9606.ENSP00000296511	9606.ENSP00000371233	0	0	0	0	0.063	0	0	0.395	0.409
ANXA5	NDRG1	9606.ENSP00000296511	9606.ENSP00000404854	0	0	0	0	0.117	0.234	0	0.198	0.411
ANXA5	CFL1	9606.ENSP00000296511	9606.ENSP00000432660	0	0	0	0	0.135	0	0	0.346	0.411
ANXA5	ANXA6	9606.ENSP00000296511	9606.ENSP00000346550	0	0	0.060	0.956	0.064	0	0	0.404	0.430
ANXA5	CD47	9606.ENSP00000296511	9606.ENSP00000355361	0	0	0	0	0.083	0	0	0.424	0.450
ANXA5	B2M	9606.ENSP00000296511	9606.ENSP00000497910	0	0	0	0	0.106	0	0	0.417	0.457
ANXA5	RHOA	9606.ENSP00000296511	9606.ENSP00000400175	0	0	0	0	0.110	0	0	0.429	0.470
ANXA5	SOD2	9606.ENSP00000296511	9606.ENSP00000446252	0	0	0	0	0.066	0.065	0	0.445	0.473
ANXA5	ASS1	9606.ENSP00000296511	9606.ENSP00000361471	0	0	0	0	0.074	0	0	0.463	0.482
ANXA5	TUBB	9606.ENSP00000296511	9606.ENSP00000339001	0	0.001	0	0	0.107	0.209	0	0.337	0.490
ANXA5	SDCBP	9606.ENSP00000296511	9606.ENSP00000428184	0	0	0	0	0.125	0	0	0.448	0.497
ANXA5	LMNA	9606.ENSP00000296511	9606.ENSP00000357283	0	0	0	0	0.200	0.055	0	0.393	0.502
ANXA5	FLNA	9606.ENSP00000296511	9606.ENSP00000358866	0	0	0	0	0.082	0	0.400	0.191	0.516
ANXA5	WDR1	9606.ENSP00000296511	9606.ENSP00000427687	0	0	0	0	0.160	0	0.400	0.137	0.527
ANXA5	TLN1	9606.ENSP00000296511	9606.ENSP00000316029	0	0	0	0	0.067	0	0.400	0.233	0.533
ANXA5	HSP90B1	9606.ENSP00000296511	9606.ENSP00000299767	0	0	0	0	0.118	0.200	0	0.415	0.551
ANXA5	CLIC1	9606.ENSP00000296511	9606.ENSP00000364935	0	0	0	0	0.193	0	0	0.469	0.553
ANXA5	COL18A1	9606.ENSP00000296511	9606.ENSP00000352798	0	0	0	0	0	0	0	0.560	0.560
ANXA5	ITGB1	9606.ENSP00000296511	9606.ENSP00000379350	0	0	0	0	0.197	0	0	0.512	0.592
ANXA5	FN1	9606.ENSP00000296511	9606.ENSP00000346839	0	0	0	0	0.083	0	0	0.578	0.597
ANXA5	HSP90AB1	9606.ENSP00000296511	9606.ENSP00000360609	0	0	0	0	0.064	0	0	0.589	0.598
ANXA5	TAGLN2	9606.ENSP00000296511	9606.ENSP00000357076	0	0	0	0	0.168	0	0.400	0.263	0.600
ANXA5	LAMP1	9606.ENSP00000296511	9606.ENSP00000333298	0	0	0	0	0.129	0	0	0.561	0.602
ANXA5	H3C13	9606.ENSP00000296511	9606.ENSP00000333277	0	0	0	0	0.059	0	0	0.608	0.615
ANXA5	S100A4	9606.ENSP00000296511	9606.ENSP00000357704	0	0	0	0	0.164	0.069	0	0.547	0.617
ANXA5	S100A9	9606.ENSP00000296511	9606.ENSP00000357727	0	0	0	0	0.101	0.091	0	0.582	0.628
ANXA5	ITGB3	9606.ENSP00000296511	9606.ENSP00000452786	0	0	0	0	0.075	0	0	0.634	0.646
ANXA5	HSPA5	9606.ENSP00000296511	9606.ENSP00000324173	0	0	0	0	0.122	0	0	0.649	0.679
ANXA5	VIM	9606.ENSP00000296511	9606.ENSP00000446007	0	0.002	0	0	0.305	0.055	0	0.551	0.679
ANXA5	H2AX	9606.ENSP00000296511	9606.ENSP00000434024	0	0	0	0	0.042	0.292	0	0.593	0.699
ANXA5	CD44	9606.ENSP00000296511	9606.ENSP00000398632	0	0	0	0	0.118	0	0	0.710	0.733
ANXA5	CD9	9606.ENSP00000296511	9606.ENSP00000371958	0	0	0	0	0.174	0	0	0.715	0.755
ANXA5	S100A10	9606.ENSP00000296511	9606.ENSP00000357801	0	0	0	0	0.296	0.074	0	0.764	0.833
ANXA5	F3	9606.ENSP00000296511	9606.ENSP00000334145	0	0	0	0	0.056	0	0	0.852	0.854
ANXA6	SERPINE1	9606.ENSP00000346550	9606.ENSP00000223095	0	0	0	0	0.050	0	0	0.472	0.478
ANXA6	THBS1	9606.ENSP00000346550	9606.ENSP00000260356	0	0	0	0	0.086	0	0	0.560	0.580
ANXA6	S100A11	9606.ENSP00000346550	9606.ENSP00000271638	0	0	0	0	0.060	0.069	0	0.677	0.693
ANXA6	PTX3	9606.ENSP00000346550	9606.ENSP00000295927	0	0	0	0	0	0	0	0.427	0.426
ANXA6	CLU	9606.ENSP00000346550	9606.ENSP00000315130	0	0	0	0	0.068	0	0	0.394	0.411
ANXA6	TUBB	9606.ENSP00000346550	9606.ENSP00000339001	0	0	0	0	0.127	0.211	0	0.202	0.402
ANXA6	S100A10	9606.ENSP00000346550	9606.ENSP00000357801	0	0	0	0	0.062	0.074	0	0.432	0.464
ANXA6	CD9	9606.ENSP00000346550	9606.ENSP00000371958	0	0	0	0	0.139	0.292	0	0.376	0.586
ARF4	CAPZA1	9606.ENSP00000306010	9606.ENSP00000263168	0	0	0	0	0.076	0.088	0.500	0.090	0.565
ARF4	EGFR	9606.ENSP00000306010	9606.ENSP00000275493	0	0.001	0	0	0.042	0.367	0	0.174	0.456
ARF4	HSP90B1	9606.ENSP00000306010	9606.ENSP00000299767	0.042	0	0	0	0.195	0.251	0	0.128	0.430
ARF4	RAB8A	9606.ENSP00000306010	9606.ENSP00000300935	0	0	0	0.644	0.133	0.334	0.500	0.563	0.857
ARF4	HSPA5	9606.ENSP00000306010	9606.ENSP00000324173	0	0	0	0	0.211	0.053	0	0.270	0.408
ARF4	CAPZB	9606.ENSP00000306010	9606.ENSP00000401010	0	0	0	0	0.063	0.091	0.500	0.086	0.559
ARF4	DCTN2	9606.ENSP00000306010	9606.ENSP00000408910	0	0	0	0	0.066	0.051	0.500	0.150	0.573
ARF4	SEC13	9606.ENSP00000306010	9606.ENSP00000373312	0	0	0	0	0.393	0.045	0	0.354	0.593
ARF4	RAB1B	9606.ENSP00000306010	9606.ENSP00000310226	0	0	0	0.667	0.078	0.110	0.500	0.208	0.631
ARF4	RAB6A	9606.ENSP00000306010	9606.ENSP00000311449	0	0	0	0	0.082	0.118	0	0.627	0.672
ARF4	RAB1A	9606.ENSP00000306010	9606.ENSP00000387286	0	0	0	0.667	0.398	0.110	0.500	0.211	0.760
ARHGDIA	RALA	9606.ENSP00000463939	9606.ENSP00000005257	0	0	0	0	0.117	0.185	0	0.545	0.644
ARHGDIA	SERPINE1	9606.ENSP00000463939	9606.ENSP00000223095	0	0	0	0	0.044	0	0	0.407	0.409
ARHGDIA	PFN1	9606.ENSP00000463939	9606.ENSP00000225655	0	0	0	0	0.325	0	0	0.402	0.579
ARHGDIA	ARHGDIB	9606.ENSP00000463939	9606.ENSP00000228945	0	0	0.066	0.949	0.048	0	0.900	0.087	0.907
ARHGDIA	RAC2	9606.ENSP00000463939	9606.ENSP00000249071	0	0	0	0	0.139	0.639	0.700	0.938	0.993
ARHGDIA	COTL1	9606.ENSP00000463939	9606.ENSP00000262428	0	0	0	0	0.139	0.226	0	0.222	0.436
ARHGDIA	SLC9A3R1	9606.ENSP00000463939	9606.ENSP00000262613	0	0	0	0	0.093	0	0	0.557	0.581
ARHGDIA	YWHAE	9606.ENSP00000463939	9606.ENSP00000264335	0	0	0	0	0.264	0	0	0.243	0.420
ARHGDIA	IQGAP1	9606.ENSP00000463939	9606.ENSP00000268182	0	0	0	0	0.107	0	0	0.386	0.429
ARHGDIA	CA2	9606.ENSP00000463939	9606.ENSP00000285379	0	0	0	0	0	0	0	0.413	0.413
ARHGDIA	RHOC	9606.ENSP00000463939	9606.ENSP00000285735	0	0	0	0	0.160	0.765	0.700	0.812	0.987
ARHGDIA	CFL2	9606.ENSP00000463939	9606.ENSP00000298159	0	0	0	0	0.141	0	0	0.542	0.590
ARHGDIA	TLN1	9606.ENSP00000463939	9606.ENSP00000316029	0	0	0	0	0.163	0	0	0.355	0.437
ARHGDIA	BAIAP2	9606.ENSP00000463939	9606.ENSP00000316338	0	0	0	0	0.059	0	0	0.528	0.536
ARHGDIA	EZR	9606.ENSP00000463939	9606.ENSP00000338934	0	0	0	0	0.083	0.671	0	0.682	0.896
ARHGDIA	RHOG	9606.ENSP00000463939	9606.ENSP00000339467	0	0	0	0	0.159	0.861	0.500	0.795	0.986
ARHGDIA	MSN	9606.ENSP00000463939	9606.ENSP00000353408	0	0	0	0	0.067	0.595	0	0.513	0.800
ARHGDIA	FLNA	9606.ENSP00000463939	9606.ENSP00000358866	0	0	0	0	0.184	0	0	0.464	0.544
ARHGDIA	SDC4	9606.ENSP00000463939	9606.ENSP00000361818	0	0	0	0	0.047	0	0	0.560	0.562
ARHGDIA	GDI2	9606.ENSP00000463939	9606.ENSP00000369538	0	0	0	0	0.222	0	0	0.549	0.635
ARHGDIA	GIPC1	9606.ENSP00000463939	9606.ENSP00000376753	0	0	0	0	0.080	0	0	0.552	0.570
ARHGDIA	MTPN	9606.ENSP00000463939	9606.ENSP00000376800	0	0	0	0	0.056	0.342	0	0.151	0.427
ARHGDIA	CD44	9606.ENSP00000463939	9606.ENSP00000398632	0	0	0	0	0.108	0	0	0.533	0.566
ARHGDIA	RHOA	9606.ENSP00000463939	9606.ENSP00000400175	0	0	0	0	0.174	0.950	0.900	0.997	0.999
ARHGDIA	CFL1	9606.ENSP00000463939	9606.ENSP00000432660	0	0	0	0	0.270	0	0	0.568	0.672
ARHGDIA	RDX	9606.ENSP00000463939	9606.ENSP00000496414	0	0	0	0	0.058	0.610	0	0.693	0.877
ARHGDIB	RALA	9606.ENSP00000228945	9606.ENSP00000005257	0	0	0	0	0.115	0.185	0	0.427	0.551
ARHGDIB	PFN1	9606.ENSP00000228945	9606.ENSP00000225655	0	0	0	0	0.161	0	0	0.331	0.415
ARHGDIB	MSN	9606.ENSP00000228945	9606.ENSP00000353408	0	0	0	0	0.127	0.052	0	0.334	0.400
ARHGDIB	NME1	9606.ENSP00000228945	9606.ENSP00000337060	0	0	0	0	0.067	0	0	0.417	0.433
ARHGDIB	IQGAP1	9606.ENSP00000228945	9606.ENSP00000268182	0	0	0	0	0.087	0	0	0.476	0.501
ARHGDIB	GDI2	9606.ENSP00000228945	9606.ENSP00000369538	0	0	0	0	0.098	0	0	0.598	0.622
ARHGDIB	CFL1	9606.ENSP00000228945	9606.ENSP00000432660	0	0	0	0	0.178	0	0	0.561	0.624
ARHGDIB	RHOG	9606.ENSP00000228945	9606.ENSP00000339467	0	0	0	0	0.167	0.344	0.500	0.376	0.806
ARHGDIB	RHOC	9606.ENSP00000228945	9606.ENSP00000285735	0	0	0	0	0.100	0.520	0	0.633	0.828
ARHGDIB	RAC2	9606.ENSP00000228945	9606.ENSP00000249071	0	0	0	0	0.495	0.963	0	0.650	0.992
ARHGDIB	RHOA	9606.ENSP00000228945	9606.ENSP00000400175	0	0	0	0	0.106	0.523	0.900	0.911	0.995
ARPC2	VCL	9606.ENSP00000295685	9606.ENSP00000211998	0	0	0	0	0.065	0.292	0	0.641	0.741
ARPC2	PFN1	9606.ENSP00000295685	9606.ENSP00000225655	0	0	0	0	0.252	0	0	0.527	0.632
ARPC2	RAP1B	9606.ENSP00000295685	9606.ENSP00000250559	0	0	0	0	0.358	0	0	0.127	0.416
ARPC2	CAPZA1	9606.ENSP00000295685	9606.ENSP00000263168	0	0	0	0	0.274	0.436	0	0.351	0.711
ARPC2	MARCKSL1	9606.ENSP00000295685	9606.ENSP00000362638	0	0	0	0	0.074	0	0	0.385	0.406
ARPC2	TLN1	9606.ENSP00000295685	9606.ENSP00000316029	0	0	0	0	0.137	0	0	0.346	0.411
ARPC2	RHOA	9606.ENSP00000295685	9606.ENSP00000400175	0	0	0	0	0.219	0	0	0.287	0.420
ARPC2	FMNL1	9606.ENSP00000295685	9606.ENSP00000329219	0	0.120	0	0	0.049	0	0	0.372	0.429
ARPC2	CD151	9606.ENSP00000295685	9606.ENSP00000324101	0	0	0	0	0.049	0	0	0.434	0.439
ARPC2	CD44	9606.ENSP00000295685	9606.ENSP00000398632	0	0	0	0	0.098	0	0	0.422	0.456
ARPC2	HSP90B1	9606.ENSP00000295685	9606.ENSP00000299767	0	0	0	0	0.049	0.053	0	0.449	0.460
ARPC2	WDR1	9606.ENSP00000295685	9606.ENSP00000427687	0	0	0	0	0.334	0	0	0.337	0.540
ARPC2	CFL2	9606.ENSP00000295685	9606.ENSP00000298159	0	0	0	0	0.051	0	0	0.540	0.546
ARPC2	GNB1	9606.ENSP00000295685	9606.ENSP00000367872	0	0	0	0	0.166	0.427	0	0.149	0.558
ARPC2	GNAS	9606.ENSP00000295685	9606.ENSP00000360141	0	0	0	0	0.074	0.523	0	0.116	0.575
ARPC2	BAIAP2	9606.ENSP00000295685	9606.ENSP00000316338	0	0	0	0	0.042	0	0.500	0.409	0.692
ARPC2	CFL1	9606.ENSP00000295685	9606.ENSP00000432660	0	0	0	0	0.469	0	0	0.546	0.749
ARPC2	MYL6	9606.ENSP00000295685	9606.ENSP00000446955	0	0	0	0	0.784	0.104	0	0.160	0.823
ARPC2	CAPZB	9606.ENSP00000295685	9606.ENSP00000401010	0	0	0	0	0.445	0.599	0	0.502	0.880
ARPC2	ARPC4	9606.ENSP00000295685	9606.ENSP00000388169	0	0	0	0	0.784	0.997	0.900	0.884	0.999
ARPC4	PFN1	9606.ENSP00000388169	9606.ENSP00000225655	0	0	0	0	0.381	0	0	0.175	0.468
ARPC4	RHOC	9606.ENSP00000388169	9606.ENSP00000285735	0	0	0	0	0.454	0	0	0.064	0.467
ARPC4	BAIAP2	9606.ENSP00000388169	9606.ENSP00000316338	0	0	0	0	0.042	0	0.500	0.209	0.588
ARPC4	TWF1	9606.ENSP00000388169	9606.ENSP00000449428	0	0	0	0	0.147	0.225	0	0.248	0.459
ARPC4	CAPZB	9606.ENSP00000388169	9606.ENSP00000401010	0	0	0	0	0.486	0.134	0	0.115	0.571
ARPC4	WDR1	9606.ENSP00000388169	9606.ENSP00000427687	0	0	0	0	0.410	0	0	0.322	0.582
ASS1	NANS	9606.ENSP00000361471	9606.ENSP00000210444	0	0	0	0	0.049	0.554	0	0.104	0.588
ASS1	KYNU	9606.ENSP00000361471	9606.ENSP00000264170	0	0	0	0	0.092	0.225	0	0.224	0.407
ASS1	GLUL	9606.ENSP00000361471	9606.ENSP00000307900	0.042	0	0	0	0.074	0	0	0.665	0.677
ASS1	MDH2	9606.ENSP00000361471	9606.ENSP00000327070	0.057	0	0	0	0.069	0.192	0	0.371	0.494
ASS1	CRABP2	9606.ENSP00000361471	9606.ENSP00000482841	0	0	0	0	0.101	0	0	0.367	0.407
ASS1	SLC1A5	9606.ENSP00000361471	9606.ENSP00000444408	0.057	0	0	0	0.075	0	0	0.424	0.454
ASS1	TKT	9606.ENSP00000361471	9606.ENSP00000391481	0	0	0	0	0.201	0.166	0	0.332	0.516
ASS1	GPI	9606.ENSP00000361471	9606.ENSP00000405573	0.231	0	0	0	0.049	0	0	0.395	0.518
ASS1	IDH1	9606.ENSP00000361471	9606.ENSP00000390265	0	0	0	0	0.094	0	0	0.530	0.556
ASS1	PAICS	9606.ENSP00000361471	9606.ENSP00000382595	0.189	0	0	0	0.104	0.181	0	0.407	0.600
ASS1	SRM	9606.ENSP00000361471	9606.ENSP00000366156	0.042	0	0	0	0.058	0	0	0.603	0.610
ATP1A1	TMEM30A	9606.ENSP00000445306	9606.ENSP00000230461	0	0	0	0	0.060	0.300	0	0.240	0.456
ATP1A1	ATP1B3	9606.ENSP00000445306	9606.ENSP00000286371	0	0	0	0	0.068	0.710	0.900	0.868	0.995
ATP1A1	ATP1B1	9606.ENSP00000445306	9606.ENSP00000356790	0	0	0	0	0.121	0.946	0.900	0.849	0.999
ATP1A1	CD58	9606.ENSP00000445306	9606.ENSP00000358501	0	0	0	0	0.042	0.045	0	0.545	0.547
ATP1A1	PGM2	9606.ENSP00000445306	9606.ENSP00000371393	0	0	0	0	0.042	0	0	0.496	0.496
ATP1A1	ATP2B1	9606.ENSP00000445306	9606.ENSP00000392043	0	0	0.211	0.648	0.064	0.248	0	0.168	0.477
ATP1A1	NDRG1	9606.ENSP00000445306	9606.ENSP00000404854	0	0	0	0	0.085	0.628	0	0.188	0.700
ATP1A1	ENO1	9606.ENSP00000445306	9606.ENSP00000495530	0	0	0	0	0.148	0.091	0	0.490	0.571
ATP1B1	TUBA4A	9606.ENSP00000356790	9606.ENSP00000248437	0	0	0	0	0.063	0	0	0.408	0.422
ATP1B1	ESAM	9606.ENSP00000356790	9606.ENSP00000278927	0	0	0	0	0.063	0	0	0.746	0.752
ATP1B1	ATP1B3	9606.ENSP00000356790	9606.ENSP00000286371	0	0	0.067	0.847	0.056	0.094	0.900	0.477	0.950
ATP1B1	SDC4	9606.ENSP00000356790	9606.ENSP00000361818	0	0	0	0	0.109	0	0	0.371	0.415
ATP1B1	ATP2B1	9606.ENSP00000356790	9606.ENSP00000392043	0	0	0	0	0.078	0.193	0	0.543	0.630
ATP1B3	ATP2B1	9606.ENSP00000286371	9606.ENSP00000392043	0	0	0	0	0.058	0.193	0	0.280	0.405
ATP1B3	MYOF	9606.ENSP00000286371	9606.ENSP00000352208	0	0	0	0	0.099	0	0	0.371	0.410
ATP1B3	SLC1A5	9606.ENSP00000286371	9606.ENSP00000444408	0	0	0	0	0.079	0	0	0.503	0.523
ATP2B1	CANX	9606.ENSP00000392043	9606.ENSP00000247461	0	0	0	0	0.054	0.242	0	0.239	0.407
ATP2B1	YWHAE	9606.ENSP00000392043	9606.ENSP00000264335	0	0	0	0	0.072	0.355	0	0.224	0.496
ATP6V1G1	EGFR	9606.ENSP00000363162	9606.ENSP00000275493	0	0	0	0	0.049	0.103	0.650	0.069	0.684
ATP6V1G1	SEC13	9606.ENSP00000363162	9606.ENSP00000373312	0	0	0	0	0.083	0	0.500	0	0.521
B2M	VAMP3	9606.ENSP00000497910	9606.ENSP00000054666	0	0	0	0	0.090	0	0.500	0.060	0.535
B2M	TIMP1	9606.ENSP00000497910	9606.ENSP00000218388	0	0	0	0	0.125	0	0	0.560	0.598
B2M	CANX	9606.ENSP00000497910	9606.ENSP00000247461	0	0	0	0	0.042	0	0.500	0.719	0.853
B2M	PXDN	9606.ENSP00000497910	9606.ENSP00000252804	0	0	0	0	0.055	0	0	0.671	0.675
B2M	ITGAV	9606.ENSP00000497910	9606.ENSP00000261023	0	0	0	0	0.071	0	0	0.483	0.499
B2M	VAMP8	9606.ENSP00000497910	9606.ENSP00000263864	0	0	0	0	0.118	0	0.500	0.057	0.548
B2M	ICAM1	9606.ENSP00000497910	9606.ENSP00000264832	0	0	0	0	0.104	0	0	0.655	0.677
B2M	MFGE8	9606.ENSP00000497910	9606.ENSP00000268150	0	0	0	0	0.056	0	0.400	0.186	0.499
B2M	EGFR	9606.ENSP00000497910	9606.ENSP00000275493	0	0	0	0	0	0	0	0.446	0.446
B2M	IL18	9606.ENSP00000497910	9606.ENSP00000280357	0	0	0	0	0.082	0	0	0.475	0.497
B2M	CSTB	9606.ENSP00000497910	9606.ENSP00000291568	0	0	0	0	0.076	0	0	0.592	0.607
B2M	CFL2	9606.ENSP00000497910	9606.ENSP00000298159	0	0	0	0	0	0	0	0.425	0.425
B2M	CLU	9606.ENSP00000497910	9606.ENSP00000315130	0	0	0	0	0.044	0	0	0.514	0.516
B2M	HSPA5	9606.ENSP00000497910	9606.ENSP00000324173	0	0	0	0	0.042	0	0.500	0.326	0.648
B2M	H3C13	9606.ENSP00000497910	9606.ENSP00000333277	0	0	0	0	0.111	0.098	0	0.331	0.417
B2M	EEF1A1	9606.ENSP00000497910	9606.ENSP00000339063	0	0	0	0	0.160	0	0	0.552	0.607
B2M	FN1	9606.ENSP00000497910	9606.ENSP00000346839	0	0	0	0	0.059	0	0	0.447	0.457
B2M	COL18A1	9606.ENSP00000497910	9606.ENSP00000352798	0	0	0	0	0	0	0	0.483	0.483
B2M	CD47	9606.ENSP00000497910	9606.ENSP00000355361	0	0	0	0	0.188	0	0	0.405	0.497
B2M	CD58	9606.ENSP00000497910	9606.ENSP00000358501	0	0	0	0	0.097	0	0	0.603	0.626
B2M	HSP90AB1	9606.ENSP00000497910	9606.ENSP00000360609	0	0	0	0	0.108	0	0	0.476	0.513
B2M	HSPG2	9606.ENSP00000497910	9606.ENSP00000363827	0	0	0	0	0.042	0	0.500	0.178	0.571
B2M	SEC13	9606.ENSP00000497910	9606.ENSP00000373312	0	0	0	0	0.043	0	0.500	0.105	0.534
B2M	HLA-DRA	9606.ENSP00000497910	9606.ENSP00000378786	0	0	0	0.750	0.335	0	0.720	0.457	0.890
B2M	HLA-A	9606.ENSP00000497910	9606.ENSP00000379873	0	0	0	0	0.747	0.995	0.900	0.998	0.999
B2M	CD44	9606.ENSP00000497910	9606.ENSP00000398632	0	0	0	0	0.138	0	0	0.575	0.617
B2M	HLA-B	9606.ENSP00000497910	9606.ENSP00000399168	0	0	0	0	0.767	0.995	0.900	0.988	0.999
B2M	RHOA	9606.ENSP00000497910	9606.ENSP00000400175	0	0	0	0	0.144	0.162	0	0.249	0.415
B2M	MME	9606.ENSP00000497910	9606.ENSP00000418525	0	0	0	0	0	0	0	0.447	0.447
B2M	H2AX	9606.ENSP00000497910	9606.ENSP00000434024	0	0	0	0	0.042	0.516	0	0.145	0.569
B2M	KPNA2	9606.ENSP00000497910	9606.ENSP00000438483	0	0	0	0	0.072	0.405	0	0.057	0.434
B2M	VIM	9606.ENSP00000497910	9606.ENSP00000446007	0	0	0	0	0.127	0.065	0	0.366	0.437
B2M	MUC1	9606.ENSP00000497910	9606.ENSP00000484824	0	0	0	0	0.050	0.072	0	0.394	0.419
B2M	ENO1	9606.ENSP00000497910	9606.ENSP00000495530	0	0	0	0	0.056	0	0	0.446	0.454
BAIAP2	EPS8L1	9606.ENSP00000316338	9606.ENSP00000201647	0	0	0	0	0.118	0.463	0	0.189	0.583
BAIAP2	PFN1	9606.ENSP00000316338	9606.ENSP00000225655	0	0	0	0	0.042	0.095	0	0.539	0.566
BAIAP2	RAC2	9606.ENSP00000316338	9606.ENSP00000249071	0	0	0	0	0.087	0.338	0.900	0.322	0.953
BAIAP2	SLC9A3R1	9606.ENSP00000316338	9606.ENSP00000262613	0	0	0	0	0.056	0.149	0	0.513	0.574
BAIAP2	EGFR	9606.ENSP00000316338	9606.ENSP00000275493	0	0	0	0	0.059	0.680	0	0.449	0.819
BAIAP2	CFL2	9606.ENSP00000316338	9606.ENSP00000298159	0	0	0	0	0.042	0	0	0.488	0.489
BAIAP2	STMN1	9606.ENSP00000316338	9606.ENSP00000410452	0	0	0	0	0.057	0	0	0.469	0.478
BAIAP2	CFL1	9606.ENSP00000316338	9606.ENSP00000432660	0	0	0	0	0.042	0	0	0.489	0.490
BAIAP2	RHOG	9606.ENSP00000316338	9606.ENSP00000339467	0	0	0	0	0.059	0.338	0	0.486	0.652
BAIAP2	RHOA	9606.ENSP00000316338	9606.ENSP00000400175	0	0	0	0	0.065	0.434	0	0.420	0.666
BASP1	VAMP3	9606.ENSP00000319281	9606.ENSP00000054666	0	0	0	0	0.044	0	0.400	0.113	0.447
BASP1	MCAM	9606.ENSP00000319281	9606.ENSP00000264036	0	0	0	0	0	0	0.400	0.088	0.429
BASP1	VIM	9606.ENSP00000319281	9606.ENSP00000446007	0	0	0	0	0.127	0.229	0	0.215	0.426
BASP1	CAPZB	9606.ENSP00000319281	9606.ENSP00000401010	0	0	0	0	0.044	0	0.400	0.132	0.459
BASP1	HNRNPH1	9606.ENSP00000319281	9606.ENSP00000349168	0	0	0	0	0	0.462	0	0	0.461
BASP1	PTGFRN	9606.ENSP00000319281	9606.ENSP00000376899	0	0	0	0	0	0	0	0.480	0.480
BASP1	MARCKSL1	9606.ENSP00000319281	9606.ENSP00000362638	0	0	0	0	0.123	0	0	0.537	0.577
BASP1	MARCKS	9606.ENSP00000319281	9606.ENSP00000478061	0	0	0	0	0.223	0.218	0	0.919	0.946
BPNT1	SDCBP	9606.ENSP00000446828	9606.ENSP00000428184	0	0	0	0	0.042	0	0	0.449	0.449
BROX	CHMP4B	9606.ENSP00000343742	9606.ENSP00000217402	0	0	0	0	0.093	0.975	0	0.342	0.984
BROX	CHMP5	9606.ENSP00000343742	9606.ENSP00000223500	0	0	0	0	0.076	0.947	0	0.511	0.974
BROX	VPS4B	9606.ENSP00000343742	9606.ENSP00000238497	0	0	0	0	0.066	0.289	0	0.425	0.585
BROX	TSG101	9606.ENSP00000343742	9606.ENSP00000251968	0	0	0	0	0.057	0.096	0	0.457	0.497
BROX	MVB12A	9606.ENSP00000343742	9606.ENSP00000324810	0	0	0	0	0.049	0	0	0.430	0.434
BROX	CHMP2A	9606.ENSP00000343742	9606.ENSP00000469240	0	0	0	0	0.062	0.071	0	0.374	0.407
BROX	IST1	9606.ENSP00000343742	9606.ENSP00000438399	0	0	0	0	0.108	0	0	0.422	0.462
BROX	CHMP1A	9606.ENSP00000343742	9606.ENSP00000380998	0	0	0	0	0.047	0.172	0	0.445	0.524
BROX	VPS28	9606.ENSP00000343742	9606.ENSP00000366565	0	0	0	0	0.055	0.095	0	0.506	0.541
CA2	GLUL	9606.ENSP00000285379	9606.ENSP00000307900	0	0	0	0	0.072	0	0	0.391	0.410
CA2	ITGB3	9606.ENSP00000285379	9606.ENSP00000452786	0	0	0	0	0.056	0	0	0.451	0.459
CA2	SLC16A3	9606.ENSP00000285379	9606.ENSP00000463978	0	0	0	0	0.052	0	0	0.653	0.658
CA2	ENO1	9606.ENSP00000285379	9606.ENSP00000495530	0	0	0	0	0.105	0	0	0.749	0.766
CAMK2D	LMNA	9606.ENSP00000425824	9606.ENSP00000357283	0	0	0	0	0	0	0.400	0.141	0.462
CANX	VCL	9606.ENSP00000247461	9606.ENSP00000211998	0	0	0	0	0.047	0	0	0.582	0.585
CANX	TMEM30A	9606.ENSP00000247461	9606.ENSP00000230461	0	0	0	0	0.098	0.360	0	0.143	0.463
CANX	SLC2A1	9606.ENSP00000247461	9606.ENSP00000416293	0	0	0	0	0.042	0.292	0	0.194	0.405
CANX	LMNA	9606.ENSP00000247461	9606.ENSP00000357283	0	0	0	0	0.042	0	0	0.406	0.406
CANX	RHOA	9606.ENSP00000247461	9606.ENSP00000400175	0	0	0	0	0.114	0.162	0	0.265	0.407
CANX	HNRNPH1	9606.ENSP00000247461	9606.ENSP00000349168	0	0	0	0	0.072	0.292	0	0.184	0.417
CANX	TUBB4B	9606.ENSP00000247461	9606.ENSP00000341289	0	0	0	0	0.310	0	0	0.193	0.419
CANX	FABP5	9606.ENSP00000247461	9606.ENSP00000297258	0	0	0	0	0.044	0	0	0.424	0.425
CANX	PDCD6IP	9606.ENSP00000247461	9606.ENSP00000411825	0	0	0	0	0.064	0	0	0.415	0.429
CANX	SDCBP2	9606.ENSP00000247461	9606.ENSP00000371233	0	0	0	0	0.106	0	0	0.402	0.443
CANX	TUBB	9606.ENSP00000247461	9606.ENSP00000339001	0	0	0	0	0.320	0	0	0.244	0.464
CANX	VIM	9606.ENSP00000247461	9606.ENSP00000446007	0	0	0	0	0.055	0	0	0.473	0.480
CANX	RAB1A	9606.ENSP00000247461	9606.ENSP00000387286	0	0	0	0	0.189	0.133	0	0.344	0.498
CANX	MSN	9606.ENSP00000247461	9606.ENSP00000353408	0	0	0	0	0.068	0	0	0.484	0.498
CANX	TUBA1C	9606.ENSP00000247461	9606.ENSP00000443475	0	0	0	0	0.150	0	0	0.436	0.501
CANX	SDCBP	9606.ENSP00000247461	9606.ENSP00000428184	0	0	0	0	0.124	0	0	0.484	0.529
CANX	HLA-DRA	9606.ENSP00000247461	9606.ENSP00000378786	0	0	0	0	0.053	0	0.500	0.090	0.531
CANX	PARK7	9606.ENSP00000247461	9606.ENSP00000340278	0	0	0	0	0.072	0.095	0	0.511	0.553
CANX	RAB1B	9606.ENSP00000247461	9606.ENSP00000310226	0	0	0	0	0.131	0.188	0	0.431	0.564
CANX	EGFR	9606.ENSP00000247461	9606.ENSP00000275493	0	0	0	0	0.062	0.396	0	0.357	0.603
CANX	CLTC	9606.ENSP00000247461	9606.ENSP00000479606	0	0	0	0	0.246	0.188	0	0.431	0.621
CANX	HSPA1B	9606.ENSP00000247461	9606.ENSP00000364801	0	0	0	0	0.107	0.125	0	0.571	0.635
CANX	ITGB1	9606.ENSP00000247461	9606.ENSP00000379350	0	0	0	0	0.080	0.497	0	0.347	0.671
CANX	HLA-B	9606.ENSP00000247461	9606.ENSP00000399168	0	0	0	0	0.042	0.199	0.500	0.322	0.705
CANX	PXDN	9606.ENSP00000247461	9606.ENSP00000252804	0	0	0	0	0.044	0.190	0	0.656	0.711
CANX	HLA-A	9606.ENSP00000247461	9606.ENSP00000379873	0	0	0	0	0.042	0.233	0.500	0.367	0.736
CANX	SEC13	9606.ENSP00000247461	9606.ENSP00000373312	0	0	0	0	0.064	0	0.500	0.522	0.757
CANX	CD9	9606.ENSP00000247461	9606.ENSP00000371958	0	0	0	0	0.044	0	0	0.758	0.759
CANX	CD81	9606.ENSP00000247461	9606.ENSP00000263645	0	0	0	0	0.060	0.045	0	0.764	0.770
CANX	LAMP1	9606.ENSP00000247461	9606.ENSP00000333298	0	0	0	0	0.082	0.170	0	0.796	0.831
CANX	TSG101	9606.ENSP00000247461	9606.ENSP00000251968	0	0	0	0	0.067	0	0	0.841	0.845
CANX	HSP90AB1	9606.ENSP00000247461	9606.ENSP00000360609	0	0	0	0	0.224	0.063	0	0.856	0.886
CANX	VCP	9606.ENSP00000247461	9606.ENSP00000351777	0	0	0	0	0.135	0.645	0	0.901	0.967
CANX	HSP90B1	9606.ENSP00000247461	9606.ENSP00000299767	0	0	0	0	0.695	0.557	0	0.935	0.990
CANX	HSPA5	9606.ENSP00000247461	9606.ENSP00000324173	0	0	0	0	0.657	0.690	0.500	0.981	0.998
CAPN1	PXDN	9606.ENSP00000431984	9606.ENSP00000252804	0	0	0	0	0.056	0	0	0.391	0.401
CAPN1	TLN1	9606.ENSP00000431984	9606.ENSP00000316029	0	0	0	0	0.113	0.093	0	0.737	0.770
CAPN1	HSPA5	9606.ENSP00000431984	9606.ENSP00000324173	0	0	0	0	0.056	0.125	0	0.347	0.415
CAPN1	EZR	9606.ENSP00000431984	9606.ENSP00000338934	0	0	0	0	0.051	0.292	0	0.265	0.464
CAPN1	FLNA	9606.ENSP00000431984	9606.ENSP00000358866	0	0	0	0	0.105	0	0	0.364	0.407
CAPN1	CASP14	9606.ENSP00000431984	9606.ENSP00000393417	0	0	0	0	0	0.061	0.400	0.378	0.619
CAPN1	PAFAH1B3	9606.ENSP00000431984	9606.ENSP00000444935	0	0	0	0	0.078	0	0	0.435	0.457
CAPN1	VIM	9606.ENSP00000431984	9606.ENSP00000446007	0	0	0	0	0.098	0.541	0	0.123	0.605
CAPZA1	PFN1	9606.ENSP00000263168	9606.ENSP00000225655	0	0	0	0	0.300	0.101	0	0.597	0.724
CAPZA1	TSG101	9606.ENSP00000263168	9606.ENSP00000251968	0	0	0	0	0.429	0	0	0	0.429
CAPZA1	FLNA	9606.ENSP00000263168	9606.ENSP00000358866	0	0	0	0	0.042	0.161	0	0.433	0.504
CAPZA1	HSP90AB1	9606.ENSP00000263168	9606.ENSP00000360609	0	0	0	0	0.076	0	0.400	0.187	0.510
CAPZA1	RAB6A	9606.ENSP00000263168	9606.ENSP00000311449	0	0	0	0	0.159	0	0.500	0.125	0.600
CAPZA1	MSN	9606.ENSP00000263168	9606.ENSP00000353408	0	0	0	0	0.072	0	0.500	0.228	0.610
CAPZA1	RDX	9606.ENSP00000263168	9606.ENSP00000496414	0	0	0	0	0.066	0	0.500	0.233	0.610
CAPZA1	EZR	9606.ENSP00000263168	9606.ENSP00000338934	0	0	0	0	0.056	0	0.500	0.254	0.617
CAPZA1	WDR1	9606.ENSP00000263168	9606.ENSP00000427687	0	0	0	0	0.086	0.432	0	0.357	0.637
CAPZA1	EPS8L2	9606.ENSP00000263168	9606.ENSP00000435585	0	0	0	0	0.108	0	0.500	0.359	0.689
CAPZA1	CFL2	9606.ENSP00000263168	9606.ENSP00000298159	0	0	0	0	0.055	0.255	0	0.620	0.709
CAPZA1	CFL1	9606.ENSP00000263168	9606.ENSP00000432660	0	0	0	0	0.088	0.255	0	0.621	0.720
CAPZA1	MTPN	9606.ENSP00000263168	9606.ENSP00000376800	0	0	0	0	0.111	0.797	0.540	0.601	0.962
CAPZA1	TWF1	9606.ENSP00000263168	9606.ENSP00000449428	0	0	0	0	0.139	0.933	0.500	0.401	0.980
CAPZA1	DCTN2	9606.ENSP00000263168	9606.ENSP00000408910	0	0	0	0	0.151	0.950	0.500	0.821	0.995
CAPZA1	CAPZB	9606.ENSP00000263168	9606.ENSP00000401010	0	0	0	0	0.695	0.995	0.900	0.984	0.999
CAPZB	VAMP3	9606.ENSP00000401010	9606.ENSP00000054666	0	0	0	0	0.141	0	0.400	0.048	0.466
CAPZB	PFN1	9606.ENSP00000401010	9606.ENSP00000225655	0	0	0	0	0.371	0.131	0	0.400	0.644
CAPZB	CLTA	9606.ENSP00000401010	9606.ENSP00000242285	0	0	0	0	0.234	0.164	0	0.160	0.415
CAPZB	COTL1	9606.ENSP00000401010	9606.ENSP00000262428	0	0	0	0	0.141	0.290	0	0.308	0.541
CAPZB	NAPA	9606.ENSP00000401010	9606.ENSP00000263354	0	0	0	0	0.283	0.215	0	0.165	0.489
CAPZB	MCAM	9606.ENSP00000401010	9606.ENSP00000264036	0	0	0	0	0.047	0	0.400	0	0.403
CAPZB	YWHAE	9606.ENSP00000401010	9606.ENSP00000264335	0	0	0	0	0.122	0.164	0	0.268	0.416
CAPZB	CFL2	9606.ENSP00000401010	9606.ENSP00000298159	0	0	0	0	0.109	0.411	0	0.411	0.664
CAPZB	PSMC5	9606.ENSP00000401010	9606.ENSP00000310572	0	0	0	0	0.256	0	0	0.231	0.403
CAPZB	RAB6A	9606.ENSP00000401010	9606.ENSP00000311449	0	0	0	0	0.080	0	0.500	0.100	0.549
CAPZB	EZR	9606.ENSP00000401010	9606.ENSP00000338934	0	0	0	0	0.071	0	0.500	0.237	0.614
CAPZB	TUBB	9606.ENSP00000401010	9606.ENSP00000339001	0	0	0	0	0.109	0.225	0	0.284	0.463
CAPZB	PLS3	9606.ENSP00000401010	9606.ENSP00000348163	0	0	0	0	0.042	0.576	0	0.287	0.685
CAPZB	MSN	9606.ENSP00000401010	9606.ENSP00000353408	0	0	0	0	0.128	0	0.500	0.182	0.612
CAPZB	FLNA	9606.ENSP00000401010	9606.ENSP00000358866	0	0	0	0	0.181	0.235	0	0.176	0.438
CAPZB	HSP90AB1	9606.ENSP00000401010	9606.ENSP00000360609	0	0	0	0	0.115	0.187	0.400	0.105	0.562
CAPZB	MTPN	9606.ENSP00000401010	9606.ENSP00000376800	0	0	0	0	0.126	0.857	0.540	0.158	0.945
CAPZB	PLXNA1	9606.ENSP00000401010	9606.ENSP00000377061	0	0	0	0	0.049	0	0.400	0	0.405
CAPZB	MYL6	9606.ENSP00000401010	9606.ENSP00000446955	0	0	0	0	0.190	0.210	0	0.214	0.453
CAPZB	RDX	9606.ENSP00000401010	9606.ENSP00000496414	0	0	0	0	0.079	0	0.500	0.182	0.590
CAPZB	EPS8L2	9606.ENSP00000401010	9606.ENSP00000435585	0	0	0	0	0.097	0	0.500	0.509	0.759
CAPZB	CFL1	9606.ENSP00000401010	9606.ENSP00000432660	0	0	0	0	0.309	0.413	0	0.464	0.764
CAPZB	WDR1	9606.ENSP00000401010	9606.ENSP00000427687	0	0	0	0	0.484	0.692	0	0.658	0.941
CAPZB	TWF1	9606.ENSP00000401010	9606.ENSP00000449428	0	0	0	0	0.104	0.942	0.500	0.472	0.984
CAPZB	DCTN2	9606.ENSP00000401010	9606.ENSP00000408910	0	0	0	0	0.202	0.962	0.500	0.584	0.992
CASP14	TGM1	9606.ENSP00000393417	9606.ENSP00000206765	0	0	0	0	0.078	0	0.400	0.532	0.719
CASP14	SERPINB3	9606.ENSP00000393417	9606.ENSP00000283752	0	0	0	0	0.101	0.316	0	0.255	0.502
CASP14	SPRR3	9606.ENSP00000393417	9606.ENSP00000330391	0	0	0	0	0.065	0	0.400	0.192	0.507
CASP14	PPL	9606.ENSP00000393417	9606.ENSP00000340510	0	0	0	0	0.062	0.076	0.400	0.286	0.579
CASP14	S100A7	9606.ENSP00000393417	9606.ENSP00000357711	0	0	0	0	0.127	0.198	0	0.398	0.541
CASP14	SPRR2B	9606.ENSP00000393417	9606.ENSP00000357744	0	0	0	0	0.087	0	0.400	0.201	0.524
CASP14	SPRR1A	9606.ENSP00000393417	9606.ENSP00000357751	0	0	0	0	0.078	0	0.400	0.176	0.504
CASP14	DSP	9606.ENSP00000393417	9606.ENSP00000369129	0	0	0	0	0.049	0.352	0	0.237	0.490
CD109	CD81	9606.ENSP00000287097	9606.ENSP00000263645	0	0	0	0	0.042	0	0	0.542	0.542
CD109	EGFR	9606.ENSP00000287097	9606.ENSP00000275493	0	0	0	0	0.062	0.292	0	0.249	0.457
CD109	ITGA2	9606.ENSP00000287097	9606.ENSP00000296585	0	0	0	0	0.077	0	0	0.396	0.419
CD109	CD276	9606.ENSP00000287097	9606.ENSP00000320084	0	0	0	0	0.118	0	0	0.528	0.566
CD109	CD151	9606.ENSP00000287097	9606.ENSP00000324101	0	0	0	0	0.060	0	0	0.585	0.593
CD109	ITGB3	9606.ENSP00000287097	9606.ENSP00000452786	0	0	0	0	0.072	0	0.400	0.335	0.597
CD109	CD44	9606.ENSP00000287097	9606.ENSP00000398632	0	0	0	0	0.108	0	0	0.582	0.611
CD109	CD9	9606.ENSP00000287097	9606.ENSP00000371958	0	0	0	0	0.056	0	0.400	0.559	0.728
CD14	S100A8	9606.ENSP00000385519	9606.ENSP00000357721	0	0	0	0	0.420	0	0.500	0.197	0.746
CD14	S100A9	9606.ENSP00000385519	9606.ENSP00000357727	0	0	0	0	0.437	0	0.500	0.239	0.767
CD14	UBE2D2	9606.ENSP00000385519	9606.ENSP00000381717	0	0	0	0	0.058	0	0.400	0	0.410
CD14	UBA52	9606.ENSP00000385519	9606.ENSP00000388107	0	0	0	0	0.048	0	0.500	0	0.503
CD151	ITGB4	9606.ENSP00000324101	9606.ENSP00000200181	0	0	0	0	0.067	0.626	0.500	0.798	0.960
CD151	TSG101	9606.ENSP00000324101	9606.ENSP00000251968	0	0	0	0	0.044	0	0	0.460	0.462
CD151	ITGAV	9606.ENSP00000324101	9606.ENSP00000261023	0	0	0	0	0.062	0.047	0	0.398	0.415
CD151	LGALS3BP	9606.ENSP00000324101	9606.ENSP00000262776	0	0	0	0	0.086	0	0	0.522	0.544
CD151	CD81	9606.ENSP00000324101	9606.ENSP00000263645	0	0	0	0.724	0.103	0.313	0	0.891	0.926
CD151	ICAM1	9606.ENSP00000324101	9606.ENSP00000264832	0	0	0	0	0.047	0	0	0.591	0.593
CD151	EGFR	9606.ENSP00000324101	9606.ENSP00000275493	0	0	0	0	0.083	0.078	0	0.940	0.944
CD151	ITGA5	9606.ENSP00000324101	9606.ENSP00000293379	0	0	0	0	0.086	0.047	0	0.768	0.780
CD151	HSP90B1	9606.ENSP00000324101	9606.ENSP00000299767	0	0	0	0	0	0	0	0.427	0.427
CD151	ITGA3	9606.ENSP00000324101	9606.ENSP00000315190	0	0	0	0	0.100	0.810	0	0.966	0.993
CD151	CD276	9606.ENSP00000324101	9606.ENSP00000320084	0	0	0	0	0.099	0	0	0.391	0.428
CD151	TSPAN14	9606.ENSP00000324101	9606.ENSP00000361231	0	0	0	0.715	0	0.292	0	0.198	0.408
CD151	SDCBP	9606.ENSP00000324101	9606.ENSP00000428184	0	0	0	0	0.081	0	0	0.396	0.421
CD151	RPSA	9606.ENSP00000324101	9606.ENSP00000389351	0	0	0	0	0.054	0	0	0.416	0.423
CD151	COL18A1	9606.ENSP00000324101	9606.ENSP00000352798	0	0	0	0	0.084	0	0	0.417	0.443
CD151	FN1	9606.ENSP00000324101	9606.ENSP00000346839	0	0	0	0	0.110	0	0	0.409	0.452
CD151	MSN	9606.ENSP00000324101	9606.ENSP00000353408	0	0	0	0	0.054	0.218	0	0.341	0.470
CD151	S100A10	9606.ENSP00000324101	9606.ENSP00000357801	0	0	0	0	0.084	0	0	0.461	0.485
CD151	ITGB3	9606.ENSP00000324101	9606.ENSP00000452786	0	0	0	0	0.117	0	0	0.506	0.545
CD151	EZR	9606.ENSP00000324101	9606.ENSP00000338934	0	0	0	0	0.042	0.460	0	0.376	0.649
CD151	CD44	9606.ENSP00000324101	9606.ENSP00000398632	0	0	0	0	0.060	0	0	0.773	0.778
CD151	HSP90AB1	9606.ENSP00000324101	9606.ENSP00000360609	0	0	0	0	0.043	0	0	0.834	0.834
CD151	CD9	9606.ENSP00000324101	9606.ENSP00000371958	0	0	0	0.807	0.084	0.522	0	0.838	0.923
CD151	ITGB1	9606.ENSP00000324101	9606.ENSP00000379350	0	0	0	0	0.080	0.778	0	0.770	0.949
CD151	ITGA6	9606.ENSP00000324101	9606.ENSP00000386896	0	0	0	0	0	0.627	0.500	0.812	0.962
CD151	PTGFRN	9606.ENSP00000324101	9606.ENSP00000376899	0	0	0	0	0.062	0.510	0	0.935	0.967
CD276	NT5E	9606.ENSP00000320084	9606.ENSP00000257770	0	0	0	0	0.127	0	0	0.479	0.525
CD276	THBS1	9606.ENSP00000320084	9606.ENSP00000260356	0	0	0	0	0.072	0.049	0	0.476	0.497
CD276	CD81	9606.ENSP00000320084	9606.ENSP00000263645	0	0	0	0	0.062	0.045	0	0.576	0.587
CD276	ICAM1	9606.ENSP00000320084	9606.ENSP00000264832	0	0	0	0	0.042	0	0	0.594	0.594
CD276	EGFR	9606.ENSP00000320084	9606.ENSP00000275493	0	0	0	0	0.101	0.048	0	0.447	0.485
CD276	IL18	9606.ENSP00000320084	9606.ENSP00000280357	0	0	0	0	0	0	0	0.476	0.476
CD276	LAMP1	9606.ENSP00000320084	9606.ENSP00000333298	0	0	0	0	0.042	0	0	0.401	0.401
CD276	ENO1	9606.ENSP00000320084	9606.ENSP00000495530	0	0	0	0	0.072	0	0	0.407	0.426
CD276	MSLN	9606.ENSP00000320084	9606.ENSP00000372313	0	0	0	0	0	0	0	0.431	0.431
CD276	F11R	9606.ENSP00000320084	9606.ENSP00000357005	0	0	0	0.590	0.104	0	0	0.396	0.436
CD276	HLA-A	9606.ENSP00000320084	9606.ENSP00000379873	0	0	0	0	0	0	0	0.447	0.447
CD276	MUC1	9606.ENSP00000320084	9606.ENSP00000484824	0	0	0	0	0.110	0.045	0	0.417	0.461
CD276	PLAU	9606.ENSP00000320084	9606.ENSP00000361850	0	0	0	0	0.084	0.052	0	0.438	0.469
CD276	CD47	9606.ENSP00000320084	9606.ENSP00000355361	0	0	0	0	0.042	0	0	0.478	0.478
CD276	CD44	9606.ENSP00000320084	9606.ENSP00000398632	0	0	0	0	0.044	0	0	0.527	0.528
CD276	CD9	9606.ENSP00000320084	9606.ENSP00000371958	0	0	0	0	0.074	0.292	0	0.457	0.612
CD276	FN1	9606.ENSP00000320084	9606.ENSP00000346839	0	0	0	0	0.109	0	0	0.588	0.617
CD276	CD58	9606.ENSP00000320084	9606.ENSP00000358501	0	0	0	0	0.049	0	0	0.720	0.722
CD276	PVR	9606.ENSP00000320084	9606.ENSP00000402060	0	0	0	0	0.083	0	0	0.722	0.734
CD44	ITGB4	9606.ENSP00000398632	9606.ENSP00000200181	0	0	0	0	0.067	0	0	0.475	0.489
CD44	VCL	9606.ENSP00000398632	9606.ENSP00000211998	0	0	0	0	0.072	0	0	0.654	0.665
CD44	LGALS1	9606.ENSP00000398632	9606.ENSP00000215909	0	0	0	0	0.214	0.182	0	0.271	0.491
CD44	TIMP1	9606.ENSP00000398632	9606.ENSP00000218388	0	0	0	0	0.202	0	0	0.907	0.922
CD44	LAMB1	9606.ENSP00000398632	9606.ENSP00000222399	0	0	0	0	0.056	0	0.900	0.251	0.923
CD44	SERPINE1	9606.ENSP00000398632	9606.ENSP00000223095	0	0	0	0	0.111	0	0	0.660	0.684
CD44	RAC2	9606.ENSP00000398632	9606.ENSP00000249071	0	0	0	0	0.210	0.125	0	0.257	0.442
CD44	TSG101	9606.ENSP00000398632	9606.ENSP00000251968	0	0	0	0	0.047	0	0	0.459	0.463
CD44	PXDN	9606.ENSP00000398632	9606.ENSP00000252804	0	0	0	0	0.074	0	0	0.683	0.694
CD44	LAMA5	9606.ENSP00000398632	9606.ENSP00000252999	0	0	0	0	0.044	0	0.900	0.231	0.920
CD44	NT5E	9606.ENSP00000398632	9606.ENSP00000257770	0	0	0	0	0.149	0	0	0.889	0.901
CD44	LAMC1	9606.ENSP00000398632	9606.ENSP00000258341	0	0	0	0	0.054	0	0.900	0.250	0.922
CD44	THBS1	9606.ENSP00000398632	9606.ENSP00000260356	0	0	0	0	0.184	0	0	0.727	0.767
CD44	ITGAV	9606.ENSP00000398632	9606.ENSP00000261023	0	0	0	0	0.089	0	0	0.842	0.850
CD44	LGALS3BP	9606.ENSP00000398632	9606.ENSP00000262776	0	0	0	0	0.067	0	0	0.537	0.549
CD44	CD81	9606.ENSP00000398632	9606.ENSP00000263645	0	0	0	0	0.056	0.045	0	0.753	0.757
CD44	MCAM	9606.ENSP00000398632	9606.ENSP00000264036	0	0	0	0	0.055	0	0	0.696	0.700
CD44	ICAM1	9606.ENSP00000398632	9606.ENSP00000264832	0	0	0	0	0.148	0	0	0.995	0.995
CD44	NRP1	9606.ENSP00000398632	9606.ENSP00000265371	0	0	0	0	0.072	0	0	0.447	0.464
CD44	TIMP3	9606.ENSP00000398632	9606.ENSP00000266085	0	0	0	0	0.048	0	0	0.399	0.403
CD44	MFGE8	9606.ENSP00000398632	9606.ENSP00000268150	0	0	0	0	0.060	0	0	0.512	0.522
CD44	IQGAP1	9606.ENSP00000398632	9606.ENSP00000268182	0	0	0	0	0.201	0.292	0.900	0.814	0.988
CD44	S100A11	9606.ENSP00000398632	9606.ENSP00000271638	0	0	0	0	0.433	0	0	0.217	0.538
CD44	EGFR	9606.ENSP00000398632	9606.ENSP00000275493	0	0	0	0	0.072	0.785	0	0.995	0.998
CD44	IL18	9606.ENSP00000398632	9606.ENSP00000280357	0	0	0	0	0.067	0	0	0.445	0.460
CD44	RHOC	9606.ENSP00000398632	9606.ENSP00000285735	0	0	0	0	0.062	0.137	0	0.359	0.436
CD44	ITGA5	9606.ENSP00000398632	9606.ENSP00000293379	0	0	0	0	0.162	0	0	0.753	0.785
CD44	ITGB5	9606.ENSP00000398632	9606.ENSP00000296181	0	0	0	0	0.055	0	0	0.506	0.513
CD44	ITGA2	9606.ENSP00000398632	9606.ENSP00000296585	0	0	0	0	0.083	0	0	0.714	0.727
CD44	LAMB2	9606.ENSP00000398632	9606.ENSP00000307156	0	0	0	0	0	0	0.900	0.135	0.909
CD44	ITGA3	9606.ENSP00000398632	9606.ENSP00000315190	0	0	0	0	0.080	0	0	0.630	0.645
CD44	TLN1	9606.ENSP00000398632	9606.ENSP00000316029	0	0	0	0	0.081	0	0	0.628	0.643
CD44	MMP1	9606.ENSP00000398632	9606.ENSP00000322788	0	0	0	0	0.110	0	0	0.475	0.512
CD44	H3C13	9606.ENSP00000398632	9606.ENSP00000333277	0	0	0	0	0.042	0	0	0.439	0.439
CD44	LAMP1	9606.ENSP00000398632	9606.ENSP00000333298	0	0	0	0	0.083	0.128	0	0.526	0.588
CD44	EZR	9606.ENSP00000398632	9606.ENSP00000338934	0	0	0	0	0.074	0.520	0	0.992	0.996
CD44	FN1	9606.ENSP00000398632	9606.ENSP00000346839	0	0	0	0	0.073	0.292	0.900	0.996	0.999
CD44	EPHA2	9606.ENSP00000398632	9606.ENSP00000351209	0	0	0	0	0.047	0.168	0	0.380	0.465
CD44	MSN	9606.ENSP00000398632	9606.ENSP00000353408	0	0	0	0	0.255	0.520	0	0.992	0.996
CD44	CD47	9606.ENSP00000398632	9606.ENSP00000355361	0	0	0	0	0.144	0	0	0.666	0.702
CD44	F11R	9606.ENSP00000398632	9606.ENSP00000357005	0	0	0	0	0.042	0	0	0.563	0.563
CD44	HDGF	9606.ENSP00000398632	9606.ENSP00000357189	0	0	0	0	0.042	0	0	0.524	0.524
CD44	LMNA	9606.ENSP00000398632	9606.ENSP00000357283	0	0	0	0	0.147	0	0	0.353	0.425
CD44	S100A4	9606.ENSP00000398632	9606.ENSP00000357704	0	0	0	0	0.212	0	0	0.475	0.569
CD44	S100A8	9606.ENSP00000398632	9606.ENSP00000357721	0	0	0	0	0.111	0	0	0.878	0.887
CD44	S100A9	9606.ENSP00000398632	9606.ENSP00000357727	0	0	0	0	0.139	0	0	0.490	0.543
CD44	S100A10	9606.ENSP00000398632	9606.ENSP00000357801	0	0	0	0	0.253	0	0	0.260	0.424
CD44	CD58	9606.ENSP00000398632	9606.ENSP00000358501	0	0	0	0	0.165	0	0	0.521	0.583
CD44	FLNA	9606.ENSP00000398632	9606.ENSP00000358866	0	0	0	0	0.110	0.129	0	0.334	0.438
CD44	HSP90AB1	9606.ENSP00000398632	9606.ENSP00000360609	0	0	0	0	0.047	0	0	0.779	0.780
CD44	YBX1	9606.ENSP00000398632	9606.ENSP00000361626	0	0	0	0	0.049	0	0	0.562	0.565
CD44	SDC4	9606.ENSP00000398632	9606.ENSP00000361818	0	0	0	0	0.061	0	0	0.679	0.685
CD44	PLAU	9606.ENSP00000398632	9606.ENSP00000361850	0	0	0	0	0.140	0	0	0.495	0.547
CD44	HSPG2	9606.ENSP00000398632	9606.ENSP00000363827	0	0	0	0	0.044	0	0	0.802	0.802
CD44	CD9	9606.ENSP00000398632	9606.ENSP00000371958	0	0	0	0	0.120	0.510	0	0.968	0.985
CD44	MSLN	9606.ENSP00000398632	9606.ENSP00000372313	0	0	0	0	0	0	0	0.582	0.582
CD44	ITGB1	9606.ENSP00000398632	9606.ENSP00000379350	0	0	0	0	0.122	0.226	0	0.942	0.957
CD44	HLA-A	9606.ENSP00000398632	9606.ENSP00000379873	0	0	0	0	0.110	0	0	0.370	0.415
CD44	ITGA6	9606.ENSP00000398632	9606.ENSP00000386896	0	0	0	0	0.073	0	0	0.734	0.743
CD44	RPSA	9606.ENSP00000398632	9606.ENSP00000389351	0	0	0	0	0.042	0	0	0.426	0.426
CD44	SLC2A1	9606.ENSP00000398632	9606.ENSP00000416293	0	0	0	0	0.045	0	0	0.432	0.434
CD44	LSR	9606.ENSP00000398632	9606.ENSP00000480821	0	0	0	0	0.042	0	0	0.493	0.494
CD44	ENO1	9606.ENSP00000398632	9606.ENSP00000495530	0	0	0	0	0.103	0.292	0	0.270	0.495
CD44	STMN1	9606.ENSP00000398632	9606.ENSP00000410452	0	0	0	0	0.042	0	0	0.510	0.511
CD44	H2AX	9606.ENSP00000398632	9606.ENSP00000434024	0	0	0	0	0	0	0	0.517	0.517
CD44	SDCBP	9606.ENSP00000398632	9606.ENSP00000428184	0	0	0	0	0.084	0	0	0.543	0.563
CD44	MME	9606.ENSP00000398632	9606.ENSP00000418525	0	0	0	0	0	0	0	0.598	0.598
CD44	SLC16A3	9606.ENSP00000398632	9606.ENSP00000463978	0	0	0	0	0.084	0.292	0	0.599	0.717
CD44	CD59	9606.ENSP00000398632	9606.ENSP00000498879	0	0	0	0	0.084	0	0	0.725	0.737
CD44	MUC5AC	9606.ENSP00000398632	9606.ENSP00000485659	0	0	0	0	0.071	0	0	0.756	0.763
CD44	RHOA	9606.ENSP00000398632	9606.ENSP00000400175	0	0	0	0	0.109	0.162	0	0.732	0.783
CD44	VIM	9606.ENSP00000398632	9606.ENSP00000446007	0	0	0	0	0.268	0	0	0.750	0.809
CD44	MUC1	9606.ENSP00000398632	9606.ENSP00000484824	0	0	0	0	0.072	0	0	0.812	0.818
CD44	ITGB3	9606.ENSP00000398632	9606.ENSP00000452786	0	0	0	0	0.097	0	0	0.828	0.838
CD44	RDX	9606.ENSP00000398632	9606.ENSP00000496414	0	0	0	0	0.054	0.903	0	0.992	0.999
CD47	LGALS1	9606.ENSP00000355361	9606.ENSP00000215909	0	0	0	0	0.074	0	0	0.576	0.591
CD47	NT5E	9606.ENSP00000355361	9606.ENSP00000257770	0	0	0	0	0.048	0	0	0.640	0.642
CD47	THBS1	9606.ENSP00000355361	9606.ENSP00000260356	0	0	0	0	0.067	0	0.900	0.997	0.999
CD47	ITGAV	9606.ENSP00000355361	9606.ENSP00000261023	0	0	0	0	0.093	0	0.400	0.617	0.773
CD47	CD81	9606.ENSP00000355361	9606.ENSP00000263645	0	0	0	0	0.053	0.045	0	0.478	0.487
CD47	ICAM1	9606.ENSP00000355361	9606.ENSP00000264832	0	0	0	0	0.103	0	0	0.511	0.543
CD47	MFGE8	9606.ENSP00000355361	9606.ENSP00000268150	0	0	0	0	0.054	0	0	0.431	0.439
CD47	IQGAP1	9606.ENSP00000355361	9606.ENSP00000268182	0	0	0	0	0.060	0	0	0.649	0.655
CD47	PGD	9606.ENSP00000355361	9606.ENSP00000270776	0	0	0	0	0.087	0	0	0.496	0.520
CD47	EGFR	9606.ENSP00000355361	9606.ENSP00000275493	0	0	0	0	0	0	0	0.702	0.702
CD47	ITGA5	9606.ENSP00000355361	9606.ENSP00000293379	0	0	0	0	0.086	0	0.400	0.262	0.560
CD47	ITGA2	9606.ENSP00000355361	9606.ENSP00000296585	0	0	0	0	0.054	0.292	0	0.296	0.488
CD47	GNAI2	9606.ENSP00000355361	9606.ENSP00000312999	0	0	0	0	0.093	0	0	0.376	0.410
CD47	EZR	9606.ENSP00000355361	9606.ENSP00000338934	0	0	0	0	0.047	0	0	0.523	0.525
CD47	FN1	9606.ENSP00000355361	9606.ENSP00000346839	0	0	0	0	0.055	0	0	0.699	0.703
CD47	COL18A1	9606.ENSP00000355361	9606.ENSP00000352798	0	0	0	0	0	0	0	0.431	0.431
CD47	TGM2	9606.ENSP00000355361	9606.ENSP00000355330	0	0	0	0	0.068	0	0	0.443	0.458
CD47	CD58	9606.ENSP00000355361	9606.ENSP00000358501	0	0	0	0	0.125	0	0	0.382	0.437
CD47	IDH1	9606.ENSP00000355361	9606.ENSP00000390265	0	0	0	0	0.042	0	0	0.439	0.439
CD47	PVR	9606.ENSP00000355361	9606.ENSP00000402060	0	0	0	0	0	0.125	0	0.391	0.444
CD47	ENO1	9606.ENSP00000355361	9606.ENSP00000495530	0	0	0	0	0.044	0	0	0.513	0.514
CD47	CD59	9606.ENSP00000355361	9606.ENSP00000498879	0	0	0	0	0.067	0	0	0.515	0.528
CD47	MUC1	9606.ENSP00000355361	9606.ENSP00000484824	0	0	0	0	0.093	0.098	0	0.584	0.630
CD47	CD9	9606.ENSP00000355361	9606.ENSP00000371958	0	0	0	0	0.117	0.045	0	0.712	0.736
CD47	ITGB3	9606.ENSP00000355361	9606.ENSP00000452786	0	0	0	0	0.067	0	0.400	0.661	0.794
CD47	ITGB1	9606.ENSP00000355361	9606.ENSP00000379350	0	0	0	0	0.111	0.292	0.400	0.562	0.812
CD58	ICAM1	9606.ENSP00000358501	9606.ENSP00000264832	0	0	0	0	0.101	0	0	0.996	0.996
CD58	SLC16A3	9606.ENSP00000358501	9606.ENSP00000463978	0	0	0	0	0.075	0	0	0.392	0.414
CD58	CD9	9606.ENSP00000358501	9606.ENSP00000371958	0	0	0	0	0.143	0	0	0.369	0.436
CD58	ENO1	9606.ENSP00000358501	9606.ENSP00000495530	0	0	0	0	0.045	0.088	0	0.431	0.461
CD58	HLA-A	9606.ENSP00000358501	9606.ENSP00000379873	0	0	0	0	0.090	0	0	0.434	0.463
CD58	PGM2	9606.ENSP00000358501	9606.ENSP00000371393	0	0	0	0	0.219	0.073	0	0.363	0.499
CD58	MME	9606.ENSP00000358501	9606.ENSP00000418525	0	0	0	0	0	0	0	0.511	0.511
CD58	ITGB1	9606.ENSP00000358501	9606.ENSP00000379350	0	0	0	0	0.065	0.129	0	0.466	0.527
CD58	MUC1	9606.ENSP00000358501	9606.ENSP00000484824	0	0	0	0	0.057	0.105	0	0.614	0.646
CD58	CD59	9606.ENSP00000358501	9606.ENSP00000498879	0	0	0	0	0.062	0	0	0.649	0.656
CD59	CEACAM1	9606.ENSP00000498879	9606.ENSP00000161559	0	0	0	0	0.116	0	0	0.451	0.494
CD59	TIMP1	9606.ENSP00000498879	9606.ENSP00000218388	0	0	0	0	0.073	0	0	0.459	0.477
CD59	PFN1	9606.ENSP00000498879	9606.ENSP00000225655	0	0	0	0	0.056	0	0	0.516	0.524
CD59	NT5E	9606.ENSP00000498879	9606.ENSP00000257770	0	0	0	0	0.084	0	0	0.487	0.510
CD59	LGALS3BP	9606.ENSP00000498879	9606.ENSP00000262776	0	0	0	0	0.061	0	0	0.574	0.582
CD59	NAPA	9606.ENSP00000498879	9606.ENSP00000263354	0	0	0	0	0.094	0	0.500	0	0.527
CD59	CD81	9606.ENSP00000498879	9606.ENSP00000263645	0	0	0	0	0.056	0	0	0.487	0.495
CD59	ICAM1	9606.ENSP00000498879	9606.ENSP00000264832	0	0	0	0	0.056	0	0	0.431	0.439
CD59	EGFR	9606.ENSP00000498879	9606.ENSP00000275493	0	0	0	0	0.086	0.322	0	0.272	0.509
CD59	CLU	9606.ENSP00000498879	9606.ENSP00000315130	0	0	0	0	0.060	0	0	0.728	0.733
CD59	F3	9606.ENSP00000498879	9606.ENSP00000334145	0	0	0	0	0.067	0	0	0.406	0.422
CD59	CD9	9606.ENSP00000498879	9606.ENSP00000371958	0	0	0	0	0.106	0	0	0.698	0.718
CD59	SEC13	9606.ENSP00000498879	9606.ENSP00000373312	0	0	0	0	0.049	0	0.500	0.054	0.510
CD59	ITGB1	9606.ENSP00000498879	9606.ENSP00000379350	0	0	0	0	0.107	0	0	0.666	0.689
CD59	MME	9606.ENSP00000498879	9606.ENSP00000418525	0	0	0	0	0.108	0	0	0.370	0.414
CD59	MAL2	9606.ENSP00000498879	9606.ENSP00000479708	0	0	0	0	0.063	0	0	0.652	0.660
CD81	VAMP3	9606.ENSP00000263645	9606.ENSP00000054666	0	0	0	0	0.090	0.194	0	0.271	0.419
CD81	ITGB4	9606.ENSP00000263645	9606.ENSP00000200181	0	0	0	0	0.064	0	0	0.493	0.506
CD81	LAMB1	9606.ENSP00000263645	9606.ENSP00000222399	0	0	0	0	0.042	0	0	0.411	0.411
CD81	RAB35	9606.ENSP00000263645	9606.ENSP00000229340	0	0	0	0	0.062	0	0	0.637	0.645
CD81	VPS4B	9606.ENSP00000263645	9606.ENSP00000238497	0	0	0	0	0.042	0	0	0.417	0.418
CD81	TSG101	9606.ENSP00000263645	9606.ENSP00000251968	0	0	0	0	0.044	0	0	0.995	0.995
CD81	PXDN	9606.ENSP00000263645	9606.ENSP00000252804	0	0	0	0	0.075	0	0	0.549	0.565
CD81	NT5E	9606.ENSP00000263645	9606.ENSP00000257770	0	0	0	0	0.082	0.045	0	0.715	0.728
CD81	LAMC1	9606.ENSP00000263645	9606.ENSP00000258341	0	0	0	0	0.067	0	0	0.414	0.430
CD81	ITGAV	9606.ENSP00000263645	9606.ENSP00000261023	0	0	0	0	0.077	0.049	0	0.566	0.586
CD81	RAB27B	9606.ENSP00000263645	9606.ENSP00000262094	0	0	0	0	0	0	0	0.534	0.534
CD81	SLC9A3R1	9606.ENSP00000263645	9606.ENSP00000262613	0	0	0	0	0.123	0	0	0.563	0.600
CD81	FASN	9606.ENSP00000263645	9606.ENSP00000304592	0	0	0	0	0.101	0	0	0.368	0.407
CD81	ITGB3	9606.ENSP00000263645	9606.ENSP00000452786	0	0	0	0	0.062	0	0	0.401	0.415
CD81	GNAI2	9606.ENSP00000263645	9606.ENSP00000312999	0	0	0	0	0.107	0.304	0	0.144	0.421
CD81	CDCP1	9606.ENSP00000263645	9606.ENSP00000296129	0	0	0	0	0.047	0	0	0.432	0.435
CD81	CPNE1	9606.ENSP00000263645	9606.ENSP00000317257	0	0	0	0	0	0	0	0.439	0.439
CD81	MCAM	9606.ENSP00000263645	9606.ENSP00000264036	0	0	0	0	0.049	0.113	0	0.400	0.449
CD81	EZR	9606.ENSP00000263645	9606.ENSP00000338934	0	0	0	0	0.067	0	0	0.444	0.459
CD81	ITGA5	9606.ENSP00000263645	9606.ENSP00000293379	0	0	0	0	0.079	0.074	0	0.422	0.465
CD81	RAB8A	9606.ENSP00000263645	9606.ENSP00000300935	0	0	0	0	0.113	0	0	0.436	0.479
CD81	SLC44A2	9606.ENSP00000263645	9606.ENSP00000466664	0	0	0	0	0.119	0.074	0	0.417	0.483
CD81	HSP90B1	9606.ENSP00000263645	9606.ENSP00000299767	0	0	0	0	0.066	0	0	0.476	0.490
CD81	CLDN4	9606.ENSP00000263645	9606.ENSP00000409544	0	0	0	0	0	0	0	0.495	0.495
CD81	MSN	9606.ENSP00000263645	9606.ENSP00000353408	0	0	0	0	0.110	0.054	0	0.449	0.495
CD81	GNB1	9606.ENSP00000263645	9606.ENSP00000367872	0	0	0	0	0.174	0.430	0	0.068	0.522
CD81	TSPAN14	9606.ENSP00000263645	9606.ENSP00000361231	0	0	0	0.687	0.096	0.045	0	0.516	0.546
CD81	RDX	9606.ENSP00000263645	9606.ENSP00000496414	0	0	0	0	0.042	0	0	0.561	0.562
CD81	MME	9606.ENSP00000263645	9606.ENSP00000418525	0	0	0	0	0	0.292	0	0.444	0.589
CD81	FN1	9606.ENSP00000263645	9606.ENSP00000346839	0	0	0	0	0.084	0	0	0.646	0.662
CD81	TSPAN4	9606.ENSP00000263645	9606.ENSP00000380553	0	0	0	0.740	0.086	0.292	0	0.570	0.698
CD81	MFGE8	9606.ENSP00000263645	9606.ENSP00000268150	0	0	0	0	0.126	0	0	0.680	0.709
CD81	ITGA3	9606.ENSP00000263645	9606.ENSP00000315190	0	0	0	0	0.059	0.046	0	0.715	0.722
CD81	LAMP1	9606.ENSP00000263645	9606.ENSP00000333298	0	0	0	0	0.155	0	0	0.692	0.729
CD81	EPHA2	9606.ENSP00000263645	9606.ENSP00000351209	0	0	0	0	0.047	0.050	0	0.747	0.750
CD81	SDCBP2	9606.ENSP00000263645	9606.ENSP00000371233	0	0	0	0	0	0	0	0.780	0.780
CD81	PDCD6IP	9606.ENSP00000263645	9606.ENSP00000411825	0	0	0	0	0.042	0	0	0.802	0.803
CD81	HSP90AB1	9606.ENSP00000263645	9606.ENSP00000360609	0	0	0	0	0.064	0	0	0.824	0.828
CD81	ICAM1	9606.ENSP00000263645	9606.ENSP00000264832	0	0	0	0	0.086	0	0	0.830	0.837
CD81	EGFR	9606.ENSP00000263645	9606.ENSP00000275493	0	0	0	0	0.042	0.304	0	0.843	0.886
CD81	SDCBP	9606.ENSP00000263645	9606.ENSP00000428184	0	0	0	0	0.042	0	0	0.887	0.887
CD81	ITGB1	9606.ENSP00000263645	9606.ENSP00000379350	0	0	0	0	0.090	0.626	0	0.986	0.995
CD81	CD9	9606.ENSP00000263645	9606.ENSP00000371958	0	0	0.058	0.923	0.058	0.837	0	0.987	0.997
CD81	CLDN1	9606.ENSP00000263645	9606.ENSP00000295522	0	0	0	0	0	0.045	0	0.998	0.998
CD81	PTGFRN	9606.ENSP00000263645	9606.ENSP00000376899	0	0	0	0	0.049	0.831	0	0.997	0.999
CD9	VAMP3	9606.ENSP00000371958	9606.ENSP00000054666	0	0	0	0	0.059	0	0	0.794	0.797
CD9	CEACAM1	9606.ENSP00000371958	9606.ENSP00000161559	0	0	0	0	0.086	0	0	0.414	0.441
CD9	ITGB4	9606.ENSP00000371958	9606.ENSP00000200181	0	0	0	0	0.084	0	0	0.580	0.599
CD9	RAB35	9606.ENSP00000371958	9606.ENSP00000229340	0	0	0	0	0.042	0	0	0.662	0.662
CD9	VPS4B	9606.ENSP00000371958	9606.ENSP00000238497	0	0	0	0	0.056	0	0	0.427	0.436
CD9	GGT1	9606.ENSP00000371958	9606.ENSP00000248923	0	0	0	0	0	0	0	0.455	0.455
CD9	TSG101	9606.ENSP00000371958	9606.ENSP00000251968	0	0	0	0	0.044	0	0	0.995	0.995
CD9	PXDN	9606.ENSP00000371958	9606.ENSP00000252804	0	0	0	0	0.044	0	0	0.603	0.604
CD9	NT5E	9606.ENSP00000371958	9606.ENSP00000257770	0	0	0	0	0.072	0	0	0.712	0.721
CD9	ITGAV	9606.ENSP00000371958	9606.ENSP00000261023	0	0	0	0	0.143	0.046	0	0.683	0.718
CD9	RAB27B	9606.ENSP00000371958	9606.ENSP00000262094	0	0	0	0	0.042	0	0	0.538	0.539
CD9	SLC9A3R1	9606.ENSP00000371958	9606.ENSP00000262613	0	0	0	0	0.042	0	0	0.437	0.437
CD9	LGALS3BP	9606.ENSP00000371958	9606.ENSP00000262776	0	0	0	0	0.066	0.292	0	0.633	0.736
CD9	MCAM	9606.ENSP00000371958	9606.ENSP00000264036	0	0	0	0	0.047	0.345	0	0.479	0.646
CD9	ICAM1	9606.ENSP00000371958	9606.ENSP00000264832	0	0	0	0	0.047	0	0	0.912	0.912
CD9	MFGE8	9606.ENSP00000371958	9606.ENSP00000268150	0	0	0	0	0.103	0	0	0.682	0.703
CD9	EGFR	9606.ENSP00000371958	9606.ENSP00000275493	0	0	0	0	0.084	0	0	0.868	0.873
CD9	ITGA5	9606.ENSP00000371958	9606.ENSP00000293379	0	0	0	0	0.087	0.295	0	0.751	0.826
CD9	CLDN1	9606.ENSP00000371958	9606.ENSP00000295522	0	0	0	0	0.067	0	0	0.812	0.817
CD9	ITGA2	9606.ENSP00000371958	9606.ENSP00000296585	0	0	0	0	0.063	0.295	0	0.398	0.568
CD9	CFL2	9606.ENSP00000371958	9606.ENSP00000298159	0	0	0	0	0.042	0	0	0.511	0.511
CD9	HSP90B1	9606.ENSP00000371958	9606.ENSP00000299767	0	0	0	0	0.044	0	0	0.470	0.472
CD9	ITGA3	9606.ENSP00000371958	9606.ENSP00000315190	0	0	0	0	0.089	0.626	0	0.917	0.969
CD9	MMP1	9606.ENSP00000371958	9606.ENSP00000322788	0	0	0	0	0.067	0	0	0.543	0.556
CD9	LAMP1	9606.ENSP00000371958	9606.ENSP00000333298	0	0	0	0	0.059	0	0	0.517	0.526
CD9	F3	9606.ENSP00000371958	9606.ENSP00000334145	0	0	0	0	0.048	0	0	0.397	0.401
CD9	EZR	9606.ENSP00000371958	9606.ENSP00000338934	0	0	0	0	0.111	0	0	0.421	0.463
CD9	FN1	9606.ENSP00000371958	9606.ENSP00000346839	0	0	0	0	0.092	0	0	0.695	0.711
CD9	MSN	9606.ENSP00000371958	9606.ENSP00000353408	0	0	0	0	0.073	0	0	0.427	0.447
CD9	F11R	9606.ENSP00000371958	9606.ENSP00000357005	0	0	0	0	0.063	0	0	0.628	0.636
CD9	HSP90AB1	9606.ENSP00000371958	9606.ENSP00000360609	0	0	0	0	0.044	0	0	0.821	0.821
CD9	TSPAN14	9606.ENSP00000371958	9606.ENSP00000361231	0	0	0	0.717	0.048	0.510	0	0.492	0.742
CD9	SDCBP2	9606.ENSP00000371958	9606.ENSP00000371233	0	0	0	0	0.044	0	0	0.786	0.786
CD9	HLA-A	9606.ENSP00000371958	9606.ENSP00000379873	0	0	0	0	0.081	0.292	0	0.245	0.466
CD9	VIM	9606.ENSP00000371958	9606.ENSP00000446007	0	0	0	0	0.061	0	0	0.529	0.539
CD9	TSPAN4	9606.ENSP00000371958	9606.ENSP00000380553	0	0	0	0.746	0.059	0.292	0	0.487	0.628
CD9	ITGB3	9606.ENSP00000371958	9606.ENSP00000452786	0	0	0	0	0.066	0	0.400	0.681	0.806
CD9	PDCD6IP	9606.ENSP00000371958	9606.ENSP00000411825	0	0	0	0	0.042	0	0	0.808	0.808
CD9	MME	9606.ENSP00000371958	9606.ENSP00000418525	0	0	0	0	0.087	0.292	0	0.811	0.867
CD9	ITGA6	9606.ENSP00000371958	9606.ENSP00000386896	0	0	0	0	0.105	0.512	0	0.728	0.871
CD9	SDCBP	9606.ENSP00000371958	9606.ENSP00000428184	0	0	0	0	0.067	0	0	0.896	0.899
CD9	ITGB1	9606.ENSP00000371958	9606.ENSP00000379350	0	0	0	0	0.061	0.785	0	0.953	0.989
CD9	PTGFRN	9606.ENSP00000371958	9606.ENSP00000376899	0	0	0	0	0.067	0.868	0	0.998	0.999
CDC37	PARK7	9606.ENSP00000222005	9606.ENSP00000340278	0	0	0	0	0.068	0	0	0.384	0.401
CDC37	EEF1A1	9606.ENSP00000222005	9606.ENSP00000339063	0	0	0	0	0.201	0.229	0	0.108	0.402
CDC37	NPM1	9606.ENSP00000222005	9606.ENSP00000296930	0	0	0	0	0.081	0.292	0	0.174	0.415
CDC37	VCP	9606.ENSP00000222005	9606.ENSP00000351777	0	0	0	0	0.263	0.140	0	0.240	0.476
CDC37	HSPB1	9606.ENSP00000222005	9606.ENSP00000248553	0	0	0	0	0.067	0	0	0.464	0.478
CDC37	HSPA5	9606.ENSP00000222005	9606.ENSP00000324173	0	0	0	0	0.104	0.187	0	0.373	0.504
CDC37	UBA52	9606.ENSP00000222005	9606.ENSP00000388107	0	0	0	0	0.072	0	0.500	0	0.516
CDC37	PPP2R1A	9606.ENSP00000222005	9606.ENSP00000324804	0	0	0	0	0.175	0.225	0	0.326	0.531
CDC37	HSPA1B	9606.ENSP00000222005	9606.ENSP00000364801	0	0	0	0	0.070	0.228	0	0.622	0.705
CDC37	EZR	9606.ENSP00000222005	9606.ENSP00000338934	0	0	0	0	0.088	0	0	0.853	0.860
CDC37	EGFR	9606.ENSP00000222005	9606.ENSP00000275493	0	0	0	0	0.047	0.627	0.500	0.589	0.917
CDC37	HSP90B1	9606.ENSP00000222005	9606.ENSP00000299767	0	0	0	0	0.067	0.486	0.800	0.756	0.973
CDC37	HSP90AB1	9606.ENSP00000222005	9606.ENSP00000360609	0	0	0	0	0.155	0.992	0.800	0.998	0.999
CDCP1	EGFR	9606.ENSP00000296129	9606.ENSP00000275493	0	0	0	0	0.082	0.223	0	0.750	0.806
CDCP1	FN1	9606.ENSP00000296129	9606.ENSP00000346839	0	0	0	0	0.042	0	0	0.430	0.430
CDCP1	ITGB1	9606.ENSP00000296129	9606.ENSP00000379350	0	0	0	0	0.044	0	0	0.562	0.563
CDCP1	EPHA2	9606.ENSP00000296129	9606.ENSP00000351209	0	0	0	0	0.113	0	0	0.682	0.705
CEACAM1	S100A4	9606.ENSP00000161559	9606.ENSP00000357704	0	0	0	0	0	0.045	0	0.419	0.422
CEACAM1	ITGA5	9606.ENSP00000161559	9606.ENSP00000293379	0	0	0	0	0.058	0.071	0.400	0.108	0.468
CEACAM1	ITGB1	9606.ENSP00000161559	9606.ENSP00000379350	0	0	0	0	0.057	0	0.400	0.145	0.473
CEACAM1	PVR	9606.ENSP00000161559	9606.ENSP00000402060	0	0	0	0	0.042	0.051	0	0.483	0.489
CEACAM1	ICAM1	9606.ENSP00000161559	9606.ENSP00000264832	0	0	0	0	0.123	0	0	0.484	0.529
CEACAM1	EGFR	9606.ENSP00000161559	9606.ENSP00000275493	0	0	0	0	0.051	0.045	0	0.555	0.561
CEACAM1	ITGB3	9606.ENSP00000161559	9606.ENSP00000452786	0	0	0	0	0.044	0	0	0.605	0.606
CEACAM1	FN1	9606.ENSP00000161559	9606.ENSP00000346839	0	0	0	0	0	0	0.400	0.518	0.698
CFL1	VCL	9606.ENSP00000432660	9606.ENSP00000211998	0	0	0	0	0.078	0	0	0.826	0.833
CFL1	PFN1	9606.ENSP00000432660	9606.ENSP00000225655	0	0	0	0	0.608	0.258	0.400	0.972	0.994
CFL1	HSPB1	9606.ENSP00000432660	9606.ENSP00000248553	0	0	0	0	0.120	0	0	0.571	0.606
CFL1	RAC2	9606.ENSP00000432660	9606.ENSP00000249071	0	0	0	0	0.154	0.045	0	0.499	0.560
CFL1	PXDN	9606.ENSP00000432660	9606.ENSP00000252804	0	0	0	0	0.059	0	0	0.487	0.497
CFL1	COTL1	9606.ENSP00000432660	9606.ENSP00000262428	0	0	0	0	0.127	0.204	0	0.446	0.582
CFL1	YWHAE	9606.ENSP00000432660	9606.ENSP00000264335	0	0	0	0	0.370	0.071	0	0.565	0.723
CFL1	ICAM1	9606.ENSP00000432660	9606.ENSP00000264832	0	0	0	0	0.087	0	0	0.522	0.545
CFL1	PRDX5	9606.ENSP00000432660	9606.ENSP00000265462	0	0	0	0	0.083	0.237	0	0.477	0.602
CFL1	IQGAP1	9606.ENSP00000432660	9606.ENSP00000268182	0	0	0	0	0.076	0.231	0	0.495	0.611
CFL1	SH3BGRL3	9606.ENSP00000432660	9606.ENSP00000270792	0	0	0	0	0.274	0	0	0.480	0.606
CFL1	S100A11	9606.ENSP00000432660	9606.ENSP00000271638	0	0	0	0	0.251	0.071	0	0.229	0.417
CFL1	EGFR	9606.ENSP00000432660	9606.ENSP00000275493	0	0	0	0	0.044	0.464	0	0.631	0.794
CFL1	RHOC	9606.ENSP00000432660	9606.ENSP00000285735	0	0	0	0	0.105	0.068	0	0.776	0.797
CFL1	NPM1	9606.ENSP00000432660	9606.ENSP00000296930	0	0	0	0	0.130	0.292	0	0.221	0.479
CFL1	CFL2	9606.ENSP00000432660	9606.ENSP00000298159	0	0	0.051	0.978	0.056	0.731	0.900	0.050	0.972
CFL1	RAB6A	9606.ENSP00000432660	9606.ENSP00000311449	0	0	0	0	0.067	0	0	0.404	0.420
CFL1	TLN1	9606.ENSP00000432660	9606.ENSP00000316029	0	0	0	0	0.149	0	0	0.647	0.687
CFL1	HSPA5	9606.ENSP00000432660	9606.ENSP00000324173	0	0	0	0	0.073	0	0	0.553	0.568
CFL1	FMNL1	9606.ENSP00000432660	9606.ENSP00000329219	0	0	0	0	0.056	0	0	0.455	0.463
CFL1	EIF5A	9606.ENSP00000432660	9606.ENSP00000336702	0	0	0	0	0.367	0	0	0.275	0.522
CFL1	TUBA1B	9606.ENSP00000432660	9606.ENSP00000336799	0	0	0	0	0.369	0	0	0.470	0.651
CFL1	NME1	9606.ENSP00000432660	9606.ENSP00000337060	0	0	0	0	0.085	0.247	0	0.234	0.427
CFL1	EZR	9606.ENSP00000432660	9606.ENSP00000338934	0	0	0	0	0.063	0	0	0.627	0.636
CFL1	TUBB	9606.ENSP00000432660	9606.ENSP00000339001	0	0	0	0	0.298	0	0	0.340	0.517
CFL1	EEF1A1	9606.ENSP00000432660	9606.ENSP00000339063	0	0	0	0	0.239	0	0	0.275	0.425
CFL1	RHOG	9606.ENSP00000432660	9606.ENSP00000339467	0	0	0	0	0.200	0.045	0	0.452	0.545
CFL1	PARK7	9606.ENSP00000432660	9606.ENSP00000340278	0	0	0	0	0.083	0.197	0	0.381	0.504
CFL1	TUBB4B	9606.ENSP00000432660	9606.ENSP00000341289	0	0	0	0	0.270	0	0	0.229	0.414
CFL1	FN1	9606.ENSP00000432660	9606.ENSP00000346839	0	0	0	0	0.042	0.072	0	0.505	0.521
CFL1	PLS3	9606.ENSP00000432660	9606.ENSP00000348163	0	0	0	0	0.055	0.095	0	0.478	0.515
CFL1	VCP	9606.ENSP00000432660	9606.ENSP00000351777	0	0	0	0	0.193	0.127	0	0.223	0.405
CFL1	MSN	9606.ENSP00000432660	9606.ENSP00000353408	0	0	0	0	0.115	0	0	0.750	0.769
CFL1	TAGLN2	9606.ENSP00000432660	9606.ENSP00000357076	0	0	0	0	0.158	0.162	0	0.630	0.716
CFL1	LMNA	9606.ENSP00000432660	9606.ENSP00000357283	0	0	0	0	0.119	0.190	0	0.272	0.436
CFL1	FLNA	9606.ENSP00000432660	9606.ENSP00000358866	0	0	0	0	0.099	0.231	0	0.888	0.916
CFL1	HSP90AB1	9606.ENSP00000432660	9606.ENSP00000360609	0	0	0	0	0.178	0	0	0.636	0.688
CFL1	HNRNPK	9606.ENSP00000432660	9606.ENSP00000365458	0	0	0	0	0.454	0	0	0.181	0.533
CFL1	RHOA	9606.ENSP00000432660	9606.ENSP00000400175	0	0	0	0	0.268	0.068	0.500	0.902	0.962
CFL1	STMN1	9606.ENSP00000432660	9606.ENSP00000410452	0	0	0	0	0.069	0.071	0	0.451	0.484
CFL1	WDR1	9606.ENSP00000432660	9606.ENSP00000427687	0	0	0	0	0.237	0.554	0	0.984	0.994
CFL1	DPYSL2	9606.ENSP00000432660	9606.ENSP00000427985	0	0	0	0	0.061	0	0	0.422	0.434
CFL1	TUBA1A	9606.ENSP00000432660	9606.ENSP00000439020	0	0	0	0	0.168	0	0	0.317	0.408
CFL1	H2AX	9606.ENSP00000432660	9606.ENSP00000434024	0	0	0	0	0.123	0.292	0	0.138	0.418
CFL1	TUBA1C	9606.ENSP00000432660	9606.ENSP00000443475	0	0	0	0	0.252	0	0	0.312	0.464
CFL1	RDX	9606.ENSP00000432660	9606.ENSP00000496414	0	0	0	0	0.065	0	0	0.607	0.617
CFL1	ENO1	9606.ENSP00000432660	9606.ENSP00000495530	0	0	0	0	0.291	0.192	0	0.607	0.755
CFL1	MYL6	9606.ENSP00000432660	9606.ENSP00000446955	0	0	0	0	0.782	0.051	0	0.281	0.838
CFL1	TWF1	9606.ENSP00000432660	9606.ENSP00000449428	0	0	0	0	0.044	0.550	0	0.815	0.913
CFL2	VCL	9606.ENSP00000298159	9606.ENSP00000211998	0	0	0	0	0.085	0	0	0.822	0.830
CFL2	PFN1	9606.ENSP00000298159	9606.ENSP00000225655	0	0	0	0	0.196	0.100	0	0.958	0.967
CFL2	HSPB1	9606.ENSP00000298159	9606.ENSP00000248553	0	0	0	0	0.085	0	0	0.535	0.557
CFL2	RAC2	9606.ENSP00000298159	9606.ENSP00000249071	0	0	0	0	0.100	0.045	0	0.500	0.533
CFL2	PXDN	9606.ENSP00000298159	9606.ENSP00000252804	0	0	0	0	0.064	0	0	0.465	0.478
CFL2	COTL1	9606.ENSP00000298159	9606.ENSP00000262428	0	0	0	0	0.069	0.069	0	0.389	0.424
CFL2	YWHAE	9606.ENSP00000298159	9606.ENSP00000264335	0	0	0	0	0.118	0.071	0	0.511	0.564
CFL2	ICAM1	9606.ENSP00000298159	9606.ENSP00000264832	0	0	0	0	0.066	0	0	0.506	0.519
CFL2	IQGAP1	9606.ENSP00000298159	9606.ENSP00000268182	0	0	0	0	0.062	0.261	0	0.470	0.601
CFL2	EGFR	9606.ENSP00000298159	9606.ENSP00000275493	0	0	0	0	0.067	0	0	0.416	0.432
CFL2	RHOC	9606.ENSP00000298159	9606.ENSP00000285735	0	0	0	0	0.067	0.068	0	0.775	0.788
CFL2	EIF5A	9606.ENSP00000298159	9606.ENSP00000336702	0	0	0	0	0.304	0	0	0.177	0.403
CFL2	DPYSL2	9606.ENSP00000298159	9606.ENSP00000427985	0	0	0	0	0.059	0	0	0.406	0.417
CFL2	STMN1	9606.ENSP00000298159	9606.ENSP00000410452	0	0	0	0	0.083	0.071	0	0.379	0.425
CFL2	FMNL1	9606.ENSP00000298159	9606.ENSP00000329219	0	0	0	0	0.042	0	0	0.453	0.453
CFL2	TAGLN2	9606.ENSP00000298159	9606.ENSP00000357076	0	0	0	0	0.059	0.071	0	0.429	0.458
CFL2	RHOG	9606.ENSP00000298159	9606.ENSP00000339467	0	0	0	0	0.100	0.045	0	0.442	0.478
CFL2	FN1	9606.ENSP00000298159	9606.ENSP00000346839	0	0	0	0	0.063	0	0	0.479	0.490
CFL2	PLS3	9606.ENSP00000298159	9606.ENSP00000348163	0	0	0	0	0.093	0.095	0	0.465	0.523
CFL2	TUBA1C	9606.ENSP00000298159	9606.ENSP00000443475	0	0	0	0	0.099	0	0	0.499	0.530
CFL2	EZR	9606.ENSP00000298159	9606.ENSP00000338934	0	0	0	0	0.068	0	0	0.620	0.631
CFL2	HSP90AB1	9606.ENSP00000298159	9606.ENSP00000360609	0	0	0	0	0.113	0	0	0.607	0.637
CFL2	TLN1	9606.ENSP00000298159	9606.ENSP00000316029	0	0	0	0	0.042	0	0	0.643	0.643
CFL2	MSN	9606.ENSP00000298159	9606.ENSP00000353408	0	0	0	0	0.063	0	0	0.637	0.646
CFL2	RDX	9606.ENSP00000298159	9606.ENSP00000496414	0	0	0	0	0.149	0	0	0.604	0.649
CFL2	TWF1	9606.ENSP00000298159	9606.ENSP00000449428	0	0	0	0	0.072	0.105	0	0.812	0.831
CFL2	FLNA	9606.ENSP00000298159	9606.ENSP00000358866	0	0	0	0	0.061	0.211	0	0.861	0.888
CFL2	RHOA	9606.ENSP00000298159	9606.ENSP00000400175	0	0	0	0	0.065	0.068	0	0.902	0.907
CFL2	WDR1	9606.ENSP00000298159	9606.ENSP00000427687	0	0	0	0	0.042	0.576	0	0.984	0.993
CHMP1A	CHMP4B	9606.ENSP00000380998	9606.ENSP00000217402	0	0	0	0	0.067	0.718	0.540	0.433	0.922
CHMP1A	CHMP5	9606.ENSP00000380998	9606.ENSP00000223500	0	0	0	0	0.081	0.772	0	0.977	0.994
CHMP1A	VPS4B	9606.ENSP00000380998	9606.ENSP00000238497	0	0	0	0	0.047	0.824	0.900	0.967	0.999
CHMP1A	TSG101	9606.ENSP00000380998	9606.ENSP00000251968	0	0	0	0	0.063	0	0.540	0.707	0.862
CHMP1A	VPS37B	9606.ENSP00000380998	9606.ENSP00000267202	0	0	0	0	0.238	0	0.540	0.639	0.862
CHMP1A	MVB12A	9606.ENSP00000380998	9606.ENSP00000324810	0	0	0	0	0.110	0	0.540	0.441	0.751
CHMP1A	VPS28	9606.ENSP00000380998	9606.ENSP00000366565	0	0	0	0	0.117	0	0.540	0.731	0.881
CHMP1A	PDCD6IP	9606.ENSP00000380998	9606.ENSP00000411825	0	0	0	0	0.049	0	0	0.707	0.709
CHMP1A	CHMP1B	9606.ENSP00000380998	9606.ENSP00000432279	0	0	0.066	0.948	0.061	0.673	0.900	0.756	0.991
CHMP1A	CHMP2A	9606.ENSP00000380998	9606.ENSP00000469240	0	0	0	0.694	0.138	0.843	0.900	0.939	0.999
CHMP1A	IST1	9606.ENSP00000380998	9606.ENSP00000438399	0	0	0	0	0.072	0.961	0	0.983	0.999
CHMP1B	CHMP4B	9606.ENSP00000432279	9606.ENSP00000217402	0	0	0	0	0.058	0.910	0.900	0.415	0.994
CHMP1B	CHMP5	9606.ENSP00000432279	9606.ENSP00000223500	0	0	0	0	0.080	0.936	0	0.914	0.994
CHMP1B	VPS4B	9606.ENSP00000432279	9606.ENSP00000238497	0	0	0	0	0.068	0.722	0.900	0.881	0.996
CHMP1B	TSG101	9606.ENSP00000432279	9606.ENSP00000251968	0	0	0	0	0.084	0	0.900	0.623	0.962
CHMP1B	VPS37B	9606.ENSP00000432279	9606.ENSP00000267202	0	0	0	0	0.081	0	0.900	0.572	0.957
CHMP1B	MVB12A	9606.ENSP00000432279	9606.ENSP00000324810	0	0	0	0	0.093	0	0.900	0.489	0.949
CHMP1B	VPS28	9606.ENSP00000432279	9606.ENSP00000366565	0	0	0	0	0.124	0	0.900	0.745	0.975
CHMP1B	PDCD6IP	9606.ENSP00000432279	9606.ENSP00000411825	0	0	0	0	0.060	0	0	0.507	0.517
CHMP1B	CHMP2A	9606.ENSP00000432279	9606.ENSP00000469240	0	0	0	0.727	0.137	0.843	0.900	0.822	0.997
CHMP1B	IST1	9606.ENSP00000432279	9606.ENSP00000438399	0	0	0	0	0.095	0.994	0	0.995	0.999
CHMP2A	CHMP4B	9606.ENSP00000469240	9606.ENSP00000217402	0	0	0	0	0.114	0.924	0.900	0.593	0.996
CHMP2A	CHMP5	9606.ENSP00000469240	9606.ENSP00000223500	0	0	0	0	0.295	0.794	0.500	0.954	0.996
CHMP2A	VPS4B	9606.ENSP00000469240	9606.ENSP00000238497	0	0	0	0	0.058	0.871	0.500	0.980	0.998
CHMP2A	CLTA	9606.ENSP00000469240	9606.ENSP00000242285	0	0	0	0	0.159	0.190	0	0.206	0.412
CHMP2A	TUBA4A	9606.ENSP00000469240	9606.ENSP00000248437	0	0	0	0	0.056	0	0.500	0	0.507
CHMP2A	TSG101	9606.ENSP00000469240	9606.ENSP00000251968	0	0	0	0	0.214	0.069	0.900	0.858	0.988
CHMP2A	PRDX5	9606.ENSP00000469240	9606.ENSP00000265462	0	0	0	0	0.515	0	0	0	0.515
CHMP2A	VPS37B	9606.ENSP00000469240	9606.ENSP00000267202	0	0	0	0	0.048	0.069	0.900	0.560	0.955
CHMP2A	IGFBP7	9606.ENSP00000469240	9606.ENSP00000295666	0	0	0	0	0.042	0	0	0.542	0.542
CHMP2A	MVB12A	9606.ENSP00000469240	9606.ENSP00000324810	0	0	0	0	0.114	0	0.900	0.523	0.954
CHMP2A	TUBA1B	9606.ENSP00000469240	9606.ENSP00000336799	0	0	0	0	0.067	0	0.500	0.089	0.537
CHMP2A	PARK7	9606.ENSP00000469240	9606.ENSP00000340278	0	0	0	0	0.137	0	0.400	0.092	0.489
CHMP2A	TUBB4B	9606.ENSP00000469240	9606.ENSP00000341289	0	0	0	0	0.067	0	0.500	0.046	0.516
CHMP2A	VCP	9606.ENSP00000469240	9606.ENSP00000351777	0	0	0	0	0.151	0	0	0.373	0.445
CHMP2A	PSMB2	9606.ENSP00000469240	9606.ENSP00000362334	0	0	0	0	0.126	0	0	0.440	0.490
CHMP2A	VPS28	9606.ENSP00000469240	9606.ENSP00000366565	0	0	0	0	0.266	0.071	0.900	0.810	0.985
CHMP2A	RAB1A	9606.ENSP00000469240	9606.ENSP00000387286	0	0	0	0	0.101	0	0	0.540	0.569
CHMP2A	UBA52	9606.ENSP00000469240	9606.ENSP00000388107	0	0	0	0	0.125	0.091	0.500	0.052	0.572
CHMP2A	PDCD6IP	9606.ENSP00000469240	9606.ENSP00000411825	0	0	0	0	0.097	0.079	0.500	0.811	0.911
CHMP2A	IST1	9606.ENSP00000469240	9606.ENSP00000438399	0	0	0	0	0.060	0.518	0.500	0.948	0.986
CHMP2A	TUBA1A	9606.ENSP00000469240	9606.ENSP00000439020	0	0	0	0	0.088	0	0.500	0.070	0.538
CHMP2A	TUBA1C	9606.ENSP00000469240	9606.ENSP00000443475	0	0	0	0	0.072	0	0.500	0	0.516
CHMP2A	MUC1	9606.ENSP00000469240	9606.ENSP00000484824	0	0	0	0	0.044	0.071	0	0.551	0.566
CHMP4B	CLTC	9606.ENSP00000217402	9606.ENSP00000479606	0	0	0	0	0.056	0.329	0	0.155	0.418
CHMP4B	TUBA4A	9606.ENSP00000217402	9606.ENSP00000248437	0	0	0	0	0.049	0	0.500	0	0.504
CHMP4B	TUBA1A	9606.ENSP00000217402	9606.ENSP00000439020	0	0	0	0	0.056	0	0.500	0	0.507
CHMP4B	UBA52	9606.ENSP00000217402	9606.ENSP00000388107	0	0	0	0	0.048	0	0.500	0.049	0.507
CHMP4B	TUBA1B	9606.ENSP00000217402	9606.ENSP00000336799	0	0	0	0	0.070	0	0.500	0	0.515
CHMP4B	TUBB4B	9606.ENSP00000217402	9606.ENSP00000341289	0	0	0	0	0.081	0	0.500	0	0.520
CHMP4B	NPM1	9606.ENSP00000217402	9606.ENSP00000296930	0	0	0	0	0.042	0.292	0	0.353	0.522
CHMP4B	TUBA1C	9606.ENSP00000217402	9606.ENSP00000443475	0	0	0	0	0.097	0	0.500	0	0.529
CHMP4B	PARK7	9606.ENSP00000217402	9606.ENSP00000340278	0	0	0	0	0.100	0.292	0.400	0	0.584
CHMP4B	IST1	9606.ENSP00000217402	9606.ENSP00000438399	0	0	0	0	0.062	0.643	0.500	0.562	0.917
CHMP4B	MVB12A	9606.ENSP00000217402	9606.ENSP00000324810	0	0	0	0	0.067	0.161	0.900	0.203	0.929
CHMP4B	VPS4B	9606.ENSP00000217402	9606.ENSP00000238497	0	0	0	0	0.055	0.748	0.500	0.526	0.936
CHMP4B	VPS37B	9606.ENSP00000217402	9606.ENSP00000267202	0	0	0	0	0.044	0	0.900	0.402	0.937
CHMP4B	VPS28	9606.ENSP00000217402	9606.ENSP00000366565	0	0	0	0	0.082	0	0.900	0.434	0.943
CHMP4B	TSG101	9606.ENSP00000217402	9606.ENSP00000251968	0	0	0	0	0.130	0.197	0.900	0.605	0.968
CHMP4B	CHMP5	9606.ENSP00000217402	9606.ENSP00000223500	0	0	0.104	0.641	0.161	0.868	0.500	0.528	0.972
CHMP4B	PDCD6IP	9606.ENSP00000217402	9606.ENSP00000411825	0	0	0	0	0.081	0.972	0.900	0.458	0.998
CHMP5	UBA52	9606.ENSP00000223500	9606.ENSP00000388107	0	0	0	0	0	0	0.400	0	0.400
CHMP5	EGFR	9606.ENSP00000223500	9606.ENSP00000275493	0	0	0	0	0.056	0	0	0.420	0.429
CHMP5	MVB12A	9606.ENSP00000223500	9606.ENSP00000324810	0	0	0	0	0.067	0	0.500	0.449	0.720
CHMP5	VPS37B	9606.ENSP00000223500	9606.ENSP00000267202	0	0	0	0	0.042	0	0.500	0.617	0.800
CHMP5	PDCD6IP	9606.ENSP00000223500	9606.ENSP00000411825	0	0	0	0	0.083	0.048	0.500	0.608	0.806
CHMP5	VPS28	9606.ENSP00000223500	9606.ENSP00000366565	0	0	0	0	0.067	0	0.500	0.843	0.920
CHMP5	TSG101	9606.ENSP00000223500	9606.ENSP00000251968	0	0	0	0	0.187	0.292	0.500	0.778	0.927
CHMP5	IST1	9606.ENSP00000223500	9606.ENSP00000438399	0	0	0	0	0.049	0.925	0	0.974	0.998
CHMP5	VPS4B	9606.ENSP00000223500	9606.ENSP00000238497	0	0	0	0	0.183	0.613	0.900	0.968	0.998
CIB1	FLNA	9606.ENSP00000479860	9606.ENSP00000358866	0	0	0	0	0.068	0	0	0.537	0.551
CIB1	UBE2D2	9606.ENSP00000479860	9606.ENSP00000381717	0	0	0	0	0.122	0.047	0	0.401	0.456
CLDN1	PXDN	9606.ENSP00000295522	9606.ENSP00000252804	0	0	0	0	0.067	0	0	0.517	0.530
CLDN1	DSG2	9606.ENSP00000295522	9606.ENSP00000261590	0	0	0	0	0.105	0	0	0.367	0.409
CLDN1	KYNU	9606.ENSP00000295522	9606.ENSP00000264170	0	0	0	0	0.120	0	0	0.412	0.460
CLDN1	ICAM1	9606.ENSP00000295522	9606.ENSP00000264832	0	0	0	0	0.060	0	0	0.424	0.436
CLDN1	EGFR	9606.ENSP00000295522	9606.ENSP00000275493	0	0	0	0	0.149	0	0	0.649	0.688
CLDN1	ESAM	9606.ENSP00000295522	9606.ENSP00000278927	0	0	0	0	0.055	0	0.650	0.577	0.847
CLDN1	SLC2A1	9606.ENSP00000295522	9606.ENSP00000416293	0	0	0	0	0.056	0	0	0.393	0.402
CLDN1	DSP	9606.ENSP00000295522	9606.ENSP00000369129	0	0	0	0	0.151	0	0	0.369	0.442
CLDN1	MUC1	9606.ENSP00000295522	9606.ENSP00000484824	0	0	0	0	0.086	0	0	0.448	0.474
CLDN1	FN1	9606.ENSP00000295522	9606.ENSP00000346839	0	0	0	0	0.084	0	0	0.470	0.493
CLDN1	VIM	9606.ENSP00000295522	9606.ENSP00000446007	0	0	0.240	0	0	0	0	0.402	0.526
CLDN1	ITGB1	9606.ENSP00000295522	9606.ENSP00000379350	0	0	0	0	0.063	0	0	0.538	0.549
CLDN1	EPHA2	9606.ENSP00000295522	9606.ENSP00000351209	0	0	0	0	0.157	0	0	0.664	0.704
CLDN1	ITGA2	9606.ENSP00000295522	9606.ENSP00000296585	0	0	0	0	0.106	0	0	0.796	0.809
CLDN1	TACSTD2	9606.ENSP00000295522	9606.ENSP00000360269	0	0	0	0	0.264	0.292	0	0.822	0.899
CLDN1	CLDN4	9606.ENSP00000295522	9606.ENSP00000409544	0	0	0.053	0.939	0.083	0	0.650	0.838	0.944
CLDN1	PATJ	9606.ENSP00000295522	9606.ENSP00000494277	0	0	0	0	0.043	0.299	0	0.951	0.964
CLDN1	F11R	9606.ENSP00000295522	9606.ENSP00000357005	0	0	0	0	0.054	0	0	0.991	0.991
CLDN4	SERPINE1	9606.ENSP00000409544	9606.ENSP00000223095	0	0	0	0	0	0	0	0.460	0.460
CLDN4	EGFR	9606.ENSP00000409544	9606.ENSP00000275493	0	0	0	0	0.068	0	0	0.402	0.418
CLDN4	ESAM	9606.ENSP00000409544	9606.ENSP00000278927	0	0	0	0	0.055	0	0.650	0.167	0.700
CLDN4	CTNNA1	9606.ENSP00000409544	9606.ENSP00000304669	0	0	0	0	0.051	0	0	0.513	0.518
CLDN4	PRSS8	9606.ENSP00000409544	9606.ENSP00000319730	0	0	0	0	0.260	0	0	0.312	0.469
CLDN4	PKP3	9606.ENSP00000409544	9606.ENSP00000331678	0	0	0	0	0.323	0	0	0.286	0.496
CLDN4	EPHA2	9606.ENSP00000409544	9606.ENSP00000351209	0	0	0	0	0.082	0	0	0.839	0.845
CLDN4	F11R	9606.ENSP00000409544	9606.ENSP00000357005	0	0	0	0	0.104	0	0	0.919	0.924
CLDN4	TACSTD2	9606.ENSP00000409544	9606.ENSP00000360269	0	0	0	0	0.228	0.201	0	0.335	0.555
CLDN4	DSP	9606.ENSP00000409544	9606.ENSP00000369129	0	0	0	0	0.151	0	0	0.358	0.432
CLDN4	MSLN	9606.ENSP00000409544	9606.ENSP00000372313	0	0	0	0	0.078	0	0	0.411	0.434
CLDN4	ITGB1	9606.ENSP00000409544	9606.ENSP00000379350	0	0	0	0	0	0	0	0.510	0.510
CLDN4	VIM	9606.ENSP00000409544	9606.ENSP00000446007	0	0	0	0	0	0	0	0.400	0.400
CLDN4	MAL2	9606.ENSP00000409544	9606.ENSP00000479708	0	0	0	0	0.149	0	0	0.382	0.452
CLDN4	MUC1	9606.ENSP00000409544	9606.ENSP00000484824	0	0	0	0	0.153	0	0	0.419	0.486
CLIC1	S100A11	9606.ENSP00000364935	9606.ENSP00000271638	0	0	0	0	0.286	0.045	0	0.493	0.624
CLIC1	EZR	9606.ENSP00000364935	9606.ENSP00000338934	0	0	0	0	0.424	0	0	0.525	0.715
CLIC1	GSTO1	9606.ENSP00000364935	9606.ENSP00000358727	0	0	0	0	0.193	0	0	0.446	0.534
CLIC1	GSTP1	9606.ENSP00000364935	9606.ENSP00000381607	0	0	0	0	0.075	0.162	0	0.311	0.419
CLIC1	GLRX	9606.ENSP00000364935	9606.ENSP00000369314	0	0	0	0	0.142	0	0	0.353	0.422
CLIC1	ENO1	9606.ENSP00000364935	9606.ENSP00000495530	0	0	0	0	0.167	0.162	0	0.247	0.429
CLTA	VAMP3	9606.ENSP00000242285	9606.ENSP00000054666	0	0	0	0	0.129	0.187	0.500	0.156	0.661
CLTA	HSPA1B	9606.ENSP00000242285	9606.ENSP00000364801	0	0	0	0	0.046	0.428	0	0.057	0.441
CLTA	RPSA	9606.ENSP00000242285	9606.ENSP00000389351	0	0	0	0	0.341	0.187	0	0	0.441
CLTA	VCP	9606.ENSP00000242285	9606.ENSP00000351777	0	0	0	0	0.153	0.314	0	0.145	0.460
CLTA	HLA-DRA	9606.ENSP00000242285	9606.ENSP00000378786	0	0	0	0	0.044	0	0.500	0	0.501
CLTA	MSN	9606.ENSP00000242285	9606.ENSP00000353408	0	0	0	0	0.047	0	0.500	0.052	0.508
CLTA	NAPA	9606.ENSP00000242285	9606.ENSP00000263354	0	0	0	0	0.067	0	0.500	0.042	0.514
CLTA	EZR	9606.ENSP00000242285	9606.ENSP00000338934	0	0	0	0	0.042	0	0.500	0.081	0.521
CLTA	UBA52	9606.ENSP00000242285	9606.ENSP00000388107	0	0	0	0	0.074	0.071	0.500	0	0.532
CLTA	RDX	9606.ENSP00000242285	9606.ENSP00000496414	0	0	0	0	0.049	0	0.500	0.099	0.534
CLTA	VAMP8	9606.ENSP00000242285	9606.ENSP00000263864	0	0	0	0	0.079	0.068	0.500	0.181	0.602
CLTA	EGFR	9606.ENSP00000242285	9606.ENSP00000275493	0	0	0	0	0.042	0.135	0.500	0.191	0.620
CLTA	CLTC	9606.ENSP00000242285	9606.ENSP00000479606	0	0	0	0	0.131	0.935	0.900	0.959	0.999
CLTC	VAMP3	9606.ENSP00000479606	9606.ENSP00000054666	0	0	0	0	0.085	0.094	0.500	0.495	0.762
CLTC	VCL	9606.ENSP00000479606	9606.ENSP00000211998	0	0	0	0	0.067	0.292	0.500	0.524	0.821
CLTC	RAB35	9606.ENSP00000479606	9606.ENSP00000229340	0	0	0	0	0.056	0	0	0.778	0.781
CLTC	TSG101	9606.ENSP00000479606	9606.ENSP00000251968	0	0	0	0	0.067	0	0	0.435	0.450
CLTC	NAPA	9606.ENSP00000479606	9606.ENSP00000263354	0	0	0	0	0.047	0	0.500	0.216	0.593
CLTC	VAMP8	9606.ENSP00000479606	9606.ENSP00000263864	0	0	0	0	0.065	0.094	0.500	0.259	0.644
CLTC	YWHAE	9606.ENSP00000479606	9606.ENSP00000264335	0	0	0	0	0.148	0.102	0	0.475	0.563
CLTC	IQGAP1	9606.ENSP00000479606	9606.ENSP00000268182	0	0	0	0	0.085	0.090	0.400	0.216	0.555
CLTC	EGFR	9606.ENSP00000479606	9606.ENSP00000275493	0	0	0	0	0.044	0.103	0.500	0.397	0.707
CLTC	KPNB1	9606.ENSP00000479606	9606.ENSP00000290158	0	0	0	0	0.162	0.292	0	0.461	0.652
CLTC	NPM1	9606.ENSP00000479606	9606.ENSP00000296930	0	0	0	0	0.068	0.292	0.400	0.641	0.838
CLTC	HSP90B1	9606.ENSP00000479606	9606.ENSP00000299767	0	0	0	0	0.177	0.185	0	0.326	0.508
CLTC	RAB8A	9606.ENSP00000479606	9606.ENSP00000300935	0	0	0	0	0.049	0.069	0	0.550	0.567
CLTC	RAB6A	9606.ENSP00000479606	9606.ENSP00000311449	0	0	0	0	0.250	0	0	0.376	0.512
CLTC	TOLLIP	9606.ENSP00000479606	9606.ENSP00000314733	0	0	0	0	0.047	0.427	0	0.098	0.464
CLTC	LAMP1	9606.ENSP00000479606	9606.ENSP00000333298	0	0	0	0	0.082	0	0	0.548	0.567
CLTC	EZR	9606.ENSP00000479606	9606.ENSP00000338934	0	0	0	0	0.060	0	0.500	0.356	0.671
CLTC	TUBB	9606.ENSP00000479606	9606.ENSP00000339001	0	0	0	0	0.084	0	0	0.545	0.565
CLTC	FERMT2	9606.ENSP00000479606	9606.ENSP00000342858	0	0	0	0	0.049	0	0	0.445	0.450
CLTC	FN1	9606.ENSP00000479606	9606.ENSP00000346839	0	0	0	0	0.055	0.072	0.400	0.288	0.575
CLTC	VCP	9606.ENSP00000479606	9606.ENSP00000351777	0	0	0	0	0.173	0.094	0	0.535	0.621
CLTC	MSN	9606.ENSP00000479606	9606.ENSP00000353408	0	0	0	0	0.072	0	0.500	0.354	0.674
CLTC	HSP90AB1	9606.ENSP00000479606	9606.ENSP00000360609	0	0	0	0	0.092	0	0	0.370	0.404
CLTC	HSPA1B	9606.ENSP00000479606	9606.ENSP00000364801	0	0	0	0	0.052	0.387	0	0.519	0.696
CLTC	SEC13	9606.ENSP00000479606	9606.ENSP00000373312	0	0	0	0	0.072	0.162	0	0.331	0.434
CLTC	HLA-DRA	9606.ENSP00000479606	9606.ENSP00000378786	0	0	0	0	0	0	0.500	0	0.499
CLTC	RAB1A	9606.ENSP00000479606	9606.ENSP00000387286	0	0	0	0	0.156	0	0	0.323	0.404
CLTC	UBA52	9606.ENSP00000479606	9606.ENSP00000388107	0	0	0	0	0	0	0.500	0.166	0.565
CLTC	RHOA	9606.ENSP00000479606	9606.ENSP00000400175	0	0	0	0	0.134	0.188	0	0.312	0.474
CLTC	PDCD6IP	9606.ENSP00000479606	9606.ENSP00000411825	0	0	0	0	0.262	0.098	0	0.284	0.482
CLTC	TUBA1C	9606.ENSP00000479606	9606.ENSP00000443475	0	0	0	0	0.072	0	0	0.464	0.481
CLTC	EHD1	9606.ENSP00000479606	9606.ENSP00000479153	0	0	0	0	0.042	0.421	0	0.315	0.587
CLTC	RDX	9606.ENSP00000479606	9606.ENSP00000496414	0	0	0	0	0.109	0	0.500	0.231	0.628
CLU	TIMP1	9606.ENSP00000315130	9606.ENSP00000218388	0	0	0	0	0.085	0	0	0.417	0.444
CLU	PLAT	9606.ENSP00000315130	9606.ENSP00000220809	0	0	0	0	0.042	0	0	0.566	0.566
CLU	TUBA4A	9606.ENSP00000315130	9606.ENSP00000248437	0	0	0	0	0.049	0	0	0.449	0.453
CLU	HSPB1	9606.ENSP00000315130	9606.ENSP00000248553	0	0	0	0	0.045	0	0	0.461	0.464
CLU	THBS1	9606.ENSP00000315130	9606.ENSP00000260356	0	0	0	0	0	0.058	0	0.593	0.600
CLU	LGALS3BP	9606.ENSP00000315130	9606.ENSP00000262776	0	0	0	0	0.062	0	0	0.608	0.616
CLU	TIMP3	9606.ENSP00000315130	9606.ENSP00000266085	0	0	0	0	0.085	0	0	0.488	0.512
CLU	MFGE8	9606.ENSP00000315130	9606.ENSP00000268150	0	0	0	0	0.052	0	0	0.572	0.576
CLU	EGFR	9606.ENSP00000315130	9606.ENSP00000275493	0	0	0	0	0.074	0.130	0	0.330	0.413
CLU	HSP90B1	9606.ENSP00000315130	9606.ENSP00000299767	0	0	0	0	0.042	0.393	0	0.277	0.543
CLU	PLAU	9606.ENSP00000315130	9606.ENSP00000361850	0	0	0	0	0	0	0	0.450	0.450
CLU	HSPG2	9606.ENSP00000315130	9606.ENSP00000363827	0	0	0	0	0.048	0	0	0.467	0.470
CLU	TUBA1A	9606.ENSP00000315130	9606.ENSP00000439020	0	0	0	0	0.066	0	0	0.479	0.492
CLU	LSR	9606.ENSP00000315130	9606.ENSP00000480821	0	0	0	0	0.049	0	0.540	0.073	0.559
CLU	FERMT2	9606.ENSP00000315130	9606.ENSP00000342858	0	0	0	0	0.062	0	0	0.581	0.590
CLU	FN1	9606.ENSP00000315130	9606.ENSP00000346839	0	0	0	0	0.056	0	0	0.799	0.802
CLU	HSPA5	9606.ENSP00000315130	9606.ENSP00000324173	0	0	0	0	0.042	0.510	0	0.754	0.874
CMPK1	PGD	9606.ENSP00000360939	9606.ENSP00000270776	0	0	0	0	0.062	0.067	0	0.703	0.718
CMPK1	RPS3	9606.ENSP00000360939	9606.ENSP00000278572	0.091	0	0	0	0.598	0	0	0.200	0.682
CMPK1	RAB6A	9606.ENSP00000360939	9606.ENSP00000311449	0	0	0	0	0.247	0	0	0.455	0.572
CMPK1	NME1	9606.ENSP00000360939	9606.ENSP00000337060	0.053	0	0	0	0.087	0	0.223	0.257	0.434
CMPK1	EZR	9606.ENSP00000360939	9606.ENSP00000338934	0	0	0	0	0.062	0	0	0.395	0.408
CMPK1	EEF1A1	9606.ENSP00000360939	9606.ENSP00000339063	0	0	0	0	0.120	0	0	0.454	0.499
CMPK1	PNP	9606.ENSP00000360939	9606.ENSP00000354532	0	0	0	0	0.069	0	0.287	0.270	0.474
CMPK1	RPL17	9606.ENSP00000360939	9606.ENSP00000463842	0.058	0	0	0	0.416	0	0	0.101	0.462
CMPK1	RPL10	9606.ENSP00000360939	9606.ENSP00000413436	0.057	0	0	0	0.379	0	0	0.177	0.477
CMPK1	PGM2	9606.ENSP00000360939	9606.ENSP00000371393	0.042	0	0	0	0.088	0.082	0	0.596	0.632
CMPK1	ENO1	9606.ENSP00000360939	9606.ENSP00000495530	0.053	0	0	0	0.112	0.189	0	0.689	0.759
CMTM6	STOM	9606.ENSP00000205636	9606.ENSP00000286713	0	0	0	0	0.061	0	0	0.430	0.441
CNN3	VCL	9606.ENSP00000359225	9606.ENSP00000211998	0	0	0	0	0.060	0	0	0.636	0.644
CNN3	EGFR	9606.ENSP00000359225	9606.ENSP00000275493	0	0	0	0	0.138	0	0	0.426	0.484
CNN3	PLS3	9606.ENSP00000359225	9606.ENSP00000348163	0	0	0	0	0.326	0.239	0	0.351	0.638
CNN3	TUBA1C	9606.ENSP00000359225	9606.ENSP00000443475	0	0	0	0	0.064	0.274	0	0.247	0.444
COL18A1	TIMP1	9606.ENSP00000352798	9606.ENSP00000218388	0	0	0	0	0.067	0	0	0.529	0.541
COL18A1	LAMB1	9606.ENSP00000352798	9606.ENSP00000222399	0	0	0	0	0.124	0	0.500	0.371	0.700
COL18A1	SERPINE1	9606.ENSP00000352798	9606.ENSP00000223095	0	0	0	0	0.074	0	0	0.418	0.438
COL18A1	PXDN	9606.ENSP00000352798	9606.ENSP00000252804	0	0	0	0	0.122	0	0	0.380	0.432
COL18A1	LAMA5	9606.ENSP00000352798	9606.ENSP00000252999	0	0	0	0	0.143	0	0	0.352	0.421
COL18A1	LAMC1	9606.ENSP00000352798	9606.ENSP00000258341	0	0	0	0	0.098	0	0.500	0.578	0.793
COL18A1	THBS1	9606.ENSP00000352798	9606.ENSP00000260356	0	0	0	0	0.062	0.243	0	0.824	0.864
COL18A1	ITGAV	9606.ENSP00000352798	9606.ENSP00000261023	0	0	0	0	0.067	0.238	0.500	0.289	0.713
COL18A1	TIMP3	9606.ENSP00000352798	9606.ENSP00000266085	0	0	0	0	0.084	0	0	0.372	0.400
COL18A1	EGFR	9606.ENSP00000352798	9606.ENSP00000275493	0	0	0	0	0.083	0	0	0.624	0.640
COL18A1	ITGA5	9606.ENSP00000352798	9606.ENSP00000293379	0	0	0	0	0.109	0.486	0.500	0.328	0.825
COL18A1	ITGB5	9606.ENSP00000352798	9606.ENSP00000296181	0	0	0	0	0.116	0	0.500	0.141	0.587
COL18A1	ITGA2	9606.ENSP00000352798	9606.ENSP00000296585	0	0	0	0	0.042	0	0	0.534	0.535
COL18A1	ITGA3	9606.ENSP00000352798	9606.ENSP00000315190	0	0	0	0	0.067	0	0.500	0.496	0.744
COL18A1	F3	9606.ENSP00000352798	9606.ENSP00000334145	0	0	0	0	0.042	0	0	0.567	0.567
COL18A1	FN1	9606.ENSP00000352798	9606.ENSP00000346839	0	0	0	0	0.163	0	0	0.815	0.838
COL18A1	MUC1	9606.ENSP00000352798	9606.ENSP00000484824	0	0	0	0	0.074	0	0	0.383	0.404
COL18A1	PLAU	9606.ENSP00000352798	9606.ENSP00000361850	0	0	0	0	0.074	0	0	0.418	0.438
COL18A1	ITGA6	9606.ENSP00000352798	9606.ENSP00000386896	0	0	0	0	0.067	0	0	0.446	0.461
COL18A1	ITGB3	9606.ENSP00000352798	9606.ENSP00000452786	0	0	0	0	0.072	0	0.500	0.290	0.642
COL18A1	TGM2	9606.ENSP00000352798	9606.ENSP00000355330	0	0	0	0	0.085	0.238	0	0.564	0.669
COL18A1	ITGB1	9606.ENSP00000352798	9606.ENSP00000379350	0	0	0	0	0.073	0.510	0.500	0.470	0.863
COL18A1	HSPG2	9606.ENSP00000352798	9606.ENSP00000363827	0	0	0	0	0.202	0.099	0	0.865	0.894
COTL1	PFN1	9606.ENSP00000262428	9606.ENSP00000225655	0	0	0	0	0.199	0	0	0.415	0.511
COTL1	TUBB	9606.ENSP00000262428	9606.ENSP00000339001	0	0	0	0	0.064	0	0	0.386	0.401
COTL1	PLS3	9606.ENSP00000262428	9606.ENSP00000348163	0	0	0	0	0.086	0.284	0	0.166	0.407
COTL1	TAGLN2	9606.ENSP00000262428	9606.ENSP00000357076	0	0	0	0	0.147	0.283	0	0.342	0.562
CRABP2	CSTB	9606.ENSP00000482841	9606.ENSP00000291568	0	0	0	0	0.060	0	0	0.435	0.446
CRABP2	PSCA	9606.ENSP00000482841	9606.ENSP00000301258	0	0	0	0	0.080	0	0	0.377	0.403
CRABP2	NME1	9606.ENSP00000482841	9606.ENSP00000337060	0	0	0	0	0.083	0.067	0	0.403	0.444
CRABP2	EEF1A1	9606.ENSP00000482841	9606.ENSP00000339063	0	0	0	0	0.063	0	0	0.390	0.405
CSRP1	SH3BGRL3	9606.ENSP00000356275	9606.ENSP00000270792	0	0	0	0	0.094	0	0	0.437	0.468
CSRP1	DPYSL2	9606.ENSP00000356275	9606.ENSP00000427985	0	0	0	0	0.067	0.047	0	0.442	0.460
CSRP1	ENO1	9606.ENSP00000356275	9606.ENSP00000495530	0	0	0	0	0.074	0	0	0.474	0.492
CSRP1	FLNA	9606.ENSP00000356275	9606.ENSP00000358866	0	0	0	0	0.483	0.047	0	0.234	0.590
CSTB	FN1	9606.ENSP00000291568	9606.ENSP00000346839	0	0	0	0	0.047	0	0	0.473	0.476
CSTB	SPRR3	9606.ENSP00000291568	9606.ENSP00000330391	0	0	0	0	0.140	0	0	0.430	0.489
CSTB	RACK1	9606.ENSP00000291568	9606.ENSP00000426909	0	0	0	0	0.057	0.049	0	0.647	0.656
CTNNA1	ITGB4	9606.ENSP00000304669	9606.ENSP00000200181	0	0	0	0	0.063	0.090	0	0.498	0.535
CTNNA1	VCL	9606.ENSP00000304669	9606.ENSP00000211998	0	0	0	0.582	0.083	0.982	0.900	0.614	0.999
CTNNA1	DSG2	9606.ENSP00000304669	9606.ENSP00000261590	0	0	0	0	0.063	0.200	0	0.367	0.485
CTNNA1	YWHAE	9606.ENSP00000304669	9606.ENSP00000264335	0	0	0	0	0.049	0	0.900	0.151	0.912
CTNNA1	IQGAP1	9606.ENSP00000304669	9606.ENSP00000268182	0	0	0	0	0.135	0	0.500	0.702	0.859
CTNNA1	EGFR	9606.ENSP00000304669	9606.ENSP00000275493	0	0	0	0	0.126	0.627	0	0.511	0.826
CTNNA1	DSP	9606.ENSP00000304669	9606.ENSP00000369129	0	0	0	0	0.074	0	0	0.378	0.400
CTNNA1	RACK1	9606.ENSP00000304669	9606.ENSP00000426909	0	0	0	0	0.049	0	0	0.441	0.445
CTNNA1	RHOA	9606.ENSP00000304669	9606.ENSP00000400175	0	0	0	0	0.104	0.193	0	0.393	0.523
CTNNA1	TLN1	9606.ENSP00000304669	9606.ENSP00000316029	0	0	0	0	0.074	0.410	0	0.597	0.760
CTNNA1	JUP	9606.ENSP00000304669	9606.ENSP00000377508	0	0	0	0	0.094	0.942	0.720	0.477	0.991
DCTN2	RAB8A	9606.ENSP00000408910	9606.ENSP00000300935	0	0	0	0	0.067	0.064	0.500	0.386	0.696
DCTN2	RAB6A	9606.ENSP00000408910	9606.ENSP00000311449	0	0	0	0	0.174	0	0.500	0.331	0.699
DCTN2	PPP2R1A	9606.ENSP00000408910	9606.ENSP00000324804	0	0	0	0	0.167	0.074	0	0.410	0.505
DCTN2	TUBB4B	9606.ENSP00000408910	9606.ENSP00000341289	0	0	0	0	0.082	0.211	0	0.460	0.575
DCTN2	HSP90AB1	9606.ENSP00000408910	9606.ENSP00000360609	0	0	0	0	0.049	0.225	0.400	0.555	0.777
DCTN2	MARCKSL1	9606.ENSP00000408910	9606.ENSP00000362638	0	0	0	0	0.049	0.295	0	0.241	0.447
DDAH2	EPB41L2	9606.ENSP00000364949	9606.ENSP00000357110	0	0	0	0	0	0.742	0	0	0.742
DPP3	RNPEP	9606.ENSP00000440502	9606.ENSP00000295640	0	0	0	0	0.062	0	0	0.632	0.640
DPP3	MME	9606.ENSP00000440502	9606.ENSP00000418525	0	0	0	0	0	0	0	0.475	0.475
DPYSL2	RAB27B	9606.ENSP00000427985	9606.ENSP00000262094	0	0	0	0	0	0	0	0.753	0.753
DPYSL2	NRP1	9606.ENSP00000427985	9606.ENSP00000265371	0	0	0	0	0.056	0	0.500	0.316	0.648
DPYSL2	TUBB	9606.ENSP00000427985	9606.ENSP00000339001	0	0	0	0	0.088	0.215	0	0.247	0.414
DPYSL2	VPS28	9606.ENSP00000427985	9606.ENSP00000366565	0	0	0	0	0.042	0.451	0	0	0.451
DPYSL2	PLXNA1	9606.ENSP00000427985	9606.ENSP00000377061	0	0	0	0	0.054	0	0.500	0.661	0.825
DPYSL2	RHOA	9606.ENSP00000427985	9606.ENSP00000400175	0	0	0	0	0.076	0.240	0	0.419	0.556
DPYSL2	STMN1	9606.ENSP00000427985	9606.ENSP00000410452	0	0	0	0	0.105	0.042	0.098	0.448	0.516
DPYSL2	TUBA1A	9606.ENSP00000427985	9606.ENSP00000439020	0	0	0	0	0.140	0.161	0	0.283	0.438
DPYSL2	ENO1	9606.ENSP00000427985	9606.ENSP00000495530	0	0	0	0	0.061	0	0	0.467	0.478
DPYSL2	MARCKS	9606.ENSP00000427985	9606.ENSP00000478061	0	0	0	0	0.086	0.045	0	0.532	0.556
DSG2	VAMP3	9606.ENSP00000261590	9606.ENSP00000054666	0	0	0	0	0.044	0.190	0.400	0.210	0.583
DSG2	TGM1	9606.ENSP00000261590	9606.ENSP00000206765	0	0	0	0	0	0.042	0.500	0.208	0.587
DSG2	VCL	9606.ENSP00000261590	9606.ENSP00000211998	0	0	0	0	0.063	0.113	0	0.537	0.582
DSG2	RAC2	9606.ENSP00000261590	9606.ENSP00000249071	0	0	0	0	0.042	0.130	0.500	0.064	0.558
DSG2	DSG3	9606.ENSP00000261590	9606.ENSP00000257189	0	0	0	0.865	0.056	0	0.500	0.634	0.812
DSG2	THBS1	9606.ENSP00000261590	9606.ENSP00000260356	0	0	0	0	0	0.066	0	0.445	0.459
DSG2	ITGAV	9606.ENSP00000261590	9606.ENSP00000261023	0	0	0	0	0.072	0	0	0.382	0.402
DSG2	MCAM	9606.ENSP00000261590	9606.ENSP00000264036	0	0	0	0	0.049	0.045	0.400	0.074	0.428
DSG2	F11R	9606.ENSP00000261590	9606.ENSP00000357005	0	0	0	0	0.112	0.045	0	0.401	0.448
DSG2	EGFR	9606.ENSP00000261590	9606.ENSP00000275493	0	0	0	0	0.079	0.190	0	0.340	0.465
DSG2	EPHA2	9606.ENSP00000261590	9606.ENSP00000351209	0	0	0	0	0.099	0.067	0.400	0.080	0.474
DSG2	SPRR1A	9606.ENSP00000261590	9606.ENSP00000357751	0	0	0	0	0	0	0.500	0	0.499
DSG2	SPRR2B	9606.ENSP00000261590	9606.ENSP00000357744	0	0	0	0	0	0	0.500	0	0.499
DSG2	SPRR3	9606.ENSP00000261590	9606.ENSP00000330391	0	0	0	0	0	0	0.500	0.042	0.500
DSG2	ITGB1	9606.ENSP00000261590	9606.ENSP00000379350	0	0	0	0	0.060	0.062	0.400	0.181	0.508
DSG2	IQGAP1	9606.ENSP00000261590	9606.ENSP00000268182	0	0	0	0	0.049	0.181	0.400	0.097	0.522
DSG2	FERMT2	9606.ENSP00000261590	9606.ENSP00000342858	0	0	0	0	0.049	0	0	0.541	0.544
DSG2	RHOG	9606.ENSP00000261590	9606.ENSP00000339467	0	0	0	0	0.047	0.130	0.500	0.051	0.554
DSG2	LMNA	9606.ENSP00000261590	9606.ENSP00000357283	0	0	0	0	0.047	0	0	0.727	0.728
DSG2	PPL	9606.ENSP00000261590	9606.ENSP00000340510	0	0	0	0	0.079	0.045	0.500	0.476	0.739
DSG2	PKP3	9606.ENSP00000261590	9606.ENSP00000331678	0	0	0	0	0.180	0.360	0.500	0.751	0.926
DSG2	JUP	9606.ENSP00000261590	9606.ENSP00000377508	0	0	0	0	0.086	0.760	0.500	0.978	0.997
DSG2	DSP	9606.ENSP00000261590	9606.ENSP00000369129	0	0	0	0	0.292	0.045	0.500	0.995	0.998
DSG3	TGM1	9606.ENSP00000257189	9606.ENSP00000206765	0	0	0	0	0.124	0.042	0.500	0.368	0.699
DSG3	S100A14	9606.ENSP00000257189	9606.ENSP00000357691	0	0	0	0	0.083	0	0	0.383	0.410
DSG3	SERPINB5	9606.ENSP00000257189	9606.ENSP00000372221	0	0	0	0	0.461	0	0	0.180	0.539
DSG3	SPRR2B	9606.ENSP00000257189	9606.ENSP00000357744	0	0	0	0	0.138	0	0.500	0.158	0.605
DSG3	SPRR3	9606.ENSP00000257189	9606.ENSP00000330391	0	0	0	0	0.191	0	0.500	0.323	0.702
DSG3	SPRR1A	9606.ENSP00000257189	9606.ENSP00000357751	0	0	0	0	0.257	0	0.500	0.290	0.713
DSG3	JUP	9606.ENSP00000257189	9606.ENSP00000377508	0	0	0	0	0.056	0.359	0.500	0.500	0.828
DSG3	PPL	9606.ENSP00000257189	9606.ENSP00000340510	0	0	0	0	0.074	0.045	0.500	0.835	0.917
DSG3	DSP	9606.ENSP00000257189	9606.ENSP00000369129	0	0	0	0	0.095	0.045	0.500	0.867	0.935
DSG3	PKP3	9606.ENSP00000257189	9606.ENSP00000331678	0	0	0	0	0.126	0.360	0.500	0.892	0.965
DSP	ITGB4	9606.ENSP00000369129	9606.ENSP00000200181	0	0	0	0	0.104	0.190	0	0.359	0.494
DSP	TGM1	9606.ENSP00000369129	9606.ENSP00000206765	0	0	0	0	0.067	0	0.500	0.303	0.646
DSP	VCL	9606.ENSP00000369129	9606.ENSP00000211998	0	0	0	0	0.081	0	0	0.640	0.655
DSP	PRSS8	9606.ENSP00000369129	9606.ENSP00000319730	0	0	0	0	0.110	0	0	0.415	0.457
DSP	HSPA5	9606.ENSP00000369129	9606.ENSP00000324173	0	0	0	0	0.053	0.127	0	0.459	0.514
DSP	SPRR3	9606.ENSP00000369129	9606.ENSP00000330391	0	0	0	0	0.060	0	0.500	0.182	0.582
DSP	PKP3	9606.ENSP00000369129	9606.ENSP00000331678	0	0	0	0	0.222	0.259	0.500	0.786	0.930
DSP	PPL	9606.ENSP00000369129	9606.ENSP00000340510	0	0	0	0.560	0.209	0	0.500	0.892	0.953
DSP	SFN	9606.ENSP00000369129	9606.ENSP00000340989	0	0	0	0	0.240	0.052	0	0.320	0.467
DSP	FN1	9606.ENSP00000369129	9606.ENSP00000346839	0	0	0	0	0.086	0	0	0.521	0.544
DSP	MSN	9606.ENSP00000369129	9606.ENSP00000353408	0	0	0	0	0.071	0.071	0	0.555	0.583
DSP	LMNA	9606.ENSP00000369129	9606.ENSP00000357283	0	0	0	0	0.086	0.071	0	0.700	0.724
DSP	S100A14	9606.ENSP00000369129	9606.ENSP00000357691	0	0	0	0	0.180	0.322	0	0.072	0.439
DSP	SPRR2B	9606.ENSP00000369129	9606.ENSP00000357744	0	0	0	0	0.053	0	0.500	0.108	0.540
DSP	SPRR1A	9606.ENSP00000369129	9606.ENSP00000357751	0	0	0	0	0.064	0	0.500	0.089	0.536
DSP	ENO1	9606.ENSP00000369129	9606.ENSP00000495530	0	0	0	0	0	0.045	0	0.431	0.434
DSP	RDX	9606.ENSP00000369129	9606.ENSP00000496414	0	0	0	0	0.071	0	0	0.417	0.435
DSP	VIM	9606.ENSP00000369129	9606.ENSP00000446007	0	0	0	0	0	0.439	0	0.328	0.607
DSP	JUP	9606.ENSP00000369129	9606.ENSP00000377508	0	0	0	0	0.190	0.787	0.800	0.993	0.999
EDIL3	ITGAV	9606.ENSP00000296591	9606.ENSP00000261023	0	0	0	0	0.101	0.162	0	0.502	0.592
EDIL3	ICAM1	9606.ENSP00000296591	9606.ENSP00000264832	0	0	0	0	0.054	0	0	0.404	0.412
EDIL3	ITGB5	9606.ENSP00000296591	9606.ENSP00000296181	0	0	0	0	0.051	0.422	0	0.091	0.458
EDIL3	ITGB3	9606.ENSP00000296591	9606.ENSP00000452786	0	0	0	0	0.050	0	0	0.478	0.484
EEF1A1	SERPINE1	9606.ENSP00000339063	9606.ENSP00000223095	0	0	0	0	0	0	0	0.452	0.452
EEF1A1	PFN1	9606.ENSP00000339063	9606.ENSP00000225655	0	0	0	0	0.107	0	0	0.728	0.747
EEF1A1	TUBA4A	9606.ENSP00000339063	9606.ENSP00000248437	0	0	0	0	0.067	0.185	0	0.475	0.565
EEF1A1	RAP1B	9606.ENSP00000339063	9606.ENSP00000250559	0	0.013	0	0	0.139	0	0	0.455	0.510
EEF1A1	PXDN	9606.ENSP00000339063	9606.ENSP00000252804	0	0	0	0	0.049	0	0	0.422	0.427
EEF1A1	YWHAE	9606.ENSP00000339063	9606.ENSP00000264335	0	0	0	0	0.209	0.095	0	0.361	0.502
EEF1A1	EGFR	9606.ENSP00000339063	9606.ENSP00000275493	0	0	0	0	0.069	0.392	0	0.249	0.538
EEF1A1	RPS3	9606.ENSP00000339063	9606.ENSP00000278572	0	0	0	0	0.910	0.874	0.500	0.654	0.997
EEF1A1	KPNB1	9606.ENSP00000339063	9606.ENSP00000290158	0	0	0	0	0.517	0	0	0.137	0.565
EEF1A1	NPM1	9606.ENSP00000339063	9606.ENSP00000296930	0	0	0	0	0.364	0.292	0	0.677	0.842
EEF1A1	HSP90B1	9606.ENSP00000339063	9606.ENSP00000299767	0	0	0	0	0.160	0.057	0	0.383	0.469
EEF1A1	PSCA	9606.ENSP00000339063	9606.ENSP00000301258	0	0	0	0	0	0.095	0	0.386	0.421
EEF1A1	PSMC5	9606.ENSP00000339063	9606.ENSP00000310572	0	0.012	0	0	0.461	0.069	0	0.107	0.513
EEF1A1	HSPA5	9606.ENSP00000339063	9606.ENSP00000324173	0	0.029	0	0	0.085	0.235	0	0.458	0.588
EEF1A1	PPP2R1A	9606.ENSP00000339063	9606.ENSP00000324804	0	0	0	0	0.188	0.292	0	0.259	0.537
EEF1A1	MDH2	9606.ENSP00000339063	9606.ENSP00000327070	0	0	0	0	0.081	0	0	0.560	0.578
EEF1A1	H3C13	9606.ENSP00000339063	9606.ENSP00000333277	0	0	0	0	0.112	0.070	0	0.383	0.446
EEF1A1	EIF5A	9606.ENSP00000339063	9606.ENSP00000336702	0	0	0	0	0.546	0.248	0	0.688	0.884
EEF1A1	TUBA1B	9606.ENSP00000339063	9606.ENSP00000336799	0	0	0	0	0.201	0.363	0	0.453	0.697
EEF1A1	EZR	9606.ENSP00000339063	9606.ENSP00000338934	0	0	0	0	0.079	0	0	0.502	0.522
EEF1A1	TUBB	9606.ENSP00000339063	9606.ENSP00000339001	0	0	0	0	0.149	0.360	0	0.620	0.775
EEF1A1	PAICS	9606.ENSP00000339063	9606.ENSP00000382595	0	0	0	0	0.251	0	0	0.274	0.433
EEF1A1	HNRNPH1	9606.ENSP00000339063	9606.ENSP00000349168	0	0	0	0	0.196	0	0	0.324	0.434
EEF1A1	PSMB2	9606.ENSP00000339063	9606.ENSP00000362334	0	0	0	0	0.252	0.128	0	0.234	0.457
EEF1A1	SFN	9606.ENSP00000339063	9606.ENSP00000340989	0	0	0	0	0.140	0.279	0	0.202	0.462
EEF1A1	GPI	9606.ENSP00000339063	9606.ENSP00000405573	0	0	0	0	0.145	0	0	0.403	0.468
EEF1A1	EIF3H	9606.ENSP00000339063	9606.ENSP00000429931	0	0	0	0	0.222	0	0	0.344	0.468
EEF1A1	TUBB4B	9606.ENSP00000339063	9606.ENSP00000341289	0	0	0	0	0.184	0	0	0.376	0.469
EEF1A1	IDH1	9606.ENSP00000339063	9606.ENSP00000390265	0	0	0	0	0.323	0	0	0.251	0.472
EEF1A1	TUBA1A	9606.ENSP00000339063	9606.ENSP00000439020	0	0	0	0	0.084	0	0	0.452	0.477
EEF1A1	ITGB1	9606.ENSP00000339063	9606.ENSP00000379350	0	0	0	0	0.086	0	0	0.458	0.483
EEF1A1	FN1	9606.ENSP00000339063	9606.ENSP00000346839	0	0	0	0	0.049	0.045	0	0.516	0.522
EEF1A1	HNRNPA2B1	9606.ENSP00000339063	9606.ENSP00000346694	0	0	0	0	0.335	0.084	0	0.344	0.566
EEF1A1	HARS1	9606.ENSP00000339063	9606.ENSP00000425634	0	0	0	0	0.253	0.178	0	0.361	0.573
EEF1A1	TUBA1C	9606.ENSP00000339063	9606.ENSP00000443475	0	0	0	0	0.177	0.183	0	0.456	0.603
EEF1A1	HSPA1B	9606.ENSP00000339063	9606.ENSP00000364801	0	0.025	0	0	0.109	0.237	0	0.554	0.670
EEF1A1	ENO1	9606.ENSP00000339063	9606.ENSP00000495530	0	0	0	0	0.406	0.043	0	0.470	0.672
EEF1A1	WARS1	9606.ENSP00000339063	9606.ENSP00000347495	0	0	0	0	0.049	0	0	0.673	0.676
EEF1A1	YBX1	9606.ENSP00000339063	9606.ENSP00000361626	0	0	0	0	0.199	0.442	0	0.341	0.680
EEF1A1	HNRNPK	9606.ENSP00000339063	9606.ENSP00000365458	0	0	0	0	0.330	0.205	0	0.553	0.741
EEF1A1	HSP90AB1	9606.ENSP00000339063	9606.ENSP00000360609	0	0	0	0	0.488	0.058	0	0.590	0.785
EEF1A1	HLA-DRA	9606.ENSP00000339063	9606.ENSP00000378786	0	0	0	0	0.056	0.900	0	0.096	0.907
EEF1A1	UBA52	9606.ENSP00000339063	9606.ENSP00000388107	0	0	0	0	0.405	0.800	0.500	0.413	0.960
EEF1A1	RPS26	9606.ENSP00000339063	9606.ENSP00000348849	0	0	0	0	0.619	0.800	0.500	0.208	0.965
EEF1A1	RPL22	9606.ENSP00000339063	9606.ENSP00000346088	0	0	0	0	0.405	0.867	0.500	0.297	0.968
EEF1A1	RPS25	9606.ENSP00000339063	9606.ENSP00000435096	0	0	0	0	0.560	0.806	0.500	0.347	0.968
EEF1A1	RPL10	9606.ENSP00000339063	9606.ENSP00000413436	0	0	0	0	0.628	0.800	0.500	0.457	0.977
EEF1A1	RPL17	9606.ENSP00000339063	9606.ENSP00000463842	0	0	0	0	0.643	0.855	0.500	0.325	0.980
EEF1A1	RPL7A	9606.ENSP00000339063	9606.ENSP00000361076	0	0	0	0	0.680	0.915	0.500	0.356	0.990
EEF1A1	RPSA	9606.ENSP00000339063	9606.ENSP00000389351	0	0	0	0	0.857	0.849	0.500	0.477	0.993
EEF1A1	RACK1	9606.ENSP00000339063	9606.ENSP00000426909	0	0	0	0	0.862	0.839	0	0.749	0.993
EEF1A1	EEF1B2	9606.ENSP00000339063	9606.ENSP00000376055	0	0	0	0	0.785	0.952	0.900	0.997	0.999
EEF1B2	RPS3	9606.ENSP00000376055	9606.ENSP00000278572	0.119	0	0	0	0.990	0.172	0	0.213	0.993
EEF1B2	KPNB1	9606.ENSP00000376055	9606.ENSP00000290158	0	0	0	0	0.497	0	0	0.069	0.511
EEF1B2	NPM1	9606.ENSP00000376055	9606.ENSP00000296930	0	0	0	0	0.551	0.292	0	0.274	0.749
EEF1B2	EIF5A	9606.ENSP00000376055	9606.ENSP00000336702	0	0	0	0	0.699	0.097	0	0.499	0.852
EEF1B2	NME1	9606.ENSP00000376055	9606.ENSP00000337060	0	0.053	0	0	0.491	0	0	0.259	0.612
EEF1B2	RPL22	9606.ENSP00000376055	9606.ENSP00000346088	0	0	0	0	0.769	0.130	0	0.260	0.838
EEF1B2	RPS26	9606.ENSP00000376055	9606.ENSP00000348849	0	0	0	0	0.939	0.113	0	0.192	0.953
EEF1B2	LMNA	9606.ENSP00000376055	9606.ENSP00000357283	0	0	0	0	0.059	0	0	0.416	0.427
EEF1B2	HSP90AB1	9606.ENSP00000376055	9606.ENSP00000360609	0	0	0	0	0.442	0	0	0.252	0.565
EEF1B2	RPL7A	9606.ENSP00000376055	9606.ENSP00000361076	0	0	0	0	0.944	0.249	0	0.220	0.964
EEF1B2	PSMB2	9606.ENSP00000376055	9606.ENSP00000362334	0	0	0	0	0.468	0	0	0.125	0.515
EEF1B2	HMGN1	9606.ENSP00000376055	9606.ENSP00000370125	0	0	0	0	0.615	0.102	0	0.166	0.686
EEF1B2	RANBP1	9606.ENSP00000376055	9606.ENSP00000401564	0	0	0	0	0.352	0	0	0.140	0.419
EEF1B2	ENO1	9606.ENSP00000376055	9606.ENSP00000495530	0	0	0	0	0.211	0.075	0	0.300	0.445
EEF1B2	HARS1	9606.ENSP00000376055	9606.ENSP00000425634	0	0.170	0	0	0.164	0.295	0	0.068	0.484
EEF1B2	GSTP1	9606.ENSP00000376055	9606.ENSP00000381607	0	0	0	0	0.081	0	0	0.498	0.519
EEF1B2	EIF3H	9606.ENSP00000376055	9606.ENSP00000429931	0	0	0	0	0.418	0	0	0.506	0.700
EEF1B2	UBA52	9606.ENSP00000376055	9606.ENSP00000388107	0.044	0	0	0	0.851	0.097	0	0.347	0.905
EEF1B2	RPL10	9606.ENSP00000376055	9606.ENSP00000413436	0	0	0	0	0.868	0.114	0	0.258	0.906
EEF1B2	RPL17	9606.ENSP00000376055	9606.ENSP00000463842	0.101	0	0	0	0.960	0.088	0	0	0.964
EEF1B2	RPS25	9606.ENSP00000376055	9606.ENSP00000435096	0	0	0	0	0.954	0.098	0	0.276	0.967
EEF1B2	RPSA	9606.ENSP00000376055	9606.ENSP00000389351	0	0	0	0	0.948	0.242	0	0.357	0.972
EEF1B2	RACK1	9606.ENSP00000376055	9606.ENSP00000426909	0	0	0	0	0.985	0.142	0	0.486	0.993
EGFR	RALA	9606.ENSP00000275493	9606.ENSP00000005257	0	0	0	0	0.042	0.160	0	0.456	0.524
EGFR	VAMP3	9606.ENSP00000275493	9606.ENSP00000054666	0	0	0	0	0.049	0	0.500	0.190	0.581
EGFR	ITGB4	9606.ENSP00000275493	9606.ENSP00000200181	0	0	0	0	0.151	0.196	0	0.699	0.776
EGFR	VCL	9606.ENSP00000275493	9606.ENSP00000211998	0	0	0	0	0.088	0.163	0	0.502	0.587
EGFR	LGALS1	9606.ENSP00000275493	9606.ENSP00000215909	0	0	0	0	0.067	0.422	0	0.227	0.547
EGFR	TIMP1	9606.ENSP00000275493	9606.ENSP00000218388	0	0	0	0	0	0	0	0.521	0.521
EGFR	SERPINE1	9606.ENSP00000275493	9606.ENSP00000223095	0	0	0	0	0.106	0	0	0.678	0.699
EGFR	RRAS	9606.ENSP00000275493	9606.ENSP00000246792	0	0	0	0	0.074	0.125	0	0.342	0.420
EGFR	TUBA4A	9606.ENSP00000275493	9606.ENSP00000248437	0	0	0	0	0.049	0.312	0	0.179	0.415
EGFR	HSPB1	9606.ENSP00000275493	9606.ENSP00000248553	0	0	0	0	0.080	0.627	0	0.448	0.794
EGFR	RAC2	9606.ENSP00000275493	9606.ENSP00000249071	0	0	0	0	0.042	0.175	0	0.359	0.449
EGFR	TSG101	9606.ENSP00000275493	9606.ENSP00000251968	0	0	0	0	0.047	0.224	0	0.697	0.756
EGFR	PXDN	9606.ENSP00000275493	9606.ENSP00000252804	0	0	0	0	0.107	0	0	0.746	0.763
EGFR	NT5E	9606.ENSP00000275493	9606.ENSP00000257770	0	0	0	0	0.138	0	0	0.559	0.603
EGFR	THBS1	9606.ENSP00000275493	9606.ENSP00000260356	0	0	0	0	0.080	0.097	0	0.676	0.708
EGFR	ITGAV	9606.ENSP00000275493	9606.ENSP00000261023	0	0	0	0	0.145	0.163	0	0.597	0.686
EGFR	SLC9A3R1	9606.ENSP00000275493	9606.ENSP00000262613	0	0	0	0	0	0.045	0	0.854	0.854
EGFR	LGALS3BP	9606.ENSP00000275493	9606.ENSP00000262776	0	0	0	0	0.084	0	0	0.477	0.500
EGFR	VAMP8	9606.ENSP00000275493	9606.ENSP00000263864	0	0	0	0	0.042	0	0.500	0.178	0.571
EGFR	ICAM1	9606.ENSP00000275493	9606.ENSP00000264832	0	0	0	0	0.042	0.135	0	0.864	0.877
EGFR	NRP1	9606.ENSP00000275493	9606.ENSP00000265371	0	0	0	0	0.086	0	0	0.464	0.489
EGFR	TIMP3	9606.ENSP00000275493	9606.ENSP00000266085	0	0	0	0	0.120	0	0	0.432	0.478
EGFR	MFGE8	9606.ENSP00000275493	9606.ENSP00000268150	0	0	0	0	0.110	0.051	0	0.514	0.554
EGFR	IQGAP1	9606.ENSP00000275493	9606.ENSP00000268182	0	0	0	0	0.062	0.510	0	0.700	0.850
EGFR	SH3BGRL3	9606.ENSP00000275493	9606.ENSP00000270792	0	0	0	0	0.042	0.193	0	0.462	0.547
EGFR	S100A11	9606.ENSP00000275493	9606.ENSP00000271638	0	0	0	0	0.055	0.226	0	0.467	0.577
EGFR	IL18	9606.ENSP00000275493	9606.ENSP00000280357	0	0	0	0	0.042	0	0	0.400	0.400
EGFR	MT1X	9606.ENSP00000275493	9606.ENSP00000377995	0	0	0	0	0.072	0	0	0.381	0.401
EGFR	HSPG2	9606.ENSP00000275493	9606.ENSP00000363827	0	0	0	0	0.107	0.092	0	0.327	0.407
EGFR	RPSA	9606.ENSP00000275493	9606.ENSP00000389351	0	0	0	0	0.049	0.224	0	0.271	0.415
EGFR	FMNL1	9606.ENSP00000275493	9606.ENSP00000329219	0	0	0	0	0.047	0	0	0.418	0.421
EGFR	F3	9606.ENSP00000275493	9606.ENSP00000334145	0	0	0	0	0.099	0	0	0.404	0.440
EGFR	S100A7	9606.ENSP00000275493	9606.ENSP00000357711	0	0	0	0	0	0.292	0	0.243	0.441
EGFR	PPP2R5D	9606.ENSP00000275493	9606.ENSP00000417963	0	0	0	0	0.047	0	0.400	0.114	0.449
EGFR	KPNA2	9606.ENSP00000275493	9606.ENSP00000438483	0	0	0	0	0.042	0	0	0.453	0.453
EGFR	FASN	9606.ENSP00000275493	9606.ENSP00000304592	0	0	0	0	0.063	0	0	0.444	0.456
EGFR	SERPINB2	9606.ENSP00000275493	9606.ENSP00000401645	0	0	0	0	0.042	0	0	0.470	0.470
EGFR	TLN1	9606.ENSP00000275493	9606.ENSP00000316029	0	0	0	0	0.054	0.212	0	0.369	0.488
EGFR	PTGFRN	9606.ENSP00000275493	9606.ENSP00000376899	0	0	0	0	0.086	0	0	0.467	0.492
EGFR	HLA-A	9606.ENSP00000275493	9606.ENSP00000379873	0	0	0	0	0	0.191	0	0.400	0.493
EGFR	HLA-B	9606.ENSP00000275493	9606.ENSP00000399168	0	0	0	0	0	0.100	0	0.461	0.494
EGFR	HNRNPA2B1	9606.ENSP00000275493	9606.ENSP00000346694	0	0	0	0	0.049	0.292	0	0.311	0.495
EGFR	SERPINB5	9606.ENSP00000275493	9606.ENSP00000372221	0	0	0	0	0.084	0.194	0	0.373	0.496
EGFR	PSCA	9606.ENSP00000275493	9606.ENSP00000301258	0	0	0	0	0.067	0.131	0	0.433	0.500
EGFR	KPNB1	9606.ENSP00000275493	9606.ENSP00000290158	0	0	0	0	0.049	0.430	0	0.177	0.514
EGFR	RACK1	9606.ENSP00000275493	9606.ENSP00000426909	0	0	0	0	0.047	0.329	0	0.306	0.518
EGFR	VCP	9606.ENSP00000275493	9606.ENSP00000351777	0	0	0	0	0.047	0.103	0	0.486	0.522
EGFR	TUBB	9606.ENSP00000275493	9606.ENSP00000339001	0	0	0	0	0.047	0.392	0	0.245	0.524
EGFR	ITGA6	9606.ENSP00000275493	9606.ENSP00000386896	0	0	0	0	0.084	0	0	0.505	0.527
EGFR	EHD1	9606.ENSP00000275493	9606.ENSP00000479153	0	0	0	0	0.042	0.130	0	0.492	0.540
EGFR	STMN1	9606.ENSP00000275493	9606.ENSP00000410452	0	0	0	0	0.047	0.045	0	0.536	0.541
EGFR	RHOC	9606.ENSP00000275493	9606.ENSP00000285735	0	0	0	0	0.107	0.186	0	0.420	0.542
EGFR	NPM1	9606.ENSP00000275493	9606.ENSP00000296930	0	0	0	0	0.042	0.078	0	0.527	0.546
EGFR	ITGA2	9606.ENSP00000275493	9606.ENSP00000296585	0	0	0	0	0.109	0.292	0	0.370	0.567
EGFR	UBA52	9606.ENSP00000275493	9606.ENSP00000388107	0	0	0	0	0	0.103	0.500	0.133	0.577
EGFR	HDGF	9606.ENSP00000275493	9606.ENSP00000357189	0	0	0	0	0.047	0.100	0	0.547	0.577
EGFR	H2AX	9606.ENSP00000275493	9606.ENSP00000434024	0	0	0	0	0	0.329	0	0.400	0.580
EGFR	PLAU	9606.ENSP00000275493	9606.ENSP00000361850	0	0	0	0	0.083	0	0	0.571	0.589
EGFR	MUC5AC	9606.ENSP00000275493	9606.ENSP00000485659	0	0	0	0	0	0.075	0	0.577	0.592
EGFR	SOD2	9606.ENSP00000275493	9606.ENSP00000446252	0	0	0	0	0.042	0.078	0	0.586	0.603
EGFR	SLPI	9606.ENSP00000275493	9606.ENSP00000342082	0	0	0	0	0.072	0.163	0	0.532	0.604
EGFR	PPP2R1A	9606.ENSP00000275493	9606.ENSP00000324804	0	0	0	0	0.047	0.165	0.400	0.305	0.623
EGFR	H3C13	9606.ENSP00000275493	9606.ENSP00000333277	0	0	0	0	0.042	0.118	0	0.592	0.626
EGFR	SLC1A5	9606.ENSP00000275493	9606.ENSP00000444408	0	0	0	0	0.042	0.130	0	0.592	0.630
EGFR	TACSTD2	9606.ENSP00000275493	9606.ENSP00000360269	0	0	0	0	0.099	0	0	0.621	0.644
EGFR	LMNA	9606.ENSP00000275493	9606.ENSP00000357283	0	0	0	0	0.105	0.292	0	0.484	0.644
EGFR	ITGB3	9606.ENSP00000275493	9606.ENSP00000452786	0	0	0	0	0.055	0.100	0	0.621	0.650
EGFR	VIM	9606.ENSP00000275493	9606.ENSP00000446007	0	0	0	0	0.062	0.292	0	0.521	0.655
EGFR	HNRNPH1	9606.ENSP00000275493	9606.ENSP00000349168	0	0	0	0	0.054	0.608	0	0.149	0.656
EGFR	HNRNPK	9606.ENSP00000275493	9606.ENSP00000365458	0	0	0	0	0.054	0.329	0	0.502	0.656
EGFR	RDX	9606.ENSP00000275493	9606.ENSP00000496414	0	0	0	0	0.061	0.110	0	0.649	0.681
EGFR	ITGA3	9606.ENSP00000275493	9606.ENSP00000315190	0	0	0	0	0.127	0.103	0	0.640	0.693
EGFR	MMP1	9606.ENSP00000275493	9606.ENSP00000322788	0	0	0	0	0.080	0	0	0.681	0.694
EGFR	ITGB5	9606.ENSP00000275493	9606.ENSP00000296181	0	0	0	0	0.122	0.090	0	0.654	0.699
EGFR	SLC2A1	9606.ENSP00000275493	9606.ENSP00000416293	0	0	0	0	0.048	0	0	0.702	0.704
EGFR	GSTP1	9606.ENSP00000275493	9606.ENSP00000381607	0	0	0	0	0.055	0.510	0	0.431	0.713
EGFR	MSLN	9606.ENSP00000275493	9606.ENSP00000372313	0	0	0	0	0.084	0	0	0.702	0.715
EGFR	MSN	9606.ENSP00000275493	9606.ENSP00000353408	0	0	0	0	0.065	0.075	0	0.698	0.716
EGFR	GNAS	9606.ENSP00000275493	9606.ENSP00000360141	0	0	0	0	0.042	0.369	0	0.571	0.718
EGFR	LAMP1	9606.ENSP00000275493	9606.ENSP00000333298	0	0	0	0	0.044	0.524	0	0.471	0.738
EGFR	HSP90B1	9606.ENSP00000275493	9606.ENSP00000299767	0	0	0	0	0.042	0.635	0	0.385	0.766
EGFR	ITGA5	9606.ENSP00000275493	9606.ENSP00000293379	0	0	0	0	0.059	0.292	0	0.714	0.792
EGFR	IDH1	9606.ENSP00000275493	9606.ENSP00000390265	0	0	0	0	0.042	0	0	0.795	0.795
EGFR	SDC4	9606.ENSP00000275493	9606.ENSP00000361818	0	0	0	0	0.109	0	0	0.785	0.800
EGFR	SH3BGRL	9606.ENSP00000275493	9606.ENSP00000362308	0	0	0	0	0.042	0.671	0	0.420	0.801
EGFR	TUBA1A	9606.ENSP00000275493	9606.ENSP00000439020	0	0	0	0	0.042	0.785	0	0.186	0.817
EGFR	S100A10	9606.ENSP00000275493	9606.ENSP00000357801	0	0	0	0	0.624	0.100	0	0.509	0.819
EGFR	JUP	9606.ENSP00000275493	9606.ENSP00000377508	0	0	0	0	0.057	0.806	0	0.233	0.847
EGFR	SDCBP	9606.ENSP00000275493	9606.ENSP00000428184	0	0	0	0	0.044	0.045	0	0.855	0.856
EGFR	S100A4	9606.ENSP00000275493	9606.ENSP00000357704	0	0	0	0	0.049	0.762	0	0.423	0.858
EGFR	HSPA5	9606.ENSP00000275493	9606.ENSP00000324173	0	0	0	0	0.042	0.624	0	0.650	0.862
EGFR	SFN	9606.ENSP00000275493	9606.ENSP00000340989	0	0	0	0	0.097	0.826	0	0.322	0.884
EGFR	EZR	9606.ENSP00000275493	9606.ENSP00000338934	0	0	0	0	0.047	0.441	0	0.813	0.891
EGFR	RHOA	9606.ENSP00000275493	9606.ENSP00000400175	0	0	0	0	0.075	0.258	0.500	0.752	0.903
EGFR	EPHA2	9606.ENSP00000275493	9606.ENSP00000351209	0	0	0	0.618	0.163	0.450	0	0.806	0.903
EGFR	PDCD6IP	9606.ENSP00000275493	9606.ENSP00000411825	0	0	0	0	0.049	0.820	0	0.533	0.913
EGFR	YBX1	9606.ENSP00000275493	9606.ENSP00000361626	0	0	0	0	0.044	0.100	0	0.907	0.913
EGFR	HSPA1B	9606.ENSP00000275493	9606.ENSP00000364801	0	0	0	0	0.054	0.833	0	0.555	0.923
EGFR	ENO1	9606.ENSP00000275493	9606.ENSP00000495530	0	0	0	0	0.052	0.620	0	0.816	0.928
EGFR	FN1	9606.ENSP00000275493	9606.ENSP00000346839	0	0	0	0	0.138	0.292	0	0.916	0.944
EGFR	ITGB1	9606.ENSP00000275493	9606.ENSP00000379350	0	0	0	0	0.096	0.593	0	0.916	0.966
EGFR	HSP90AB1	9606.ENSP00000275493	9606.ENSP00000360609	0	0	0	0	0.054	0.837	0	0.993	0.998
EGFR	MUC1	9606.ENSP00000275493	9606.ENSP00000484824	0	0	0	0	0.074	0.835	0	0.994	0.999
EHD1	EHD4	9606.ENSP00000479153	9606.ENSP00000220325	0	0	0.052	0.977	0.075	0.780	0	0.062	0.795
EHD1	RAB35	9606.ENSP00000479153	9606.ENSP00000229340	0	0	0	0	0.186	0.086	0	0.606	0.681
EHD1	RAB8A	9606.ENSP00000479153	9606.ENSP00000300935	0	0	0	0	0.072	0.469	0	0.770	0.876
EHD1	LAMP1	9606.ENSP00000479153	9606.ENSP00000333298	0	0	0	0	0.072	0.163	0	0.302	0.411
EHD1	MYOF	9606.ENSP00000479153	9606.ENSP00000352208	0	0	0	0	0.042	0.045	0	0.462	0.465
EHD1	LMNA	9606.ENSP00000479153	9606.ENSP00000357283	0	0	0	0	0.076	0	0	0.379	0.402
EHD1	HLA-A	9606.ENSP00000479153	9606.ENSP00000379873	0	0	0	0	0.067	0	0	0.424	0.439
EIF3H	RPS3	9606.ENSP00000429931	9606.ENSP00000278572	0	0	0	0	0.554	0.833	0	0.115	0.928
EIF3H	NPM1	9606.ENSP00000429931	9606.ENSP00000296930	0	0	0	0	0.193	0.294	0	0.170	0.487
EIF3H	RPL22	9606.ENSP00000429931	9606.ENSP00000346088	0	0	0	0	0.438	0	0	0.105	0.476
EIF3H	HNRNPA2B1	9606.ENSP00000429931	9606.ENSP00000346694	0	0	0	0	0.127	0.160	0	0.328	0.464
EIF3H	RPS26	9606.ENSP00000429931	9606.ENSP00000348849	0	0	0	0	0.291	0.830	0.540	0.262	0.953
EIF3H	RPL7A	9606.ENSP00000429931	9606.ENSP00000361076	0	0	0	0	0.370	0.252	0.540	0.290	0.825
EIF3H	UBA52	9606.ENSP00000429931	9606.ENSP00000388107	0	0	0	0	0.221	0	0	0.282	0.417
EIF3H	RPSA	9606.ENSP00000429931	9606.ENSP00000389351	0	0	0	0	0.325	0.841	0	0.240	0.911
EIF3H	RPL10	9606.ENSP00000429931	9606.ENSP00000413436	0	0	0	0	0.450	0	0	0.089	0.477
EIF3H	RACK1	9606.ENSP00000429931	9606.ENSP00000426909	0	0	0	0	0.402	0.864	0	0.231	0.932
EIF3H	RPL17	9606.ENSP00000429931	9606.ENSP00000463842	0	0	0	0	0.545	0	0	0	0.545
EIF3H	RPS25	9606.ENSP00000429931	9606.ENSP00000435096	0	0	0	0	0.594	0.830	0	0.262	0.944
EIF5A	PFN1	9606.ENSP00000336702	9606.ENSP00000225655	0	0	0	0	0.287	0.058	0	0.203	0.418
EIF5A	RPS3	9606.ENSP00000336702	9606.ENSP00000278572	0	0	0	0	0.836	0.955	0	0.337	0.994
EIF5A	KPNB1	9606.ENSP00000336702	9606.ENSP00000290158	0	0	0	0	0.249	0	0	0.439	0.561
EIF5A	NPM1	9606.ENSP00000336702	9606.ENSP00000296930	0	0	0	0	0.245	0.294	0	0.137	0.500
EIF5A	PAICS	9606.ENSP00000336702	9606.ENSP00000382595	0.057	0	0	0	0.398	0	0	0	0.408
EIF5A	HNRNPH1	9606.ENSP00000336702	9606.ENSP00000349168	0	0	0	0	0.408	0	0	0.074	0.429
EIF5A	ENO1	9606.ENSP00000336702	9606.ENSP00000495530	0.057	0	0	0	0.209	0	0	0.325	0.453
EIF5A	HSP90AB1	9606.ENSP00000336702	9606.ENSP00000360609	0.049	0	0	0	0.269	0.053	0	0.277	0.461
EIF5A	HNRNPA2B1	9606.ENSP00000336702	9606.ENSP00000346694	0	0	0	0	0.358	0.091	0	0.191	0.487
EIF5A	PARK7	9606.ENSP00000336702	9606.ENSP00000340278	0.115	0	0	0	0.126	0	0	0.416	0.509
EIF5A	HNRNPK	9606.ENSP00000336702	9606.ENSP00000365458	0	0	0	0	0.413	0	0	0.208	0.515
EIF5A	NME1	9606.ENSP00000336702	9606.ENSP00000337060	0	0	0	0	0.403	0	0	0.305	0.568
EIF5A	HMGN1	9606.ENSP00000336702	9606.ENSP00000370125	0.046	0	0	0	0.534	0.181	0	0.178	0.661
EIF5A	SRM	9606.ENSP00000336702	9606.ENSP00000366156	0	0	0	0	0.274	0	0	0.585	0.686
EIF5A	RPL22	9606.ENSP00000336702	9606.ENSP00000346088	0	0	0	0	0.185	0.898	0	0.116	0.920
EIF5A	RPL10	9606.ENSP00000336702	9606.ENSP00000413436	0	0	0	0	0.468	0.903	0	0.200	0.955
EIF5A	RPS25	9606.ENSP00000336702	9606.ENSP00000435096	0	0	0	0	0.503	0.923	0	0	0.960
EIF5A	RPS26	9606.ENSP00000336702	9606.ENSP00000348849	0	0	0	0	0.554	0.921	0	0.111	0.966
EIF5A	RPL17	9606.ENSP00000336702	9606.ENSP00000463842	0	0	0	0	0.664	0.898	0	0.171	0.969
EIF5A	RPL7A	9606.ENSP00000336702	9606.ENSP00000361076	0	0	0	0	0.537	0.947	0	0.127	0.976
EIF5A	UBA52	9606.ENSP00000336702	9606.ENSP00000388107	0	0.383	0	0	0.561	0.946	0	0.086	0.984
EIF5A	RPSA	9606.ENSP00000336702	9606.ENSP00000389351	0.042	0	0	0	0.750	0.935	0	0.260	0.987
EIF5A	RACK1	9606.ENSP00000336702	9606.ENSP00000426909	0	0	0	0	0.787	0.948	0	0.276	0.991
ENO1	PLAT	9606.ENSP00000495530	9606.ENSP00000220809	0	0	0	0	0	0	0	0.498	0.498
ENO1	PFN1	9606.ENSP00000495530	9606.ENSP00000225655	0	0	0	0	0.166	0.219	0	0.629	0.738
ENO1	H4C6	9606.ENSP00000495530	9606.ENSP00000244537	0	0	0	0	0.099	0	0	0.436	0.471
ENO1	TUBA4A	9606.ENSP00000495530	9606.ENSP00000248437	0	0	0	0	0.054	0.320	0	0.573	0.702
ENO1	HSPB1	9606.ENSP00000495530	9606.ENSP00000248553	0	0	0	0	0.070	0	0	0.445	0.462
ENO1	YWHAE	9606.ENSP00000495530	9606.ENSP00000264335	0	0	0	0	0.238	0.052	0	0.620	0.702
ENO1	PRDX5	9606.ENSP00000495530	9606.ENSP00000265462	0	0	0	0	0.116	0.162	0	0.319	0.452
ENO1	PGD	9606.ENSP00000495530	9606.ENSP00000270776	0	0	0	0	0.500	0.053	0	0.812	0.903
ENO1	S100A11	9606.ENSP00000495530	9606.ENSP00000271638	0	0	0	0	0.091	0.126	0	0.356	0.444
ENO1	RPS3	9606.ENSP00000495530	9606.ENSP00000278572	0.105	0	0	0	0.639	0.094	0	0.286	0.763
ENO1	NPM1	9606.ENSP00000495530	9606.ENSP00000296930	0	0	0	0	0.249	0.301	0	0.318	0.611
ENO1	FABP5	9606.ENSP00000495530	9606.ENSP00000297258	0	0	0	0	0.057	0.222	0	0.312	0.452
ENO1	HSP90B1	9606.ENSP00000495530	9606.ENSP00000299767	0	0	0	0	0.120	0.325	0	0.456	0.649
ENO1	FASN	9606.ENSP00000495530	9606.ENSP00000304592	0	0	0	0	0.067	0	0	0.443	0.458
ENO1	GLUL	9606.ENSP00000495530	9606.ENSP00000307900	0	0	0	0	0.105	0	0	0.470	0.505
ENO1	HSPA5	9606.ENSP00000495530	9606.ENSP00000324173	0.046	0	0	0	0.111	0.181	0	0.651	0.726
ENO1	PPP2R1A	9606.ENSP00000495530	9606.ENSP00000324804	0	0	0	0	0.169	0	0	0.466	0.537
ENO1	MDH2	9606.ENSP00000495530	9606.ENSP00000327070	0.057	0.012	0	0	0.337	0.084	0	0.629	0.759
ENO1	TUBA1B	9606.ENSP00000495530	9606.ENSP00000336799	0	0	0	0	0.230	0.188	0	0.365	0.569
ENO1	NME1	9606.ENSP00000495530	9606.ENSP00000337060	0	0	0	0	0.217	0.103	0	0.387	0.532
ENO1	UGP2	9606.ENSP00000495530	9606.ENSP00000338703	0	0	0	0	0.219	0.071	0	0.593	0.679
ENO1	EZR	9606.ENSP00000495530	9606.ENSP00000338934	0	0	0	0	0.140	0.187	0	0.272	0.446
ENO1	TUBB	9606.ENSP00000495530	9606.ENSP00000339001	0	0	0	0	0.307	0.179	0	0.380	0.617
ENO1	PARK7	9606.ENSP00000495530	9606.ENSP00000340278	0.096	0	0	0	0.174	0.232	0	0.349	0.576
ENO1	SFN	9606.ENSP00000495530	9606.ENSP00000340989	0	0	0	0	0.204	0.052	0	0.337	0.456
ENO1	TUBB4B	9606.ENSP00000495530	9606.ENSP00000341289	0	0	0	0	0.198	0.179	0	0.582	0.701
ENO1	HNRNPA2B1	9606.ENSP00000495530	9606.ENSP00000346694	0	0	0	0	0.192	0	0	0.327	0.434
ENO1	FN1	9606.ENSP00000495530	9606.ENSP00000346839	0	0	0	0	0.064	0.071	0	0.780	0.791
ENO1	VCP	9606.ENSP00000495530	9606.ENSP00000351777	0	0	0	0	0.135	0.127	0	0.615	0.684
ENO1	MSN	9606.ENSP00000495530	9606.ENSP00000353408	0	0	0	0	0.102	0.188	0	0.542	0.636
ENO1	PNP	9606.ENSP00000495530	9606.ENSP00000354532	0.060	0	0	0	0.062	0.078	0	0.388	0.437
ENO1	TAGLN2	9606.ENSP00000495530	9606.ENSP00000357076	0	0	0	0	0.166	0.183	0	0.367	0.531
ENO1	S100A9	9606.ENSP00000495530	9606.ENSP00000357727	0	0	0	0	0.069	0.126	0	0.366	0.439
ENO1	S100A10	9606.ENSP00000495530	9606.ENSP00000357801	0	0	0	0	0.086	0	0	0.589	0.608
ENO1	FLNA	9606.ENSP00000495530	9606.ENSP00000358866	0	0	0	0	0.079	0	0	0.558	0.575
ENO1	HSP90AB1	9606.ENSP00000495530	9606.ENSP00000360609	0	0	0	0	0.272	0.084	0	0.730	0.804
ENO1	HSPA1B	9606.ENSP00000495530	9606.ENSP00000364801	0.046	0	0	0	0.073	0.181	0	0.383	0.494
ENO1	HNRNPK	9606.ENSP00000495530	9606.ENSP00000365458	0	0	0	0	0.123	0.162	0	0.308	0.447
ENO1	GNB1	9606.ENSP00000495530	9606.ENSP00000367872	0	0	0	0	0.223	0.068	0	0.303	0.452
ENO1	GLRX	9606.ENSP00000495530	9606.ENSP00000369314	0.073	0	0	0	0.074	0	0	0.475	0.510
ENO1	GDI2	9606.ENSP00000495530	9606.ENSP00000369538	0	0	0	0	0.120	0	0	0.365	0.417
ENO1	PGM2	9606.ENSP00000495530	9606.ENSP00000371393	0.079	0	0	0	0.103	0	0	0.728	0.756
ENO1	HLA-DRA	9606.ENSP00000495530	9606.ENSP00000378786	0	0	0	0	0.054	0.900	0	0.094	0.906
ENO1	GSTP1	9606.ENSP00000495530	9606.ENSP00000381607	0	0	0	0	0.139	0.198	0	0.356	0.517
ENO1	PAICS	9606.ENSP00000495530	9606.ENSP00000382595	0	0	0	0	0.183	0.058	0	0.376	0.478
ENO1	RPSA	9606.ENSP00000495530	9606.ENSP00000389351	0.061	0	0	0	0.447	0.081	0	0.328	0.636
ENO1	IDH1	9606.ENSP00000495530	9606.ENSP00000390265	0	0	0	0	0.212	0	0	0.714	0.765
ENO1	TKT	9606.ENSP00000495530	9606.ENSP00000391481	0	0	0	0	0.442	0.232	0.800	0.660	0.967
ENO1	RHOA	9606.ENSP00000495530	9606.ENSP00000400175	0	0	0	0	0.243	0.051	0	0.233	0.401
ENO1	GPI	9606.ENSP00000495530	9606.ENSP00000405573	0.111	0	0	0	0.808	0.207	0.823	0.812	0.994
ENO1	STMN1	9606.ENSP00000495530	9606.ENSP00000410452	0	0	0	0	0.153	0.126	0	0.354	0.480
ENO1	PDCD6IP	9606.ENSP00000495530	9606.ENSP00000411825	0	0	0	0	0.055	0.184	0	0.554	0.626
ENO1	SLC2A1	9606.ENSP00000495530	9606.ENSP00000416293	0	0	0	0	0.157	0	0	0.653	0.695
ENO1	RACK1	9606.ENSP00000495530	9606.ENSP00000426909	0	0	0	0	0.238	0.089	0	0.267	0.447
ENO1	WDR1	9606.ENSP00000495530	9606.ENSP00000427687	0	0	0	0	0.181	0.187	0	0.246	0.454
ENO1	H2AX	9606.ENSP00000495530	9606.ENSP00000434024	0	0	0	0	0.168	0.292	0	0.315	0.561
ENO1	TUBA1A	9606.ENSP00000495530	9606.ENSP00000439020	0	0	0	0	0.141	0.400	0	0.587	0.769
ENO1	TUBA1C	9606.ENSP00000495530	9606.ENSP00000443475	0	0	0	0	0.253	0.188	0	0.355	0.574
ENO1	H2BC18	9606.ENSP00000495530	9606.ENSP00000445831	0	0	0	0	0.115	0	0	0.574	0.607
ENO1	VIM	9606.ENSP00000495530	9606.ENSP00000446007	0	0	0	0	0.124	0.081	0	0.417	0.489
ENO1	SOD2	9606.ENSP00000495530	9606.ENSP00000446252	0	0	0	0	0.202	0.071	0	0.432	0.543
ENO1	RPL17	9606.ENSP00000495530	9606.ENSP00000463842	0.069	0	0	0	0.371	0	0	0.093	0.423
ENO1	SLC16A3	9606.ENSP00000495530	9606.ENSP00000463978	0	0	0	0	0.103	0	0	0.474	0.508
ENPP1	NAMPT	9606.ENSP00000498074	9606.ENSP00000222553	0	0	0	0	0	0	0.900	0.176	0.914
ENPP1	NT5E	9606.ENSP00000498074	9606.ENSP00000257770	0.042	0	0	0	0.123	0	0.900	0.880	0.988
ENPP1	NME1	9606.ENSP00000498074	9606.ENSP00000337060	0	0	0	0	0.042	0	0.916	0.216	0.931
ENPP1	UGP2	9606.ENSP00000498074	9606.ENSP00000338703	0	0	0	0	0.042	0	0.900	0.135	0.909
ENPP1	PGM2	9606.ENSP00000498074	9606.ENSP00000371393	0	0	0	0	0.067	0	0.900	0.063	0.904
EPHA2	VAMP3	9606.ENSP00000351209	9606.ENSP00000054666	0	0	0	0	0.064	0.048	0.400	0.049	0.424
EPHA2	ITGB4	9606.ENSP00000351209	9606.ENSP00000200181	0	0	0	0	0.123	0.052	0	0.507	0.554
EPHA2	SERPINE1	9606.ENSP00000351209	9606.ENSP00000223095	0	0	0	0	0.202	0	0	0.484	0.570
EPHA2	HSPB1	9606.ENSP00000351209	9606.ENSP00000248553	0	0	0	0	0.077	0.050	0	0.466	0.491
EPHA2	RAC2	9606.ENSP00000351209	9606.ENSP00000249071	0	0	0	0	0.076	0.187	0.500	0.143	0.635
EPHA2	TSG101	9606.ENSP00000351209	9606.ENSP00000251968	0	0	0	0	0.049	0.292	0	0.235	0.440
EPHA2	ITGAV	9606.ENSP00000351209	9606.ENSP00000261023	0	0	0	0	0.082	0.304	0	0.483	0.641
EPHA2	MCAM	9606.ENSP00000351209	9606.ENSP00000264036	0	0	0	0	0.083	0.081	0.400	0.181	0.530
EPHA2	IQGAP1	9606.ENSP00000351209	9606.ENSP00000268182	0	0	0	0	0.049	0	0.400	0.084	0.432
EPHA2	ITGA5	9606.ENSP00000351209	9606.ENSP00000293379	0	0	0	0	0.086	0.058	0	0.498	0.530
EPHA2	ITGB5	9606.ENSP00000351209	9606.ENSP00000296181	0	0	0	0	0.141	0.300	0	0.498	0.672
EPHA2	ITGA3	9606.ENSP00000351209	9606.ENSP00000315190	0	0	0	0	0.169	0.304	0	0.527	0.703
EPHA2	RHOG	9606.ENSP00000351209	9606.ENSP00000339467	0	0	0	0	0.074	0.187	0.500	0.371	0.732
EPHA2	FN1	9606.ENSP00000351209	9606.ENSP00000346839	0	0	0	0	0.119	0	0	0.435	0.481
EPHA2	MUC1	9606.ENSP00000351209	9606.ENSP00000484824	0	0	0	0	0.074	0.095	0	0.348	0.405
EPHA2	MSLN	9606.ENSP00000351209	9606.ENSP00000372313	0	0	0	0	0.099	0	0	0.373	0.411
EPHA2	TGM2	9606.ENSP00000351209	9606.ENSP00000355330	0	0	0	0	0.098	0.045	0	0.410	0.447
EPHA2	TACSTD2	9606.ENSP00000351209	9606.ENSP00000360269	0	0	0	0	0.099	0	0	0.476	0.507
EPHA2	ITGB3	9606.ENSP00000351209	9606.ENSP00000452786	0	0	0	0	0.056	0.300	0	0.366	0.544
EPHA2	RHOA	9606.ENSP00000351209	9606.ENSP00000400175	0	0	0	0	0.076	0.222	0	0.446	0.568
EPHA2	HSP90AB1	9606.ENSP00000351209	9606.ENSP00000360609	0	0	0	0	0.079	0.224	0	0.496	0.609
EPHA2	ITGB1	9606.ENSP00000351209	9606.ENSP00000379350	0	0	0	0	0.100	0.300	0.400	0.578	0.819
EPS8L2	PKP3	9606.ENSP00000435585	9606.ENSP00000331678	0	0	0	0	0.340	0	0	0.145	0.411
EPS8L2	EZR	9606.ENSP00000435585	9606.ENSP00000338934	0	0	0	0	0.056	0	0.500	0.471	0.728
EPS8L2	MSN	9606.ENSP00000435585	9606.ENSP00000353408	0	0	0	0	0.067	0	0.500	0.218	0.603
EPS8L2	RDX	9606.ENSP00000435585	9606.ENSP00000496414	0	0	0	0	0.049	0	0.500	0.225	0.599
EPS8L2	TWF1	9606.ENSP00000435585	9606.ENSP00000449428	0	0	0	0	0.047	0	0.500	0.338	0.657
ESAM	TUBA4A	9606.ENSP00000278927	9606.ENSP00000248437	0	0	0	0	0.076	0	0	0.420	0.441
ESAM	ICAM1	9606.ENSP00000278927	9606.ENSP00000264832	0	0	0	0	0.098	0	0	0.581	0.606
ESAM	ITGA6	9606.ENSP00000278927	9606.ENSP00000386896	0	0	0	0	0.054	0	0	0.452	0.459
ESAM	F11R	9606.ENSP00000278927	9606.ENSP00000357005	0	0	0	0.606	0.042	0	0	0.520	0.520
EZR	ITGB4	9606.ENSP00000338934	9606.ENSP00000200181	0	0	0	0	0.085	0	0	0.517	0.539
EZR	VCL	9606.ENSP00000338934	9606.ENSP00000211998	0	0	0	0	0.118	0.045	0	0.977	0.979
EZR	LGALS1	9606.ENSP00000338934	9606.ENSP00000215909	0	0	0	0	0.067	0	0	0.469	0.483
EZR	PFN1	9606.ENSP00000338934	9606.ENSP00000225655	0	0	0	0	0.072	0	0	0.492	0.509
EZR	PXDN	9606.ENSP00000338934	9606.ENSP00000252804	0	0	0	0	0.062	0.062	0	0.446	0.470
EZR	NT5E	9606.ENSP00000338934	9606.ENSP00000257770	0	0	0	0	0.055	0	0	0.426	0.434
EZR	IPO5	9606.ENSP00000338934	9606.ENSP00000261574	0	0	0	0	0.047	0.161	0	0.405	0.483
EZR	SLC9A3R1	9606.ENSP00000338934	9606.ENSP00000262613	0	0	0	0	0.083	0.850	0.900	0.999	0.999
EZR	MCAM	9606.ENSP00000338934	9606.ENSP00000264036	0	0	0	0	0.049	0	0	0.677	0.679
EZR	ICAM1	9606.ENSP00000338934	9606.ENSP00000264832	0	0	0	0	0.049	0.318	0.900	0.980	0.998
EZR	IQGAP1	9606.ENSP00000338934	9606.ENSP00000268182	0	0	0	0	0.140	0.295	0	0.907	0.938
EZR	RHOC	9606.ENSP00000338934	9606.ENSP00000285735	0	0	0	0	0.112	0.126	0	0.342	0.445
EZR	S100P	9606.ENSP00000338934	9606.ENSP00000296370	0	0	0	0	0.067	0.292	0	0.209	0.432
EZR	TLN1	9606.ENSP00000338934	9606.ENSP00000316029	0	0	0	0.555	0.056	0.066	0	0.788	0.797
EZR	LASP1	9606.ENSP00000338934	9606.ENSP00000325240	0	0	0	0	0.335	0.292	0	0.253	0.618
EZR	MME	9606.ENSP00000338934	9606.ENSP00000418525	0	0	0	0	0	0.292	0	0.201	0.410
EZR	SDCBP2	9606.ENSP00000338934	9606.ENSP00000371233	0	0	0	0	0.045	0.091	0	0.376	0.411
EZR	RACK1	9606.ENSP00000338934	9606.ENSP00000426909	0	0	0	0	0.067	0	0	0.438	0.453
EZR	PDCD6IP	9606.ENSP00000338934	9606.ENSP00000411825	0	0	0	0	0.058	0.160	0	0.455	0.531
EZR	FERMT2	9606.ENSP00000338934	9606.ENSP00000342858	0	0	0	0	0.056	0.135	0	0.474	0.533
EZR	SDCBP	9606.ENSP00000338934	9606.ENSP00000428184	0	0	0	0	0.042	0.091	0	0.518	0.544
EZR	SDC4	9606.ENSP00000338934	9606.ENSP00000361818	0	0	0	0	0.068	0	0	0.541	0.553
EZR	PLS3	9606.ENSP00000338934	9606.ENSP00000348163	0	0	0	0	0.061	0.392	0	0.283	0.555
EZR	S100A4	9606.ENSP00000338934	9606.ENSP00000357704	0	0	0	0	0.064	0.423	0	0.292	0.585
EZR	ITGB1	9606.ENSP00000338934	9606.ENSP00000379350	0	0	0	0	0.087	0.073	0	0.603	0.635
EZR	PATJ	9606.ENSP00000338934	9606.ENSP00000494277	0	0	0	0	0.054	0.091	0	0.625	0.649
EZR	FN1	9606.ENSP00000338934	9606.ENSP00000346839	0	0	0	0	0	0.070	0	0.680	0.689
EZR	FLNA	9606.ENSP00000338934	9606.ENSP00000358866	0	0	0	0	0.057	0	0	0.757	0.761
EZR	PTGFRN	9606.ENSP00000338934	9606.ENSP00000376899	0	0	0	0	0	0	0	0.816	0.816
EZR	TWF1	9606.ENSP00000338934	9606.ENSP00000449428	0	0	0	0	0.058	0	0.800	0.198	0.835
EZR	RHOA	9606.ENSP00000338934	9606.ENSP00000400175	0	0	0	0	0.103	0.496	0	0.791	0.897
EZR	HSP90AB1	9606.ENSP00000338934	9606.ENSP00000360609	0	0	0	0	0.108	0.045	0	0.922	0.927
EZR	PPL	9606.ENSP00000338934	9606.ENSP00000340510	0	0	0	0	0.078	0.292	0	0.940	0.957
EZR	MSN	9606.ENSP00000338934	9606.ENSP00000353408	0	0	0.052	0.976	0.056	0.856	0.900	0.983	0.999
EZR	RDX	9606.ENSP00000338934	9606.ENSP00000496414	0	0	0.051	0.978	0.056	0.837	0.900	0.984	0.999
F11R	THBS1	9606.ENSP00000357005	9606.ENSP00000260356	0	0	0	0	0.083	0.068	0	0.357	0.402
F11R	ICAM1	9606.ENSP00000357005	9606.ENSP00000264832	0	0	0	0	0.105	0	0	0.822	0.833
F11R	ITGA5	9606.ENSP00000357005	9606.ENSP00000293379	0	0	0	0	0.061	0	0	0.480	0.491
F11R	ITGB3	9606.ENSP00000357005	9606.ENSP00000452786	0	0	0	0	0.044	0	0	0.413	0.414
F11R	LSR	9606.ENSP00000357005	9606.ENSP00000480821	0	0	0	0	0.173	0.049	0	0.344	0.439
F11R	UBA52	9606.ENSP00000357005	9606.ENSP00000388107	0	0	0	0	0	0	0.500	0	0.499
F11R	ITGB1	9606.ENSP00000357005	9606.ENSP00000379350	0	0	0	0	0	0	0	0.563	0.563
F11R	S100A8	9606.ENSP00000357005	9606.ENSP00000357721	0	0	0	0	0.101	0	0	0.587	0.612
F11R	PATJ	9606.ENSP00000357005	9606.ENSP00000494277	0	0	0	0	0.061	0.071	0	0.669	0.686
F11R	RHOA	9606.ENSP00000357005	9606.ENSP00000400175	0	0	0	0	0.049	0.053	0.800	0.400	0.877
F3	PLAT	9606.ENSP00000334145	9606.ENSP00000220809	0	0	0	0	0.169	0	0	0.922	0.932
F3	SERPINE1	9606.ENSP00000334145	9606.ENSP00000223095	0	0	0	0	0.168	0	0	0.887	0.902
F3	PXDN	9606.ENSP00000334145	9606.ENSP00000252804	0	0	0	0	0.085	0	0	0.380	0.409
F3	THBS1	9606.ENSP00000334145	9606.ENSP00000260356	0	0	0	0	0.103	0	0	0.606	0.631
F3	ICAM1	9606.ENSP00000334145	9606.ENSP00000264832	0	0	0	0	0.107	0	0	0.705	0.726
F3	NRP1	9606.ENSP00000334145	9606.ENSP00000265371	0	0	0	0	0.062	0	0	0.423	0.435
F3	IL18	9606.ENSP00000334145	9606.ENSP00000280357	0	0	0	0	0.065	0	0	0.435	0.449
F3	PTX3	9606.ENSP00000334145	9606.ENSP00000295927	0	0	0	0	0.099	0	0	0.445	0.478
F3	MT1E	9606.ENSP00000334145	9606.ENSP00000328137	0	0	0	0	0.107	0	0	0.365	0.408
F3	FLNA	9606.ENSP00000334145	9606.ENSP00000358866	0	0	0	0	0.054	0.292	0	0.220	0.431
F3	SERPINB2	9606.ENSP00000334145	9606.ENSP00000401645	0	0	0	0	0.109	0	0	0.447	0.486
F3	S100A10	9606.ENSP00000334145	9606.ENSP00000357801	0	0	0	0	0.049	0	0	0.491	0.495
F3	ITGB3	9606.ENSP00000334145	9606.ENSP00000452786	0	0	0	0	0	0	0	0.507	0.507
F3	FN1	9606.ENSP00000334145	9606.ENSP00000346839	0	0	0	0	0.064	0	0	0.704	0.711
F3	PLAU	9606.ENSP00000334145	9606.ENSP00000361850	0	0	0	0	0.133	0	0.540	0.607	0.829
FABP5	NPM1	9606.ENSP00000297258	9606.ENSP00000296930	0	0	0	0	0.073	0	0	0.441	0.460
FABP5	FN1	9606.ENSP00000297258	9606.ENSP00000346839	0	0	0	0	0.042	0	0	0.532	0.532
FABP5	FASN	9606.ENSP00000297258	9606.ENSP00000304592	0	0	0	0	0.111	0	0	0.571	0.602
FABP5	S100A7	9606.ENSP00000297258	9606.ENSP00000357711	0	0	0	0	0.050	0.510	0	0.770	0.883
FASN	TP53I3	9606.ENSP00000304592	9606.ENSP00000238721	0.061	0	0	0.676	0.063	0.297	0.257	0.185	0.557
FASN	PXDN	9606.ENSP00000304592	9606.ENSP00000252804	0	0	0	0	0.048	0	0	0.468	0.472
FASN	PGD	9606.ENSP00000304592	9606.ENSP00000270776	0	0	0	0	0.257	0	0	0.421	0.552
FASN	GPI	9606.ENSP00000304592	9606.ENSP00000405573	0	0	0	0	0.103	0	0	0.358	0.401
FASN	TUBB	9606.ENSP00000304592	9606.ENSP00000339001	0	0	0	0	0.097	0	0	0.367	0.404
FASN	NDRG1	9606.ENSP00000304592	9606.ENSP00000404854	0	0	0	0	0.042	0.295	0	0.197	0.410
FASN	SLC16A3	9606.ENSP00000304592	9606.ENSP00000463978	0	0	0	0	0	0	0	0.421	0.421
FASN	SLC1A5	9606.ENSP00000304592	9606.ENSP00000444408	0	0	0	0	0.080	0	0	0.415	0.438
FASN	JUP	9606.ENSP00000304592	9606.ENSP00000377508	0	0	0	0	0.067	0.157	0	0.363	0.455
FASN	HSPA5	9606.ENSP00000304592	9606.ENSP00000324173	0	0	0	0	0	0.162	0	0.379	0.458
FASN	PDCD6IP	9606.ENSP00000304592	9606.ENSP00000411825	0	0	0	0	0	0.073	0	0.465	0.483
FASN	IDH1	9606.ENSP00000304592	9606.ENSP00000390265	0	0	0	0	0.055	0	0	0.489	0.497
FASN	FLNA	9606.ENSP00000304592	9606.ENSP00000358866	0	0	0	0	0.122	0.059	0	0.444	0.500
FASN	TKT	9606.ENSP00000304592	9606.ENSP00000391481	0	0	0	0	0.282	0	0	0.407	0.556
FASN	VAT1	9606.ENSP00000304592	9606.ENSP00000347872	0.061	0.040	0	0.583	0.088	0.290	0.257	0.185	0.564
FASN	SLC2A1	9606.ENSP00000304592	9606.ENSP00000416293	0	0	0	0	0.068	0	0	0.562	0.574
FASN	HSPA1B	9606.ENSP00000304592	9606.ENSP00000364801	0	0	0	0	0.062	0	0	0.589	0.598
FASN	HSP90AB1	9606.ENSP00000304592	9606.ENSP00000360609	0	0	0	0	0.058	0.132	0	0.561	0.610
FERMT2	ITGB4	9606.ENSP00000342858	9606.ENSP00000200181	0	0	0	0	0.074	0.120	0	0.428	0.494
FERMT2	VCL	9606.ENSP00000342858	9606.ENSP00000211998	0	0	0	0	0.072	0.565	0	0.763	0.896
FERMT2	ITGAV	9606.ENSP00000342858	9606.ENSP00000261023	0	0	0	0	0.122	0	0	0.553	0.591
FERMT2	MCAM	9606.ENSP00000342858	9606.ENSP00000264036	0	0	0	0	0.139	0	0	0.415	0.474
FERMT2	ITGB6	9606.ENSP00000342858	9606.ENSP00000283249	0	0	0	0	0.087	0.120	0	0.427	0.499
FERMT2	ITGB5	9606.ENSP00000342858	9606.ENSP00000296181	0	0	0	0	0.115	0.350	0	0.395	0.622
FERMT2	TLN1	9606.ENSP00000342858	9606.ENSP00000316029	0	0	0	0.558	0.053	0	0	0.701	0.705
FERMT2	FN1	9606.ENSP00000342858	9606.ENSP00000346839	0	0	0	0	0.138	0	0	0.379	0.442
FERMT2	MSN	9606.ENSP00000342858	9606.ENSP00000353408	0	0	0	0	0.047	0	0	0.447	0.450
FERMT2	RDX	9606.ENSP00000342858	9606.ENSP00000496414	0	0	0	0	0.200	0	0	0.475	0.562
FERMT2	ITGB3	9606.ENSP00000342858	9606.ENSP00000452786	0	0	0	0	0.059	0.120	0	0.735	0.761
FERMT2	ITGB1	9606.ENSP00000342858	9606.ENSP00000379350	0	0	0	0	0.085	0.369	0	0.674	0.796
FERMT2	FLNA	9606.ENSP00000342858	9606.ENSP00000358866	0	0	0	0	0.056	0.098	0	0.840	0.852
FLNA	RALA	9606.ENSP00000358866	9606.ENSP00000005257	0	0	0	0	0.042	0.297	0	0.905	0.930
FLNA	ITGB4	9606.ENSP00000358866	9606.ENSP00000200181	0	0	0	0	0.059	0.402	0.650	0.594	0.909
FLNA	VCL	9606.ENSP00000358866	9606.ENSP00000211998	0	0	0	0	0.474	0	0.400	0.995	0.998
FLNA	LGALS1	9606.ENSP00000358866	9606.ENSP00000215909	0	0	0	0	0.131	0.213	0	0.194	0.400
FLNA	PFN1	9606.ENSP00000358866	9606.ENSP00000225655	0	0	0	0	0.149	0	0	0.748	0.776
FLNA	TUBA4A	9606.ENSP00000358866	9606.ENSP00000248437	0	0	0	0	0.067	0	0.400	0.238	0.536
FLNA	ITGAV	9606.ENSP00000358866	9606.ENSP00000261023	0	0	0	0	0.090	0	0.650	0.219	0.729
FLNA	SLC9A3R1	9606.ENSP00000358866	9606.ENSP00000262613	0	0	0	0	0.042	0	0	0.451	0.451
FLNA	NRP1	9606.ENSP00000358866	9606.ENSP00000265371	0	0	0	0	0.044	0.430	0	0.130	0.485
FLNA	IQGAP1	9606.ENSP00000358866	9606.ENSP00000268182	0	0	0	0	0.176	0.163	0	0.937	0.952
FLNA	ITGB6	9606.ENSP00000358866	9606.ENSP00000283249	0	0	0	0	0.058	0.349	0.650	0.412	0.857
FLNA	ITGA5	9606.ENSP00000358866	9606.ENSP00000293379	0	0	0	0	0.219	0	0.650	0.291	0.789
FLNA	ITGB5	9606.ENSP00000358866	9606.ENSP00000296181	0	0	0	0	0.087	0.190	0.650	0.457	0.841
FLNA	ITGA2	9606.ENSP00000358866	9606.ENSP00000296585	0	0	0	0	0.066	0	0.650	0.250	0.733
FLNA	HSP90B1	9606.ENSP00000358866	9606.ENSP00000299767	0	0	0	0	0.059	0	0	0.552	0.560
FLNA	ITGA3	9606.ENSP00000358866	9606.ENSP00000315190	0	0	0	0	0.102	0	0.650	0.219	0.733
FLNA	TLN1	9606.ENSP00000358866	9606.ENSP00000316029	0	0	0	0	0.243	0	0.400	0.996	0.998
FLNA	FN1	9606.ENSP00000358866	9606.ENSP00000346839	0	0	0	0	0.080	0.072	0	0.794	0.809
FLNA	VCP	9606.ENSP00000358866	9606.ENSP00000351777	0	0	0	0	0.068	0	0	0.444	0.460
FLNA	MSN	9606.ENSP00000358866	9606.ENSP00000353408	0	0	0	0	0.223	0	0	0.796	0.834
FLNA	TAGLN2	9606.ENSP00000358866	9606.ENSP00000357076	0	0	0	0	0.199	0	0.400	0.425	0.699
FLNA	LMNA	9606.ENSP00000358866	9606.ENSP00000357283	0	0	0	0	0.183	0.239	0	0.333	0.550
FLNA	HSPG2	9606.ENSP00000358866	9606.ENSP00000363827	0	0	0	0	0.215	0	0	0.272	0.404
FLNA	GSTP1	9606.ENSP00000358866	9606.ENSP00000381607	0	0	0	0	0.056	0	0	0.404	0.413
FLNA	PDCD6IP	9606.ENSP00000358866	9606.ENSP00000411825	0	0	0	0	0.042	0	0	0.415	0.415
FLNA	TWF1	9606.ENSP00000358866	9606.ENSP00000449428	0	0	0	0	0.042	0.236	0	0.275	0.423
FLNA	MYL6	9606.ENSP00000358866	9606.ENSP00000446955	0	0	0	0	0.060	0	0	0.415	0.427
FLNA	SDC4	9606.ENSP00000358866	9606.ENSP00000361818	0	0	0	0	0.062	0	0	0.426	0.438
FLNA	TUBA1A	9606.ENSP00000358866	9606.ENSP00000439020	0	0	0	0	0.088	0.143	0	0.375	0.469
FLNA	RDX	9606.ENSP00000358866	9606.ENSP00000496414	0	0	0	0	0.058	0	0	0.465	0.475
FLNA	TKT	9606.ENSP00000358866	9606.ENSP00000391481	0	0	0	0	0.094	0	0	0.451	0.481
FLNA	HSPA1B	9606.ENSP00000358866	9606.ENSP00000364801	0	0	0	0	0.057	0	0	0.492	0.500
FLNA	JUP	9606.ENSP00000358866	9606.ENSP00000377508	0	0	0	0	0.087	0.120	0	0.472	0.538
FLNA	VIM	9606.ENSP00000358866	9606.ENSP00000446007	0	0	0	0	0.222	0	0	0.563	0.646
FLNA	ITGA6	9606.ENSP00000358866	9606.ENSP00000386896	0	0	0	0	0.096	0	0.650	0.241	0.739
FLNA	HSP90AB1	9606.ENSP00000358866	9606.ENSP00000360609	0	0	0	0	0.080	0.623	0	0.580	0.842
FLNA	WDR1	9606.ENSP00000358866	9606.ENSP00000427687	0	0	0	0	0.263	0.191	0.400	0.689	0.874
FLNA	RHOA	9606.ENSP00000358866	9606.ENSP00000400175	0	0	0	0	0.095	0.048	0	0.928	0.933
FLNA	ITGB1	9606.ENSP00000358866	9606.ENSP00000379350	0	0	0	0	0.084	0.867	0.650	0.870	0.993
FLNA	ITGB3	9606.ENSP00000358866	9606.ENSP00000452786	0	0	0	0	0.098	0.963	0.650	0.575	0.994
FMNL1	VCL	9606.ENSP00000329219	9606.ENSP00000211998	0	0	0	0	0.042	0	0	0.510	0.510
FMNL1	PFN1	9606.ENSP00000329219	9606.ENSP00000225655	0	0	0	0	0.063	0.329	0.500	0.870	0.953
FMNL1	RAC2	9606.ENSP00000329219	9606.ENSP00000249071	0	0	0	0	0.182	0.336	0	0.157	0.502
FMNL1	RHOG	9606.ENSP00000329219	9606.ENSP00000339467	0	0	0	0	0.129	0.322	0	0.115	0.432
FMNL1	RHOA	9606.ENSP00000329219	9606.ENSP00000400175	0	0	0	0	0.086	0.244	0	0.761	0.821
FN1	ITGB4	9606.ENSP00000346839	9606.ENSP00000200181	0	0	0	0.546	0	0	0.650	0.355	0.764
FN1	VCL	9606.ENSP00000346839	9606.ENSP00000211998	0	0	0	0	0.074	0.071	0.400	0.987	0.992
FN1	LGALS1	9606.ENSP00000346839	9606.ENSP00000215909	0	0	0	0	0.110	0.101	0	0.860	0.878
FN1	TIMP1	9606.ENSP00000346839	9606.ENSP00000218388	0	0	0	0	0.087	0.160	0.400	0.913	0.954
FN1	PLAT	9606.ENSP00000346839	9606.ENSP00000220809	0	0	0	0	0.149	0.292	0	0.797	0.867
FN1	LAMB1	9606.ENSP00000346839	9606.ENSP00000222399	0	0	0	0	0.219	0	0	0.477	0.574
FN1	SERPINE1	9606.ENSP00000346839	9606.ENSP00000223095	0	0	0	0	0.280	0	0	0.720	0.790
FN1	RAP1B	9606.ENSP00000346839	9606.ENSP00000250559	0	0	0	0	0.042	0.071	0.400	0.294	0.572
FN1	TSG101	9606.ENSP00000346839	9606.ENSP00000251968	0	0	0	0	0.052	0	0	0.621	0.625
FN1	PXDN	9606.ENSP00000346839	9606.ENSP00000252804	0	0	0	0	0.195	0	0	0.825	0.853
FN1	LAMA5	9606.ENSP00000346839	9606.ENSP00000252999	0	0	0	0	0.078	0	0.400	0.651	0.790
FN1	NT5E	9606.ENSP00000346839	9606.ENSP00000257770	0	0	0	0	0.138	0	0	0.708	0.737
FN1	LAMC1	9606.ENSP00000346839	9606.ENSP00000258341	0	0	0	0	0.163	0	0	0.656	0.700
FN1	THBS1	9606.ENSP00000346839	9606.ENSP00000260356	0	0	0	0	0.120	0.467	0.720	0.996	0.999
FN1	ITGAV	9606.ENSP00000346839	9606.ENSP00000261023	0	0	0	0	0.126	0.960	0.900	0.997	0.999
FN1	LGALS3BP	9606.ENSP00000346839	9606.ENSP00000262776	0	0	0	0	0.076	0.434	0	0.917	0.953
FN1	MCAM	9606.ENSP00000346839	9606.ENSP00000264036	0	0	0	0	0.107	0.092	0	0.448	0.513
FN1	YWHAE	9606.ENSP00000346839	9606.ENSP00000264335	0	0	0	0	0.044	0.072	0	0.452	0.471
FN1	ICAM1	9606.ENSP00000346839	9606.ENSP00000264832	0	0	0	0	0.055	0	0	0.903	0.904
FN1	TNC	9606.ENSP00000346839	9606.ENSP00000265131	0	0	0	0.584	0.223	0.510	0	0.551	0.814
FN1	NRP1	9606.ENSP00000346839	9606.ENSP00000265371	0	0	0.295	0	0.179	0	0	0.447	0.652
FN1	TIMP3	9606.ENSP00000346839	9606.ENSP00000266085	0	0	0	0	0.333	0.160	0	0.592	0.751
FN1	IQGAP1	9606.ENSP00000346839	9606.ENSP00000268182	0	0	0	0	0.049	0.071	0.400	0.572	0.742
FN1	PGD	9606.ENSP00000346839	9606.ENSP00000270776	0	0	0	0	0.104	0	0	0.363	0.404
FN1	IL18	9606.ENSP00000346839	9606.ENSP00000280357	0	0	0	0	0.055	0	0	0.453	0.461
FN1	ITGB6	9606.ENSP00000346839	9606.ENSP00000283249	0	0	0	0	0.056	0.292	0.900	0.820	0.986
FN1	RHOC	9606.ENSP00000346839	9606.ENSP00000285735	0	0	0	0	0.105	0	0	0.390	0.432
FN1	KPNB1	9606.ENSP00000346839	9606.ENSP00000290158	0	0	0	0	0.042	0.071	0	0.388	0.407
FN1	ITGA5	9606.ENSP00000346839	9606.ENSP00000293379	0	0	0	0	0.110	0.986	0.900	0.998	0.999
FN1	IGFBP7	9606.ENSP00000346839	9606.ENSP00000295666	0	0	0	0	0.129	0	0	0.374	0.432
FN1	ITGB5	9606.ENSP00000346839	9606.ENSP00000296181	0	0	0	0	0.129	0.292	0.900	0.934	0.995
FN1	ITGA2	9606.ENSP00000346839	9606.ENSP00000296585	0	0	0	0	0.083	0	0.650	0.962	0.986
FN1	NPM1	9606.ENSP00000346839	9606.ENSP00000296930	0	0	0	0	0.049	0.071	0.400	0.489	0.693
FN1	GLUL	9606.ENSP00000346839	9606.ENSP00000307900	0	0	0	0	0.048	0	0	0.652	0.655
FN1	ITGA3	9606.ENSP00000346839	9606.ENSP00000315190	0	0	0	0	0.099	0.292	0.900	0.990	0.999
FN1	TLN1	9606.ENSP00000346839	9606.ENSP00000316029	0	0	0	0	0.042	0.071	0.400	0.988	0.992
FN1	MMP1	9606.ENSP00000346839	9606.ENSP00000322788	0	0	0	0	0.109	0	0	0.777	0.792
FN1	HSPA5	9606.ENSP00000346839	9606.ENSP00000324173	0	0	0	0	0.044	0.072	0	0.421	0.441
FN1	H2AC20	9606.ENSP00000346839	9606.ENSP00000332194	0	0	0	0	0	0	0	0.486	0.485
FN1	H3C13	9606.ENSP00000346839	9606.ENSP00000333277	0	0	0	0	0.055	0.045	0	0.447	0.457
FN1	LAMP1	9606.ENSP00000346839	9606.ENSP00000333298	0	0	0	0	0.042	0	0	0.635	0.635
FN1	GPI	9606.ENSP00000346839	9606.ENSP00000405573	0	0	0	0	0.042	0	0	0.404	0.404
FN1	SERPINB5	9606.ENSP00000346839	9606.ENSP00000372221	0	0	0	0	0.059	0	0	0.419	0.430
FN1	RNH1	9606.ENSP00000346839	9606.ENSP00000433999	0	0	0	0	0	0.072	0	0.434	0.452
FN1	SERPINB2	9606.ENSP00000346839	9606.ENSP00000401645	0	0	0	0	0.077	0	0	0.430	0.452
FN1	SLC1A5	9606.ENSP00000346839	9606.ENSP00000444408	0	0	0	0	0.061	0	0	0.443	0.454
FN1	RDX	9606.ENSP00000346839	9606.ENSP00000496414	0	0	0	0	0.082	0	0	0.464	0.487
FN1	MARCKS	9606.ENSP00000346839	9606.ENSP00000478061	0	0	0	0	0.062	0.049	0	0.499	0.514
FN1	MUC1	9606.ENSP00000346839	9606.ENSP00000484824	0	0	0	0	0.060	0	0	0.511	0.520
FN1	LMNA	9606.ENSP00000346839	9606.ENSP00000357283	0	0	0	0	0.084	0.045	0	0.503	0.527
FN1	S100A8	9606.ENSP00000346839	9606.ENSP00000357721	0	0	0	0	0.054	0	0	0.538	0.544
FN1	HSP90AB1	9606.ENSP00000346839	9606.ENSP00000360609	0	0	0	0	0.051	0.045	0	0.571	0.577
FN1	SOD2	9606.ENSP00000346839	9606.ENSP00000446252	0	0	0	0	0.044	0	0	0.582	0.583
FN1	MSLN	9606.ENSP00000346839	9606.ENSP00000372313	0	0	0	0	0	0	0	0.586	0.586
FN1	S100A4	9606.ENSP00000346839	9606.ENSP00000357704	0	0	0	0	0.049	0	0	0.655	0.657
FN1	RHOA	9606.ENSP00000346839	9606.ENSP00000400175	0	0	0	0	0.079	0	0	0.722	0.734
FN1	MSN	9606.ENSP00000346839	9606.ENSP00000353408	0	0	0	0	0.049	0.071	0.500	0.479	0.739
FN1	VIM	9606.ENSP00000346839	9606.ENSP00000446007	0	0	0	0	0.105	0.045	0	0.795	0.809
FN1	PLAU	9606.ENSP00000346839	9606.ENSP00000361850	0	0	0	0	0.113	0	0	0.825	0.838
FN1	ITGA6	9606.ENSP00000346839	9606.ENSP00000386896	0	0	0	0	0.059	0	0.650	0.799	0.928
FN1	HSPG2	9606.ENSP00000346839	9606.ENSP00000363827	0	0	0	0	0.140	0.316	0	0.995	0.996
FN1	TGM2	9606.ENSP00000346839	9606.ENSP00000355330	0	0	0	0	0.112	0.803	0	0.986	0.997
FN1	ITGB3	9606.ENSP00000346839	9606.ENSP00000452786	0	0	0	0	0.072	0.977	0.900	0.995	0.999
FN1	ITGB1	9606.ENSP00000346839	9606.ENSP00000379350	0	0	0	0	0.099	0.981	0.900	0.998	0.999
FN1	SDC4	9606.ENSP00000346839	9606.ENSP00000361818	0	0	0	0	0.086	0	0.900	0.992	0.999
GDI2	RAB35	9606.ENSP00000369538	9606.ENSP00000229340	0	0	0	0	0.065	0.277	0.500	0.314	0.737
GDI2	RAC2	9606.ENSP00000369538	9606.ENSP00000249071	0	0	0	0	0.144	0.158	0	0.478	0.591
GDI2	RAB27B	9606.ENSP00000369538	9606.ENSP00000262094	0	0	0	0	0	0	0.500	0.271	0.620
GDI2	YWHAE	9606.ENSP00000369538	9606.ENSP00000264335	0	0	0	0	0.291	0	0.500	0.265	0.716
GDI2	RAB8A	9606.ENSP00000369538	9606.ENSP00000300935	0	0	0	0	0.127	0.877	0.500	0.451	0.966
GDI2	RAB1B	9606.ENSP00000369538	9606.ENSP00000310226	0	0	0	0	0.091	0.951	0.500	0.439	0.985
GDI2	RAB6A	9606.ENSP00000369538	9606.ENSP00000311449	0	0	0	0	0.166	0.583	0.500	0.631	0.927
GDI2	PPP2R1A	9606.ENSP00000369538	9606.ENSP00000324804	0	0	0	0	0.466	0	0	0.058	0.475
GDI2	RAB11B	9606.ENSP00000369538	9606.ENSP00000333547	0	0	0	0	0.100	0.851	0	0.325	0.901
GDI2	VCP	9606.ENSP00000369538	9606.ENSP00000351777	0	0	0	0	0.221	0.072	0	0.297	0.448
GDI2	HSP90AB1	9606.ENSP00000369538	9606.ENSP00000360609	0	0	0	0	0.285	0.087	0	0.166	0.408
GDI2	PDCD6IP	9606.ENSP00000369538	9606.ENSP00000411825	0	0	0	0	0.335	0	0	0.137	0.401
GDI2	RHOA	9606.ENSP00000369538	9606.ENSP00000400175	0	0	0	0	0.426	0.158	0	0.259	0.611
GDI2	RAB1A	9606.ENSP00000369538	9606.ENSP00000387286	0	0	0	0	0.125	0.957	0.500	0.896	0.997
GGT1	GSTO1	9606.ENSP00000248923	9606.ENSP00000358727	0	0	0	0	0.103	0	0.678	0.138	0.729
GGT1	GSTP1	9606.ENSP00000248923	9606.ENSP00000381607	0	0	0	0	0.084	0	0.686	0.300	0.781
GGT1	GLUL	9606.ENSP00000248923	9606.ENSP00000307900	0	0	0	0	0	0	0.800	0.301	0.854
GIPC1	TAX1BP3	9606.ENSP00000376753	9606.ENSP00000225525	0	0	0	0	0.076	0	0	0.932	0.934
GIPC1	RRAS	9606.ENSP00000376753	9606.ENSP00000246792	0	0	0	0	0.107	0.046	0	0.380	0.426
GIPC1	NRP1	9606.ENSP00000376753	9606.ENSP00000265371	0	0	0	0	0.055	0.528	0	0.990	0.995
GIPC1	ITGA5	9606.ENSP00000376753	9606.ENSP00000293379	0	0	0	0	0.044	0.292	0	0.196	0.408
GIPC1	MSN	9606.ENSP00000376753	9606.ENSP00000353408	0	0	0	0	0.044	0	0	0.466	0.467
GIPC1	TPBG	9606.ENSP00000376753	9606.ENSP00000358765	0	0	0	0	0.072	0.230	0	0.331	0.480
GIPC1	SDC4	9606.ENSP00000376753	9606.ENSP00000361818	0	0	0	0	0.063	0.292	0	0.964	0.974
GIPC1	PLXNA1	9606.ENSP00000376753	9606.ENSP00000377061	0	0	0	0	0.085	0.170	0	0.295	0.418
GIPC1	SDCBP	9606.ENSP00000376753	9606.ENSP00000428184	0	0	0	0	0.060	0	0	0.476	0.487
GIPC1	ITGA6	9606.ENSP00000376753	9606.ENSP00000386896	0	0	0	0	0.053	0.510	0	0.454	0.724
GIPC1	SLC2A1	9606.ENSP00000376753	9606.ENSP00000416293	0	0	0	0	0.059	0.292	0	0.655	0.750
GLRX	TXNDC17	9606.ENSP00000369314	9606.ENSP00000250101	0	0	0	0	0.146	0	0	0.403	0.469
GLRX	PXDN	9606.ENSP00000369314	9606.ENSP00000252804	0	0	0	0	0.067	0	0	0.430	0.445
GLRX	PRDX5	9606.ENSP00000369314	9606.ENSP00000265462	0	0	0	0	0.110	0	0	0.641	0.667
GLRX	MT1E	9606.ENSP00000369314	9606.ENSP00000328137	0	0	0	0	0.104	0	0	0.513	0.545
GLRX	PARK7	9606.ENSP00000369314	9606.ENSP00000340278	0.045	0	0	0	0.094	0	0	0.432	0.466
GLRX	GSTO1	9606.ENSP00000369314	9606.ENSP00000358727	0	0	0	0	0.258	0	0	0.814	0.856
GLRX	H2AX	9606.ENSP00000369314	9606.ENSP00000434024	0	0	0	0	0	0.053	0	0.404	0.412
GLRX	IDH1	9606.ENSP00000369314	9606.ENSP00000390265	0.111	0	0	0	0.088	0	0	0.363	0.439
GLRX	TKT	9606.ENSP00000369314	9606.ENSP00000391481	0	0	0	0	0.121	0.183	0	0.293	0.448
GLRX	GSTP1	9606.ENSP00000369314	9606.ENSP00000381607	0	0	0	0	0.063	0	0	0.446	0.460
GLRX	TUBA1A	9606.ENSP00000369314	9606.ENSP00000439020	0	0	0	0	0.085	0	0	0.458	0.483
GLRX	SOD2	9606.ENSP00000369314	9606.ENSP00000446252	0.075	0	0	0	0.145	0	0	0.572	0.632
GLUL	TMEM109	9606.ENSP00000307900	9606.ENSP00000227525	0	0	0	0	0.048	0	0.792	0.348	0.859
GLUL	PXDN	9606.ENSP00000307900	9606.ENSP00000252804	0	0	0	0	0.074	0	0	0.379	0.401
GLUL	PGD	9606.ENSP00000307900	9606.ENSP00000270776	0	0	0	0	0.056	0	0	0.450	0.458
GLUL	SLC2A1	9606.ENSP00000307900	9606.ENSP00000416293	0	0	0	0	0.057	0	0	0.414	0.423
GLUL	VIM	9606.ENSP00000307900	9606.ENSP00000446007	0	0	0	0	0.042	0	0	0.423	0.423
GLUL	MDH2	9606.ENSP00000307900	9606.ENSP00000327070	0	0	0	0	0.110	0	0	0.381	0.426
GLUL	HNRNPH1	9606.ENSP00000307900	9606.ENSP00000349168	0	0	0	0	0.042	0.422	0	0.063	0.435
GLUL	PAICS	9606.ENSP00000307900	9606.ENSP00000382595	0.110	0	0	0	0.098	0	0	0.373	0.453
GLUL	SOD2	9606.ENSP00000307900	9606.ENSP00000446252	0	0	0	0	0.114	0	0	0.426	0.470
GLUL	VCP	9606.ENSP00000307900	9606.ENSP00000351777	0.057	0.099	0	0	0.054	0.292	0	0.236	0.486
GLUL	TKT	9606.ENSP00000307900	9606.ENSP00000391481	0	0	0	0	0.049	0	0	0.505	0.509
GLUL	RAB1A	9606.ENSP00000307900	9606.ENSP00000387286	0	0	0	0	0.053	0	0	0.522	0.528
GLUL	GPI	9606.ENSP00000307900	9606.ENSP00000405573	0.057	0	0	0	0.116	0	0	0.517	0.562
GLUL	IDH1	9606.ENSP00000307900	9606.ENSP00000390265	0	0	0	0	0.125	0	0	0.565	0.603
GLUL	SLC1A5	9606.ENSP00000307900	9606.ENSP00000444408	0	0	0	0	0.042	0	0	0.635	0.635
GNAI2	RAC2	9606.ENSP00000312999	9606.ENSP00000249071	0	0	0	0	0.268	0.115	0	0.179	0.422
GNAI2	SH3BGRL3	9606.ENSP00000312999	9606.ENSP00000270792	0	0	0	0	0.518	0	0	0	0.518
GNAI2	RHOC	9606.ENSP00000312999	9606.ENSP00000285735	0	0	0	0	0.146	0.226	0	0.219	0.439
GNAI2	RHOG	9606.ENSP00000312999	9606.ENSP00000339467	0	0	0	0	0.313	0.115	0	0.093	0.400
GNAI2	TLN1	9606.ENSP00000312999	9606.ENSP00000316029	0	0	0	0	0.337	0	0	0.158	0.418
GNAI2	RHOA	9606.ENSP00000312999	9606.ENSP00000400175	0	0	0	0	0.253	0.226	0	0.222	0.511
GNAI2	RACK1	9606.ENSP00000312999	9606.ENSP00000426909	0	0	0	0	0.056	0.085	0	0.546	0.573
GNAI2	HSP90AB1	9606.ENSP00000312999	9606.ENSP00000360609	0	0	0	0	0.060	0.470	0	0.215	0.575
GNAI2	GNAS	9606.ENSP00000312999	9606.ENSP00000360141	0	0	0	0.887	0.074	0.081	0.540	0.157	0.626
GNAI2	GNG5	9606.ENSP00000312999	9606.ENSP00000359675	0	0	0	0	0.083	0.690	0.650	0.364	0.928
GNAI2	GNB1	9606.ENSP00000312999	9606.ENSP00000367872	0	0	0	0	0.657	0.990	0.650	0.772	0.999
GNAS	IQGAP1	9606.ENSP00000360141	9606.ENSP00000268182	0	0	0	0	0.047	0	0.500	0	0.503
GNAS	RHOC	9606.ENSP00000360141	9606.ENSP00000285735	0	0	0	0	0.122	0.339	0	0.071	0.414
GNAS	NPM1	9606.ENSP00000360141	9606.ENSP00000296930	0	0	0	0	0.059	0	0	0.694	0.700
GNAS	GNG5	9606.ENSP00000360141	9606.ENSP00000359675	0	0	0	0	0.067	0.737	0.900	0.228	0.978
GNAS	MUC5AC	9606.ENSP00000360141	9606.ENSP00000485659	0	0	0	0	0	0	0	0.418	0.418
GNAS	RHOA	9606.ENSP00000360141	9606.ENSP00000400175	0	0	0	0	0.238	0.163	0	0.224	0.461
GNAS	IDH1	9606.ENSP00000360141	9606.ENSP00000390265	0	0	0	0	0.082	0	0	0.623	0.639
GNAS	MAGED2	9606.ENSP00000360141	9606.ENSP00000364193	0	0	0	0	0.085	0.786	0	0.063	0.800
GNAS	GNB1	9606.ENSP00000360141	9606.ENSP00000367872	0	0	0	0	0.255	0.992	0.900	0.838	0.999
GNB1	RRAS	9606.ENSP00000367872	9606.ENSP00000246792	0	0	0	0	0.066	0.095	0.650	0.090	0.695
GNB1	RAC2	9606.ENSP00000367872	9606.ENSP00000249071	0	0	0	0	0.116	0.096	0.650	0.137	0.726
GNB1	SLC9A3R1	9606.ENSP00000367872	9606.ENSP00000262613	0	0	0	0	0.092	0	0	0.385	0.419
GNB1	ITGA5	9606.ENSP00000367872	9606.ENSP00000293379	0	0	0	0	0.078	0	0.500	0	0.519
GNB1	GNG5	9606.ENSP00000367872	9606.ENSP00000359675	0	0	0	0	0.073	0.995	0.540	0.558	0.999
GNB1	UBA52	9606.ENSP00000367872	9606.ENSP00000388107	0	0	0	0	0.082	0.309	0	0.215	0.458
GNB1	ITGB1	9606.ENSP00000367872	9606.ENSP00000379350	0	0	0	0	0.093	0	0.500	0.381	0.694
GNB1	RACK1	9606.ENSP00000367872	9606.ENSP00000426909	0	0	0.099	0.673	0.102	0.646	0	0.172	0.731
GNB1	RHOA	9606.ENSP00000367872	9606.ENSP00000400175	0	0	0	0	0.255	0.096	0.500	0.670	0.874
GNG5	RRAS	9606.ENSP00000359675	9606.ENSP00000246792	0	0	0	0	0.049	0	0.650	0	0.652
GNG5	RAC2	9606.ENSP00000359675	9606.ENSP00000249071	0	0	0	0	0.094	0	0.650	0.132	0.700
GNG5	ITGA5	9606.ENSP00000359675	9606.ENSP00000293379	0	0	0	0	0.042	0	0.500	0	0.500
GNG5	ITGB1	9606.ENSP00000359675	9606.ENSP00000379350	0	0	0	0	0.049	0	0.500	0.067	0.517
GNG5	RHOA	9606.ENSP00000359675	9606.ENSP00000400175	0	0	0	0	0.086	0	0.500	0.389	0.696
GPI	PGD	9606.ENSP00000405573	9606.ENSP00000270776	0.120	0	0	0	0.236	0	0	0.846	0.887
GPI	MDH2	9606.ENSP00000405573	9606.ENSP00000327070	0.091	0	0	0	0.424	0	0	0.731	0.847
GPI	UGP2	9606.ENSP00000405573	9606.ENSP00000338703	0.057	0	0	0	0.242	0	0	0.718	0.781
GPI	PNP	9606.ENSP00000405573	9606.ENSP00000354532	0.105	0	0	0	0.050	0	0	0.492	0.531
GPI	HSP90AB1	9606.ENSP00000405573	9606.ENSP00000360609	0	0	0	0	0.148	0	0	0.336	0.410
GPI	PGM2	9606.ENSP00000405573	9606.ENSP00000371393	0.115	0	0	0	0.080	0	0.965	0.645	0.988
GPI	IDH1	9606.ENSP00000405573	9606.ENSP00000390265	0.069	0	0	0	0.198	0	0	0.680	0.740
GPI	TKT	9606.ENSP00000405573	9606.ENSP00000391481	0.115	0.046	0	0	0.592	0.187	0.965	0.759	0.997
GPI	WDR1	9606.ENSP00000405573	9606.ENSP00000427687	0	0	0	0	0.107	0.180	0	0.269	0.418
GPI	SOD2	9606.ENSP00000405573	9606.ENSP00000446252	0.042	0	0	0	0.200	0	0	0.387	0.489
GPI	SLC2A1	9606.ENSP00000405573	9606.ENSP00000416293	0.042	0	0	0	0.126	0	0	0.510	0.554
GSTO1	SERPINE1	9606.ENSP00000358727	9606.ENSP00000223095	0	0	0	0	0.062	0	0	0.389	0.402
GSTO1	HSPB1	9606.ENSP00000358727	9606.ENSP00000248553	0	0	0	0	0.047	0.292	0	0.217	0.426
GSTO1	PNP	9606.ENSP00000358727	9606.ENSP00000354532	0	0	0	0	0.137	0	0	0.388	0.449
GSTO1	GSTP1	9606.ENSP00000358727	9606.ENSP00000381607	0	0	0	0	0.130	0.162	0.650	0.709	0.915
GSTP1	TIMP3	9606.ENSP00000381607	9606.ENSP00000266085	0	0	0	0	0.047	0	0	0.583	0.585
GSTP1	PARK7	9606.ENSP00000381607	9606.ENSP00000340278	0	0	0	0	0.067	0.161	0	0.304	0.407
GSTP1	SFN	9606.ENSP00000381607	9606.ENSP00000340989	0	0	0	0	0.063	0	0	0.392	0.407
GSTP1	TGM2	9606.ENSP00000381607	9606.ENSP00000355330	0	0	0	0	0.062	0.292	0	0.509	0.645
GSTP1	LMNA	9606.ENSP00000381607	9606.ENSP00000357283	0	0	0	0	0.056	0.190	0	0.441	0.535
GSTP1	SOD2	9606.ENSP00000381607	9606.ENSP00000446252	0	0	0	0	0.067	0	0	0.570	0.581
GSTP1	MYL6	9606.ENSP00000381607	9606.ENSP00000446955	0	0	0	0	0.085	0.071	0	0.668	0.693
H1-2	H4C6	9606.ENSP00000339566	9606.ENSP00000244537	0	0	0	0	0.165	0.652	0	0.465	0.831
H1-2	KPNB1	9606.ENSP00000339566	9606.ENSP00000290158	0	0	0	0	0.055	0.477	0	0.078	0.504
H1-2	NPM1	9606.ENSP00000339566	9606.ENSP00000296930	0	0	0	0	0.076	0.421	0	0.475	0.694
H1-2	H2AC20	9606.ENSP00000339566	9606.ENSP00000332194	0	0.002	0	0	0.131	0.136	0	0.772	0.814
H1-2	H3C13	9606.ENSP00000339566	9606.ENSP00000333277	0	0	0	0	0.128	0.249	0	0.401	0.574
H1-2	VIM	9606.ENSP00000339566	9606.ENSP00000446007	0	0	0	0	0.060	0	0	0.414	0.426
H1-2	MACROH2A1	9606.ENSP00000339566	9606.ENSP00000423563	0	0	0	0	0.077	0.179	0	0.332	0.450
H1-2	HSP90AB1	9606.ENSP00000339566	9606.ENSP00000360609	0	0	0	0	0.055	0	0	0.467	0.474
H1-2	H2BC18	9606.ENSP00000339566	9606.ENSP00000445831	0	0.007	0	0	0.146	0.226	0	0.285	0.487
H1-2	HNRNPK	9606.ENSP00000339566	9606.ENSP00000365458	0	0	0	0	0.079	0.050	0	0.469	0.495
H1-2	H2AX	9606.ENSP00000339566	9606.ENSP00000434024	0	0.002	0	0	0.096	0.253	0	0.377	0.542
H1-2	YBX1	9606.ENSP00000339566	9606.ENSP00000361626	0	0	0	0	0.064	0.655	0	0.176	0.710
H2AC20	H4C6	9606.ENSP00000332194	9606.ENSP00000244537	0	0.028	0	0	0.251	0.955	0.400	0.999	0.999
H2AC20	THBS1	9606.ENSP00000332194	9606.ENSP00000260356	0	0	0	0	0	0.087	0.400	0.125	0.478
H2AC20	NPM1	9606.ENSP00000332194	9606.ENSP00000296930	0	0	0	0	0.046	0.328	0	0.621	0.736
H2AC20	H2AZ2	9606.ENSP00000332194	9606.ENSP00000308405	0	0	0.055	0.947	0.099	0.300	0.400	0.113	0.625
H2AC20	S100A9	9606.ENSP00000332194	9606.ENSP00000357727	0	0	0	0	0	0.050	0	0.397	0.402
H2AC20	KPNA2	9606.ENSP00000332194	9606.ENSP00000438483	0	0	0	0	0.045	0	0.500	0.082	0.523
H2AC20	HSP90AB1	9606.ENSP00000332194	9606.ENSP00000360609	0	0	0	0	0.045	0.069	0	0.585	0.599
H2AC20	HMGN1	9606.ENSP00000332194	9606.ENSP00000370125	0	0	0	0	0	0	0	0.606	0.606
H2AC20	H2AX	9606.ENSP00000332194	9606.ENSP00000434024	0	0	0.050	0.981	0.054	0.416	0.400	0.055	0.648
H2AC20	UBA52	9606.ENSP00000332194	9606.ENSP00000388107	0	0	0	0	0	0.357	0.400	0.472	0.778
H2AC20	H2BC18	9606.ENSP00000332194	9606.ENSP00000445831	0	0.082	0	0	0.301	0.207	0.400	0.732	0.903
H2AC20	H3C13	9606.ENSP00000332194	9606.ENSP00000333277	0	0.036	0	0	0.254	0.928	0.400	0.998	0.999
H2AX	H4C6	9606.ENSP00000434024	9606.ENSP00000244537	0	0.026	0	0	0.204	0.984	0.800	0.596	0.998
H2AX	PXDN	9606.ENSP00000434024	9606.ENSP00000252804	0	0	0	0	0.042	0	0	0.507	0.507
H2AX	THBS1	9606.ENSP00000434024	9606.ENSP00000260356	0	0	0	0	0.049	0.087	0.400	0.125	0.483
H2AX	YWHAE	9606.ENSP00000434024	9606.ENSP00000264335	0	0	0	0	0.075	0.300	0	0.424	0.595
H2AX	NPM1	9606.ENSP00000434024	9606.ENSP00000296930	0	0	0	0	0.072	0.473	0	0.269	0.612
H2AX	H2AZ2	9606.ENSP00000434024	9606.ENSP00000308405	0	0	0.054	0.944	0.120	0.300	0.400	0.119	0.636
H2AX	HSPA5	9606.ENSP00000434024	9606.ENSP00000324173	0	0	0	0	0.054	0.328	0	0.269	0.494
H2AX	H3C13	9606.ENSP00000434024	9606.ENSP00000333277	0	0.034	0	0	0.128	0.424	0.400	0.848	0.948
H2AX	LMNA	9606.ENSP00000434024	9606.ENSP00000357283	0	0	0	0	0.062	0.517	0	0.270	0.640
H2AX	HSPA1B	9606.ENSP00000434024	9606.ENSP00000364801	0	0	0	0	0.068	0.308	0	0.151	0.406
H2AX	UBA52	9606.ENSP00000434024	9606.ENSP00000388107	0	0	0	0	0.061	0.865	0.500	0.181	0.941
H2AX	MACROH2A1	9606.ENSP00000434024	9606.ENSP00000423563	0	0	0	0.948	0.062	0.432	0	0.064	0.457
H2AX	SOD2	9606.ENSP00000434024	9606.ENSP00000446252	0	0	0	0	0	0.292	0	0.247	0.444
H2AX	KPNA2	9606.ENSP00000434024	9606.ENSP00000438483	0	0	0	0	0.190	0	0.500	0.085	0.597
H2AX	H2BC18	9606.ENSP00000434024	9606.ENSP00000445831	0	0.077	0	0	0.243	0.309	0	0.371	0.656
H2AZ2	H4C6	9606.ENSP00000308405	9606.ENSP00000244537	0	0	0	0	0.674	0.950	0.500	0.455	0.995
H2AZ2	THBS1	9606.ENSP00000308405	9606.ENSP00000260356	0	0	0	0	0.044	0.091	0.400	0.061	0.445
H2AZ2	NPM1	9606.ENSP00000308405	9606.ENSP00000296930	0	0	0	0	0.254	0.189	0	0.112	0.416
H2AZ2	MACROH2A1	9606.ENSP00000308405	9606.ENSP00000423563	0	0	0	0.928	0.113	0.300	0	0.122	0.407
H2AZ2	KPNA2	9606.ENSP00000308405	9606.ENSP00000438483	0	0	0	0	0.190	0	0.500	0.237	0.664
H2AZ2	H2BC18	9606.ENSP00000308405	9606.ENSP00000445831	0	0	0	0	0.667	0.336	0	0.162	0.799
H2AZ2	H3C13	9606.ENSP00000308405	9606.ENSP00000333277	0	0	0	0	0.282	0.309	0.500	0.486	0.855
H2BC18	H4C6	9606.ENSP00000445831	9606.ENSP00000244537	0	0.058	0	0	0.736	0.852	0.400	0.744	0.993
H2BC18	RPS3	9606.ENSP00000445831	9606.ENSP00000278572	0	0	0	0	0.067	0.074	0	0.406	0.441
H2BC18	H3C13	9606.ENSP00000445831	9606.ENSP00000333277	0	0.114	0	0	0.320	0.829	0.400	0.813	0.986
H2BC18	S100A10	9606.ENSP00000445831	9606.ENSP00000357801	0	0	0	0	0.047	0	0	0.551	0.553
H2BC18	UBA52	9606.ENSP00000445831	9606.ENSP00000388107	0	0	0	0	0	0.185	0.400	0.220	0.585
H2BC18	MACROH2A1	9606.ENSP00000445831	9606.ENSP00000423563	0	0.001	0	0	0.254	0.167	0	0.394	0.590
H2BC18	MARCKS	9606.ENSP00000445831	9606.ENSP00000478061	0	0	0	0	0	0.060	0	0.389	0.401
H3C13	VCL	9606.ENSP00000333277	9606.ENSP00000211998	0	0	0	0	0	0	0	0.461	0.461
H3C13	PFN1	9606.ENSP00000333277	9606.ENSP00000225655	0	0	0	0	0.067	0.060	0	0.447	0.473
H3C13	H4C6	9606.ENSP00000333277	9606.ENSP00000244537	0	0.070	0	0	0.234	0.980	0.800	0.998	0.999
H3C13	HSPB1	9606.ENSP00000333277	9606.ENSP00000248553	0	0	0	0	0.051	0	0	0.534	0.540
H3C13	PXDN	9606.ENSP00000333277	9606.ENSP00000252804	0	0	0	0	0.058	0	0	0.733	0.738
H3C13	THBS1	9606.ENSP00000333277	9606.ENSP00000260356	0	0	0	0	0	0.106	0.400	0.228	0.550
H3C13	NPM1	9606.ENSP00000333277	9606.ENSP00000296930	0	0	0	0	0.100	0.089	0	0.419	0.482
H3C13	PSMC5	9606.ENSP00000333277	9606.ENSP00000310572	0	0	0	0	0.057	0.114	0	0.612	0.647
H3C13	HSPA5	9606.ENSP00000333277	9606.ENSP00000324173	0	0	0	0	0.074	0.072	0	0.361	0.403
H3C13	SLC2A1	9606.ENSP00000333277	9606.ENSP00000416293	0	0	0	0	0.064	0.055	0	0.381	0.405
H3C13	HNRNPK	9606.ENSP00000333277	9606.ENSP00000365458	0	0	0	0	0.123	0	0	0.367	0.421
H3C13	HSPA1B	9606.ENSP00000333277	9606.ENSP00000364801	0	0	0	0	0.074	0.303	0	0.221	0.454
H3C13	HMGN1	9606.ENSP00000333277	9606.ENSP00000370125	0	0	0	0	0.085	0.057	0	0.433	0.468
H3C13	IDH1	9606.ENSP00000333277	9606.ENSP00000390265	0	0	0	0	0.056	0	0	0.487	0.496
H3C13	KPNA2	9606.ENSP00000333277	9606.ENSP00000438483	0	0	0	0	0.087	0.087	0.500	0.179	0.612
H3C13	LMNA	9606.ENSP00000333277	9606.ENSP00000357283	0	0	0	0	0.067	0.405	0	0.463	0.676
H3C13	HSP90AB1	9606.ENSP00000333277	9606.ENSP00000360609	0	0	0	0	0.110	0.071	0	0.707	0.737
H3C13	UBA52	9606.ENSP00000333277	9606.ENSP00000388107	0	0	0	0	0.098	0.933	0	0.137	0.943
H3C13	MACROH2A1	9606.ENSP00000333277	9606.ENSP00000423563	0	0.002	0	0	0.147	0.913	0	0.479	0.958
H4C6	RPL7A	9606.ENSP00000244537	9606.ENSP00000361076	0	0	0	0	0.096	0.325	0	0.116	0.414
H4C6	HSP90B1	9606.ENSP00000244537	9606.ENSP00000299767	0	0	0	0	0.060	0.292	0	0.218	0.434
H4C6	S100A8	9606.ENSP00000244537	9606.ENSP00000357721	0	0	0	0	0	0.071	0	0.427	0.445
H4C6	TUBA1A	9606.ENSP00000244537	9606.ENSP00000439020	0	0	0	0	0.042	0.292	0	0.249	0.446
H4C6	HMGN1	9606.ENSP00000244537	9606.ENSP00000370125	0	0	0	0	0.081	0.292	0	0.218	0.447
H4C6	TUBA1C	9606.ENSP00000244537	9606.ENSP00000443475	0	0	0	0	0.049	0.292	0	0.246	0.448
H4C6	PXDN	9606.ENSP00000244537	9606.ENSP00000252804	0	0	0	0	0.042	0	0	0.455	0.456
H4C6	TUBB	9606.ENSP00000244537	9606.ENSP00000339001	0	0	0	0	0.076	0.292	0	0.263	0.476
H4C6	THBS1	9606.ENSP00000244537	9606.ENSP00000260356	0	0	0	0	0	0.092	0.400	0.124	0.481
H4C6	HSPA5	9606.ENSP00000244537	9606.ENSP00000324173	0	0	0	0	0.058	0.326	0	0.264	0.493
H4C6	RPS3	9606.ENSP00000244537	9606.ENSP00000278572	0	0	0	0	0.122	0.089	0	0.425	0.500
H4C6	IPO5	9606.ENSP00000244537	9606.ENSP00000261574	0	0	0	0	0.049	0.480	0	0.124	0.529
H4C6	PPP2R1A	9606.ENSP00000244537	9606.ENSP00000324804	0	0	0	0	0.049	0.510	0	0.074	0.530
H4C6	HMGA1	9606.ENSP00000244537	9606.ENSP00000399888	0	0	0	0	0.047	0.516	0	0.136	0.566
H4C6	HNRNPH1	9606.ENSP00000244537	9606.ENSP00000349168	0	0	0	0	0.058	0.292	0	0.417	0.577
H4C6	TUBB4B	9606.ENSP00000244537	9606.ENSP00000341289	0	0	0	0	0.081	0.510	0	0.142	0.580
H4C6	HNRNPA2B1	9606.ENSP00000244537	9606.ENSP00000346694	0	0	0	0	0.058	0.510	0	0.163	0.580
H4C6	VIM	9606.ENSP00000244537	9606.ENSP00000446007	0	0	0	0	0	0.510	0	0.200	0.591
H4C6	HSPA1B	9606.ENSP00000244537	9606.ENSP00000364801	0	0	0	0	0.074	0.519	0	0.201	0.613
H4C6	LMNA	9606.ENSP00000244537	9606.ENSP00000357283	0	0	0	0	0.042	0.556	0	0.279	0.666
H4C6	KPNA2	9606.ENSP00000244537	9606.ENSP00000438483	0	0	0	0	0.049	0.314	0.500	0.139	0.681
H4C6	HSP90AB1	9606.ENSP00000244537	9606.ENSP00000360609	0	0	0	0	0.072	0	0	0.845	0.850
H4C6	UBA52	9606.ENSP00000244537	9606.ENSP00000388107	0	0	0	0	0	0.860	0.500	0.154	0.935
H4C6	NPM1	9606.ENSP00000244537	9606.ENSP00000296930	0	0	0	0	0.075	0.796	0.500	0.813	0.980
H4C6	MACROH2A1	9606.ENSP00000244537	9606.ENSP00000423563	0	0.002	0	0	0.210	0.959	0	0.443	0.981
HARS1	RPS3	9606.ENSP00000425634	9606.ENSP00000278572	0	0	0	0	0.213	0.085	0	0.297	0.450
HARS1	PSMC5	9606.ENSP00000425634	9606.ENSP00000310572	0	0	0	0	0.446	0.136	0	0.073	0.517
HARS1	WARS1	9606.ENSP00000425634	9606.ENSP00000347495	0.069	0	0	0	0.118	0.227	0	0.809	0.863
HDGF	HNRNPA2B1	9606.ENSP00000357189	9606.ENSP00000346694	0	0	0	0	0.109	0.314	0	0.224	0.484
HDGF	RPSA	9606.ENSP00000357189	9606.ENSP00000389351	0	0	0	0	0.109	0.078	0	0.450	0.509
HDGF	HSPG2	9606.ENSP00000357189	9606.ENSP00000363827	0	0	0	0	0.042	0	0	0.537	0.537
HDGF	YBX1	9606.ENSP00000357189	9606.ENSP00000361626	0	0	0	0	0.289	0	0	0.646	0.737
HEBP2	STMN1	9606.ENSP00000475750	9606.ENSP00000410452	0	0	0	0	0.044	0	0	0.507	0.508
HLA-A	VAMP3	9606.ENSP00000379873	9606.ENSP00000054666	0	0	0	0	0.075	0	0.500	0	0.518
HLA-A	HSPB1	9606.ENSP00000379873	9606.ENSP00000248553	0	0	0	0	0.088	0	0	0.387	0.417
HLA-A	VAMP8	9606.ENSP00000379873	9606.ENSP00000263864	0	0	0	0	0.105	0	0.500	0	0.533
HLA-A	ICAM1	9606.ENSP00000379873	9606.ENSP00000264832	0	0	0	0	0.086	0	0	0.434	0.460
HLA-A	SERPINB3	9606.ENSP00000379873	9606.ENSP00000283752	0	0	0	0	0.067	0	0	0.443	0.458
HLA-A	PSCA	9606.ENSP00000379873	9606.ENSP00000301258	0	0	0	0	0.074	0	0	0.467	0.485
HLA-A	HSPA5	9606.ENSP00000379873	9606.ENSP00000324173	0	0	0	0	0.043	0	0.500	0.125	0.544
HLA-A	LAMP1	9606.ENSP00000379873	9606.ENSP00000333298	0	0	0	0	0.080	0.143	0	0.582	0.641
HLA-A	SEC13	9606.ENSP00000379873	9606.ENSP00000373312	0	0	0	0	0.049	0	0.500	0.048	0.507
HLA-A	HLA-DRA	9606.ENSP00000379873	9606.ENSP00000378786	0	0	0	0.614	0.263	0	0.900	0.383	0.950
HLA-A	SOD2	9606.ENSP00000379873	9606.ENSP00000446252	0	0	0	0	0.084	0	0	0.386	0.413
HLA-A	PVR	9606.ENSP00000379873	9606.ENSP00000402060	0	0	0	0	0	0	0	0.419	0.418
HLA-A	VIM	9606.ENSP00000379873	9606.ENSP00000446007	0	0	0	0	0.155	0	0	0.425	0.493
HLA-A	MME	9606.ENSP00000379873	9606.ENSP00000418525	0	0	0	0	0	0.372	0	0.241	0.502
HLA-A	MUC1	9606.ENSP00000379873	9606.ENSP00000484824	0	0	0	0	0.058	0	0	0.616	0.622
HLA-A	HLA-B	9606.ENSP00000379873	9606.ENSP00000399168	0	0	0.049	0.982	0.999	0.316	0.900	0.823	0.999
HLA-B	VAMP3	9606.ENSP00000399168	9606.ENSP00000054666	0	0	0	0	0.079	0	0.500	0	0.520
HLA-B	VAMP8	9606.ENSP00000399168	9606.ENSP00000263864	0	0	0	0	0.115	0	0.500	0	0.539
HLA-B	HSPA5	9606.ENSP00000399168	9606.ENSP00000324173	0	0	0	0	0.042	0.321	0.500	0.137	0.681
HLA-B	LAMP1	9606.ENSP00000399168	9606.ENSP00000333298	0	0	0	0	0.092	0	0	0.474	0.502
HLA-B	SEC13	9606.ENSP00000399168	9606.ENSP00000373312	0	0	0	0	0.048	0.072	0.500	0.048	0.523
HLA-B	HLA-DRA	9606.ENSP00000399168	9606.ENSP00000378786	0	0	0	0.610	0.443	0	0.900	0.596	0.975
HLA-B	SOD2	9606.ENSP00000399168	9606.ENSP00000446252	0	0	0	0	0.109	0	0	0.384	0.427
HLA-DRA	TPBG	9606.ENSP00000378786	9606.ENSP00000358765	0	0	0	0	0	0.900	0	0	0.900
HLA-DRA	SEC13	9606.ENSP00000378786	9606.ENSP00000373312	0	0	0	0	0	0	0.500	0	0.499
HLA-DRA	VIM	9606.ENSP00000378786	9606.ENSP00000446007	0	0	0	0	0.086	0.920	0	0.176	0.934
HMGA1	NPM1	9606.ENSP00000399888	9606.ENSP00000296930	0	0	0	0	0.098	0.463	0	0.187	0.572
HMGN1	RPS3	9606.ENSP00000370125	9606.ENSP00000278572	0.106	0	0	0	0.704	0.743	0	0.303	0.946
HMGN1	PARK7	9606.ENSP00000370125	9606.ENSP00000340278	0	0	0	0	0.121	0.291	0	0.126	0.409
HMGN1	RPL22	9606.ENSP00000370125	9606.ENSP00000346088	0	0	0	0	0.449	0.509	0	0.204	0.765
HMGN1	RPS26	9606.ENSP00000370125	9606.ENSP00000348849	0	0	0	0	0.684	0.713	0	0.248	0.925
HMGN1	RPL7A	9606.ENSP00000370125	9606.ENSP00000361076	0.057	0	0	0	0.415	0.510	0	0.223	0.762
HMGN1	SH3BGRL	9606.ENSP00000370125	9606.ENSP00000362308	0	0	0	0	0.123	0	0	0.834	0.848
HMGN1	MACROH2A1	9606.ENSP00000370125	9606.ENSP00000423563	0	0	0	0	0.060	0.196	0	0.370	0.482
HMGN1	SOD2	9606.ENSP00000370125	9606.ENSP00000446252	0	0	0	0	0.059	0.485	0	0	0.494
HMGN1	RACK1	9606.ENSP00000370125	9606.ENSP00000426909	0	0	0	0	0.397	0.513	0	0.090	0.709
HMGN1	RPL10	9606.ENSP00000370125	9606.ENSP00000413436	0.059	0	0	0	0.421	0.509	0	0.155	0.743
HMGN1	RPSA	9606.ENSP00000370125	9606.ENSP00000389351	0	0	0	0	0.420	0.511	0	0.204	0.754
HMGN1	RPL17	9606.ENSP00000370125	9606.ENSP00000463842	0.070	0	0	0	0.573	0.512	0	0.166	0.816
HMGN1	UBA52	9606.ENSP00000370125	9606.ENSP00000388107	0	0	0	0	0.597	0.747	0	0.133	0.904
HMGN1	RPS25	9606.ENSP00000370125	9606.ENSP00000435096	0	0	0	0	0.719	0.719	0	0.114	0.924
HNRNPA2B1	PFN1	9606.ENSP00000346694	9606.ENSP00000225655	0	0	0	0	0.096	0	0	0.406	0.440
HNRNPA2B1	RPS3	9606.ENSP00000346694	9606.ENSP00000278572	0	0	0	0	0.426	0.178	0	0.200	0.590
HNRNPA2B1	STOM	9606.ENSP00000346694	9606.ENSP00000286713	0	0	0	0	0.044	0	0	0.440	0.442
HNRNPA2B1	KPNB1	9606.ENSP00000346694	9606.ENSP00000290158	0	0	0	0	0.243	0.142	0	0.213	0.444
HNRNPA2B1	NPM1	9606.ENSP00000346694	9606.ENSP00000296930	0	0	0	0	0.422	0.297	0	0.553	0.802
HNRNPA2B1	HSP90B1	9606.ENSP00000346694	9606.ENSP00000299767	0	0	0	0	0.221	0.091	0	0.255	0.426
HNRNPA2B1	HSPA5	9606.ENSP00000346694	9606.ENSP00000324173	0	0	0	0	0.128	0.168	0	0.273	0.427
HNRNPA2B1	RHOA	9606.ENSP00000346694	9606.ENSP00000400175	0	0	0	0	0.255	0.094	0	0.194	0.409
HNRNPA2B1	LMNA	9606.ENSP00000346694	9606.ENSP00000357283	0	0	0	0	0.057	0.082	0	0.505	0.534
HNRNPA2B1	RPS25	9606.ENSP00000346694	9606.ENSP00000435096	0	0	0	0	0.250	0.144	0	0.343	0.542
HNRNPA2B1	SLC2A1	9606.ENSP00000346694	9606.ENSP00000416293	0	0	0	0	0.050	0	0	0.564	0.568
HNRNPA2B1	RACK1	9606.ENSP00000346694	9606.ENSP00000426909	0	0	0	0	0.368	0.188	0	0.245	0.579
HNRNPA2B1	RPSA	9606.ENSP00000346694	9606.ENSP00000389351	0	0	0	0	0.445	0.175	0	0.176	0.590
HNRNPA2B1	VCP	9606.ENSP00000346694	9606.ENSP00000351777	0	0	0	0	0.151	0.149	0	0.591	0.679
HNRNPA2B1	HSP90AB1	9606.ENSP00000346694	9606.ENSP00000360609	0	0	0	0	0.440	0.091	0	0.570	0.762
HNRNPA2B1	YBX1	9606.ENSP00000346694	9606.ENSP00000361626	0	0	0	0	0.155	0.633	0.400	0.553	0.905
HNRNPA2B1	HNRNPK	9606.ENSP00000346694	9606.ENSP00000365458	0	0	0	0	0.806	0.392	0.400	0.787	0.983
HNRNPA2B1	HNRNPH1	9606.ENSP00000346694	9606.ENSP00000349168	0	0	0	0	0.781	0.731	0.400	0.787	0.991
HNRNPH1	YWHAE	9606.ENSP00000349168	9606.ENSP00000264335	0	0	0	0	0.138	0.292	0	0.138	0.428
HNRNPH1	RPS3	9606.ENSP00000349168	9606.ENSP00000278572	0	0	0	0	0.256	0	0	0.382	0.520
HNRNPH1	KPNB1	9606.ENSP00000349168	9606.ENSP00000290158	0	0	0	0	0.270	0.292	0	0.192	0.546
HNRNPH1	NPM1	9606.ENSP00000349168	9606.ENSP00000296930	0	0	0	0	0.198	0.295	0	0.251	0.540
HNRNPH1	HSP90B1	9606.ENSP00000349168	9606.ENSP00000299767	0	0	0	0	0.112	0.292	0	0.147	0.417
HNRNPH1	HSPA5	9606.ENSP00000349168	9606.ENSP00000324173	0	0	0	0	0.049	0.313	0	0.177	0.416
HNRNPH1	RANBP1	9606.ENSP00000349168	9606.ENSP00000401564	0	0	0	0	0.181	0.292	0	0.063	0.409
HNRNPH1	HSP90AB1	9606.ENSP00000349168	9606.ENSP00000360609	0	0	0	0	0.292	0	0	0.206	0.415
HNRNPH1	RPSA	9606.ENSP00000349168	9606.ENSP00000389351	0	0	0	0	0.430	0	0	0.081	0.454
HNRNPH1	YBX1	9606.ENSP00000349168	9606.ENSP00000361626	0	0	0	0	0.132	0	0.400	0.593	0.769
HNRNPH1	HNRNPK	9606.ENSP00000349168	9606.ENSP00000365458	0	0	0	0	0.762	0.604	0.400	0.621	0.975
HNRNPK	TGM1	9606.ENSP00000365458	9606.ENSP00000206765	0	0	0	0	0	0	0	0.419	0.419
HNRNPK	TSG101	9606.ENSP00000365458	9606.ENSP00000251968	0	0	0	0	0.129	0	0	0.417	0.471
HNRNPK	YWHAE	9606.ENSP00000365458	9606.ENSP00000264335	0	0	0	0	0.277	0.046	0	0.204	0.403
HNRNPK	RPS3	9606.ENSP00000365458	9606.ENSP00000278572	0	0	0	0	0.332	0	0	0.286	0.503
HNRNPK	KPNB1	9606.ENSP00000365458	9606.ENSP00000290158	0	0	0	0	0.254	0	0	0.495	0.607
HNRNPK	NPM1	9606.ENSP00000365458	9606.ENSP00000296930	0	0	0	0	0.186	0	0	0.611	0.669
HNRNPK	VCP	9606.ENSP00000365458	9606.ENSP00000351777	0	0	0	0	0.551	0.178	0	0.211	0.683
HNRNPK	HSP90AB1	9606.ENSP00000365458	9606.ENSP00000360609	0	0	0	0	0.403	0	0	0.471	0.670
HNRNPK	RPL7A	9606.ENSP00000365458	9606.ENSP00000361076	0	0	0	0	0.193	0	0	0.432	0.522
HNRNPK	YBX1	9606.ENSP00000365458	9606.ENSP00000361626	0	0	0	0	0.138	0.208	0.400	0.783	0.899
HNRNPK	RACK1	9606.ENSP00000365458	9606.ENSP00000426909	0	0	0	0	0.339	0	0	0.262	0.491
HNRNPK	RPSA	9606.ENSP00000365458	9606.ENSP00000389351	0	0	0	0	0.436	0	0	0.189	0.523
HNRNPK	WDR1	9606.ENSP00000365458	9606.ENSP00000427687	0	0	0	0	0.304	0	0	0.483	0.624
HNRNPK	KPNA2	9606.ENSP00000365458	9606.ENSP00000438483	0	0	0	0	0.109	0.900	0	0.673	0.968
HPCAL1	RHOA	9606.ENSP00000483786	9606.ENSP00000400175	0	0	0	0	0.080	0.097	0	0.610	0.648
HSP90AB1	VCL	9606.ENSP00000360609	9606.ENSP00000211998	0	0	0	0	0.042	0	0	0.606	0.607
HSP90AB1	HSPB1	9606.ENSP00000360609	9606.ENSP00000248553	0	0	0	0	0.351	0	0	0.929	0.952
HSP90AB1	TSG101	9606.ENSP00000360609	9606.ENSP00000251968	0	0	0	0	0.110	0	0	0.904	0.911
HSP90AB1	PXDN	9606.ENSP00000360609	9606.ENSP00000252804	0	0	0	0	0.049	0	0	0.615	0.618
HSP90AB1	THBS1	9606.ENSP00000360609	9606.ENSP00000260356	0	0	0	0	0.067	0.066	0	0.489	0.516
HSP90AB1	SLC9A3R1	9606.ENSP00000360609	9606.ENSP00000262613	0	0	0	0	0.058	0.048	0	0.821	0.825
HSP90AB1	YWHAE	9606.ENSP00000360609	9606.ENSP00000264335	0	0	0	0	0.394	0.199	0	0.654	0.817
HSP90AB1	NRP1	9606.ENSP00000360609	9606.ENSP00000265371	0	0	0	0	0.047	0	0.500	0.175	0.572
HSP90AB1	IQGAP1	9606.ENSP00000360609	9606.ENSP00000268182	0	0	0	0	0.056	0.128	0	0.517	0.567
HSP90AB1	RPS3	9606.ENSP00000360609	9606.ENSP00000278572	0	0	0	0	0.405	0.101	0	0.620	0.779
HSP90AB1	KPNB1	9606.ENSP00000360609	9606.ENSP00000290158	0	0	0	0	0.347	0.091	0	0.417	0.624
HSP90AB1	ITGA2	9606.ENSP00000360609	9606.ENSP00000296585	0	0	0	0	0.047	0	0	0.448	0.451
HSP90AB1	NPM1	9606.ENSP00000360609	9606.ENSP00000296930	0	0	0	0	0.373	0.314	0	0.586	0.806
HSP90AB1	HSP90B1	9606.ENSP00000360609	9606.ENSP00000299767	0	0	0.076	0.929	0.215	0.074	0.900	0.414	0.953
HSP90AB1	RAB8A	9606.ENSP00000360609	9606.ENSP00000300935	0	0	0	0	0.095	0.069	0	0.487	0.530
HSP90AB1	HSPA5	9606.ENSP00000360609	9606.ENSP00000324173	0	0.001	0	0	0.372	0.396	0	0.945	0.977
HSP90AB1	PPP2R1A	9606.ENSP00000360609	9606.ENSP00000324804	0	0	0	0	0.258	0	0	0.429	0.558
HSP90AB1	MDH2	9606.ENSP00000360609	9606.ENSP00000327070	0	0	0	0	0.193	0	0	0.304	0.415
HSP90AB1	MT1E	9606.ENSP00000360609	9606.ENSP00000328137	0	0	0	0	0	0.093	0	0.366	0.400
HSP90AB1	LAMP1	9606.ENSP00000360609	9606.ENSP00000333298	0	0	0	0	0.060	0	0	0.394	0.406
HSP90AB1	TUBA1B	9606.ENSP00000360609	9606.ENSP00000336799	0	0	0	0	0.149	0	0	0.406	0.474
HSP90AB1	NME1	9606.ENSP00000360609	9606.ENSP00000337060	0	0	0	0	0.305	0.132	0	0.244	0.504
HSP90AB1	TUBB	9606.ENSP00000360609	9606.ENSP00000339001	0	0	0	0	0.297	0.225	0	0.419	0.656
HSP90AB1	PARK7	9606.ENSP00000360609	9606.ENSP00000340278	0.041	0	0	0	0.084	0.080	0.500	0.408	0.717
HSP90AB1	SFN	9606.ENSP00000360609	9606.ENSP00000340989	0	0	0	0	0.126	0.177	0	0.299	0.452
HSP90AB1	TUBB4B	9606.ENSP00000360609	9606.ENSP00000341289	0	0	0	0	0.143	0.184	0	0.472	0.599
HSP90AB1	RPS26	9606.ENSP00000360609	9606.ENSP00000348849	0	0	0	0	0.298	0.232	0	0.414	0.656
HSP90AB1	VCP	9606.ENSP00000360609	9606.ENSP00000351777	0	0	0	0	0.228	0.234	0.500	0.722	0.906
HSP90AB1	LMNA	9606.ENSP00000360609	9606.ENSP00000357283	0	0	0	0	0.102	0	0	0.365	0.405
HSP90AB1	RPL17	9606.ENSP00000360609	9606.ENSP00000463842	0	0	0	0	0.269	0.230	0	0.057	0.423
HSP90AB1	RPL10	9606.ENSP00000360609	9606.ENSP00000413436	0	0	0	0	0.273	0.058	0	0.248	0.441
HSP90AB1	PDCD6IP	9606.ENSP00000360609	9606.ENSP00000411825	0	0	0	0	0.049	0	0	0.451	0.455
HSP90AB1	ITGB3	9606.ENSP00000360609	9606.ENSP00000452786	0	0	0	0	0.055	0	0	0.449	0.457
HSP90AB1	NDRG1	9606.ENSP00000360609	9606.ENSP00000404854	0	0	0	0	0.064	0	0	0.447	0.461
HSP90AB1	PAICS	9606.ENSP00000360609	9606.ENSP00000382595	0.106	0	0	0	0.197	0.071	0	0.298	0.469
HSP90AB1	TUBA1A	9606.ENSP00000360609	9606.ENSP00000439020	0	0	0	0	0.097	0.145	0	0.382	0.481
HSP90AB1	YBX1	9606.ENSP00000360609	9606.ENSP00000361626	0.052	0	0	0	0.166	0.094	0	0.371	0.490
HSP90AB1	TUBA1C	9606.ENSP00000360609	9606.ENSP00000443475	0	0	0	0	0.149	0.150	0	0.359	0.496
HSP90AB1	SOD2	9606.ENSP00000360609	9606.ENSP00000446252	0.054	0	0	0	0.112	0	0	0.452	0.500
HSP90AB1	PLXNA1	9606.ENSP00000360609	9606.ENSP00000377061	0	0	0	0	0.048	0	0.500	0.052	0.509
HSP90AB1	JUP	9606.ENSP00000360609	9606.ENSP00000377508	0	0	0	0	0.085	0.161	0	0.418	0.514
HSP90AB1	SLC2A1	9606.ENSP00000360609	9606.ENSP00000416293	0	0	0	0	0.084	0.223	0	0.387	0.526
HSP90AB1	RPL7A	9606.ENSP00000360609	9606.ENSP00000361076	0	0	0	0	0.300	0.229	0	0.213	0.539
HSP90AB1	ITGB1	9606.ENSP00000360609	9606.ENSP00000379350	0	0	0	0	0.091	0	0	0.520	0.545
HSP90AB1	RHOA	9606.ENSP00000360609	9606.ENSP00000400175	0.042	0	0	0	0.145	0.112	0	0.449	0.545
HSP90AB1	SDCBP	9606.ENSP00000360609	9606.ENSP00000428184	0	0	0	0	0.063	0.048	0	0.564	0.577
HSP90AB1	RPSA	9606.ENSP00000360609	9606.ENSP00000389351	0	0	0	0	0.418	0.222	0	0.335	0.673
HSP90AB1	UBA52	9606.ENSP00000360609	9606.ENSP00000388107	0	0	0	0	0.118	0.267	0.500	0.161	0.692
HSP90AB1	MUC1	9606.ENSP00000360609	9606.ENSP00000484824	0	0	0	0	0.053	0.088	0	0.680	0.699
HSP90AB1	RACK1	9606.ENSP00000360609	9606.ENSP00000426909	0	0	0	0	0.471	0.099	0	0.765	0.878
HSP90AB1	HSPA1B	9606.ENSP00000360609	9606.ENSP00000364801	0	0.002	0	0	0.383	0.516	0.500	0.946	0.991
HSP90B1	HSPB1	9606.ENSP00000299767	9606.ENSP00000248553	0	0	0	0	0.109	0	0	0.645	0.670
HSP90B1	TSG101	9606.ENSP00000299767	9606.ENSP00000251968	0	0	0	0	0.101	0	0	0.568	0.596
HSP90B1	PXDN	9606.ENSP00000299767	9606.ENSP00000252804	0	0	0	0	0.044	0	0	0.469	0.471
HSP90B1	YWHAE	9606.ENSP00000299767	9606.ENSP00000264335	0	0	0	0	0.120	0.177	0	0.380	0.512
HSP90B1	IQGAP1	9606.ENSP00000299767	9606.ENSP00000268182	0	0	0	0	0.067	0	0	0.448	0.463
HSP90B1	TKT	9606.ENSP00000299767	9606.ENSP00000391481	0	0	0	0	0.079	0.201	0	0.267	0.414
HSP90B1	RDX	9606.ENSP00000299767	9606.ENSP00000496414	0	0	0	0	0.063	0	0	0.416	0.429
HSP90B1	TUBB4B	9606.ENSP00000299767	9606.ENSP00000341289	0	0	0	0	0.077	0.183	0	0.329	0.450
HSP90B1	RPSA	9606.ENSP00000299767	9606.ENSP00000389351	0	0	0	0	0.127	0.126	0	0.374	0.481
HSP90B1	RACK1	9606.ENSP00000299767	9606.ENSP00000426909	0	0	0	0	0.119	0.257	0	0.271	0.482
HSP90B1	PARK7	9606.ENSP00000299767	9606.ENSP00000340278	0.041	0	0	0	0.151	0.095	0	0.532	0.609
HSP90B1	VCP	9606.ENSP00000299767	9606.ENSP00000351777	0	0	0	0	0.198	0.224	0	0.606	0.734
HSP90B1	HSPA1B	9606.ENSP00000299767	9606.ENSP00000364801	0	0	0	0	0.313	0.272	0	0.629	0.798
HSP90B1	HSPA5	9606.ENSP00000299767	9606.ENSP00000324173	0	0	0	0	0.991	0.716	0.360	0.997	0.999
HSPA1B	SERPINE1	9606.ENSP00000364801	9606.ENSP00000223095	0	0	0	0	0.061	0	0	0.422	0.434
HSPA1B	TUBA4A	9606.ENSP00000364801	9606.ENSP00000248437	0	0	0	0	0.107	0.237	0	0.208	0.414
HSPA1B	HSPB1	9606.ENSP00000364801	9606.ENSP00000248553	0	0	0	0	0.300	0.091	0	0.912	0.939
HSPA1B	PXDN	9606.ENSP00000364801	9606.ENSP00000252804	0	0	0	0	0.051	0	0	0.404	0.410
HSPA1B	YWHAE	9606.ENSP00000364801	9606.ENSP00000264335	0	0	0	0	0.086	0.180	0	0.524	0.613
HSPA1B	RPS3	9606.ENSP00000364801	9606.ENSP00000278572	0	0	0	0	0.129	0.312	0	0.213	0.487
HSPA1B	PSMC5	9606.ENSP00000364801	9606.ENSP00000310572	0	0	0	0	0.054	0.331	0	0.177	0.434
HSPA1B	HSPA5	9606.ENSP00000364801	9606.ENSP00000324173	0	0	0.058	0.964	0.294	0.453	0.500	0.450	0.882
HSPA1B	NME1	9606.ENSP00000364801	9606.ENSP00000337060	0.044	0.006	0	0	0.101	0.283	0	0.148	0.405
HSPA1B	TUBB	9606.ENSP00000364801	9606.ENSP00000339001	0	0	0	0	0.104	0.239	0	0.308	0.488
HSPA1B	VCP	9606.ENSP00000364801	9606.ENSP00000351777	0.042	0	0	0	0.113	0.214	0	0.523	0.639
HSPA1B	S100A9	9606.ENSP00000364801	9606.ENSP00000357727	0	0	0	0	0	0.100	0	0.459	0.492
HSPA1B	YBX1	9606.ENSP00000364801	9606.ENSP00000361626	0	0	0	0	0	0.469	0	0.984	0.991
HSPA1B	JUP	9606.ENSP00000364801	9606.ENSP00000377508	0.042	0	0	0	0.047	0.045	0	0.411	0.418
HSPA1B	SEC13	9606.ENSP00000364801	9606.ENSP00000373312	0	0	0	0	0.079	0	0.400	0.088	0.452
HSPA1B	SOD2	9606.ENSP00000364801	9606.ENSP00000446252	0	0	0	0	0.097	0	0	0.425	0.458
HSPA1B	ITGB1	9606.ENSP00000364801	9606.ENSP00000379350	0	0	0	0	0.054	0	0	0.459	0.467
HSPA1B	RPSA	9606.ENSP00000364801	9606.ENSP00000389351	0.042	0	0	0	0.133	0.312	0	0.245	0.510
HSPA1B	RACK1	9606.ENSP00000364801	9606.ENSP00000426909	0	0	0	0	0.125	0.308	0	0.343	0.567
HSPA1B	RHOA	9606.ENSP00000364801	9606.ENSP00000400175	0	0	0	0	0.097	0.458	0	0.205	0.578
HSPA5	TIMP1	9606.ENSP00000324173	9606.ENSP00000218388	0	0	0	0	0.067	0	0	0.512	0.525
HSPA5	PLAT	9606.ENSP00000324173	9606.ENSP00000220809	0	0	0	0	0	0.114	0	0.532	0.568
HSPA5	TAX1BP3	9606.ENSP00000324173	9606.ENSP00000225525	0	0	0	0	0.044	0	0	0.405	0.406
HSPA5	TUBA4A	9606.ENSP00000324173	9606.ENSP00000248437	0	0	0	0	0.367	0.237	0	0.255	0.609
HSPA5	HSPB1	9606.ENSP00000324173	9606.ENSP00000248553	0	0	0	0	0.066	0.071	0	0.789	0.801
HSPA5	PXDN	9606.ENSP00000324173	9606.ENSP00000252804	0	0	0	0	0.051	0	0	0.656	0.660
HSPA5	SPCS2	9606.ENSP00000324173	9606.ENSP00000263672	0	0	0	0	0.318	0.446	0	0.317	0.720
HSPA5	YWHAE	9606.ENSP00000324173	9606.ENSP00000264335	0	0	0	0	0.121	0.094	0	0.572	0.629
HSPA5	ICAM1	9606.ENSP00000324173	9606.ENSP00000264832	0	0	0	0	0.066	0.162	0	0.351	0.448
HSPA5	RPS3	9606.ENSP00000324173	9606.ENSP00000278572	0	0	0	0	0.093	0.383	0	0.251	0.544
HSPA5	NPM1	9606.ENSP00000324173	9606.ENSP00000296930	0	0	0	0	0.127	0.296	0	0.226	0.483
HSPA5	MMP1	9606.ENSP00000324173	9606.ENSP00000322788	0	0	0	0	0	0	0	0.646	0.646
HSPA5	NDRG1	9606.ENSP00000324173	9606.ENSP00000404854	0	0	0	0	0.061	0.292	0	0.180	0.407
HSPA5	NME1	9606.ENSP00000324173	9606.ENSP00000337060	0.044	0.007	0	0	0.087	0.217	0	0.240	0.412
HSPA5	TKT	9606.ENSP00000324173	9606.ENSP00000391481	0.042	0	0	0	0.247	0.069	0	0.229	0.413
HSPA5	RAB1A	9606.ENSP00000324173	9606.ENSP00000387286	0	0	0	0	0.260	0	0	0.245	0.418
HSPA5	TGM2	9606.ENSP00000324173	9606.ENSP00000355330	0	0	0	0	0.055	0.292	0	0.206	0.422
HSPA5	SLC16A3	9606.ENSP00000324173	9606.ENSP00000463978	0	0	0	0	0	0.045	0	0.441	0.443
HSPA5	SFN	9606.ENSP00000324173	9606.ENSP00000340989	0	0	0	0	0.107	0.265	0	0.245	0.463
HSPA5	S100A16	9606.ENSP00000324173	9606.ENSP00000357695	0	0	0	0	0.076	0.100	0	0.435	0.490
HSPA5	PSMB2	9606.ENSP00000324173	9606.ENSP00000362334	0	0	0	0	0.100	0.071	0	0.447	0.497
HSPA5	SOD2	9606.ENSP00000324173	9606.ENSP00000446252	0	0	0	0	0.081	0	0	0.482	0.504
HSPA5	UBA52	9606.ENSP00000324173	9606.ENSP00000388107	0	0	0	0	0.105	0.179	0	0.379	0.504
HSPA5	PDCD6IP	9606.ENSP00000324173	9606.ENSP00000411825	0	0	0	0	0.049	0.046	0	0.499	0.506
HSPA5	YBX1	9606.ENSP00000324173	9606.ENSP00000361626	0	0	0	0	0.047	0.208	0	0.417	0.522
HSPA5	RACK1	9606.ENSP00000324173	9606.ENSP00000426909	0	0	0	0	0.135	0.249	0	0.333	0.529
HSPA5	LAMP1	9606.ENSP00000324173	9606.ENSP00000333298	0	0	0	0	0.082	0.166	0	0.448	0.540
HSPA5	TUBA1C	9606.ENSP00000324173	9606.ENSP00000443475	0	0	0	0	0.384	0.129	0	0.270	0.574
HSPA5	TUBA1B	9606.ENSP00000324173	9606.ENSP00000336799	0	0	0	0	0.376	0.129	0	0.285	0.578
HSPA5	SEC13	9606.ENSP00000324173	9606.ENSP00000373312	0	0	0	0	0.094	0	0.400	0.310	0.592
HSPA5	TUBB	9606.ENSP00000324173	9606.ENSP00000339001	0	0	0	0	0.378	0.131	0	0.307	0.593
HSPA5	STMN1	9606.ENSP00000324173	9606.ENSP00000410452	0	0	0	0	0.042	0.244	0	0.519	0.621
HSPA5	RPSA	9606.ENSP00000324173	9606.ENSP00000389351	0.042	0	0	0	0.116	0.300	0	0.441	0.625
HSPA5	PARK7	9606.ENSP00000324173	9606.ENSP00000340278	0.057	0	0	0	0.076	0.354	0	0.429	0.635
HSPA5	TUBA1A	9606.ENSP00000324173	9606.ENSP00000439020	0	0	0	0	0.370	0.129	0	0.525	0.717
HSPA5	TUBB4B	9606.ENSP00000324173	9606.ENSP00000341289	0	0	0	0	0.382	0.131	0	0.573	0.751
HSPA5	VCP	9606.ENSP00000324173	9606.ENSP00000351777	0.042	0	0	0	0.385	0.193	0	0.896	0.944
HSPB1	VCL	9606.ENSP00000248553	9606.ENSP00000211998	0	0	0	0	0.115	0.092	0	0.366	0.447
HSPB1	SFN	9606.ENSP00000248553	9606.ENSP00000340989	0	0	0	0	0.095	0	0	0.370	0.405
HSPB1	PARK7	9606.ENSP00000248553	9606.ENSP00000340278	0	0	0	0	0.081	0	0	0.390	0.416
HSPB1	SOD2	9606.ENSP00000248553	9606.ENSP00000446252	0	0	0	0	0.082	0	0	0.392	0.418
HSPB1	NPM1	9606.ENSP00000248553	9606.ENSP00000296930	0	0	0	0	0.042	0.292	0	0.214	0.420
HSPB1	STMN1	9606.ENSP00000248553	9606.ENSP00000410452	0	0	0	0	0	0.188	0	0.322	0.426
HSPB1	RPSA	9606.ENSP00000248553	9606.ENSP00000389351	0	0	0	0	0.042	0.070	0	0.440	0.457
HSPB1	RHOA	9606.ENSP00000248553	9606.ENSP00000400175	0	0	0	0	0.106	0.132	0	0.361	0.461
HSPB1	LMNA	9606.ENSP00000248553	9606.ENSP00000357283	0	0	0	0	0.187	0.045	0	0.369	0.467
HSPB1	PDCD6IP	9606.ENSP00000248553	9606.ENSP00000411825	0	0	0	0	0.042	0	0	0.468	0.468
HSPB1	UBA52	9606.ENSP00000248553	9606.ENSP00000388107	0	0	0	0	0.055	0	0.500	0.071	0.522
HSPB1	PXDN	9606.ENSP00000248553	9606.ENSP00000252804	0	0	0	0	0.049	0	0	0.537	0.541
HSPB1	NME1	9606.ENSP00000248553	9606.ENSP00000337060	0	0	0	0	0.057	0.132	0	0.522	0.575
HSPB1	VIM	9606.ENSP00000248553	9606.ENSP00000446007	0	0	0	0	0.066	0.071	0	0.572	0.597
HSPB1	VCP	9606.ENSP00000248553	9606.ENSP00000351777	0	0	0	0	0.043	0.172	0	0.551	0.613
HSPG2	VCL	9606.ENSP00000363827	9606.ENSP00000211998	0	0	0	0	0.180	0	0	0.555	0.619
HSPG2	TIMP1	9606.ENSP00000363827	9606.ENSP00000218388	0	0	0	0	0.067	0	0	0.418	0.433
HSPG2	PLAT	9606.ENSP00000363827	9606.ENSP00000220809	0	0	0	0	0.108	0	0	0.542	0.574
HSPG2	LAMB1	9606.ENSP00000363827	9606.ENSP00000222399	0	0	0	0.555	0.196	0.066	0.500	0.489	0.782
HSPG2	PXDN	9606.ENSP00000363827	9606.ENSP00000252804	0	0	0	0.558	0.115	0	0	0.535	0.571
HSPG2	LAMA5	9606.ENSP00000363827	9606.ENSP00000252999	0	0	0	0.553	0.175	0	0.500	0.282	0.678
HSPG2	LAMC1	9606.ENSP00000363827	9606.ENSP00000258341	0	0	0	0.575	0.210	0	0.500	0.582	0.820
HSPG2	THBS1	9606.ENSP00000363827	9606.ENSP00000260356	0	0	0	0	0.118	0.045	0	0.826	0.841
HSPG2	TIMP3	9606.ENSP00000363827	9606.ENSP00000266085	0	0	0	0	0.124	0	0	0.368	0.423
HSPG2	MFGE8	9606.ENSP00000363827	9606.ENSP00000268150	0	0	0	0	0.109	0	0.500	0.123	0.575
HSPG2	ITGA5	9606.ENSP00000363827	9606.ENSP00000293379	0	0	0	0	0.153	0.062	0	0.315	0.408
HSPG2	ITGA2	9606.ENSP00000363827	9606.ENSP00000296585	0	0	0	0	0.083	0.098	0.900	0.330	0.937
HSPG2	LAMB2	9606.ENSP00000363827	9606.ENSP00000307156	0	0	0	0.552	0.205	0.066	0.500	0.165	0.648
HSPG2	ITGA3	9606.ENSP00000363827	9606.ENSP00000315190	0	0	0	0	0.150	0.062	0	0.345	0.433
HSPG2	TLN1	9606.ENSP00000363827	9606.ENSP00000316029	0	0	0	0	0.132	0	0	0.423	0.477
HSPG2	SDC4	9606.ENSP00000363827	9606.ENSP00000361818	0	0	0	0	0.068	0	0.400	0.647	0.785
HSPG2	ITGA6	9606.ENSP00000363827	9606.ENSP00000386896	0	0	0	0	0.095	0.062	0	0.369	0.417
HSPG2	ITGB1	9606.ENSP00000363827	9606.ENSP00000379350	0	0	0	0	0.084	0	0.900	0.473	0.947
ICAM1	VCL	9606.ENSP00000264832	9606.ENSP00000211998	0	0	0	0	0	0	0	0.418	0.418
ICAM1	TIMP1	9606.ENSP00000264832	9606.ENSP00000218388	0	0	0	0	0.115	0	0	0.810	0.825
ICAM1	PLAT	9606.ENSP00000264832	9606.ENSP00000220809	0	0	0	0	0.048	0	0	0.588	0.591
ICAM1	NAMPT	9606.ENSP00000264832	9606.ENSP00000222553	0	0	0	0	0.134	0	0	0.372	0.432
ICAM1	SERPINE1	9606.ENSP00000264832	9606.ENSP00000223095	0	0	0	0	0.129	0	0	0.716	0.742
ICAM1	RAC2	9606.ENSP00000264832	9606.ENSP00000249071	0	0	0	0	0.142	0	0	0.552	0.599
ICAM1	TSG101	9606.ENSP00000264832	9606.ENSP00000251968	0	0	0	0	0.042	0	0	0.572	0.572
ICAM1	PXDN	9606.ENSP00000264832	9606.ENSP00000252804	0	0	0	0	0.080	0	0	0.623	0.639
ICAM1	NT5E	9606.ENSP00000264832	9606.ENSP00000257770	0	0	0	0	0.072	0	0	0.594	0.607
ICAM1	THBS1	9606.ENSP00000264832	9606.ENSP00000260356	0	0	0	0	0.081	0	0	0.656	0.670
ICAM1	ITGAV	9606.ENSP00000264832	9606.ENSP00000261023	0	0	0	0	0.066	0	0	0.677	0.685
ICAM1	MCAM	9606.ENSP00000264832	9606.ENSP00000264036	0	0	0	0	0.068	0	0	0.514	0.527
ICAM1	S100A9	9606.ENSP00000264832	9606.ENSP00000357727	0	0	0	0	0.130	0	0	0.349	0.409
ICAM1	ITGA6	9606.ENSP00000264832	9606.ENSP00000386896	0	0	0	0	0.055	0	0	0.418	0.426
ICAM1	MME	9606.ENSP00000264832	9606.ENSP00000418525	0	0	0	0	0	0	0	0.430	0.430
ICAM1	PTX3	9606.ENSP00000264832	9606.ENSP00000295927	0	0	0	0	0.086	0	0	0.419	0.446
ICAM1	TNFAIP2	9606.ENSP00000264832	9606.ENSP00000452634	0	0	0	0	0.335	0	0	0.241	0.474
ICAM1	TIMP3	9606.ENSP00000264832	9606.ENSP00000266085	0	0	0	0	0.088	0	0	0.468	0.495
ICAM1	SOD2	9606.ENSP00000264832	9606.ENSP00000446252	0	0	0	0	0.169	0	0	0.426	0.502
ICAM1	PLAU	9606.ENSP00000264832	9606.ENSP00000361850	0	0	0	0	0.137	0	0	0.469	0.522
ICAM1	RHOA	9606.ENSP00000264832	9606.ENSP00000400175	0	0	0	0	0.055	0	0	0.534	0.541
ICAM1	ITGA3	9606.ENSP00000264832	9606.ENSP00000315190	0	0	0	0	0.057	0	0	0.596	0.603
ICAM1	LAMP1	9606.ENSP00000264832	9606.ENSP00000333298	0	0	0	0	0.074	0	0	0.623	0.637
ICAM1	PVR	9606.ENSP00000264832	9606.ENSP00000402060	0	0	0	0	0.064	0	0	0.659	0.667
ICAM1	IL18	9606.ENSP00000264832	9606.ENSP00000280357	0	0	0	0	0.042	0	0	0.673	0.673
ICAM1	ITGA2	9606.ENSP00000264832	9606.ENSP00000296585	0	0	0	0	0.048	0	0	0.677	0.679
ICAM1	MMP1	9606.ENSP00000264832	9606.ENSP00000322788	0	0	0	0	0.084	0	0	0.707	0.720
ICAM1	ITGA5	9606.ENSP00000264832	9606.ENSP00000293379	0	0	0	0	0.119	0	0	0.699	0.723
ICAM1	RDX	9606.ENSP00000264832	9606.ENSP00000496414	0	0	0	0	0.049	0.120	0	0.703	0.729
ICAM1	TLN1	9606.ENSP00000264832	9606.ENSP00000316029	0	0	0	0	0.062	0	0	0.737	0.742
ICAM1	MFGE8	9606.ENSP00000264832	9606.ENSP00000268150	0	0	0	0	0.054	0	0	0.797	0.799
ICAM1	ITGB3	9606.ENSP00000264832	9606.ENSP00000452786	0	0	0	0	0.110	0	0	0.794	0.808
ICAM1	ITGB1	9606.ENSP00000264832	9606.ENSP00000379350	0	0	0	0	0.074	0	0	0.966	0.967
ICAM1	MSN	9606.ENSP00000264832	9606.ENSP00000353408	0	0	0	0	0.083	0.089	0.900	0.910	0.991
ICAM1	MUC1	9606.ENSP00000264832	9606.ENSP00000484824	0	0	0	0	0.117	0	0.400	0.988	0.993
IDH1	NAMPT	9606.ENSP00000390265	9606.ENSP00000222553	0	0	0	0	0.048	0	0	0.410	0.414
IDH1	TUBA4A	9606.ENSP00000390265	9606.ENSP00000248437	0	0	0	0	0	0	0	0.488	0.488
IDH1	PXDN	9606.ENSP00000390265	9606.ENSP00000252804	0	0	0	0	0.076	0	0	0.395	0.417
IDH1	PGD	9606.ENSP00000390265	9606.ENSP00000270776	0	0	0	0	0.323	0.191	0	0.793	0.877
IDH1	NPM1	9606.ENSP00000390265	9606.ENSP00000296930	0	0	0	0	0.082	0	0	0.792	0.800
IDH1	MDH2	9606.ENSP00000390265	9606.ENSP00000327070	0.061	0	0	0	0.410	0.293	0	0.933	0.970
IDH1	PARK7	9606.ENSP00000390265	9606.ENSP00000340278	0.051	0	0	0	0.056	0.093	0	0.353	0.404
IDH1	PNP	9606.ENSP00000390265	9606.ENSP00000354532	0	0	0	0	0.042	0	0	0.511	0.511
IDH1	PGM2	9606.ENSP00000390265	9606.ENSP00000371393	0	0	0	0	0.087	0	0	0.432	0.460
IDH1	UBE2D2	9606.ENSP00000390265	9606.ENSP00000381717	0	0	0	0	0.055	0	0.500	0	0.507
IDH1	UBA52	9606.ENSP00000390265	9606.ENSP00000388107	0	0	0	0	0	0	0.500	0	0.499
IDH1	SLC16A3	9606.ENSP00000390265	9606.ENSP00000463978	0	0	0	0	0.042	0	0	0.418	0.418
IDH1	RACK1	9606.ENSP00000390265	9606.ENSP00000426909	0	0.342	0	0	0.070	0	0	0.134	0.425
IDH1	SOD2	9606.ENSP00000390265	9606.ENSP00000446252	0.053	0	0	0	0.123	0.071	0	0.422	0.494
IDH1	SLC2A1	9606.ENSP00000390265	9606.ENSP00000416293	0	0	0	0	0.067	0	0	0.522	0.535
IDH1	SLC1A5	9606.ENSP00000390265	9606.ENSP00000444408	0	0	0	0	0.072	0.071	0	0.516	0.546
IDH1	TKT	9606.ENSP00000390265	9606.ENSP00000391481	0	0	0	0	0.150	0.185	0	0.587	0.689
IGFBP7	TIMP1	9606.ENSP00000295666	9606.ENSP00000218388	0	0	0	0	0.109	0	0	0.400	0.443
IGFBP7	SERPINE1	9606.ENSP00000295666	9606.ENSP00000223095	0	0	0	0	0.113	0	0	0.396	0.441
IGFBP7	TIMP3	9606.ENSP00000295666	9606.ENSP00000266085	0	0	0	0	0.256	0	0	0.247	0.415
IGFBP7	IL18	9606.ENSP00000295666	9606.ENSP00000280357	0	0	0	0	0.042	0	0	0.447	0.447
IGFBP7	VIM	9606.ENSP00000295666	9606.ENSP00000446007	0	0	0	0	0.199	0	0	0.306	0.420
IL18	TIMP1	9606.ENSP00000280357	9606.ENSP00000218388	0	0	0	0	0.066	0	0	0.471	0.485
IL18	SERPINE1	9606.ENSP00000280357	9606.ENSP00000223095	0	0	0	0	0	0	0	0.480	0.480
IL18	PXDN	9606.ENSP00000280357	9606.ENSP00000252804	0	0	0	0	0	0	0	0.507	0.507
IL18	ITGAV	9606.ENSP00000280357	9606.ENSP00000261023	0	0	0	0	0.050	0	0	0.506	0.511
IL18	MMP1	9606.ENSP00000280357	9606.ENSP00000322788	0	0	0	0	0.060	0	0	0.423	0.435
IL18	LAMP1	9606.ENSP00000280357	9606.ENSP00000333298	0	0	0	0	0	0	0	0.541	0.541
IPO5	RANBP1	9606.ENSP00000261574	9606.ENSP00000401564	0	0	0	0	0.105	0.243	0	0.435	0.584
IPO5	NPM1	9606.ENSP00000261574	9606.ENSP00000296930	0	0	0	0	0.145	0.294	0	0.410	0.614
IPO5	KPNA2	9606.ENSP00000261574	9606.ENSP00000438483	0	0	0	0	0.168	0.144	0	0.676	0.749
IPO5	KPNB1	9606.ENSP00000261574	9606.ENSP00000290158	0	0	0	0.552	0.217	0.654	0	0.661	0.900
IQGAP1	RALA	9606.ENSP00000268182	9606.ENSP00000005257	0	0	0	0	0.042	0.135	0	0.644	0.679
IQGAP1	VAMP3	9606.ENSP00000268182	9606.ENSP00000054666	0	0	0	0	0.083	0	0.400	0.091	0.456
IQGAP1	VCL	9606.ENSP00000268182	9606.ENSP00000211998	0	0	0	0	0.139	0	0.400	0.398	0.661
IQGAP1	LGALS1	9606.ENSP00000268182	9606.ENSP00000215909	0	0	0	0	0.080	0	0	0.502	0.522
IQGAP1	PFN1	9606.ENSP00000268182	9606.ENSP00000225655	0	0	0	0	0.110	0	0	0.367	0.413
IQGAP1	RRAS	9606.ENSP00000268182	9606.ENSP00000246792	0	0	0	0	0.063	0.135	0	0.368	0.443
IQGAP1	RAC2	9606.ENSP00000268182	9606.ENSP00000249071	0	0	0	0	0.099	0.212	0.900	0.706	0.976
IQGAP1	RAP1B	9606.ENSP00000268182	9606.ENSP00000250559	0	0	0	0	0.125	0.135	0.400	0.579	0.783
IQGAP1	TSG101	9606.ENSP00000268182	9606.ENSP00000251968	0	0	0	0	0.060	0.292	0	0.543	0.669
IQGAP1	MCAM	9606.ENSP00000268182	9606.ENSP00000264036	0	0	0	0	0.057	0	0.400	0.072	0.429
IQGAP1	MSN	9606.ENSP00000268182	9606.ENSP00000353408	0	0	0	0	0.172	0	0	0.311	0.405
IQGAP1	SLK	9606.ENSP00000268182	9606.ENSP00000358770	0	0	0	0	0.083	0	0.400	0	0.426
IQGAP1	SEC13	9606.ENSP00000268182	9606.ENSP00000373312	0	0	0	0	0.066	0	0	0.438	0.452
IQGAP1	SLC1A5	9606.ENSP00000268182	9606.ENSP00000444408	0	0	0	0	0.067	0	0.400	0.115	0.461
IQGAP1	ITGB3	9606.ENSP00000268182	9606.ENSP00000452786	0	0	0	0	0.056	0	0.400	0.150	0.477
IQGAP1	STOM	9606.ENSP00000268182	9606.ENSP00000286713	0	0	0	0	0.063	0	0.400	0.155	0.484
IQGAP1	TWF1	9606.ENSP00000268182	9606.ENSP00000449428	0	0	0	0	0.062	0.148	0	0.413	0.489
IQGAP1	JUP	9606.ENSP00000268182	9606.ENSP00000377508	0	0	0	0	0.074	0	0.400	0.158	0.492
IQGAP1	RHOG	9606.ENSP00000268182	9606.ENSP00000339467	0	0	0	0	0.075	0.212	0	0.362	0.495
IQGAP1	RACK1	9606.ENSP00000268182	9606.ENSP00000426909	0	0	0	0	0.058	0	0	0.520	0.528
IQGAP1	VCP	9606.ENSP00000268182	9606.ENSP00000351777	0	0	0	0	0.056	0.409	0	0.238	0.538
IQGAP1	ITGB1	9606.ENSP00000268182	9606.ENSP00000379350	0	0	0	0	0.106	0	0.400	0.305	0.595
IQGAP1	PPP2R1A	9606.ENSP00000268182	9606.ENSP00000324804	0	0	0	0	0.060	0.129	0	0.716	0.747
IQGAP1	RHOC	9606.ENSP00000268182	9606.ENSP00000285735	0	0	0	0	0.059	0.212	0.500	0.416	0.754
IQGAP1	KPNB1	9606.ENSP00000268182	9606.ENSP00000290158	0	0	0	0	0.097	0	0	0.832	0.842
IQGAP1	MYL6	9606.ENSP00000268182	9606.ENSP00000446955	0	0	0	0	0.049	0.721	0	0.475	0.848
IQGAP1	RHOA	9606.ENSP00000268182	9606.ENSP00000400175	0	0	0	0	0.214	0.244	0.400	0.704	0.880
IQGAP1	TLN1	9606.ENSP00000268182	9606.ENSP00000316029	0	0	0	0	0.083	0	0.400	0.822	0.893
IST1	VPS4B	9606.ENSP00000438399	9606.ENSP00000238497	0	0	0	0	0.138	0.969	0	0.810	0.994
IST1	TUBA4A	9606.ENSP00000438399	9606.ENSP00000248437	0	0	0	0	0.048	0	0.500	0.094	0.531
IST1	TSG101	9606.ENSP00000438399	9606.ENSP00000251968	0	0	0	0	0.121	0	0	0.647	0.677
IST1	VPS37B	9606.ENSP00000438399	9606.ENSP00000267202	0	0	0	0	0.090	0	0	0.498	0.524
IST1	MVB12A	9606.ENSP00000438399	9606.ENSP00000324810	0	0	0	0	0.044	0.464	0	0.455	0.696
IST1	TUBA1B	9606.ENSP00000438399	9606.ENSP00000336799	0	0	0	0	0.076	0	0.500	0.100	0.547
IST1	TUBB4B	9606.ENSP00000438399	9606.ENSP00000341289	0	0	0	0	0.093	0	0.500	0.051	0.532
IST1	VPS28	9606.ENSP00000438399	9606.ENSP00000366565	0	0	0	0	0.073	0	0	0.716	0.725
IST1	PDCD6IP	9606.ENSP00000438399	9606.ENSP00000411825	0	0	0	0	0.208	0	0	0.560	0.636
IST1	TUBA1A	9606.ENSP00000438399	9606.ENSP00000439020	0	0	0	0	0.062	0	0.500	0.091	0.536
IST1	TUBA1C	9606.ENSP00000438399	9606.ENSP00000443475	0	0	0	0	0.066	0	0.500	0.106	0.546
ITGA2	ITGB4	9606.ENSP00000296585	9606.ENSP00000200181	0	0	0	0	0.105	0.114	0.720	0.698	0.924
ITGA2	VCL	9606.ENSP00000296585	9606.ENSP00000211998	0	0	0	0	0.126	0	0	0.376	0.431
ITGA2	LAMB1	9606.ENSP00000296585	9606.ENSP00000222399	0	0	0	0	0.108	0	0.650	0.366	0.784
ITGA2	SERPINE1	9606.ENSP00000296585	9606.ENSP00000223095	0	0	0	0	0.152	0	0	0.564	0.614
ITGA2	RRAS	9606.ENSP00000296585	9606.ENSP00000246792	0	0	0	0	0.049	0	0	0.398	0.404
ITGA2	TSG101	9606.ENSP00000296585	9606.ENSP00000251968	0	0	0	0	0.049	0	0	0.465	0.469
ITGA2	LAMA5	9606.ENSP00000296585	9606.ENSP00000252999	0	0	0	0	0.070	0.071	0.650	0.228	0.735
ITGA2	NT5E	9606.ENSP00000296585	9606.ENSP00000257770	0	0	0	0	0.112	0	0	0.441	0.482
ITGA2	LAMC1	9606.ENSP00000296585	9606.ENSP00000258341	0	0	0	0	0.082	0.071	0.650	0.385	0.792
ITGA2	THBS1	9606.ENSP00000296585	9606.ENSP00000260356	0	0	0	0	0.074	0.045	0.650	0.630	0.870
ITGA2	ITGAV	9606.ENSP00000296585	9606.ENSP00000261023	0	0	0	0.598	0.164	0	0.900	0.646	0.967
ITGA2	TNC	9606.ENSP00000296585	9606.ENSP00000265131	0	0	0	0	0.086	0.098	0.650	0.177	0.730
ITGA2	ITGB6	9606.ENSP00000296585	9606.ENSP00000283249	0	0	0	0	0.110	0.114	0.900	0.715	0.974
ITGA2	ITGA5	9606.ENSP00000296585	9606.ENSP00000293379	0	0	0	0.605	0.086	0	0.900	0.626	0.962
ITGA2	ITGB5	9606.ENSP00000296585	9606.ENSP00000296181	0	0	0	0	0.138	0.114	0.900	0.774	0.980
ITGA2	LAMP1	9606.ENSP00000296585	9606.ENSP00000333298	0	0	0	0	0.042	0.162	0	0.354	0.436
ITGA2	LAMB2	9606.ENSP00000296585	9606.ENSP00000307156	0	0	0	0	0.072	0	0.650	0.207	0.719
ITGA2	TLN1	9606.ENSP00000296585	9606.ENSP00000316029	0	0	0	0	0.065	0.053	0.650	0.421	0.796
ITGA2	MMP1	9606.ENSP00000296585	9606.ENSP00000322788	0	0	0	0	0.138	0.510	0	0.593	0.813
ITGA2	ITGA6	9606.ENSP00000296585	9606.ENSP00000386896	0	0	0	0.594	0.125	0	0.540	0.726	0.880
ITGA2	ITGA3	9606.ENSP00000296585	9606.ENSP00000315190	0	0	0	0.589	0.159	0	0.900	0.694	0.972
ITGA2	ITGB3	9606.ENSP00000296585	9606.ENSP00000452786	0	0	0	0	0.145	0.114	0.900	0.823	0.984
ITGA2	ITGB1	9606.ENSP00000296585	9606.ENSP00000379350	0	0	0	0	0.117	0.743	0.900	0.997	0.999
ITGA3	ITGB4	9606.ENSP00000315190	9606.ENSP00000200181	0	0	0	0	0.216	0.361	0.720	0.890	0.982
ITGA3	VCL	9606.ENSP00000315190	9606.ENSP00000211998	0	0	0	0	0.091	0	0	0.387	0.419
ITGA3	LAMB1	9606.ENSP00000315190	9606.ENSP00000222399	0	0	0	0	0.117	0.045	0.650	0.412	0.803
ITGA3	SERPINE1	9606.ENSP00000315190	9606.ENSP00000223095	0	0	0	0	0.124	0	0	0.566	0.603
ITGA3	LAMA5	9606.ENSP00000315190	9606.ENSP00000252999	0	0	0	0	0.112	0.100	0.650	0.519	0.847
ITGA3	LAMC1	9606.ENSP00000315190	9606.ENSP00000258341	0	0	0	0	0.086	0.071	0.650	0.431	0.808
ITGA3	THBS1	9606.ENSP00000315190	9606.ENSP00000260356	0	0	0	0	0.097	0.054	0.900	0.645	0.965
ITGA3	ITGAV	9606.ENSP00000315190	9606.ENSP00000261023	0	0	0	0.647	0.067	0	0.900	0.689	0.968
ITGA3	TNC	9606.ENSP00000315190	9606.ENSP00000265131	0	0	0	0	0.086	0.098	0.650	0.106	0.707
ITGA3	ITGB6	9606.ENSP00000315190	9606.ENSP00000283249	0	0	0	0	0.104	0.135	0.900	0.744	0.977
ITGA3	ITGA5	9606.ENSP00000315190	9606.ENSP00000293379	0	0	0	0.635	0.068	0	0.900	0.616	0.961
ITGA3	ITGB5	9606.ENSP00000315190	9606.ENSP00000296181	0	0	0	0	0.110	0.361	0.900	0.796	0.986
ITGA3	LAMB2	9606.ENSP00000315190	9606.ENSP00000307156	0	0	0	0	0.099	0	0.650	0.236	0.738
ITGA3	SFN	9606.ENSP00000315190	9606.ENSP00000340989	0	0	0	0	0.140	0.268	0	0.140	0.411
ITGA3	TSPAN14	9606.ENSP00000315190	9606.ENSP00000361231	0	0	0	0	0.051	0.295	0	0.251	0.456
ITGA3	TSPAN4	9606.ENSP00000315190	9606.ENSP00000380553	0	0	0	0	0.067	0.295	0	0.275	0.482
ITGA3	ITGA6	9606.ENSP00000315190	9606.ENSP00000386896	0	0	0	0.855	0.070	0	0.540	0.633	0.829
ITGA3	TLN1	9606.ENSP00000315190	9606.ENSP00000316029	0	0	0	0	0.069	0.062	0.650	0.671	0.886
ITGA3	ITGB3	9606.ENSP00000315190	9606.ENSP00000452786	0	0	0	0	0.067	0.135	0.900	0.774	0.979
ITGA3	ITGB1	9606.ENSP00000315190	9606.ENSP00000379350	0	0	0	0	0.099	0.625	0.900	0.995	0.999
ITGA5	ITGB4	9606.ENSP00000293379	9606.ENSP00000200181	0	0	0	0	0.067	0.135	0.720	0.819	0.953
ITGA5	VCL	9606.ENSP00000293379	9606.ENSP00000211998	0	0	0	0	0.115	0.292	0	0.677	0.780
ITGA5	TIMP1	9606.ENSP00000293379	9606.ENSP00000218388	0	0	0	0	0.267	0	0	0.371	0.519
ITGA5	LAMB1	9606.ENSP00000293379	9606.ENSP00000222399	0	0	0	0	0.085	0.045	0.650	0.388	0.788
ITGA5	SERPINE1	9606.ENSP00000293379	9606.ENSP00000223095	0	0	0	0	0.310	0	0	0.393	0.564
ITGA5	LAMA5	9606.ENSP00000293379	9606.ENSP00000252999	0	0	0	0	0.057	0.100	0.650	0.342	0.778
ITGA5	NT5E	9606.ENSP00000293379	9606.ENSP00000257770	0	0	0	0	0.120	0	0	0.506	0.546
ITGA5	LAMC1	9606.ENSP00000293379	9606.ENSP00000258341	0	0	0	0	0.142	0.071	0.650	0.575	0.865
ITGA5	THBS1	9606.ENSP00000293379	9606.ENSP00000260356	0	0	0	0	0.132	0.054	0.650	0.424	0.812
ITGA5	ITGAV	9606.ENSP00000293379	9606.ENSP00000261023	0	0	0.061	0.929	0.067	0	0.900	0.460	0.946
ITGA5	MCAM	9606.ENSP00000293379	9606.ENSP00000264036	0	0	0	0	0.085	0.067	0	0.611	0.639
ITGA5	TNC	9606.ENSP00000293379	9606.ENSP00000265131	0	0	0	0	0.098	0.098	0.650	0.124	0.717
ITGA5	NRP1	9606.ENSP00000293379	9606.ENSP00000265371	0	0	0	0	0.083	0.292	0	0.228	0.455
ITGA5	MFGE8	9606.ENSP00000293379	9606.ENSP00000268150	0	0	0	0	0.144	0	0	0.444	0.503
ITGA5	ITGB6	9606.ENSP00000293379	9606.ENSP00000283249	0	0	0	0	0.067	0.135	0.900	0.578	0.961
ITGA5	VIM	9606.ENSP00000293379	9606.ENSP00000446007	0	0	0	0	0.170	0	0	0.385	0.468
ITGA5	TGM2	9606.ENSP00000293379	9606.ENSP00000355330	0	0	0	0	0.098	0.364	0	0.183	0.490
ITGA5	RDX	9606.ENSP00000293379	9606.ENSP00000496414	0	0	0	0	0.042	0	0	0.512	0.513
ITGA5	LAMP1	9606.ENSP00000293379	9606.ENSP00000333298	0	0	0	0	0.062	0.164	0	0.430	0.514
ITGA5	RHOA	9606.ENSP00000293379	9606.ENSP00000400175	0	0	0	0	0.066	0.162	0	0.440	0.524
ITGA5	S100A8	9606.ENSP00000293379	9606.ENSP00000357721	0	0	0	0	0.081	0.071	0	0.521	0.555
ITGA5	PLAU	9606.ENSP00000293379	9606.ENSP00000361850	0	0	0	0	0.193	0	0	0.740	0.781
ITGA5	LAMB2	9606.ENSP00000293379	9606.ENSP00000307156	0	0	0	0	0.127	0	0.650	0.379	0.793
ITGA5	ITGA6	9606.ENSP00000293379	9606.ENSP00000386896	0	0	0	0.674	0.058	0	0.540	0.594	0.808
ITGA5	TLN1	9606.ENSP00000293379	9606.ENSP00000316029	0	0	0	0	0.252	0.242	0.900	0.665	0.978
ITGA5	ITGB5	9606.ENSP00000293379	9606.ENSP00000296181	0	0	0	0	0.101	0.361	0.900	0.873	0.991
ITGA5	ITGB3	9606.ENSP00000293379	9606.ENSP00000452786	0	0	0	0	0.126	0.659	0.900	0.980	0.999
ITGA5	ITGB1	9606.ENSP00000293379	9606.ENSP00000379350	0	0	0	0	0.128	0.989	0.900	0.999	0.999
ITGA6	ITGB4	9606.ENSP00000386896	9606.ENSP00000200181	0	0	0	0	0.131	0.647	0.900	0.999	0.999
ITGA6	VCL	9606.ENSP00000386896	9606.ENSP00000211998	0	0	0	0	0.109	0	0	0.376	0.420
ITGA6	LAMB1	9606.ENSP00000386896	9606.ENSP00000222399	0	0	0	0	0.085	0.902	0.650	0.356	0.977
ITGA6	LAMA5	9606.ENSP00000386896	9606.ENSP00000252999	0	0	0	0	0.054	0.906	0.650	0.868	0.995
ITGA6	NT5E	9606.ENSP00000386896	9606.ENSP00000257770	0	0	0	0	0.138	0	0	0.445	0.501
ITGA6	LAMC1	9606.ENSP00000386896	9606.ENSP00000258341	0	0	0	0	0.083	0.903	0.650	0.425	0.979
ITGA6	THBS1	9606.ENSP00000386896	9606.ENSP00000260356	0	0	0	0	0.075	0.054	0.650	0.562	0.848
ITGA6	ITGAV	9606.ENSP00000386896	9606.ENSP00000261023	0	0	0	0.691	0.062	0	0.540	0.756	0.885
ITGA6	MCAM	9606.ENSP00000386896	9606.ENSP00000264036	0	0	0	0	0.072	0.067	0	0.414	0.448
ITGA6	TNC	9606.ENSP00000386896	9606.ENSP00000265131	0	0	0	0	0.042	0.098	0.650	0.086	0.686
ITGA6	NRP1	9606.ENSP00000386896	9606.ENSP00000265371	0	0	0	0	0.047	0.292	0	0.196	0.410
ITGA6	ITGB6	9606.ENSP00000386896	9606.ENSP00000283249	0	0	0	0	0.085	0.135	0.540	0.642	0.852
ITGA6	ITGB5	9606.ENSP00000386896	9606.ENSP00000296181	0	0	0	0	0.101	0.135	0.540	0.771	0.907
ITGA6	LAMB2	9606.ENSP00000386896	9606.ENSP00000307156	0	0	0	0	0.080	0	0.650	0.165	0.707
ITGA6	TLN1	9606.ENSP00000386896	9606.ENSP00000316029	0	0	0	0	0.105	0.062	0.650	0.359	0.786
ITGA6	TACSTD2	9606.ENSP00000386896	9606.ENSP00000360269	0	0	0	0	0.062	0	0	0.397	0.410
ITGA6	ITGB1	9606.ENSP00000386896	9606.ENSP00000379350	0	0	0	0	0.139	0.979	0.900	0.997	0.999
ITGA6	TSPAN4	9606.ENSP00000386896	9606.ENSP00000380553	0	0	0	0	0.042	0.295	0	0.441	0.590
ITGA6	VIM	9606.ENSP00000386896	9606.ENSP00000446007	0	0	0	0	0.056	0	0	0.404	0.414
ITGA6	MME	9606.ENSP00000386896	9606.ENSP00000418525	0	0	0	0	0.044	0	0	0.447	0.448
ITGA6	MUC1	9606.ENSP00000386896	9606.ENSP00000484824	0	0	0	0	0.055	0.071	0	0.435	0.460
ITGA6	RPSA	9606.ENSP00000386896	9606.ENSP00000389351	0	0	0	0	0	0	0	0.478	0.478
ITGA6	ITGB3	9606.ENSP00000386896	9606.ENSP00000452786	0	0	0	0	0.067	0.135	0.540	0.799	0.915
ITGAV	ITGB4	9606.ENSP00000261023	9606.ENSP00000200181	0	0	0	0	0.060	0.135	0.720	0.728	0.929
ITGAV	VCL	9606.ENSP00000261023	9606.ENSP00000211998	0	0	0	0	0.095	0	0	0.475	0.505
ITGAV	LAMB1	9606.ENSP00000261023	9606.ENSP00000222399	0	0	0	0	0.141	0.045	0.650	0.346	0.787
ITGAV	SERPINE1	9606.ENSP00000261023	9606.ENSP00000223095	0	0	0	0	0.125	0	0	0.354	0.411
ITGAV	LAMA5	9606.ENSP00000261023	9606.ENSP00000252999	0	0	0	0	0.074	0.100	0.650	0.326	0.777
ITGAV	NT5E	9606.ENSP00000261023	9606.ENSP00000257770	0	0	0	0	0.091	0	0	0.451	0.480
ITGAV	LAMC1	9606.ENSP00000261023	9606.ENSP00000258341	0	0	0	0	0.138	0.071	0.650	0.650	0.888
ITGAV	THBS1	9606.ENSP00000261023	9606.ENSP00000260356	0	0	0	0	0.156	0.301	0.900	0.724	0.981
ITGAV	TGM2	9606.ENSP00000261023	9606.ENSP00000355330	0	0	0	0	0.081	0.238	0	0.226	0.411
ITGAV	PVR	9606.ENSP00000261023	9606.ENSP00000402060	0	0	0	0	0.095	0	0	0.501	0.529
ITGAV	SDC4	9606.ENSP00000261023	9606.ENSP00000361818	0	0	0	0	0.099	0.072	0	0.519	0.562
ITGAV	MCAM	9606.ENSP00000261023	9606.ENSP00000264036	0	0	0	0	0.077	0.067	0	0.621	0.645
ITGAV	RHOA	9606.ENSP00000261023	9606.ENSP00000400175	0	0	0	0	0.065	0.162	0.500	0.354	0.713
ITGAV	LAMB2	9606.ENSP00000261023	9606.ENSP00000307156	0	0	0	0	0.109	0	0.650	0.262	0.750
ITGAV	TLN1	9606.ENSP00000261023	9606.ENSP00000316029	0	0	0	0	0.062	0.062	0.650	0.631	0.871
ITGAV	TNC	9606.ENSP00000261023	9606.ENSP00000265131	0	0	0	0	0.086	0.098	0.900	0.423	0.946
ITGAV	MFGE8	9606.ENSP00000261023	9606.ENSP00000268150	0	0	0	0	0.062	0.422	0	0.976	0.985
ITGAV	ITGB3	9606.ENSP00000261023	9606.ENSP00000452786	0	0	0	0	0.062	0.989	0.900	0.999	0.999
ITGAV	ITGB6	9606.ENSP00000261023	9606.ENSP00000283249	0	0	0	0	0.078	0.984	0.900	0.870	0.999
ITGAV	ITGB1	9606.ENSP00000261023	9606.ENSP00000379350	0	0	0	0	0.197	0.742	0.900	0.994	0.999
ITGAV	ITGB5	9606.ENSP00000261023	9606.ENSP00000296181	0	0	0	0	0.137	0.558	0.900	0.989	0.999
ITGB1	VAMP3	9606.ENSP00000379350	9606.ENSP00000054666	0	0	0	0	0.081	0	0.400	0.169	0.502
ITGB1	ITGB4	9606.ENSP00000379350	9606.ENSP00000200181	0	0	0	0.821	0.072	0	0.720	0.482	0.853
ITGB1	VCL	9606.ENSP00000379350	9606.ENSP00000211998	0	0	0	0	0.318	0.260	0	0.938	0.966
ITGB1	LGALS1	9606.ENSP00000379350	9606.ENSP00000215909	0	0	0	0	0.118	0.188	0	0.556	0.654
ITGB1	TIMP1	9606.ENSP00000379350	9606.ENSP00000218388	0	0	0	0	0.085	0	0	0.741	0.753
ITGB1	LAMB1	9606.ENSP00000379350	9606.ENSP00000222399	0	0	0	0	0.097	0.802	0.650	0.636	0.974
ITGB1	SERPINE1	9606.ENSP00000379350	9606.ENSP00000223095	0	0	0	0	0.176	0	0	0.335	0.429
ITGB1	RAC2	9606.ENSP00000379350	9606.ENSP00000249071	0	0	0	0	0.190	0.128	0.500	0.240	0.696
ITGB1	RAP1B	9606.ENSP00000379350	9606.ENSP00000250559	0	0	0	0	0.098	0.071	0.900	0.230	0.926
ITGB1	TSG101	9606.ENSP00000379350	9606.ENSP00000251968	0	0	0	0	0.042	0	0	0.689	0.689
ITGB1	PXDN	9606.ENSP00000379350	9606.ENSP00000252804	0	0	0	0	0.082	0	0	0.556	0.575
ITGB1	LAMA5	9606.ENSP00000379350	9606.ENSP00000252999	0	0	0	0	0.051	0.806	0.650	0.773	0.983
ITGB1	NT5E	9606.ENSP00000379350	9606.ENSP00000257770	0	0	0	0	0.097	0	0	0.888	0.895
ITGB1	LAMC1	9606.ENSP00000379350	9606.ENSP00000258341	0	0	0	0	0.167	0.900	0.650	0.472	0.982
ITGB1	THBS1	9606.ENSP00000379350	9606.ENSP00000260356	0	0	0	0	0.145	0.312	0.900	0.837	0.989
ITGB1	SLC9A3R1	9606.ENSP00000379350	9606.ENSP00000262613	0	0	0	0	0.059	0	0	0.413	0.424
ITGB1	LGALS3BP	9606.ENSP00000379350	9606.ENSP00000262776	0	0	0	0	0.059	0.292	0	0.470	0.616
ITGB1	MCAM	9606.ENSP00000379350	9606.ENSP00000264036	0	0	0	0	0.051	0.071	0.400	0.701	0.820
ITGB1	TNC	9606.ENSP00000379350	9606.ENSP00000265131	0	0	0	0	0.091	0	0.900	0.165	0.917
ITGB1	NRP1	9606.ENSP00000379350	9606.ENSP00000265371	0	0.011	0	0	0.126	0	0	0.688	0.716
ITGB1	ITGB6	9606.ENSP00000379350	9606.ENSP00000283249	0	0	0.080	0.911	0.667	0	0.900	0.403	0.979
ITGB1	ITGB5	9606.ENSP00000379350	9606.ENSP00000296181	0	0	0.082	0.905	0.103	0	0.900	0.581	0.960
ITGB1	NPM1	9606.ENSP00000379350	9606.ENSP00000296930	0	0	0	0	0.069	0.164	0	0.435	0.522
ITGB1	LAMB2	9606.ENSP00000379350	9606.ENSP00000307156	0	0	0	0	0.084	0.046	0.650	0.194	0.720
ITGB1	TLN1	9606.ENSP00000379350	9606.ENSP00000316029	0	0	0	0	0.092	0.819	0.900	0.993	0.999
ITGB1	MMP1	9606.ENSP00000379350	9606.ENSP00000322788	0	0	0	0	0.099	0.049	0	0.356	0.400
ITGB1	LAMP1	9606.ENSP00000379350	9606.ENSP00000333298	0	0	0	0	0.080	0.165	0	0.328	0.439
ITGB1	NME1	9606.ENSP00000379350	9606.ENSP00000337060	0	0	0	0	0.059	0.292	0	0.188	0.412
ITGB1	RHOG	9606.ENSP00000379350	9606.ENSP00000339467	0	0	0	0	0.141	0.128	0.500	0.174	0.649
ITGB1	MSN	9606.ENSP00000379350	9606.ENSP00000353408	0	0	0	0	0.136	0	0	0.557	0.601
ITGB1	TGM2	9606.ENSP00000379350	9606.ENSP00000355330	0	0	0	0	0.095	0.514	0	0.503	0.762
ITGB1	S100A4	9606.ENSP00000379350	9606.ENSP00000357704	0	0	0	0	0.070	0	0	0.382	0.401
ITGB1	S100A8	9606.ENSP00000379350	9606.ENSP00000357721	0	0	0	0	0.049	0	0	0.663	0.665
ITGB1	SDC4	9606.ENSP00000379350	9606.ENSP00000361818	0	0	0	0	0	0.095	0	0.615	0.636
ITGB1	PLAU	9606.ENSP00000379350	9606.ENSP00000361850	0	0	0	0	0.140	0	0	0.349	0.416
ITGB1	TUBA1A	9606.ENSP00000379350	9606.ENSP00000439020	0	0	0	0	0.062	0.322	0	0.141	0.407
ITGB1	PDCD6IP	9606.ENSP00000379350	9606.ENSP00000411825	0	0	0	0	0.099	0.057	0	0.437	0.480
ITGB1	VIM	9606.ENSP00000379350	9606.ENSP00000446007	0	0	0	0	0.129	0	0	0.454	0.505
ITGB1	SLC16A3	9606.ENSP00000379350	9606.ENSP00000463978	0	0	0	0	0.042	0	0	0.559	0.560
ITGB1	SDCBP	9606.ENSP00000379350	9606.ENSP00000428184	0	0	0	0	0.077	0	0	0.552	0.569
ITGB1	TSPAN4	9606.ENSP00000379350	9606.ENSP00000380553	0	0	0	0	0.073	0.292	0	0.508	0.649
ITGB1	MME	9606.ENSP00000379350	9606.ENSP00000418525	0	0	0	0	0	0	0	0.682	0.682
ITGB1	RACK1	9606.ENSP00000379350	9606.ENSP00000426909	0	0	0	0	0.049	0.510	0	0.384	0.688
ITGB1	RHOA	9606.ENSP00000379350	9606.ENSP00000400175	0	0	0	0	0.123	0.165	0	0.797	0.839
ITGB1	ITGB3	9606.ENSP00000379350	9606.ENSP00000452786	0	0	0.076	0.920	0.124	0.226	0.900	0.832	0.987
ITGB3	ITGB4	9606.ENSP00000452786	9606.ENSP00000200181	0	0	0	0.822	0.067	0	0.720	0.437	0.840
ITGB3	VCL	9606.ENSP00000452786	9606.ENSP00000211998	0	0	0	0	0.203	0.096	0.400	0.744	0.874
ITGB3	LAMB1	9606.ENSP00000452786	9606.ENSP00000222399	0	0	0	0	0.044	0.053	0.650	0.549	0.838
ITGB3	SERPINE1	9606.ENSP00000452786	9606.ENSP00000223095	0	0	0	0	0.161	0	0	0.450	0.519
ITGB3	RAP1B	9606.ENSP00000452786	9606.ENSP00000250559	0	0	0	0	0.072	0.071	0.400	0.252	0.562
ITGB3	TSG101	9606.ENSP00000452786	9606.ENSP00000251968	0	0	0	0	0	0	0	0.502	0.502
ITGB3	PXDN	9606.ENSP00000452786	9606.ENSP00000252804	0	0	0	0	0.052	0	0	0.450	0.456
ITGB3	LAMA5	9606.ENSP00000452786	9606.ENSP00000252999	0	0	0	0	0	0.070	0.650	0.428	0.797
ITGB3	LAMC1	9606.ENSP00000452786	9606.ENSP00000258341	0	0	0	0	0.067	0.047	0.650	0.307	0.755
ITGB3	THBS1	9606.ENSP00000452786	9606.ENSP00000260356	0	0	0	0	0.146	0.524	0.900	0.656	0.984
ITGB3	MCAM	9606.ENSP00000452786	9606.ENSP00000264036	0	0	0	0	0.089	0.071	0	0.359	0.411
ITGB3	TNC	9606.ENSP00000452786	9606.ENSP00000265131	0	0	0	0.551	0.093	0	0.900	0.133	0.914
ITGB3	NRP1	9606.ENSP00000452786	9606.ENSP00000265371	0	0.006	0	0	0.075	0	0	0.553	0.569
ITGB3	MFGE8	9606.ENSP00000452786	9606.ENSP00000268150	0	0	0	0	0.044	0	0	0.734	0.735
ITGB3	ITGB6	9606.ENSP00000452786	9606.ENSP00000283249	0	0	0.067	0.945	0.044	0	0.900	0.363	0.935
ITGB3	RHOC	9606.ENSP00000452786	9606.ENSP00000285735	0	0	0	0	0.057	0.045	0	0.423	0.436
ITGB3	ITGB5	9606.ENSP00000452786	9606.ENSP00000296181	0	0	0.059	0.953	0.180	0	0.900	0.478	0.954
ITGB3	LAMB2	9606.ENSP00000452786	9606.ENSP00000307156	0	0	0	0	0.060	0.046	0.650	0.140	0.694
ITGB3	TLN1	9606.ENSP00000452786	9606.ENSP00000316029	0	0	0	0	0.114	0.809	0.900	0.990	0.999
ITGB3	RHOA	9606.ENSP00000452786	9606.ENSP00000400175	0	0	0	0	0.052	0.045	0.500	0.632	0.811
ITGB3	SERPINB2	9606.ENSP00000452786	9606.ENSP00000401645	0	0	0	0	0.097	0	0	0.428	0.461
ITGB3	MME	9606.ENSP00000452786	9606.ENSP00000418525	0	0	0	0	0	0	0	0.420	0.420
ITGB3	VIM	9606.ENSP00000452786	9606.ENSP00000446007	0	0	0	0	0.130	0.292	0	0.258	0.503
ITGB3	SLC44A2	9606.ENSP00000452786	9606.ENSP00000466664	0	0	0	0	0	0	0	0.412	0.412
ITGB4	PPL	9606.ENSP00000200181	9606.ENSP00000340510	0	0	0	0	0.166	0.180	0	0.203	0.407
ITGB4	TGM2	9606.ENSP00000200181	9606.ENSP00000355330	0	0	0	0	0.086	0.298	0	0.163	0.417
ITGB4	YBX1	9606.ENSP00000200181	9606.ENSP00000361626	0	0	0	0	0.042	0	0	0.432	0.432
ITGB4	RAB8A	9606.ENSP00000200181	9606.ENSP00000300935	0	0	0	0	0.057	0	0	0.426	0.436
ITGB4	RHOC	9606.ENSP00000200181	9606.ENSP00000285735	0	0	0	0	0.065	0.045	0	0.423	0.441
ITGB4	MYOF	9606.ENSP00000200181	9606.ENSP00000352208	0	0	0	0	0.084	0	0	0.455	0.479
ITGB4	RACK1	9606.ENSP00000200181	9606.ENSP00000426909	0	0	0	0	0.042	0	0	0.509	0.510
ITGB4	PKP3	9606.ENSP00000200181	9606.ENSP00000331678	0	0	0	0	0.410	0	0	0.322	0.583
ITGB4	VCL	9606.ENSP00000200181	9606.ENSP00000211998	0	0	0	0	0.078	0.096	0	0.622	0.658
ITGB4	TNC	9606.ENSP00000200181	9606.ENSP00000265131	0	0	0	0.547	0.054	0	0.650	0.122	0.684
ITGB4	LAMB2	9606.ENSP00000200181	9606.ENSP00000307156	0	0	0	0	0.084	0.046	0.650	0.201	0.723
ITGB4	JUP	9606.ENSP00000200181	9606.ENSP00000377508	0	0	0	0	0.128	0.529	0	0.385	0.725
ITGB4	MUC5AC	9606.ENSP00000200181	9606.ENSP00000485659	0	0	0	0	0.074	0.311	0	0.695	0.788
ITGB4	LAMC1	9606.ENSP00000200181	9606.ENSP00000258341	0	0	0	0	0.049	0.099	0.650	0.417	0.802
ITGB4	LAMB1	9606.ENSP00000200181	9606.ENSP00000222399	0	0	0	0	0.066	0.136	0.650	0.396	0.806
ITGB4	LAMA5	9606.ENSP00000200181	9606.ENSP00000252999	0	0	0	0	0.125	0.098	0.650	0.454	0.829
ITGB4	ITGB5	9606.ENSP00000200181	9606.ENSP00000296181	0	0	0	0.812	0.087	0	0.720	0.446	0.846
ITGB4	TLN1	9606.ENSP00000200181	9606.ENSP00000316029	0	0	0	0	0.074	0.104	0.650	0.535	0.847
ITGB4	ITGB6	9606.ENSP00000200181	9606.ENSP00000283249	0	0	0	0.816	0.122	0	0.720	0.435	0.848
ITGB4	THBS1	9606.ENSP00000200181	9606.ENSP00000260356	0	0	0	0	0.087	0.069	0.650	0.567	0.854
ITGB5	VCL	9606.ENSP00000296181	9606.ENSP00000211998	0	0	0	0	0.184	0.096	0.800	0.447	0.907
ITGB5	LAMB1	9606.ENSP00000296181	9606.ENSP00000222399	0	0	0	0	0.118	0.053	0.650	0.596	0.866
ITGB5	LAMA5	9606.ENSP00000296181	9606.ENSP00000252999	0	0	0	0	0.082	0.070	0.650	0.539	0.843
ITGB5	LAMC1	9606.ENSP00000296181	9606.ENSP00000258341	0	0	0	0	0.183	0.047	0.650	0.398	0.814
ITGB5	THBS1	9606.ENSP00000296181	9606.ENSP00000260356	0	0	0	0	0.146	0.069	0.650	0.553	0.859
ITGB5	TNC	9606.ENSP00000296181	9606.ENSP00000265131	0	0	0	0.554	0.113	0	0.650	0.115	0.701
ITGB5	MFGE8	9606.ENSP00000296181	9606.ENSP00000268150	0	0	0	0	0.083	0.595	0	0.777	0.910
ITGB5	ITGB6	9606.ENSP00000296181	9606.ENSP00000283249	0	0	0.067	0.937	0.059	0	0.900	0.269	0.927
ITGB5	RHOC	9606.ENSP00000296181	9606.ENSP00000285735	0	0	0	0	0.110	0.153	0	0.396	0.505
ITGB5	SERPINB2	9606.ENSP00000296181	9606.ENSP00000401645	0	0	0	0	0	0	0	0.486	0.486
ITGB5	MYL6	9606.ENSP00000296181	9606.ENSP00000446955	0	0.005	0	0	0.062	0	0.500	0.209	0.596
ITGB5	LAMB2	9606.ENSP00000296181	9606.ENSP00000307156	0	0	0	0	0.151	0.046	0.650	0.215	0.747
ITGB5	TLN1	9606.ENSP00000296181	9606.ENSP00000316029	0	0	0	0	0.104	0.104	0.800	0.500	0.909
ITGB6	VCL	9606.ENSP00000283249	9606.ENSP00000211998	0	0	0	0	0.132	0.096	0	0.522	0.592
ITGB6	LAMB1	9606.ENSP00000283249	9606.ENSP00000222399	0	0	0	0	0.072	0.053	0.650	0.280	0.749
ITGB6	LAMA5	9606.ENSP00000283249	9606.ENSP00000252999	0	0	0	0	0.062	0.070	0.650	0.338	0.770
ITGB6	LAMC1	9606.ENSP00000283249	9606.ENSP00000258341	0	0	0	0	0.059	0.047	0.650	0.281	0.744
ITGB6	THBS1	9606.ENSP00000283249	9606.ENSP00000260356	0	0	0	0	0.064	0.069	0.650	0.350	0.775
ITGB6	TNC	9606.ENSP00000283249	9606.ENSP00000265131	0	0	0	0.552	0.071	0	0.900	0.115	0.910
ITGB6	LAMB2	9606.ENSP00000283249	9606.ENSP00000307156	0	0	0	0	0.067	0.046	0.650	0.149	0.699
ITGB6	S100A7	9606.ENSP00000283249	9606.ENSP00000357711	0	0	0	0	0.067	0	0	0.774	0.780
ITGB6	TLN1	9606.ENSP00000283249	9606.ENSP00000316029	0	0	0	0	0.074	0.104	0.650	0.752	0.918
JUP	VAMP3	9606.ENSP00000377508	9606.ENSP00000054666	0	0	0	0	0.075	0	0.400	0.057	0.431
JUP	TGM1	9606.ENSP00000377508	9606.ENSP00000206765	0	0	0	0	0.095	0	0.500	0.209	0.611
JUP	VCL	9606.ENSP00000377508	9606.ENSP00000211998	0	0	0	0	0.063	0.296	0	0.467	0.618
JUP	MCAM	9606.ENSP00000377508	9606.ENSP00000264036	0	0	0	0	0.198	0.049	0.400	0.118	0.542
JUP	RHOC	9606.ENSP00000377508	9606.ENSP00000285735	0	0	0	0	0.080	0.139	0.500	0.104	0.598
JUP	STOM	9606.ENSP00000377508	9606.ENSP00000286713	0	0	0	0	0	0	0.400	0.099	0.436
JUP	SPRR3	9606.ENSP00000377508	9606.ENSP00000330391	0	0	0	0	0.064	0	0.500	0.055	0.519
JUP	PKP3	9606.ENSP00000377508	9606.ENSP00000331678	0	0	0	0	0.178	0.275	0.500	0.558	0.851
JUP	TUBA1B	9606.ENSP00000377508	9606.ENSP00000336799	0	0	0	0	0.065	0	0.400	0.158	0.486
JUP	NME1	9606.ENSP00000377508	9606.ENSP00000337060	0	0	0	0	0	0.135	0.216	0.192	0.404
JUP	TUBB	9606.ENSP00000377508	9606.ENSP00000339001	0	0	0	0	0	0	0	0.495	0.495
JUP	PPL	9606.ENSP00000377508	9606.ENSP00000340510	0	0	0	0	0.158	0.052	0.500	0.512	0.779
JUP	SFN	9606.ENSP00000377508	9606.ENSP00000340989	0	0	0	0	0.112	0.052	0	0.397	0.448
JUP	VCP	9606.ENSP00000377508	9606.ENSP00000351777	0.044	0	0	0	0.109	0.127	0.400	0.078	0.514
JUP	LMNA	9606.ENSP00000377508	9606.ENSP00000357283	0	0	0	0	0.130	0	0	0.626	0.660
JUP	S100A14	9606.ENSP00000377508	9606.ENSP00000357691	0	0	0	0	0.137	0.317	0	0.221	0.501
JUP	SPRR2B	9606.ENSP00000377508	9606.ENSP00000357744	0	0	0	0	0.044	0	0.500	0.055	0.508
JUP	SPRR1A	9606.ENSP00000377508	9606.ENSP00000357751	0	0	0	0	0.057	0	0.500	0.108	0.542
JUP	SLK	9606.ENSP00000377508	9606.ENSP00000358770	0	0	0	0	0	0	0.400	0.051	0.406
JUP	SERPINB5	9606.ENSP00000377508	9606.ENSP00000372221	0	0	0	0	0.087	0	0	0.405	0.434
JUP	MUC1	9606.ENSP00000377508	9606.ENSP00000484824	0	0	0	0	0.084	0.300	0	0.163	0.417
JUP	SLC1A5	9606.ENSP00000377508	9606.ENSP00000444408	0	0	0	0	0.106	0	0.400	0	0.441
JUP	TYMP	9606.ENSP00000377508	9606.ENSP00000379038	0.088	0	0	0	0.049	0	0.404	0.204	0.533
JUP	VIM	9606.ENSP00000377508	9606.ENSP00000446007	0	0	0	0	0.058	0	0	0.539	0.547
JUP	RHOA	9606.ENSP00000377508	9606.ENSP00000400175	0	0	0	0	0.060	0.195	0.400	0.170	0.573
KPNA2	KPNB1	9606.ENSP00000438483	9606.ENSP00000290158	0	0	0	0	0.123	0.995	0.540	0.965	0.999
KPNA2	NPM1	9606.ENSP00000438483	9606.ENSP00000296930	0	0	0	0	0.285	0.292	0	0.197	0.558
KPNA2	TUBA1B	9606.ENSP00000438483	9606.ENSP00000336799	0	0	0	0	0.281	0.136	0	0.160	0.433
KPNA2	VCP	9606.ENSP00000438483	9606.ENSP00000351777	0	0	0	0	0.097	0.108	0	0.381	0.458
KPNA2	RHOA	9606.ENSP00000438483	9606.ENSP00000400175	0	0	0	0	0.076	0	0	0.436	0.456
KPNA2	RANBP1	9606.ENSP00000438483	9606.ENSP00000401564	0	0	0	0	0.526	0.279	0	0.488	0.810
KPNA2	RACK1	9606.ENSP00000438483	9606.ENSP00000426909	0	0	0	0	0.110	0.102	0	0.448	0.520
KPNA2	TUBA1C	9606.ENSP00000438483	9606.ENSP00000443475	0	0	0	0	0.285	0.136	0	0.137	0.420
KPNA2	S100A2	9606.ENSP00000438483	9606.ENSP00000499289	0	0	0	0	0	0.460	0	0.101	0.494
KPNB1	RPS3	9606.ENSP00000290158	9606.ENSP00000278572	0	0	0	0	0.624	0	0	0.093	0.644
KPNB1	RPL17	9606.ENSP00000290158	9606.ENSP00000463842	0	0	0	0	0.428	0	0	0	0.428
KPNB1	RPL10	9606.ENSP00000290158	9606.ENSP00000413436	0	0	0	0	0.429	0	0	0.069	0.445
KPNB1	PSMB2	9606.ENSP00000290158	9606.ENSP00000362334	0	0	0	0	0.393	0	0	0.148	0.461
KPNB1	TUBA1A	9606.ENSP00000290158	9606.ENSP00000439020	0	0	0	0	0.090	0.360	0	0.221	0.507
KPNB1	YBX1	9606.ENSP00000290158	9606.ENSP00000361626	0	0	0	0	0.478	0	0	0.125	0.523
KPNB1	RPL7A	9606.ENSP00000290158	9606.ENSP00000361076	0	0	0	0	0.530	0	0	0	0.530
KPNB1	RPS26	9606.ENSP00000290158	9606.ENSP00000348849	0	0	0	0	0.530	0	0	0	0.530
KPNB1	PSMC5	9606.ENSP00000290158	9606.ENSP00000310572	0	0	0	0	0.438	0	0	0.214	0.539
KPNB1	PPP2R1A	9606.ENSP00000290158	9606.ENSP00000324804	0	0	0	0	0.214	0	0	0.489	0.581
KPNB1	VCP	9606.ENSP00000290158	9606.ENSP00000351777	0	0	0	0	0.143	0.127	0	0.530	0.618
KPNB1	RPS25	9606.ENSP00000290158	9606.ENSP00000435096	0	0	0	0	0.427	0	0	0.384	0.632
KPNB1	RPSA	9606.ENSP00000290158	9606.ENSP00000389351	0	0	0	0	0.640	0	0	0	0.640
KPNB1	SEC13	9606.ENSP00000290158	9606.ENSP00000373312	0	0	0	0	0.215	0	0.500	0.207	0.661
KPNB1	RACK1	9606.ENSP00000290158	9606.ENSP00000426909	0	0	0	0	0.663	0	0	0.108	0.686
KPNB1	NPM1	9606.ENSP00000290158	9606.ENSP00000296930	0	0	0	0	0.158	0	0.700	0.181	0.775
KPNB1	RANBP1	9606.ENSP00000290158	9606.ENSP00000401564	0	0	0	0	0.172	0.897	0	0.572	0.960
LAMA5	LAMB1	9606.ENSP00000252999	9606.ENSP00000222399	0	0	0	0.590	0.333	0.912	0.900	0.781	0.998
LAMA5	MCAM	9606.ENSP00000252999	9606.ENSP00000264036	0	0	0	0	0.081	0.057	0	0.390	0.425
LAMA5	THBS1	9606.ENSP00000252999	9606.ENSP00000260356	0	0	0	0	0.044	0.098	0	0.500	0.531
LAMA5	LAMB2	9606.ENSP00000252999	9606.ENSP00000307156	0	0	0	0.591	0.156	0.412	0.800	0.326	0.924
LAMA5	LAMC1	9606.ENSP00000252999	9606.ENSP00000258341	0	0	0	0.619	0.355	0.969	0.800	0.822	0.999
LAMB1	TNC	9606.ENSP00000222399	9606.ENSP00000265131	0	0	0	0	0.151	0	0.360	0.089	0.461
LAMB1	THBS1	9606.ENSP00000222399	9606.ENSP00000260356	0	0	0	0	0.113	0	0	0.562	0.595
LAMB1	PLAU	9606.ENSP00000222399	9606.ENSP00000361850	0	0	0	0	0.098	0	0.540	0.176	0.628
LAMB1	LAMB2	9606.ENSP00000222399	9606.ENSP00000307156	0	0	0.064	0.950	0.212	0	0.720	0.074	0.783
LAMB1	LAMC1	9606.ENSP00000222399	9606.ENSP00000258341	0	0	0	0.675	0.681	0.960	0.800	0.973	0.999
LAMB2	LAMC1	9606.ENSP00000307156	9606.ENSP00000258341	0	0	0	0.665	0.174	0.602	0.800	0.496	0.962
LAMB2	TNC	9606.ENSP00000307156	9606.ENSP00000265131	0	0	0	0	0.109	0	0.360	0.084	0.432
LAMB2	PLAU	9606.ENSP00000307156	9606.ENSP00000361850	0	0	0	0	0.086	0	0.540	0.180	0.625
LAMC1	LGALS1	9606.ENSP00000258341	9606.ENSP00000215909	0	0	0	0	0.080	0	0	0.616	0.631
LAMC1	SERPINE1	9606.ENSP00000258341	9606.ENSP00000223095	0	0	0	0	0.109	0	0	0.427	0.467
LAMC1	S100A10	9606.ENSP00000258341	9606.ENSP00000357801	0	0	0	0	0.080	0.068	0	0.381	0.423
LAMC1	MCAM	9606.ENSP00000258341	9606.ENSP00000264036	0	0	0	0	0.083	0.057	0	0.388	0.425
LAMC1	TNC	9606.ENSP00000258341	9606.ENSP00000265131	0	0	0	0	0.123	0	0.360	0.094	0.447
LAMC1	TIMP3	9606.ENSP00000258341	9606.ENSP00000266085	0	0	0	0	0.125	0	0	0.545	0.585
LAMC1	THBS1	9606.ENSP00000258341	9606.ENSP00000260356	0	0	0	0	0.115	0.098	0	0.549	0.609
LAMC1	PLAU	9606.ENSP00000258341	9606.ENSP00000361850	0	0	0	0	0.098	0	0.540	0.179	0.629
LAMP1	VAMP3	9606.ENSP00000333298	9606.ENSP00000054666	0	0	0	0	0.096	0.225	0	0.629	0.717
LAMP1	LGALS1	9606.ENSP00000333298	9606.ENSP00000215909	0	0	0	0	0.062	0.225	0	0.487	0.594
LAMP1	RAB35	9606.ENSP00000333298	9606.ENSP00000229340	0	0	0	0	0.072	0	0	0.450	0.468
LAMP1	TSG101	9606.ENSP00000333298	9606.ENSP00000251968	0	0	0	0	0.044	0	0	0.820	0.821
LAMP1	PXDN	9606.ENSP00000333298	9606.ENSP00000252804	0	0	0	0	0.054	0	0	0.618	0.623
LAMP1	LGALS3BP	9606.ENSP00000333298	9606.ENSP00000262776	0	0	0	0	0.044	0	0	0.443	0.444
LAMP1	VAMP8	9606.ENSP00000333298	9606.ENSP00000263864	0	0	0	0	0.070	0.084	0	0.535	0.569
LAMP1	STOM	9606.ENSP00000333298	9606.ENSP00000286713	0	0	0	0	0.061	0.094	0	0.444	0.486
LAMP1	RAB8A	9606.ENSP00000333298	9606.ENSP00000300935	0	0	0	0	0.076	0	0	0.462	0.482
LAMP1	RAB1B	9606.ENSP00000333298	9606.ENSP00000310226	0	0	0	0	0.067	0.184	0	0.293	0.414
LAMP1	RAB6A	9606.ENSP00000333298	9606.ENSP00000311449	0	0	0	0	0.042	0.088	0	0.416	0.446
LAMP1	RAB1A	9606.ENSP00000333298	9606.ENSP00000387286	0	0	0	0	0.082	0.124	0	0.319	0.404
LAMP1	SLC16A3	9606.ENSP00000333298	9606.ENSP00000463978	0	0	0	0	0.058	0	0	0.455	0.464
LAMP1	SOD2	9606.ENSP00000333298	9606.ENSP00000446252	0	0	0	0	0.055	0	0	0.486	0.494
LAMP1	PVR	9606.ENSP00000333298	9606.ENSP00000402060	0	0	0	0	0.062	0.166	0	0.418	0.504
LAMP1	VCP	9606.ENSP00000333298	9606.ENSP00000351777	0	0	0	0	0.140	0.292	0	0.308	0.542
LAMP1	VPS28	9606.ENSP00000333298	9606.ENSP00000366565	0	0	0	0	0.102	0	0	0.611	0.636
LAMP1	SEC13	9606.ENSP00000333298	9606.ENSP00000373312	0	0	0	0	0.056	0.994	0	0.267	0.995
LASP1	SFN	9606.ENSP00000325240	9606.ENSP00000340989	0	0	0	0	0.057	0.292	0	0.195	0.416
LASP1	TAGLN2	9606.ENSP00000325240	9606.ENSP00000357076	0	0	0	0	0.079	0	0	0.440	0.462
LGALS1	MYL6	9606.ENSP00000215909	9606.ENSP00000446955	0	0	0	0	0.404	0	0	0.165	0.481
LGALS1	TIMP1	9606.ENSP00000215909	9606.ENSP00000218388	0	0	0	0	0.358	0	0	0.277	0.517
LGALS1	S100A10	9606.ENSP00000215909	9606.ENSP00000357801	0	0	0	0	0.369	0.087	0	0.345	0.590
LGALS1	S100A11	9606.ENSP00000215909	9606.ENSP00000271638	0	0	0	0	0.487	0	0	0.275	0.612
LGALS1	S100A4	9606.ENSP00000215909	9606.ENSP00000357704	0	0	0	0	0.606	0	0	0.359	0.737
LGALS1	LGALS3BP	9606.ENSP00000215909	9606.ENSP00000262776	0	0	0	0	0.049	0.510	0	0.657	0.826
LGALS1	VIM	9606.ENSP00000215909	9606.ENSP00000446007	0	0	0	0	0.510	0	0	0.762	0.879
LGALS3BP	TIMP1	9606.ENSP00000262776	9606.ENSP00000218388	0	0	0	0	0.084	0	0	0.538	0.558
LGALS3BP	THBS1	9606.ENSP00000262776	9606.ENSP00000260356	0	0	0	0	0	0.094	0	0.544	0.569
LGALS3BP	S100A9	9606.ENSP00000262776	9606.ENSP00000357727	0	0	0	0	0	0.094	0	0.396	0.429
LGALS3BP	TIMP3	9606.ENSP00000262776	9606.ENSP00000266085	0	0	0	0	0.068	0	0.400	0.124	0.467
LMNA	VCL	9606.ENSP00000357283	9606.ENSP00000211998	0	0	0	0	0.086	0.076	0	0.443	0.489
LMNA	PXDN	9606.ENSP00000357283	9606.ENSP00000252804	0	0	0	0	0.076	0	0	0.584	0.599
LMNA	NPM1	9606.ENSP00000357283	9606.ENSP00000296930	0	0	0	0	0.109	0.043	0	0.508	0.545
LMNA	PPP2R1A	9606.ENSP00000357283	9606.ENSP00000324804	0	0	0	0	0.068	0	0.500	0.105	0.547
LMNA	TUBB	9606.ENSP00000357283	9606.ENSP00000339001	0	0	0	0	0.078	0	0	0.432	0.454
LMNA	TUBB4B	9606.ENSP00000357283	9606.ENSP00000341289	0	0	0	0	0.260	0	0	0.333	0.486
LMNA	VIM	9606.ENSP00000357283	9606.ENSP00000446007	0	0	0	0.659	0.105	0	0	0.438	0.476
LXN	RPS3	9606.ENSP00000264265	9606.ENSP00000278572	0	0	0	0	0.042	0.292	0	0.515	0.642
MACROH2A1	UBA52	9606.ENSP00000423563	9606.ENSP00000388107	0	0	0	0	0.047	0.357	0	0.138	0.425
MAGED2	NPM1	9606.ENSP00000364193	9606.ENSP00000296930	0	0	0	0	0.058	0.292	0	0.395	0.561
MAGED2	TUBB	9606.ENSP00000364193	9606.ENSP00000339001	0	0	0	0	0.081	0.165	0	0.501	0.583
MAL2	TPD52L2	9606.ENSP00000479708	9606.ENSP00000217121	0	0	0	0	0.056	0	0	0.923	0.924
MAL2	PRSS8	9606.ENSP00000479708	9606.ENSP00000319730	0	0	0	0	0.222	0	0	0.266	0.404
MARCKS	MARCKSL1	9606.ENSP00000478061	9606.ENSP00000362638	0	0	0	0.727	0.088	0.124	0.900	0.359	0.941
MARCKS	RHOA	9606.ENSP00000478061	9606.ENSP00000400175	0	0	0	0	0.065	0.205	0	0.336	0.464
MARCKS	STMN1	9606.ENSP00000478061	9606.ENSP00000410452	0	0	0	0	0	0.226	0	0.321	0.453
MCAM	VAMP3	9606.ENSP00000264036	9606.ENSP00000054666	0	0	0	0	0.049	0	0.400	0.047	0.408
MCAM	RAC2	9606.ENSP00000264036	9606.ENSP00000249071	0	0	0	0	0.042	0.152	0.500	0	0.558
MCAM	NT5E	9606.ENSP00000264036	9606.ENSP00000257770	0	0	0	0	0.059	0.132	0	0.778	0.802
MCAM	STOM	9606.ENSP00000264036	9606.ENSP00000286713	0	0	0	0	0.042	0.048	0.400	0	0.405
MCAM	SLK	9606.ENSP00000264036	9606.ENSP00000358770	0	0	0	0	0.054	0	0.400	0	0.408
MCAM	PLXNA1	9606.ENSP00000264036	9606.ENSP00000377061	0	0	0	0	0.060	0.045	0.400	0.042	0.414
MCAM	MFGE8	9606.ENSP00000264036	9606.ENSP00000268150	0	0	0	0	0.074	0	0	0.463	0.481
MCAM	RHOG	9606.ENSP00000264036	9606.ENSP00000339467	0	0	0	0	0.042	0.152	0.500	0	0.558
MCAM	RHOA	9606.ENSP00000264036	9606.ENSP00000400175	0	0	0	0	0.049	0.188	0.400	0.197	0.578
MCAM	MUC1	9606.ENSP00000264036	9606.ENSP00000484824	0	0	0	0	0.093	0.093	0	0.547	0.594
MCAM	MSN	9606.ENSP00000264036	9606.ENSP00000353408	0	0	0	0	0.083	0	0	0.580	0.598
MCAM	MME	9606.ENSP00000264036	9606.ENSP00000418525	0	0	0	0	0.059	0	0	0.630	0.637
MCAM	RDX	9606.ENSP00000264036	9606.ENSP00000496414	0	0	0	0	0.049	0	0	0.654	0.656
MCAM	RHOC	9606.ENSP00000264036	9606.ENSP00000285735	0	0	0	0	0.047	0.163	0.500	0.411	0.733
MDH2	PRDX5	9606.ENSP00000327070	9606.ENSP00000265462	0	0	0	0	0.184	0.161	0	0.245	0.438
MDH2	PGD	9606.ENSP00000327070	9606.ENSP00000270776	0	0	0	0	0.058	0.062	0	0.663	0.676
MDH2	PSMC5	9606.ENSP00000327070	9606.ENSP00000310572	0	0	0	0	0.434	0.053	0	0.103	0.478
MDH2	PPP2R1A	9606.ENSP00000327070	9606.ENSP00000324804	0	0	0	0	0.192	0	0	0.399	0.493
MDH2	PGM2	9606.ENSP00000327070	9606.ENSP00000371393	0.043	0	0	0	0.114	0	0	0.478	0.519
MDH2	TUBB4B	9606.ENSP00000327070	9606.ENSP00000341289	0	0	0	0	0.136	0	0	0.476	0.528
MDH2	WARS1	9606.ENSP00000327070	9606.ENSP00000347495	0.060	0	0	0	0.105	0.112	0	0.494	0.571
MDH2	PARK7	9606.ENSP00000327070	9606.ENSP00000340278	0.050	0	0	0	0.425	0.149	0	0.194	0.576
MDH2	VCP	9606.ENSP00000327070	9606.ENSP00000351777	0	0	0	0	0.184	0.151	0	0.439	0.577
MDH2	TKT	9606.ENSP00000327070	9606.ENSP00000391481	0.042	0	0	0	0.137	0	0	0.575	0.618
MDH2	SOD2	9606.ENSP00000327070	9606.ENSP00000446252	0.060	0	0	0	0.139	0.065	0	0.598	0.655
MELTF	MSLN	9606.ENSP00000296350	9606.ENSP00000372313	0	0	0	0	0.067	0	0.400	0.083	0.441
MELTF	MT1E	9606.ENSP00000296350	9606.ENSP00000328137	0	0	0	0	0	0.065	0	0.448	0.461
MFGE8	TSG101	9606.ENSP00000268150	9606.ENSP00000251968	0	0	0	0	0	0	0	0.614	0.614
MFGE8	THBS1	9606.ENSP00000268150	9606.ENSP00000260356	0	0	0	0	0.104	0.091	0	0.577	0.626
MFGE8	SDCBP2	9606.ENSP00000268150	9606.ENSP00000371233	0	0	0	0	0.051	0.045	0	0.418	0.427
MFGE8	PDCD6IP	9606.ENSP00000268150	9606.ENSP00000411825	0	0	0	0	0	0	0	0.431	0.431
MFGE8	TGM2	9606.ENSP00000268150	9606.ENSP00000355330	0	0	0	0	0.044	0	0	0.458	0.460
MFGE8	MUC1	9606.ENSP00000268150	9606.ENSP00000484824	0	0	0	0	0.092	0.046	0	0.683	0.702
MME	TSG101	9606.ENSP00000418525	9606.ENSP00000251968	0	0	0	0	0	0	0	0.486	0.485
MME	PXDN	9606.ENSP00000418525	9606.ENSP00000252804	0	0	0	0	0.081	0	0	0.450	0.474
MME	NT5E	9606.ENSP00000418525	9606.ENSP00000257770	0	0	0	0	0.071	0	0	0.533	0.548
MME	SLC9A3R1	9606.ENSP00000418525	9606.ENSP00000262613	0	0	0	0	0.116	0	0	0.479	0.519
MME	MUC1	9606.ENSP00000418525	9606.ENSP00000484824	0	0	0	0	0	0.045	0	0.484	0.487
MME	MUC5AC	9606.ENSP00000418525	9606.ENSP00000485659	0	0	0	0	0	0	0	0.578	0.578
MME	RDX	9606.ENSP00000418525	9606.ENSP00000496414	0	0	0	0	0	0.900	0	0.154	0.911
MMP1	TIMP1	9606.ENSP00000322788	9606.ENSP00000218388	0	0	0	0	0.123	0.935	0.400	0.984	0.999
MMP1	PLAT	9606.ENSP00000322788	9606.ENSP00000220809	0	0	0	0	0.132	0	0	0.626	0.661
MMP1	SERPINE1	9606.ENSP00000322788	9606.ENSP00000223095	0	0	0	0	0.208	0	0	0.726	0.773
MMP1	PXDN	9606.ENSP00000322788	9606.ENSP00000252804	0	0	0	0	0.076	0	0	0.463	0.483
MMP1	THBS1	9606.ENSP00000322788	9606.ENSP00000260356	0	0	0	0	0.127	0	0	0.572	0.611
MMP1	NRP1	9606.ENSP00000322788	9606.ENSP00000265371	0	0	0	0	0.084	0	0	0.475	0.498
MMP1	TIMP3	9606.ENSP00000322788	9606.ENSP00000266085	0	0	0	0	0.115	0.186	0	0.680	0.749
MMP1	PTX3	9606.ENSP00000322788	9606.ENSP00000295927	0	0	0	0	0.143	0	0	0.370	0.437
MMP1	SOD2	9606.ENSP00000322788	9606.ENSP00000446252	0	0	0	0	0.072	0	0	0.410	0.429
MMP1	SERPINB2	9606.ENSP00000322788	9606.ENSP00000401645	0	0	0	0	0.198	0	0	0.354	0.459
MMP1	PLAU	9606.ENSP00000322788	9606.ENSP00000361850	0	0	0	0	0.201	0	0	0.822	0.852
MSLN	RALA	9606.ENSP00000372313	9606.ENSP00000005257	0	0	0	0	0	0.441	0	0	0.441
MSLN	PSCA	9606.ENSP00000372313	9606.ENSP00000301258	0	0	0	0	0.100	0	0	0.702	0.721
MSLN	VCP	9606.ENSP00000372313	9606.ENSP00000351777	0	0	0	0	0	0	0	0.403	0.403
MSLN	S100A4	9606.ENSP00000372313	9606.ENSP00000357704	0	0	0	0	0.072	0	0	0.513	0.528
MSLN	TPBG	9606.ENSP00000372313	9606.ENSP00000358765	0	0	0	0	0	0	0	0.401	0.400
MSLN	TACSTD2	9606.ENSP00000372313	9606.ENSP00000360269	0	0	0	0	0.100	0	0	0.400	0.436
MSLN	MUC1	9606.ENSP00000372313	9606.ENSP00000484824	0	0	0	0	0.121	0	0	0.814	0.829
MSN	VCL	9606.ENSP00000353408	9606.ENSP00000211998	0	0	0	0	0.161	0.193	0.500	0.872	0.951
MSN	PFN1	9606.ENSP00000353408	9606.ENSP00000225655	0	0	0	0	0.172	0	0	0.447	0.523
MSN	RAC2	9606.ENSP00000353408	9606.ENSP00000249071	0	0	0	0	0.181	0.071	0	0.381	0.488
MSN	TSG101	9606.ENSP00000353408	9606.ENSP00000251968	0	0	0	0	0.072	0	0	0.531	0.547
MSN	SLC9A3R1	9606.ENSP00000353408	9606.ENSP00000262613	0	0	0	0	0	0.964	0.900	0.997	0.999
MSN	RHOC	9606.ENSP00000353408	9606.ENSP00000285735	0	0	0	0	0.098	0.126	0	0.358	0.450
MSN	NPM1	9606.ENSP00000353408	9606.ENSP00000296930	0	0	0	0	0.043	0.186	0.500	0.197	0.645
MSN	TLN1	9606.ENSP00000353408	9606.ENSP00000316029	0	0	0	0.560	0.216	0.087	0	0.637	0.718
MSN	RHOG	9606.ENSP00000353408	9606.ENSP00000339467	0	0	0	0	0.127	0.071	0	0.333	0.411
MSN	PPL	9606.ENSP00000353408	9606.ENSP00000340510	0	0	0	0	0.071	0	0	0.676	0.687
MSN	SDCBP	9606.ENSP00000353408	9606.ENSP00000428184	0	0	0	0	0.074	0.091	0	0.377	0.430
MSN	TKT	9606.ENSP00000353408	9606.ENSP00000391481	0	0	0	0	0.083	0.137	0	0.348	0.439
MSN	TAGLN2	9606.ENSP00000353408	9606.ENSP00000357076	0	0	0	0	0.192	0.189	0	0.259	0.472
MSN	WDR1	9606.ENSP00000353408	9606.ENSP00000427687	0	0	0	0	0.166	0.208	0	0.270	0.476
MSN	VIM	9606.ENSP00000353408	9606.ENSP00000446007	0	0	0	0	0.346	0	0	0.243	0.484
MSN	RPSA	9606.ENSP00000353408	9606.ENSP00000389351	0	0	0	0	0.044	0	0	0.497	0.499
MSN	PTGFRN	9606.ENSP00000353408	9606.ENSP00000376899	0	0	0	0	0	0	0	0.590	0.590
MSN	PATJ	9606.ENSP00000353408	9606.ENSP00000494277	0	0	0	0	0	0.091	0	0.597	0.618
MSN	TWF1	9606.ENSP00000353408	9606.ENSP00000449428	0	0	0	0	0.042	0	0.800	0.143	0.821
MSN	RHOA	9606.ENSP00000353408	9606.ENSP00000400175	0	0	0	0	0.115	0.496	0	0.793	0.899
MSN	RDX	9606.ENSP00000353408	9606.ENSP00000496414	0	0	0.050	0.981	0.056	0.776	0.900	0.982	0.999
MT1E	MT1X	9606.ENSP00000328137	9606.ENSP00000377995	0	0	0	0.911	0.781	0	0	0.117	0.798
MTPN	TWF1	9606.ENSP00000376800	9606.ENSP00000449428	0	0	0	0	0.056	0.319	0	0.155	0.409
MUC1	PXDN	9606.ENSP00000484824	9606.ENSP00000252804	0	0	0	0	0.111	0	0	0.470	0.509
MUC1	THBS1	9606.ENSP00000484824	9606.ENSP00000260356	0	0	0	0	0.084	0.098	0	0.477	0.531
MUC1	NRP1	9606.ENSP00000484824	9606.ENSP00000265371	0	0	0	0	0	0	0	0.488	0.488
MUC1	PSCA	9606.ENSP00000484824	9606.ENSP00000301258	0	0	0	0	0.108	0.053	0	0.664	0.692
MUC1	NME1	9606.ENSP00000484824	9606.ENSP00000337060	0	0	0	0	0	0.095	0.098	0.505	0.560
MUC1	SLPI	9606.ENSP00000484824	9606.ENSP00000342082	0	0	0	0	0.138	0.095	0	0.311	0.415
MUC1	S100A7	9606.ENSP00000484824	9606.ENSP00000357711	0	0	0	0	0.056	0	0	0.461	0.469
MUC1	TPBG	9606.ENSP00000484824	9606.ENSP00000358765	0	0	0	0	0.070	0.093	0	0.500	0.542
MUC1	TACSTD2	9606.ENSP00000484824	9606.ENSP00000360269	0	0	0	0	0.162	0	0	0.405	0.480
MUC1	VIM	9606.ENSP00000484824	9606.ENSP00000446007	0	0	0	0	0	0	0	0.402	0.402
MUC1	MUC5AC	9606.ENSP00000484824	9606.ENSP00000485659	0	0	0	0	0.107	0.098	0.500	0.972	0.987
MUC5AC	PXDN	9606.ENSP00000485659	9606.ENSP00000252804	0	0	0	0	0.060	0	0	0.398	0.410
MVB12A	VPS4B	9606.ENSP00000324810	9606.ENSP00000238497	0	0	0	0	0.049	0	0.500	0.362	0.670
MVB12A	TSG101	9606.ENSP00000324810	9606.ENSP00000251968	0	0	0	0	0.067	0.989	0.900	0.977	0.999
MVB12A	VPS37B	9606.ENSP00000324810	9606.ENSP00000267202	0	0	0	0	0.077	0.987	0.900	0.832	0.999
MVB12A	PARK7	9606.ENSP00000324810	9606.ENSP00000340278	0	0	0	0	0.063	0	0.400	0	0.413
MVB12A	WARS1	9606.ENSP00000324810	9606.ENSP00000347495	0	0	0	0	0.049	0.484	0	0	0.488
MVB12A	UBA52	9606.ENSP00000324810	9606.ENSP00000388107	0	0	0	0	0.048	0	0.500	0	0.503
MVB12A	PDCD6IP	9606.ENSP00000324810	9606.ENSP00000411825	0	0	0	0	0.058	0	0.900	0.533	0.952
MVB12A	VPS28	9606.ENSP00000324810	9606.ENSP00000366565	0	0	0	0	0.131	0.991	0.900	0.985	0.999
MYL6	VCL	9606.ENSP00000446955	9606.ENSP00000211998	0	0	0	0	0.057	0.087	0.500	0.339	0.677
MYL6	S100A11	9606.ENSP00000446955	9606.ENSP00000271638	0	0	0	0	0.290	0.104	0	0.140	0.405
MYL6	RHOC	9606.ENSP00000446955	9606.ENSP00000285735	0	0	0	0	0.168	0.097	0.500	0.180	0.651
MYL6	TLN1	9606.ENSP00000446955	9606.ENSP00000316029	0	0	0	0	0.393	0	0.500	0.248	0.751
MYL6	TUBA1B	9606.ENSP00000446955	9606.ENSP00000336799	0	0	0	0	0.118	0.154	0	0.391	0.506
MYL6	TAGLN2	9606.ENSP00000446955	9606.ENSP00000357076	0	0	0	0	0.182	0.133	0	0.368	0.513
MYL6	RHOA	9606.ENSP00000446955	9606.ENSP00000400175	0	0	0	0	0.269	0.097	0.500	0.303	0.739
MYL6	WDR1	9606.ENSP00000446955	9606.ENSP00000427687	0	0	0	0	0.444	0	0	0.056	0.453
MYL6	TUBA1A	9606.ENSP00000446955	9606.ENSP00000439020	0	0	0	0	0.117	0.154	0	0.349	0.471
MYL6	TUBA1C	9606.ENSP00000446955	9606.ENSP00000443475	0	0	0	0	0.121	0.154	0	0.361	0.484
MYOF	VCL	9606.ENSP00000352208	9606.ENSP00000211998	0	0	0	0	0.102	0	0	0.430	0.466
NAMPT	RPL10	9606.ENSP00000222553	9606.ENSP00000413436	0	0	0	0	0.071	0.367	0	0.116	0.435
NAMPT	RPSA	9606.ENSP00000222553	9606.ENSP00000389351	0.059	0	0	0	0.159	0.401	0	0.081	0.506
NAMPT	RPL17	9606.ENSP00000222553	9606.ENSP00000463842	0	0	0	0	0.090	0.424	0	0.155	0.518
NAMPT	SOD2	9606.ENSP00000222553	9606.ENSP00000446252	0	0	0	0	0.346	0	0	0.433	0.613
NAMPT	SERPINE1	9606.ENSP00000222553	9606.ENSP00000223095	0	0	0	0	0.068	0	0	0.604	0.615
NAMPT	RPS3	9606.ENSP00000222553	9606.ENSP00000278572	0.042	0	0	0	0.092	0.513	0	0.223	0.626
NAMPT	NT5E	9606.ENSP00000222553	9606.ENSP00000257770	0.070	0	0	0	0	0	0.900	0.274	0.926
NAMPT	PNP	9606.ENSP00000222553	9606.ENSP00000354532	0.086	0	0	0	0.064	0	0.900	0.325	0.934
NAPA	VAMP3	9606.ENSP00000263354	9606.ENSP00000054666	0	0	0	0	0.112	0.810	0.540	0.710	0.974
NAPA	SEC13	9606.ENSP00000263354	9606.ENSP00000373312	0	0	0	0	0.092	0.067	0	0.422	0.467
NAPA	VCP	9606.ENSP00000263354	9606.ENSP00000351777	0	0	0	0	0.067	0.381	0	0.376	0.608
NAPA	RAB6A	9606.ENSP00000263354	9606.ENSP00000311449	0	0	0	0	0.062	0.068	0.500	0.226	0.616
NAPA	RAB1A	9606.ENSP00000263354	9606.ENSP00000387286	0	0	0	0	0.072	0.066	0.500	0.341	0.676
NAPA	RAB1B	9606.ENSP00000263354	9606.ENSP00000310226	0	0	0	0	0.285	0.066	0.500	0.205	0.699
NAPA	VAMP8	9606.ENSP00000263354	9606.ENSP00000263864	0	0	0	0	0.053	0.844	0.540	0.747	0.980
NDRG1	SLC2A1	9606.ENSP00000404854	9606.ENSP00000416293	0	0	0	0	0.200	0	0	0.399	0.499
NME1	PRDX5	9606.ENSP00000337060	9606.ENSP00000265462	0	0	0	0	0.082	0.426	0	0.145	0.510
NME1	RPS3	9606.ENSP00000337060	9606.ENSP00000278572	0.042	0	0	0	0.437	0.071	0	0.171	0.529
NME1	RACK1	9606.ENSP00000337060	9606.ENSP00000426909	0	0	0	0	0.295	0.071	0	0.162	0.403
NME1	RPL17	9606.ENSP00000337060	9606.ENSP00000463842	0	0	0	0	0.304	0.179	0	0.043	0.405
NME1	SFN	9606.ENSP00000337060	9606.ENSP00000340989	0	0	0	0	0.123	0.059	0	0.359	0.425
NME1	PAICS	9606.ENSP00000337060	9606.ENSP00000382595	0	0	0	0	0.329	0	0	0.217	0.452
NME1	STMN1	9606.ENSP00000337060	9606.ENSP00000410452	0	0	0	0	0.128	0.095	0.098	0.357	0.481
NME1	PARK7	9606.ENSP00000337060	9606.ENSP00000340278	0.069	0	0	0	0.226	0	0	0.405	0.534
NME1	RPSA	9606.ENSP00000337060	9606.ENSP00000389351	0	0	0	0	0.413	0.251	0	0.266	0.649
NPM1	VCL	9606.ENSP00000296930	9606.ENSP00000211998	0	0	0	0	0	0	0.500	0.183	0.574
NPM1	PFN1	9606.ENSP00000296930	9606.ENSP00000225655	0	0	0	0	0.085	0	0	0.463	0.487
NPM1	YWHAE	9606.ENSP00000296930	9606.ENSP00000264335	0	0	0	0	0.133	0.335	0	0.483	0.676
NPM1	RPS3	9606.ENSP00000296930	9606.ENSP00000278572	0	0	0	0	0.471	0.192	0	0.262	0.657
NPM1	RPL22	9606.ENSP00000296930	9606.ENSP00000346088	0	0	0	0	0.129	0.266	0	0.180	0.431
NPM1	PARK7	9606.ENSP00000296930	9606.ENSP00000340278	0	0	0	0	0.124	0.305	0	0.175	0.454
NPM1	TUBA1C	9606.ENSP00000296930	9606.ENSP00000443475	0	0	0	0	0.134	0.368	0	0.095	0.462
NPM1	RANBP1	9606.ENSP00000296930	9606.ENSP00000401564	0	0	0	0	0.313	0	0	0.267	0.475
NPM1	RPS26	9606.ENSP00000296930	9606.ENSP00000348849	0	0	0	0	0.289	0.189	0	0.174	0.482
NPM1	VCP	9606.ENSP00000296930	9606.ENSP00000351777	0	0	0	0	0.099	0.342	0	0.240	0.510
NPM1	SEC13	9606.ENSP00000296930	9606.ENSP00000373312	0	0	0	0	0.068	0	0.500	0	0.514
NPM1	RPS25	9606.ENSP00000296930	9606.ENSP00000435096	0	0	0	0	0.321	0.162	0	0.222	0.519
NPM1	UBA52	9606.ENSP00000296930	9606.ENSP00000388107	0	0	0	0	0.194	0	0	0.434	0.524
NPM1	RPL17	9606.ENSP00000296930	9606.ENSP00000463842	0	0	0	0	0.292	0.359	0	0	0.526
NPM1	RPL10	9606.ENSP00000296930	9606.ENSP00000413436	0	0	0	0	0.299	0.396	0	0	0.559
NPM1	RPSA	9606.ENSP00000296930	9606.ENSP00000389351	0	0	0	0	0.293	0.198	0	0.476	0.677
NPM1	RPL7A	9606.ENSP00000296930	9606.ENSP00000361076	0	0	0	0	0.236	0.619	0	0.200	0.747
NPM1	RACK1	9606.ENSP00000296930	9606.ENSP00000426909	0	0	0	0	0.573	0.194	0	0.453	0.795
NPM1	YBX1	9606.ENSP00000296930	9606.ENSP00000361626	0	0	0	0	0.188	0.512	0	0.564	0.812
NRP1	RRAS	9606.ENSP00000265371	9606.ENSP00000246792	0	0	0	0	0.060	0	0.500	0.221	0.602
NRP1	NT5E	9606.ENSP00000265371	9606.ENSP00000257770	0	0	0	0	0.125	0	0	0.373	0.427
NRP1	THBS1	9606.ENSP00000265371	9606.ENSP00000260356	0	0	0	0	0.115	0	0	0.568	0.601
NRP1	SDC4	9606.ENSP00000265371	9606.ENSP00000361818	0	0	0	0	0.067	0	0	0.438	0.453
NRP1	TLN1	9606.ENSP00000265371	9606.ENSP00000316029	0	0	0	0	0.054	0	0.500	0.175	0.575
NRP1	SLC2A1	9606.ENSP00000265371	9606.ENSP00000416293	0	0	0	0	0	0	0	0.819	0.819
NRP1	PLXNA1	9606.ENSP00000265371	9606.ENSP00000377061	0	0	0	0	0.066	0.713	0.900	0.998	0.999
NT5E	TIMP1	9606.ENSP00000257770	9606.ENSP00000218388	0	0	0	0	0.113	0	0	0.550	0.584
NT5E	TSG101	9606.ENSP00000257770	9606.ENSP00000251968	0	0	0	0	0.042	0	0	0.471	0.472
NT5E	PXDN	9606.ENSP00000257770	9606.ENSP00000252804	0	0	0	0	0.083	0	0	0.479	0.502
NT5E	S100A4	9606.ENSP00000257770	9606.ENSP00000357704	0	0	0	0	0.093	0	0.108	0.322	0.403
NT5E	RHOG	9606.ENSP00000257770	9606.ENSP00000339467	0	0	0	0	0.042	0.489	0	0.073	0.506
NT5E	TYMP	9606.ENSP00000257770	9606.ENSP00000379038	0.215	0	0	0	0.044	0	0.900	0.199	0.931
NT5E	PNP	9606.ENSP00000257770	9606.ENSP00000354532	0.098	0	0	0	0.099	0	0.978	0.518	0.990
PAICS	RPS3	9606.ENSP00000382595	9606.ENSP00000278572	0	0	0	0	0.422	0	0	0.213	0.526
PAICS	PNP	9606.ENSP00000382595	9606.ENSP00000354532	0	0	0	0	0.056	0	0	0.451	0.459
PAICS	PGM2	9606.ENSP00000382595	9606.ENSP00000371393	0	0	0	0	0.072	0	0	0.541	0.556
PARK7	VAMP3	9606.ENSP00000340278	9606.ENSP00000054666	0	0	0	0	0.057	0.075	0	0.408	0.438
PARK7	PFN1	9606.ENSP00000340278	9606.ENSP00000225655	0	0	0	0	0.097	0.195	0	0.248	0.405
PARK7	TSG101	9606.ENSP00000340278	9606.ENSP00000251968	0	0	0	0	0.121	0	0.400	0.155	0.515
PARK7	PXDN	9606.ENSP00000340278	9606.ENSP00000252804	0	0	0	0	0.063	0	0	0.397	0.411
PARK7	THBS1	9606.ENSP00000340278	9606.ENSP00000260356	0	0	0	0	0	0.067	0	0.421	0.437
PARK7	PRDX5	9606.ENSP00000340278	9606.ENSP00000265462	0	0	0	0	0.079	0.590	0	0.444	0.772
PARK7	VPS37B	9606.ENSP00000340278	9606.ENSP00000267202	0	0	0	0	0.042	0	0.400	0	0.400
PARK7	RPS3	9606.ENSP00000340278	9606.ENSP00000278572	0.055	0	0	0	0.271	0.323	0	0.248	0.603
PARK7	PSMC5	9606.ENSP00000340278	9606.ENSP00000310572	0.044	0	0	0	0.245	0.095	0	0.271	0.461
PARK7	PPP2R1A	9606.ENSP00000340278	9606.ENSP00000324804	0	0	0	0	0.076	0.225	0	0.268	0.430
PARK7	RPSA	9606.ENSP00000340278	9606.ENSP00000389351	0.049	0	0	0	0.134	0.292	0	0.167	0.449
PARK7	UBA52	9606.ENSP00000340278	9606.ENSP00000388107	0	0	0	0	0.168	0	0.400	0.063	0.491
PARK7	VPS28	9606.ENSP00000340278	9606.ENSP00000366565	0	0	0	0	0.162	0	0.400	0.068	0.491
PARK7	TKT	9606.ENSP00000340278	9606.ENSP00000391481	0.042	0	0	0	0.139	0.322	0	0.218	0.504
PARK7	STMN1	9606.ENSP00000340278	9606.ENSP00000410452	0.043	0	0	0	0.076	0.329	0	0.269	0.508
PARK7	RACK1	9606.ENSP00000340278	9606.ENSP00000426909	0	0	0	0	0.162	0.304	0	0.425	0.636
PARK7	VCP	9606.ENSP00000340278	9606.ENSP00000351777	0	0	0	0	0.111	0.248	0.500	0.399	0.772
PARK7	SOD2	9606.ENSP00000340278	9606.ENSP00000446252	0	0	0	0	0.140	0	0.792	0.605	0.923
PATJ	RHOA	9606.ENSP00000494277	9606.ENSP00000400175	0	0	0	0	0	0.147	0	0.546	0.596
PATJ	RDX	9606.ENSP00000494277	9606.ENSP00000496414	0	0	0	0	0	0.091	0	0.640	0.659
PDCD6IP	PFN1	9606.ENSP00000411825	9606.ENSP00000225655	0	0	0	0	0.126	0	0	0.372	0.427
PDCD6IP	VPS4B	9606.ENSP00000411825	9606.ENSP00000238497	0	0	0	0	0.191	0.651	0.500	0.921	0.987
PDCD6IP	TSG101	9606.ENSP00000411825	9606.ENSP00000251968	0	0	0	0	0.181	0.880	0.500	0.997	0.999
PDCD6IP	RAB27B	9606.ENSP00000411825	9606.ENSP00000262094	0	0	0	0	0	0	0	0.459	0.459
PDCD6IP	VPS37B	9606.ENSP00000411825	9606.ENSP00000267202	0	0	0	0	0.042	0	0.500	0.419	0.697
PDCD6IP	RPS3	9606.ENSP00000411825	9606.ENSP00000278572	0	0	0	0	0.049	0.094	0	0.411	0.448
PDCD6IP	TUBB	9606.ENSP00000411825	9606.ENSP00000339001	0	0	0	0	0.067	0.292	0	0.484	0.629
PDCD6IP	VCP	9606.ENSP00000411825	9606.ENSP00000351777	0	0	0	0	0.186	0.131	0	0.273	0.441
PDCD6IP	VPS28	9606.ENSP00000411825	9606.ENSP00000366565	0	0	0	0	0.109	0.095	0.500	0.761	0.891
PDCD6IP	SDCBP2	9606.ENSP00000411825	9606.ENSP00000371233	0	0	0	0	0	0.143	0	0.774	0.798
PDCD6IP	UBA52	9606.ENSP00000411825	9606.ENSP00000388107	0	0	0	0	0.049	0.507	0	0.111	0.546
PDCD6IP	SDCBP	9606.ENSP00000411825	9606.ENSP00000428184	0	0	0	0	0.058	0.270	0.900	0.979	0.998
PFN1	RALA	9606.ENSP00000225655	9606.ENSP00000005257	0	0	0	0	0.083	0.093	0	0.450	0.503
PFN1	VCL	9606.ENSP00000225655	9606.ENSP00000211998	0	0	0	0	0.083	0.124	0.900	0.764	0.978
PFN1	TUBA1C	9606.ENSP00000225655	9606.ENSP00000443475	0	0	0	0	0.224	0	0	0.262	0.404
PFN1	RDX	9606.ENSP00000225655	9606.ENSP00000496414	0	0	0	0	0.064	0.082	0	0.384	0.425
PFN1	STMN1	9606.ENSP00000225655	9606.ENSP00000410452	0	0	0	0	0.073	0.201	0	0.300	0.437
PFN1	RHOG	9606.ENSP00000225655	9606.ENSP00000339467	0	0	0	0	0.249	0.098	0	0.253	0.450
PFN1	RAB6A	9606.ENSP00000225655	9606.ENSP00000311449	0	0	0	0	0.081	0.069	0	0.439	0.479
PFN1	RRAS	9606.ENSP00000225655	9606.ENSP00000246792	0	0	0	0	0.110	0.093	0	0.424	0.495
PFN1	S100A11	9606.ENSP00000225655	9606.ENSP00000271638	0	0	0	0	0.344	0.049	0	0.271	0.506
PFN1	TUBB	9606.ENSP00000225655	9606.ENSP00000339001	0	0	0	0	0.299	0.069	0	0.317	0.515
PFN1	RAC2	9606.ENSP00000225655	9606.ENSP00000249071	0	0	0	0	0.275	0.098	0	0.364	0.548
PFN1	PLS3	9606.ENSP00000225655	9606.ENSP00000348163	0	0	0	0	0.066	0.071	0	0.572	0.596
PFN1	WDR1	9606.ENSP00000225655	9606.ENSP00000427687	0	0	0	0	0.262	0	0	0.543	0.648
PFN1	TWF1	9606.ENSP00000225655	9606.ENSP00000449428	0	0	0	0	0.042	0.096	0	0.638	0.659
PFN1	TLN1	9606.ENSP00000225655	9606.ENSP00000316029	0	0	0	0	0.186	0	0	0.602	0.662
PFN1	SH3BGRL3	9606.ENSP00000225655	9606.ENSP00000270792	0	0	0	0	0.449	0	0	0.495	0.710
PFN1	TAGLN2	9606.ENSP00000225655	9606.ENSP00000357076	0	0	0	0	0.235	0.074	0	0.624	0.711
PFN1	YWHAE	9606.ENSP00000225655	9606.ENSP00000264335	0	0	0	0	0.368	0.066	0	0.602	0.745
PFN1	TUBA4A	9606.ENSP00000225655	9606.ENSP00000248437	0	0	0	0	0.086	0	0	0.735	0.747
PFN1	VCP	9606.ENSP00000225655	9606.ENSP00000351777	0	0	0	0	0.123	0.186	0	0.761	0.814
PFN1	RHOC	9606.ENSP00000225655	9606.ENSP00000285735	0	0	0	0	0.633	0.213	0.500	0.334	0.891
PFN1	RHOA	9606.ENSP00000225655	9606.ENSP00000400175	0	0	0	0	0.445	0.211	0.500	0.757	0.939
PGD	PNP	9606.ENSP00000270776	9606.ENSP00000354532	0	0	0	0	0.049	0	0	0.400	0.405
PGD	UGP2	9606.ENSP00000270776	9606.ENSP00000338703	0	0	0	0	0.055	0	0	0.415	0.424
PGD	PGM2	9606.ENSP00000270776	9606.ENSP00000371393	0.042	0	0	0	0.073	0	0	0.841	0.847
PGD	TKT	9606.ENSP00000270776	9606.ENSP00000391481	0.101	0	0	0	0.813	0.154	0	0.847	0.975
PGM2	UGP2	9606.ENSP00000371393	9606.ENSP00000338703	0.057	0	0	0	0.082	0.091	0.953	0.628	0.983
PGM2	PNP	9606.ENSP00000371393	9606.ENSP00000354532	0.102	0	0	0	0.106	0	0.449	0.682	0.840
PGM2	SLC2A1	9606.ENSP00000371393	9606.ENSP00000416293	0	0	0	0	0.063	0	0	0.449	0.463
PGM2	TYMP	9606.ENSP00000371393	9606.ENSP00000379038	0.115	0	0	0	0.042	0	0.673	0.240	0.761
PGM2	TKT	9606.ENSP00000371393	9606.ENSP00000391481	0.048	0	0	0	0.129	0.177	0.900	0.423	0.953
PKP3	TGM1	9606.ENSP00000331678	9606.ENSP00000206765	0	0	0	0	0.106	0	0.500	0.319	0.669
PKP3	SPRR3	9606.ENSP00000331678	9606.ENSP00000330391	0	0	0	0	0.084	0	0.500	0.119	0.561
PKP3	S100A14	9606.ENSP00000331678	9606.ENSP00000357691	0	0	0	0	0.409	0	0	0.176	0.492
PKP3	YBX1	9606.ENSP00000331678	9606.ENSP00000361626	0	0	0	0	0.056	0	0.540	0	0.547
PKP3	SPRR2B	9606.ENSP00000331678	9606.ENSP00000357744	0	0	0	0	0.044	0	0.500	0.137	0.551
PKP3	SPRR1A	9606.ENSP00000331678	9606.ENSP00000357751	0	0	0	0	0.080	0	0.500	0.158	0.578
PKP3	SFN	9606.ENSP00000331678	9606.ENSP00000340989	0	0	0	0	0.450	0.063	0	0.596	0.773
PKP3	PPL	9606.ENSP00000331678	9606.ENSP00000340510	0	0	0	0	0.203	0.045	0.500	0.530	0.797
PLAT	TIMP1	9606.ENSP00000220809	9606.ENSP00000218388	0	0	0	0	0.142	0	0	0.511	0.562
PLAT	TIMP3	9606.ENSP00000220809	9606.ENSP00000266085	0	0	0	0	0.215	0	0	0.305	0.431
PLAT	PXDN	9606.ENSP00000220809	9606.ENSP00000252804	0	0	0	0	0.097	0.044	0	0.475	0.507
PLAT	THBS1	9606.ENSP00000220809	9606.ENSP00000260356	0	0	0	0	0.277	0.094	0	0.377	0.557
PLAT	PLAU	9606.ENSP00000220809	9606.ENSP00000361850	0	0	0.099	0.879	0.156	0.292	0.540	0.446	0.837
PLAT	S100A10	9606.ENSP00000220809	9606.ENSP00000357801	0	0	0	0	0.074	0.046	0.400	0.978	0.987
PLAT	SERPINB2	9606.ENSP00000220809	9606.ENSP00000401645	0	0	0	0	0.064	0.204	0.900	0.879	0.989
PLAT	SERPINE1	9606.ENSP00000220809	9606.ENSP00000223095	0	0	0	0	0.202	0.959	0.900	0.999	0.999
PLAU	TIMP1	9606.ENSP00000361850	9606.ENSP00000218388	0	0	0	0	0.162	0	0	0.641	0.686
PLAU	SERPINE1	9606.ENSP00000361850	9606.ENSP00000223095	0	0	0	0	0.259	0.977	0.540	0.999	0.999
PLAU	PXDN	9606.ENSP00000361850	9606.ENSP00000252804	0	0	0	0	0.085	0.044	0	0.448	0.475
PLAU	THBS1	9606.ENSP00000361850	9606.ENSP00000260356	0	0	0	0	0.187	0.094	0	0.673	0.738
PLAU	TNC	9606.ENSP00000361850	9606.ENSP00000265131	0	0	0	0	0.110	0	0.360	0	0.406
PLAU	TIMP3	9606.ENSP00000361850	9606.ENSP00000266085	0	0	0	0	0.074	0	0	0.424	0.444
PLAU	PTX3	9606.ENSP00000361850	9606.ENSP00000295927	0	0	0	0	0.106	0	0	0.370	0.413
PLAU	S100A10	9606.ENSP00000361850	9606.ENSP00000357801	0	0	0	0	0.157	0.046	0	0.570	0.624
PLAU	SERPINB5	9606.ENSP00000361850	9606.ENSP00000372221	0	0	0	0	0.056	0.045	0	0.436	0.447
PLAU	RHOA	9606.ENSP00000361850	9606.ENSP00000400175	0	0	0	0	0.070	0.067	0	0.638	0.658
PLAU	SERPINB2	9606.ENSP00000361850	9606.ENSP00000401645	0	0	0	0	0.109	0.362	0.500	0.959	0.986
PLS3	TUBB	9606.ENSP00000348163	9606.ENSP00000339001	0	0	0	0	0.066	0	0	0.439	0.454
PLS3	TAGLN2	9606.ENSP00000348163	9606.ENSP00000357076	0	0	0	0	0.044	0.364	0	0.287	0.529
PLXNA1	VAMP3	9606.ENSP00000377061	9606.ENSP00000054666	0	0	0	0	0.055	0	0.400	0.054	0.416
PLXNA1	RRAS	9606.ENSP00000377061	9606.ENSP00000246792	0	0	0	0	0.066	0.132	0.500	0.562	0.798
PLXNA1	RAC2	9606.ENSP00000377061	9606.ENSP00000249071	0	0	0	0	0.092	0.363	0.900	0.137	0.943
PLXNA1	TLN1	9606.ENSP00000377061	9606.ENSP00000316029	0	0	0	0	0.058	0	0.500	0.187	0.583
PLXNA1	RHOA	9606.ENSP00000377061	9606.ENSP00000400175	0	0	0	0	0.055	0.224	0	0.376	0.503
PNP	PXDN	9606.ENSP00000354532	9606.ENSP00000252804	0	0	0	0	0.044	0	0	0.484	0.485
PNP	SRM	9606.ENSP00000354532	9606.ENSP00000366156	0.105	0	0	0	0.113	0	0.585	0.309	0.742
PNP	TYMP	9606.ENSP00000354532	9606.ENSP00000379038	0.120	0	0	0	0.042	0	0.900	0.642	0.965
PPL	TGM1	9606.ENSP00000340510	9606.ENSP00000206765	0	0	0	0	0.104	0	0.500	0.671	0.840
PPL	SPRR3	9606.ENSP00000340510	9606.ENSP00000330391	0	0	0	0	0.082	0	0.500	0.337	0.669
PPL	TGM2	9606.ENSP00000340510	9606.ENSP00000355330	0	0	0	0	0.042	0	0	0.456	0.457
PPL	RDX	9606.ENSP00000340510	9606.ENSP00000496414	0	0	0	0	0.073	0	0	0.507	0.524
PPL	SPRR2B	9606.ENSP00000340510	9606.ENSP00000357744	0	0	0	0	0.056	0	0.500	0.201	0.589
PPL	SPRR1A	9606.ENSP00000340510	9606.ENSP00000357751	0	0	0	0	0.072	0	0.500	0.237	0.615
PPL	VIM	9606.ENSP00000340510	9606.ENSP00000446007	0	0	0	0	0	0.604	0	0.116	0.636
PPP2R1A	YWHAE	9606.ENSP00000324804	9606.ENSP00000264335	0	0	0	0	0.206	0.060	0	0.435	0.542
PPP2R1A	RPS3	9606.ENSP00000324804	9606.ENSP00000278572	0	0	0	0	0.203	0.367	0	0.077	0.494
PPP2R1A	RAB8A	9606.ENSP00000324804	9606.ENSP00000300935	0	0	0	0	0.078	0	0.500	0.098	0.547
PPP2R1A	PSMC5	9606.ENSP00000324804	9606.ENSP00000310572	0	0	0	0	0.186	0	0	0.417	0.505
PPP2R1A	RPL22	9606.ENSP00000324804	9606.ENSP00000346088	0	0	0	0	0.098	0	0	0.369	0.406
PPP2R1A	RAB1A	9606.ENSP00000324804	9606.ENSP00000387286	0	0	0	0	0.081	0	0	0.445	0.469
PPP2R1A	RPSA	9606.ENSP00000324804	9606.ENSP00000389351	0	0	0	0	0.303	0.292	0	0.127	0.531
PPP2R1A	UBA52	9606.ENSP00000324804	9606.ENSP00000388107	0	0	0	0	0.081	0	0.500	0.070	0.535
PPP2R1A	RACK1	9606.ENSP00000324804	9606.ENSP00000426909	0	0	0	0	0.307	0.292	0	0.129	0.536
PPP2R1A	TUBB4B	9606.ENSP00000324804	9606.ENSP00000341289	0	0	0	0	0.314	0	0	0.441	0.600
PPP2R1A	VCP	9606.ENSP00000324804	9606.ENSP00000351777	0	0	0	0	0.218	0.606	0	0.121	0.705
PPP2R1A	PPP2R5D	9606.ENSP00000324804	9606.ENSP00000417963	0	0	0	0	0.166	0.996	0.800	0.872	0.999
PPP2R5D	UBA52	9606.ENSP00000417963	9606.ENSP00000388107	0	0	0	0	0.044	0	0.500	0.126	0.545
PRDX5	SOD2	9606.ENSP00000265462	9606.ENSP00000446252	0	0	0	0	0.295	0.330	0	0.645	0.818
PSCA	TACSTD2	9606.ENSP00000301258	9606.ENSP00000360269	0	0	0	0	0.101	0	0	0.371	0.410
PSMB2	PSMC5	9606.ENSP00000362334	9606.ENSP00000310572	0	0	0	0	0.546	0.997	0	0.592	0.999
PSMB2	TUBB	9606.ENSP00000362334	9606.ENSP00000339001	0	0	0	0	0.195	0.205	0	0.180	0.429
PSMB2	RPS26	9606.ENSP00000362334	9606.ENSP00000348849	0	0	0	0	0.200	0	0	0.325	0.437
PSMB2	VCP	9606.ENSP00000362334	9606.ENSP00000351777	0	0	0	0	0.250	0.646	0.500	0.331	0.899
PSMB2	SEC13	9606.ENSP00000362334	9606.ENSP00000373312	0	0	0	0	0.392	0	0	0.081	0.417
PSMB2	UBE2D2	9606.ENSP00000362334	9606.ENSP00000381717	0	0	0	0	0.096	0.114	0	0.423	0.498
PSMB2	UBA52	9606.ENSP00000362334	9606.ENSP00000388107	0	0	0	0	0.139	0.881	0.500	0.110	0.948
PSMC5	RPS3	9606.ENSP00000310572	9606.ENSP00000278572	0	0	0	0	0.658	0.097	0	0	0.677
PSMC5	RPL22	9606.ENSP00000310572	9606.ENSP00000346088	0	0	0	0	0.499	0	0	0	0.499
PSMC5	RPSA	9606.ENSP00000310572	9606.ENSP00000389351	0	0	0	0	0.521	0.094	0	0.093	0.572
PSMC5	RPL10	9606.ENSP00000310572	9606.ENSP00000413436	0	0	0	0	0.631	0.067	0	0	0.641
PSMC5	RPL17	9606.ENSP00000310572	9606.ENSP00000463842	0	0	0	0	0.626	0.071	0	0.067	0.647
PSMC5	RPS25	9606.ENSP00000310572	9606.ENSP00000435096	0	0.016	0	0	0.647	0	0	0.068	0.657
PSMC5	RPL7A	9606.ENSP00000310572	9606.ENSP00000361076	0	0	0	0	0.659	0.077	0	0	0.672
PSMC5	RPS26	9606.ENSP00000310572	9606.ENSP00000348849	0	0	0	0	0.652	0.073	0	0.093	0.681
PSMC5	RACK1	9606.ENSP00000310572	9606.ENSP00000426909	0	0.012	0	0	0.707	0.095	0	0	0.723
PSMC5	VCP	9606.ENSP00000310572	9606.ENSP00000351777	0	0	0.106	0.803	0.345	0.355	0.500	0.142	0.808
PSMC5	UBA52	9606.ENSP00000310572	9606.ENSP00000388107	0	0	0	0	0.056	0.883	0.500	0.456	0.966
PTGFRN	TSPAN14	9606.ENSP00000376899	9606.ENSP00000361231	0	0	0	0	0.047	0.292	0	0.415	0.570
PTGFRN	SDCBP	9606.ENSP00000376899	9606.ENSP00000428184	0	0	0	0	0	0	0	0.429	0.429
PTGFRN	RDX	9606.ENSP00000376899	9606.ENSP00000496414	0	0	0	0	0.062	0	0	0.611	0.619
PTX3	TIMP1	9606.ENSP00000295927	9606.ENSP00000218388	0	0	0	0	0.153	0	0	0.425	0.493
PTX3	SERPINE1	9606.ENSP00000295927	9606.ENSP00000223095	0	0	0	0	0.174	0	0	0.474	0.547
PTX3	THBS1	9606.ENSP00000295927	9606.ENSP00000260356	0	0	0	0	0.117	0	0	0.478	0.519
PXDN	VCL	9606.ENSP00000252804	9606.ENSP00000211998	0	0	0	0	0.074	0	0	0.691	0.702
PXDN	TIMP1	9606.ENSP00000252804	9606.ENSP00000218388	0	0	0	0	0.063	0	0	0.520	0.532
PXDN	SERPINE1	9606.ENSP00000252804	9606.ENSP00000223095	0	0	0	0	0.122	0	0	0.512	0.553
PXDN	TSG101	9606.ENSP00000252804	9606.ENSP00000251968	0	0	0	0	0.057	0	0	0.570	0.577
PXDN	TIMP3	9606.ENSP00000252804	9606.ENSP00000266085	0	0	0	0	0.151	0	0	0.346	0.421
PXDN	THBS1	9606.ENSP00000252804	9606.ENSP00000260356	0	0	0	0	0.084	0	0	0.413	0.440
PXDN	S100A2	9606.ENSP00000252804	9606.ENSP00000499289	0	0	0	0	0.049	0.077	0	0.433	0.459
PXDN	S100A4	9606.ENSP00000252804	9606.ENSP00000357704	0	0	0	0	0.063	0.131	0	0.405	0.474
PXDN	SLC2A1	9606.ENSP00000252804	9606.ENSP00000416293	0	0	0	0	0.042	0	0	0.482	0.482
PXDN	VIM	9606.ENSP00000252804	9606.ENSP00000446007	0	0	0	0	0.083	0	0	0.472	0.495
PXDN	SOD2	9606.ENSP00000252804	9606.ENSP00000446252	0	0	0	0	0.042	0	0	0.598	0.598
PXDN	RHOA	9606.ENSP00000252804	9606.ENSP00000400175	0	0	0	0	0.064	0.045	0	0.615	0.625
RAB11B	YWHAE	9606.ENSP00000333547	9606.ENSP00000264335	0	0	0	0	0.271	0.207	0	0.114	0.444
RAB11B	RAB8A	9606.ENSP00000333547	9606.ENSP00000300935	0	0	0.081	0.910	0.164	0.501	0	0.095	0.607
RAB11B	RAB1B	9606.ENSP00000333547	9606.ENSP00000310226	0	0	0.074	0.925	0.543	0.811	0	0.071	0.916
RAB11B	RAB6A	9606.ENSP00000333547	9606.ENSP00000311449	0	0	0.081	0.856	0.144	0.518	0	0.141	0.631
RAB11B	VCP	9606.ENSP00000333547	9606.ENSP00000351777	0	0.005	0	0	0.110	0.349	0	0.115	0.443
RAB11B	RAB1A	9606.ENSP00000333547	9606.ENSP00000387286	0	0	0.076	0.920	0.136	0.729	0	0.122	0.785
RAB1A	VAMP3	9606.ENSP00000387286	9606.ENSP00000054666	0	0	0	0	0.140	0.183	0	0.306	0.470
RAB1A	RAB8A	9606.ENSP00000387286	9606.ENSP00000300935	0	0	0.064	0.950	0.101	0.865	0	0.330	0.914
RAB1A	RAB1B	9606.ENSP00000387286	9606.ENSP00000310226	0	0	0.048	0.984	0.128	0.856	0.900	0.373	0.991
RAB1A	RAB6A	9606.ENSP00000387286	9606.ENSP00000311449	0	0	0.080	0.871	0.169	0.463	0	0.580	0.805
RAB1A	SEC13	9606.ENSP00000387286	9606.ENSP00000373312	0	0	0	0	0.099	0.067	0	0.633	0.665
RAB1B	VAMP3	9606.ENSP00000310226	9606.ENSP00000054666	0	0	0	0	0.097	0.182	0	0.254	0.401
RAB1B	RAB8A	9606.ENSP00000310226	9606.ENSP00000300935	0	0	0.065	0.947	0.141	0.763	0	0.079	0.801
RAB1B	SEC13	9606.ENSP00000310226	9606.ENSP00000373312	0	0	0	0	0.114	0.067	0	0.445	0.501
RAB1B	RAB6A	9606.ENSP00000310226	9606.ENSP00000311449	0	0	0.079	0.877	0.264	0.531	0	0.448	0.801
RAB27B	VAMP3	9606.ENSP00000262094	9606.ENSP00000054666	0	0	0	0	0	0	0	0.413	0.413
RAB27B	TSG101	9606.ENSP00000262094	9606.ENSP00000251968	0	0	0	0	0	0	0	0.648	0.648
RAB27B	VAMP8	9606.ENSP00000262094	9606.ENSP00000263864	0	0	0	0	0	0	0	0.455	0.455
RAB27B	RAB8A	9606.ENSP00000262094	9606.ENSP00000300935	0	0	0.083	0.903	0	0	0	0.469	0.492
RAB27B	SDCBP	9606.ENSP00000262094	9606.ENSP00000428184	0	0	0	0	0	0	0	0.507	0.507
RAB35	VAMP3	9606.ENSP00000229340	9606.ENSP00000054666	0	0	0	0	0.056	0.073	0	0.453	0.479
RAB35	SDCBP	9606.ENSP00000229340	9606.ENSP00000428184	0	0	0	0	0.047	0.069	0	0.447	0.466
RAB35	RAB8A	9606.ENSP00000229340	9606.ENSP00000300935	0	0	0.073	0.930	0.067	0.071	0	0.427	0.478
RAB35	YWHAE	9606.ENSP00000229340	9606.ENSP00000264335	0	0	0	0	0.054	0	0.500	0.097	0.535
RAB35	TSG101	9606.ENSP00000229340	9606.ENSP00000251968	0	0	0	0	0.054	0	0	0.779	0.782
RAB6A	RALA	9606.ENSP00000311449	9606.ENSP00000005257	0	0	0.079	0.808	0.411	0.118	0	0.432	0.692
RAB6A	VAMP3	9606.ENSP00000311449	9606.ENSP00000054666	0	0	0	0	0.081	0.053	0	0.608	0.629
RAB6A	RAP1B	9606.ENSP00000311449	9606.ENSP00000250559	0	0	0	0.776	0.430	0.118	0	0.104	0.510
RAB6A	RAB8A	9606.ENSP00000311449	9606.ENSP00000300935	0	0	0.081	0.883	0.068	0.292	0	0.823	0.878
RAB8A	RALA	9606.ENSP00000300935	9606.ENSP00000005257	0	0	0.107	0.800	0.066	0.098	0.500	0.434	0.749
RAB8A	VAMP3	9606.ENSP00000300935	9606.ENSP00000054666	0	0	0	0	0.132	0.314	0	0.700	0.806
RAB8A	TUBA4A	9606.ENSP00000300935	9606.ENSP00000248437	0	0	0	0	0.087	0	0.500	0.187	0.596
RAB8A	RAC2	9606.ENSP00000300935	9606.ENSP00000249071	0	0	0	0.726	0.095	0.209	0	0.252	0.418
RAB8A	RAP1B	9606.ENSP00000300935	9606.ENSP00000250559	0	0	0.083	0.825	0.110	0.507	0	0.160	0.617
RAB8A	TSG101	9606.ENSP00000300935	9606.ENSP00000251968	0	0	0	0	0.112	0.061	0	0.566	0.606
RAB8A	VAMP8	9606.ENSP00000300935	9606.ENSP00000263864	0	0	0	0	0.074	0.071	0	0.510	0.542
RAB8A	YWHAE	9606.ENSP00000300935	9606.ENSP00000264335	0	0	0	0	0.106	0.061	0.500	0.062	0.554
RAB8A	TUBB4B	9606.ENSP00000300935	9606.ENSP00000341289	0	0	0	0	0.060	0.053	0.500	0.048	0.519
RAB8A	SFN	9606.ENSP00000300935	9606.ENSP00000340989	0	0	0	0	0.068	0.061	0.500	0.052	0.530
RAB8A	TUBB	9606.ENSP00000300935	9606.ENSP00000339001	0	0	0	0	0.082	0.053	0.500	0.087	0.550
RAB8A	TUBA1A	9606.ENSP00000300935	9606.ENSP00000439020	0	0	0	0	0.112	0	0.500	0.138	0.584
RAC2	RALA	9606.ENSP00000249071	9606.ENSP00000005257	0	0	0	0.732	0.172	0.144	0.900	0.164	0.932
RAC2	VAMP3	9606.ENSP00000249071	9606.ENSP00000054666	0	0	0	0	0.110	0.171	0.500	0.129	0.636
RAC2	VCL	9606.ENSP00000249071	9606.ENSP00000211998	0	0	0	0	0.055	0.062	0	0.395	0.417
RAC2	TLN1	9606.ENSP00000249071	9606.ENSP00000316029	0	0	0	0	0.098	0	0	0.377	0.414
RAC2	RDX	9606.ENSP00000249071	9606.ENSP00000496414	0	0	0	0	0.049	0.166	0	0.348	0.438
RAC2	S100A9	9606.ENSP00000249071	9606.ENSP00000357727	0	0	0	0	0.207	0.102	0.500	0	0.612
RAC2	RAP1B	9606.ENSP00000249071	9606.ENSP00000250559	0	0	0.079	0.768	0.145	0.235	0	0.447	0.622
RAC2	RHOG	9606.ENSP00000249071	9606.ENSP00000339467	0	0	0.055	0.970	0.385	0	0.400	0.059	0.628
RAC2	TWF1	9606.ENSP00000249071	9606.ENSP00000449428	0	0	0	0	0.103	0	0	0.682	0.703
RAC2	S100A8	9606.ENSP00000249071	9606.ENSP00000357721	0	0	0	0	0.149	0.102	0.500	0.401	0.740
RAC2	RHOA	9606.ENSP00000249071	9606.ENSP00000400175	0	0	0.062	0.945	0.159	0.295	0.900	0.091	0.940
RACK1	SLC9A3R1	9606.ENSP00000426909	9606.ENSP00000262613	0	0	0	0	0.043	0.325	0	0.236	0.463
RACK1	YWHAE	9606.ENSP00000426909	9606.ENSP00000264335	0	0	0	0	0.189	0.088	0	0.527	0.620
RACK1	RPS3	9606.ENSP00000426909	9606.ENSP00000278572	0	0	0	0	0.991	0.997	0.540	0.645	0.999
RACK1	TLN1	9606.ENSP00000426909	9606.ENSP00000316029	0	0	0	0	0.049	0	0	0.537	0.540
RACK1	RPL22	9606.ENSP00000426909	9606.ENSP00000346088	0	0	0	0	0.893	0.993	0	0.289	0.999
RACK1	RPS26	9606.ENSP00000426909	9606.ENSP00000348849	0	0	0	0	0.976	0.997	0.540	0.552	0.999
RACK1	VCP	9606.ENSP00000426909	9606.ENSP00000351777	0	0.001	0	0	0.141	0.091	0	0.319	0.422
RACK1	RPL7A	9606.ENSP00000426909	9606.ENSP00000361076	0	0	0	0	0.990	0.997	0	0.292	0.999
RACK1	YBX1	9606.ENSP00000426909	9606.ENSP00000361626	0	0	0	0	0.301	0	0	0.463	0.609
RACK1	UBA52	9606.ENSP00000426909	9606.ENSP00000388107	0	0	0	0	0.945	0.991	0.540	0.430	0.999
RACK1	RPSA	9606.ENSP00000426909	9606.ENSP00000389351	0	0	0	0	0.991	0.997	0.540	0.390	0.999
RACK1	RHOA	9606.ENSP00000426909	9606.ENSP00000400175	0	0	0	0	0.175	0.166	0	0.329	0.498
RACK1	RPL10	9606.ENSP00000426909	9606.ENSP00000413436	0	0	0	0	0.961	0.974	0	0.212	0.999
RACK1	VIM	9606.ENSP00000426909	9606.ENSP00000446007	0	0	0	0	0.082	0	0	0.403	0.428
RACK1	RPS25	9606.ENSP00000426909	9606.ENSP00000435096	0	0	0	0	0.958	0.997	0.540	0.528	0.999
RACK1	RPL17	9606.ENSP00000426909	9606.ENSP00000463842	0	0	0	0	0.958	0.993	0	0.098	0.999
RALA	TNFAIP2	9606.ENSP00000005257	9606.ENSP00000452634	0	0	0	0	0.042	0.045	0	0.428	0.431
RALA	TUBA1A	9606.ENSP00000005257	9606.ENSP00000439020	0	0	0	0	0.080	0.121	0	0.383	0.458
RALA	RHOA	9606.ENSP00000005257	9606.ENSP00000400175	0	0	0	0.752	0.071	0.212	0.900	0.165	0.930
RANBP1	RPL10	9606.ENSP00000401564	9606.ENSP00000413436	0	0	0	0	0.346	0.071	0	0.142	0.433
RANBP1	WDR1	9606.ENSP00000401564	9606.ENSP00000427687	0	0	0	0	0.083	0	0	0.421	0.446
RANBP1	RPS25	9606.ENSP00000401564	9606.ENSP00000435096	0	0	0	0	0.452	0	0	0	0.452
RAP1B	VCL	9606.ENSP00000250559	9606.ENSP00000211998	0	0	0	0	0.044	0.062	0.400	0.498	0.693
RAP1B	RHOA	9606.ENSP00000250559	9606.ENSP00000400175	0	0	0.082	0.772	0.159	0.209	0.900	0.437	0.959
RAP1B	TLN1	9606.ENSP00000250559	9606.ENSP00000316029	0	0	0	0	0.049	0.900	0.400	0.710	0.981
RDX	VCL	9606.ENSP00000496414	9606.ENSP00000211998	0	0	0	0	0.118	0.045	0	0.731	0.753
RDX	TSG101	9606.ENSP00000496414	9606.ENSP00000251968	0	0	0	0	0.058	0	0	0.470	0.480
RDX	SLC9A3R1	9606.ENSP00000496414	9606.ENSP00000262613	0	0	0	0	0.042	0.910	0.900	0.998	0.999
RDX	RHOC	9606.ENSP00000496414	9606.ENSP00000285735	0	0	0	0	0.067	0.126	0	0.351	0.425
RDX	TLN1	9606.ENSP00000496414	9606.ENSP00000316029	0	0	0	0.559	0.051	0.066	0	0.662	0.675
RDX	RHOA	9606.ENSP00000496414	9606.ENSP00000400175	0	0	0	0	0.062	0.126	0	0.683	0.718
RDX	TWF1	9606.ENSP00000496414	9606.ENSP00000449428	0	0	0	0	0.083	0	0.800	0.207	0.841
RHOA	VAMP3	9606.ENSP00000400175	9606.ENSP00000054666	0	0	0	0	0.258	0.206	0.400	0.247	0.698
RHOA	VCL	9606.ENSP00000400175	9606.ENSP00000211998	0	0	0	0	0.083	0.062	0	0.842	0.852
RHOA	TIMP1	9606.ENSP00000400175	9606.ENSP00000218388	0	0	0	0	0.121	0.046	0	0.375	0.431
RHOA	SERPINE1	9606.ENSP00000400175	9606.ENSP00000223095	0	0	0	0	0.049	0	0	0.416	0.420
RHOA	TAX1BP3	9606.ENSP00000400175	9606.ENSP00000225525	0	0	0	0	0.064	0	0.500	0.554	0.773
RHOA	RRAS	9606.ENSP00000400175	9606.ENSP00000246792	0	0	0.098	0.725	0.067	0.095	0.900	0.191	0.927
RHOA	THBS1	9606.ENSP00000400175	9606.ENSP00000260356	0	0	0	0	0.076	0.078	0	0.376	0.422
RHOA	SLC9A3R1	9606.ENSP00000400175	9606.ENSP00000262613	0	0	0	0	0.042	0.071	0	0.587	0.600
RHOA	RHOC	9606.ENSP00000400175	9606.ENSP00000285735	0	0	0.048	0.984	0.216	0.834	0.500	0.337	0.951
RHOA	STOM	9606.ENSP00000400175	9606.ENSP00000286713	0	0.008	0	0	0.059	0.205	0.400	0.165	0.576
RHOA	TLN1	9606.ENSP00000400175	9606.ENSP00000316029	0	0	0	0	0.118	0	0	0.770	0.788
RHOA	TUBA1B	9606.ENSP00000400175	9606.ENSP00000336799	0	0	0	0	0.187	0.231	0	0.204	0.460
RHOA	TUBB	9606.ENSP00000400175	9606.ENSP00000339001	0	0	0	0	0.126	0.198	0	0.243	0.423
RHOA	RHOG	9606.ENSP00000400175	9606.ENSP00000339467	0	0	0.063	0.950	0.176	0.293	0	0.128	0.461
RHOA	VCP	9606.ENSP00000400175	9606.ENSP00000351777	0	0	0	0	0.124	0.246	0	0.183	0.414
RHOA	S100A4	9606.ENSP00000400175	9606.ENSP00000357704	0	0	0	0	0.100	0.337	0	0.587	0.732
RHOA	SLK	9606.ENSP00000400175	9606.ENSP00000358770	0	0	0	0	0.054	0.162	0.400	0.186	0.561
RHOA	SDC4	9606.ENSP00000400175	9606.ENSP00000361818	0	0	0	0	0.070	0	0	0.436	0.453
RHOA	UBA52	9606.ENSP00000400175	9606.ENSP00000388107	0	0	0	0	0.133	0	0.500	0.127	0.589
RHOA	TUBA1C	9606.ENSP00000400175	9606.ENSP00000443475	0	0	0	0	0.137	0.204	0	0.220	0.418
RHOA	SDCBP	9606.ENSP00000400175	9606.ENSP00000428184	0	0	0	0	0.103	0.179	0	0.277	0.421
RHOA	WDR1	9606.ENSP00000400175	9606.ENSP00000427687	0	0	0	0	0.244	0	0	0.298	0.447
RHOA	VIM	9606.ENSP00000400175	9606.ENSP00000446007	0	0	0	0	0.186	0	0	0.570	0.635
RHOA	STMN1	9606.ENSP00000400175	9606.ENSP00000410452	0	0	0	0	0.046	0.102	0	0.634	0.659
RHOC	VAMP3	9606.ENSP00000285735	9606.ENSP00000054666	0	0	0	0	0.185	0.182	0.500	0.091	0.657
RHOC	VCL	9606.ENSP00000285735	9606.ENSP00000211998	0	0	0	0	0.067	0.062	0	0.399	0.428
RHOC	TAX1BP3	9606.ENSP00000285735	9606.ENSP00000225525	0	0	0	0	0.254	0	0.500	0.085	0.629
RHOC	RRAS	9606.ENSP00000285735	9606.ENSP00000246792	0	0	0.095	0.727	0.266	0.095	0	0.134	0.410
RHOC	THBS1	9606.ENSP00000285735	9606.ENSP00000260356	0	0	0	0	0.074	0.078	0	0.412	0.455
RHOC	STOM	9606.ENSP00000285735	9606.ENSP00000286713	0	0.008	0	0	0.077	0.176	0.500	0.065	0.597
RHOC	SLK	9606.ENSP00000285735	9606.ENSP00000358770	0	0	0	0	0.049	0.225	0.500	0.043	0.600
RHOG	VAMP3	9606.ENSP00000339467	9606.ENSP00000054666	0	0	0	0	0.165	0.171	0.500	0.216	0.692
RNH1	SERPINB9	9606.ENSP00000433999	9606.ENSP00000370074	0	0	0	0	0.044	0	0	0.427	0.428
RNH1	SDCBP	9606.ENSP00000433999	9606.ENSP00000428184	0	0	0	0	0.047	0.451	0	0	0.455
RPL10	SPCS2	9606.ENSP00000413436	9606.ENSP00000263672	0	0	0	0	0.055	0	0.400	0	0.408
RPL10	RPS3	9606.ENSP00000413436	9606.ENSP00000278572	0.106	0	0	0	0.999	0.986	0	0.502	0.999
RPL10	TUBB	9606.ENSP00000413436	9606.ENSP00000339001	0	0	0	0	0.129	0.800	0	0.129	0.835
RPL10	RPL22	9606.ENSP00000413436	9606.ENSP00000346088	0	0	0	0	0.610	0.978	0	0.449	0.994
RPL10	RPS26	9606.ENSP00000413436	9606.ENSP00000348849	0	0	0	0	0.926	0.986	0	0.316	0.999
RPL10	RPL7A	9606.ENSP00000413436	9606.ENSP00000361076	0.057	0	0	0	0.958	0.986	0	0.648	0.999
RPL10	YBX1	9606.ENSP00000413436	9606.ENSP00000361626	0	0	0	0	0.325	0.233	0	0.068	0.476
RPL10	UBA52	9606.ENSP00000413436	9606.ENSP00000388107	0	0	0	0	0.904	0.967	0	0.202	0.997
RPL10	RPSA	9606.ENSP00000413436	9606.ENSP00000389351	0.050	0	0	0	0.960	0.986	0	0.258	0.999
RPL10	SOD2	9606.ENSP00000413436	9606.ENSP00000446252	0.042	0	0	0	0.069	0.399	0	0.159	0.489
RPL10	RPL17	9606.ENSP00000413436	9606.ENSP00000463842	0.070	0	0	0	0.933	0.954	0	0.357	0.997
RPL10	RPS25	9606.ENSP00000413436	9606.ENSP00000435096	0	0	0	0	0.957	0.981	0	0.342	0.999
RPL17	SPCS2	9606.ENSP00000463842	9606.ENSP00000263672	0	0	0	0	0.067	0	0.400	0	0.416
RPL17	RPS3	9606.ENSP00000463842	9606.ENSP00000278572	0.115	0	0	0	0.961	0.981	0	0.390	0.999
RPL17	TUBB	9606.ENSP00000463842	9606.ENSP00000339001	0	0	0	0	0.075	0.800	0	0.147	0.828
RPL17	RPL22	9606.ENSP00000463842	9606.ENSP00000346088	0	0	0	0	0.841	0.970	0	0.351	0.996
RPL17	RPS26	9606.ENSP00000463842	9606.ENSP00000348849	0	0	0	0	0.958	0.973	0	0.242	0.999
RPL17	RPL7A	9606.ENSP00000463842	9606.ENSP00000361076	0.059	0	0	0	0.958	0.973	0	0.203	0.999
RPL17	YBX1	9606.ENSP00000463842	9606.ENSP00000361626	0	0	0	0	0.436	0.286	0	0.116	0.612
RPL17	UBA52	9606.ENSP00000463842	9606.ENSP00000388107	0	0	0	0	0.781	0.972	0	0.215	0.994
RPL17	RPSA	9606.ENSP00000463842	9606.ENSP00000389351	0.054	0	0	0	0.962	0.973	0	0.203	0.999
RPL17	RPS25	9606.ENSP00000463842	9606.ENSP00000435096	0	0	0	0	0.960	0.973	0	0.310	0.999
RPL17	SOD2	9606.ENSP00000463842	9606.ENSP00000446252	0.042	0	0	0	0.109	0.443	0	0.050	0.487
RPL22	SPCS2	9606.ENSP00000346088	9606.ENSP00000263672	0	0	0	0	0.121	0	0.400	0	0.450
RPL22	YWHAE	9606.ENSP00000346088	9606.ENSP00000264335	0	0	0	0	0.106	0	0	0.400	0.441
RPL22	RPS3	9606.ENSP00000346088	9606.ENSP00000278572	0	0	0	0	0.700	0.985	0	0.744	0.998
RPL22	TUBB	9606.ENSP00000346088	9606.ENSP00000339001	0	0	0	0	0.077	0.800	0	0.091	0.817
RPL22	UBA52	9606.ENSP00000346088	9606.ENSP00000388107	0	0	0	0	0.577	0.967	0	0.393	0.990
RPL22	RPS25	9606.ENSP00000346088	9606.ENSP00000435096	0	0	0	0	0.877	0.979	0	0.609	0.998
RPL22	RPSA	9606.ENSP00000346088	9606.ENSP00000389351	0	0	0	0	0.799	0.985	0	0.392	0.998
RPL22	RPS26	9606.ENSP00000346088	9606.ENSP00000348849	0	0	0	0	0.787	0.985	0	0.542	0.998
RPL22	RPL7A	9606.ENSP00000346088	9606.ENSP00000361076	0	0	0	0	0.840	0.992	0	0.484	0.999
RPL7A	SPCS2	9606.ENSP00000361076	9606.ENSP00000263672	0	0	0	0	0.103	0	0.400	0.068	0.454
RPL7A	RPS3	9606.ENSP00000361076	9606.ENSP00000278572	0.095	0	0	0	0.991	0.994	0	0.707	0.999
RPL7A	TUBB	9606.ENSP00000361076	9606.ENSP00000339001	0	0	0	0	0.090	0.805	0	0.073	0.821
RPL7A	RPS26	9606.ENSP00000361076	9606.ENSP00000348849	0	0	0	0	0.975	0.995	0.720	0.637	0.999
RPL7A	VCP	9606.ENSP00000361076	9606.ENSP00000351777	0	0	0	0	0.120	0.287	0	0.184	0.444
RPL7A	YBX1	9606.ENSP00000361076	9606.ENSP00000361626	0	0	0	0	0.385	0.168	0	0.073	0.485
RPL7A	UBA52	9606.ENSP00000361076	9606.ENSP00000388107	0	0	0	0	0.800	0.991	0	0.333	0.998
RPL7A	RPSA	9606.ENSP00000361076	9606.ENSP00000389351	0.057	0	0	0	0.990	0.995	0	0.416	0.999
RPL7A	RPS25	9606.ENSP00000361076	9606.ENSP00000435096	0	0	0	0	0.979	0.995	0	0.711	0.999
RPS25	SPCS2	9606.ENSP00000435096	9606.ENSP00000263672	0	0	0	0	0.059	0	0.400	0.460	0.668
RPS25	RPS3	9606.ENSP00000435096	9606.ENSP00000278572	0	0	0	0	0.981	0.996	0.900	0.773	0.999
RPS25	RPS26	9606.ENSP00000435096	9606.ENSP00000348849	0	0	0	0	0.990	0.995	0.900	0.813	0.999
RPS25	YBX1	9606.ENSP00000435096	9606.ENSP00000361626	0	0	0	0	0.354	0.089	0	0.152	0.457
RPS25	UBA52	9606.ENSP00000435096	9606.ENSP00000388107	0	0	0	0	0.937	0.992	0.540	0.642	0.999
RPS25	RPSA	9606.ENSP00000435096	9606.ENSP00000389351	0	0	0	0	0.978	0.994	0.900	0.745	0.999
RPS26	SPCS2	9606.ENSP00000348849	9606.ENSP00000263672	0	0	0	0	0.060	0	0.400	0	0.411
RPS26	RPS3	9606.ENSP00000348849	9606.ENSP00000278572	0	0	0	0	0.990	0.995	0.900	0.815	0.999
RPS26	UBA52	9606.ENSP00000348849	9606.ENSP00000388107	0	0	0	0	0.947	0.991	0.540	0.485	0.999
RPS26	RPSA	9606.ENSP00000348849	9606.ENSP00000389351	0	0	0	0	0.990	0.995	0.900	0.560	0.999
RPS3	SPCS2	9606.ENSP00000278572	9606.ENSP00000263672	0	0	0	0	0.119	0	0.400	0	0.449
RPS3	VCP	9606.ENSP00000278572	9606.ENSP00000351777	0	0	0	0	0.101	0.223	0	0.247	0.429
RPS3	WARS1	9606.ENSP00000278572	9606.ENSP00000347495	0.042	0	0	0	0.112	0	0	0.390	0.437
RPS3	YBX1	9606.ENSP00000278572	9606.ENSP00000361626	0	0	0	0	0.347	0.266	0	0.274	0.622
RPS3	UBA52	9606.ENSP00000278572	9606.ENSP00000388107	0	0	0	0	0.985	0.992	0.540	0.396	0.999
RPS3	RPSA	9606.ENSP00000278572	9606.ENSP00000389351	0.057	0	0	0	0.990	0.996	0.900	0.591	0.999
RPSA	SPCS2	9606.ENSP00000389351	9606.ENSP00000263672	0	0	0	0	0.101	0	0.400	0	0.437
RPSA	TOLLIP	9606.ENSP00000389351	9606.ENSP00000314733	0	0	0	0	0.042	0	0	0.559	0.559
RPSA	TUBA1B	9606.ENSP00000389351	9606.ENSP00000336799	0	0	0	0	0.210	0.128	0	0.312	0.485
RPSA	YBX1	9606.ENSP00000389351	9606.ENSP00000361626	0	0	0	0	0.304	0.476	0	0.216	0.689
RPSA	UBA52	9606.ENSP00000389351	9606.ENSP00000388107	0.106	0	0	0	0.898	0.991	0.540	0.410	0.999
RPSA	TUBA1A	9606.ENSP00000389351	9606.ENSP00000439020	0	0	0	0	0.170	0.128	0	0.240	0.402
RPSA	TUBA1C	9606.ENSP00000389351	9606.ENSP00000443475	0	0	0	0	0.238	0.128	0	0.229	0.444
RPSA	SOD2	9606.ENSP00000389351	9606.ENSP00000446252	0	0	0	0	0.107	0.432	0	0.134	0.522
RRAS	VCL	9606.ENSP00000246792	9606.ENSP00000211998	0	0	0	0	0.087	0.062	0	0.515	0.549
RRAS	TLN1	9606.ENSP00000246792	9606.ENSP00000316029	0	0	0	0	0.082	0	0	0.375	0.402
S100A10	S100A11	9606.ENSP00000357801	9606.ENSP00000271638	0	0	0	0.882	0.495	0.048	0	0.457	0.716
S100A10	SPRR3	9606.ENSP00000357801	9606.ENSP00000330391	0	0	0	0	0.042	0	0	0.759	0.759
S100A10	TAGLN2	9606.ENSP00000357801	9606.ENSP00000357076	0	0	0	0	0.196	0	0	0.307	0.419
S100A10	S100A14	9606.ENSP00000357801	9606.ENSP00000357691	0	0	0	0	0.080	0	0	0.506	0.526
S100A10	S100A16	9606.ENSP00000357801	9606.ENSP00000357695	0	0	0	0	0.311	0.048	0	0.594	0.711
S100A10	S100A4	9606.ENSP00000357801	9606.ENSP00000357704	0	0	0	0.851	0.641	0.048	0	0.350	0.758
S100A10	S100A7	9606.ENSP00000357801	9606.ENSP00000357711	0	0	0	0	0.042	0	0	0.511	0.511
S100A10	S100A8	9606.ENSP00000357801	9606.ENSP00000357721	0	0	0	0	0.083	0.048	0	0.459	0.486
S100A10	SPRR1A	9606.ENSP00000357801	9606.ENSP00000357751	0	0	0	0	0.047	0	0	0.620	0.622
S100A10	VIM	9606.ENSP00000357801	9606.ENSP00000446007	0	0	0	0	0.279	0	0	0.345	0.508
S100A11	TIMP1	9606.ENSP00000271638	9606.ENSP00000218388	0	0	0	0	0.348	0	0	0.186	0.446
S100A11	S100A8	9606.ENSP00000271638	9606.ENSP00000357721	0	0	0	0	0.197	0	0	0.371	0.473
S100A11	S100A4	9606.ENSP00000271638	9606.ENSP00000357704	0	0	0	0.833	0.446	0	0	0.151	0.509
S100A11	TAGLN2	9606.ENSP00000271638	9606.ENSP00000357076	0	0	0	0	0.269	0.125	0	0.312	0.521
S100A11	S100A14	9606.ENSP00000271638	9606.ENSP00000357691	0	0	0	0	0.162	0	0	0.475	0.541
S100A11	S100A7	9606.ENSP00000271638	9606.ENSP00000357711	0	0	0	0	0.055	0	0	0.597	0.603
S100A11	S100A16	9606.ENSP00000271638	9606.ENSP00000357695	0	0	0.250	0	0.168	0	0	0.614	0.738
S100A14	S100P	9606.ENSP00000357691	9606.ENSP00000296370	0	0	0	0	0.183	0	0	0.311	0.413
S100A14	SERPINB5	9606.ENSP00000357691	9606.ENSP00000372221	0	0	0	0	0.327	0	0	0.202	0.440
S100A14	S100A7	9606.ENSP00000357691	9606.ENSP00000357711	0	0	0	0	0.097	0	0	0.542	0.568
S100A14	S100A4	9606.ENSP00000357691	9606.ENSP00000357704	0	0	0	0	0.172	0	0	0.506	0.573
S100A14	S100A2	9606.ENSP00000357691	9606.ENSP00000499289	0	0	0	0	0.138	0	0	0.604	0.644
S100A14	S100A16	9606.ENSP00000357691	9606.ENSP00000357695	0	0	0	0	0.500	0.730	0	0.802	0.970
S100A16	S100A4	9606.ENSP00000357695	9606.ENSP00000357704	0	0	0	0.795	0.060	0	0	0.442	0.453
S100A16	S100A2	9606.ENSP00000357695	9606.ENSP00000499289	0	0	0	0.781	0.216	0	0	0.505	0.595
S100A16	S100A7	9606.ENSP00000357695	9606.ENSP00000357711	0	0	0	0	0.056	0	0	0.653	0.659
S100A2	SERPINB3	9606.ENSP00000499289	9606.ENSP00000283752	0	0	0	0	0.253	0	0	0.262	0.425
S100A2	SPRR3	9606.ENSP00000499289	9606.ENSP00000330391	0	0	0	0	0.129	0.045	0	0.451	0.503
S100A2	SFN	9606.ENSP00000499289	9606.ENSP00000340989	0	0	0	0	0.478	0.094	0	0.309	0.644
S100A2	SERPINB4	9606.ENSP00000499289	9606.ENSP00000343445	0	0	0	0	0.210	0	0	0.304	0.427
S100A2	S100A7	9606.ENSP00000499289	9606.ENSP00000357711	0	0	0	0	0.122	0	0	0.678	0.705
S100A2	SERPINB5	9606.ENSP00000499289	9606.ENSP00000372221	0	0	0	0	0.303	0	0	0.307	0.496
S100A4	TIMP1	9606.ENSP00000357704	9606.ENSP00000218388	0	0	0	0	0.212	0	0	0.395	0.502
S100A4	SERPINE1	9606.ENSP00000357704	9606.ENSP00000223095	0	0	0	0	0.085	0	0	0.380	0.409
S100A4	THBS1	9606.ENSP00000357704	9606.ENSP00000260356	0	0	0	0	0.088	0.098	0	0.370	0.436
S100A4	SPRR3	9606.ENSP00000357704	9606.ENSP00000330391	0	0	0	0	0.061	0.045	0	0.422	0.437
S100A4	TGM2	9606.ENSP00000357704	9606.ENSP00000355330	0	0	0	0	0.067	0.042	0	0.519	0.533
S100A4	TAGLN2	9606.ENSP00000357704	9606.ENSP00000357076	0	0	0	0	0.127	0.125	0	0.309	0.426
S100A4	S100A7	9606.ENSP00000357704	9606.ENSP00000357711	0	0	0	0	0	0	0	0.580	0.580
S100A4	VIM	9606.ENSP00000357704	9606.ENSP00000446007	0	0	0	0	0.217	0	0	0.710	0.764
S100A7	SERPINB3	9606.ENSP00000357711	9606.ENSP00000283752	0	0	0	0	0.330	0.326	0	0.506	0.757
S100A7	SPRR3	9606.ENSP00000357711	9606.ENSP00000330391	0	0	0	0	0.214	0	0	0.419	0.523
S100A7	SLPI	9606.ENSP00000357711	9606.ENSP00000342082	0	0	0	0	0.103	0	0	0.404	0.442
S100A7	SERPINB4	9606.ENSP00000357711	9606.ENSP00000343445	0	0	0	0	0.260	0.258	0	0.506	0.705
S100A7	TGM2	9606.ENSP00000357711	9606.ENSP00000355330	0	0	0	0	0	0	0	0.444	0.444
S100A7	SPRR1A	9606.ENSP00000357711	9606.ENSP00000357751	0	0	0	0	0.335	0	0	0.405	0.588
S100A7	SPRR2B	9606.ENSP00000357711	9606.ENSP00000357744	0	0	0	0	0.327	0	0	0.507	0.654
S100A7	S100A8	9606.ENSP00000357711	9606.ENSP00000357721	0	0	0	0	0.398	0.303	0	0.507	0.775
S100A7	S100A9	9606.ENSP00000357711	9606.ENSP00000357727	0	0	0	0	0.400	0.309	0	0.698	0.863
S100A8	SERPINE1	9606.ENSP00000357721	9606.ENSP00000223095	0	0	0	0	0.043	0	0	0.446	0.447
S100A8	YWHAE	9606.ENSP00000357721	9606.ENSP00000264335	0	0	0	0	0	0.094	0	0.480	0.508
S100A8	SERPINB4	9606.ENSP00000357721	9606.ENSP00000343445	0	0	0	0	0.108	0.319	0	0.146	0.436
S100A8	S100A9	9606.ENSP00000357721	9606.ENSP00000357727	0	0	0.125	0.794	0.999	0.977	0.900	0.988	0.999
S100A9	SERPINB3	9606.ENSP00000357727	9606.ENSP00000283752	0	0	0	0	0.152	0.198	0	0.276	0.465
S100A9	TUBB	9606.ENSP00000357727	9606.ENSP00000339001	0	0	0	0	0.109	0.356	0	0.110	0.445
S100A9	SLPI	9606.ENSP00000357727	9606.ENSP00000342082	0	0	0	0	0.251	0.095	0	0.307	0.489
S100A9	SERPINB4	9606.ENSP00000357727	9606.ENSP00000343445	0	0	0	0	0.129	0.309	0	0.214	0.486
S100A9	TUBA1A	9606.ENSP00000357727	9606.ENSP00000439020	0	0	0	0	0.113	0.359	0	0.064	0.422
S100P	SLPI	9606.ENSP00000296370	9606.ENSP00000342082	0	0	0	0	0.336	0.095	0	0.107	0.416
SDC4	THBS1	9606.ENSP00000361818	9606.ENSP00000260356	0	0	0	0	0.102	0	0.900	0.773	0.977
SDC4	TNC	9606.ENSP00000361818	9606.ENSP00000265131	0	0	0	0	0.075	0	0.900	0.536	0.953
SDC4	TGM2	9606.ENSP00000361818	9606.ENSP00000355330	0	0	0	0	0.102	0	0	0.650	0.672
SDC4	SDCBP2	9606.ENSP00000361818	9606.ENSP00000371233	0	0	0	0	0.062	0	0	0.610	0.618
SDC4	SDCBP	9606.ENSP00000361818	9606.ENSP00000428184	0	0	0	0	0.055	0.946	0	0.671	0.981
SDCBP	VAMP3	9606.ENSP00000428184	9606.ENSP00000054666	0	0	0	0	0.152	0.068	0	0.413	0.496
SDCBP	VPS4B	9606.ENSP00000428184	9606.ENSP00000238497	0	0	0	0	0.127	0	0	0.399	0.452
SDCBP	TSG101	9606.ENSP00000428184	9606.ENSP00000251968	0	0	0	0	0.151	0	0	0.841	0.859
SDCBP	TSPAN14	9606.ENSP00000428184	9606.ENSP00000361231	0	0	0	0	0.048	0	0	0.403	0.407
SDCBP	YBX1	9606.ENSP00000428184	9606.ENSP00000361626	0	0	0	0	0.062	0	0	0.471	0.482
SDCBP	TUBA1A	9606.ENSP00000428184	9606.ENSP00000439020	0	0	0	0	0.119	0.045	0	0.394	0.446
SDCBP2	TSG101	9606.ENSP00000371233	9606.ENSP00000251968	0	0	0	0	0.068	0	0	0.770	0.777
SEC13	VCP	9606.ENSP00000373312	9606.ENSP00000351777	0	0	0	0	0.321	0.207	0	0.513	0.715
SERPINB1	SLPI	9606.ENSP00000370115	9606.ENSP00000342082	0	0	0	0	0.122	0.051	0	0.511	0.557
SERPINB2	TIMP1	9606.ENSP00000401645	9606.ENSP00000218388	0	0	0	0	0.101	0	0	0.385	0.423
SERPINB2	SERPINE1	9606.ENSP00000401645	9606.ENSP00000223095	0	0	0.161	0.758	0.109	0	0.900	0.515	0.958
SERPINB2	THBS1	9606.ENSP00000401645	9606.ENSP00000260356	0	0	0	0	0.149	0	0	0.362	0.433
SERPINB2	SERPINB5	9606.ENSP00000401645	9606.ENSP00000372221	0	0	0.107	0.866	0.122	0	0	0.296	0.400
SERPINB3	SFN	9606.ENSP00000283752	9606.ENSP00000340989	0	0	0	0	0.109	0.267	0	0.196	0.429
SERPINB3	SPRR3	9606.ENSP00000283752	9606.ENSP00000330391	0	0	0	0	0.214	0	0	0.327	0.448
SERPINB3	SPRR2B	9606.ENSP00000283752	9606.ENSP00000357744	0	0	0	0	0.244	0	0	0.370	0.503
SERPINB3	SERPINB5	9606.ENSP00000283752	9606.ENSP00000372221	0	0	0.099	0.883	0.210	0.243	0	0.197	0.509
SERPINB3	SERPINB4	9606.ENSP00000283752	9606.ENSP00000343445	0	0	0.048	0.984	0.999	0.828	0	0.384	0.999
SERPINB4	SPRR2B	9606.ENSP00000343445	9606.ENSP00000357744	0	0	0	0	0.195	0	0	0.380	0.479
SERPINB5	THBS1	9606.ENSP00000372221	9606.ENSP00000260356	0	0	0	0	0.049	0	0	0.425	0.430
SERPINB5	TIMP3	9606.ENSP00000372221	9606.ENSP00000266085	0	0	0	0	0	0	0	0.432	0.432
SERPINB5	SFN	9606.ENSP00000372221	9606.ENSP00000340989	0	0	0	0	0.347	0.235	0	0.657	0.814
SERPINB9	TPBG	9606.ENSP00000370074	9606.ENSP00000358765	0	0	0	0	0	0	0	0.416	0.416
SERPINE1	TIMP1	9606.ENSP00000223095	9606.ENSP00000218388	0	0	0	0	0.269	0	0	0.791	0.840
SERPINE1	TGM2	9606.ENSP00000223095	9606.ENSP00000355330	0	0	0	0	0.149	0.045	0	0.332	0.410
SERPINE1	VIM	9606.ENSP00000223095	9606.ENSP00000446007	0	0	0	0	0.117	0	0	0.422	0.468
SERPINE1	TIMP3	9606.ENSP00000223095	9606.ENSP00000266085	0	0	0	0	0.200	0	0	0.420	0.516
SERPINE1	SLC2A1	9606.ENSP00000223095	9606.ENSP00000416293	0	0	0	0	0.060	0	0	0.660	0.667
SERPINE1	THBS1	9606.ENSP00000223095	9606.ENSP00000260356	0	0	0	0	0.307	0	0	0.750	0.819
SFN	YWHAE	9606.ENSP00000340989	9606.ENSP00000264335	0	0	0.057	0.957	0.124	0.423	0.500	0.067	0.737
SFN	VCP	9606.ENSP00000340989	9606.ENSP00000351777	0	0	0	0	0.111	0.174	0	0.332	0.467
SFN	SLK	9606.ENSP00000340989	9606.ENSP00000358770	0	0	0	0	0.067	0.459	0	0	0.473
SFN	TAGLN2	9606.ENSP00000340989	9606.ENSP00000357076	0	0	0	0	0.126	0	0	0.465	0.512
SH3BGRL3	TAGLN2	9606.ENSP00000270792	9606.ENSP00000357076	0	0	0	0	0.293	0	0	0.473	0.611
SLC16A3	SLC2A1	9606.ENSP00000463978	9606.ENSP00000416293	0	0	0	0	0.125	0	0	0.780	0.799
SLC16A3	SLC1A5	9606.ENSP00000463978	9606.ENSP00000444408	0	0	0	0	0.067	0	0	0.573	0.584
SLC1A5	VAMP3	9606.ENSP00000444408	9606.ENSP00000054666	0	0	0	0	0.042	0.198	0.400	0.114	0.537
SLC1A5	STOM	9606.ENSP00000444408	9606.ENSP00000286713	0	0	0	0	0.048	0	0.400	0.201	0.503
SLC1A5	TUBA1B	9606.ENSP00000444408	9606.ENSP00000336799	0	0	0	0	0.042	0	0.400	0	0.400
SLC1A5	VCP	9606.ENSP00000444408	9606.ENSP00000351777	0	0	0	0	0.062	0	0.400	0.075	0.434
SLC1A5	SLC2A1	9606.ENSP00000444408	9606.ENSP00000416293	0	0	0	0	0.158	0	0	0.744	0.775
SLC2A1	STOM	9606.ENSP00000416293	9606.ENSP00000286713	0	0	0	0	0.063	0.295	0	0.832	0.880
SLC2A1	TKT	9606.ENSP00000416293	9606.ENSP00000391481	0.053	0	0	0	0.081	0	0	0.428	0.459
SLC2A1	SOD2	9606.ENSP00000416293	9606.ENSP00000446252	0	0	0	0	0.059	0	0	0.398	0.410
SLC2A1	SLC44A2	9606.ENSP00000416293	9606.ENSP00000466664	0	0	0	0	0.048	0	0	0.418	0.422
SLK	VAMP3	9606.ENSP00000358770	9606.ENSP00000054666	0	0	0	0	0.063	0	0.400	0	0.413
SLK	STOM	9606.ENSP00000358770	9606.ENSP00000286713	0	0	0	0	0.065	0	0.400	0	0.415
SLPI	TUBB	9606.ENSP00000342082	9606.ENSP00000339001	0	0	0	0	0	0.125	0	0.395	0.448
SOD2	TKT	9606.ENSP00000446252	9606.ENSP00000391481	0.057	0	0	0	0.198	0.187	0	0.254	0.480
SPCS2	UBA52	9606.ENSP00000263672	9606.ENSP00000388107	0	0	0	0	0.104	0	0.400	0	0.439
SPRR1A	TGM1	9606.ENSP00000357751	9606.ENSP00000206765	0	0	0	0	0.146	0	0.500	0.448	0.743
SPRR1A	SPRR3	9606.ENSP00000357751	9606.ENSP00000330391	0	0	0	0.925	0.783	0	0.500	0.107	0.894
SPRR1A	SPRR2B	9606.ENSP00000357751	9606.ENSP00000357744	0	0	0	0	0.627	0	0.500	0.801	0.959
SPRR2B	TGM1	9606.ENSP00000357744	9606.ENSP00000206765	0	0	0	0	0.122	0	0.500	0.479	0.751
SPRR2B	SPRR3	9606.ENSP00000357744	9606.ENSP00000330391	0	0	0	0	0.430	0	0.500	0.699	0.906
SPRR3	TGM1	9606.ENSP00000330391	9606.ENSP00000206765	0	0	0	0	0.143	0	0.500	0.374	0.708
STMN1	TUBA4A	9606.ENSP00000410452	9606.ENSP00000248437	0	0	0	0	0.067	0.132	0	0.497	0.557
STMN1	TSG101	9606.ENSP00000410452	9606.ENSP00000251968	0	0	0	0	0.042	0	0	0.601	0.602
STMN1	TUBA1B	9606.ENSP00000410452	9606.ENSP00000336799	0	0	0	0	0.172	0.359	0	0.372	0.637
STMN1	TUBB	9606.ENSP00000410452	9606.ENSP00000339001	0	0	0	0	0.214	0.128	0	0.381	0.539
STMN1	TUBB4B	9606.ENSP00000410452	9606.ENSP00000341289	0	0	0	0	0.085	0.265	0	0.241	0.445
STMN1	VCP	9606.ENSP00000410452	9606.ENSP00000351777	0	0	0	0	0.094	0.166	0	0.426	0.529
STMN1	VPS28	9606.ENSP00000410452	9606.ENSP00000366565	0	0	0	0	0.042	0	0	0.423	0.423
STMN1	TUBA1A	9606.ENSP00000410452	9606.ENSP00000439020	0	0	0	0	0.107	0.132	0	0.311	0.419
STOM	VAMP3	9606.ENSP00000286713	9606.ENSP00000054666	0	0	0	0	0.060	0	0.400	0.100	0.448
STOM	TUBA1B	9606.ENSP00000286713	9606.ENSP00000336799	0	0	0	0	0.047	0	0.400	0.176	0.487
STOM	VCP	9606.ENSP00000286713	9606.ENSP00000351777	0.042	0	0	0	0.042	0	0.400	0.233	0.521
TAGLN2	VCL	9606.ENSP00000357076	9606.ENSP00000211998	0	0	0	0	0.088	0	0.400	0.415	0.652
TAGLN2	TUBA4A	9606.ENSP00000357076	9606.ENSP00000248437	0	0	0	0	0.080	0.274	0.400	0.182	0.628
TAGLN2	YWHAE	9606.ENSP00000357076	9606.ENSP00000264335	0	0	0	0	0.073	0	0	0.484	0.501
TAGLN2	TLN1	9606.ENSP00000357076	9606.ENSP00000316029	0	0	0	0	0.086	0	0.400	0.355	0.615
TAGLN2	TUBA1B	9606.ENSP00000357076	9606.ENSP00000336799	0	0	0	0	0.067	0.274	0	0.228	0.432
TAGLN2	TUBB	9606.ENSP00000357076	9606.ENSP00000339001	0	0	0	0	0.114	0.257	0	0.219	0.441
TAGLN2	TUBB4B	9606.ENSP00000357076	9606.ENSP00000341289	0	0	0	0	0.191	0.257	0	0.180	0.464
TAGLN2	VIM	9606.ENSP00000357076	9606.ENSP00000446007	0	0	0	0	0.138	0	0	0.340	0.407
TAGLN2	TUBA1A	9606.ENSP00000357076	9606.ENSP00000439020	0	0	0	0	0.120	0.274	0	0.193	0.440
TAGLN2	TUBA1C	9606.ENSP00000357076	9606.ENSP00000443475	0	0	0	0	0.174	0.274	0	0.236	0.502
TAGLN2	WDR1	9606.ENSP00000357076	9606.ENSP00000427687	0	0	0	0	0.254	0	0.400	0.207	0.614
TGM2	TSG101	9606.ENSP00000355330	9606.ENSP00000251968	0	0	0	0	0.461	0	0	0.242	0.574
TGM2	THBS1	9606.ENSP00000355330	9606.ENSP00000260356	0	0	0	0	0.114	0.247	0	0.422	0.581
TGM2	VIM	9606.ENSP00000355330	9606.ENSP00000446007	0	0	0	0	0.076	0	0	0.412	0.434
THBS1	VCL	9606.ENSP00000260356	9606.ENSP00000211998	0	0	0	0	0.167	0.045	0	0.346	0.435
THBS1	TIMP1	9606.ENSP00000260356	9606.ENSP00000218388	0	0	0	0	0.143	0	0	0.734	0.762
THBS1	TSG101	9606.ENSP00000260356	9606.ENSP00000251968	0	0	0	0	0	0.045	0	0.441	0.443
THBS1	TYMP	9606.ENSP00000260356	9606.ENSP00000379038	0	0	0	0	0.048	0	0	0.565	0.568
THBS1	TIMP3	9606.ENSP00000260356	9606.ENSP00000266085	0	0	0	0	0.152	0	0	0.581	0.630
THBS1	VIM	9606.ENSP00000260356	9606.ENSP00000446007	0	0	0	0	0.178	0.067	0	0.559	0.633
TIMP1	VIM	9606.ENSP00000218388	9606.ENSP00000446007	0	0	0	0	0.306	0	0	0.379	0.550
TIMP1	TIMP3	9606.ENSP00000218388	9606.ENSP00000266085	0	0	0.066	0.870	0.123	0	0	0.650	0.689
TKT	UGP2	9606.ENSP00000391481	9606.ENSP00000338703	0	0	0	0	0.125	0	0	0.452	0.500
TKT	VCP	9606.ENSP00000391481	9606.ENSP00000351777	0.057	0	0	0	0.207	0.175	0	0.370	0.559
TLN1	VCL	9606.ENSP00000316029	9606.ENSP00000211998	0	0	0	0	0.255	0.991	0.900	0.999	0.999
TLN1	TUBA4A	9606.ENSP00000316029	9606.ENSP00000248437	0	0	0	0	0.068	0	0.400	0.202	0.515
TLN1	TUBA1A	9606.ENSP00000316029	9606.ENSP00000439020	0	0	0	0	0.049	0.322	0	0.159	0.410
TLN1	VCP	9606.ENSP00000316029	9606.ENSP00000351777	0	0	0	0	0.095	0	0	0.428	0.460
TLN1	VAT1	9606.ENSP00000316029	9606.ENSP00000347872	0	0	0	0	0.062	0	0	0.518	0.528
TLN1	WDR1	9606.ENSP00000316029	9606.ENSP00000427687	0	0	0	0	0.434	0	0.400	0.308	0.744
TNFAIP2	WARS1	9606.ENSP00000452634	9606.ENSP00000347495	0	0	0	0	0.110	0	0	0.401	0.444
TPD52L2	VCP	9606.ENSP00000217121	9606.ENSP00000351777	0	0	0	0	0.081	0.318	0	0.288	0.514
TSG101	VAMP3	9606.ENSP00000251968	9606.ENSP00000054666	0	0	0	0	0.162	0	0	0.323	0.409
TSG101	VPS4B	9606.ENSP00000251968	9606.ENSP00000238497	0	0	0	0	0.150	0.131	0.500	0.904	0.959
TSG101	TSPAN14	9606.ENSP00000251968	9606.ENSP00000361231	0	0	0	0	0	0	0	0.412	0.412
TSG101	WARS1	9606.ENSP00000251968	9606.ENSP00000347495	0	0	0	0	0.068	0.398	0	0	0.415
TSG101	VCP	9606.ENSP00000251968	9606.ENSP00000351777	0	0	0	0	0.138	0.206	0	0.227	0.425
TSG101	YBX1	9606.ENSP00000251968	9606.ENSP00000361626	0	0	0	0	0.137	0.292	0	0.511	0.675
TSG101	UBA52	9606.ENSP00000251968	9606.ENSP00000388107	0	0	0	0	0.056	0.948	0.500	0.153	0.976
TSG101	VPS28	9606.ENSP00000251968	9606.ENSP00000366565	0	0	0	0	0.547	0.998	0.900	0.999	0.999
TSG101	VPS37B	9606.ENSP00000251968	9606.ENSP00000267202	0	0	0	0	0.048	0.997	0.900	0.949	0.999
TUBA1A	VCL	9606.ENSP00000439020	9606.ENSP00000211998	0	0	0	0	0.071	0.322	0	0.292	0.515
TUBA1A	TUBA4A	9606.ENSP00000439020	9606.ENSP00000248437	0	0	0.047	0.986	0.065	0.738	0.800	0.048	0.947
TUBA1A	YWHAE	9606.ENSP00000439020	9606.ENSP00000264335	0	0	0	0	0.140	0.160	0	0.557	0.652
TUBA1A	TUBA1B	9606.ENSP00000439020	9606.ENSP00000336799	0	0	0.047	0.987	0.327	0.922	0.400	0.050	0.966
TUBA1A	TUBB	9606.ENSP00000439020	9606.ENSP00000339001	0	0	0.068	0.917	0.404	0.849	0.650	0.886	0.996
TUBA1A	TUBB4B	9606.ENSP00000439020	9606.ENSP00000341289	0	0	0.067	0.917	0.428	0.962	0.800	0.807	0.999
TUBA1A	YBX1	9606.ENSP00000439020	9606.ENSP00000361626	0	0	0	0	0.098	0	0	0.426	0.460
TUBA1A	VIM	9606.ENSP00000439020	9606.ENSP00000446007	0	0	0	0	0.253	0	0	0.320	0.471
TUBA1A	TUBA1C	9606.ENSP00000439020	9606.ENSP00000443475	0	0	0.047	0.987	0.426	0.166	0.400	0.047	0.691
TUBA1B	VAMP3	9606.ENSP00000336799	9606.ENSP00000054666	0	0	0	0	0.110	0	0.400	0.052	0.449
TUBA1B	TUBA4A	9606.ENSP00000336799	9606.ENSP00000248437	0	0	0.047	0.986	0.075	0.171	0.400	0.376	0.676
TUBA1B	YWHAE	9606.ENSP00000336799	9606.ENSP00000264335	0	0	0	0	0.308	0.071	0	0.485	0.640
TUBA1B	VCP	9606.ENSP00000336799	9606.ENSP00000351777	0	0	0	0	0.162	0	0.400	0.223	0.575
TUBA1B	TUBA1C	9606.ENSP00000336799	9606.ENSP00000443475	0	0	0.047	0.987	0.770	0.785	0.400	0.545	0.984
TUBA1B	TUBB4B	9606.ENSP00000336799	9606.ENSP00000341289	0	0	0.067	0.918	0.829	0.635	0.650	0.856	0.996
TUBA1B	TUBB	9606.ENSP00000336799	9606.ENSP00000339001	0	0	0.068	0.918	0.833	0.981	0.650	0.915	0.999
TUBA1C	TUBA4A	9606.ENSP00000443475	9606.ENSP00000248437	0	0	0.047	0.986	0.082	0.624	0.400	0.046	0.778
TUBA1C	YWHAE	9606.ENSP00000443475	9606.ENSP00000264335	0	0	0	0	0.167	0.071	0	0.530	0.605
TUBA1C	TUBB	9606.ENSP00000443475	9606.ENSP00000339001	0	0	0.068	0.917	0.601	0.714	0.650	0.885	0.994
TUBA1C	TUBB4B	9606.ENSP00000443475	9606.ENSP00000341289	0	0	0.068	0.916	0.644	0.623	0.650	0.806	0.990
TUBA1C	VCP	9606.ENSP00000443475	9606.ENSP00000351777	0	0	0	0	0.180	0.194	0	0.218	0.438
TUBA1C	VIM	9606.ENSP00000443475	9606.ENSP00000446007	0	0	0	0	0.136	0.230	0	0.224	0.439
TUBA4A	VCL	9606.ENSP00000248437	9606.ENSP00000211998	0	0	0	0	0.076	0	0.400	0.354	0.611
TUBA4A	WDR1	9606.ENSP00000248437	9606.ENSP00000427687	0	0	0	0	0.053	0	0.400	0.141	0.469
TUBA4A	VCP	9606.ENSP00000248437	9606.ENSP00000351777	0	0	0	0	0.123	0.127	0	0.541	0.618
TUBA4A	TUBB4B	9606.ENSP00000248437	9606.ENSP00000341289	0	0	0.069	0.916	0.326	0.716	0.800	0.805	0.991
TUBA4A	TUBB	9606.ENSP00000248437	9606.ENSP00000339001	0	0	0.068	0.918	0.306	0.795	0.650	0.900	0.994
TUBB	VCL	9606.ENSP00000339001	9606.ENSP00000211998	0	0	0	0	0.062	0	0	0.445	0.457
TUBB	YWHAE	9606.ENSP00000339001	9606.ENSP00000264335	0	0	0	0	0.287	0.102	0	0.356	0.552
TUBB	VCP	9606.ENSP00000339001	9606.ENSP00000351777	0	0	0	0	0.166	0.321	0	0.243	0.534
TUBB	VIM	9606.ENSP00000339001	9606.ENSP00000446007	0	0	0	0	0.082	0.292	0	0.556	0.686
TUBB	UBA52	9606.ENSP00000339001	9606.ENSP00000388107	0	0	0	0	0.089	0.800	0	0.174	0.836
TUBB	TUBB4B	9606.ENSP00000339001	9606.ENSP00000341289	0	0	0.047	0.987	0.766	0.727	0.800	0.048	0.986
TUBB4B	YWHAE	9606.ENSP00000341289	9606.ENSP00000264335	0	0	0	0	0.277	0.102	0	0.627	0.737
TUBB4B	WDR1	9606.ENSP00000341289	9606.ENSP00000427687	0	0	0	0	0.205	0	0	0.444	0.539
TUBB4B	VCP	9606.ENSP00000341289	9606.ENSP00000351777	0	0	0	0	0.233	0.420	0	0.186	0.606
TWF1	WDR1	9606.ENSP00000449428	9606.ENSP00000427687	0	0	0	0	0.049	0.079	0	0.518	0.541
TXNDC17	WDR1	9606.ENSP00000250101	9606.ENSP00000427687	0	0	0	0	0.044	0.470	0	0	0.471
TYMP	WARS1	9606.ENSP00000379038	9606.ENSP00000347495	0.119	0	0	0	0.302	0	0	0.108	0.403
UBA52	VAMP3	9606.ENSP00000388107	9606.ENSP00000054666	0	0	0	0	0.110	0	0.500	0.050	0.540
UBA52	VPS4B	9606.ENSP00000388107	9606.ENSP00000238497	0	0	0	0	0.049	0	0.400	0	0.405
UBA52	VAMP8	9606.ENSP00000388107	9606.ENSP00000263864	0	0	0	0	0.078	0	0.500	0.081	0.539
UBA52	YWHAE	9606.ENSP00000388107	9606.ENSP00000264335	0	0	0	0	0	0	0	0.410	0.410
UBA52	VPS37B	9606.ENSP00000388107	9606.ENSP00000267202	0	0	0	0	0.042	0	0.500	0	0.500
UBA52	VCP	9606.ENSP00000388107	9606.ENSP00000351777	0	0	0	0	0.106	0.557	0.500	0.422	0.870
UBA52	YBX1	9606.ENSP00000388107	9606.ENSP00000361626	0	0	0	0	0.203	0.095	0	0.410	0.538
UBA52	VPS28	9606.ENSP00000388107	9606.ENSP00000366565	0	0	0	0	0.122	0.091	0.500	0.064	0.576
UBA52	UBE2D2	9606.ENSP00000388107	9606.ENSP00000381717	0	0	0	0	0.142	0.960	0.500	0.283	0.986
UBE2D2	VCP	9606.ENSP00000381717	9606.ENSP00000351777	0	0	0	0	0.155	0.091	0	0.428	0.522
VAMP3	VCP	9606.ENSP00000054666	9606.ENSP00000351777	0	0	0	0	0.062	0.142	0.400	0.139	0.529
VAMP3	VAMP8	9606.ENSP00000054666	9606.ENSP00000263864	0	0	0.072	0.867	0.082	0.503	0.900	0.761	0.988
VCL	VIM	9606.ENSP00000211998	9606.ENSP00000446007	0	0	0	0	0.116	0.065	0	0.551	0.597
VCL	WDR1	9606.ENSP00000211998	9606.ENSP00000427687	0	0	0	0	0.294	0	0.400	0.249	0.654
VCP	YWHAE	9606.ENSP00000351777	9606.ENSP00000264335	0	0	0	0	0.222	0.186	0	0.601	0.726
VCP	WDR1	9606.ENSP00000351777	9606.ENSP00000427687	0	0	0	0	0.469	0.127	0	0.123	0.558
VCP	VIM	9606.ENSP00000351777	9606.ENSP00000446007	0	0	0	0	0.044	0.140	0	0.753	0.779
VIM	YWHAE	9606.ENSP00000446007	9606.ENSP00000264335	0	0	0	0	0.042	0.069	0	0.594	0.606
VPS28	VPS4B	9606.ENSP00000366565	9606.ENSP00000238497	0	0	0	0	0.062	0.155	0.500	0.692	0.861
VPS28	VPS37B	9606.ENSP00000366565	9606.ENSP00000267202	0	0	0	0	0.050	0.989	0.900	0.983	0.999
VPS37B	VPS4B	9606.ENSP00000267202	9606.ENSP00000238497	0	0	0	0	0.087	0	0.500	0.501	0.752
