"UNIPROT","SYMBOL","logFC","adj.P.Val","pathway_id","pathway_name","is_AGRN","direction","significant"
"O00468","AGRN",3.42626529297742,4.53615964498716e-06,"R-HSA-9694614","Homo sapiens: Attachment and Entry",TRUE,"up",TRUE
"P98160","HSPG2",2.80571113228391,0.000170177766246557,"R-HSA-9694614","Homo sapiens: Attachment and Entry",FALSE,"up",TRUE
"O14786","NRP1",1.11380901082516,0.226586003476277,"R-HSA-9694614","Homo sapiens: Attachment and Entry",FALSE,"up",FALSE
"P12111","COL6A3",6.4674748196218,8.30187762466895e-11,"R-HSA-422475","Homo sapiens: Axon guidance",FALSE,"up",TRUE
"P12110","COL6A2",5.78857892630917,2.9398727802252e-10,"R-HSA-422475","Homo sapiens: Axon guidance",FALSE,"up",TRUE
"P20908","COL5A1",5.27235704620434,2.80668720768905e-07,"R-HSA-422475","Homo sapiens: Axon guidance",FALSE,"up",TRUE
"P29317","EPHA2",5.09903353539291,5.5051449029647e-09,"R-HSA-422475","Homo sapiens: Axon guidance",FALSE,"up",TRUE
"P05106","ITGB3",4.83281290250002,1.10062266000083e-08,"R-HSA-422475","Homo sapiens: Axon guidance",FALSE,"up",TRUE
"P12109","COL6A1",3.81699460964921,3.91622343684386e-07,"R-HSA-422475","Homo sapiens: Axon guidance",FALSE,"up",TRUE
"O00468","AGRN",3.42626529297742,4.53615964498716e-06,"R-HSA-422475","Homo sapiens: Axon guidance",TRUE,"up",TRUE
"Q92747","ARPC1A",-3.37485489278865,0.00149371066804565,"R-HSA-422475","Homo sapiens: Axon guidance",FALSE,"down",TRUE
"P05556","ITGB1",3.32073568701624,6.89548048269636e-06,"R-HSA-422475","Homo sapiens: Axon guidance",FALSE,"up",TRUE
"P17301","ITGA2",3.03416118463698,2.80993712814469e-05,"R-HSA-422475","Homo sapiens: Axon guidance",FALSE,"up",TRUE
"P11047","LAMC1",2.94395767737148,4.96561251745198e-05,"R-HSA-422475","Homo sapiens: Axon guidance",FALSE,"up",TRUE
"P17252","PRKCA",2.76505740675276,0.000215266110237451,"R-HSA-422475","Homo sapiens: Axon guidance",FALSE,"up",TRUE
"O94813","SLIT2",2.76067852295196,0.000177320378965777,"R-HSA-422475","Homo sapiens: Axon guidance",FALSE,"up",TRUE
"P32004","L1CAM",2.7251934175751,0.000184388607168884,"R-HSA-422475","Homo sapiens: Axon guidance",FALSE,"up",TRUE
"P00533","EGFR",2.66096413050353,0.000182794723305273,"R-HSA-422475","Homo sapiens: Axon guidance",FALSE,"up",TRUE
"P16333","NCK1",-2.57818713544951,0.000833284134249003,"R-HSA-422475","Homo sapiens: Axon guidance",FALSE,"down",TRUE
"P07942","LAMB1",2.49653352297863,0.000513771493445868,"R-HSA-422475","Homo sapiens: Axon guidance",FALSE,"up",TRUE
"P62979","RPS27A",-2.29030107893188,0.00100845325724085,"R-HSA-422475","Homo sapiens: Axon guidance",FALSE,"down",TRUE
"P63173","RPL38",-2.21452820216015,0.002279353622106,"R-HSA-422475","Homo sapiens: Axon guidance",FALSE,"down",TRUE
"Q9UIW2","PLXNA1",2.21197759069493,0.00131645200372344,"R-HSA-422475","Homo sapiens: Axon guidance",FALSE,"up",TRUE
"Q9NR12","PDLIM7",2.21096410049375,0.00259730297305852,"R-HSA-422475","Homo sapiens: Axon guidance",FALSE,"up",TRUE
"O75962","TRIO",2.12800480993868,0.0100702537281127,"R-HSA-422475","Homo sapiens: Axon guidance",FALSE,"up",TRUE
"P07948","LYN",-2.104625040218,0.00262918923021719,"R-HSA-422475","Homo sapiens: Axon guidance",FALSE,"down",TRUE
"P68366","TUBA4A",-2.03770198252481,0.00387491451998847,"R-HSA-422475","Homo sapiens: Axon guidance",FALSE,"down",TRUE
"Q9Y3U8","RPL36",-2.02300101356212,0.030074512893442,"R-HSA-422475","Homo sapiens: Axon guidance",FALSE,"down",TRUE
"P42677","RPS27",-1.99854348669692,0.0833720313627374,"R-HSA-422475","Homo sapiens: Axon guidance",FALSE,"down",FALSE
"P08572","COL4A2",1.94597148031989,0.0173853314504028,"R-HSA-422475","Homo sapiens: Axon guidance",FALSE,"up",TRUE
"P08648","ITGA5",1.84323575430166,0.00579516326103966,"R-HSA-422475","Homo sapiens: Axon guidance",FALSE,"up",TRUE
"Q9HD67","MYO10",1.76256544553592,0.0208871847045412,"R-HSA-422475","Homo sapiens: Axon guidance",FALSE,"up",TRUE
"Q9Y490","TLN1",1.63085773206727,0.0241313159833309,"R-HSA-422475","Homo sapiens: Axon guidance",FALSE,"up",TRUE
"Q14185","DOCK1",-1.62946906784319,0.0334294211259526,"R-HSA-422475","Homo sapiens: Axon guidance",FALSE,"down",TRUE
"P01111","NRAS",-1.62131878234086,0.191528114752541,"R-HSA-422475","Homo sapiens: Axon guidance",FALSE,"down",FALSE
"P17612","PRKACA",-1.4977427103434,0.0421587942742117,"R-HSA-422475","Homo sapiens: Axon guidance",FALSE,"down",TRUE
"P08581","MET",1.48617712985132,0.0592164934495887,"R-HSA-422475","Homo sapiens: Axon guidance",FALSE,"up",FALSE
"P62273","RPS29",-1.47257596184413,0.04689099361302,"R-HSA-422475","Homo sapiens: Axon guidance",FALSE,"down",TRUE
"O15144","ARPC2",-1.4436301561972,0.0351337777932071,"R-HSA-422475","Homo sapiens: Axon guidance",FALSE,"down",TRUE
"P59998","ARPC4",-1.41933428286802,0.0448347906966539,"R-HSA-422475","Homo sapiens: Axon guidance",FALSE,"down",TRUE
"P62877","RBX1",1.4167648550524,0.0562639605082138,"R-HSA-422475","Homo sapiens: Axon guidance",FALSE,"up",FALSE
"O15143","ARPC1B",-1.40665204418792,0.054531196295046,"R-HSA-422475","Homo sapiens: Axon guidance",FALSE,"down",FALSE
"P10301","RRAS",1.35402210809679,0.065572618989564,"R-HSA-422475","Homo sapiens: Axon guidance",FALSE,"up",FALSE
"P56199","ITGA1",1.3279085134554,0.0555719561067457,"R-HSA-422475","Homo sapiens: Axon guidance",FALSE,"up",FALSE
"Q16186","ADRM1",-1.32635576085538,0.10205667745841,"R-HSA-422475","Homo sapiens: Axon guidance",FALSE,"down",FALSE
"Q9Y4D7","PLXND1",1.32529836624288,0.0863470670479952,"R-HSA-422475","Homo sapiens: Axon guidance",FALSE,"up",FALSE
"P61158","ACTR3",-1.31922722950493,0.0748120024455382,"R-HSA-422475","Homo sapiens: Axon guidance",FALSE,"down",FALSE
"P62081","RPS7",-1.28233469543915,0.100955516592478,"R-HSA-422475","Homo sapiens: Axon guidance",FALSE,"down",FALSE
"P61160","ACTR2",-1.21566544344882,0.0960230313238083,"R-HSA-422475","Homo sapiens: Axon guidance",FALSE,"down",FALSE
"O75051","PLXNA2",1.21054167931619,0.0796452191051537,"R-HSA-422475","Homo sapiens: Axon guidance",FALSE,"up",FALSE
"P60953","CDC42",-1.19249224963627,0.146359262982623,"R-HSA-422475","Homo sapiens: Axon guidance",FALSE,"down",FALSE
"P62841","RPS15",-1.16456327746028,0.188135498266396,"R-HSA-422475","Homo sapiens: Axon guidance",FALSE,"down",FALSE
"P62851","RPS25",-1.15688186006583,0.117920416080853,"R-HSA-422475","Homo sapiens: Axon guidance",FALSE,"down",FALSE
"P62241","RPS8",-1.13385272339552,0.108410920864132,"R-HSA-422475","Homo sapiens: Axon guidance",FALSE,"down",FALSE
"O14786","NRP1",1.11380901082516,0.226586003476277,"R-HSA-422475","Homo sapiens: Axon guidance",FALSE,"up",FALSE
"Q13509","TUBB3",-1.08444239637109,0.170676461792344,"R-HSA-422475","Homo sapiens: Axon guidance",FALSE,"down",FALSE
"O15145","ARPC3",-1.05782288925133,0.145301914194018,"R-HSA-422475","Homo sapiens: Axon guidance",FALSE,"down",FALSE
"Q9BUF5","TUBB6",-1.02490458794195,0.198288260213891,"R-HSA-422475","Homo sapiens: Axon guidance",FALSE,"down",FALSE
"P38919","EIF4A3",-0.993294899322244,0.188825240089178,"R-HSA-422475","Homo sapiens: Axon guidance",FALSE,"down",FALSE
"O15511","ARPC5",-0.979365984593279,0.178328458815862,"R-HSA-422475","Homo sapiens: Axon guidance",FALSE,"down",FALSE
"P35268","RPL22",-0.95840307164023,0.191894626889333,"R-HSA-422475","Homo sapiens: Axon guidance",FALSE,"down",FALSE
"P46777","RPL5",-0.923438551255394,0.223594908701215,"R-HSA-422475","Homo sapiens: Axon guidance",FALSE,"down",FALSE
"P46776","RPL27A",-0.902736789357206,0.224268997670808,"R-HSA-422475","Homo sapiens: Axon guidance",FALSE,"down",FALSE
"P62993","GRB2",-0.8963579770301,0.227452987130314,"R-HSA-422475","Homo sapiens: Axon guidance",FALSE,"down",FALSE
"P16298","PPP3CB",0.890717686786992,0.302391357911938,"R-HSA-422475","Homo sapiens: Axon guidance",FALSE,"up",FALSE
"P27635","RPL10",-0.87297291197418,0.317631452038847,"R-HSA-422475","Homo sapiens: Axon guidance",FALSE,"down",FALSE
"P62424","RPL7A",-0.867269927022196,0.272451384712088,"R-HSA-422475","Homo sapiens: Axon guidance",FALSE,"down",FALSE
"P29353","SHC1",-0.865370640403842,0.246829714652203,"R-HSA-422475","Homo sapiens: Axon guidance",FALSE,"down",FALSE
"P46782","RPS5",-0.862373387944093,0.265857685683251,"R-HSA-422475","Homo sapiens: Axon guidance",FALSE,"down",FALSE
"P62906","RPL10A",-0.820572453560381,0.295395911400926,"R-HSA-422475","Homo sapiens: Axon guidance",FALSE,"down",FALSE
"P62701","RPS4X",-0.820303827624439,0.296201657905328,"R-HSA-422475","Homo sapiens: Axon guidance",FALSE,"down",FALSE
"P08708","RPS17",-0.801014441149025,0.363540992446748,"R-HSA-422475","Homo sapiens: Axon guidance",FALSE,"down",FALSE
"P07947","YES1",-0.798701124845007,0.312589132539328,"R-HSA-422475","Homo sapiens: Axon guidance",FALSE,"down",FALSE
"P36578","RPL4",-0.795859124000025,0.337507442100344,"R-HSA-422475","Homo sapiens: Axon guidance",FALSE,"down",FALSE
"P61313","RPL15",-0.793777862302104,0.32897478409442,"R-HSA-422475","Homo sapiens: Axon guidance",FALSE,"down",FALSE
"P39023","RPL3",-0.775917597140083,0.322304769083472,"R-HSA-422475","Homo sapiens: Axon guidance",FALSE,"down",FALSE
"P61353","RPL27",-0.767570424473178,0.334831069667985,"R-HSA-422475","Homo sapiens: Axon guidance",FALSE,"down",FALSE
"Q92542","NCSTN",-0.761504164452379,0.315509037524342,"R-HSA-422475","Homo sapiens: Axon guidance",FALSE,"down",FALSE
"P61513","RPL37A",-0.748588742799484,0.362889353107955,"R-HSA-422475","Homo sapiens: Axon guidance",FALSE,"down",FALSE
"P62847","RPS24",-0.736034017402908,0.373116239598141,"R-HSA-422475","Homo sapiens: Axon guidance",FALSE,"down",FALSE
"P62280","RPS11",-0.727156423322633,0.374918218629797,"R-HSA-422475","Homo sapiens: Axon guidance",FALSE,"down",FALSE
"P62495","ETF1",-0.720182812769334,0.370791320761442,"R-HSA-422475","Homo sapiens: Axon guidance",FALSE,"down",FALSE
"P25398","RPS12",-0.718089075931264,0.361916241379398,"R-HSA-422475","Homo sapiens: Axon guidance",FALSE,"down",FALSE
"P62244","RPS15A",-0.702401553902217,0.408756465095092,"R-HSA-422475","Homo sapiens: Axon guidance",FALSE,"down",FALSE
"P32969","RPL9",-0.682090017913076,0.40963258939972,"R-HSA-422475","Homo sapiens: Axon guidance",FALSE,"down",FALSE
"P05386","RPLP1",-0.676845291229775,0.40963258939972,"R-HSA-422475","Homo sapiens: Axon guidance",FALSE,"down",FALSE
"P62249","RPS16",-0.660632791930222,0.418959836193561,"R-HSA-422475","Homo sapiens: Axon guidance",FALSE,"down",FALSE
"P43686","PSMC4",-0.658017352596492,0.438445646407203,"R-HSA-422475","Homo sapiens: Axon guidance",FALSE,"down",FALSE
"P18124","RPL7",-0.644176087461226,0.436583326932769,"R-HSA-422475","Homo sapiens: Axon guidance",FALSE,"down",FALSE
"P62753","RPS6",-0.631124724574207,0.448464175744655,"R-HSA-422475","Homo sapiens: Axon guidance",FALSE,"down",FALSE
"P18077","RPL35A",-0.628341517294974,0.461213474234375,"R-HSA-422475","Homo sapiens: Axon guidance",FALSE,"down",FALSE
"Q15008","PSMD6",-0.625603796811486,0.448537648394225,"R-HSA-422475","Homo sapiens: Axon guidance",FALSE,"down",FALSE
"P62269","RPS18",-0.6244708339398,0.444369168821822,"R-HSA-422475","Homo sapiens: Axon guidance",FALSE,"down",FALSE
"P08865","RPSA",-0.603030905471265,0.463197862647816,"R-HSA-422475","Homo sapiens: Axon guidance",FALSE,"down",FALSE
"P39019","RPS19",-0.595078987595031,0.472280844380163,"R-HSA-422475","Homo sapiens: Axon guidance",FALSE,"down",FALSE
"P61247","RPS3A",-0.584002928098489,0.497641802406889,"R-HSA-422475","Homo sapiens: Axon guidance",FALSE,"down",FALSE
"P62277","RPS13",-0.58256703633981,0.46940886454993,"R-HSA-422475","Homo sapiens: Axon guidance",FALSE,"down",FALSE
"Q07020","RPL18",-0.576145427504724,0.494951837528504,"R-HSA-422475","Homo sapiens: Axon guidance",FALSE,"down",FALSE
"P23396","RPS3",-0.563453087686849,0.503189241280532,"R-HSA-422475","Homo sapiens: Axon guidance",FALSE,"down",FALSE
"P62888","RPL30",-0.562811989018574,0.523291823201886,"R-HSA-422475","Homo sapiens: Axon guidance",FALSE,"down",FALSE
"Q00535","CDK5",0.558432978278688,0.519791177713795,"R-HSA-422475","Homo sapiens: Axon guidance",FALSE,"up",FALSE
"P46781","RPS9",-0.542668383901766,0.536762836143572,"R-HSA-422475","Homo sapiens: Axon guidance",FALSE,"down",FALSE
"Q9UNM6","PSMD13",-0.531822496982215,0.529452771865827,"R-HSA-422475","Homo sapiens: Axon guidance",FALSE,"down",FALSE
"P18621","RPL17",-0.531570027257157,0.532725011463949,"R-HSA-422475","Homo sapiens: Axon guidance",FALSE,"down",FALSE
"P62266","RPS23",-0.530615701588182,0.549697752503586,"R-HSA-422475","Homo sapiens: Axon guidance",FALSE,"down",FALSE
"Q02543","RPL18A",-0.527881862411775,0.562323057979755,"R-HSA-422475","Homo sapiens: Axon guidance",FALSE,"down",FALSE
"Q02878","RPL6",-0.525425640668288,0.545914979917982,"R-HSA-422475","Homo sapiens: Axon guidance",FALSE,"down",FALSE
"P30050","RPL12",-0.515391039729806,0.548343398731212,"R-HSA-422475","Homo sapiens: Axon guidance",FALSE,"down",FALSE
"P62263","RPS14",-0.506726975098459,0.553690128162664,"R-HSA-422475","Homo sapiens: Axon guidance",FALSE,"down",FALSE
"P05388","RPLP0",-0.495726524853769,0.564725741546301,"R-HSA-422475","Homo sapiens: Axon guidance",FALSE,"down",FALSE
"P15880","RPS2",-0.488654813994522,0.585937075343565,"R-HSA-422475","Homo sapiens: Axon guidance",FALSE,"down",FALSE
"P62913","RPL11",-0.488452193192995,0.589897966943207,"R-HSA-422475","Homo sapiens: Axon guidance",FALSE,"down",FALSE
"P62910","RPL32",-0.46226919827194,0.629863691206271,"R-HSA-422475","Homo sapiens: Axon guidance",FALSE,"down",FALSE
"P15170","GSPT1",-0.445215492270918,0.626048873732214,"R-HSA-422475","Homo sapiens: Axon guidance",FALSE,"down",FALSE
"P62750","RPL23A",-0.395638326663907,0.664795963662896,"R-HSA-422475","Homo sapiens: Axon guidance",FALSE,"down",FALSE
"O00468","AGRN",3.42626529297742,4.53615964498716e-06,"R-HSA-4420332","Homo sapiens: Defective B3GALT6 causes EDSP2 and SEMDJL1",TRUE,"up",TRUE
"P98160","HSPG2",2.80571113228391,0.000170177766246557,"R-HSA-4420332","Homo sapiens: Defective B3GALT6 causes EDSP2 and SEMDJL1",FALSE,"up",TRUE
"O00468","AGRN",3.42626529297742,4.53615964498716e-06,"R-HSA-3560801","Homo sapiens: Defective B3GAT3 causes JDSSDHD",TRUE,"up",TRUE
"P98160","HSPG2",2.80571113228391,0.000170177766246557,"R-HSA-3560801","Homo sapiens: Defective B3GAT3 causes JDSSDHD",FALSE,"up",TRUE
"O00468","AGRN",3.42626529297742,4.53615964498716e-06,"R-HSA-3560783","Homo sapiens: Defective B4GALT7 causes EDS, progeroid type",TRUE,"up",TRUE
"P98160","HSPG2",2.80571113228391,0.000170177766246557,"R-HSA-3560783","Homo sapiens: Defective B4GALT7 causes EDS, progeroid type",FALSE,"up",TRUE
"O00468","AGRN",3.42626529297742,4.53615964498716e-06,"R-HSA-3656253","Homo sapiens: Defective EXT1 causes exostoses 1, TRPS2 and CHDS",TRUE,"up",TRUE
"P98160","HSPG2",2.80571113228391,0.000170177766246557,"R-HSA-3656253","Homo sapiens: Defective EXT1 causes exostoses 1, TRPS2 and CHDS",FALSE,"up",TRUE
"O00468","AGRN",3.42626529297742,4.53615964498716e-06,"R-HSA-3656237","Homo sapiens: Defective EXT2 causes exostoses 2",TRUE,"up",TRUE
"P98160","HSPG2",2.80571113228391,0.000170177766246557,"R-HSA-3656237","Homo sapiens: Defective EXT2 causes exostoses 2",FALSE,"up",TRUE
"P08571","CD14",-8.51812739704659,1.59190933615881e-11,"R-HSA-9918485","Homo sapiens: Dengue Virus Attachment and Entry",FALSE,"down",TRUE
"O00468","AGRN",3.42626529297742,4.53615964498716e-06,"R-HSA-9918485","Homo sapiens: Dengue Virus Attachment and Entry",TRUE,"up",TRUE
"P98160","HSPG2",2.80571113228391,0.000170177766246557,"R-HSA-9918485","Homo sapiens: Dengue Virus Attachment and Entry",FALSE,"up",TRUE
"O95352","ATG7",-1.19107920576491,0.117920416080853,"R-HSA-9918485","Homo sapiens: Dengue Virus Attachment and Entry",FALSE,"down",FALSE
"P08865","RPSA",-0.603030905471265,0.463197862647816,"R-HSA-9918485","Homo sapiens: Dengue Virus Attachment and Entry",FALSE,"down",FALSE
"P08571","CD14",-8.51812739704659,1.59190933615881e-11,"R-HSA-9839923","Homo sapiens: Dengue Virus Infection",FALSE,"down",TRUE
"Q93079","H2BC9",6.83737301224086,4.2833732227517e-11,"R-HSA-9839923","Homo sapiens: Dengue Virus Infection",FALSE,"up",TRUE
"Q6FI13","H2AC18",4.44700067810138,6.17340315600031e-07,"R-HSA-9839923","Homo sapiens: Dengue Virus Infection",FALSE,"up",TRUE
"Q93077","H2AC6",4.00731345285644,1.09951099349611e-06,"R-HSA-9839923","Homo sapiens: Dengue Virus Infection",FALSE,"up",TRUE
"P62805","H4C9",3.55592798697397,5.47234143321341e-06,"R-HSA-9839923","Homo sapiens: Dengue Virus Infection",FALSE,"up",TRUE
"P08670","VIM",3.52227024110501,2.44452623269935e-06,"R-HSA-9839923","Homo sapiens: Dengue Virus Infection",FALSE,"up",TRUE
"P33778","H2BC3",3.4841504591376,1.3362840575995e-05,"R-HSA-9839923","Homo sapiens: Dengue Virus Infection",FALSE,"up",TRUE
"O00468","AGRN",3.42626529297742,4.53615964498716e-06,"R-HSA-9839923","Homo sapiens: Dengue Virus Infection",TRUE,"up",TRUE
"O95816","BAG2",3.3210349116724,5.0325550701303e-06,"R-HSA-9839923","Homo sapiens: Dengue Virus Infection",FALSE,"up",TRUE
"P38159","RBMX",-3.01016058899001,0.000928506382845237,"R-HSA-9839923","Homo sapiens: Dengue Virus Infection",FALSE,"down",TRUE
"Q8N684","CPSF7",-2.99697246921435,0.00667944462818959,"R-HSA-9839923","Homo sapiens: Dengue Virus Infection",FALSE,"down",TRUE
"Q71DI3","H3C14",2.83493449762814,0.00207374001370559,"R-HSA-9839923","Homo sapiens: Dengue Virus Infection",FALSE,"up",TRUE
"P98160","HSPG2",2.80571113228391,0.000170177766246557,"R-HSA-9839923","Homo sapiens: Dengue Virus Infection",FALSE,"up",TRUE
"P10909","CLU",-2.64477059069828,0.00013945096795715,"R-HSA-9839923","Homo sapiens: Dengue Virus Infection",FALSE,"down",TRUE
"Q99816","TSG101",-2.60307027942783,0.000397329076576312,"R-HSA-9839923","Homo sapiens: Dengue Virus Infection",FALSE,"down",TRUE
"P51991","HNRNPA3",-2.50050732802652,0.00246161536400457,"R-HSA-9839923","Homo sapiens: Dengue Virus Infection",FALSE,"down",TRUE
"P62979","RPS27A",-2.29030107893188,0.00100845325724085,"R-HSA-9839923","Homo sapiens: Dengue Virus Infection",FALSE,"down",TRUE
"P14866","HNRNPL",-2.24353778582872,0.00312419171433303,"R-HSA-9839923","Homo sapiens: Dengue Virus Infection",FALSE,"down",TRUE
"P52272","HNRNPM",-2.24070389252966,0.00265361498724356,"R-HSA-9839923","Homo sapiens: Dengue Virus Infection",FALSE,"down",TRUE
"O43143","DHX15",-2.16138724665285,0.0112461543196032,"R-HSA-9839923","Homo sapiens: Dengue Virus Infection",FALSE,"down",TRUE
"P52292","KPNA2",2.13123114815908,0.00225787929782386,"R-HSA-9839923","Homo sapiens: Dengue Virus Infection",FALSE,"up",TRUE
"P07948","LYN",-2.104625040218,0.00262918923021719,"R-HSA-9839923","Homo sapiens: Dengue Virus Infection",FALSE,"down",TRUE
"P55795","HNRNPH2",-1.86631164881733,0.0169126689616686,"R-HSA-9839923","Homo sapiens: Dengue Virus Infection",FALSE,"down",TRUE
"Q00839","HNRNPU",-1.75991278739995,0.019014257287747,"R-HSA-9839923","Homo sapiens: Dengue Virus Infection",FALSE,"down",TRUE
"O43390","HNRNPR",-1.69239118068467,0.0248045102724451,"R-HSA-9839923","Homo sapiens: Dengue Virus Infection",FALSE,"down",TRUE
"Q9GZQ8","MAP1LC3B",1.58089700714896,0.0524486074646669,"R-HSA-9839923","Homo sapiens: Dengue Virus Infection",FALSE,"up",FALSE
"Q14103","HNRNPD",-1.5453642421252,0.033013111739004,"R-HSA-9839923","Homo sapiens: Dengue Virus Infection",FALSE,"down",TRUE
"P07910","HNRNPC",-1.52417677740465,0.0370104473750737,"R-HSA-9839923","Homo sapiens: Dengue Virus Infection",FALSE,"down",TRUE
"Q6R327","RICTOR",1.50612880223757,0.0396457424942583,"R-HSA-9839923","Homo sapiens: Dengue Virus Infection",FALSE,"up",TRUE
"P35637","FUS",1.48747542151044,0.0483009014950721,"R-HSA-9839923","Homo sapiens: Dengue Virus Infection",FALSE,"up",TRUE
"P26368","U2AF2",-1.41971705864357,0.0680680317015773,"R-HSA-9839923","Homo sapiens: Dengue Virus Infection",FALSE,"down",FALSE
"P0DMV8","HSPA1A",-1.29824341744182,0.072070323906567,"R-HSA-9839923","Homo sapiens: Dengue Virus Infection",FALSE,"down",FALSE
"O95352","ATG7",-1.19107920576491,0.117920416080853,"R-HSA-9839923","Homo sapiens: Dengue Virus Infection",FALSE,"down",FALSE
"P62318","SNRPD3",-1.13484801527179,0.120509235176065,"R-HSA-9839923","Homo sapiens: Dengue Virus Infection",FALSE,"down",FALSE
"P52597","HNRNPF",-1.13331129157481,0.127818748968127,"R-HSA-9839923","Homo sapiens: Dengue Virus Infection",FALSE,"down",FALSE
"Q07955","SRSF1",-1.06483734248762,0.198594939532225,"R-HSA-9839923","Homo sapiens: Dengue Virus Infection",FALSE,"down",FALSE
"P38919","EIF4A3",-0.993294899322244,0.188825240089178,"R-HSA-9839923","Homo sapiens: Dengue Virus Infection",FALSE,"down",FALSE
"Q08211","DHX9",-0.971858032144116,0.226553013521455,"R-HSA-9839923","Homo sapiens: Dengue Virus Infection",FALSE,"down",FALSE
"Q86U42","PABPN1",-0.924191492711124,0.319339158739083,"R-HSA-9839923","Homo sapiens: Dengue Virus Infection",FALSE,"down",FALSE
"P35222","CTNNB1",-0.918167206420808,0.217332074067202,"R-HSA-9839923","Homo sapiens: Dengue Virus Infection",FALSE,"down",FALSE
"P06730","EIF4E",-0.905923641879969,0.297259157898636,"R-HSA-9839923","Homo sapiens: Dengue Virus Infection",FALSE,"down",FALSE
"P22626","HNRNPA2B1",-0.87512207229096,0.25813719520184,"R-HSA-9839923","Homo sapiens: Dengue Virus Infection",FALSE,"down",FALSE
"P62316","SNRPD2",-0.867011766661275,0.268027495799953,"R-HSA-9839923","Homo sapiens: Dengue Virus Infection",FALSE,"down",FALSE
"P61978","HNRNPK",-0.841844584567109,0.396192089929649,"R-HSA-9839923","Homo sapiens: Dengue Virus Infection",FALSE,"down",FALSE
"P52434","POLR2H",-0.839799849896004,0.317631452038847,"R-HSA-9839923","Homo sapiens: Dengue Virus Infection",FALSE,"down",FALSE
"O14980","XPO1",-0.812620026309663,0.322304769083472,"R-HSA-9839923","Homo sapiens: Dengue Virus Infection",FALSE,"down",FALSE
"Q15393","SF3B3",-0.708175081849603,0.380790590387804,"R-HSA-9839923","Homo sapiens: Dengue Virus Infection",FALSE,"down",FALSE
"P31943","HNRNPH1",-0.646465195749919,0.444861781661114,"R-HSA-9839923","Homo sapiens: Dengue Virus Infection",FALSE,"down",FALSE
"P09651","HNRNPA1",-0.622549580605451,0.461577544820525,"R-HSA-9839923","Homo sapiens: Dengue Virus Infection",FALSE,"down",FALSE
"P14678","SNRPB",-0.620294035817604,0.435043577644286,"R-HSA-9839923","Homo sapiens: Dengue Virus Infection",FALSE,"down",FALSE
"P08865","RPSA",-0.603030905471265,0.463197862647816,"R-HSA-9839923","Homo sapiens: Dengue Virus Infection",FALSE,"down",FALSE
"Q07020","RPL18",-0.576145427504724,0.494951837528504,"R-HSA-9839923","Homo sapiens: Dengue Virus Infection",FALSE,"down",FALSE
"P00734","F2",-0.56462123847848,0.533799521315587,"R-HSA-9839923","Homo sapiens: Dengue Virus Infection",FALSE,"down",FALSE
"Q01081","U2AF1",0.270961621728269,0.772881630309184,"R-HSA-9839923","Homo sapiens: Dengue Virus Infection",FALSE,"up",FALSE
"Q15029","EFTUD2",0.179075920424637,0.869065216494292,"R-HSA-9839923","Homo sapiens: Dengue Virus Infection",FALSE,"up",FALSE
"Q01130","SRSF2",-0.0123325412286981,0.992286810402825,"R-HSA-9839923","Homo sapiens: Dengue Virus Infection",FALSE,"down",FALSE
"Q93079","H2BC9",6.83737301224086,4.2833732227517e-11,"R-HSA-9918481","Homo sapiens: Dengue Virus-Host Interactions",FALSE,"up",TRUE
"Q6FI13","H2AC18",4.44700067810138,6.17340315600031e-07,"R-HSA-9918481","Homo sapiens: Dengue Virus-Host Interactions",FALSE,"up",TRUE
"Q93077","H2AC6",4.00731345285644,1.09951099349611e-06,"R-HSA-9918481","Homo sapiens: Dengue Virus-Host Interactions",FALSE,"up",TRUE
"P62805","H4C9",3.55592798697397,5.47234143321341e-06,"R-HSA-9918481","Homo sapiens: Dengue Virus-Host Interactions",FALSE,"up",TRUE
"P08670","VIM",3.52227024110501,2.44452623269935e-06,"R-HSA-9918481","Homo sapiens: Dengue Virus-Host Interactions",FALSE,"up",TRUE
"P33778","H2BC3",3.4841504591376,1.3362840575995e-05,"R-HSA-9918481","Homo sapiens: Dengue Virus-Host Interactions",FALSE,"up",TRUE
"O00468","AGRN",3.42626529297742,4.53615964498716e-06,"R-HSA-9918481","Homo sapiens: Dengue Virus-Host Interactions",TRUE,"up",TRUE
"P38159","RBMX",-3.01016058899001,0.000928506382845237,"R-HSA-9918481","Homo sapiens: Dengue Virus-Host Interactions",FALSE,"down",TRUE
"Q8N684","CPSF7",-2.99697246921435,0.00667944462818959,"R-HSA-9918481","Homo sapiens: Dengue Virus-Host Interactions",FALSE,"down",TRUE
"Q71DI3","H3C14",2.83493449762814,0.00207374001370559,"R-HSA-9918481","Homo sapiens: Dengue Virus-Host Interactions",FALSE,"up",TRUE
"P98160","HSPG2",2.80571113228391,0.000170177766246557,"R-HSA-9918481","Homo sapiens: Dengue Virus-Host Interactions",FALSE,"up",TRUE
"P10909","CLU",-2.64477059069828,0.00013945096795715,"R-HSA-9918481","Homo sapiens: Dengue Virus-Host Interactions",FALSE,"down",TRUE
"P51991","HNRNPA3",-2.50050732802652,0.00246161536400457,"R-HSA-9918481","Homo sapiens: Dengue Virus-Host Interactions",FALSE,"down",TRUE
"P14866","HNRNPL",-2.24353778582872,0.00312419171433303,"R-HSA-9918481","Homo sapiens: Dengue Virus-Host Interactions",FALSE,"down",TRUE
"P52272","HNRNPM",-2.24070389252966,0.00265361498724356,"R-HSA-9918481","Homo sapiens: Dengue Virus-Host Interactions",FALSE,"down",TRUE
"O43143","DHX15",-2.16138724665285,0.0112461543196032,"R-HSA-9918481","Homo sapiens: Dengue Virus-Host Interactions",FALSE,"down",TRUE
"P55795","HNRNPH2",-1.86631164881733,0.0169126689616686,"R-HSA-9918481","Homo sapiens: Dengue Virus-Host Interactions",FALSE,"down",TRUE
"Q00839","HNRNPU",-1.75991278739995,0.019014257287747,"R-HSA-9918481","Homo sapiens: Dengue Virus-Host Interactions",FALSE,"down",TRUE
"O43390","HNRNPR",-1.69239118068467,0.0248045102724451,"R-HSA-9918481","Homo sapiens: Dengue Virus-Host Interactions",FALSE,"down",TRUE
"Q14103","HNRNPD",-1.5453642421252,0.033013111739004,"R-HSA-9918481","Homo sapiens: Dengue Virus-Host Interactions",FALSE,"down",TRUE
"P07910","HNRNPC",-1.52417677740465,0.0370104473750737,"R-HSA-9918481","Homo sapiens: Dengue Virus-Host Interactions",FALSE,"down",TRUE
"Q6R327","RICTOR",1.50612880223757,0.0396457424942583,"R-HSA-9918481","Homo sapiens: Dengue Virus-Host Interactions",FALSE,"up",TRUE
"P35637","FUS",1.48747542151044,0.0483009014950721,"R-HSA-9918481","Homo sapiens: Dengue Virus-Host Interactions",FALSE,"up",TRUE
"P26368","U2AF2",-1.41971705864357,0.0680680317015773,"R-HSA-9918481","Homo sapiens: Dengue Virus-Host Interactions",FALSE,"down",FALSE
"P62318","SNRPD3",-1.13484801527179,0.120509235176065,"R-HSA-9918481","Homo sapiens: Dengue Virus-Host Interactions",FALSE,"down",FALSE
"P52597","HNRNPF",-1.13331129157481,0.127818748968127,"R-HSA-9918481","Homo sapiens: Dengue Virus-Host Interactions",FALSE,"down",FALSE
"Q07955","SRSF1",-1.06483734248762,0.198594939532225,"R-HSA-9918481","Homo sapiens: Dengue Virus-Host Interactions",FALSE,"down",FALSE
"P38919","EIF4A3",-0.993294899322244,0.188825240089178,"R-HSA-9918481","Homo sapiens: Dengue Virus-Host Interactions",FALSE,"down",FALSE
"Q08211","DHX9",-0.971858032144116,0.226553013521455,"R-HSA-9918481","Homo sapiens: Dengue Virus-Host Interactions",FALSE,"down",FALSE
"Q86U42","PABPN1",-0.924191492711124,0.319339158739083,"R-HSA-9918481","Homo sapiens: Dengue Virus-Host Interactions",FALSE,"down",FALSE
"P35222","CTNNB1",-0.918167206420808,0.217332074067202,"R-HSA-9918481","Homo sapiens: Dengue Virus-Host Interactions",FALSE,"down",FALSE
"P22626","HNRNPA2B1",-0.87512207229096,0.25813719520184,"R-HSA-9918481","Homo sapiens: Dengue Virus-Host Interactions",FALSE,"down",FALSE
"P62316","SNRPD2",-0.867011766661275,0.268027495799953,"R-HSA-9918481","Homo sapiens: Dengue Virus-Host Interactions",FALSE,"down",FALSE
"P61978","HNRNPK",-0.841844584567109,0.396192089929649,"R-HSA-9918481","Homo sapiens: Dengue Virus-Host Interactions",FALSE,"down",FALSE
"P52434","POLR2H",-0.839799849896004,0.317631452038847,"R-HSA-9918481","Homo sapiens: Dengue Virus-Host Interactions",FALSE,"down",FALSE
"Q15393","SF3B3",-0.708175081849603,0.380790590387804,"R-HSA-9918481","Homo sapiens: Dengue Virus-Host Interactions",FALSE,"down",FALSE
"P31943","HNRNPH1",-0.646465195749919,0.444861781661114,"R-HSA-9918481","Homo sapiens: Dengue Virus-Host Interactions",FALSE,"down",FALSE
"P09651","HNRNPA1",-0.622549580605451,0.461577544820525,"R-HSA-9918481","Homo sapiens: Dengue Virus-Host Interactions",FALSE,"down",FALSE
"P14678","SNRPB",-0.620294035817604,0.435043577644286,"R-HSA-9918481","Homo sapiens: Dengue Virus-Host Interactions",FALSE,"down",FALSE
"Q07020","RPL18",-0.576145427504724,0.494951837528504,"R-HSA-9918481","Homo sapiens: Dengue Virus-Host Interactions",FALSE,"down",FALSE
"P00734","F2",-0.56462123847848,0.533799521315587,"R-HSA-9918481","Homo sapiens: Dengue Virus-Host Interactions",FALSE,"down",FALSE
"Q01081","U2AF1",0.270961621728269,0.772881630309184,"R-HSA-9918481","Homo sapiens: Dengue Virus-Host Interactions",FALSE,"up",FALSE
"Q15029","EFTUD2",0.179075920424637,0.869065216494292,"R-HSA-9918481","Homo sapiens: Dengue Virus-Host Interactions",FALSE,"up",FALSE
"Q01130","SRSF2",-0.0123325412286981,0.992286810402825,"R-HSA-9918481","Homo sapiens: Dengue Virus-Host Interactions",FALSE,"down",FALSE
"O43854","EDIL3",12.1021670347627,9.73649755315771e-15,"R-HSA-1266738","Homo sapiens: Developmental Biology",FALSE,"up",TRUE
"P22735","TGM1",-10.0491677052415,1.17587344907209e-12,"R-HSA-1266738","Homo sapiens: Developmental Biology",FALSE,"down",TRUE
"P55268","LAMB2",7.94397288514485,1.17587344907209e-12,"R-HSA-1266738","Homo sapiens: Developmental Biology",FALSE,"up",TRUE
"P08473","MME",-7.91657371823965,2.53852274370279e-12,"R-HSA-1266738","Homo sapiens: Developmental Biology",FALSE,"down",TRUE
"Q92817","EVPL",-7.66667425231876,2.53852274370279e-12,"R-HSA-1266738","Homo sapiens: Developmental Biology",FALSE,"down",TRUE
"O60437","PPL",-7.23705889737411,4.00514331031947e-12,"R-HSA-1266738","Homo sapiens: Developmental Biology",FALSE,"down",TRUE
"P22528","SPRR1B",-7.22993228768414,3.35769557028623e-11,"R-HSA-1266738","Homo sapiens: Developmental Biology",FALSE,"down",TRUE
"P35321","SPRR1A",-7.17262390784281,4.15906294154556e-11,"R-HSA-1266738","Homo sapiens: Developmental Biology",FALSE,"down",TRUE
"Q93079","H2BC9",6.83737301224086,4.2833732227517e-11,"R-HSA-1266738","Homo sapiens: Developmental Biology",FALSE,"up",TRUE
"P00918","CA2",-6.71714674199423,1.59486682498859e-11,"R-HSA-1266738","Homo sapiens: Developmental Biology",FALSE,"down",TRUE
"Q9UBC9","SPRR3",-6.66174347623097,4.2833732227517e-11,"R-HSA-1266738","Homo sapiens: Developmental Biology",FALSE,"down",TRUE
"P12111","COL6A3",6.4674748196218,8.30187762466895e-11,"R-HSA-1266738","Homo sapiens: Developmental Biology",FALSE,"up",TRUE
"P12110","COL6A2",5.78857892630917,2.9398727802252e-10,"R-HSA-1266738","Homo sapiens: Developmental Biology",FALSE,"up",TRUE
"P15941","MUC1",-5.44150349646561,7.09659780735549e-09,"R-HSA-1266738","Homo sapiens: Developmental Biology",FALSE,"down",TRUE
"P16671","CD36",-5.43008701998445,1.26368470539339e-07,"R-HSA-1266738","Homo sapiens: Developmental Biology",FALSE,"down",TRUE
"P20908","COL5A1",5.27235704620434,2.80668720768905e-07,"R-HSA-1266738","Homo sapiens: Developmental Biology",FALSE,"up",TRUE
"P29317","EPHA2",5.09903353539291,5.5051449029647e-09,"R-HSA-1266738","Homo sapiens: Developmental Biology",FALSE,"up",TRUE
"P05106","ITGB3",4.83281290250002,1.10062266000083e-08,"R-HSA-1266738","Homo sapiens: Developmental Biology",FALSE,"up",TRUE
"P31944","CASP14",-4.78581036273455,8.75775621396236e-08,"R-HSA-1266738","Homo sapiens: Developmental Biology",FALSE,"down",TRUE
"Q02487","DSC2",-4.52255988848587,1.63545348741805e-07,"R-HSA-1266738","Homo sapiens: Developmental Biology",FALSE,"down",TRUE
"Q6FI13","H2AC18",4.44700067810138,6.17340315600031e-07,"R-HSA-1266738","Homo sapiens: Developmental Biology",FALSE,"up",TRUE
"P07476","IVL",-4.35980638228827,3.84826066178829e-07,"R-HSA-1266738","Homo sapiens: Developmental Biology",FALSE,"down",TRUE
"Q9NZT1","CALML5",-4.12913127596957,3.5832074204568e-05,"R-HSA-1266738","Homo sapiens: Developmental Biology",FALSE,"down",TRUE
"Q93077","H2AC6",4.00731345285644,1.09951099349611e-06,"R-HSA-1266738","Homo sapiens: Developmental Biology",FALSE,"up",TRUE
"Q01469","FABP5",-3.97968588535628,2.78026660215199e-07,"R-HSA-1266738","Homo sapiens: Developmental Biology",FALSE,"down",TRUE
"P12109","COL6A1",3.81699460964921,3.91622343684386e-07,"R-HSA-1266738","Homo sapiens: Developmental Biology",FALSE,"up",TRUE
"P19838","NFKB1",-3.64063558250162,1.3314664856337e-05,"R-HSA-1266738","Homo sapiens: Developmental Biology",FALSE,"down",TRUE
"Q71UI9","H2AZ2",3.57512431924795,6.14751537761019e-06,"R-HSA-1266738","Homo sapiens: Developmental Biology",FALSE,"up",TRUE
"P62805","H4C9",3.55592798697397,5.47234143321341e-06,"R-HSA-1266738","Homo sapiens: Developmental Biology",FALSE,"up",TRUE
"P02751","FN1",3.53842274994988,3.83081769226345e-06,"R-HSA-1266738","Homo sapiens: Developmental Biology",FALSE,"up",TRUE
"P08670","VIM",3.52227024110501,2.44452623269935e-06,"R-HSA-1266738","Homo sapiens: Developmental Biology",FALSE,"up",TRUE
"P33778","H2BC3",3.4841504591376,1.3362840575995e-05,"R-HSA-1266738","Homo sapiens: Developmental Biology",FALSE,"up",TRUE
"O00468","AGRN",3.42626529297742,4.53615964498716e-06,"R-HSA-1266738","Homo sapiens: Developmental Biology",TRUE,"up",TRUE
"P05121","SERPINE1",3.40999301673345,8.14255834226244e-06,"R-HSA-1266738","Homo sapiens: Developmental Biology",FALSE,"up",TRUE
"Q92747","ARPC1A",-3.37485489278865,0.00149371066804565,"R-HSA-1266738","Homo sapiens: Developmental Biology",FALSE,"down",TRUE
"Q9UI12","ATP6V1H",-3.3386905545247,1.2573904408446e-05,"R-HSA-1266738","Homo sapiens: Developmental Biology",FALSE,"down",TRUE
"P05556","ITGB1",3.32073568701624,6.89548048269636e-06,"R-HSA-1266738","Homo sapiens: Developmental Biology",FALSE,"up",TRUE
"O15230","LAMA5",3.25992473968899,1.22066504632128e-05,"R-HSA-1266738","Homo sapiens: Developmental Biology",FALSE,"up",TRUE
"P01040","CSTA",-3.24852690580749,9.46998057967317e-06,"R-HSA-1266738","Homo sapiens: Developmental Biology",FALSE,"down",TRUE
"P46939","UTRN",3.20590401718244,2.80993712814469e-05,"R-HSA-1266738","Homo sapiens: Developmental Biology",FALSE,"up",TRUE
"Q9Y446","PKP3",-3.20412140624731,3.71672957148846e-05,"R-HSA-1266738","Homo sapiens: Developmental Biology",FALSE,"down",TRUE
"P16104","H2AX",3.20009325272228,4.04991630543064e-05,"R-HSA-1266738","Homo sapiens: Developmental Biology",FALSE,"up",TRUE
"P04233","CD74",3.07129940971713,2.51984532306402e-05,"R-HSA-1266738","Homo sapiens: Developmental Biology",FALSE,"up",TRUE
"P17301","ITGA2",3.03416118463698,2.80993712814469e-05,"R-HSA-1266738","Homo sapiens: Developmental Biology",FALSE,"up",TRUE
"P22532","SPRR2D",-3.02934583875544,0.000182794723305273,"R-HSA-1266738","Homo sapiens: Developmental Biology",FALSE,"down",TRUE
"P11047","LAMC1",2.94395767737148,4.96561251745198e-05,"R-HSA-1266738","Homo sapiens: Developmental Biology",FALSE,"up",TRUE
"Q92626","PXDN",2.90134275973611,2.82971184036415e-05,"R-HSA-1266738","Homo sapiens: Developmental Biology",FALSE,"up",TRUE
"Q71DI3","H3C14",2.83493449762814,0.00207374001370559,"R-HSA-1266738","Homo sapiens: Developmental Biology",FALSE,"up",TRUE
"P17252","PRKCA",2.76505740675276,0.000215266110237451,"R-HSA-1266738","Homo sapiens: Developmental Biology",FALSE,"up",TRUE
"O94813","SLIT2",2.76067852295196,0.000177320378965777,"R-HSA-1266738","Homo sapiens: Developmental Biology",FALSE,"up",TRUE
"P32004","L1CAM",2.7251934175751,0.000184388607168884,"R-HSA-1266738","Homo sapiens: Developmental Biology",FALSE,"up",TRUE
"P00533","EGFR",2.66096413050353,0.000182794723305273,"R-HSA-1266738","Homo sapiens: Developmental Biology",FALSE,"up",TRUE
"O75348","ATP6V1G1",-2.61766666631453,0.000231447419908001,"R-HSA-1266738","Homo sapiens: Developmental Biology",FALSE,"down",TRUE
"Q96FX8","PERP",-2.58143183798374,0.000485396242036111,"R-HSA-1266738","Homo sapiens: Developmental Biology",FALSE,"down",TRUE
"P16333","NCK1",-2.57818713544951,0.000833284134249003,"R-HSA-1266738","Homo sapiens: Developmental Biology",FALSE,"down",TRUE
"P07942","LAMB1",2.49653352297863,0.000513771493445868,"R-HSA-1266738","Homo sapiens: Developmental Biology",FALSE,"up",TRUE
"P03973","SLPI",-2.40283591495864,0.00177285726874039,"R-HSA-1266738","Homo sapiens: Developmental Biology",FALSE,"down",TRUE
"Q92600","CNOT9",-2.30898434684526,0.00322210412870506,"R-HSA-1266738","Homo sapiens: Developmental Biology",FALSE,"down",TRUE
"P62979","RPS27A",-2.29030107893188,0.00100845325724085,"R-HSA-1266738","Homo sapiens: Developmental Biology",FALSE,"down",TRUE
"P61421","ATP6V0D1",-2.27561323403613,0.000928506382845237,"R-HSA-1266738","Homo sapiens: Developmental Biology",FALSE,"down",TRUE
"P36543","ATP6V1E1",-2.24153907864587,0.00105441735320826,"R-HSA-1266738","Homo sapiens: Developmental Biology",FALSE,"down",TRUE
"P63173","RPL38",-2.21452820216015,0.002279353622106,"R-HSA-1266738","Homo sapiens: Developmental Biology",FALSE,"down",TRUE
"Q9UIW2","PLXNA1",2.21197759069493,0.00131645200372344,"R-HSA-1266738","Homo sapiens: Developmental Biology",FALSE,"up",TRUE
"Q9NR12","PDLIM7",2.21096410049375,0.00259730297305852,"R-HSA-1266738","Homo sapiens: Developmental Biology",FALSE,"up",TRUE
"P14923","JUP",-2.16595715668229,0.00152629005931103,"R-HSA-1266738","Homo sapiens: Developmental Biology",FALSE,"down",TRUE
"O75962","TRIO",2.12800480993868,0.0100702537281127,"R-HSA-1266738","Homo sapiens: Developmental Biology",FALSE,"up",TRUE
"P02786","TFRC",2.12382942054407,0.00251108350346537,"R-HSA-1266738","Homo sapiens: Developmental Biology",FALSE,"up",TRUE
"P07948","LYN",-2.104625040218,0.00262918923021719,"R-HSA-1266738","Homo sapiens: Developmental Biology",FALSE,"down",TRUE
"P38606","ATP6V1A",-2.07872359975261,0.00279245551117052,"R-HSA-1266738","Homo sapiens: Developmental Biology",FALSE,"down",TRUE
"P68366","TUBA4A",-2.03770198252481,0.00387491451998847,"R-HSA-1266738","Homo sapiens: Developmental Biology",FALSE,"down",TRUE
"Q9Y3U8","RPL36",-2.02300101356212,0.030074512893442,"R-HSA-1266738","Homo sapiens: Developmental Biology",FALSE,"down",TRUE
"P46531","NOTCH1",2.01498454781978,0.00210616013729878,"R-HSA-1266738","Homo sapiens: Developmental Biology",FALSE,"up",TRUE
"P42677","RPS27",-1.99854348669692,0.0833720313627374,"R-HSA-1266738","Homo sapiens: Developmental Biology",FALSE,"down",FALSE
"P08572","COL4A2",1.94597148031989,0.0173853314504028,"R-HSA-1266738","Homo sapiens: Developmental Biology",FALSE,"up",TRUE
"P05783","KRT18",1.87132112831803,0.00875795062506858,"R-HSA-1266738","Homo sapiens: Developmental Biology",FALSE,"up",TRUE
"P08648","ITGA5",1.84323575430166,0.00579516326103966,"R-HSA-1266738","Homo sapiens: Developmental Biology",FALSE,"up",TRUE
"Q9HD67","MYO10",1.76256544553592,0.0208871847045412,"R-HSA-1266738","Homo sapiens: Developmental Biology",FALSE,"up",TRUE
"Q00839","HNRNPU",-1.75991278739995,0.019014257287747,"R-HSA-1266738","Homo sapiens: Developmental Biology",FALSE,"down",TRUE
"P16070","CD44",1.66750890102201,0.014394740992504,"R-HSA-1266738","Homo sapiens: Developmental Biology",FALSE,"up",TRUE
"Q9Y490","TLN1",1.63085773206727,0.0241313159833309,"R-HSA-1266738","Homo sapiens: Developmental Biology",FALSE,"up",TRUE
"Q14185","DOCK1",-1.62946906784319,0.0334294211259526,"R-HSA-1266738","Homo sapiens: Developmental Biology",FALSE,"down",TRUE
"Q08431","MFGE8",1.6238487957063,0.0163578741402874,"R-HSA-1266738","Homo sapiens: Developmental Biology",FALSE,"up",TRUE
"P01111","NRAS",-1.62131878234086,0.191528114752541,"R-HSA-1266738","Homo sapiens: Developmental Biology",FALSE,"down",FALSE
"Q96SB4","SRPK1",1.60723160038897,0.0255478793735618,"R-HSA-1266738","Homo sapiens: Developmental Biology",FALSE,"up",TRUE
"P07384","CAPN1",-1.59512774707952,0.0232699742820556,"R-HSA-1266738","Homo sapiens: Developmental Biology",FALSE,"down",TRUE
"P17612","PRKACA",-1.4977427103434,0.0421587942742117,"R-HSA-1266738","Homo sapiens: Developmental Biology",FALSE,"down",TRUE
"P08581","MET",1.48617712985132,0.0592164934495887,"R-HSA-1266738","Homo sapiens: Developmental Biology",FALSE,"up",FALSE
"P62273","RPS29",-1.47257596184413,0.04689099361302,"R-HSA-1266738","Homo sapiens: Developmental Biology",FALSE,"down",TRUE
"O60610","DIAPH1",-1.45572081738884,0.0427786187590894,"R-HSA-1266738","Homo sapiens: Developmental Biology",FALSE,"down",TRUE
"O15144","ARPC2",-1.4436301561972,0.0351337777932071,"R-HSA-1266738","Homo sapiens: Developmental Biology",FALSE,"down",TRUE
"P59998","ARPC4",-1.41933428286802,0.0448347906966539,"R-HSA-1266738","Homo sapiens: Developmental Biology",FALSE,"down",TRUE
"P62877","RBX1",1.4167648550524,0.0562639605082138,"R-HSA-1266738","Homo sapiens: Developmental Biology",FALSE,"up",FALSE
"O15143","ARPC1B",-1.40665204418792,0.054531196295046,"R-HSA-1266738","Homo sapiens: Developmental Biology",FALSE,"down",FALSE
"P10301","RRAS",1.35402210809679,0.065572618989564,"R-HSA-1266738","Homo sapiens: Developmental Biology",FALSE,"up",FALSE
"P56199","ITGA1",1.3279085134554,0.0555719561067457,"R-HSA-1266738","Homo sapiens: Developmental Biology",FALSE,"up",FALSE
"Q16186","ADRM1",-1.32635576085538,0.10205667745841,"R-HSA-1266738","Homo sapiens: Developmental Biology",FALSE,"down",FALSE
"Q9Y4D7","PLXND1",1.32529836624288,0.0863470670479952,"R-HSA-1266738","Homo sapiens: Developmental Biology",FALSE,"up",FALSE
"P61158","ACTR3",-1.31922722950493,0.0748120024455382,"R-HSA-1266738","Homo sapiens: Developmental Biology",FALSE,"down",FALSE
"P07814","EPRS1",-1.31871637778379,0.0729256032721219,"R-HSA-1266738","Homo sapiens: Developmental Biology",FALSE,"down",FALSE
"P62081","RPS7",-1.28233469543915,0.100955516592478,"R-HSA-1266738","Homo sapiens: Developmental Biology",FALSE,"down",FALSE
"P61160","ACTR2",-1.21566544344882,0.0960230313238083,"R-HSA-1266738","Homo sapiens: Developmental Biology",FALSE,"down",FALSE
"O75051","PLXNA2",1.21054167931619,0.0796452191051537,"R-HSA-1266738","Homo sapiens: Developmental Biology",FALSE,"up",FALSE
"P60953","CDC42",-1.19249224963627,0.146359262982623,"R-HSA-1266738","Homo sapiens: Developmental Biology",FALSE,"down",FALSE
"P62841","RPS15",-1.16456327746028,0.188135498266396,"R-HSA-1266738","Homo sapiens: Developmental Biology",FALSE,"down",FALSE
"P62851","RPS25",-1.15688186006583,0.117920416080853,"R-HSA-1266738","Homo sapiens: Developmental Biology",FALSE,"down",FALSE
"P62241","RPS8",-1.13385272339552,0.108410920864132,"R-HSA-1266738","Homo sapiens: Developmental Biology",FALSE,"down",FALSE
"O14786","NRP1",1.11380901082516,0.226586003476277,"R-HSA-1266738","Homo sapiens: Developmental Biology",FALSE,"up",FALSE
"Q13509","TUBB3",-1.08444239637109,0.170676461792344,"R-HSA-1266738","Homo sapiens: Developmental Biology",FALSE,"down",FALSE
"O15145","ARPC3",-1.05782288925133,0.145301914194018,"R-HSA-1266738","Homo sapiens: Developmental Biology",FALSE,"down",FALSE
"P07355","ANXA2",-1.03154539498116,0.152918852723881,"R-HSA-1266738","Homo sapiens: Developmental Biology",FALSE,"down",FALSE
"Q9BUF5","TUBB6",-1.02490458794195,0.198288260213891,"R-HSA-1266738","Homo sapiens: Developmental Biology",FALSE,"down",FALSE
"Q9C0C2","TNKS1BP1",-1.01360658218642,0.217332074067202,"R-HSA-1266738","Homo sapiens: Developmental Biology",FALSE,"down",FALSE
"P38919","EIF4A3",-0.993294899322244,0.188825240089178,"R-HSA-1266738","Homo sapiens: Developmental Biology",FALSE,"down",FALSE
"O15511","ARPC5",-0.979365984593279,0.178328458815862,"R-HSA-1266738","Homo sapiens: Developmental Biology",FALSE,"down",FALSE
"P35268","RPL22",-0.95840307164023,0.191894626889333,"R-HSA-1266738","Homo sapiens: Developmental Biology",FALSE,"down",FALSE
"Q86U42","PABPN1",-0.924191492711124,0.319339158739083,"R-HSA-1266738","Homo sapiens: Developmental Biology",FALSE,"down",FALSE
"P46777","RPL5",-0.923438551255394,0.223594908701215,"R-HSA-1266738","Homo sapiens: Developmental Biology",FALSE,"down",FALSE
"P35222","CTNNB1",-0.918167206420808,0.217332074067202,"R-HSA-1266738","Homo sapiens: Developmental Biology",FALSE,"down",FALSE
"P06730","EIF4E",-0.905923641879969,0.297259157898636,"R-HSA-1266738","Homo sapiens: Developmental Biology",FALSE,"down",FALSE
"P46776","RPL27A",-0.902736789357206,0.224268997670808,"R-HSA-1266738","Homo sapiens: Developmental Biology",FALSE,"down",FALSE
"P62993","GRB2",-0.8963579770301,0.227452987130314,"R-HSA-1266738","Homo sapiens: Developmental Biology",FALSE,"down",FALSE
"P16298","PPP3CB",0.890717686786992,0.302391357911938,"R-HSA-1266738","Homo sapiens: Developmental Biology",FALSE,"up",FALSE
"P27635","RPL10",-0.87297291197418,0.317631452038847,"R-HSA-1266738","Homo sapiens: Developmental Biology",FALSE,"down",FALSE
"P62424","RPL7A",-0.867269927022196,0.272451384712088,"R-HSA-1266738","Homo sapiens: Developmental Biology",FALSE,"down",FALSE
"P29353","SHC1",-0.865370640403842,0.246829714652203,"R-HSA-1266738","Homo sapiens: Developmental Biology",FALSE,"down",FALSE
"P46782","RPS5",-0.862373387944093,0.265857685683251,"R-HSA-1266738","Homo sapiens: Developmental Biology",FALSE,"down",FALSE
"P63104","YWHAZ",-0.845228539016531,0.266995133442499,"R-HSA-1266738","Homo sapiens: Developmental Biology",FALSE,"down",FALSE
"P52434","POLR2H",-0.839799849896004,0.317631452038847,"R-HSA-1266738","Homo sapiens: Developmental Biology",FALSE,"down",FALSE
"P21283","ATP6V1C1",-0.837550948172254,0.270434305540855,"R-HSA-1266738","Homo sapiens: Developmental Biology",FALSE,"down",FALSE
"P62906","RPL10A",-0.820572453560381,0.295395911400926,"R-HSA-1266738","Homo sapiens: Developmental Biology",FALSE,"down",FALSE
"P62701","RPS4X",-0.820303827624439,0.296201657905328,"R-HSA-1266738","Homo sapiens: Developmental Biology",FALSE,"down",FALSE
"O14980","XPO1",-0.812620026309663,0.322304769083472,"R-HSA-1266738","Homo sapiens: Developmental Biology",FALSE,"down",FALSE
"P08708","RPS17",-0.801014441149025,0.363540992446748,"R-HSA-1266738","Homo sapiens: Developmental Biology",FALSE,"down",FALSE
"P07947","YES1",-0.798701124845007,0.312589132539328,"R-HSA-1266738","Homo sapiens: Developmental Biology",FALSE,"down",FALSE
"P36578","RPL4",-0.795859124000025,0.337507442100344,"R-HSA-1266738","Homo sapiens: Developmental Biology",FALSE,"down",FALSE
"P61313","RPL15",-0.793777862302104,0.32897478409442,"R-HSA-1266738","Homo sapiens: Developmental Biology",FALSE,"down",FALSE
"P39023","RPL3",-0.775917597140083,0.322304769083472,"R-HSA-1266738","Homo sapiens: Developmental Biology",FALSE,"down",FALSE
"P61353","RPL27",-0.767570424473178,0.334831069667985,"R-HSA-1266738","Homo sapiens: Developmental Biology",FALSE,"down",FALSE
"Q92542","NCSTN",-0.761504164452379,0.315509037524342,"R-HSA-1266738","Homo sapiens: Developmental Biology",FALSE,"down",FALSE
"P61513","RPL37A",-0.748588742799484,0.362889353107955,"R-HSA-1266738","Homo sapiens: Developmental Biology",FALSE,"down",FALSE
"P62847","RPS24",-0.736034017402908,0.373116239598141,"R-HSA-1266738","Homo sapiens: Developmental Biology",FALSE,"down",FALSE
"P62280","RPS11",-0.727156423322633,0.374918218629797,"R-HSA-1266738","Homo sapiens: Developmental Biology",FALSE,"down",FALSE
"P62495","ETF1",-0.720182812769334,0.370791320761442,"R-HSA-1266738","Homo sapiens: Developmental Biology",FALSE,"down",FALSE
"P25398","RPS12",-0.718089075931264,0.361916241379398,"R-HSA-1266738","Homo sapiens: Developmental Biology",FALSE,"down",FALSE
"P62244","RPS15A",-0.702401553902217,0.408756465095092,"R-HSA-1266738","Homo sapiens: Developmental Biology",FALSE,"down",FALSE
"P32969","RPL9",-0.682090017913076,0.40963258939972,"R-HSA-1266738","Homo sapiens: Developmental Biology",FALSE,"down",FALSE
"P05386","RPLP1",-0.676845291229775,0.40963258939972,"R-HSA-1266738","Homo sapiens: Developmental Biology",FALSE,"down",FALSE
"P62249","RPS16",-0.660632791930222,0.418959836193561,"R-HSA-1266738","Homo sapiens: Developmental Biology",FALSE,"down",FALSE
"P43686","PSMC4",-0.658017352596492,0.438445646407203,"R-HSA-1266738","Homo sapiens: Developmental Biology",FALSE,"down",FALSE
"P18124","RPL7",-0.644176087461226,0.436583326932769,"R-HSA-1266738","Homo sapiens: Developmental Biology",FALSE,"down",FALSE
"P62753","RPS6",-0.631124724574207,0.448464175744655,"R-HSA-1266738","Homo sapiens: Developmental Biology",FALSE,"down",FALSE
"P18077","RPL35A",-0.628341517294974,0.461213474234375,"R-HSA-1266738","Homo sapiens: Developmental Biology",FALSE,"down",FALSE
"Q15008","PSMD6",-0.625603796811486,0.448537648394225,"R-HSA-1266738","Homo sapiens: Developmental Biology",FALSE,"down",FALSE
"P62269","RPS18",-0.6244708339398,0.444369168821822,"R-HSA-1266738","Homo sapiens: Developmental Biology",FALSE,"down",FALSE
"P08865","RPSA",-0.603030905471265,0.463197862647816,"R-HSA-1266738","Homo sapiens: Developmental Biology",FALSE,"down",FALSE
"P39019","RPS19",-0.595078987595031,0.472280844380163,"R-HSA-1266738","Homo sapiens: Developmental Biology",FALSE,"down",FALSE
"P61247","RPS3A",-0.584002928098489,0.497641802406889,"R-HSA-1266738","Homo sapiens: Developmental Biology",FALSE,"down",FALSE
"P62277","RPS13",-0.58256703633981,0.46940886454993,"R-HSA-1266738","Homo sapiens: Developmental Biology",FALSE,"down",FALSE
"Q07020","RPL18",-0.576145427504724,0.494951837528504,"R-HSA-1266738","Homo sapiens: Developmental Biology",FALSE,"down",FALSE
"P23396","RPS3",-0.563453087686849,0.503189241280532,"R-HSA-1266738","Homo sapiens: Developmental Biology",FALSE,"down",FALSE
"P62888","RPL30",-0.562811989018574,0.523291823201886,"R-HSA-1266738","Homo sapiens: Developmental Biology",FALSE,"down",FALSE
"Q00535","CDK5",0.558432978278688,0.519791177713795,"R-HSA-1266738","Homo sapiens: Developmental Biology",FALSE,"up",FALSE
"P46781","RPS9",-0.542668383901766,0.536762836143572,"R-HSA-1266738","Homo sapiens: Developmental Biology",FALSE,"down",FALSE
"Q9UNM6","PSMD13",-0.531822496982215,0.529452771865827,"R-HSA-1266738","Homo sapiens: Developmental Biology",FALSE,"down",FALSE
"P18621","RPL17",-0.531570027257157,0.532725011463949,"R-HSA-1266738","Homo sapiens: Developmental Biology",FALSE,"down",FALSE
"P62266","RPS23",-0.530615701588182,0.549697752503586,"R-HSA-1266738","Homo sapiens: Developmental Biology",FALSE,"down",FALSE
"Q02543","RPL18A",-0.527881862411775,0.562323057979755,"R-HSA-1266738","Homo sapiens: Developmental Biology",FALSE,"down",FALSE
"Q02878","RPL6",-0.525425640668288,0.545914979917982,"R-HSA-1266738","Homo sapiens: Developmental Biology",FALSE,"down",FALSE
"P30050","RPL12",-0.515391039729806,0.548343398731212,"R-HSA-1266738","Homo sapiens: Developmental Biology",FALSE,"down",FALSE
"P62263","RPS14",-0.506726975098459,0.553690128162664,"R-HSA-1266738","Homo sapiens: Developmental Biology",FALSE,"down",FALSE
"P05388","RPLP0",-0.495726524853769,0.564725741546301,"R-HSA-1266738","Homo sapiens: Developmental Biology",FALSE,"down",FALSE
"P15880","RPS2",-0.488654813994522,0.585937075343565,"R-HSA-1266738","Homo sapiens: Developmental Biology",FALSE,"down",FALSE
"P62913","RPL11",-0.488452193192995,0.589897966943207,"R-HSA-1266738","Homo sapiens: Developmental Biology",FALSE,"down",FALSE
"P62910","RPL32",-0.46226919827194,0.629863691206271,"R-HSA-1266738","Homo sapiens: Developmental Biology",FALSE,"down",FALSE
"P15170","GSPT1",-0.445215492270918,0.626048873732214,"R-HSA-1266738","Homo sapiens: Developmental Biology",FALSE,"down",FALSE
"P62750","RPL23A",-0.395638326663907,0.664795963662896,"R-HSA-1266738","Homo sapiens: Developmental Biology",FALSE,"down",FALSE
"P23229","ITGA6",0.0533601460899291,0.965025616565901,"R-HSA-1266738","Homo sapiens: Developmental Biology",FALSE,"up",FALSE
"P08571","CD14",-8.51812739704659,1.59190933615881e-11,"R-HSA-1643685","Homo sapiens: Disease",FALSE,"down",TRUE
"P55268","LAMB2",7.94397288514485,1.17587344907209e-12,"R-HSA-1643685","Homo sapiens: Disease",FALSE,"up",TRUE
"Q5SSG8","MUC21",-7.34802104072146,4.83379228091508e-12,"R-HSA-1643685","Homo sapiens: Disease",FALSE,"down",TRUE
"Q93079","H2BC9",6.83737301224086,4.2833732227517e-11,"R-HSA-1643685","Homo sapiens: Disease",FALSE,"up",TRUE
"Q99102","MUC4",-6.10368033557066,4.79052014250728e-08,"R-HSA-1643685","Homo sapiens: Disease",FALSE,"down",TRUE
"P15941","MUC1",-5.44150349646561,7.09659780735549e-09,"R-HSA-1643685","Homo sapiens: Disease",FALSE,"down",TRUE
"P16671","CD36",-5.43008701998445,1.26368470539339e-07,"R-HSA-1643685","Homo sapiens: Disease",FALSE,"down",TRUE
"P20908","COL5A1",5.27235704620434,2.80668720768905e-07,"R-HSA-1643685","Homo sapiens: Disease",FALSE,"up",TRUE
"P53985","SLC16A1",-4.90439746184609,9.58315574085775e-09,"R-HSA-1643685","Homo sapiens: Disease",FALSE,"down",TRUE
"P05106","ITGB3",4.83281290250002,1.10062266000083e-08,"R-HSA-1643685","Homo sapiens: Disease",FALSE,"up",TRUE
"O75351","VPS4B",-4.55464794408816,7.47636810379456e-07,"R-HSA-1643685","Homo sapiens: Disease",FALSE,"down",TRUE
"P07996","THBS1",4.47664946858148,3.63747819894345e-08,"R-HSA-1643685","Homo sapiens: Disease",FALSE,"up",TRUE
"Q6FI13","H2AC18",4.44700067810138,6.17340315600031e-07,"R-HSA-1643685","Homo sapiens: Disease",FALSE,"up",TRUE
"P98088","MUC5AC",4.39352642557257,1.60341639645922e-06,"R-HSA-1643685","Homo sapiens: Disease",FALSE,"up",TRUE
"P05109","S100A8",-4.22935730252304,1.04175883317575e-06,"R-HSA-1643685","Homo sapiens: Disease",FALSE,"down",TRUE
"Q86UK0","ABCA12",-4.07650097019991,6.70802066629072e-07,"R-HSA-1643685","Homo sapiens: Disease",FALSE,"down",TRUE
"P06702","S100A9",-4.07099132924974,7.73030325856031e-07,"R-HSA-1643685","Homo sapiens: Disease",FALSE,"down",TRUE
"Q93077","H2AC6",4.00731345285644,1.09951099349611e-06,"R-HSA-1643685","Homo sapiens: Disease",FALSE,"up",TRUE
"Q9UQN3","CHMP2B",-3.97827494796961,3.84356112336664e-06,"R-HSA-1643685","Homo sapiens: Disease",FALSE,"down",TRUE
"P05067","APP",3.89771722083527,1.07264499707111e-06,"R-HSA-1643685","Homo sapiens: Disease",FALSE,"up",TRUE
"Q96H20","SNF8",-3.86877087677223,9.38242950253371e-07,"R-HSA-1643685","Homo sapiens: Disease",FALSE,"down",TRUE
"P19838","NFKB1",-3.64063558250162,1.3314664856337e-05,"R-HSA-1643685","Homo sapiens: Disease",FALSE,"down",TRUE
"Q71UI9","H2AZ2",3.57512431924795,6.14751537761019e-06,"R-HSA-1643685","Homo sapiens: Disease",FALSE,"up",TRUE
"P62805","H4C9",3.55592798697397,5.47234143321341e-06,"R-HSA-1643685","Homo sapiens: Disease",FALSE,"up",TRUE
"P02751","FN1",3.53842274994988,3.83081769226345e-06,"R-HSA-1643685","Homo sapiens: Disease",FALSE,"up",TRUE
"P08670","VIM",3.52227024110501,2.44452623269935e-06,"R-HSA-1643685","Homo sapiens: Disease",FALSE,"up",TRUE
"P33778","H2BC3",3.4841504591376,1.3362840575995e-05,"R-HSA-1643685","Homo sapiens: Disease",FALSE,"up",TRUE
"P23193","TCEA1",-3.44792933347734,0.0143822682647563,"R-HSA-1643685","Homo sapiens: Disease",FALSE,"down",TRUE
"O00468","AGRN",3.42626529297742,4.53615964498716e-06,"R-HSA-1643685","Homo sapiens: Disease",TRUE,"up",TRUE
"Q92747","ARPC1A",-3.37485489278865,0.00149371066804565,"R-HSA-1643685","Homo sapiens: Disease",FALSE,"down",TRUE
"Q9UI12","ATP6V1H",-3.3386905545247,1.2573904408446e-05,"R-HSA-1643685","Homo sapiens: Disease",FALSE,"down",TRUE
"O95816","BAG2",3.3210349116724,5.0325550701303e-06,"R-HSA-1643685","Homo sapiens: Disease",FALSE,"up",TRUE
"P05556","ITGB1",3.32073568701624,6.89548048269636e-06,"R-HSA-1643685","Homo sapiens: Disease",FALSE,"up",TRUE
"O15230","LAMA5",3.25992473968899,1.22066504632128e-05,"R-HSA-1643685","Homo sapiens: Disease",FALSE,"up",TRUE
"P16104","H2AX",3.20009325272228,4.04991630543064e-05,"R-HSA-1643685","Homo sapiens: Disease",FALSE,"up",TRUE
"Q9BRG1","VPS25",-3.1666077120843,2.95549422125987e-05,"R-HSA-1643685","Homo sapiens: Disease",FALSE,"down",TRUE
"O60443","GSDME",3.1464189071155,3.17191036537145e-05,"R-HSA-1643685","Homo sapiens: Disease",FALSE,"up",TRUE
"Q9H9H4","VPS37B",-3.05893299320643,4.98436354001869e-05,"R-HSA-1643685","Homo sapiens: Disease",FALSE,"down",TRUE
"Q9ULZ3","PYCARD",-3.03994789097296,0.000522814073481828,"R-HSA-1643685","Homo sapiens: Disease",FALSE,"down",TRUE
"P38159","RBMX",-3.01016058899001,0.000928506382845237,"R-HSA-1643685","Homo sapiens: Disease",FALSE,"down",TRUE
"Q86VN1","VPS36",-3.00883956549698,6.36388972124466e-05,"R-HSA-1643685","Homo sapiens: Disease",FALSE,"down",TRUE
"Q8N684","CPSF7",-2.99697246921435,0.00667944462818959,"R-HSA-1643685","Homo sapiens: Disease",FALSE,"down",TRUE
"P11047","LAMC1",2.94395767737148,4.96561251745198e-05,"R-HSA-1643685","Homo sapiens: Disease",FALSE,"up",TRUE
"Q71DI3","H3C14",2.83493449762814,0.00207374001370559,"R-HSA-1643685","Homo sapiens: Disease",FALSE,"up",TRUE
"P46976","GYG1",-2.81127861874422,9.75949185477937e-05,"R-HSA-1643685","Homo sapiens: Disease",FALSE,"down",TRUE
"P98160","HSPG2",2.80571113228391,0.000170177766246557,"R-HSA-1643685","Homo sapiens: Disease",FALSE,"up",TRUE
"Q9Y6W5","WASF2",-2.79489033945303,0.000435790497519572,"R-HSA-1643685","Homo sapiens: Disease",FALSE,"down",TRUE
"Q9UK41","VPS28",-2.75402421812236,0.00014194438460424,"R-HSA-1643685","Homo sapiens: Disease",FALSE,"down",TRUE
"O60603","TLR2",-2.71531178105974,0.000148274952739259,"R-HSA-1643685","Homo sapiens: Disease",FALSE,"down",TRUE
"P13866","SLC5A1",-2.70127201902638,0.000549670784527662,"R-HSA-1643685","Homo sapiens: Disease",FALSE,"down",TRUE
"Q9UQB8","BAIAP2",-2.69571870300652,0.000195193300959064,"R-HSA-1643685","Homo sapiens: Disease",FALSE,"down",TRUE
"O75874","IDH1",-2.67475194833776,0.000224806231188548,"R-HSA-1643685","Homo sapiens: Disease",FALSE,"down",TRUE
"P00533","EGFR",2.66096413050353,0.000182794723305273,"R-HSA-1643685","Homo sapiens: Disease",FALSE,"up",TRUE
"O95477","ABCA1",2.64861596146374,0.000453256688066107,"R-HSA-1643685","Homo sapiens: Disease",FALSE,"up",TRUE
"P10909","CLU",-2.64477059069828,0.00013945096795715,"R-HSA-1643685","Homo sapiens: Disease",FALSE,"down",TRUE
"Q99816","TSG101",-2.60307027942783,0.000397329076576312,"R-HSA-1643685","Homo sapiens: Disease",FALSE,"down",TRUE
"Q9UN37","VPS4A",-2.59895209831632,0.000423420031565628,"R-HSA-1643685","Homo sapiens: Disease",FALSE,"down",TRUE
"Q96EY5","MVB12A",-2.58071761017467,0.000314266306689127,"R-HSA-1643685","Homo sapiens: Disease",FALSE,"down",TRUE
"P16333","NCK1",-2.57818713544951,0.000833284134249003,"R-HSA-1643685","Homo sapiens: Disease",FALSE,"down",TRUE
"O60266","ADCY3",-2.52422124603242,0.000718482747190797,"R-HSA-1643685","Homo sapiens: Disease",FALSE,"down",TRUE
"P51991","HNRNPA3",-2.50050732802652,0.00246161536400457,"R-HSA-1643685","Homo sapiens: Disease",FALSE,"down",TRUE
"P07942","LAMB1",2.49653352297863,0.000513771493445868,"R-HSA-1643685","Homo sapiens: Disease",FALSE,"up",TRUE
"Q9NZZ3","CHMP5",-2.46781577107329,0.000737683766460528,"R-HSA-1643685","Homo sapiens: Disease",FALSE,"down",TRUE
"O75531","BANF1",2.4621098003269,0.00065637348274959,"R-HSA-1643685","Homo sapiens: Disease",FALSE,"up",TRUE
"P05161","ISG15",2.41455069561151,0.0024339160561778,"R-HSA-1643685","Homo sapiens: Disease",FALSE,"up",TRUE
"P10644","PRKAR1A",2.34580801992857,0.00589606808585253,"R-HSA-1643685","Homo sapiens: Disease",FALSE,"up",TRUE
"Q9BY43","CHMP4A",-2.3329616495399,0.00105360616111934,"R-HSA-1643685","Homo sapiens: Disease",FALSE,"down",TRUE
"P62979","RPS27A",-2.29030107893188,0.00100845325724085,"R-HSA-1643685","Homo sapiens: Disease",FALSE,"down",TRUE
"Q96CF2","CHMP4C",-2.27750945863844,0.00685071371926179,"R-HSA-1643685","Homo sapiens: Disease",FALSE,"down",TRUE
"Q9NP79","VTA1",-2.26913384289829,0.00126103091906756,"R-HSA-1643685","Homo sapiens: Disease",FALSE,"down",TRUE
"P14866","HNRNPL",-2.24353778582872,0.00312419171433303,"R-HSA-1643685","Homo sapiens: Disease",FALSE,"down",TRUE
"P52272","HNRNPM",-2.24070389252966,0.00265361498724356,"R-HSA-1643685","Homo sapiens: Disease",FALSE,"down",TRUE
"P29350","PTPN6",-2.23633058767584,0.00226102687417015,"R-HSA-1643685","Homo sapiens: Disease",FALSE,"down",TRUE
"P63173","RPL38",-2.21452820216015,0.002279353622106,"R-HSA-1643685","Homo sapiens: Disease",FALSE,"down",TRUE
"Q15399","TLR1",-2.21420055446183,0.00121914454976786,"R-HSA-1643685","Homo sapiens: Disease",FALSE,"down",TRUE
"O43633","CHMP2A",-2.21393348963019,0.002279353622106,"R-HSA-1643685","Homo sapiens: Disease",FALSE,"down",TRUE
"P61769","B2M",2.19970538228994,0.00114446515840788,"R-HSA-1643685","Homo sapiens: Disease",FALSE,"up",TRUE
"Q3LXA3","TKFC",-2.19338338460864,0.00303879125472906,"R-HSA-1643685","Homo sapiens: Disease",FALSE,"down",TRUE
"Q14116","IL18",-2.16145303755154,0.00379176100756311,"R-HSA-1643685","Homo sapiens: Disease",FALSE,"down",TRUE
"O43143","DHX15",-2.16138724665285,0.0112461543196032,"R-HSA-1643685","Homo sapiens: Disease",FALSE,"down",TRUE
"A5D8V6","VPS37C",-2.15951538719385,0.00716940774480116,"R-HSA-1643685","Homo sapiens: Disease",FALSE,"down",TRUE
"P52292","KPNA2",2.13123114815908,0.00225787929782386,"R-HSA-1643685","Homo sapiens: Disease",FALSE,"up",TRUE
"P15153","RAC2",2.10659209446235,0.00280845498060558,"R-HSA-1643685","Homo sapiens: Disease",FALSE,"up",TRUE
"Q14573","ITPR3",2.10658539105804,0.0293400887502494,"R-HSA-1643685","Homo sapiens: Disease",FALSE,"up",TRUE
"P07948","LYN",-2.104625040218,0.00262918923021719,"R-HSA-1643685","Homo sapiens: Disease",FALSE,"down",TRUE
"Q9H444","CHMP4B",-2.0797334421696,0.00309867416462478,"R-HSA-1643685","Homo sapiens: Disease",FALSE,"down",TRUE
"O00762","UBE2C",2.07025514605591,0.00501738112845644,"R-HSA-1643685","Homo sapiens: Disease",FALSE,"up",TRUE
"P68366","TUBA4A",-2.03770198252481,0.00387491451998847,"R-HSA-1643685","Homo sapiens: Disease",FALSE,"down",TRUE
"Q9Y3U8","RPL36",-2.02300101356212,0.030074512893442,"R-HSA-1643685","Homo sapiens: Disease",FALSE,"down",TRUE
"P46531","NOTCH1",2.01498454781978,0.00210616013729878,"R-HSA-1643685","Homo sapiens: Disease",FALSE,"up",TRUE
"Q04721","NOTCH2",2.00645275011886,0.00435619654308597,"R-HSA-1643685","Homo sapiens: Disease",FALSE,"up",TRUE
"P07741","APRT",-2.00005402136427,0.00459063226008395,"R-HSA-1643685","Homo sapiens: Disease",FALSE,"down",TRUE
"P42677","RPS27",-1.99854348669692,0.0833720313627374,"R-HSA-1643685","Homo sapiens: Disease",FALSE,"down",FALSE
"P17096","HMGA1",1.96014976609557,0.00654297425001033,"R-HSA-1643685","Homo sapiens: Disease",FALSE,"up",TRUE
"P08572","COL4A2",1.94597148031989,0.0173853314504028,"R-HSA-1643685","Homo sapiens: Disease",FALSE,"up",TRUE
"P55795","HNRNPH2",-1.86631164881733,0.0169126689616686,"R-HSA-1643685","Homo sapiens: Disease",FALSE,"down",TRUE
"Q7Z699","SPRED1",1.80103868387316,0.00887416312794661,"R-HSA-1643685","Homo sapiens: Disease",FALSE,"up",TRUE
"P62140","PPP1CB",-1.78270432881297,0.0097550275909688,"R-HSA-1643685","Homo sapiens: Disease",FALSE,"down",TRUE
"Q9HD67","MYO10",1.76256544553592,0.0208871847045412,"R-HSA-1643685","Homo sapiens: Disease",FALSE,"up",TRUE
"Q00839","HNRNPU",-1.75991278739995,0.019014257287747,"R-HSA-1643685","Homo sapiens: Disease",FALSE,"down",TRUE
"Q96JJ3","ELMO2",1.75512932814414,0.015458869661181,"R-HSA-1643685","Homo sapiens: Disease",FALSE,"up",TRUE
"Q13501","SQSTM1",1.75414226911315,0.0199034154206655,"R-HSA-1643685","Homo sapiens: Disease",FALSE,"up",TRUE
"O94907","DKK1",1.71436988300294,0.0156847263104669,"R-HSA-1643685","Homo sapiens: Disease",FALSE,"up",TRUE
"O43390","HNRNPR",-1.69239118068467,0.0248045102724451,"R-HSA-1643685","Homo sapiens: Disease",FALSE,"down",TRUE
"O60503","ADCY9",1.68713812078236,0.0142432302632522,"R-HSA-1643685","Homo sapiens: Disease",FALSE,"up",TRUE
"P08069","IGF1R",1.68096953654353,0.00933145529185226,"R-HSA-1643685","Homo sapiens: Disease",FALSE,"up",TRUE
"Q9Y490","TLN1",1.63085773206727,0.0241313159833309,"R-HSA-1643685","Homo sapiens: Disease",FALSE,"up",TRUE
"Q14185","DOCK1",-1.62946906784319,0.0334294211259526,"R-HSA-1643685","Homo sapiens: Disease",FALSE,"down",TRUE
"P01111","NRAS",-1.62131878234086,0.191528114752541,"R-HSA-1643685","Homo sapiens: Disease",FALSE,"down",FALSE
"Q96SB4","SRPK1",1.60723160038897,0.0255478793735618,"R-HSA-1643685","Homo sapiens: Disease",FALSE,"up",TRUE
"Q05209","PTPN12",1.59685340718661,0.0384230045612148,"R-HSA-1643685","Homo sapiens: Disease",FALSE,"up",TRUE
"P07384","CAPN1",-1.59512774707952,0.0232699742820556,"R-HSA-1643685","Homo sapiens: Disease",FALSE,"down",TRUE
"Q9GZQ8","MAP1LC3B",1.58089700714896,0.0524486074646669,"R-HSA-1643685","Homo sapiens: Disease",FALSE,"up",FALSE
"Q8NEZ2","VPS37A",-1.57284956861383,0.034454213056497,"R-HSA-1643685","Homo sapiens: Disease",FALSE,"down",TRUE
"Q14103","HNRNPD",-1.5453642421252,0.033013111739004,"R-HSA-1643685","Homo sapiens: Disease",FALSE,"down",TRUE
"P07910","HNRNPC",-1.52417677740465,0.0370104473750737,"R-HSA-1643685","Homo sapiens: Disease",FALSE,"down",TRUE
"Q6R327","RICTOR",1.50612880223757,0.0396457424942583,"R-HSA-1643685","Homo sapiens: Disease",FALSE,"up",TRUE
"P17612","PRKACA",-1.4977427103434,0.0421587942742117,"R-HSA-1643685","Homo sapiens: Disease",FALSE,"down",TRUE
"P35637","FUS",1.48747542151044,0.0483009014950721,"R-HSA-1643685","Homo sapiens: Disease",FALSE,"up",TRUE
"P08581","MET",1.48617712985132,0.0592164934495887,"R-HSA-1643685","Homo sapiens: Disease",FALSE,"up",FALSE
"P32455","GBP1",1.48543413317763,0.0405121156214416,"R-HSA-1643685","Homo sapiens: Disease",FALSE,"up",TRUE
"P62273","RPS29",-1.47257596184413,0.04689099361302,"R-HSA-1643685","Homo sapiens: Disease",FALSE,"down",TRUE
"O15144","ARPC2",-1.4436301561972,0.0351337777932071,"R-HSA-1643685","Homo sapiens: Disease",FALSE,"down",TRUE
"P00491","PNP",-1.43276603077145,0.0373845723034592,"R-HSA-1643685","Homo sapiens: Disease",FALSE,"down",TRUE
"P26368","U2AF2",-1.41971705864357,0.0680680317015773,"R-HSA-1643685","Homo sapiens: Disease",FALSE,"down",FALSE
"Q03135","CAV1",1.41948974730054,0.0432169357153363,"R-HSA-1643685","Homo sapiens: Disease",FALSE,"up",TRUE
"P59998","ARPC4",-1.41933428286802,0.0448347906966539,"R-HSA-1643685","Homo sapiens: Disease",FALSE,"down",TRUE
"P62877","RBX1",1.4167648550524,0.0562639605082138,"R-HSA-1643685","Homo sapiens: Disease",FALSE,"up",FALSE
"Q8WUW1","BRK1",-1.4116762459309,0.0973333425267145,"R-HSA-1643685","Homo sapiens: Disease",FALSE,"down",FALSE
"O15143","ARPC1B",-1.40665204418792,0.054531196295046,"R-HSA-1643685","Homo sapiens: Disease",FALSE,"down",FALSE
"P49407","ARRB1",1.33726150706784,0.102789614315981,"R-HSA-1643685","Homo sapiens: Disease",FALSE,"up",FALSE
"Q16186","ADRM1",-1.32635576085538,0.10205667745841,"R-HSA-1643685","Homo sapiens: Disease",FALSE,"down",FALSE
"P61158","ACTR3",-1.31922722950493,0.0748120024455382,"R-HSA-1643685","Homo sapiens: Disease",FALSE,"down",FALSE
"P0DMV8","HSPA1A",-1.29824341744182,0.072070323906567,"R-HSA-1643685","Homo sapiens: Disease",FALSE,"down",FALSE
"P29466","CASP1",-1.29109916654396,0.122578631437956,"R-HSA-1643685","Homo sapiens: Disease",FALSE,"down",FALSE
"Q13616","CUL1",-1.28617946272286,0.0789614193596944,"R-HSA-1643685","Homo sapiens: Disease",FALSE,"down",FALSE
"P62081","RPS7",-1.28233469543915,0.100955516592478,"R-HSA-1643685","Homo sapiens: Disease",FALSE,"down",FALSE
"P78406","RAE1",-1.26431198786588,0.0705291057813224,"R-HSA-1643685","Homo sapiens: Disease",FALSE,"down",FALSE
"P02788","LTF",-1.26106415423828,0.188471044343738,"R-HSA-1643685","Homo sapiens: Disease",FALSE,"down",FALSE
"Q9Y3E7","CHMP3",-1.24537109380361,0.0856187820487766,"R-HSA-1643685","Homo sapiens: Disease",FALSE,"down",FALSE
"Q16881","TXNRD1",1.21872799748096,0.093502945001088,"R-HSA-1643685","Homo sapiens: Disease",FALSE,"up",FALSE
"P61160","ACTR2",-1.21566544344882,0.0960230313238083,"R-HSA-1643685","Homo sapiens: Disease",FALSE,"down",FALSE
"P45985","MAP2K4",-1.20929721378555,0.150822148952032,"R-HSA-1643685","Homo sapiens: Disease",FALSE,"down",FALSE
"P15927","RPA2",1.19812390221287,0.0962204475657924,"R-HSA-1643685","Homo sapiens: Disease",FALSE,"up",FALSE
"P60953","CDC42",-1.19249224963627,0.146359262982623,"R-HSA-1643685","Homo sapiens: Disease",FALSE,"down",FALSE
"O95352","ATG7",-1.19107920576491,0.117920416080853,"R-HSA-1643685","Homo sapiens: Disease",FALSE,"down",FALSE
"P62841","RPS15",-1.16456327746028,0.188135498266396,"R-HSA-1643685","Homo sapiens: Disease",FALSE,"down",FALSE
"P62851","RPS25",-1.15688186006583,0.117920416080853,"R-HSA-1643685","Homo sapiens: Disease",FALSE,"down",FALSE
"P49792","RANBP2",-1.14330032748533,0.164139697005672,"R-HSA-1643685","Homo sapiens: Disease",FALSE,"down",FALSE
"P46940","IQGAP1",-1.13759059997782,0.117862567205249,"R-HSA-1643685","Homo sapiens: Disease",FALSE,"down",FALSE
"P62318","SNRPD3",-1.13484801527179,0.120509235176065,"R-HSA-1643685","Homo sapiens: Disease",FALSE,"down",FALSE
"P62241","RPS8",-1.13385272339552,0.108410920864132,"R-HSA-1643685","Homo sapiens: Disease",FALSE,"down",FALSE
"P52597","HNRNPF",-1.13331129157481,0.127818748968127,"R-HSA-1643685","Homo sapiens: Disease",FALSE,"down",FALSE
"Q9Y2A7","NCKAP1",-1.12721237379488,0.134497309550889,"R-HSA-1643685","Homo sapiens: Disease",FALSE,"down",FALSE
"O14786","NRP1",1.11380901082516,0.226586003476277,"R-HSA-1643685","Homo sapiens: Disease",FALSE,"up",FALSE
"Q13509","TUBB3",-1.08444239637109,0.170676461792344,"R-HSA-1643685","Homo sapiens: Disease",FALSE,"down",FALSE
"Q07955","SRSF1",-1.06483734248762,0.198594939532225,"R-HSA-1643685","Homo sapiens: Disease",FALSE,"down",FALSE
"O15145","ARPC3",-1.05782288925133,0.145301914194018,"R-HSA-1643685","Homo sapiens: Disease",FALSE,"down",FALSE
"Q8IZP0","ABI1",-1.05049284293367,0.154055979170322,"R-HSA-1643685","Homo sapiens: Disease",FALSE,"down",FALSE
"Q96J02","ITCH",-1.03735180998344,0.181461901522296,"R-HSA-1643685","Homo sapiens: Disease",FALSE,"down",FALSE
"Q9BUF5","TUBB6",-1.02490458794195,0.198288260213891,"R-HSA-1643685","Homo sapiens: Disease",FALSE,"down",FALSE
"O43865","AHCYL1",-1.0064718226211,0.18431348619146,"R-HSA-1643685","Homo sapiens: Disease",FALSE,"down",FALSE
"P38919","EIF4A3",-0.993294899322244,0.188825240089178,"R-HSA-1643685","Homo sapiens: Disease",FALSE,"down",FALSE
"O15511","ARPC5",-0.979365984593279,0.178328458815862,"R-HSA-1643685","Homo sapiens: Disease",FALSE,"down",FALSE
"Q08211","DHX9",-0.971858032144116,0.226553013521455,"R-HSA-1643685","Homo sapiens: Disease",FALSE,"down",FALSE
"P35268","RPL22",-0.95840307164023,0.191894626889333,"R-HSA-1643685","Homo sapiens: Disease",FALSE,"down",FALSE
"Q7L576","CYFIP1",-0.928394804046455,0.224314735778702,"R-HSA-1643685","Homo sapiens: Disease",FALSE,"down",FALSE
"Q86U42","PABPN1",-0.924191492711124,0.319339158739083,"R-HSA-1643685","Homo sapiens: Disease",FALSE,"down",FALSE
"P46777","RPL5",-0.923438551255394,0.223594908701215,"R-HSA-1643685","Homo sapiens: Disease",FALSE,"down",FALSE
"P35222","CTNNB1",-0.918167206420808,0.217332074067202,"R-HSA-1643685","Homo sapiens: Disease",FALSE,"down",FALSE
"P06730","EIF4E",-0.905923641879969,0.297259157898636,"R-HSA-1643685","Homo sapiens: Disease",FALSE,"down",FALSE
"P46776","RPL27A",-0.902736789357206,0.224268997670808,"R-HSA-1643685","Homo sapiens: Disease",FALSE,"down",FALSE
"P62993","GRB2",-0.8963579770301,0.227452987130314,"R-HSA-1643685","Homo sapiens: Disease",FALSE,"down",FALSE
"P22626","HNRNPA2B1",-0.87512207229096,0.25813719520184,"R-HSA-1643685","Homo sapiens: Disease",FALSE,"down",FALSE
"P27635","RPL10",-0.87297291197418,0.317631452038847,"R-HSA-1643685","Homo sapiens: Disease",FALSE,"down",FALSE
"P62424","RPL7A",-0.867269927022196,0.272451384712088,"R-HSA-1643685","Homo sapiens: Disease",FALSE,"down",FALSE
"P62316","SNRPD2",-0.867011766661275,0.268027495799953,"R-HSA-1643685","Homo sapiens: Disease",FALSE,"down",FALSE
"P29353","SHC1",-0.865370640403842,0.246829714652203,"R-HSA-1643685","Homo sapiens: Disease",FALSE,"down",FALSE
"P46782","RPS5",-0.862373387944093,0.265857685683251,"R-HSA-1643685","Homo sapiens: Disease",FALSE,"down",FALSE
"P0DP25","CALM1",-0.85210162542964,0.25813719520184,"R-HSA-1643685","Homo sapiens: Disease",FALSE,"down",FALSE
"P63104","YWHAZ",-0.845228539016531,0.266995133442499,"R-HSA-1643685","Homo sapiens: Disease",FALSE,"down",FALSE
"P61978","HNRNPK",-0.841844584567109,0.396192089929649,"R-HSA-1643685","Homo sapiens: Disease",FALSE,"down",FALSE
"P52434","POLR2H",-0.839799849896004,0.317631452038847,"R-HSA-1643685","Homo sapiens: Disease",FALSE,"down",FALSE
"P62906","RPL10A",-0.820572453560381,0.295395911400926,"R-HSA-1643685","Homo sapiens: Disease",FALSE,"down",FALSE
"P62701","RPS4X",-0.820303827624439,0.296201657905328,"R-HSA-1643685","Homo sapiens: Disease",FALSE,"down",FALSE
"O14980","XPO1",-0.812620026309663,0.322304769083472,"R-HSA-1643685","Homo sapiens: Disease",FALSE,"down",FALSE
"P08708","RPS17",-0.801014441149025,0.363540992446748,"R-HSA-1643685","Homo sapiens: Disease",FALSE,"down",FALSE
"P07947","YES1",-0.798701124845007,0.312589132539328,"R-HSA-1643685","Homo sapiens: Disease",FALSE,"down",FALSE
"P36578","RPL4",-0.795859124000025,0.337507442100344,"R-HSA-1643685","Homo sapiens: Disease",FALSE,"down",FALSE
"P61313","RPL15",-0.793777862302104,0.32897478409442,"R-HSA-1643685","Homo sapiens: Disease",FALSE,"down",FALSE
"P61020","RAB5B",-0.781738027809091,0.3098519421075,"R-HSA-1643685","Homo sapiens: Disease",FALSE,"down",FALSE
"P39023","RPL3",-0.775917597140083,0.322304769083472,"R-HSA-1643685","Homo sapiens: Disease",FALSE,"down",FALSE
"P61353","RPL27",-0.767570424473178,0.334831069667985,"R-HSA-1643685","Homo sapiens: Disease",FALSE,"down",FALSE
"Q92542","NCSTN",-0.761504164452379,0.315509037524342,"R-HSA-1643685","Homo sapiens: Disease",FALSE,"down",FALSE
"P61513","RPL37A",-0.748588742799484,0.362889353107955,"R-HSA-1643685","Homo sapiens: Disease",FALSE,"down",FALSE
"P62847","RPS24",-0.736034017402908,0.373116239598141,"R-HSA-1643685","Homo sapiens: Disease",FALSE,"down",FALSE
"P13639","EEF2",-0.733567938807081,0.370543079252399,"R-HSA-1643685","Homo sapiens: Disease",FALSE,"down",FALSE
"P62280","RPS11",-0.727156423322633,0.374918218629797,"R-HSA-1643685","Homo sapiens: Disease",FALSE,"down",FALSE
"P25398","RPS12",-0.718089075931264,0.361916241379398,"R-HSA-1643685","Homo sapiens: Disease",FALSE,"down",FALSE
"Q15393","SF3B3",-0.708175081849603,0.380790590387804,"R-HSA-1643685","Homo sapiens: Disease",FALSE,"down",FALSE
"P62244","RPS15A",-0.702401553902217,0.408756465095092,"R-HSA-1643685","Homo sapiens: Disease",FALSE,"down",FALSE
"P32969","RPL9",-0.682090017913076,0.40963258939972,"R-HSA-1643685","Homo sapiens: Disease",FALSE,"down",FALSE
"P05386","RPLP1",-0.676845291229775,0.40963258939972,"R-HSA-1643685","Homo sapiens: Disease",FALSE,"down",FALSE
"P62249","RPS16",-0.660632791930222,0.418959836193561,"R-HSA-1643685","Homo sapiens: Disease",FALSE,"down",FALSE
"P43686","PSMC4",-0.658017352596492,0.438445646407203,"R-HSA-1643685","Homo sapiens: Disease",FALSE,"down",FALSE
"P31943","HNRNPH1",-0.646465195749919,0.444861781661114,"R-HSA-1643685","Homo sapiens: Disease",FALSE,"down",FALSE
"P18124","RPL7",-0.644176087461226,0.436583326932769,"R-HSA-1643685","Homo sapiens: Disease",FALSE,"down",FALSE
"P62753","RPS6",-0.631124724574207,0.448464175744655,"R-HSA-1643685","Homo sapiens: Disease",FALSE,"down",FALSE
"P18077","RPL35A",-0.628341517294974,0.461213474234375,"R-HSA-1643685","Homo sapiens: Disease",FALSE,"down",FALSE
"Q15008","PSMD6",-0.625603796811486,0.448537648394225,"R-HSA-1643685","Homo sapiens: Disease",FALSE,"down",FALSE
"P62269","RPS18",-0.6244708339398,0.444369168821822,"R-HSA-1643685","Homo sapiens: Disease",FALSE,"down",FALSE
"P09651","HNRNPA1",-0.622549580605451,0.461577544820525,"R-HSA-1643685","Homo sapiens: Disease",FALSE,"down",FALSE
"P14678","SNRPB",-0.620294035817604,0.435043577644286,"R-HSA-1643685","Homo sapiens: Disease",FALSE,"down",FALSE
"P08865","RPSA",-0.603030905471265,0.463197862647816,"R-HSA-1643685","Homo sapiens: Disease",FALSE,"down",FALSE
"P39019","RPS19",-0.595078987595031,0.472280844380163,"R-HSA-1643685","Homo sapiens: Disease",FALSE,"down",FALSE
"P61247","RPS3A",-0.584002928098489,0.497641802406889,"R-HSA-1643685","Homo sapiens: Disease",FALSE,"down",FALSE
"P62277","RPS13",-0.58256703633981,0.46940886454993,"R-HSA-1643685","Homo sapiens: Disease",FALSE,"down",FALSE
"Q07020","RPL18",-0.576145427504724,0.494951837528504,"R-HSA-1643685","Homo sapiens: Disease",FALSE,"down",FALSE
"P00734","F2",-0.56462123847848,0.533799521315587,"R-HSA-1643685","Homo sapiens: Disease",FALSE,"down",FALSE
"P23396","RPS3",-0.563453087686849,0.503189241280532,"R-HSA-1643685","Homo sapiens: Disease",FALSE,"down",FALSE
"P62888","RPL30",-0.562811989018574,0.523291823201886,"R-HSA-1643685","Homo sapiens: Disease",FALSE,"down",FALSE
"Q00535","CDK5",0.558432978278688,0.519791177713795,"R-HSA-1643685","Homo sapiens: Disease",FALSE,"up",FALSE
"P46781","RPS9",-0.542668383901766,0.536762836143572,"R-HSA-1643685","Homo sapiens: Disease",FALSE,"down",FALSE
"Q9UNM6","PSMD13",-0.531822496982215,0.529452771865827,"R-HSA-1643685","Homo sapiens: Disease",FALSE,"down",FALSE
"P18621","RPL17",-0.531570027257157,0.532725011463949,"R-HSA-1643685","Homo sapiens: Disease",FALSE,"down",FALSE
"P62266","RPS23",-0.530615701588182,0.549697752503586,"R-HSA-1643685","Homo sapiens: Disease",FALSE,"down",FALSE
"Q02543","RPL18A",-0.527881862411775,0.562323057979755,"R-HSA-1643685","Homo sapiens: Disease",FALSE,"down",FALSE
"Q02878","RPL6",-0.525425640668288,0.545914979917982,"R-HSA-1643685","Homo sapiens: Disease",FALSE,"down",FALSE
"P30050","RPL12",-0.515391039729806,0.548343398731212,"R-HSA-1643685","Homo sapiens: Disease",FALSE,"down",FALSE
"P62263","RPS14",-0.506726975098459,0.553690128162664,"R-HSA-1643685","Homo sapiens: Disease",FALSE,"down",FALSE
"P09769","FGR",-0.505008754707674,0.592387664668662,"R-HSA-1643685","Homo sapiens: Disease",FALSE,"down",FALSE
"P05388","RPLP0",-0.495726524853769,0.564725741546301,"R-HSA-1643685","Homo sapiens: Disease",FALSE,"down",FALSE
"P15880","RPS2",-0.488654813994522,0.585937075343565,"R-HSA-1643685","Homo sapiens: Disease",FALSE,"down",FALSE
"P62913","RPL11",-0.488452193192995,0.589897966943207,"R-HSA-1643685","Homo sapiens: Disease",FALSE,"down",FALSE
"P30153","PPP2R1A",-0.484312740056886,0.592387664668662,"R-HSA-1643685","Homo sapiens: Disease",FALSE,"down",FALSE
"P62910","RPL32",-0.46226919827194,0.629863691206271,"R-HSA-1643685","Homo sapiens: Disease",FALSE,"down",FALSE
"P62750","RPL23A",-0.395638326663907,0.664795963662896,"R-HSA-1643685","Homo sapiens: Disease",FALSE,"down",FALSE
"Q01081","U2AF1",0.270961621728269,0.772881630309184,"R-HSA-1643685","Homo sapiens: Disease",FALSE,"up",FALSE
"Q8WUX9","CHMP7",0.195394402005871,0.855448155189807,"R-HSA-1643685","Homo sapiens: Disease",FALSE,"up",FALSE
"Q15029","EFTUD2",0.179075920424637,0.869065216494292,"R-HSA-1643685","Homo sapiens: Disease",FALSE,"up",FALSE
"Q01130","SRSF2",-0.0123325412286981,0.992286810402825,"R-HSA-1643685","Homo sapiens: Disease",FALSE,"down",FALSE
"O00468","AGRN",3.42626529297742,4.53615964498716e-06,"R-HSA-3560782","Homo sapiens: Diseases associated with glycosaminoglycan metabolism",TRUE,"up",TRUE
"P98160","HSPG2",2.80571113228391,0.000170177766246557,"R-HSA-3560782","Homo sapiens: Diseases associated with glycosaminoglycan metabolism",FALSE,"up",TRUE
"Q5SSG8","MUC21",-7.34802104072146,4.83379228091508e-12,"R-HSA-3781865","Homo sapiens: Diseases of glycosylation",FALSE,"down",TRUE
"Q99102","MUC4",-6.10368033557066,4.79052014250728e-08,"R-HSA-3781865","Homo sapiens: Diseases of glycosylation",FALSE,"down",TRUE
"P15941","MUC1",-5.44150349646561,7.09659780735549e-09,"R-HSA-3781865","Homo sapiens: Diseases of glycosylation",FALSE,"down",TRUE
"P07996","THBS1",4.47664946858148,3.63747819894345e-08,"R-HSA-3781865","Homo sapiens: Diseases of glycosylation",FALSE,"up",TRUE
"P98088","MUC5AC",4.39352642557257,1.60341639645922e-06,"R-HSA-3781865","Homo sapiens: Diseases of glycosylation",FALSE,"up",TRUE
"O00468","AGRN",3.42626529297742,4.53615964498716e-06,"R-HSA-3781865","Homo sapiens: Diseases of glycosylation",TRUE,"up",TRUE
"P98160","HSPG2",2.80571113228391,0.000170177766246557,"R-HSA-3781865","Homo sapiens: Diseases of glycosylation",FALSE,"up",TRUE
"P46531","NOTCH1",2.01498454781978,0.00210616013729878,"R-HSA-3781865","Homo sapiens: Diseases of glycosylation",FALSE,"up",TRUE
"Q04721","NOTCH2",2.00645275011886,0.00435619654308597,"R-HSA-3781865","Homo sapiens: Diseases of glycosylation",FALSE,"up",TRUE
"Q5SSG8","MUC21",-7.34802104072146,4.83379228091508e-12,"R-HSA-5668914","Homo sapiens: Diseases of metabolism",FALSE,"down",TRUE
"Q99102","MUC4",-6.10368033557066,4.79052014250728e-08,"R-HSA-5668914","Homo sapiens: Diseases of metabolism",FALSE,"down",TRUE
"P15941","MUC1",-5.44150349646561,7.09659780735549e-09,"R-HSA-5668914","Homo sapiens: Diseases of metabolism",FALSE,"down",TRUE
"P07996","THBS1",4.47664946858148,3.63747819894345e-08,"R-HSA-5668914","Homo sapiens: Diseases of metabolism",FALSE,"up",TRUE
"P98088","MUC5AC",4.39352642557257,1.60341639645922e-06,"R-HSA-5668914","Homo sapiens: Diseases of metabolism",FALSE,"up",TRUE
"O00468","AGRN",3.42626529297742,4.53615964498716e-06,"R-HSA-5668914","Homo sapiens: Diseases of metabolism",TRUE,"up",TRUE
"P46976","GYG1",-2.81127861874422,9.75949185477937e-05,"R-HSA-5668914","Homo sapiens: Diseases of metabolism",FALSE,"down",TRUE
"P98160","HSPG2",2.80571113228391,0.000170177766246557,"R-HSA-5668914","Homo sapiens: Diseases of metabolism",FALSE,"up",TRUE
"O75874","IDH1",-2.67475194833776,0.000224806231188548,"R-HSA-5668914","Homo sapiens: Diseases of metabolism",FALSE,"down",TRUE
"P62979","RPS27A",-2.29030107893188,0.00100845325724085,"R-HSA-5668914","Homo sapiens: Diseases of metabolism",FALSE,"down",TRUE
"P46531","NOTCH1",2.01498454781978,0.00210616013729878,"R-HSA-5668914","Homo sapiens: Diseases of metabolism",FALSE,"up",TRUE
"Q04721","NOTCH2",2.00645275011886,0.00435619654308597,"R-HSA-5668914","Homo sapiens: Diseases of metabolism",FALSE,"up",TRUE
"P07741","APRT",-2.00005402136427,0.00459063226008395,"R-HSA-5668914","Homo sapiens: Diseases of metabolism",FALSE,"down",TRUE
"P00491","PNP",-1.43276603077145,0.0373845723034592,"R-HSA-5668914","Homo sapiens: Diseases of metabolism",FALSE,"down",TRUE
"P55268","LAMB2",7.94397288514485,1.17587344907209e-12,"R-HSA-3000178","Homo sapiens: ECM proteoglycans",FALSE,"up",TRUE
"P12111","COL6A3",6.4674748196218,8.30187762466895e-11,"R-HSA-3000178","Homo sapiens: ECM proteoglycans",FALSE,"up",TRUE
"P18084","ITGB5",5.98968045315657,3.5517516870682e-10,"R-HSA-3000178","Homo sapiens: ECM proteoglycans",FALSE,"up",TRUE
"P12110","COL6A2",5.78857892630917,2.9398727802252e-10,"R-HSA-3000178","Homo sapiens: ECM proteoglycans",FALSE,"up",TRUE
"P20908","COL5A1",5.27235704620434,2.80668720768905e-07,"R-HSA-3000178","Homo sapiens: ECM proteoglycans",FALSE,"up",TRUE
"P05106","ITGB3",4.83281290250002,1.10062266000083e-08,"R-HSA-3000178","Homo sapiens: ECM proteoglycans",FALSE,"up",TRUE
"P05067","APP",3.89771722083527,1.07264499707111e-06,"R-HSA-3000178","Homo sapiens: ECM proteoglycans",FALSE,"up",TRUE
"P12109","COL6A1",3.81699460964921,3.91622343684386e-07,"R-HSA-3000178","Homo sapiens: ECM proteoglycans",FALSE,"up",TRUE
"P10915","HAPLN1",3.81018863142549,1.00151315437176e-06,"R-HSA-3000178","Homo sapiens: ECM proteoglycans",FALSE,"up",TRUE
"P02751","FN1",3.53842274994988,3.83081769226345e-06,"R-HSA-3000178","Homo sapiens: ECM proteoglycans",FALSE,"up",TRUE
"O00468","AGRN",3.42626529297742,4.53615964498716e-06,"R-HSA-3000178","Homo sapiens: ECM proteoglycans",TRUE,"up",TRUE
"P05121","SERPINE1",3.40999301673345,8.14255834226244e-06,"R-HSA-3000178","Homo sapiens: ECM proteoglycans",FALSE,"up",TRUE
"P05556","ITGB1",3.32073568701624,6.89548048269636e-06,"R-HSA-3000178","Homo sapiens: ECM proteoglycans",FALSE,"up",TRUE
"O15230","LAMA5",3.25992473968899,1.22066504632128e-05,"R-HSA-3000178","Homo sapiens: ECM proteoglycans",FALSE,"up",TRUE
"P17301","ITGA2",3.03416118463698,2.80993712814469e-05,"R-HSA-3000178","Homo sapiens: ECM proteoglycans",FALSE,"up",TRUE
"P11047","LAMC1",2.94395767737148,4.96561251745198e-05,"R-HSA-3000178","Homo sapiens: ECM proteoglycans",FALSE,"up",TRUE
"P98160","HSPG2",2.80571113228391,0.000170177766246557,"R-HSA-3000178","Homo sapiens: ECM proteoglycans",FALSE,"up",TRUE
"P07942","LAMB1",2.49653352297863,0.000513771493445868,"R-HSA-3000178","Homo sapiens: ECM proteoglycans",FALSE,"up",TRUE
"P08572","COL4A2",1.94597148031989,0.0173853314504028,"R-HSA-3000178","Homo sapiens: ECM proteoglycans",FALSE,"up",TRUE
"P24821","TNC",-0.0471469002823817,0.968506499237854,"R-HSA-3000178","Homo sapiens: ECM proteoglycans",FALSE,"down",FALSE
"Q9UQN3","CHMP2B",-3.97827494796961,3.84356112336664e-06,"R-HSA-9772572","Homo sapiens: Early SARS-CoV-2 Infection Events",FALSE,"down",TRUE
"O00468","AGRN",3.42626529297742,4.53615964498716e-06,"R-HSA-9772572","Homo sapiens: Early SARS-CoV-2 Infection Events",TRUE,"up",TRUE
"P98160","HSPG2",2.80571113228391,0.000170177766246557,"R-HSA-9772572","Homo sapiens: Early SARS-CoV-2 Infection Events",FALSE,"up",TRUE
"Q9BY43","CHMP4A",-2.3329616495399,0.00105360616111934,"R-HSA-9772572","Homo sapiens: Early SARS-CoV-2 Infection Events",FALSE,"down",TRUE
"Q96CF2","CHMP4C",-2.27750945863844,0.00685071371926179,"R-HSA-9772572","Homo sapiens: Early SARS-CoV-2 Infection Events",FALSE,"down",TRUE
"O43633","CHMP2A",-2.21393348963019,0.002279353622106,"R-HSA-9772572","Homo sapiens: Early SARS-CoV-2 Infection Events",FALSE,"down",TRUE
"Q9H444","CHMP4B",-2.0797334421696,0.00309867416462478,"R-HSA-9772572","Homo sapiens: Early SARS-CoV-2 Infection Events",FALSE,"down",TRUE
"Q9GZQ8","MAP1LC3B",1.58089700714896,0.0524486074646669,"R-HSA-9772572","Homo sapiens: Early SARS-CoV-2 Infection Events",FALSE,"up",FALSE
"Q9Y3E7","CHMP3",-1.24537109380361,0.0856187820487766,"R-HSA-9772572","Homo sapiens: Early SARS-CoV-2 Infection Events",FALSE,"down",FALSE
"O14786","NRP1",1.11380901082516,0.226586003476277,"R-HSA-9772572","Homo sapiens: Early SARS-CoV-2 Infection Events",FALSE,"up",FALSE
"Q8WUX9","CHMP7",0.195394402005871,0.855448155189807,"R-HSA-9772572","Homo sapiens: Early SARS-CoV-2 Infection Events",FALSE,"up",FALSE
"P39060","COL18A1",9.85203636025415,4.90994823328966e-13,"R-HSA-1474244","Homo sapiens: Extracellular matrix organization",FALSE,"up",TRUE
"P55268","LAMB2",7.94397288514485,1.17587344907209e-12,"R-HSA-1474244","Homo sapiens: Extracellular matrix organization",FALSE,"up",TRUE
"P12111","COL6A3",6.4674748196218,8.30187762466895e-11,"R-HSA-1474244","Homo sapiens: Extracellular matrix organization",FALSE,"up",TRUE
"P18084","ITGB5",5.98968045315657,3.5517516870682e-10,"R-HSA-1474244","Homo sapiens: Extracellular matrix organization",FALSE,"up",TRUE
"P12110","COL6A2",5.78857892630917,2.9398727802252e-10,"R-HSA-1474244","Homo sapiens: Extracellular matrix organization",FALSE,"up",TRUE
"P20908","COL5A1",5.27235704620434,2.80668720768905e-07,"R-HSA-1474244","Homo sapiens: Extracellular matrix organization",FALSE,"up",TRUE
"P05106","ITGB3",4.83281290250002,1.10062266000083e-08,"R-HSA-1474244","Homo sapiens: Extracellular matrix organization",FALSE,"up",TRUE
"P07996","THBS1",4.47664946858148,3.63747819894345e-08,"R-HSA-1474244","Homo sapiens: Extracellular matrix organization",FALSE,"up",TRUE
"P03956","MMP1",4.21901189088316,3.96749593863052e-06,"R-HSA-1474244","Homo sapiens: Extracellular matrix organization",FALSE,"up",TRUE
"Q99715","COL12A1",3.99627052040347,1.23828174743315e-06,"R-HSA-1474244","Homo sapiens: Extracellular matrix organization",FALSE,"up",TRUE
"P05067","APP",3.89771722083527,1.07264499707111e-06,"R-HSA-1474244","Homo sapiens: Extracellular matrix organization",FALSE,"up",TRUE
"P12109","COL6A1",3.81699460964921,3.91622343684386e-07,"R-HSA-1474244","Homo sapiens: Extracellular matrix organization",FALSE,"up",TRUE
"P10915","HAPLN1",3.81018863142549,1.00151315437176e-06,"R-HSA-1474244","Homo sapiens: Extracellular matrix organization",FALSE,"up",TRUE
"P26006","ITGA3",3.55554486897546,4.41660774253009e-06,"R-HSA-1474244","Homo sapiens: Extracellular matrix organization",FALSE,"up",TRUE
"P02751","FN1",3.53842274994988,3.83081769226345e-06,"R-HSA-1474244","Homo sapiens: Extracellular matrix organization",FALSE,"up",TRUE
"P01033","TIMP1",3.45343113977838,5.64481585830672e-05,"R-HSA-1474244","Homo sapiens: Extracellular matrix organization",FALSE,"up",TRUE
"O00468","AGRN",3.42626529297742,4.53615964498716e-06,"R-HSA-1474244","Homo sapiens: Extracellular matrix organization",TRUE,"up",TRUE
"P05121","SERPINE1",3.40999301673345,8.14255834226244e-06,"R-HSA-1474244","Homo sapiens: Extracellular matrix organization",FALSE,"up",TRUE
"P05556","ITGB1",3.32073568701624,6.89548048269636e-06,"R-HSA-1474244","Homo sapiens: Extracellular matrix organization",FALSE,"up",TRUE
"O15230","LAMA5",3.25992473968899,1.22066504632128e-05,"R-HSA-1474244","Homo sapiens: Extracellular matrix organization",FALSE,"up",TRUE
"P46939","UTRN",3.20590401718244,2.80993712814469e-05,"R-HSA-1474244","Homo sapiens: Extracellular matrix organization",FALSE,"up",TRUE
"Q9Y4K0","LOXL2",3.09569606109237,0.000109191718667273,"R-HSA-1474244","Homo sapiens: Extracellular matrix organization",FALSE,"up",TRUE
"Q02809","PLOD1",3.04570454947546,4.34191155749454e-05,"R-HSA-1474244","Homo sapiens: Extracellular matrix organization",FALSE,"up",TRUE
"P17301","ITGA2",3.03416118463698,2.80993712814469e-05,"R-HSA-1474244","Homo sapiens: Extracellular matrix organization",FALSE,"up",TRUE
"P11047","LAMC1",2.94395767737148,4.96561251745198e-05,"R-HSA-1474244","Homo sapiens: Extracellular matrix organization",FALSE,"up",TRUE
"Q92626","PXDN",2.90134275973611,2.82971184036415e-05,"R-HSA-1474244","Homo sapiens: Extracellular matrix organization",FALSE,"up",TRUE
"P98160","HSPG2",2.80571113228391,0.000170177766246557,"R-HSA-1474244","Homo sapiens: Extracellular matrix organization",FALSE,"up",TRUE
"P17252","PRKCA",2.76505740675276,0.000215266110237451,"R-HSA-1474244","Homo sapiens: Extracellular matrix organization",FALSE,"up",TRUE
"P50281","MMP14",2.68391918777959,0.000107353945831103,"R-HSA-1474244","Homo sapiens: Extracellular matrix organization",FALSE,"up",TRUE
"P07942","LAMB1",2.49653352297863,0.000513771493445868,"R-HSA-1474244","Homo sapiens: Extracellular matrix organization",FALSE,"up",TRUE
"P50454","SERPINH1",2.37946359691551,0.00181457050876422,"R-HSA-1474244","Homo sapiens: Extracellular matrix organization",FALSE,"up",TRUE
"P08572","COL4A2",1.94597148031989,0.0173853314504028,"R-HSA-1474244","Homo sapiens: Extracellular matrix organization",FALSE,"up",TRUE
"Q02388","COL7A1",1.91790167956124,0.0278961419662246,"R-HSA-1474244","Homo sapiens: Extracellular matrix organization",FALSE,"up",TRUE
"P08648","ITGA5",1.84323575430166,0.00579516326103966,"R-HSA-1474244","Homo sapiens: Extracellular matrix organization",FALSE,"up",TRUE
"P48509","CD151",1.74149973222255,0.00931831177812998,"R-HSA-1474244","Homo sapiens: Extracellular matrix organization",FALSE,"up",TRUE
"P16070","CD44",1.66750890102201,0.014394740992504,"R-HSA-1474244","Homo sapiens: Extracellular matrix organization",FALSE,"up",TRUE
"P07384","CAPN1",-1.59512774707952,0.0232699742820556,"R-HSA-1474244","Homo sapiens: Extracellular matrix organization",FALSE,"down",TRUE
"P56199","ITGA1",1.3279085134554,0.0555719561067457,"R-HSA-1474244","Homo sapiens: Extracellular matrix organization",FALSE,"up",FALSE
"Q08722","CD47",1.15961840593103,0.0956742996127011,"R-HSA-1474244","Homo sapiens: Extracellular matrix organization",FALSE,"up",FALSE
"Q92542","NCSTN",-0.761504164452379,0.315509037524342,"R-HSA-1474244","Homo sapiens: Extracellular matrix organization",FALSE,"down",FALSE
"P05362","ICAM1",-0.190305098148549,0.856815467123931,"R-HSA-1474244","Homo sapiens: Extracellular matrix organization",FALSE,"down",FALSE
"P23229","ITGA6",0.0533601460899291,0.965025616565901,"R-HSA-1474244","Homo sapiens: Extracellular matrix organization",FALSE,"up",FALSE
"P24821","TNC",-0.0471469002823817,0.968506499237854,"R-HSA-1474244","Homo sapiens: Extracellular matrix organization",FALSE,"down",FALSE
"P55268","LAMB2",7.94397288514485,1.17587344907209e-12,"R-HSA-9913351","Homo sapiens: Formation of the dystrophin-glycoprotein complex (DGC)",FALSE,"up",TRUE
"O00468","AGRN",3.42626529297742,4.53615964498716e-06,"R-HSA-9913351","Homo sapiens: Formation of the dystrophin-glycoprotein complex (DGC)",TRUE,"up",TRUE
"O15230","LAMA5",3.25992473968899,1.22066504632128e-05,"R-HSA-9913351","Homo sapiens: Formation of the dystrophin-glycoprotein complex (DGC)",FALSE,"up",TRUE
"P46939","UTRN",3.20590401718244,2.80993712814469e-05,"R-HSA-9913351","Homo sapiens: Formation of the dystrophin-glycoprotein complex (DGC)",FALSE,"up",TRUE
"P11047","LAMC1",2.94395767737148,4.96561251745198e-05,"R-HSA-9913351","Homo sapiens: Formation of the dystrophin-glycoprotein complex (DGC)",FALSE,"up",TRUE
"P98160","HSPG2",2.80571113228391,0.000170177766246557,"R-HSA-9913351","Homo sapiens: Formation of the dystrophin-glycoprotein complex (DGC)",FALSE,"up",TRUE
"P07942","LAMB1",2.49653352297863,0.000513771493445868,"R-HSA-9913351","Homo sapiens: Formation of the dystrophin-glycoprotein complex (DGC)",FALSE,"up",TRUE
"O00468","AGRN",3.42626529297742,4.53615964498716e-06,"R-HSA-1630316","Homo sapiens: Glycosaminoglycan metabolism",TRUE,"up",TRUE
"P98160","HSPG2",2.80571113228391,0.000170177766246557,"R-HSA-1630316","Homo sapiens: Glycosaminoglycan metabolism",FALSE,"up",TRUE
"P19634","SLC9A1",-2.08897431613864,0.00536746490460465,"R-HSA-1630316","Homo sapiens: Glycosaminoglycan metabolism",FALSE,"down",TRUE
"P16070","CD44",1.66750890102201,0.014394740992504,"R-HSA-1630316","Homo sapiens: Glycosaminoglycan metabolism",FALSE,"up",TRUE
"O00468","AGRN",3.42626529297742,4.53615964498716e-06,"R-HSA-1971475","Homo sapiens: Glycosaminoglycan-protein linkage region biosynthesis",TRUE,"up",TRUE
"P98160","HSPG2",2.80571113228391,0.000170177766246557,"R-HSA-1971475","Homo sapiens: Glycosaminoglycan-protein linkage region biosynthesis",FALSE,"up",TRUE
"O00468","AGRN",3.42626529297742,4.53615964498716e-06,"R-HSA-2022928","Homo sapiens: HS-GAG biosynthesis",TRUE,"up",TRUE
"P98160","HSPG2",2.80571113228391,0.000170177766246557,"R-HSA-2022928","Homo sapiens: HS-GAG biosynthesis",FALSE,"up",TRUE
"O00468","AGRN",3.42626529297742,4.53615964498716e-06,"R-HSA-2024096","Homo sapiens: HS-GAG degradation",TRUE,"up",TRUE
"P98160","HSPG2",2.80571113228391,0.000170177766246557,"R-HSA-2024096","Homo sapiens: HS-GAG degradation",FALSE,"up",TRUE
"O00468","AGRN",3.42626529297742,4.53615964498716e-06,"R-HSA-1638091","Homo sapiens: Heparan sulfate/heparin (HS-GAG) metabolism",TRUE,"up",TRUE
"P98160","HSPG2",2.80571113228391,0.000170177766246557,"R-HSA-1638091","Homo sapiens: Heparan sulfate/heparin (HS-GAG) metabolism",FALSE,"up",TRUE
"P08571","CD14",-8.51812739704659,1.59190933615881e-11,"R-HSA-5663205","Homo sapiens: Infectious disease",FALSE,"down",TRUE
"P55268","LAMB2",7.94397288514485,1.17587344907209e-12,"R-HSA-5663205","Homo sapiens: Infectious disease",FALSE,"up",TRUE
"Q93079","H2BC9",6.83737301224086,4.2833732227517e-11,"R-HSA-5663205","Homo sapiens: Infectious disease",FALSE,"up",TRUE
"P20908","COL5A1",5.27235704620434,2.80668720768905e-07,"R-HSA-5663205","Homo sapiens: Infectious disease",FALSE,"up",TRUE
"O75351","VPS4B",-4.55464794408816,7.47636810379456e-07,"R-HSA-5663205","Homo sapiens: Infectious disease",FALSE,"down",TRUE
"Q6FI13","H2AC18",4.44700067810138,6.17340315600031e-07,"R-HSA-5663205","Homo sapiens: Infectious disease",FALSE,"up",TRUE
"Q93077","H2AC6",4.00731345285644,1.09951099349611e-06,"R-HSA-5663205","Homo sapiens: Infectious disease",FALSE,"up",TRUE
"Q9UQN3","CHMP2B",-3.97827494796961,3.84356112336664e-06,"R-HSA-5663205","Homo sapiens: Infectious disease",FALSE,"down",TRUE
"P05067","APP",3.89771722083527,1.07264499707111e-06,"R-HSA-5663205","Homo sapiens: Infectious disease",FALSE,"up",TRUE
"Q96H20","SNF8",-3.86877087677223,9.38242950253371e-07,"R-HSA-5663205","Homo sapiens: Infectious disease",FALSE,"down",TRUE
"P19838","NFKB1",-3.64063558250162,1.3314664856337e-05,"R-HSA-5663205","Homo sapiens: Infectious disease",FALSE,"down",TRUE
"P62805","H4C9",3.55592798697397,5.47234143321341e-06,"R-HSA-5663205","Homo sapiens: Infectious disease",FALSE,"up",TRUE
"P02751","FN1",3.53842274994988,3.83081769226345e-06,"R-HSA-5663205","Homo sapiens: Infectious disease",FALSE,"up",TRUE
"P08670","VIM",3.52227024110501,2.44452623269935e-06,"R-HSA-5663205","Homo sapiens: Infectious disease",FALSE,"up",TRUE
"P33778","H2BC3",3.4841504591376,1.3362840575995e-05,"R-HSA-5663205","Homo sapiens: Infectious disease",FALSE,"up",TRUE
"P23193","TCEA1",-3.44792933347734,0.0143822682647563,"R-HSA-5663205","Homo sapiens: Infectious disease",FALSE,"down",TRUE
"O00468","AGRN",3.42626529297742,4.53615964498716e-06,"R-HSA-5663205","Homo sapiens: Infectious disease",TRUE,"up",TRUE
"Q92747","ARPC1A",-3.37485489278865,0.00149371066804565,"R-HSA-5663205","Homo sapiens: Infectious disease",FALSE,"down",TRUE
"Q9UI12","ATP6V1H",-3.3386905545247,1.2573904408446e-05,"R-HSA-5663205","Homo sapiens: Infectious disease",FALSE,"down",TRUE
"O95816","BAG2",3.3210349116724,5.0325550701303e-06,"R-HSA-5663205","Homo sapiens: Infectious disease",FALSE,"up",TRUE
"P05556","ITGB1",3.32073568701624,6.89548048269636e-06,"R-HSA-5663205","Homo sapiens: Infectious disease",FALSE,"up",TRUE
"O15230","LAMA5",3.25992473968899,1.22066504632128e-05,"R-HSA-5663205","Homo sapiens: Infectious disease",FALSE,"up",TRUE
"Q9BRG1","VPS25",-3.1666077120843,2.95549422125987e-05,"R-HSA-5663205","Homo sapiens: Infectious disease",FALSE,"down",TRUE
"Q9H9H4","VPS37B",-3.05893299320643,4.98436354001869e-05,"R-HSA-5663205","Homo sapiens: Infectious disease",FALSE,"down",TRUE
"Q9ULZ3","PYCARD",-3.03994789097296,0.000522814073481828,"R-HSA-5663205","Homo sapiens: Infectious disease",FALSE,"down",TRUE
"P38159","RBMX",-3.01016058899001,0.000928506382845237,"R-HSA-5663205","Homo sapiens: Infectious disease",FALSE,"down",TRUE
"Q86VN1","VPS36",-3.00883956549698,6.36388972124466e-05,"R-HSA-5663205","Homo sapiens: Infectious disease",FALSE,"down",TRUE
"Q8N684","CPSF7",-2.99697246921435,0.00667944462818959,"R-HSA-5663205","Homo sapiens: Infectious disease",FALSE,"down",TRUE
"P11047","LAMC1",2.94395767737148,4.96561251745198e-05,"R-HSA-5663205","Homo sapiens: Infectious disease",FALSE,"up",TRUE
"Q71DI3","H3C14",2.83493449762814,0.00207374001370559,"R-HSA-5663205","Homo sapiens: Infectious disease",FALSE,"up",TRUE
"P98160","HSPG2",2.80571113228391,0.000170177766246557,"R-HSA-5663205","Homo sapiens: Infectious disease",FALSE,"up",TRUE
"Q9Y6W5","WASF2",-2.79489033945303,0.000435790497519572,"R-HSA-5663205","Homo sapiens: Infectious disease",FALSE,"down",TRUE
"Q9UK41","VPS28",-2.75402421812236,0.00014194438460424,"R-HSA-5663205","Homo sapiens: Infectious disease",FALSE,"down",TRUE
"O60603","TLR2",-2.71531178105974,0.000148274952739259,"R-HSA-5663205","Homo sapiens: Infectious disease",FALSE,"down",TRUE
"Q9UQB8","BAIAP2",-2.69571870300652,0.000195193300959064,"R-HSA-5663205","Homo sapiens: Infectious disease",FALSE,"down",TRUE
"P00533","EGFR",2.66096413050353,0.000182794723305273,"R-HSA-5663205","Homo sapiens: Infectious disease",FALSE,"up",TRUE
"P10909","CLU",-2.64477059069828,0.00013945096795715,"R-HSA-5663205","Homo sapiens: Infectious disease",FALSE,"down",TRUE
"Q99816","TSG101",-2.60307027942783,0.000397329076576312,"R-HSA-5663205","Homo sapiens: Infectious disease",FALSE,"down",TRUE
"Q9UN37","VPS4A",-2.59895209831632,0.000423420031565628,"R-HSA-5663205","Homo sapiens: Infectious disease",FALSE,"down",TRUE
"Q96EY5","MVB12A",-2.58071761017467,0.000314266306689127,"R-HSA-5663205","Homo sapiens: Infectious disease",FALSE,"down",TRUE
"P16333","NCK1",-2.57818713544951,0.000833284134249003,"R-HSA-5663205","Homo sapiens: Infectious disease",FALSE,"down",TRUE
"O60266","ADCY3",-2.52422124603242,0.000718482747190797,"R-HSA-5663205","Homo sapiens: Infectious disease",FALSE,"down",TRUE
"P51991","HNRNPA3",-2.50050732802652,0.00246161536400457,"R-HSA-5663205","Homo sapiens: Infectious disease",FALSE,"down",TRUE
"P07942","LAMB1",2.49653352297863,0.000513771493445868,"R-HSA-5663205","Homo sapiens: Infectious disease",FALSE,"up",TRUE
"Q9NZZ3","CHMP5",-2.46781577107329,0.000737683766460528,"R-HSA-5663205","Homo sapiens: Infectious disease",FALSE,"down",TRUE
"O75531","BANF1",2.4621098003269,0.00065637348274959,"R-HSA-5663205","Homo sapiens: Infectious disease",FALSE,"up",TRUE
"P05161","ISG15",2.41455069561151,0.0024339160561778,"R-HSA-5663205","Homo sapiens: Infectious disease",FALSE,"up",TRUE
"P10644","PRKAR1A",2.34580801992857,0.00589606808585253,"R-HSA-5663205","Homo sapiens: Infectious disease",FALSE,"up",TRUE
"Q9BY43","CHMP4A",-2.3329616495399,0.00105360616111934,"R-HSA-5663205","Homo sapiens: Infectious disease",FALSE,"down",TRUE
"P62979","RPS27A",-2.29030107893188,0.00100845325724085,"R-HSA-5663205","Homo sapiens: Infectious disease",FALSE,"down",TRUE
"Q96CF2","CHMP4C",-2.27750945863844,0.00685071371926179,"R-HSA-5663205","Homo sapiens: Infectious disease",FALSE,"down",TRUE
"Q9NP79","VTA1",-2.26913384289829,0.00126103091906756,"R-HSA-5663205","Homo sapiens: Infectious disease",FALSE,"down",TRUE
"P14866","HNRNPL",-2.24353778582872,0.00312419171433303,"R-HSA-5663205","Homo sapiens: Infectious disease",FALSE,"down",TRUE
"P52272","HNRNPM",-2.24070389252966,0.00265361498724356,"R-HSA-5663205","Homo sapiens: Infectious disease",FALSE,"down",TRUE
"P29350","PTPN6",-2.23633058767584,0.00226102687417015,"R-HSA-5663205","Homo sapiens: Infectious disease",FALSE,"down",TRUE
"P63173","RPL38",-2.21452820216015,0.002279353622106,"R-HSA-5663205","Homo sapiens: Infectious disease",FALSE,"down",TRUE
"Q15399","TLR1",-2.21420055446183,0.00121914454976786,"R-HSA-5663205","Homo sapiens: Infectious disease",FALSE,"down",TRUE
"O43633","CHMP2A",-2.21393348963019,0.002279353622106,"R-HSA-5663205","Homo sapiens: Infectious disease",FALSE,"down",TRUE
"P61769","B2M",2.19970538228994,0.00114446515840788,"R-HSA-5663205","Homo sapiens: Infectious disease",FALSE,"up",TRUE
"Q3LXA3","TKFC",-2.19338338460864,0.00303879125472906,"R-HSA-5663205","Homo sapiens: Infectious disease",FALSE,"down",TRUE
"Q14116","IL18",-2.16145303755154,0.00379176100756311,"R-HSA-5663205","Homo sapiens: Infectious disease",FALSE,"down",TRUE
"O43143","DHX15",-2.16138724665285,0.0112461543196032,"R-HSA-5663205","Homo sapiens: Infectious disease",FALSE,"down",TRUE
"A5D8V6","VPS37C",-2.15951538719385,0.00716940774480116,"R-HSA-5663205","Homo sapiens: Infectious disease",FALSE,"down",TRUE
"P52292","KPNA2",2.13123114815908,0.00225787929782386,"R-HSA-5663205","Homo sapiens: Infectious disease",FALSE,"up",TRUE
"Q14573","ITPR3",2.10658539105804,0.0293400887502494,"R-HSA-5663205","Homo sapiens: Infectious disease",FALSE,"up",TRUE
"P07948","LYN",-2.104625040218,0.00262918923021719,"R-HSA-5663205","Homo sapiens: Infectious disease",FALSE,"down",TRUE
"Q9H444","CHMP4B",-2.0797334421696,0.00309867416462478,"R-HSA-5663205","Homo sapiens: Infectious disease",FALSE,"down",TRUE
"P68366","TUBA4A",-2.03770198252481,0.00387491451998847,"R-HSA-5663205","Homo sapiens: Infectious disease",FALSE,"down",TRUE
"Q9Y3U8","RPL36",-2.02300101356212,0.030074512893442,"R-HSA-5663205","Homo sapiens: Infectious disease",FALSE,"down",TRUE
"P42677","RPS27",-1.99854348669692,0.0833720313627374,"R-HSA-5663205","Homo sapiens: Infectious disease",FALSE,"down",FALSE
"P17096","HMGA1",1.96014976609557,0.00654297425001033,"R-HSA-5663205","Homo sapiens: Infectious disease",FALSE,"up",TRUE
"P08572","COL4A2",1.94597148031989,0.0173853314504028,"R-HSA-5663205","Homo sapiens: Infectious disease",FALSE,"up",TRUE
"P55795","HNRNPH2",-1.86631164881733,0.0169126689616686,"R-HSA-5663205","Homo sapiens: Infectious disease",FALSE,"down",TRUE
"P62140","PPP1CB",-1.78270432881297,0.0097550275909688,"R-HSA-5663205","Homo sapiens: Infectious disease",FALSE,"down",TRUE
"Q9HD67","MYO10",1.76256544553592,0.0208871847045412,"R-HSA-5663205","Homo sapiens: Infectious disease",FALSE,"up",TRUE
"Q00839","HNRNPU",-1.75991278739995,0.019014257287747,"R-HSA-5663205","Homo sapiens: Infectious disease",FALSE,"down",TRUE
"Q96JJ3","ELMO2",1.75512932814414,0.015458869661181,"R-HSA-5663205","Homo sapiens: Infectious disease",FALSE,"up",TRUE
"O43390","HNRNPR",-1.69239118068467,0.0248045102724451,"R-HSA-5663205","Homo sapiens: Infectious disease",FALSE,"down",TRUE
"O60503","ADCY9",1.68713812078236,0.0142432302632522,"R-HSA-5663205","Homo sapiens: Infectious disease",FALSE,"up",TRUE
"P08069","IGF1R",1.68096953654353,0.00933145529185226,"R-HSA-5663205","Homo sapiens: Infectious disease",FALSE,"up",TRUE
"Q14185","DOCK1",-1.62946906784319,0.0334294211259526,"R-HSA-5663205","Homo sapiens: Infectious disease",FALSE,"down",TRUE
"Q96SB4","SRPK1",1.60723160038897,0.0255478793735618,"R-HSA-5663205","Homo sapiens: Infectious disease",FALSE,"up",TRUE
"Q9GZQ8","MAP1LC3B",1.58089700714896,0.0524486074646669,"R-HSA-5663205","Homo sapiens: Infectious disease",FALSE,"up",FALSE
"Q8NEZ2","VPS37A",-1.57284956861383,0.034454213056497,"R-HSA-5663205","Homo sapiens: Infectious disease",FALSE,"down",TRUE
"Q14103","HNRNPD",-1.5453642421252,0.033013111739004,"R-HSA-5663205","Homo sapiens: Infectious disease",FALSE,"down",TRUE
"P07910","HNRNPC",-1.52417677740465,0.0370104473750737,"R-HSA-5663205","Homo sapiens: Infectious disease",FALSE,"down",TRUE
"Q6R327","RICTOR",1.50612880223757,0.0396457424942583,"R-HSA-5663205","Homo sapiens: Infectious disease",FALSE,"up",TRUE
"P17612","PRKACA",-1.4977427103434,0.0421587942742117,"R-HSA-5663205","Homo sapiens: Infectious disease",FALSE,"down",TRUE
"P35637","FUS",1.48747542151044,0.0483009014950721,"R-HSA-5663205","Homo sapiens: Infectious disease",FALSE,"up",TRUE
"P08581","MET",1.48617712985132,0.0592164934495887,"R-HSA-5663205","Homo sapiens: Infectious disease",FALSE,"up",FALSE
"P32455","GBP1",1.48543413317763,0.0405121156214416,"R-HSA-5663205","Homo sapiens: Infectious disease",FALSE,"up",TRUE
"P62273","RPS29",-1.47257596184413,0.04689099361302,"R-HSA-5663205","Homo sapiens: Infectious disease",FALSE,"down",TRUE
"O15144","ARPC2",-1.4436301561972,0.0351337777932071,"R-HSA-5663205","Homo sapiens: Infectious disease",FALSE,"down",TRUE
"P26368","U2AF2",-1.41971705864357,0.0680680317015773,"R-HSA-5663205","Homo sapiens: Infectious disease",FALSE,"down",FALSE
"Q03135","CAV1",1.41948974730054,0.0432169357153363,"R-HSA-5663205","Homo sapiens: Infectious disease",FALSE,"up",TRUE
"P59998","ARPC4",-1.41933428286802,0.0448347906966539,"R-HSA-5663205","Homo sapiens: Infectious disease",FALSE,"down",TRUE
"P62877","RBX1",1.4167648550524,0.0562639605082138,"R-HSA-5663205","Homo sapiens: Infectious disease",FALSE,"up",FALSE
"Q8WUW1","BRK1",-1.4116762459309,0.0973333425267145,"R-HSA-5663205","Homo sapiens: Infectious disease",FALSE,"down",FALSE
"O15143","ARPC1B",-1.40665204418792,0.054531196295046,"R-HSA-5663205","Homo sapiens: Infectious disease",FALSE,"down",FALSE
"Q16186","ADRM1",-1.32635576085538,0.10205667745841,"R-HSA-5663205","Homo sapiens: Infectious disease",FALSE,"down",FALSE
"P61158","ACTR3",-1.31922722950493,0.0748120024455382,"R-HSA-5663205","Homo sapiens: Infectious disease",FALSE,"down",FALSE
"P0DMV8","HSPA1A",-1.29824341744182,0.072070323906567,"R-HSA-5663205","Homo sapiens: Infectious disease",FALSE,"down",FALSE
"P29466","CASP1",-1.29109916654396,0.122578631437956,"R-HSA-5663205","Homo sapiens: Infectious disease",FALSE,"down",FALSE
"P62081","RPS7",-1.28233469543915,0.100955516592478,"R-HSA-5663205","Homo sapiens: Infectious disease",FALSE,"down",FALSE
"P78406","RAE1",-1.26431198786588,0.0705291057813224,"R-HSA-5663205","Homo sapiens: Infectious disease",FALSE,"down",FALSE
"P02788","LTF",-1.26106415423828,0.188471044343738,"R-HSA-5663205","Homo sapiens: Infectious disease",FALSE,"down",FALSE
"Q9Y3E7","CHMP3",-1.24537109380361,0.0856187820487766,"R-HSA-5663205","Homo sapiens: Infectious disease",FALSE,"down",FALSE
"Q16881","TXNRD1",1.21872799748096,0.093502945001088,"R-HSA-5663205","Homo sapiens: Infectious disease",FALSE,"up",FALSE
"P61160","ACTR2",-1.21566544344882,0.0960230313238083,"R-HSA-5663205","Homo sapiens: Infectious disease",FALSE,"down",FALSE
"P45985","MAP2K4",-1.20929721378555,0.150822148952032,"R-HSA-5663205","Homo sapiens: Infectious disease",FALSE,"down",FALSE
"P60953","CDC42",-1.19249224963627,0.146359262982623,"R-HSA-5663205","Homo sapiens: Infectious disease",FALSE,"down",FALSE
"O95352","ATG7",-1.19107920576491,0.117920416080853,"R-HSA-5663205","Homo sapiens: Infectious disease",FALSE,"down",FALSE
"P62841","RPS15",-1.16456327746028,0.188135498266396,"R-HSA-5663205","Homo sapiens: Infectious disease",FALSE,"down",FALSE
"P62851","RPS25",-1.15688186006583,0.117920416080853,"R-HSA-5663205","Homo sapiens: Infectious disease",FALSE,"down",FALSE
"P49792","RANBP2",-1.14330032748533,0.164139697005672,"R-HSA-5663205","Homo sapiens: Infectious disease",FALSE,"down",FALSE
"P62318","SNRPD3",-1.13484801527179,0.120509235176065,"R-HSA-5663205","Homo sapiens: Infectious disease",FALSE,"down",FALSE
"P62241","RPS8",-1.13385272339552,0.108410920864132,"R-HSA-5663205","Homo sapiens: Infectious disease",FALSE,"down",FALSE
"P52597","HNRNPF",-1.13331129157481,0.127818748968127,"R-HSA-5663205","Homo sapiens: Infectious disease",FALSE,"down",FALSE
"Q9Y2A7","NCKAP1",-1.12721237379488,0.134497309550889,"R-HSA-5663205","Homo sapiens: Infectious disease",FALSE,"down",FALSE
"O14786","NRP1",1.11380901082516,0.226586003476277,"R-HSA-5663205","Homo sapiens: Infectious disease",FALSE,"up",FALSE
"Q13509","TUBB3",-1.08444239637109,0.170676461792344,"R-HSA-5663205","Homo sapiens: Infectious disease",FALSE,"down",FALSE
"Q07955","SRSF1",-1.06483734248762,0.198594939532225,"R-HSA-5663205","Homo sapiens: Infectious disease",FALSE,"down",FALSE
"O15145","ARPC3",-1.05782288925133,0.145301914194018,"R-HSA-5663205","Homo sapiens: Infectious disease",FALSE,"down",FALSE
"Q8IZP0","ABI1",-1.05049284293367,0.154055979170322,"R-HSA-5663205","Homo sapiens: Infectious disease",FALSE,"down",FALSE
"Q96J02","ITCH",-1.03735180998344,0.181461901522296,"R-HSA-5663205","Homo sapiens: Infectious disease",FALSE,"down",FALSE
"Q9BUF5","TUBB6",-1.02490458794195,0.198288260213891,"R-HSA-5663205","Homo sapiens: Infectious disease",FALSE,"down",FALSE
"O43865","AHCYL1",-1.0064718226211,0.18431348619146,"R-HSA-5663205","Homo sapiens: Infectious disease",FALSE,"down",FALSE
"P38919","EIF4A3",-0.993294899322244,0.188825240089178,"R-HSA-5663205","Homo sapiens: Infectious disease",FALSE,"down",FALSE
"O15511","ARPC5",-0.979365984593279,0.178328458815862,"R-HSA-5663205","Homo sapiens: Infectious disease",FALSE,"down",FALSE
"Q08211","DHX9",-0.971858032144116,0.226553013521455,"R-HSA-5663205","Homo sapiens: Infectious disease",FALSE,"down",FALSE
"P35268","RPL22",-0.95840307164023,0.191894626889333,"R-HSA-5663205","Homo sapiens: Infectious disease",FALSE,"down",FALSE
"Q7L576","CYFIP1",-0.928394804046455,0.224314735778702,"R-HSA-5663205","Homo sapiens: Infectious disease",FALSE,"down",FALSE
"Q86U42","PABPN1",-0.924191492711124,0.319339158739083,"R-HSA-5663205","Homo sapiens: Infectious disease",FALSE,"down",FALSE
"P46777","RPL5",-0.923438551255394,0.223594908701215,"R-HSA-5663205","Homo sapiens: Infectious disease",FALSE,"down",FALSE
"P35222","CTNNB1",-0.918167206420808,0.217332074067202,"R-HSA-5663205","Homo sapiens: Infectious disease",FALSE,"down",FALSE
"P06730","EIF4E",-0.905923641879969,0.297259157898636,"R-HSA-5663205","Homo sapiens: Infectious disease",FALSE,"down",FALSE
"P46776","RPL27A",-0.902736789357206,0.224268997670808,"R-HSA-5663205","Homo sapiens: Infectious disease",FALSE,"down",FALSE
"P62993","GRB2",-0.8963579770301,0.227452987130314,"R-HSA-5663205","Homo sapiens: Infectious disease",FALSE,"down",FALSE
"P22626","HNRNPA2B1",-0.87512207229096,0.25813719520184,"R-HSA-5663205","Homo sapiens: Infectious disease",FALSE,"down",FALSE
"P27635","RPL10",-0.87297291197418,0.317631452038847,"R-HSA-5663205","Homo sapiens: Infectious disease",FALSE,"down",FALSE
"P62424","RPL7A",-0.867269927022196,0.272451384712088,"R-HSA-5663205","Homo sapiens: Infectious disease",FALSE,"down",FALSE
"P62316","SNRPD2",-0.867011766661275,0.268027495799953,"R-HSA-5663205","Homo sapiens: Infectious disease",FALSE,"down",FALSE
"P46782","RPS5",-0.862373387944093,0.265857685683251,"R-HSA-5663205","Homo sapiens: Infectious disease",FALSE,"down",FALSE
"P0DP25","CALM1",-0.85210162542964,0.25813719520184,"R-HSA-5663205","Homo sapiens: Infectious disease",FALSE,"down",FALSE
"P63104","YWHAZ",-0.845228539016531,0.266995133442499,"R-HSA-5663205","Homo sapiens: Infectious disease",FALSE,"down",FALSE
"P61978","HNRNPK",-0.841844584567109,0.396192089929649,"R-HSA-5663205","Homo sapiens: Infectious disease",FALSE,"down",FALSE
"P52434","POLR2H",-0.839799849896004,0.317631452038847,"R-HSA-5663205","Homo sapiens: Infectious disease",FALSE,"down",FALSE
"P62906","RPL10A",-0.820572453560381,0.295395911400926,"R-HSA-5663205","Homo sapiens: Infectious disease",FALSE,"down",FALSE
"P62701","RPS4X",-0.820303827624439,0.296201657905328,"R-HSA-5663205","Homo sapiens: Infectious disease",FALSE,"down",FALSE
"O14980","XPO1",-0.812620026309663,0.322304769083472,"R-HSA-5663205","Homo sapiens: Infectious disease",FALSE,"down",FALSE
"P08708","RPS17",-0.801014441149025,0.363540992446748,"R-HSA-5663205","Homo sapiens: Infectious disease",FALSE,"down",FALSE
"P07947","YES1",-0.798701124845007,0.312589132539328,"R-HSA-5663205","Homo sapiens: Infectious disease",FALSE,"down",FALSE
"P36578","RPL4",-0.795859124000025,0.337507442100344,"R-HSA-5663205","Homo sapiens: Infectious disease",FALSE,"down",FALSE
"P61313","RPL15",-0.793777862302104,0.32897478409442,"R-HSA-5663205","Homo sapiens: Infectious disease",FALSE,"down",FALSE
"P61020","RAB5B",-0.781738027809091,0.3098519421075,"R-HSA-5663205","Homo sapiens: Infectious disease",FALSE,"down",FALSE
"P39023","RPL3",-0.775917597140083,0.322304769083472,"R-HSA-5663205","Homo sapiens: Infectious disease",FALSE,"down",FALSE
"P61353","RPL27",-0.767570424473178,0.334831069667985,"R-HSA-5663205","Homo sapiens: Infectious disease",FALSE,"down",FALSE
"P61513","RPL37A",-0.748588742799484,0.362889353107955,"R-HSA-5663205","Homo sapiens: Infectious disease",FALSE,"down",FALSE
"P62847","RPS24",-0.736034017402908,0.373116239598141,"R-HSA-5663205","Homo sapiens: Infectious disease",FALSE,"down",FALSE
"P13639","EEF2",-0.733567938807081,0.370543079252399,"R-HSA-5663205","Homo sapiens: Infectious disease",FALSE,"down",FALSE
"P62280","RPS11",-0.727156423322633,0.374918218629797,"R-HSA-5663205","Homo sapiens: Infectious disease",FALSE,"down",FALSE
"P25398","RPS12",-0.718089075931264,0.361916241379398,"R-HSA-5663205","Homo sapiens: Infectious disease",FALSE,"down",FALSE
"Q15393","SF3B3",-0.708175081849603,0.380790590387804,"R-HSA-5663205","Homo sapiens: Infectious disease",FALSE,"down",FALSE
"P62244","RPS15A",-0.702401553902217,0.408756465095092,"R-HSA-5663205","Homo sapiens: Infectious disease",FALSE,"down",FALSE
"P32969","RPL9",-0.682090017913076,0.40963258939972,"R-HSA-5663205","Homo sapiens: Infectious disease",FALSE,"down",FALSE
"P05386","RPLP1",-0.676845291229775,0.40963258939972,"R-HSA-5663205","Homo sapiens: Infectious disease",FALSE,"down",FALSE
"P62249","RPS16",-0.660632791930222,0.418959836193561,"R-HSA-5663205","Homo sapiens: Infectious disease",FALSE,"down",FALSE
"P43686","PSMC4",-0.658017352596492,0.438445646407203,"R-HSA-5663205","Homo sapiens: Infectious disease",FALSE,"down",FALSE
"P31943","HNRNPH1",-0.646465195749919,0.444861781661114,"R-HSA-5663205","Homo sapiens: Infectious disease",FALSE,"down",FALSE
"P18124","RPL7",-0.644176087461226,0.436583326932769,"R-HSA-5663205","Homo sapiens: Infectious disease",FALSE,"down",FALSE
"P62753","RPS6",-0.631124724574207,0.448464175744655,"R-HSA-5663205","Homo sapiens: Infectious disease",FALSE,"down",FALSE
"P18077","RPL35A",-0.628341517294974,0.461213474234375,"R-HSA-5663205","Homo sapiens: Infectious disease",FALSE,"down",FALSE
"Q15008","PSMD6",-0.625603796811486,0.448537648394225,"R-HSA-5663205","Homo sapiens: Infectious disease",FALSE,"down",FALSE
"P62269","RPS18",-0.6244708339398,0.444369168821822,"R-HSA-5663205","Homo sapiens: Infectious disease",FALSE,"down",FALSE
"P09651","HNRNPA1",-0.622549580605451,0.461577544820525,"R-HSA-5663205","Homo sapiens: Infectious disease",FALSE,"down",FALSE
"P14678","SNRPB",-0.620294035817604,0.435043577644286,"R-HSA-5663205","Homo sapiens: Infectious disease",FALSE,"down",FALSE
"P08865","RPSA",-0.603030905471265,0.463197862647816,"R-HSA-5663205","Homo sapiens: Infectious disease",FALSE,"down",FALSE
"P39019","RPS19",-0.595078987595031,0.472280844380163,"R-HSA-5663205","Homo sapiens: Infectious disease",FALSE,"down",FALSE
"P61247","RPS3A",-0.584002928098489,0.497641802406889,"R-HSA-5663205","Homo sapiens: Infectious disease",FALSE,"down",FALSE
"P62277","RPS13",-0.58256703633981,0.46940886454993,"R-HSA-5663205","Homo sapiens: Infectious disease",FALSE,"down",FALSE
"Q07020","RPL18",-0.576145427504724,0.494951837528504,"R-HSA-5663205","Homo sapiens: Infectious disease",FALSE,"down",FALSE
"P00734","F2",-0.56462123847848,0.533799521315587,"R-HSA-5663205","Homo sapiens: Infectious disease",FALSE,"down",FALSE
"P23396","RPS3",-0.563453087686849,0.503189241280532,"R-HSA-5663205","Homo sapiens: Infectious disease",FALSE,"down",FALSE
"P62888","RPL30",-0.562811989018574,0.523291823201886,"R-HSA-5663205","Homo sapiens: Infectious disease",FALSE,"down",FALSE
"P46781","RPS9",-0.542668383901766,0.536762836143572,"R-HSA-5663205","Homo sapiens: Infectious disease",FALSE,"down",FALSE
"Q9UNM6","PSMD13",-0.531822496982215,0.529452771865827,"R-HSA-5663205","Homo sapiens: Infectious disease",FALSE,"down",FALSE
"P18621","RPL17",-0.531570027257157,0.532725011463949,"R-HSA-5663205","Homo sapiens: Infectious disease",FALSE,"down",FALSE
"P62266","RPS23",-0.530615701588182,0.549697752503586,"R-HSA-5663205","Homo sapiens: Infectious disease",FALSE,"down",FALSE
"Q02543","RPL18A",-0.527881862411775,0.562323057979755,"R-HSA-5663205","Homo sapiens: Infectious disease",FALSE,"down",FALSE
"Q02878","RPL6",-0.525425640668288,0.545914979917982,"R-HSA-5663205","Homo sapiens: Infectious disease",FALSE,"down",FALSE
"P30050","RPL12",-0.515391039729806,0.548343398731212,"R-HSA-5663205","Homo sapiens: Infectious disease",FALSE,"down",FALSE
"P62263","RPS14",-0.506726975098459,0.553690128162664,"R-HSA-5663205","Homo sapiens: Infectious disease",FALSE,"down",FALSE
"P09769","FGR",-0.505008754707674,0.592387664668662,"R-HSA-5663205","Homo sapiens: Infectious disease",FALSE,"down",FALSE
"P05388","RPLP0",-0.495726524853769,0.564725741546301,"R-HSA-5663205","Homo sapiens: Infectious disease",FALSE,"down",FALSE
"P15880","RPS2",-0.488654813994522,0.585937075343565,"R-HSA-5663205","Homo sapiens: Infectious disease",FALSE,"down",FALSE
"P62913","RPL11",-0.488452193192995,0.589897966943207,"R-HSA-5663205","Homo sapiens: Infectious disease",FALSE,"down",FALSE
"P62910","RPL32",-0.46226919827194,0.629863691206271,"R-HSA-5663205","Homo sapiens: Infectious disease",FALSE,"down",FALSE
"P62750","RPL23A",-0.395638326663907,0.664795963662896,"R-HSA-5663205","Homo sapiens: Infectious disease",FALSE,"down",FALSE
"Q01081","U2AF1",0.270961621728269,0.772881630309184,"R-HSA-5663205","Homo sapiens: Infectious disease",FALSE,"up",FALSE
"Q8WUX9","CHMP7",0.195394402005871,0.855448155189807,"R-HSA-5663205","Homo sapiens: Infectious disease",FALSE,"up",FALSE
"Q15029","EFTUD2",0.179075920424637,0.869065216494292,"R-HSA-5663205","Homo sapiens: Infectious disease",FALSE,"up",FALSE
"Q01130","SRSF2",-0.0123325412286981,0.992286810402825,"R-HSA-5663205","Homo sapiens: Infectious disease",FALSE,"down",FALSE
"P39060","COL18A1",9.85203636025415,4.90994823328966e-13,"R-HSA-216083","Homo sapiens: Integrin cell surface interactions",FALSE,"up",TRUE
"P12111","COL6A3",6.4674748196218,8.30187762466895e-11,"R-HSA-216083","Homo sapiens: Integrin cell surface interactions",FALSE,"up",TRUE
"P18084","ITGB5",5.98968045315657,3.5517516870682e-10,"R-HSA-216083","Homo sapiens: Integrin cell surface interactions",FALSE,"up",TRUE
"P12110","COL6A2",5.78857892630917,2.9398727802252e-10,"R-HSA-216083","Homo sapiens: Integrin cell surface interactions",FALSE,"up",TRUE
"P20908","COL5A1",5.27235704620434,2.80668720768905e-07,"R-HSA-216083","Homo sapiens: Integrin cell surface interactions",FALSE,"up",TRUE
"P05106","ITGB3",4.83281290250002,1.10062266000083e-08,"R-HSA-216083","Homo sapiens: Integrin cell surface interactions",FALSE,"up",TRUE
"P07996","THBS1",4.47664946858148,3.63747819894345e-08,"R-HSA-216083","Homo sapiens: Integrin cell surface interactions",FALSE,"up",TRUE
"P12109","COL6A1",3.81699460964921,3.91622343684386e-07,"R-HSA-216083","Homo sapiens: Integrin cell surface interactions",FALSE,"up",TRUE
"P26006","ITGA3",3.55554486897546,4.41660774253009e-06,"R-HSA-216083","Homo sapiens: Integrin cell surface interactions",FALSE,"up",TRUE
"P02751","FN1",3.53842274994988,3.83081769226345e-06,"R-HSA-216083","Homo sapiens: Integrin cell surface interactions",FALSE,"up",TRUE
"O00468","AGRN",3.42626529297742,4.53615964498716e-06,"R-HSA-216083","Homo sapiens: Integrin cell surface interactions",TRUE,"up",TRUE
"P05556","ITGB1",3.32073568701624,6.89548048269636e-06,"R-HSA-216083","Homo sapiens: Integrin cell surface interactions",FALSE,"up",TRUE
"P17301","ITGA2",3.03416118463698,2.80993712814469e-05,"R-HSA-216083","Homo sapiens: Integrin cell surface interactions",FALSE,"up",TRUE
"P98160","HSPG2",2.80571113228391,0.000170177766246557,"R-HSA-216083","Homo sapiens: Integrin cell surface interactions",FALSE,"up",TRUE
"P08572","COL4A2",1.94597148031989,0.0173853314504028,"R-HSA-216083","Homo sapiens: Integrin cell surface interactions",FALSE,"up",TRUE
"Q02388","COL7A1",1.91790167956124,0.0278961419662246,"R-HSA-216083","Homo sapiens: Integrin cell surface interactions",FALSE,"up",TRUE
"P08648","ITGA5",1.84323575430166,0.00579516326103966,"R-HSA-216083","Homo sapiens: Integrin cell surface interactions",FALSE,"up",TRUE
"P16070","CD44",1.66750890102201,0.014394740992504,"R-HSA-216083","Homo sapiens: Integrin cell surface interactions",FALSE,"up",TRUE
"P56199","ITGA1",1.3279085134554,0.0555719561067457,"R-HSA-216083","Homo sapiens: Integrin cell surface interactions",FALSE,"up",FALSE
"Q08722","CD47",1.15961840593103,0.0956742996127011,"R-HSA-216083","Homo sapiens: Integrin cell surface interactions",FALSE,"up",FALSE
"P05362","ICAM1",-0.190305098148549,0.856815467123931,"R-HSA-216083","Homo sapiens: Integrin cell surface interactions",FALSE,"down",FALSE
"P23229","ITGA6",0.0533601460899291,0.965025616565901,"R-HSA-216083","Homo sapiens: Integrin cell surface interactions",FALSE,"up",FALSE
"P24821","TNC",-0.0471469002823817,0.968506499237854,"R-HSA-216083","Homo sapiens: Integrin cell surface interactions",FALSE,"down",FALSE
"P00918","CA2",-6.71714674199423,1.59486682498859e-11,"R-HSA-1430728","Homo sapiens: Metabolism",FALSE,"down",TRUE
"P16671","CD36",-5.43008701998445,1.26368470539339e-07,"R-HSA-1430728","Homo sapiens: Metabolism",FALSE,"down",TRUE
"O14939","PLD2",-4.07114207337044,1.15280852040527e-06,"R-HSA-1430728","Homo sapiens: Metabolism",FALSE,"down",TRUE
"Q01469","FABP5",-3.97968588535628,2.78026660215199e-07,"R-HSA-1430728","Homo sapiens: Metabolism",FALSE,"down",TRUE
"O00468","AGRN",3.42626529297742,4.53615964498716e-06,"R-HSA-1430728","Homo sapiens: Metabolism",TRUE,"up",TRUE
"P46976","GYG1",-2.81127861874422,9.75949185477937e-05,"R-HSA-1430728","Homo sapiens: Metabolism",FALSE,"down",TRUE
"P98160","HSPG2",2.80571113228391,0.000170177766246557,"R-HSA-1430728","Homo sapiens: Metabolism",FALSE,"up",TRUE
"P17252","PRKCA",2.76505740675276,0.000215266110237451,"R-HSA-1430728","Homo sapiens: Metabolism",FALSE,"up",TRUE
"P09211","GSTP1",-2.67500371437406,0.000176898591986887,"R-HSA-1430728","Homo sapiens: Metabolism",FALSE,"down",TRUE
"O75874","IDH1",-2.67475194833776,0.000224806231188548,"R-HSA-1430728","Homo sapiens: Metabolism",FALSE,"down",TRUE
"O95477","ABCA1",2.64861596146374,0.000453256688066107,"R-HSA-1430728","Homo sapiens: Metabolism",FALSE,"up",TRUE
"Q6XQN6","NAPRT",-2.64676544760343,0.00060058779106773,"R-HSA-1430728","Homo sapiens: Metabolism",FALSE,"down",TRUE
"O60266","ADCY3",-2.52422124603242,0.000718482747190797,"R-HSA-1430728","Homo sapiens: Metabolism",FALSE,"down",TRUE
"P43353","ALDH3B1",-2.41233857742187,0.000903881547144489,"R-HSA-1430728","Homo sapiens: Metabolism",FALSE,"down",TRUE
"P10644","PRKAR1A",2.34580801992857,0.00589606808585253,"R-HSA-1430728","Homo sapiens: Metabolism",FALSE,"up",TRUE
"P62979","RPS27A",-2.29030107893188,0.00100845325724085,"R-HSA-1430728","Homo sapiens: Metabolism",FALSE,"down",TRUE
"P63173","RPL38",-2.21452820216015,0.002279353622106,"R-HSA-1430728","Homo sapiens: Metabolism",FALSE,"down",TRUE
"Q3LXA3","TKFC",-2.19338338460864,0.00303879125472906,"R-HSA-1430728","Homo sapiens: Metabolism",FALSE,"down",TRUE
"P12277","CKB",2.12326777552573,0.00206979286350835,"R-HSA-1430728","Homo sapiens: Metabolism",FALSE,"up",TRUE
"Q14573","ITPR3",2.10658539105804,0.0293400887502494,"R-HSA-1430728","Homo sapiens: Metabolism",FALSE,"up",TRUE
"P19634","SLC9A1",-2.08897431613864,0.00536746490460465,"R-HSA-1430728","Homo sapiens: Metabolism",FALSE,"down",TRUE
"Q96G03","PGM2",-2.08825564099307,0.004893012111385,"R-HSA-1430728","Homo sapiens: Metabolism",FALSE,"down",TRUE
"Q9Y3U8","RPL36",-2.02300101356212,0.030074512893442,"R-HSA-1430728","Homo sapiens: Metabolism",FALSE,"down",TRUE
"P07741","APRT",-2.00005402136427,0.00459063226008395,"R-HSA-1430728","Homo sapiens: Metabolism",FALSE,"down",TRUE
"P42677","RPS27",-1.99854348669692,0.0833720313627374,"R-HSA-1430728","Homo sapiens: Metabolism",FALSE,"down",FALSE
"P48426","PIP4K2A",1.80679746614514,0.0124941553073121,"R-HSA-1430728","Homo sapiens: Metabolism",FALSE,"up",TRUE
"P62140","PPP1CB",-1.78270432881297,0.0097550275909688,"R-HSA-1430728","Homo sapiens: Metabolism",FALSE,"down",TRUE
"P02649","APOE",1.69091803195193,0.0594441953565241,"R-HSA-1430728","Homo sapiens: Metabolism",FALSE,"up",FALSE
"O60503","ADCY9",1.68713812078236,0.0142432302632522,"R-HSA-1430728","Homo sapiens: Metabolism",FALSE,"up",TRUE
"P16070","CD44",1.66750890102201,0.014394740992504,"R-HSA-1430728","Homo sapiens: Metabolism",FALSE,"up",TRUE
"P35573","AGL",-1.50823619408303,0.0570326167674089,"R-HSA-1430728","Homo sapiens: Metabolism",FALSE,"down",FALSE
"P17612","PRKACA",-1.4977427103434,0.0421587942742117,"R-HSA-1430728","Homo sapiens: Metabolism",FALSE,"down",TRUE
"P62273","RPS29",-1.47257596184413,0.04689099361302,"R-HSA-1430728","Homo sapiens: Metabolism",FALSE,"down",TRUE
"P00491","PNP",-1.43276603077145,0.0373845723034592,"R-HSA-1430728","Homo sapiens: Metabolism",FALSE,"down",TRUE
"P11413","G6PD",1.42842993799835,0.0402450012360891,"R-HSA-1430728","Homo sapiens: Metabolism",FALSE,"up",TRUE
"Q03135","CAV1",1.41948974730054,0.0432169357153363,"R-HSA-1430728","Homo sapiens: Metabolism",FALSE,"up",TRUE
"Q16186","ADRM1",-1.32635576085538,0.10205667745841,"R-HSA-1430728","Homo sapiens: Metabolism",FALSE,"down",FALSE
"P07814","EPRS1",-1.31871637778379,0.0729256032721219,"R-HSA-1430728","Homo sapiens: Metabolism",FALSE,"down",FALSE
"P62081","RPS7",-1.28233469543915,0.100955516592478,"R-HSA-1430728","Homo sapiens: Metabolism",FALSE,"down",FALSE
"P10620","MGST1",-1.27873028973933,0.114604330264589,"R-HSA-1430728","Homo sapiens: Metabolism",FALSE,"down",FALSE
"P43490","NAMPT",1.2684372039502,0.0938913237675066,"R-HSA-1430728","Homo sapiens: Metabolism",FALSE,"up",FALSE
"P61956","SUMO2",1.26609296880921,0.0783127160080511,"R-HSA-1430728","Homo sapiens: Metabolism",FALSE,"up",FALSE
"P78406","RAE1",-1.26431198786588,0.0705291057813224,"R-HSA-1430728","Homo sapiens: Metabolism",FALSE,"down",FALSE
"Q16881","TXNRD1",1.21872799748096,0.093502945001088,"R-HSA-1430728","Homo sapiens: Metabolism",FALSE,"up",FALSE
"P62841","RPS15",-1.16456327746028,0.188135498266396,"R-HSA-1430728","Homo sapiens: Metabolism",FALSE,"down",FALSE
"P62851","RPS25",-1.15688186006583,0.117920416080853,"R-HSA-1430728","Homo sapiens: Metabolism",FALSE,"down",FALSE
"P49792","RANBP2",-1.14330032748533,0.164139697005672,"R-HSA-1430728","Homo sapiens: Metabolism",FALSE,"down",FALSE
"P46940","IQGAP1",-1.13759059997782,0.117862567205249,"R-HSA-1430728","Homo sapiens: Metabolism",FALSE,"down",FALSE
"P62241","RPS8",-1.13385272339552,0.108410920864132,"R-HSA-1430728","Homo sapiens: Metabolism",FALSE,"down",FALSE
"O43865","AHCYL1",-1.0064718226211,0.18431348619146,"R-HSA-1430728","Homo sapiens: Metabolism",FALSE,"down",FALSE
"P35268","RPL22",-0.95840307164023,0.191894626889333,"R-HSA-1430728","Homo sapiens: Metabolism",FALSE,"down",FALSE
"P46777","RPL5",-0.923438551255394,0.223594908701215,"R-HSA-1430728","Homo sapiens: Metabolism",FALSE,"down",FALSE
"P11216","PYGB",-0.914365594008192,0.23586545079411,"R-HSA-1430728","Homo sapiens: Metabolism",FALSE,"down",FALSE
"P46776","RPL27A",-0.902736789357206,0.224268997670808,"R-HSA-1430728","Homo sapiens: Metabolism",FALSE,"down",FALSE
"P09972","ALDOC",-0.891387182030066,0.24741551953772,"R-HSA-1430728","Homo sapiens: Metabolism",FALSE,"down",FALSE
"P27635","RPL10",-0.87297291197418,0.317631452038847,"R-HSA-1430728","Homo sapiens: Metabolism",FALSE,"down",FALSE
"P62424","RPL7A",-0.867269927022196,0.272451384712088,"R-HSA-1430728","Homo sapiens: Metabolism",FALSE,"down",FALSE
"P46782","RPS5",-0.862373387944093,0.265857685683251,"R-HSA-1430728","Homo sapiens: Metabolism",FALSE,"down",FALSE
"P0DP25","CALM1",-0.85210162542964,0.25813719520184,"R-HSA-1430728","Homo sapiens: Metabolism",FALSE,"down",FALSE
"Q13393","PLD1",-0.834111064916929,0.310294047235193,"R-HSA-1430728","Homo sapiens: Metabolism",FALSE,"down",FALSE
"P62906","RPL10A",-0.820572453560381,0.295395911400926,"R-HSA-1430728","Homo sapiens: Metabolism",FALSE,"down",FALSE
"P62701","RPS4X",-0.820303827624439,0.296201657905328,"R-HSA-1430728","Homo sapiens: Metabolism",FALSE,"down",FALSE
"P08708","RPS17",-0.801014441149025,0.363540992446748,"R-HSA-1430728","Homo sapiens: Metabolism",FALSE,"down",FALSE
"P36578","RPL4",-0.795859124000025,0.337507442100344,"R-HSA-1430728","Homo sapiens: Metabolism",FALSE,"down",FALSE
"P61313","RPL15",-0.793777862302104,0.32897478409442,"R-HSA-1430728","Homo sapiens: Metabolism",FALSE,"down",FALSE
"P39023","RPL3",-0.775917597140083,0.322304769083472,"R-HSA-1430728","Homo sapiens: Metabolism",FALSE,"down",FALSE
"P61353","RPL27",-0.767570424473178,0.334831069667985,"R-HSA-1430728","Homo sapiens: Metabolism",FALSE,"down",FALSE
"P61513","RPL37A",-0.748588742799484,0.362889353107955,"R-HSA-1430728","Homo sapiens: Metabolism",FALSE,"down",FALSE
"P62847","RPS24",-0.736034017402908,0.373116239598141,"R-HSA-1430728","Homo sapiens: Metabolism",FALSE,"down",FALSE
"P62280","RPS11",-0.727156423322633,0.374918218629797,"R-HSA-1430728","Homo sapiens: Metabolism",FALSE,"down",FALSE
"P25398","RPS12",-0.718089075931264,0.361916241379398,"R-HSA-1430728","Homo sapiens: Metabolism",FALSE,"down",FALSE
"P62244","RPS15A",-0.702401553902217,0.408756465095092,"R-HSA-1430728","Homo sapiens: Metabolism",FALSE,"down",FALSE
"P32969","RPL9",-0.682090017913076,0.40963258939972,"R-HSA-1430728","Homo sapiens: Metabolism",FALSE,"down",FALSE
"P05386","RPLP1",-0.676845291229775,0.40963258939972,"R-HSA-1430728","Homo sapiens: Metabolism",FALSE,"down",FALSE
"P62249","RPS16",-0.660632791930222,0.418959836193561,"R-HSA-1430728","Homo sapiens: Metabolism",FALSE,"down",FALSE
"P43686","PSMC4",-0.658017352596492,0.438445646407203,"R-HSA-1430728","Homo sapiens: Metabolism",FALSE,"down",FALSE
"P18124","RPL7",-0.644176087461226,0.436583326932769,"R-HSA-1430728","Homo sapiens: Metabolism",FALSE,"down",FALSE
"P62753","RPS6",-0.631124724574207,0.448464175744655,"R-HSA-1430728","Homo sapiens: Metabolism",FALSE,"down",FALSE
"P18077","RPL35A",-0.628341517294974,0.461213474234375,"R-HSA-1430728","Homo sapiens: Metabolism",FALSE,"down",FALSE
"Q15008","PSMD6",-0.625603796811486,0.448537648394225,"R-HSA-1430728","Homo sapiens: Metabolism",FALSE,"down",FALSE
"P62269","RPS18",-0.6244708339398,0.444369168821822,"R-HSA-1430728","Homo sapiens: Metabolism",FALSE,"down",FALSE
"P08865","RPSA",-0.603030905471265,0.463197862647816,"R-HSA-1430728","Homo sapiens: Metabolism",FALSE,"down",FALSE
"P39019","RPS19",-0.595078987595031,0.472280844380163,"R-HSA-1430728","Homo sapiens: Metabolism",FALSE,"down",FALSE
"P61247","RPS3A",-0.584002928098489,0.497641802406889,"R-HSA-1430728","Homo sapiens: Metabolism",FALSE,"down",FALSE
"P62277","RPS13",-0.58256703633981,0.46940886454993,"R-HSA-1430728","Homo sapiens: Metabolism",FALSE,"down",FALSE
"Q07020","RPL18",-0.576145427504724,0.494951837528504,"R-HSA-1430728","Homo sapiens: Metabolism",FALSE,"down",FALSE
"P23396","RPS3",-0.563453087686849,0.503189241280532,"R-HSA-1430728","Homo sapiens: Metabolism",FALSE,"down",FALSE
"P62888","RPL30",-0.562811989018574,0.523291823201886,"R-HSA-1430728","Homo sapiens: Metabolism",FALSE,"down",FALSE
"P46781","RPS9",-0.542668383901766,0.536762836143572,"R-HSA-1430728","Homo sapiens: Metabolism",FALSE,"down",FALSE
"Q9UNM6","PSMD13",-0.531822496982215,0.529452771865827,"R-HSA-1430728","Homo sapiens: Metabolism",FALSE,"down",FALSE
"P18621","RPL17",-0.531570027257157,0.532725011463949,"R-HSA-1430728","Homo sapiens: Metabolism",FALSE,"down",FALSE
"P62266","RPS23",-0.530615701588182,0.549697752503586,"R-HSA-1430728","Homo sapiens: Metabolism",FALSE,"down",FALSE
"Q02543","RPL18A",-0.527881862411775,0.562323057979755,"R-HSA-1430728","Homo sapiens: Metabolism",FALSE,"down",FALSE
"Q02878","RPL6",-0.525425640668288,0.545914979917982,"R-HSA-1430728","Homo sapiens: Metabolism",FALSE,"down",FALSE
"P30050","RPL12",-0.515391039729806,0.548343398731212,"R-HSA-1430728","Homo sapiens: Metabolism",FALSE,"down",FALSE
"P62263","RPS14",-0.506726975098459,0.553690128162664,"R-HSA-1430728","Homo sapiens: Metabolism",FALSE,"down",FALSE
"P05388","RPLP0",-0.495726524853769,0.564725741546301,"R-HSA-1430728","Homo sapiens: Metabolism",FALSE,"down",FALSE
"P15880","RPS2",-0.488654813994522,0.585937075343565,"R-HSA-1430728","Homo sapiens: Metabolism",FALSE,"down",FALSE
"P62913","RPL11",-0.488452193192995,0.589897966943207,"R-HSA-1430728","Homo sapiens: Metabolism",FALSE,"down",FALSE
"P30153","PPP2R1A",-0.484312740056886,0.592387664668662,"R-HSA-1430728","Homo sapiens: Metabolism",FALSE,"down",FALSE
"P62910","RPL32",-0.46226919827194,0.629863691206271,"R-HSA-1430728","Homo sapiens: Metabolism",FALSE,"down",FALSE
"P62750","RPL23A",-0.395638326663907,0.664795963662896,"R-HSA-1430728","Homo sapiens: Metabolism",FALSE,"down",FALSE
"O00468","AGRN",3.42626529297742,4.53615964498716e-06,"R-HSA-71387","Homo sapiens: Metabolism of carbohydrates and carbohydrate derivatives",TRUE,"up",TRUE
"P46976","GYG1",-2.81127861874422,9.75949185477937e-05,"R-HSA-71387","Homo sapiens: Metabolism of carbohydrates and carbohydrate derivatives",FALSE,"down",TRUE
"P98160","HSPG2",2.80571113228391,0.000170177766246557,"R-HSA-71387","Homo sapiens: Metabolism of carbohydrates and carbohydrate derivatives",FALSE,"up",TRUE
"P62979","RPS27A",-2.29030107893188,0.00100845325724085,"R-HSA-71387","Homo sapiens: Metabolism of carbohydrates and carbohydrate derivatives",FALSE,"down",TRUE
"Q3LXA3","TKFC",-2.19338338460864,0.00303879125472906,"R-HSA-71387","Homo sapiens: Metabolism of carbohydrates and carbohydrate derivatives",FALSE,"down",TRUE
"P19634","SLC9A1",-2.08897431613864,0.00536746490460465,"R-HSA-71387","Homo sapiens: Metabolism of carbohydrates and carbohydrate derivatives",FALSE,"down",TRUE
"Q96G03","PGM2",-2.08825564099307,0.004893012111385,"R-HSA-71387","Homo sapiens: Metabolism of carbohydrates and carbohydrate derivatives",FALSE,"down",TRUE
"P16070","CD44",1.66750890102201,0.014394740992504,"R-HSA-71387","Homo sapiens: Metabolism of carbohydrates and carbohydrate derivatives",FALSE,"up",TRUE
"P35573","AGL",-1.50823619408303,0.0570326167674089,"R-HSA-71387","Homo sapiens: Metabolism of carbohydrates and carbohydrate derivatives",FALSE,"down",FALSE
"P17612","PRKACA",-1.4977427103434,0.0421587942742117,"R-HSA-71387","Homo sapiens: Metabolism of carbohydrates and carbohydrate derivatives",FALSE,"down",TRUE
"P11413","G6PD",1.42842993799835,0.0402450012360891,"R-HSA-71387","Homo sapiens: Metabolism of carbohydrates and carbohydrate derivatives",FALSE,"up",TRUE
"P78406","RAE1",-1.26431198786588,0.0705291057813224,"R-HSA-71387","Homo sapiens: Metabolism of carbohydrates and carbohydrate derivatives",FALSE,"down",FALSE
"P49792","RANBP2",-1.14330032748533,0.164139697005672,"R-HSA-71387","Homo sapiens: Metabolism of carbohydrates and carbohydrate derivatives",FALSE,"down",FALSE
"P11216","PYGB",-0.914365594008192,0.23586545079411,"R-HSA-71387","Homo sapiens: Metabolism of carbohydrates and carbohydrate derivatives",FALSE,"down",FALSE
"P09972","ALDOC",-0.891387182030066,0.24741551953772,"R-HSA-71387","Homo sapiens: Metabolism of carbohydrates and carbohydrate derivatives",FALSE,"down",FALSE
"P0DP25","CALM1",-0.85210162542964,0.25813719520184,"R-HSA-71387","Homo sapiens: Metabolism of carbohydrates and carbohydrate derivatives",FALSE,"down",FALSE
"P30153","PPP2R1A",-0.484312740056886,0.592387664668662,"R-HSA-71387","Homo sapiens: Metabolism of carbohydrates and carbohydrate derivatives",FALSE,"down",FALSE
"O00468","AGRN",3.42626529297742,4.53615964498716e-06,"R-HSA-6806667","Homo sapiens: Metabolism of fat-soluble vitamins",TRUE,"up",TRUE
"P98160","HSPG2",2.80571113228391,0.000170177766246557,"R-HSA-6806667","Homo sapiens: Metabolism of fat-soluble vitamins",FALSE,"up",TRUE
"P02649","APOE",1.69091803195193,0.0594441953565241,"R-HSA-6806667","Homo sapiens: Metabolism of fat-soluble vitamins",FALSE,"up",FALSE
"O00468","AGRN",3.42626529297742,4.53615964498716e-06,"R-HSA-196854","Homo sapiens: Metabolism of vitamins and cofactors",TRUE,"up",TRUE
"P98160","HSPG2",2.80571113228391,0.000170177766246557,"R-HSA-196854","Homo sapiens: Metabolism of vitamins and cofactors",FALSE,"up",TRUE
"O75874","IDH1",-2.67475194833776,0.000224806231188548,"R-HSA-196854","Homo sapiens: Metabolism of vitamins and cofactors",FALSE,"down",TRUE
"Q6XQN6","NAPRT",-2.64676544760343,0.00060058779106773,"R-HSA-196854","Homo sapiens: Metabolism of vitamins and cofactors",FALSE,"down",TRUE
"P02649","APOE",1.69091803195193,0.0594441953565241,"R-HSA-196854","Homo sapiens: Metabolism of vitamins and cofactors",FALSE,"up",FALSE
"P43490","NAMPT",1.2684372039502,0.0938913237675066,"R-HSA-196854","Homo sapiens: Metabolism of vitamins and cofactors",FALSE,"up",FALSE
"P0DP25","CALM1",-0.85210162542964,0.25813719520184,"R-HSA-196854","Homo sapiens: Metabolism of vitamins and cofactors",FALSE,"down",FALSE
"P12111","COL6A3",6.4674748196218,8.30187762466895e-11,"R-HSA-375165","Homo sapiens: NCAM signaling for neurite out-growth",FALSE,"up",TRUE
"P12110","COL6A2",5.78857892630917,2.9398727802252e-10,"R-HSA-375165","Homo sapiens: NCAM signaling for neurite out-growth",FALSE,"up",TRUE
"P20908","COL5A1",5.27235704620434,2.80668720768905e-07,"R-HSA-375165","Homo sapiens: NCAM signaling for neurite out-growth",FALSE,"up",TRUE
"P12109","COL6A1",3.81699460964921,3.91622343684386e-07,"R-HSA-375165","Homo sapiens: NCAM signaling for neurite out-growth",FALSE,"up",TRUE
"O00468","AGRN",3.42626529297742,4.53615964498716e-06,"R-HSA-375165","Homo sapiens: NCAM signaling for neurite out-growth",TRUE,"up",TRUE
"P08572","COL4A2",1.94597148031989,0.0173853314504028,"R-HSA-375165","Homo sapiens: NCAM signaling for neurite out-growth",FALSE,"up",TRUE
"P01111","NRAS",-1.62131878234086,0.191528114752541,"R-HSA-375165","Homo sapiens: NCAM signaling for neurite out-growth",FALSE,"down",FALSE
"P62993","GRB2",-0.8963579770301,0.227452987130314,"R-HSA-375165","Homo sapiens: NCAM signaling for neurite out-growth",FALSE,"down",FALSE
"P12111","COL6A3",6.4674748196218,8.30187762466895e-11,"R-HSA-419037","Homo sapiens: NCAM1 interactions",FALSE,"up",TRUE
"P12110","COL6A2",5.78857892630917,2.9398727802252e-10,"R-HSA-419037","Homo sapiens: NCAM1 interactions",FALSE,"up",TRUE
"P20908","COL5A1",5.27235704620434,2.80668720768905e-07,"R-HSA-419037","Homo sapiens: NCAM1 interactions",FALSE,"up",TRUE
"P12109","COL6A1",3.81699460964921,3.91622343684386e-07,"R-HSA-419037","Homo sapiens: NCAM1 interactions",FALSE,"up",TRUE
"O00468","AGRN",3.42626529297742,4.53615964498716e-06,"R-HSA-419037","Homo sapiens: NCAM1 interactions",TRUE,"up",TRUE
"P08572","COL4A2",1.94597148031989,0.0173853314504028,"R-HSA-419037","Homo sapiens: NCAM1 interactions",FALSE,"up",TRUE
"P12111","COL6A3",6.4674748196218,8.30187762466895e-11,"R-HSA-9675108","Homo sapiens: Nervous system development",FALSE,"up",TRUE
"P12110","COL6A2",5.78857892630917,2.9398727802252e-10,"R-HSA-9675108","Homo sapiens: Nervous system development",FALSE,"up",TRUE
"P20908","COL5A1",5.27235704620434,2.80668720768905e-07,"R-HSA-9675108","Homo sapiens: Nervous system development",FALSE,"up",TRUE
"P29317","EPHA2",5.09903353539291,5.5051449029647e-09,"R-HSA-9675108","Homo sapiens: Nervous system development",FALSE,"up",TRUE
"P05106","ITGB3",4.83281290250002,1.10062266000083e-08,"R-HSA-9675108","Homo sapiens: Nervous system development",FALSE,"up",TRUE
"P12109","COL6A1",3.81699460964921,3.91622343684386e-07,"R-HSA-9675108","Homo sapiens: Nervous system development",FALSE,"up",TRUE
"O00468","AGRN",3.42626529297742,4.53615964498716e-06,"R-HSA-9675108","Homo sapiens: Nervous system development",TRUE,"up",TRUE
"Q92747","ARPC1A",-3.37485489278865,0.00149371066804565,"R-HSA-9675108","Homo sapiens: Nervous system development",FALSE,"down",TRUE
"P05556","ITGB1",3.32073568701624,6.89548048269636e-06,"R-HSA-9675108","Homo sapiens: Nervous system development",FALSE,"up",TRUE
"P46939","UTRN",3.20590401718244,2.80993712814469e-05,"R-HSA-9675108","Homo sapiens: Nervous system development",FALSE,"up",TRUE
"P17301","ITGA2",3.03416118463698,2.80993712814469e-05,"R-HSA-9675108","Homo sapiens: Nervous system development",FALSE,"up",TRUE
"P11047","LAMC1",2.94395767737148,4.96561251745198e-05,"R-HSA-9675108","Homo sapiens: Nervous system development",FALSE,"up",TRUE
"P17252","PRKCA",2.76505740675276,0.000215266110237451,"R-HSA-9675108","Homo sapiens: Nervous system development",FALSE,"up",TRUE
"O94813","SLIT2",2.76067852295196,0.000177320378965777,"R-HSA-9675108","Homo sapiens: Nervous system development",FALSE,"up",TRUE
"P32004","L1CAM",2.7251934175751,0.000184388607168884,"R-HSA-9675108","Homo sapiens: Nervous system development",FALSE,"up",TRUE
"P00533","EGFR",2.66096413050353,0.000182794723305273,"R-HSA-9675108","Homo sapiens: Nervous system development",FALSE,"up",TRUE
"P16333","NCK1",-2.57818713544951,0.000833284134249003,"R-HSA-9675108","Homo sapiens: Nervous system development",FALSE,"down",TRUE
"P07942","LAMB1",2.49653352297863,0.000513771493445868,"R-HSA-9675108","Homo sapiens: Nervous system development",FALSE,"up",TRUE
"P62979","RPS27A",-2.29030107893188,0.00100845325724085,"R-HSA-9675108","Homo sapiens: Nervous system development",FALSE,"down",TRUE
"P63173","RPL38",-2.21452820216015,0.002279353622106,"R-HSA-9675108","Homo sapiens: Nervous system development",FALSE,"down",TRUE
"Q9UIW2","PLXNA1",2.21197759069493,0.00131645200372344,"R-HSA-9675108","Homo sapiens: Nervous system development",FALSE,"up",TRUE
"Q9NR12","PDLIM7",2.21096410049375,0.00259730297305852,"R-HSA-9675108","Homo sapiens: Nervous system development",FALSE,"up",TRUE
"O75962","TRIO",2.12800480993868,0.0100702537281127,"R-HSA-9675108","Homo sapiens: Nervous system development",FALSE,"up",TRUE
"P07948","LYN",-2.104625040218,0.00262918923021719,"R-HSA-9675108","Homo sapiens: Nervous system development",FALSE,"down",TRUE
"P68366","TUBA4A",-2.03770198252481,0.00387491451998847,"R-HSA-9675108","Homo sapiens: Nervous system development",FALSE,"down",TRUE
"Q9Y3U8","RPL36",-2.02300101356212,0.030074512893442,"R-HSA-9675108","Homo sapiens: Nervous system development",FALSE,"down",TRUE
"P42677","RPS27",-1.99854348669692,0.0833720313627374,"R-HSA-9675108","Homo sapiens: Nervous system development",FALSE,"down",FALSE
"P08572","COL4A2",1.94597148031989,0.0173853314504028,"R-HSA-9675108","Homo sapiens: Nervous system development",FALSE,"up",TRUE
"P08648","ITGA5",1.84323575430166,0.00579516326103966,"R-HSA-9675108","Homo sapiens: Nervous system development",FALSE,"up",TRUE
"Q9HD67","MYO10",1.76256544553592,0.0208871847045412,"R-HSA-9675108","Homo sapiens: Nervous system development",FALSE,"up",TRUE
"Q9Y490","TLN1",1.63085773206727,0.0241313159833309,"R-HSA-9675108","Homo sapiens: Nervous system development",FALSE,"up",TRUE
"Q14185","DOCK1",-1.62946906784319,0.0334294211259526,"R-HSA-9675108","Homo sapiens: Nervous system development",FALSE,"down",TRUE
"P01111","NRAS",-1.62131878234086,0.191528114752541,"R-HSA-9675108","Homo sapiens: Nervous system development",FALSE,"down",FALSE
"P17612","PRKACA",-1.4977427103434,0.0421587942742117,"R-HSA-9675108","Homo sapiens: Nervous system development",FALSE,"down",TRUE
"P08581","MET",1.48617712985132,0.0592164934495887,"R-HSA-9675108","Homo sapiens: Nervous system development",FALSE,"up",FALSE
"P62273","RPS29",-1.47257596184413,0.04689099361302,"R-HSA-9675108","Homo sapiens: Nervous system development",FALSE,"down",TRUE
"O15144","ARPC2",-1.4436301561972,0.0351337777932071,"R-HSA-9675108","Homo sapiens: Nervous system development",FALSE,"down",TRUE
"P59998","ARPC4",-1.41933428286802,0.0448347906966539,"R-HSA-9675108","Homo sapiens: Nervous system development",FALSE,"down",TRUE
"P62877","RBX1",1.4167648550524,0.0562639605082138,"R-HSA-9675108","Homo sapiens: Nervous system development",FALSE,"up",FALSE
"O15143","ARPC1B",-1.40665204418792,0.054531196295046,"R-HSA-9675108","Homo sapiens: Nervous system development",FALSE,"down",FALSE
"P10301","RRAS",1.35402210809679,0.065572618989564,"R-HSA-9675108","Homo sapiens: Nervous system development",FALSE,"up",FALSE
"P56199","ITGA1",1.3279085134554,0.0555719561067457,"R-HSA-9675108","Homo sapiens: Nervous system development",FALSE,"up",FALSE
"Q16186","ADRM1",-1.32635576085538,0.10205667745841,"R-HSA-9675108","Homo sapiens: Nervous system development",FALSE,"down",FALSE
"Q9Y4D7","PLXND1",1.32529836624288,0.0863470670479952,"R-HSA-9675108","Homo sapiens: Nervous system development",FALSE,"up",FALSE
"P61158","ACTR3",-1.31922722950493,0.0748120024455382,"R-HSA-9675108","Homo sapiens: Nervous system development",FALSE,"down",FALSE
"P62081","RPS7",-1.28233469543915,0.100955516592478,"R-HSA-9675108","Homo sapiens: Nervous system development",FALSE,"down",FALSE
"P61160","ACTR2",-1.21566544344882,0.0960230313238083,"R-HSA-9675108","Homo sapiens: Nervous system development",FALSE,"down",FALSE
"O75051","PLXNA2",1.21054167931619,0.0796452191051537,"R-HSA-9675108","Homo sapiens: Nervous system development",FALSE,"up",FALSE
"P60953","CDC42",-1.19249224963627,0.146359262982623,"R-HSA-9675108","Homo sapiens: Nervous system development",FALSE,"down",FALSE
"P62841","RPS15",-1.16456327746028,0.188135498266396,"R-HSA-9675108","Homo sapiens: Nervous system development",FALSE,"down",FALSE
"P62851","RPS25",-1.15688186006583,0.117920416080853,"R-HSA-9675108","Homo sapiens: Nervous system development",FALSE,"down",FALSE
"P62241","RPS8",-1.13385272339552,0.108410920864132,"R-HSA-9675108","Homo sapiens: Nervous system development",FALSE,"down",FALSE
"O14786","NRP1",1.11380901082516,0.226586003476277,"R-HSA-9675108","Homo sapiens: Nervous system development",FALSE,"up",FALSE
"Q13509","TUBB3",-1.08444239637109,0.170676461792344,"R-HSA-9675108","Homo sapiens: Nervous system development",FALSE,"down",FALSE
"O15145","ARPC3",-1.05782288925133,0.145301914194018,"R-HSA-9675108","Homo sapiens: Nervous system development",FALSE,"down",FALSE
"Q9BUF5","TUBB6",-1.02490458794195,0.198288260213891,"R-HSA-9675108","Homo sapiens: Nervous system development",FALSE,"down",FALSE
"P38919","EIF4A3",-0.993294899322244,0.188825240089178,"R-HSA-9675108","Homo sapiens: Nervous system development",FALSE,"down",FALSE
"O15511","ARPC5",-0.979365984593279,0.178328458815862,"R-HSA-9675108","Homo sapiens: Nervous system development",FALSE,"down",FALSE
"P35268","RPL22",-0.95840307164023,0.191894626889333,"R-HSA-9675108","Homo sapiens: Nervous system development",FALSE,"down",FALSE
"P46777","RPL5",-0.923438551255394,0.223594908701215,"R-HSA-9675108","Homo sapiens: Nervous system development",FALSE,"down",FALSE
"P46776","RPL27A",-0.902736789357206,0.224268997670808,"R-HSA-9675108","Homo sapiens: Nervous system development",FALSE,"down",FALSE
"P62993","GRB2",-0.8963579770301,0.227452987130314,"R-HSA-9675108","Homo sapiens: Nervous system development",FALSE,"down",FALSE
"P16298","PPP3CB",0.890717686786992,0.302391357911938,"R-HSA-9675108","Homo sapiens: Nervous system development",FALSE,"up",FALSE
"P27635","RPL10",-0.87297291197418,0.317631452038847,"R-HSA-9675108","Homo sapiens: Nervous system development",FALSE,"down",FALSE
"P62424","RPL7A",-0.867269927022196,0.272451384712088,"R-HSA-9675108","Homo sapiens: Nervous system development",FALSE,"down",FALSE
"P29353","SHC1",-0.865370640403842,0.246829714652203,"R-HSA-9675108","Homo sapiens: Nervous system development",FALSE,"down",FALSE
"P46782","RPS5",-0.862373387944093,0.265857685683251,"R-HSA-9675108","Homo sapiens: Nervous system development",FALSE,"down",FALSE
"P62906","RPL10A",-0.820572453560381,0.295395911400926,"R-HSA-9675108","Homo sapiens: Nervous system development",FALSE,"down",FALSE
"P62701","RPS4X",-0.820303827624439,0.296201657905328,"R-HSA-9675108","Homo sapiens: Nervous system development",FALSE,"down",FALSE
"P08708","RPS17",-0.801014441149025,0.363540992446748,"R-HSA-9675108","Homo sapiens: Nervous system development",FALSE,"down",FALSE
"P07947","YES1",-0.798701124845007,0.312589132539328,"R-HSA-9675108","Homo sapiens: Nervous system development",FALSE,"down",FALSE
"P36578","RPL4",-0.795859124000025,0.337507442100344,"R-HSA-9675108","Homo sapiens: Nervous system development",FALSE,"down",FALSE
"P61313","RPL15",-0.793777862302104,0.32897478409442,"R-HSA-9675108","Homo sapiens: Nervous system development",FALSE,"down",FALSE
"P39023","RPL3",-0.775917597140083,0.322304769083472,"R-HSA-9675108","Homo sapiens: Nervous system development",FALSE,"down",FALSE
"P61353","RPL27",-0.767570424473178,0.334831069667985,"R-HSA-9675108","Homo sapiens: Nervous system development",FALSE,"down",FALSE
"Q92542","NCSTN",-0.761504164452379,0.315509037524342,"R-HSA-9675108","Homo sapiens: Nervous system development",FALSE,"down",FALSE
"P61513","RPL37A",-0.748588742799484,0.362889353107955,"R-HSA-9675108","Homo sapiens: Nervous system development",FALSE,"down",FALSE
"P62847","RPS24",-0.736034017402908,0.373116239598141,"R-HSA-9675108","Homo sapiens: Nervous system development",FALSE,"down",FALSE
"P62280","RPS11",-0.727156423322633,0.374918218629797,"R-HSA-9675108","Homo sapiens: Nervous system development",FALSE,"down",FALSE
"P62495","ETF1",-0.720182812769334,0.370791320761442,"R-HSA-9675108","Homo sapiens: Nervous system development",FALSE,"down",FALSE
"P25398","RPS12",-0.718089075931264,0.361916241379398,"R-HSA-9675108","Homo sapiens: Nervous system development",FALSE,"down",FALSE
"P62244","RPS15A",-0.702401553902217,0.408756465095092,"R-HSA-9675108","Homo sapiens: Nervous system development",FALSE,"down",FALSE
"P32969","RPL9",-0.682090017913076,0.40963258939972,"R-HSA-9675108","Homo sapiens: Nervous system development",FALSE,"down",FALSE
"P05386","RPLP1",-0.676845291229775,0.40963258939972,"R-HSA-9675108","Homo sapiens: Nervous system development",FALSE,"down",FALSE
"P62249","RPS16",-0.660632791930222,0.418959836193561,"R-HSA-9675108","Homo sapiens: Nervous system development",FALSE,"down",FALSE
"P43686","PSMC4",-0.658017352596492,0.438445646407203,"R-HSA-9675108","Homo sapiens: Nervous system development",FALSE,"down",FALSE
"P18124","RPL7",-0.644176087461226,0.436583326932769,"R-HSA-9675108","Homo sapiens: Nervous system development",FALSE,"down",FALSE
"P62753","RPS6",-0.631124724574207,0.448464175744655,"R-HSA-9675108","Homo sapiens: Nervous system development",FALSE,"down",FALSE
"P18077","RPL35A",-0.628341517294974,0.461213474234375,"R-HSA-9675108","Homo sapiens: Nervous system development",FALSE,"down",FALSE
"Q15008","PSMD6",-0.625603796811486,0.448537648394225,"R-HSA-9675108","Homo sapiens: Nervous system development",FALSE,"down",FALSE
"P62269","RPS18",-0.6244708339398,0.444369168821822,"R-HSA-9675108","Homo sapiens: Nervous system development",FALSE,"down",FALSE
"P08865","RPSA",-0.603030905471265,0.463197862647816,"R-HSA-9675108","Homo sapiens: Nervous system development",FALSE,"down",FALSE
"P39019","RPS19",-0.595078987595031,0.472280844380163,"R-HSA-9675108","Homo sapiens: Nervous system development",FALSE,"down",FALSE
"P61247","RPS3A",-0.584002928098489,0.497641802406889,"R-HSA-9675108","Homo sapiens: Nervous system development",FALSE,"down",FALSE
"P62277","RPS13",-0.58256703633981,0.46940886454993,"R-HSA-9675108","Homo sapiens: Nervous system development",FALSE,"down",FALSE
"Q07020","RPL18",-0.576145427504724,0.494951837528504,"R-HSA-9675108","Homo sapiens: Nervous system development",FALSE,"down",FALSE
"P23396","RPS3",-0.563453087686849,0.503189241280532,"R-HSA-9675108","Homo sapiens: Nervous system development",FALSE,"down",FALSE
"P62888","RPL30",-0.562811989018574,0.523291823201886,"R-HSA-9675108","Homo sapiens: Nervous system development",FALSE,"down",FALSE
"Q00535","CDK5",0.558432978278688,0.519791177713795,"R-HSA-9675108","Homo sapiens: Nervous system development",FALSE,"up",FALSE
"P46781","RPS9",-0.542668383901766,0.536762836143572,"R-HSA-9675108","Homo sapiens: Nervous system development",FALSE,"down",FALSE
"Q9UNM6","PSMD13",-0.531822496982215,0.529452771865827,"R-HSA-9675108","Homo sapiens: Nervous system development",FALSE,"down",FALSE
"P18621","RPL17",-0.531570027257157,0.532725011463949,"R-HSA-9675108","Homo sapiens: Nervous system development",FALSE,"down",FALSE
"P62266","RPS23",-0.530615701588182,0.549697752503586,"R-HSA-9675108","Homo sapiens: Nervous system development",FALSE,"down",FALSE
"Q02543","RPL18A",-0.527881862411775,0.562323057979755,"R-HSA-9675108","Homo sapiens: Nervous system development",FALSE,"down",FALSE
"Q02878","RPL6",-0.525425640668288,0.545914979917982,"R-HSA-9675108","Homo sapiens: Nervous system development",FALSE,"down",FALSE
"P30050","RPL12",-0.515391039729806,0.548343398731212,"R-HSA-9675108","Homo sapiens: Nervous system development",FALSE,"down",FALSE
"P62263","RPS14",-0.506726975098459,0.553690128162664,"R-HSA-9675108","Homo sapiens: Nervous system development",FALSE,"down",FALSE
"P05388","RPLP0",-0.495726524853769,0.564725741546301,"R-HSA-9675108","Homo sapiens: Nervous system development",FALSE,"down",FALSE
"P15880","RPS2",-0.488654813994522,0.585937075343565,"R-HSA-9675108","Homo sapiens: Nervous system development",FALSE,"down",FALSE
"P62913","RPL11",-0.488452193192995,0.589897966943207,"R-HSA-9675108","Homo sapiens: Nervous system development",FALSE,"down",FALSE
"P62910","RPL32",-0.46226919827194,0.629863691206271,"R-HSA-9675108","Homo sapiens: Nervous system development",FALSE,"down",FALSE
"P15170","GSPT1",-0.445215492270918,0.626048873732214,"R-HSA-9675108","Homo sapiens: Nervous system development",FALSE,"down",FALSE
"P62750","RPL23A",-0.395638326663907,0.664795963662896,"R-HSA-9675108","Homo sapiens: Nervous system development",FALSE,"down",FALSE
"P55268","LAMB2",7.94397288514485,1.17587344907209e-12,"R-HSA-3000171","Homo sapiens: Non-integrin membrane-ECM interactions",FALSE,"up",TRUE
"P18084","ITGB5",5.98968045315657,3.5517516870682e-10,"R-HSA-3000171","Homo sapiens: Non-integrin membrane-ECM interactions",FALSE,"up",TRUE
"P20908","COL5A1",5.27235704620434,2.80668720768905e-07,"R-HSA-3000171","Homo sapiens: Non-integrin membrane-ECM interactions",FALSE,"up",TRUE
"P05106","ITGB3",4.83281290250002,1.10062266000083e-08,"R-HSA-3000171","Homo sapiens: Non-integrin membrane-ECM interactions",FALSE,"up",TRUE
"P07996","THBS1",4.47664946858148,3.63747819894345e-08,"R-HSA-3000171","Homo sapiens: Non-integrin membrane-ECM interactions",FALSE,"up",TRUE
"P02751","FN1",3.53842274994988,3.83081769226345e-06,"R-HSA-3000171","Homo sapiens: Non-integrin membrane-ECM interactions",FALSE,"up",TRUE
"O00468","AGRN",3.42626529297742,4.53615964498716e-06,"R-HSA-3000171","Homo sapiens: Non-integrin membrane-ECM interactions",TRUE,"up",TRUE
"P05556","ITGB1",3.32073568701624,6.89548048269636e-06,"R-HSA-3000171","Homo sapiens: Non-integrin membrane-ECM interactions",FALSE,"up",TRUE
"O15230","LAMA5",3.25992473968899,1.22066504632128e-05,"R-HSA-3000171","Homo sapiens: Non-integrin membrane-ECM interactions",FALSE,"up",TRUE
"P46939","UTRN",3.20590401718244,2.80993712814469e-05,"R-HSA-3000171","Homo sapiens: Non-integrin membrane-ECM interactions",FALSE,"up",TRUE
"P17301","ITGA2",3.03416118463698,2.80993712814469e-05,"R-HSA-3000171","Homo sapiens: Non-integrin membrane-ECM interactions",FALSE,"up",TRUE
"P11047","LAMC1",2.94395767737148,4.96561251745198e-05,"R-HSA-3000171","Homo sapiens: Non-integrin membrane-ECM interactions",FALSE,"up",TRUE
"P98160","HSPG2",2.80571113228391,0.000170177766246557,"R-HSA-3000171","Homo sapiens: Non-integrin membrane-ECM interactions",FALSE,"up",TRUE
"P17252","PRKCA",2.76505740675276,0.000215266110237451,"R-HSA-3000171","Homo sapiens: Non-integrin membrane-ECM interactions",FALSE,"up",TRUE
"P07942","LAMB1",2.49653352297863,0.000513771493445868,"R-HSA-3000171","Homo sapiens: Non-integrin membrane-ECM interactions",FALSE,"up",TRUE
"P08572","COL4A2",1.94597148031989,0.0173853314504028,"R-HSA-3000171","Homo sapiens: Non-integrin membrane-ECM interactions",FALSE,"up",TRUE
"P23229","ITGA6",0.0533601460899291,0.965025616565901,"R-HSA-3000171","Homo sapiens: Non-integrin membrane-ECM interactions",FALSE,"up",FALSE
"P24821","TNC",-0.0471469002823817,0.968506499237854,"R-HSA-3000171","Homo sapiens: Non-integrin membrane-ECM interactions",FALSE,"down",FALSE
"P08571","CD14",-8.51812739704659,1.59190933615881e-11,"R-HSA-9833110","Homo sapiens: RSV-host interactions",FALSE,"down",TRUE
"O00468","AGRN",3.42626529297742,4.53615964498716e-06,"R-HSA-9833110","Homo sapiens: RSV-host interactions",TRUE,"up",TRUE
"P98160","HSPG2",2.80571113228391,0.000170177766246557,"R-HSA-9833110","Homo sapiens: RSV-host interactions",FALSE,"up",TRUE
"O60603","TLR2",-2.71531178105974,0.000148274952739259,"R-HSA-9833110","Homo sapiens: RSV-host interactions",FALSE,"down",TRUE
"P05161","ISG15",2.41455069561151,0.0024339160561778,"R-HSA-9833110","Homo sapiens: RSV-host interactions",FALSE,"up",TRUE
"P62979","RPS27A",-2.29030107893188,0.00100845325724085,"R-HSA-9833110","Homo sapiens: RSV-host interactions",FALSE,"down",TRUE
"P62877","RBX1",1.4167648550524,0.0562639605082138,"R-HSA-9833110","Homo sapiens: RSV-host interactions",FALSE,"up",FALSE
"P08571","CD14",-8.51812739704659,1.59190933615881e-11,"R-HSA-9820952","Homo sapiens: Respiratory Syncytial Virus Infection Pathway",FALSE,"down",TRUE
"O00468","AGRN",3.42626529297742,4.53615964498716e-06,"R-HSA-9820952","Homo sapiens: Respiratory Syncytial Virus Infection Pathway",TRUE,"up",TRUE
"P98160","HSPG2",2.80571113228391,0.000170177766246557,"R-HSA-9820952","Homo sapiens: Respiratory Syncytial Virus Infection Pathway",FALSE,"up",TRUE
"O60603","TLR2",-2.71531178105974,0.000148274952739259,"R-HSA-9820952","Homo sapiens: Respiratory Syncytial Virus Infection Pathway",FALSE,"down",TRUE
"P00533","EGFR",2.66096413050353,0.000182794723305273,"R-HSA-9820952","Homo sapiens: Respiratory Syncytial Virus Infection Pathway",FALSE,"up",TRUE
"P05161","ISG15",2.41455069561151,0.0024339160561778,"R-HSA-9820952","Homo sapiens: Respiratory Syncytial Virus Infection Pathway",FALSE,"up",TRUE
"P62979","RPS27A",-2.29030107893188,0.00100845325724085,"R-HSA-9820952","Homo sapiens: Respiratory Syncytial Virus Infection Pathway",FALSE,"down",TRUE
"P62140","PPP1CB",-1.78270432881297,0.0097550275909688,"R-HSA-9820952","Homo sapiens: Respiratory Syncytial Virus Infection Pathway",FALSE,"down",TRUE
"P08069","IGF1R",1.68096953654353,0.00933145529185226,"R-HSA-9820952","Homo sapiens: Respiratory Syncytial Virus Infection Pathway",FALSE,"up",TRUE
"P62877","RBX1",1.4167648550524,0.0562639605082138,"R-HSA-9820952","Homo sapiens: Respiratory Syncytial Virus Infection Pathway",FALSE,"up",FALSE
"O14980","XPO1",-0.812620026309663,0.322304769083472,"R-HSA-9820952","Homo sapiens: Respiratory Syncytial Virus Infection Pathway",FALSE,"down",FALSE
"P61020","RAB5B",-0.781738027809091,0.3098519421075,"R-HSA-9820952","Homo sapiens: Respiratory Syncytial Virus Infection Pathway",FALSE,"down",FALSE
"P08571","CD14",-8.51812739704659,1.59190933615881e-11,"R-HSA-9820960","Homo sapiens: Respiratory syncytial virus (RSV) attachment and entry",FALSE,"down",TRUE
"O00468","AGRN",3.42626529297742,4.53615964498716e-06,"R-HSA-9820960","Homo sapiens: Respiratory syncytial virus (RSV) attachment and entry",TRUE,"up",TRUE
"P98160","HSPG2",2.80571113228391,0.000170177766246557,"R-HSA-9820960","Homo sapiens: Respiratory syncytial virus (RSV) attachment and entry",FALSE,"up",TRUE
"P00533","EGFR",2.66096413050353,0.000182794723305273,"R-HSA-9820960","Homo sapiens: Respiratory syncytial virus (RSV) attachment and entry",FALSE,"up",TRUE
"P08069","IGF1R",1.68096953654353,0.00933145529185226,"R-HSA-9820960","Homo sapiens: Respiratory syncytial virus (RSV) attachment and entry",FALSE,"up",TRUE
"P61020","RAB5B",-0.781738027809091,0.3098519421075,"R-HSA-9820960","Homo sapiens: Respiratory syncytial virus (RSV) attachment and entry",FALSE,"down",FALSE
"O00468","AGRN",3.42626529297742,4.53615964498716e-06,"R-HSA-975634","Homo sapiens: Retinoid metabolism and transport",TRUE,"up",TRUE
"P98160","HSPG2",2.80571113228391,0.000170177766246557,"R-HSA-975634","Homo sapiens: Retinoid metabolism and transport",FALSE,"up",TRUE
"P02649","APOE",1.69091803195193,0.0594441953565241,"R-HSA-975634","Homo sapiens: Retinoid metabolism and transport",FALSE,"up",FALSE
"Q9UQN3","CHMP2B",-3.97827494796961,3.84356112336664e-06,"R-HSA-9679506","Homo sapiens: SARS-CoV Infections",FALSE,"down",TRUE
"P19838","NFKB1",-3.64063558250162,1.3314664856337e-05,"R-HSA-9679506","Homo sapiens: SARS-CoV Infections",FALSE,"down",TRUE
"O00468","AGRN",3.42626529297742,4.53615964498716e-06,"R-HSA-9679506","Homo sapiens: SARS-CoV Infections",TRUE,"up",TRUE
"P05556","ITGB1",3.32073568701624,6.89548048269636e-06,"R-HSA-9679506","Homo sapiens: SARS-CoV Infections",FALSE,"up",TRUE
"Q9ULZ3","PYCARD",-3.03994789097296,0.000522814073481828,"R-HSA-9679506","Homo sapiens: SARS-CoV Infections",FALSE,"down",TRUE
"P98160","HSPG2",2.80571113228391,0.000170177766246557,"R-HSA-9679506","Homo sapiens: SARS-CoV Infections",FALSE,"up",TRUE
"O60603","TLR2",-2.71531178105974,0.000148274952739259,"R-HSA-9679506","Homo sapiens: SARS-CoV Infections",FALSE,"down",TRUE
"P16333","NCK1",-2.57818713544951,0.000833284134249003,"R-HSA-9679506","Homo sapiens: SARS-CoV Infections",FALSE,"down",TRUE
"P05161","ISG15",2.41455069561151,0.0024339160561778,"R-HSA-9679506","Homo sapiens: SARS-CoV Infections",FALSE,"up",TRUE
"Q9BY43","CHMP4A",-2.3329616495399,0.00105360616111934,"R-HSA-9679506","Homo sapiens: SARS-CoV Infections",FALSE,"down",TRUE
"P62979","RPS27A",-2.29030107893188,0.00100845325724085,"R-HSA-9679506","Homo sapiens: SARS-CoV Infections",FALSE,"down",TRUE
"Q96CF2","CHMP4C",-2.27750945863844,0.00685071371926179,"R-HSA-9679506","Homo sapiens: SARS-CoV Infections",FALSE,"down",TRUE
"P29350","PTPN6",-2.23633058767584,0.00226102687417015,"R-HSA-9679506","Homo sapiens: SARS-CoV Infections",FALSE,"down",TRUE
"Q15399","TLR1",-2.21420055446183,0.00121914454976786,"R-HSA-9679506","Homo sapiens: SARS-CoV Infections",FALSE,"down",TRUE
"O43633","CHMP2A",-2.21393348963019,0.002279353622106,"R-HSA-9679506","Homo sapiens: SARS-CoV Infections",FALSE,"down",TRUE
"P61769","B2M",2.19970538228994,0.00114446515840788,"R-HSA-9679506","Homo sapiens: SARS-CoV Infections",FALSE,"up",TRUE
"Q3LXA3","TKFC",-2.19338338460864,0.00303879125472906,"R-HSA-9679506","Homo sapiens: SARS-CoV Infections",FALSE,"down",TRUE
"P52292","KPNA2",2.13123114815908,0.00225787929782386,"R-HSA-9679506","Homo sapiens: SARS-CoV Infections",FALSE,"up",TRUE
"Q9H444","CHMP4B",-2.0797334421696,0.00309867416462478,"R-HSA-9679506","Homo sapiens: SARS-CoV Infections",FALSE,"down",TRUE
"P42677","RPS27",-1.99854348669692,0.0833720313627374,"R-HSA-9679506","Homo sapiens: SARS-CoV Infections",FALSE,"down",FALSE
"Q96SB4","SRPK1",1.60723160038897,0.0255478793735618,"R-HSA-9679506","Homo sapiens: SARS-CoV Infections",FALSE,"up",TRUE
"Q9GZQ8","MAP1LC3B",1.58089700714896,0.0524486074646669,"R-HSA-9679506","Homo sapiens: SARS-CoV Infections",FALSE,"up",FALSE
"P62273","RPS29",-1.47257596184413,0.04689099361302,"R-HSA-9679506","Homo sapiens: SARS-CoV Infections",FALSE,"down",TRUE
"Q03135","CAV1",1.41948974730054,0.0432169357153363,"R-HSA-9679506","Homo sapiens: SARS-CoV Infections",FALSE,"up",TRUE
"P62877","RBX1",1.4167648550524,0.0562639605082138,"R-HSA-9679506","Homo sapiens: SARS-CoV Infections",FALSE,"up",FALSE
"P29466","CASP1",-1.29109916654396,0.122578631437956,"R-HSA-9679506","Homo sapiens: SARS-CoV Infections",FALSE,"down",FALSE
"P62081","RPS7",-1.28233469543915,0.100955516592478,"R-HSA-9679506","Homo sapiens: SARS-CoV Infections",FALSE,"down",FALSE
"P78406","RAE1",-1.26431198786588,0.0705291057813224,"R-HSA-9679506","Homo sapiens: SARS-CoV Infections",FALSE,"down",FALSE
"Q9Y3E7","CHMP3",-1.24537109380361,0.0856187820487766,"R-HSA-9679506","Homo sapiens: SARS-CoV Infections",FALSE,"down",FALSE
"P62841","RPS15",-1.16456327746028,0.188135498266396,"R-HSA-9679506","Homo sapiens: SARS-CoV Infections",FALSE,"down",FALSE
"P62851","RPS25",-1.15688186006583,0.117920416080853,"R-HSA-9679506","Homo sapiens: SARS-CoV Infections",FALSE,"down",FALSE
"P49792","RANBP2",-1.14330032748533,0.164139697005672,"R-HSA-9679506","Homo sapiens: SARS-CoV Infections",FALSE,"down",FALSE
"P62318","SNRPD3",-1.13484801527179,0.120509235176065,"R-HSA-9679506","Homo sapiens: SARS-CoV Infections",FALSE,"down",FALSE
"P62241","RPS8",-1.13385272339552,0.108410920864132,"R-HSA-9679506","Homo sapiens: SARS-CoV Infections",FALSE,"down",FALSE
"O14786","NRP1",1.11380901082516,0.226586003476277,"R-HSA-9679506","Homo sapiens: SARS-CoV Infections",FALSE,"up",FALSE
"Q96J02","ITCH",-1.03735180998344,0.181461901522296,"R-HSA-9679506","Homo sapiens: SARS-CoV Infections",FALSE,"down",FALSE
"P62993","GRB2",-0.8963579770301,0.227452987130314,"R-HSA-9679506","Homo sapiens: SARS-CoV Infections",FALSE,"down",FALSE
"P62316","SNRPD2",-0.867011766661275,0.268027495799953,"R-HSA-9679506","Homo sapiens: SARS-CoV Infections",FALSE,"down",FALSE
"P46782","RPS5",-0.862373387944093,0.265857685683251,"R-HSA-9679506","Homo sapiens: SARS-CoV Infections",FALSE,"down",FALSE
"P63104","YWHAZ",-0.845228539016531,0.266995133442499,"R-HSA-9679506","Homo sapiens: SARS-CoV Infections",FALSE,"down",FALSE
"P62701","RPS4X",-0.820303827624439,0.296201657905328,"R-HSA-9679506","Homo sapiens: SARS-CoV Infections",FALSE,"down",FALSE
"P08708","RPS17",-0.801014441149025,0.363540992446748,"R-HSA-9679506","Homo sapiens: SARS-CoV Infections",FALSE,"down",FALSE
"P62847","RPS24",-0.736034017402908,0.373116239598141,"R-HSA-9679506","Homo sapiens: SARS-CoV Infections",FALSE,"down",FALSE
"P62280","RPS11",-0.727156423322633,0.374918218629797,"R-HSA-9679506","Homo sapiens: SARS-CoV Infections",FALSE,"down",FALSE
"P25398","RPS12",-0.718089075931264,0.361916241379398,"R-HSA-9679506","Homo sapiens: SARS-CoV Infections",FALSE,"down",FALSE
"P62244","RPS15A",-0.702401553902217,0.408756465095092,"R-HSA-9679506","Homo sapiens: SARS-CoV Infections",FALSE,"down",FALSE
"P62249","RPS16",-0.660632791930222,0.418959836193561,"R-HSA-9679506","Homo sapiens: SARS-CoV Infections",FALSE,"down",FALSE
"P62753","RPS6",-0.631124724574207,0.448464175744655,"R-HSA-9679506","Homo sapiens: SARS-CoV Infections",FALSE,"down",FALSE
"P62269","RPS18",-0.6244708339398,0.444369168821822,"R-HSA-9679506","Homo sapiens: SARS-CoV Infections",FALSE,"down",FALSE
"P09651","HNRNPA1",-0.622549580605451,0.461577544820525,"R-HSA-9679506","Homo sapiens: SARS-CoV Infections",FALSE,"down",FALSE
"P14678","SNRPB",-0.620294035817604,0.435043577644286,"R-HSA-9679506","Homo sapiens: SARS-CoV Infections",FALSE,"down",FALSE
"P08865","RPSA",-0.603030905471265,0.463197862647816,"R-HSA-9679506","Homo sapiens: SARS-CoV Infections",FALSE,"down",FALSE
"P39019","RPS19",-0.595078987595031,0.472280844380163,"R-HSA-9679506","Homo sapiens: SARS-CoV Infections",FALSE,"down",FALSE
"P61247","RPS3A",-0.584002928098489,0.497641802406889,"R-HSA-9679506","Homo sapiens: SARS-CoV Infections",FALSE,"down",FALSE
"P62277","RPS13",-0.58256703633981,0.46940886454993,"R-HSA-9679506","Homo sapiens: SARS-CoV Infections",FALSE,"down",FALSE
"P23396","RPS3",-0.563453087686849,0.503189241280532,"R-HSA-9679506","Homo sapiens: SARS-CoV Infections",FALSE,"down",FALSE
"P46781","RPS9",-0.542668383901766,0.536762836143572,"R-HSA-9679506","Homo sapiens: SARS-CoV Infections",FALSE,"down",FALSE
"P62266","RPS23",-0.530615701588182,0.549697752503586,"R-HSA-9679506","Homo sapiens: SARS-CoV Infections",FALSE,"down",FALSE
"P62263","RPS14",-0.506726975098459,0.553690128162664,"R-HSA-9679506","Homo sapiens: SARS-CoV Infections",FALSE,"down",FALSE
"P15880","RPS2",-0.488654813994522,0.585937075343565,"R-HSA-9679506","Homo sapiens: SARS-CoV Infections",FALSE,"down",FALSE
"Q8WUX9","CHMP7",0.195394402005871,0.855448155189807,"R-HSA-9679506","Homo sapiens: SARS-CoV Infections",FALSE,"up",FALSE
"Q9UQN3","CHMP2B",-3.97827494796961,3.84356112336664e-06,"R-HSA-9694516","Homo sapiens: SARS-CoV-2 Infection",FALSE,"down",TRUE
"O00468","AGRN",3.42626529297742,4.53615964498716e-06,"R-HSA-9694516","Homo sapiens: SARS-CoV-2 Infection",TRUE,"up",TRUE
"P98160","HSPG2",2.80571113228391,0.000170177766246557,"R-HSA-9694516","Homo sapiens: SARS-CoV-2 Infection",FALSE,"up",TRUE
"O60603","TLR2",-2.71531178105974,0.000148274952739259,"R-HSA-9694516","Homo sapiens: SARS-CoV-2 Infection",FALSE,"down",TRUE
"P05161","ISG15",2.41455069561151,0.0024339160561778,"R-HSA-9694516","Homo sapiens: SARS-CoV-2 Infection",FALSE,"up",TRUE
"Q9BY43","CHMP4A",-2.3329616495399,0.00105360616111934,"R-HSA-9694516","Homo sapiens: SARS-CoV-2 Infection",FALSE,"down",TRUE
"P62979","RPS27A",-2.29030107893188,0.00100845325724085,"R-HSA-9694516","Homo sapiens: SARS-CoV-2 Infection",FALSE,"down",TRUE
"Q96CF2","CHMP4C",-2.27750945863844,0.00685071371926179,"R-HSA-9694516","Homo sapiens: SARS-CoV-2 Infection",FALSE,"down",TRUE
"P29350","PTPN6",-2.23633058767584,0.00226102687417015,"R-HSA-9694516","Homo sapiens: SARS-CoV-2 Infection",FALSE,"down",TRUE
"Q15399","TLR1",-2.21420055446183,0.00121914454976786,"R-HSA-9694516","Homo sapiens: SARS-CoV-2 Infection",FALSE,"down",TRUE
"O43633","CHMP2A",-2.21393348963019,0.002279353622106,"R-HSA-9694516","Homo sapiens: SARS-CoV-2 Infection",FALSE,"down",TRUE
"P61769","B2M",2.19970538228994,0.00114446515840788,"R-HSA-9694516","Homo sapiens: SARS-CoV-2 Infection",FALSE,"up",TRUE
"Q3LXA3","TKFC",-2.19338338460864,0.00303879125472906,"R-HSA-9694516","Homo sapiens: SARS-CoV-2 Infection",FALSE,"down",TRUE
"P52292","KPNA2",2.13123114815908,0.00225787929782386,"R-HSA-9694516","Homo sapiens: SARS-CoV-2 Infection",FALSE,"up",TRUE
"Q9H444","CHMP4B",-2.0797334421696,0.00309867416462478,"R-HSA-9694516","Homo sapiens: SARS-CoV-2 Infection",FALSE,"down",TRUE
"P42677","RPS27",-1.99854348669692,0.0833720313627374,"R-HSA-9694516","Homo sapiens: SARS-CoV-2 Infection",FALSE,"down",FALSE
"Q96SB4","SRPK1",1.60723160038897,0.0255478793735618,"R-HSA-9694516","Homo sapiens: SARS-CoV-2 Infection",FALSE,"up",TRUE
"Q9GZQ8","MAP1LC3B",1.58089700714896,0.0524486074646669,"R-HSA-9694516","Homo sapiens: SARS-CoV-2 Infection",FALSE,"up",FALSE
"P62273","RPS29",-1.47257596184413,0.04689099361302,"R-HSA-9694516","Homo sapiens: SARS-CoV-2 Infection",FALSE,"down",TRUE
"Q03135","CAV1",1.41948974730054,0.0432169357153363,"R-HSA-9694516","Homo sapiens: SARS-CoV-2 Infection",FALSE,"up",TRUE
"P62081","RPS7",-1.28233469543915,0.100955516592478,"R-HSA-9694516","Homo sapiens: SARS-CoV-2 Infection",FALSE,"down",FALSE
"P78406","RAE1",-1.26431198786588,0.0705291057813224,"R-HSA-9694516","Homo sapiens: SARS-CoV-2 Infection",FALSE,"down",FALSE
"Q9Y3E7","CHMP3",-1.24537109380361,0.0856187820487766,"R-HSA-9694516","Homo sapiens: SARS-CoV-2 Infection",FALSE,"down",FALSE
"P62841","RPS15",-1.16456327746028,0.188135498266396,"R-HSA-9694516","Homo sapiens: SARS-CoV-2 Infection",FALSE,"down",FALSE
"P62851","RPS25",-1.15688186006583,0.117920416080853,"R-HSA-9694516","Homo sapiens: SARS-CoV-2 Infection",FALSE,"down",FALSE
"P49792","RANBP2",-1.14330032748533,0.164139697005672,"R-HSA-9694516","Homo sapiens: SARS-CoV-2 Infection",FALSE,"down",FALSE
"P62318","SNRPD3",-1.13484801527179,0.120509235176065,"R-HSA-9694516","Homo sapiens: SARS-CoV-2 Infection",FALSE,"down",FALSE
"P62241","RPS8",-1.13385272339552,0.108410920864132,"R-HSA-9694516","Homo sapiens: SARS-CoV-2 Infection",FALSE,"down",FALSE
"O14786","NRP1",1.11380901082516,0.226586003476277,"R-HSA-9694516","Homo sapiens: SARS-CoV-2 Infection",FALSE,"up",FALSE
"P62316","SNRPD2",-0.867011766661275,0.268027495799953,"R-HSA-9694516","Homo sapiens: SARS-CoV-2 Infection",FALSE,"down",FALSE
"P46782","RPS5",-0.862373387944093,0.265857685683251,"R-HSA-9694516","Homo sapiens: SARS-CoV-2 Infection",FALSE,"down",FALSE
"P63104","YWHAZ",-0.845228539016531,0.266995133442499,"R-HSA-9694516","Homo sapiens: SARS-CoV-2 Infection",FALSE,"down",FALSE
"P62701","RPS4X",-0.820303827624439,0.296201657905328,"R-HSA-9694516","Homo sapiens: SARS-CoV-2 Infection",FALSE,"down",FALSE
"P08708","RPS17",-0.801014441149025,0.363540992446748,"R-HSA-9694516","Homo sapiens: SARS-CoV-2 Infection",FALSE,"down",FALSE
"P62847","RPS24",-0.736034017402908,0.373116239598141,"R-HSA-9694516","Homo sapiens: SARS-CoV-2 Infection",FALSE,"down",FALSE
"P62280","RPS11",-0.727156423322633,0.374918218629797,"R-HSA-9694516","Homo sapiens: SARS-CoV-2 Infection",FALSE,"down",FALSE
"P25398","RPS12",-0.718089075931264,0.361916241379398,"R-HSA-9694516","Homo sapiens: SARS-CoV-2 Infection",FALSE,"down",FALSE
"P62244","RPS15A",-0.702401553902217,0.408756465095092,"R-HSA-9694516","Homo sapiens: SARS-CoV-2 Infection",FALSE,"down",FALSE
"P62249","RPS16",-0.660632791930222,0.418959836193561,"R-HSA-9694516","Homo sapiens: SARS-CoV-2 Infection",FALSE,"down",FALSE
"P62753","RPS6",-0.631124724574207,0.448464175744655,"R-HSA-9694516","Homo sapiens: SARS-CoV-2 Infection",FALSE,"down",FALSE
"P62269","RPS18",-0.6244708339398,0.444369168821822,"R-HSA-9694516","Homo sapiens: SARS-CoV-2 Infection",FALSE,"down",FALSE
"P14678","SNRPB",-0.620294035817604,0.435043577644286,"R-HSA-9694516","Homo sapiens: SARS-CoV-2 Infection",FALSE,"down",FALSE
"P08865","RPSA",-0.603030905471265,0.463197862647816,"R-HSA-9694516","Homo sapiens: SARS-CoV-2 Infection",FALSE,"down",FALSE
"P39019","RPS19",-0.595078987595031,0.472280844380163,"R-HSA-9694516","Homo sapiens: SARS-CoV-2 Infection",FALSE,"down",FALSE
"P61247","RPS3A",-0.584002928098489,0.497641802406889,"R-HSA-9694516","Homo sapiens: SARS-CoV-2 Infection",FALSE,"down",FALSE
"P62277","RPS13",-0.58256703633981,0.46940886454993,"R-HSA-9694516","Homo sapiens: SARS-CoV-2 Infection",FALSE,"down",FALSE
"P23396","RPS3",-0.563453087686849,0.503189241280532,"R-HSA-9694516","Homo sapiens: SARS-CoV-2 Infection",FALSE,"down",FALSE
"P46781","RPS9",-0.542668383901766,0.536762836143572,"R-HSA-9694516","Homo sapiens: SARS-CoV-2 Infection",FALSE,"down",FALSE
"P62266","RPS23",-0.530615701588182,0.549697752503586,"R-HSA-9694516","Homo sapiens: SARS-CoV-2 Infection",FALSE,"down",FALSE
"P62263","RPS14",-0.506726975098459,0.553690128162664,"R-HSA-9694516","Homo sapiens: SARS-CoV-2 Infection",FALSE,"down",FALSE
"P15880","RPS2",-0.488654813994522,0.585937075343565,"R-HSA-9694516","Homo sapiens: SARS-CoV-2 Infection",FALSE,"down",FALSE
"Q8WUX9","CHMP7",0.195394402005871,0.855448155189807,"R-HSA-9694516","Homo sapiens: SARS-CoV-2 Infection",FALSE,"up",FALSE
"O00468","AGRN",3.42626529297742,4.53615964498716e-06,"R-HSA-9709957","Homo sapiens: Sensory Perception",TRUE,"up",TRUE
"P98160","HSPG2",2.80571113228391,0.000170177766246557,"R-HSA-9709957","Homo sapiens: Sensory Perception",FALSE,"up",TRUE
"P17252","PRKCA",2.76505740675276,0.000215266110237451,"R-HSA-9709957","Homo sapiens: Sensory Perception",FALSE,"up",TRUE
"O60266","ADCY3",-2.52422124603242,0.000718482747190797,"R-HSA-9709957","Homo sapiens: Sensory Perception",FALSE,"down",TRUE
"Q14573","ITPR3",2.10658539105804,0.0293400887502494,"R-HSA-9709957","Homo sapiens: Sensory Perception",FALSE,"up",TRUE
"P02649","APOE",1.69091803195193,0.0594441953565241,"R-HSA-9709957","Homo sapiens: Sensory Perception",FALSE,"up",FALSE
"P0DP25","CALM1",-0.85210162542964,0.25813719520184,"R-HSA-9709957","Homo sapiens: Sensory Perception",FALSE,"down",FALSE
"P52907","CAPZA1",-0.777433441763499,0.310294047235193,"R-HSA-9709957","Homo sapiens: Sensory Perception",FALSE,"down",FALSE
"P08571","CD14",-8.51812739704659,1.59190933615881e-11,"R-HSA-9824446","Homo sapiens: Viral Infection Pathways",FALSE,"down",TRUE
"Q93079","H2BC9",6.83737301224086,4.2833732227517e-11,"R-HSA-9824446","Homo sapiens: Viral Infection Pathways",FALSE,"up",TRUE
"O75351","VPS4B",-4.55464794408816,7.47636810379456e-07,"R-HSA-9824446","Homo sapiens: Viral Infection Pathways",FALSE,"down",TRUE
"Q6FI13","H2AC18",4.44700067810138,6.17340315600031e-07,"R-HSA-9824446","Homo sapiens: Viral Infection Pathways",FALSE,"up",TRUE
"Q93077","H2AC6",4.00731345285644,1.09951099349611e-06,"R-HSA-9824446","Homo sapiens: Viral Infection Pathways",FALSE,"up",TRUE
"Q9UQN3","CHMP2B",-3.97827494796961,3.84356112336664e-06,"R-HSA-9824446","Homo sapiens: Viral Infection Pathways",FALSE,"down",TRUE
"Q96H20","SNF8",-3.86877087677223,9.38242950253371e-07,"R-HSA-9824446","Homo sapiens: Viral Infection Pathways",FALSE,"down",TRUE
"P19838","NFKB1",-3.64063558250162,1.3314664856337e-05,"R-HSA-9824446","Homo sapiens: Viral Infection Pathways",FALSE,"down",TRUE
"P62805","H4C9",3.55592798697397,5.47234143321341e-06,"R-HSA-9824446","Homo sapiens: Viral Infection Pathways",FALSE,"up",TRUE
"P08670","VIM",3.52227024110501,2.44452623269935e-06,"R-HSA-9824446","Homo sapiens: Viral Infection Pathways",FALSE,"up",TRUE
"P33778","H2BC3",3.4841504591376,1.3362840575995e-05,"R-HSA-9824446","Homo sapiens: Viral Infection Pathways",FALSE,"up",TRUE
"P23193","TCEA1",-3.44792933347734,0.0143822682647563,"R-HSA-9824446","Homo sapiens: Viral Infection Pathways",FALSE,"down",TRUE
"O00468","AGRN",3.42626529297742,4.53615964498716e-06,"R-HSA-9824446","Homo sapiens: Viral Infection Pathways",TRUE,"up",TRUE
"Q9UI12","ATP6V1H",-3.3386905545247,1.2573904408446e-05,"R-HSA-9824446","Homo sapiens: Viral Infection Pathways",FALSE,"down",TRUE
"O95816","BAG2",3.3210349116724,5.0325550701303e-06,"R-HSA-9824446","Homo sapiens: Viral Infection Pathways",FALSE,"up",TRUE
"P05556","ITGB1",3.32073568701624,6.89548048269636e-06,"R-HSA-9824446","Homo sapiens: Viral Infection Pathways",FALSE,"up",TRUE
"Q9BRG1","VPS25",-3.1666077120843,2.95549422125987e-05,"R-HSA-9824446","Homo sapiens: Viral Infection Pathways",FALSE,"down",TRUE
"Q9H9H4","VPS37B",-3.05893299320643,4.98436354001869e-05,"R-HSA-9824446","Homo sapiens: Viral Infection Pathways",FALSE,"down",TRUE
"Q9ULZ3","PYCARD",-3.03994789097296,0.000522814073481828,"R-HSA-9824446","Homo sapiens: Viral Infection Pathways",FALSE,"down",TRUE
"P38159","RBMX",-3.01016058899001,0.000928506382845237,"R-HSA-9824446","Homo sapiens: Viral Infection Pathways",FALSE,"down",TRUE
"Q86VN1","VPS36",-3.00883956549698,6.36388972124466e-05,"R-HSA-9824446","Homo sapiens: Viral Infection Pathways",FALSE,"down",TRUE
"Q8N684","CPSF7",-2.99697246921435,0.00667944462818959,"R-HSA-9824446","Homo sapiens: Viral Infection Pathways",FALSE,"down",TRUE
"Q71DI3","H3C14",2.83493449762814,0.00207374001370559,"R-HSA-9824446","Homo sapiens: Viral Infection Pathways",FALSE,"up",TRUE
"P98160","HSPG2",2.80571113228391,0.000170177766246557,"R-HSA-9824446","Homo sapiens: Viral Infection Pathways",FALSE,"up",TRUE
"Q9UK41","VPS28",-2.75402421812236,0.00014194438460424,"R-HSA-9824446","Homo sapiens: Viral Infection Pathways",FALSE,"down",TRUE
"O60603","TLR2",-2.71531178105974,0.000148274952739259,"R-HSA-9824446","Homo sapiens: Viral Infection Pathways",FALSE,"down",TRUE
"P00533","EGFR",2.66096413050353,0.000182794723305273,"R-HSA-9824446","Homo sapiens: Viral Infection Pathways",FALSE,"up",TRUE
"P10909","CLU",-2.64477059069828,0.00013945096795715,"R-HSA-9824446","Homo sapiens: Viral Infection Pathways",FALSE,"down",TRUE
"Q99816","TSG101",-2.60307027942783,0.000397329076576312,"R-HSA-9824446","Homo sapiens: Viral Infection Pathways",FALSE,"down",TRUE
"Q9UN37","VPS4A",-2.59895209831632,0.000423420031565628,"R-HSA-9824446","Homo sapiens: Viral Infection Pathways",FALSE,"down",TRUE
"Q96EY5","MVB12A",-2.58071761017467,0.000314266306689127,"R-HSA-9824446","Homo sapiens: Viral Infection Pathways",FALSE,"down",TRUE
"P16333","NCK1",-2.57818713544951,0.000833284134249003,"R-HSA-9824446","Homo sapiens: Viral Infection Pathways",FALSE,"down",TRUE
"P51991","HNRNPA3",-2.50050732802652,0.00246161536400457,"R-HSA-9824446","Homo sapiens: Viral Infection Pathways",FALSE,"down",TRUE
"Q9NZZ3","CHMP5",-2.46781577107329,0.000737683766460528,"R-HSA-9824446","Homo sapiens: Viral Infection Pathways",FALSE,"down",TRUE
"O75531","BANF1",2.4621098003269,0.00065637348274959,"R-HSA-9824446","Homo sapiens: Viral Infection Pathways",FALSE,"up",TRUE
"P05161","ISG15",2.41455069561151,0.0024339160561778,"R-HSA-9824446","Homo sapiens: Viral Infection Pathways",FALSE,"up",TRUE
"Q9BY43","CHMP4A",-2.3329616495399,0.00105360616111934,"R-HSA-9824446","Homo sapiens: Viral Infection Pathways",FALSE,"down",TRUE
"P62979","RPS27A",-2.29030107893188,0.00100845325724085,"R-HSA-9824446","Homo sapiens: Viral Infection Pathways",FALSE,"down",TRUE
"Q96CF2","CHMP4C",-2.27750945863844,0.00685071371926179,"R-HSA-9824446","Homo sapiens: Viral Infection Pathways",FALSE,"down",TRUE
"Q9NP79","VTA1",-2.26913384289829,0.00126103091906756,"R-HSA-9824446","Homo sapiens: Viral Infection Pathways",FALSE,"down",TRUE
"P14866","HNRNPL",-2.24353778582872,0.00312419171433303,"R-HSA-9824446","Homo sapiens: Viral Infection Pathways",FALSE,"down",TRUE
"P52272","HNRNPM",-2.24070389252966,0.00265361498724356,"R-HSA-9824446","Homo sapiens: Viral Infection Pathways",FALSE,"down",TRUE
"P29350","PTPN6",-2.23633058767584,0.00226102687417015,"R-HSA-9824446","Homo sapiens: Viral Infection Pathways",FALSE,"down",TRUE
"P63173","RPL38",-2.21452820216015,0.002279353622106,"R-HSA-9824446","Homo sapiens: Viral Infection Pathways",FALSE,"down",TRUE
"Q15399","TLR1",-2.21420055446183,0.00121914454976786,"R-HSA-9824446","Homo sapiens: Viral Infection Pathways",FALSE,"down",TRUE
"O43633","CHMP2A",-2.21393348963019,0.002279353622106,"R-HSA-9824446","Homo sapiens: Viral Infection Pathways",FALSE,"down",TRUE
"P61769","B2M",2.19970538228994,0.00114446515840788,"R-HSA-9824446","Homo sapiens: Viral Infection Pathways",FALSE,"up",TRUE
"Q3LXA3","TKFC",-2.19338338460864,0.00303879125472906,"R-HSA-9824446","Homo sapiens: Viral Infection Pathways",FALSE,"down",TRUE
"O43143","DHX15",-2.16138724665285,0.0112461543196032,"R-HSA-9824446","Homo sapiens: Viral Infection Pathways",FALSE,"down",TRUE
"A5D8V6","VPS37C",-2.15951538719385,0.00716940774480116,"R-HSA-9824446","Homo sapiens: Viral Infection Pathways",FALSE,"down",TRUE
"P52292","KPNA2",2.13123114815908,0.00225787929782386,"R-HSA-9824446","Homo sapiens: Viral Infection Pathways",FALSE,"up",TRUE
"P07948","LYN",-2.104625040218,0.00262918923021719,"R-HSA-9824446","Homo sapiens: Viral Infection Pathways",FALSE,"down",TRUE
"Q9H444","CHMP4B",-2.0797334421696,0.00309867416462478,"R-HSA-9824446","Homo sapiens: Viral Infection Pathways",FALSE,"down",TRUE
"P68366","TUBA4A",-2.03770198252481,0.00387491451998847,"R-HSA-9824446","Homo sapiens: Viral Infection Pathways",FALSE,"down",TRUE
"Q9Y3U8","RPL36",-2.02300101356212,0.030074512893442,"R-HSA-9824446","Homo sapiens: Viral Infection Pathways",FALSE,"down",TRUE
"P42677","RPS27",-1.99854348669692,0.0833720313627374,"R-HSA-9824446","Homo sapiens: Viral Infection Pathways",FALSE,"down",FALSE
"P17096","HMGA1",1.96014976609557,0.00654297425001033,"R-HSA-9824446","Homo sapiens: Viral Infection Pathways",FALSE,"up",TRUE
"P55795","HNRNPH2",-1.86631164881733,0.0169126689616686,"R-HSA-9824446","Homo sapiens: Viral Infection Pathways",FALSE,"down",TRUE
"P62140","PPP1CB",-1.78270432881297,0.0097550275909688,"R-HSA-9824446","Homo sapiens: Viral Infection Pathways",FALSE,"down",TRUE
"Q00839","HNRNPU",-1.75991278739995,0.019014257287747,"R-HSA-9824446","Homo sapiens: Viral Infection Pathways",FALSE,"down",TRUE
"O43390","HNRNPR",-1.69239118068467,0.0248045102724451,"R-HSA-9824446","Homo sapiens: Viral Infection Pathways",FALSE,"down",TRUE
"P08069","IGF1R",1.68096953654353,0.00933145529185226,"R-HSA-9824446","Homo sapiens: Viral Infection Pathways",FALSE,"up",TRUE
"Q96SB4","SRPK1",1.60723160038897,0.0255478793735618,"R-HSA-9824446","Homo sapiens: Viral Infection Pathways",FALSE,"up",TRUE
"Q9GZQ8","MAP1LC3B",1.58089700714896,0.0524486074646669,"R-HSA-9824446","Homo sapiens: Viral Infection Pathways",FALSE,"up",FALSE
"Q8NEZ2","VPS37A",-1.57284956861383,0.034454213056497,"R-HSA-9824446","Homo sapiens: Viral Infection Pathways",FALSE,"down",TRUE
"Q14103","HNRNPD",-1.5453642421252,0.033013111739004,"R-HSA-9824446","Homo sapiens: Viral Infection Pathways",FALSE,"down",TRUE
"P07910","HNRNPC",-1.52417677740465,0.0370104473750737,"R-HSA-9824446","Homo sapiens: Viral Infection Pathways",FALSE,"down",TRUE
"Q6R327","RICTOR",1.50612880223757,0.0396457424942583,"R-HSA-9824446","Homo sapiens: Viral Infection Pathways",FALSE,"up",TRUE
"P35637","FUS",1.48747542151044,0.0483009014950721,"R-HSA-9824446","Homo sapiens: Viral Infection Pathways",FALSE,"up",TRUE
"P32455","GBP1",1.48543413317763,0.0405121156214416,"R-HSA-9824446","Homo sapiens: Viral Infection Pathways",FALSE,"up",TRUE
"P62273","RPS29",-1.47257596184413,0.04689099361302,"R-HSA-9824446","Homo sapiens: Viral Infection Pathways",FALSE,"down",TRUE
"P26368","U2AF2",-1.41971705864357,0.0680680317015773,"R-HSA-9824446","Homo sapiens: Viral Infection Pathways",FALSE,"down",FALSE
"Q03135","CAV1",1.41948974730054,0.0432169357153363,"R-HSA-9824446","Homo sapiens: Viral Infection Pathways",FALSE,"up",TRUE
"P62877","RBX1",1.4167648550524,0.0562639605082138,"R-HSA-9824446","Homo sapiens: Viral Infection Pathways",FALSE,"up",FALSE
"Q16186","ADRM1",-1.32635576085538,0.10205667745841,"R-HSA-9824446","Homo sapiens: Viral Infection Pathways",FALSE,"down",FALSE
"P0DMV8","HSPA1A",-1.29824341744182,0.072070323906567,"R-HSA-9824446","Homo sapiens: Viral Infection Pathways",FALSE,"down",FALSE
"P29466","CASP1",-1.29109916654396,0.122578631437956,"R-HSA-9824446","Homo sapiens: Viral Infection Pathways",FALSE,"down",FALSE
"P62081","RPS7",-1.28233469543915,0.100955516592478,"R-HSA-9824446","Homo sapiens: Viral Infection Pathways",FALSE,"down",FALSE
"P78406","RAE1",-1.26431198786588,0.0705291057813224,"R-HSA-9824446","Homo sapiens: Viral Infection Pathways",FALSE,"down",FALSE
"Q9Y3E7","CHMP3",-1.24537109380361,0.0856187820487766,"R-HSA-9824446","Homo sapiens: Viral Infection Pathways",FALSE,"down",FALSE
"O95352","ATG7",-1.19107920576491,0.117920416080853,"R-HSA-9824446","Homo sapiens: Viral Infection Pathways",FALSE,"down",FALSE
"P62841","RPS15",-1.16456327746028,0.188135498266396,"R-HSA-9824446","Homo sapiens: Viral Infection Pathways",FALSE,"down",FALSE
"P62851","RPS25",-1.15688186006583,0.117920416080853,"R-HSA-9824446","Homo sapiens: Viral Infection Pathways",FALSE,"down",FALSE
"P49792","RANBP2",-1.14330032748533,0.164139697005672,"R-HSA-9824446","Homo sapiens: Viral Infection Pathways",FALSE,"down",FALSE
"P62318","SNRPD3",-1.13484801527179,0.120509235176065,"R-HSA-9824446","Homo sapiens: Viral Infection Pathways",FALSE,"down",FALSE
"P62241","RPS8",-1.13385272339552,0.108410920864132,"R-HSA-9824446","Homo sapiens: Viral Infection Pathways",FALSE,"down",FALSE
"P52597","HNRNPF",-1.13331129157481,0.127818748968127,"R-HSA-9824446","Homo sapiens: Viral Infection Pathways",FALSE,"down",FALSE
"O14786","NRP1",1.11380901082516,0.226586003476277,"R-HSA-9824446","Homo sapiens: Viral Infection Pathways",FALSE,"up",FALSE
"Q13509","TUBB3",-1.08444239637109,0.170676461792344,"R-HSA-9824446","Homo sapiens: Viral Infection Pathways",FALSE,"down",FALSE
"Q07955","SRSF1",-1.06483734248762,0.198594939532225,"R-HSA-9824446","Homo sapiens: Viral Infection Pathways",FALSE,"down",FALSE
"Q96J02","ITCH",-1.03735180998344,0.181461901522296,"R-HSA-9824446","Homo sapiens: Viral Infection Pathways",FALSE,"down",FALSE
"Q9BUF5","TUBB6",-1.02490458794195,0.198288260213891,"R-HSA-9824446","Homo sapiens: Viral Infection Pathways",FALSE,"down",FALSE
"P38919","EIF4A3",-0.993294899322244,0.188825240089178,"R-HSA-9824446","Homo sapiens: Viral Infection Pathways",FALSE,"down",FALSE
"Q08211","DHX9",-0.971858032144116,0.226553013521455,"R-HSA-9824446","Homo sapiens: Viral Infection Pathways",FALSE,"down",FALSE
"P35268","RPL22",-0.95840307164023,0.191894626889333,"R-HSA-9824446","Homo sapiens: Viral Infection Pathways",FALSE,"down",FALSE
"Q86U42","PABPN1",-0.924191492711124,0.319339158739083,"R-HSA-9824446","Homo sapiens: Viral Infection Pathways",FALSE,"down",FALSE
"P46777","RPL5",-0.923438551255394,0.223594908701215,"R-HSA-9824446","Homo sapiens: Viral Infection Pathways",FALSE,"down",FALSE
"P35222","CTNNB1",-0.918167206420808,0.217332074067202,"R-HSA-9824446","Homo sapiens: Viral Infection Pathways",FALSE,"down",FALSE
"P06730","EIF4E",-0.905923641879969,0.297259157898636,"R-HSA-9824446","Homo sapiens: Viral Infection Pathways",FALSE,"down",FALSE
"P46776","RPL27A",-0.902736789357206,0.224268997670808,"R-HSA-9824446","Homo sapiens: Viral Infection Pathways",FALSE,"down",FALSE
"P62993","GRB2",-0.8963579770301,0.227452987130314,"R-HSA-9824446","Homo sapiens: Viral Infection Pathways",FALSE,"down",FALSE
"P22626","HNRNPA2B1",-0.87512207229096,0.25813719520184,"R-HSA-9824446","Homo sapiens: Viral Infection Pathways",FALSE,"down",FALSE
"P27635","RPL10",-0.87297291197418,0.317631452038847,"R-HSA-9824446","Homo sapiens: Viral Infection Pathways",FALSE,"down",FALSE
"P62424","RPL7A",-0.867269927022196,0.272451384712088,"R-HSA-9824446","Homo sapiens: Viral Infection Pathways",FALSE,"down",FALSE
"P62316","SNRPD2",-0.867011766661275,0.268027495799953,"R-HSA-9824446","Homo sapiens: Viral Infection Pathways",FALSE,"down",FALSE
"P46782","RPS5",-0.862373387944093,0.265857685683251,"R-HSA-9824446","Homo sapiens: Viral Infection Pathways",FALSE,"down",FALSE
"P63104","YWHAZ",-0.845228539016531,0.266995133442499,"R-HSA-9824446","Homo sapiens: Viral Infection Pathways",FALSE,"down",FALSE
"P61978","HNRNPK",-0.841844584567109,0.396192089929649,"R-HSA-9824446","Homo sapiens: Viral Infection Pathways",FALSE,"down",FALSE
"P52434","POLR2H",-0.839799849896004,0.317631452038847,"R-HSA-9824446","Homo sapiens: Viral Infection Pathways",FALSE,"down",FALSE
"P62906","RPL10A",-0.820572453560381,0.295395911400926,"R-HSA-9824446","Homo sapiens: Viral Infection Pathways",FALSE,"down",FALSE
"P62701","RPS4X",-0.820303827624439,0.296201657905328,"R-HSA-9824446","Homo sapiens: Viral Infection Pathways",FALSE,"down",FALSE
"O14980","XPO1",-0.812620026309663,0.322304769083472,"R-HSA-9824446","Homo sapiens: Viral Infection Pathways",FALSE,"down",FALSE
"P08708","RPS17",-0.801014441149025,0.363540992446748,"R-HSA-9824446","Homo sapiens: Viral Infection Pathways",FALSE,"down",FALSE
"P36578","RPL4",-0.795859124000025,0.337507442100344,"R-HSA-9824446","Homo sapiens: Viral Infection Pathways",FALSE,"down",FALSE
"P61313","RPL15",-0.793777862302104,0.32897478409442,"R-HSA-9824446","Homo sapiens: Viral Infection Pathways",FALSE,"down",FALSE
"P61020","RAB5B",-0.781738027809091,0.3098519421075,"R-HSA-9824446","Homo sapiens: Viral Infection Pathways",FALSE,"down",FALSE
"P39023","RPL3",-0.775917597140083,0.322304769083472,"R-HSA-9824446","Homo sapiens: Viral Infection Pathways",FALSE,"down",FALSE
"P61353","RPL27",-0.767570424473178,0.334831069667985,"R-HSA-9824446","Homo sapiens: Viral Infection Pathways",FALSE,"down",FALSE
"P61513","RPL37A",-0.748588742799484,0.362889353107955,"R-HSA-9824446","Homo sapiens: Viral Infection Pathways",FALSE,"down",FALSE
"P62847","RPS24",-0.736034017402908,0.373116239598141,"R-HSA-9824446","Homo sapiens: Viral Infection Pathways",FALSE,"down",FALSE
"P62280","RPS11",-0.727156423322633,0.374918218629797,"R-HSA-9824446","Homo sapiens: Viral Infection Pathways",FALSE,"down",FALSE
"P25398","RPS12",-0.718089075931264,0.361916241379398,"R-HSA-9824446","Homo sapiens: Viral Infection Pathways",FALSE,"down",FALSE
"Q15393","SF3B3",-0.708175081849603,0.380790590387804,"R-HSA-9824446","Homo sapiens: Viral Infection Pathways",FALSE,"down",FALSE
"P62244","RPS15A",-0.702401553902217,0.408756465095092,"R-HSA-9824446","Homo sapiens: Viral Infection Pathways",FALSE,"down",FALSE
"P32969","RPL9",-0.682090017913076,0.40963258939972,"R-HSA-9824446","Homo sapiens: Viral Infection Pathways",FALSE,"down",FALSE
"P05386","RPLP1",-0.676845291229775,0.40963258939972,"R-HSA-9824446","Homo sapiens: Viral Infection Pathways",FALSE,"down",FALSE
"P62249","RPS16",-0.660632791930222,0.418959836193561,"R-HSA-9824446","Homo sapiens: Viral Infection Pathways",FALSE,"down",FALSE
"P43686","PSMC4",-0.658017352596492,0.438445646407203,"R-HSA-9824446","Homo sapiens: Viral Infection Pathways",FALSE,"down",FALSE
"P31943","HNRNPH1",-0.646465195749919,0.444861781661114,"R-HSA-9824446","Homo sapiens: Viral Infection Pathways",FALSE,"down",FALSE
"P18124","RPL7",-0.644176087461226,0.436583326932769,"R-HSA-9824446","Homo sapiens: Viral Infection Pathways",FALSE,"down",FALSE
"P62753","RPS6",-0.631124724574207,0.448464175744655,"R-HSA-9824446","Homo sapiens: Viral Infection Pathways",FALSE,"down",FALSE
"P18077","RPL35A",-0.628341517294974,0.461213474234375,"R-HSA-9824446","Homo sapiens: Viral Infection Pathways",FALSE,"down",FALSE
"Q15008","PSMD6",-0.625603796811486,0.448537648394225,"R-HSA-9824446","Homo sapiens: Viral Infection Pathways",FALSE,"down",FALSE
"P62269","RPS18",-0.6244708339398,0.444369168821822,"R-HSA-9824446","Homo sapiens: Viral Infection Pathways",FALSE,"down",FALSE
"P09651","HNRNPA1",-0.622549580605451,0.461577544820525,"R-HSA-9824446","Homo sapiens: Viral Infection Pathways",FALSE,"down",FALSE
"P14678","SNRPB",-0.620294035817604,0.435043577644286,"R-HSA-9824446","Homo sapiens: Viral Infection Pathways",FALSE,"down",FALSE
"P08865","RPSA",-0.603030905471265,0.463197862647816,"R-HSA-9824446","Homo sapiens: Viral Infection Pathways",FALSE,"down",FALSE
"P39019","RPS19",-0.595078987595031,0.472280844380163,"R-HSA-9824446","Homo sapiens: Viral Infection Pathways",FALSE,"down",FALSE
"P61247","RPS3A",-0.584002928098489,0.497641802406889,"R-HSA-9824446","Homo sapiens: Viral Infection Pathways",FALSE,"down",FALSE
"P62277","RPS13",-0.58256703633981,0.46940886454993,"R-HSA-9824446","Homo sapiens: Viral Infection Pathways",FALSE,"down",FALSE
"Q07020","RPL18",-0.576145427504724,0.494951837528504,"R-HSA-9824446","Homo sapiens: Viral Infection Pathways",FALSE,"down",FALSE
"P00734","F2",-0.56462123847848,0.533799521315587,"R-HSA-9824446","Homo sapiens: Viral Infection Pathways",FALSE,"down",FALSE
"P23396","RPS3",-0.563453087686849,0.503189241280532,"R-HSA-9824446","Homo sapiens: Viral Infection Pathways",FALSE,"down",FALSE
"P62888","RPL30",-0.562811989018574,0.523291823201886,"R-HSA-9824446","Homo sapiens: Viral Infection Pathways",FALSE,"down",FALSE
"P46781","RPS9",-0.542668383901766,0.536762836143572,"R-HSA-9824446","Homo sapiens: Viral Infection Pathways",FALSE,"down",FALSE
"Q9UNM6","PSMD13",-0.531822496982215,0.529452771865827,"R-HSA-9824446","Homo sapiens: Viral Infection Pathways",FALSE,"down",FALSE
"P18621","RPL17",-0.531570027257157,0.532725011463949,"R-HSA-9824446","Homo sapiens: Viral Infection Pathways",FALSE,"down",FALSE
"P62266","RPS23",-0.530615701588182,0.549697752503586,"R-HSA-9824446","Homo sapiens: Viral Infection Pathways",FALSE,"down",FALSE
"Q02543","RPL18A",-0.527881862411775,0.562323057979755,"R-HSA-9824446","Homo sapiens: Viral Infection Pathways",FALSE,"down",FALSE
"Q02878","RPL6",-0.525425640668288,0.545914979917982,"R-HSA-9824446","Homo sapiens: Viral Infection Pathways",FALSE,"down",FALSE
"P30050","RPL12",-0.515391039729806,0.548343398731212,"R-HSA-9824446","Homo sapiens: Viral Infection Pathways",FALSE,"down",FALSE
"P62263","RPS14",-0.506726975098459,0.553690128162664,"R-HSA-9824446","Homo sapiens: Viral Infection Pathways",FALSE,"down",FALSE
"P05388","RPLP0",-0.495726524853769,0.564725741546301,"R-HSA-9824446","Homo sapiens: Viral Infection Pathways",FALSE,"down",FALSE
"P15880","RPS2",-0.488654813994522,0.585937075343565,"R-HSA-9824446","Homo sapiens: Viral Infection Pathways",FALSE,"down",FALSE
"P62913","RPL11",-0.488452193192995,0.589897966943207,"R-HSA-9824446","Homo sapiens: Viral Infection Pathways",FALSE,"down",FALSE
"P62910","RPL32",-0.46226919827194,0.629863691206271,"R-HSA-9824446","Homo sapiens: Viral Infection Pathways",FALSE,"down",FALSE
"P62750","RPL23A",-0.395638326663907,0.664795963662896,"R-HSA-9824446","Homo sapiens: Viral Infection Pathways",FALSE,"down",FALSE
"Q01081","U2AF1",0.270961621728269,0.772881630309184,"R-HSA-9824446","Homo sapiens: Viral Infection Pathways",FALSE,"up",FALSE
"Q8WUX9","CHMP7",0.195394402005871,0.855448155189807,"R-HSA-9824446","Homo sapiens: Viral Infection Pathways",FALSE,"up",FALSE
"Q15029","EFTUD2",0.179075920424637,0.869065216494292,"R-HSA-9824446","Homo sapiens: Viral Infection Pathways",FALSE,"up",FALSE
"Q01130","SRSF2",-0.0123325412286981,0.992286810402825,"R-HSA-9824446","Homo sapiens: Viral Infection Pathways",FALSE,"down",FALSE
"O00468","AGRN",3.42626529297742,4.53615964498716e-06,"R-HSA-2187338","Homo sapiens: Visual phototransduction",TRUE,"up",TRUE
"P98160","HSPG2",2.80571113228391,0.000170177766246557,"R-HSA-2187338","Homo sapiens: Visual phototransduction",FALSE,"up",TRUE
"P17252","PRKCA",2.76505740675276,0.000215266110237451,"R-HSA-2187338","Homo sapiens: Visual phototransduction",FALSE,"up",TRUE
"P02649","APOE",1.69091803195193,0.0594441953565241,"R-HSA-2187338","Homo sapiens: Visual phototransduction",FALSE,"up",FALSE
"P0DP25","CALM1",-0.85210162542964,0.25813719520184,"R-HSA-2187338","Homo sapiens: Visual phototransduction",FALSE,"down",FALSE
