"UNIPROT","Symbol","logFC","adj.P.Val","degree","betweenness","CDS","rank_base","rank_sd","rank_min","rank_max","robustness_label","Symbol_biomat","Protein_Description","GO_BP","GO_CC","GO_MF","GO_BP_IDs","GO_CC_IDs","GO_MF_IDs"
"A5D8V6","VPS37C",-2.15951538719385,0.00716940774480116,34,0.327170868347339,0.270898413930572,229,10.27,203,242,"weight_sensitive_candidate","VPS37C","VPS37C subunit of ESCRT-I [Source:HGNC Symbol;Acc:HGNC:26097]","protein transport; viral budding via host ESCRT complex; macroautophagy; protein targeting to membrane; protein targeting to vacuole; ubiquitin-dependent protein catabolic process via the multivesicular body sorting pathway; protein transport to vacuole involved in ubiquitin-dependent protein catabolic process via the multivesicular body sorting pathway; membrane fission","membrane; nucleoplasm; endosome; Golgi apparatus; cilium; late endosome membrane; ESCRT I complex; endosome membrane","calcium-dependent protein binding; protein binding","GO:0015031; GO:0039702; GO:0016236; GO:0006612; GO:0006623; GO:0043162; GO:0043328; GO:0090148","GO:0016020; GO:0005654; GO:0005768; GO:0005794; GO:0005929; GO:0031902; GO:0000813; GO:0010008","GO:0048306; GO:0005515"
"O00421","CCRL2",3.30132149905953,1.00526735879145e-05,4,1.30959595959596,0.258566297096826,255,20.17,195,279,"weight_sensitive_candidate","CCRL2","C-C motif chemokine receptor like 2 [Source:HGNC Symbol;Acc:HGNC:1612]","G protein-coupled receptor signaling pathway; chemotaxis; signal transduction; immune response; inflammatory response; chemokine-mediated signaling pathway; positive regulation of cytosolic calcium ion concentration; calcium-mediated signaling; cell chemotaxis","membrane; plasma membrane; cytoplasm","G protein-coupled receptor activity; chemokine receptor activity; chemokine receptor binding; C-C chemokine receptor activity; C-C chemokine binding; CCR chemokine receptor binding; protein binding","GO:0007186; GO:0006935; GO:0007165; GO:0006955; GO:0006954; GO:0070098; GO:0007204; GO:0019722; GO:0060326","GO:0016020; GO:0005886; GO:0005737","GO:0004930; GO:0004950; GO:0042379; GO:0016493; GO:0019957; GO:0048020; GO:0005515"
"O00468","AGRN",3.42626529297742,4.53615964498716e-06,16,343.205521544732,0.377678100972646,80,2.12,77,84,"weight_sensitive_candidate","AGRN","agrin [Source:HGNC Symbol;Acc:HGNC:329]","receptor clustering; nervous system development; signal transduction; cell differentiation; positive regulation of transcription by RNA polymerase II; synapse organization; membrane organization; synaptic signaling; cytoskeleton organization; positive regulation of GTPase activity; G protein-coupled acetylcholine receptor signaling pathway; clustering of voltage-gated sodium channels; neuromuscular junction development; positive regulation of filopodium assembly","extracellular region; plasma membrane; membrane; synapse; basement membrane; extracellular matrix; lysosomal lumen; Golgi lumen","protein binding; calcium ion binding; laminin binding; metal ion binding; structural constituent of cytoskeleton; dystroglycan binding; extracellular matrix structural constituent; sialic acid binding; chondroitin sulfate binding; heparan sulfate proteoglycan binding","GO:0043113; GO:0007399; GO:0007165; GO:0030154; GO:0045944; GO:0050808; GO:0061024; GO:0099536; GO:0007010; GO:0043547; GO:0007213; GO:0045162; GO:0007528; GO:0051491","GO:0005576; GO:0005886; GO:0016020; GO:0045202; GO:0005604; GO:0031012; GO:0043202; GO:0005796","GO:0005515; GO:0005509; GO:0043236; GO:0046872; GO:0005200; GO:0002162; GO:0005201; GO:0033691; GO:0035374; GO:0043395"
"O00622","CCN1",5.05294903898214,2.43089071840107e-07,6,11.7588177888309,0.392354920341546,68,4.48,61,78,"weight_sensitive_candidate","CCN1","cellular communication network factor 1 [Source:HGNC Symbol;Acc:HGNC:2654]","signal transduction; positive regulation of BMP signaling pathway; positive regulation of developmental process; regulation of multicellular organismal development; cell adhesion; chemotaxis; regulation of macromolecule biosynthetic process; positive regulation of biosynthetic process; positive regulation of ossification; positive regulation of transcription by RNA polymerase II; positive regulation of cell migration; positive regulation of bone mineralization; apoptotic process; chondroblast differentiation; osteoblast differentiation; intussusceptive angiogenesis; atrioventricular valve morphogenesis; apoptotic process involved in heart morphogenesis; ventricular septum development; positive regulation of cell-substrate adhesion; extracellular matrix organization; positive regulation of apoptotic process; negative regulation of apoptotic process; positive regulation of cell differentiation; atrial septum morphogenesis; chorio-allantoic fusion; labyrinthine layer blood vessel development; positive regulation of cartilage development; reactive oxygen species metabolic process; cell-cell adhesion; positive regulation of ceramide biosynthetic process; integrin-mediated signaling pathway; positive regulation of osteoblast proliferation","extracellular region; extracellular matrix; extracellular space; endoplasmic reticulum lumen","protein binding; heparin binding; growth factor binding; extracellular matrix structural constituent; integrin binding; extracellular matrix binding","GO:0007165; GO:0030513; GO:0051094; GO:2000026; GO:0007155; GO:0006935; GO:0010556; GO:0009891; GO:0045778; GO:0045944; GO:0030335; GO:0030501; GO:0006915; GO:0060591; GO:0001649; GO:0002041; GO:0003181; GO:0003278; GO:0003281; GO:0010811; GO:0030198; GO:0043065; GO:0043066; GO:0045597; GO:0060413; GO:0060710; GO:0060716; GO:0061036; GO:0072593; GO:0098609; GO:2000304; GO:0007229; GO:0033690","GO:0005576; GO:0031012; GO:0005615; GO:0005788","GO:0005515; GO:0008201; GO:0019838; GO:0005201; GO:0005178; GO:0050840"
"O00762","UBE2C",2.07025514605591,0.00501738112845644,10,221.596408123124,0.241292983917418,286,4.14,275,292,"weight_sensitive_candidate","UBE2C","ubiquitin conjugating enzyme E2 C [Source:HGNC Symbol;Acc:HGNC:15937]","cell division; protein ubiquitination; protein modification by small protein conjugation; ubiquitin-dependent protein catabolic process; SCF-dependent proteasomal ubiquitin-dependent protein catabolic process; protein K48-linked ubiquitination; proteasome-mediated ubiquitin-dependent protein catabolic process; protein K11-linked ubiquitination; protein polyubiquitination; positive regulation of mitotic metaphase/anaphase transition; free ubiquitin chain polymerization; regulation of mitotic metaphase/anaphase transition; anaphase-promoting complex-dependent catabolic process; positive regulation of exit from mitosis; positive regulation of ubiquitin protein ligase activity","cytosol; plasma membrane; nucleus; nucleoplasm; ubiquitin ligase complex; anaphase-promoting complex","transferase activity; nucleotide binding; ATP binding; protein binding; ubiquitin-like protein transferase activity; ubiquitin-protein transferase activity; ubiquitin conjugating enzyme activity; ubiquitin protein ligase activity; ubiquitin-like protein ligase binding","GO:0051301; GO:0016567; GO:0032446; GO:0006511; GO:0031146; GO:0070936; GO:0043161; GO:0070979; GO:0000209; GO:0045842; GO:0010994; GO:0030071; GO:0031145; GO:0031536; GO:1904668","GO:0005829; GO:0005886; GO:0005634; GO:0005654; GO:0000151; GO:0005680","GO:0016740; GO:0000166; GO:0005524; GO:0005515; GO:0019787; GO:0004842; GO:0061631; GO:0061630; GO:0044389"
"O14618","CCS",1.91564080995792,0.00461246691055144,2,0,0.119812399853265,414,2.48,410,419,"weight_sensitive_candidate","CCS","copper chaperone for superoxide dismutase [Source:HGNC Symbol;Acc:HGNC:1613]","superoxide metabolic process; protein maturation; removal of superoxide radicals; cellular response to oxidative stress","nucleus; cytoplasm; mitochondrion; cytosol","metal ion binding; copper ion binding; protein binding; cadherin binding; protein-disulfide reductase activity","GO:0006801; GO:0051604; GO:0019430; GO:0034599","GO:0005634; GO:0005737; GO:0005739; GO:0005829","GO:0046872; GO:0005507; GO:0005515; GO:0045296; GO:0015035"
"O14786","NRP1",1.11380901082516,0.226586003476277,10,375.994234461877,0.177125232058155,364,2.54,360,367,"weight_sensitive_candidate","NRP1","neuropilin 1 [Source:HGNC Symbol;Acc:HGNC:8004]","angiogenesis; axon guidance; vascular endothelial growth factor signaling pathway; nervous system development; cell differentiation; symbiont entry into host cell; positive regulation of endothelial cell migration; positive regulation of endothelial cell proliferation; regulation of plasma membrane bounded cell projection organization; signal transduction; cell-cell signaling; positive regulation of filopodium assembly; integrin-mediated signaling pathway; animal organ morphogenesis; substrate-dependent cell migration, cell extension; branching involved in blood vessel morphogenesis; vasculogenesis; neural crest cell migration; neuron migration; sprouting angiogenesis; cell migration involved in sprouting angiogenesis; outflow tract septum morphogenesis; motor neuron axon guidance; response to wounding; positive regulation of smooth muscle cell migration; facial nerve structural organization; trigeminal nerve structural organization; branchiomotor neuron axon guidance; regulation of vascular endothelial growth factor receptor signaling pathway; retinal ganglion cell axon guidance; cellular response to hepatocyte growth factor stimulus; endothelial cell chemotaxis; cellular response to vascular endothelial growth factor stimulus; neuropilin signaling pathway; VEGF-activated neuropilin signaling pathway; platelet-derived growth factor receptor signaling pathway; vascular endothelial growth factor receptor signaling pathway; hepatocyte growth factor receptor signaling pathway; positive regulation of axon extension involved in axon guidance; artery morphogenesis; axon extension involved in axon guidance; positive chemotaxis; positive regulation of stress fiber assembly; positive regulation of focal adhesion assembly; axonogenesis involved in innervation; regulation of vesicle-mediated transport; angiogenesis involved in coronary vascular morphogenesis; retina vasculature morphogenesis in camera-type eye; sympathetic ganglion development; semaphorin-plexin signaling pathway; commissural neuron axon guidance; endothelial tip cell fate specification; motor neuron migration; sympathetic neuron projection extension; sympathetic neuron projection guidance; basal dendrite development; basal dendrite arborization; positive regulation of substrate adhesion-dependent cell spreading; neural crest cell migration involved in autonomic nervous system development; protein localization to early endosome; axon extension; axonal fasciculation; heart development; dendrite development; trigeminal nerve morphogenesis; negative regulation of axon extension; blood vessel endothelial cell migration; sympathetic nervous system development; regulation of axon extension involved in axon guidance; negative regulation of axon extension involved in axon guidance; dichotomous subdivision of terminal units involved in salivary gland branching; retina vasculature development in camera-type eye; vestibulocochlear nerve structural organization; gonadotrophin-releasing hormone neuronal migration to the hypothalamus; positive regulation of phosphorylation; negative regulation of neuron apoptotic process; endothelial cell migration; positive regulation of angiogenesis; neuron development; coronary artery morphogenesis; renal artery morphogenesis; trigeminal ganglion development; positive regulation of cell migration involved in sprouting angiogenesis; sensory neuron axon guidance; postsynapse organization; facioacoustic ganglion development; dorsal root ganglion morphogenesis; otic placode development; negative regulation of extrinsic apoptotic signaling pathway","membrane; cytoplasm; extracellular region; extracellular space; plasma membrane; mitochondrion; focal adhesion; mitochondrial membrane; axon; cytosol; neuron projection; cytoplasmic vesicle; early endosome; sorting endosome; semaphorin receptor complex; receptor complex; postsynaptic membrane; glutamatergic synapse; neurofilament","vascular endothelial growth factor receptor activity; protein binding; metal ion binding; heparin binding; growth factor binding; GTPase activator activity; coreceptor activity; cytokine binding; vascular endothelial growth factor binding; protein kinase binding","GO:0001525; GO:0007411; GO:0038084; GO:0007399; GO:0030154; GO:0046718; GO:0010595; GO:0001938; GO:0120035; GO:0007165; GO:0007267; GO:0051491; GO:0007229; GO:0009887; GO:0006930; GO:0001569; GO:0001570; GO:0001755; GO:0001764; GO:0002040; GO:0002042; GO:0003148; GO:0008045; GO:0009611; GO:0014911; GO:0021612; GO:0021637; GO:0021785; GO:0030947; GO:0031290; GO:0035729; GO:0035767; GO:0035924; GO:0038189; GO:0038190; GO:0048008; GO:0048010; GO:0048012; GO:0048842; GO:0048844; GO:0048846; GO:0050918; GO:0051496; GO:0051894; GO:0060385; GO:0060627; GO:0060978; GO:0061299; GO:0061549; GO:0071526; GO:0071679; GO:0097102; GO:0097475; GO:0097490; GO:0097491; GO:0150018; GO:0150020; GO:1900026; GO:1901166; GO:1902946; GO:0048675; GO:0007413; GO:0007507; GO:0016358; GO:0021636; GO:0030517; GO:0043534; GO:0048485; GO:0048841; GO:0048843; GO:0060666; GO:0061298; GO:0021649; GO:0021828; GO:0042327; GO:0043524; GO:0043542; GO:0045766; GO:0048666; GO:0060982; GO:0061441; GO:0061551; GO:0090050; GO:0097374; GO:0099173; GO:1903375; GO:1904835; GO:1905040; GO:2001237","GO:0016020; GO:0005737; GO:0005576; GO:0005615; GO:0005886; GO:0005739; GO:0005925; GO:0031966; GO:0030424; GO:0005829; GO:0043005; GO:0031410; GO:0005769; GO:0097443; GO:0002116; GO:0043235; GO:0045211; GO:0098978; GO:0005883","GO:0005021; GO:0005515; GO:0046872; GO:0008201; GO:0019838; GO:0005096; GO:0015026; GO:0019955; GO:0038085; GO:0019901"
"O14939","PLD2",-4.07114207337044,1.15280852040527e-06,12,38.3570010690355,0.383337242533803,75,2.53,70,81,"weight_sensitive_candidate","PLD2","phospholipase D2 [Source:HGNC Symbol;Acc:HGNC:9068]","intracellular signal transduction; phosphatidic acid biosynthetic process; lipid metabolic process; lipid catabolic process; small GTPase-mediated signal transduction; G protein-coupled receptor internalization; receptor-mediated endocytosis; cytoskeleton organization; phospholipid catabolic process; Fc-gamma receptor signaling pathway involved in phagocytosis; regulation of vesicle-mediated transport","plasma membrane; membrane; presynapse; endoplasmic reticulum membrane; cytoplasmic vesicle; brush border membrane","catalytic activity; phosphatidylinositol binding; phospholipase D activity; hydrolase activity; protein binding","GO:0035556; GO:0006654; GO:0006629; GO:0016042; GO:0007264; GO:0002031; GO:0006898; GO:0007010; GO:0009395; GO:0038096; GO:0060627","GO:0005886; GO:0016020; GO:0098793; GO:0005789; GO:0031410; GO:0031526","GO:0003824; GO:0035091; GO:0004630; GO:0016787; GO:0005515"
"O14980","XPO1",-0.812620026309663,0.322304769083472,28,1644.86149420523,0.228656089286225,302,6.19,295,318,"weight_sensitive_candidate","XPO1","exportin 1 [Source:HGNC Symbol;Acc:HGNC:12825]","intracellular protein transport; protein export from nucleus; mRNA transport; protein transport; mRNA export from nucleus; nucleocytoplasmic transport; ribosomal subunit export from nucleus; ribosomal large subunit export from nucleus; ribosomal small subunit export from nucleus; regulation of proteasomal ubiquitin-dependent protein catabolic process; regulation of centrosome duplication; protein localization to nucleus; regulation of protein catabolic process; regulation of protein export from nucleus; negative regulation of transcription by RNA polymerase II; response to xenobiotic stimulus; cellular response to triglyceride; cellular response to salt","nucleus; cytoplasm; membrane; nuclear membrane; cytosol; nucleoplasm; kinetochore; nucleolus; protein-containing complex; Cajal body; nuclear envelope; annulate lamellae; ribonucleoprotein complex","small GTPase binding; nuclear export signal receptor activity; protein binding; RNA binding; protein domain specific binding; DNA-binding transcription factor binding","GO:0006886; GO:0006611; GO:0051028; GO:0015031; GO:0006406; GO:0006913; GO:0000054; GO:0000055; GO:0000056; GO:0032434; GO:0010824; GO:0034504; GO:0042176; GO:0046825; GO:0000122; GO:0009410; GO:0071401; GO:1902075","GO:0005634; GO:0005737; GO:0016020; GO:0031965; GO:0005829; GO:0005654; GO:0000776; GO:0005730; GO:0032991; GO:0015030; GO:0005635; GO:0005642; GO:1990904","GO:0031267; GO:0005049; GO:0005515; GO:0003723; GO:0019904; GO:0140297"
"O15143","ARPC1B",-1.40665204418792,0.054531196295046,28,36.8068979980486,0.238464203057825,291,3.63,278,295,"weight_sensitive_candidate","ARPC1B","actin related protein 2/3 complex subunit 1B [Source:HGNC Symbol;Acc:HGNC:704]","Arp2/3 complex-mediated actin nucleation; response to estradiol; response to estrogen","actin cytoskeleton; Arp2/3 protein complex; nucleus; cytoplasm; cytoskeleton; focal adhesion; cytosol","protein binding; actin binding; structural constituent of cytoskeleton; actin filament binding; protein-containing complex binding","GO:0034314; GO:0032355; GO:0043627","GO:0015629; GO:0005885; GO:0005634; GO:0005737; GO:0005856; GO:0005925; GO:0005829","GO:0005515; GO:0003779; GO:0005200; GO:0051015; GO:0044877"
"O15144","ARPC2",-1.4436301561972,0.0351337777932071,30,255.659595656136,0.261388331433969,248,4.37,242,258,"weight_sensitive_candidate","ARPC2","actin related protein 2/3 complex subunit 2 [Source:HGNC Symbol;Acc:HGNC:705]","Arp2/3 complex-mediated actin nucleation; actin filament polymerization; positive regulation of cellular component biogenesis; positive regulation of cellular component organization; positive regulation of actin filament polymerization; positive regulation of substrate adhesion-dependent cell spreading","actin cytoskeleton; Arp2/3 protein complex; nucleus; cytoplasm; cell projection; synapse; nucleoplasm; cytoskeleton; focal adhesion; lamellipodium; neuron projection; cytosol; site of double-strand break; synaptic vesicle membrane; presynapse; postsynapse; glutamatergic synapse; endosome; plasma membrane; cell leading edge","actin binding; protein binding; structural constituent of cytoskeleton; actin filament binding","GO:0034314; GO:0030041; GO:0044089; GO:0051130; GO:0030838; GO:1900026","GO:0015629; GO:0005885; GO:0005634; GO:0005737; GO:0042995; GO:0045202; GO:0005654; GO:0005856; GO:0005925; GO:0030027; GO:0043005; GO:0005829; GO:0035861; GO:0030672; GO:0098793; GO:0098794; GO:0098978; GO:0005768; GO:0005886; GO:0031252","GO:0003779; GO:0005515; GO:0005200; GO:0051015"
"O15145","ARPC3",-1.05782288925133,0.145301914194018,28,36.8068979980486,0.216536722523187,320,4.53,312,330,"weight_sensitive_candidate","ARPC3","actin related protein 2/3 complex subunit 3 [Source:HGNC Symbol;Acc:HGNC:706]","Arp2/3 complex-mediated actin nucleation; regulation of actin filament polymerization; regulation of synaptic vesicle endocytosis; cellular response to nerve growth factor stimulus","cytoskeleton; Arp2/3 protein complex; nucleus; cytoplasm; membrane; cell projection; focal adhesion; lamellipodium; cytosol; site of double-strand break; actin cytoskeleton; cell leading edge; filamentous actin","actin binding; protein binding; actin filament binding; structural constituent of cytoskeleton","GO:0034314; GO:0030833; GO:1900242; GO:1990090","GO:0005856; GO:0005885; GO:0005634; GO:0005737; GO:0016020; GO:0042995; GO:0005925; GO:0030027; GO:0005829; GO:0035861; GO:0015629; GO:0031252; GO:0031941","GO:0003779; GO:0005515; GO:0051015; GO:0005200"
"O15230","LAMA5",3.25992473968899,1.22066504632128e-05,34,9.02072119677201,0.378615122828059,78,2.37,73,83,"weight_sensitive_candidate","LAMA5","laminin subunit alpha 5 [Source:HGNC Symbol;Acc:HGNC:6485]","cell adhesion; regulation of cell adhesion; regulation of cell migration; regulation of embryonic development; cell migration; integrin-mediated signaling pathway; system development; skeletal system morphogenesis; animal organ morphogenesis; branching involved in ureteric bud morphogenesis; morphogenesis of a polarized epithelium; neural crest cell migration; kidney development; hair follicle development; muscle organ development; morphogenesis of embryonic epithelium; lung development; odontogenesis of dentin-containing tooth; branching morphogenesis of an epithelial tube; regulation of epithelial cell proliferation; cilium assembly; branching involved in salivary gland morphogenesis; protein localization to plasma membrane; substrate adhesion-dependent cell spreading; postsynapse organization","nucleus; extracellular region; extracellular space; basement membrane; extracellular matrix; laminin-10 complex; neuromuscular junction; synaptic cleft; glutamatergic synapse; laminin-5 complex; laminin-11 complex","protein binding; signaling receptor binding; integrin binding; receptor ligand activity; cell adhesion mediator activity; extracellular matrix structural constituent","GO:0007155; GO:0030155; GO:0030334; GO:0045995; GO:0016477; GO:0007229; GO:0048731; GO:0048705; GO:0009887; GO:0001658; GO:0001738; GO:0001755; GO:0001822; GO:0001942; GO:0007517; GO:0016331; GO:0030324; GO:0042475; GO:0048754; GO:0050678; GO:0060271; GO:0060445; GO:0072659; GO:0034446; GO:0099173","GO:0005634; GO:0005576; GO:0005615; GO:0005604; GO:0031012; GO:0043259; GO:0031594; GO:0043083; GO:0098978; GO:0005610; GO:0043260","GO:0005515; GO:0005102; GO:0005178; GO:0048018; GO:0098631; GO:0005201"
"O15511","ARPC5",-0.979365984593279,0.178328458815862,28,36.8068979980486,0.211716070806745,328,5.44,316,340,"weight_sensitive_candidate","ARPC5","actin related protein 2/3 complex subunit 5 [Source:HGNC Symbol;Acc:HGNC:708]","Arp2/3 complex-mediated actin nucleation; regulation of actin filament polymerization; cell migration; actin cytoskeleton organization","actin cytoskeleton; Arp2/3 protein complex; nucleus; cytoplasm; cell projection; cytoskeleton; focal adhesion; extracellular region; cytosol; site of double-strand break; secretory granule lumen; ficolin-1-rich granule lumen; cortical cytoskeleton; lamellipodium","actin binding; protein binding; protein-macromolecule adaptor activity; structural constituent of cytoskeleton; actin filament binding","GO:0034314; GO:0030833; GO:0016477; GO:0030036","GO:0015629; GO:0005885; GO:0005634; GO:0005737; GO:0042995; GO:0005856; GO:0005925; GO:0005576; GO:0005829; GO:0035861; GO:0034774; GO:1904813; GO:0030863; GO:0030027","GO:0003779; GO:0005515; GO:0030674; GO:0005200; GO:0051015"
"O43143","DHX15",-2.16138724665285,0.0112461543196032,40,64.1173783054349,0.306093411224739,152,2.73,146,156,"weight_sensitive_candidate","DHX15","DEAH-box helicase 15 [Source:HGNC Symbol;Acc:HGNC:2738]","RNA splicing; mRNA processing; defense response to virus; immune system process; innate immune response; positive regulation of canonical NF-kappaB signal transduction; mRNA splicing, via spliceosome; response to toxic substance; defense response to bacterium; response to alkaloid","nucleus; nuclear speck; nucleolus; nucleoplasm; spliceosomal complex; U2-type post-mRNA release spliceosomal complex; U12-type spliceosomal complex","ATP binding; nucleic acid binding; RNA helicase activity; RNA binding; hydrolase activity; nucleotide binding; protein binding; helicase activity; double-stranded RNA binding; ATP hydrolysis activity; ATP-dependent activity, acting on RNA","GO:0008380; GO:0006397; GO:0051607; GO:0002376; GO:0045087; GO:0043123; GO:0000398; GO:0009636; GO:0042742; GO:0043279","GO:0005634; GO:0016607; GO:0005730; GO:0005654; GO:0005681; GO:0071008; GO:0005689","GO:0005524; GO:0003676; GO:0003724; GO:0003723; GO:0016787; GO:0000166; GO:0005515; GO:0004386; GO:0003725; GO:0016887; GO:0008186"
"O43390","HNRNPR",-1.69239118068467,0.0248045102724451,52,275.43504121598,0.306007300370895,153,3.27,146,155,"weight_sensitive_candidate","HNRNPR","heterogeneous nuclear ribonucleoprotein R [Source:HGNC Symbol;Acc:HGNC:5047]","mRNA splicing, via spliceosome; RNA splicing; mRNA processing","nucleus; spliceosomal complex; cytoplasm; nucleoplasm; endoplasmic reticulum; ribonucleoprotein complex; catalytic step 2 spliceosome","RNA binding; nucleic acid binding; protein binding; mRNA binding","GO:0000398; GO:0008380; GO:0006397","GO:0005634; GO:0005681; GO:0005737; GO:0005654; GO:0005783; GO:1990904; GO:0071013","GO:0003723; GO:0003676; GO:0005515; GO:0003729"
"O43520","ATP8B1",-3.0586695083054,0.00028069758101219,6,0,0.237583185298023,294,10.1,271,310,"weight_sensitive_candidate","ATP8B1","ATPase phospholipid transporting 8B1 [Source:HGNC Symbol;Acc:HGNC:3706]","phospholipid transport; lipid transport; sensory perception of sound; negative regulation of DNA-templated transcription; phospholipid translocation; monoatomic ion transmembrane transport; Golgi organization; regulation of microvillus assembly; xenobiotic transmembrane transport; bile acid and bile salt transport; bile acid metabolic process; organic anion transport; aminophospholipid transport; vestibulocochlear nerve formation; apical protein localization; inner ear receptor cell development; regulation of plasma membrane organization; regulation of chloride transport","membrane; plasma membrane; Golgi apparatus; cell projection; cytosol; nucleoplasm; endoplasmic reticulum; nuclear body; endomembrane system; phospholipid-translocating ATPase complex; trans-Golgi network","ATP binding; nucleotide binding; ATP hydrolysis activity; transporter activity; ATPase-coupled intramembrane lipid transporter activity; metal ion binding; protein binding; phosphatidylserine floppase activity; phospholipid transporter activity; flippase activity; lipid transporter activity; aminophospholipid flippase activity; phosphatidylcholine floppase activity; cardiolipin binding","GO:0015914; GO:0006869; GO:0007605; GO:0045892; GO:0045332; GO:0034220; GO:0007030; GO:0032534; GO:0006855; GO:0015721; GO:0008206; GO:0015711; GO:0015917; GO:0021650; GO:0045176; GO:0060119; GO:1903729; GO:2001225","GO:0016020; GO:0005886; GO:0005794; GO:0042995; GO:0005829; GO:0005654; GO:0005783; GO:0016604; GO:0012505; GO:1990531; GO:0005802","GO:0005524; GO:0000166; GO:0016887; GO:0005215; GO:0140326; GO:0046872; GO:0005515; GO:0090556; GO:0005548; GO:0140327; GO:0005319; GO:0015247; GO:0090554; GO:1901612"
"O43633","CHMP2A",-2.21393348963019,0.002279353622106,44,63.4583649570551,0.325001622907793,125,3.45,118,131,"weight_sensitive_candidate","CHMP2A","charged multivesicular body protein 2A [Source:HGNC Symbol;Acc:HGNC:30216]","vacuolar transport; protein transport; plasma membrane repair; mitotic metaphase chromosome alignment; nuclear membrane reassembly; viral budding via host ESCRT complex; ubiquitin-dependent protein catabolic process via the multivesicular body sorting pathway; viral budding from plasma membrane; multivesicular body sorting pathway; autophagosome maturation; regulation of mitotic spindle assembly; late endosome to lysosome transport; protein homooligomerization; protein polymerization; establishment of protein localization; regulation of centrosome duplication; nucleus organization; positive regulation of exosomal secretion; macroautophagy; membrane fission; late endosome to vacuole transport; membrane invagination; autophagy; viral release from host cell; endosome transport via multivesicular body sorting pathway; vesicle fusion with vacuole; multivesicular body-lysosome fusion; negative regulation of centriole elongation; ESCRT III complex disassembly","nucleus; membrane; endosome; nuclear envelope; kinetochore; midbody; lysosomal membrane; kinetochore microtubule; amphisome membrane; nuclear pore; late endosome membrane; cytosol; plasma membrane; chromatin; multivesicular body; autophagosome membrane; ESCRT III complex; membrane coat","protein binding; protein domain specific binding; phosphatidylcholine binding","GO:0007034; GO:0015031; GO:0001778; GO:0007080; GO:0031468; GO:0039702; GO:0043162; GO:0046761; GO:0071985; GO:0097352; GO:1901673; GO:1902774; GO:0051260; GO:0051258; GO:0045184; GO:0010824; GO:0006997; GO:1903543; GO:0016236; GO:0090148; GO:0045324; GO:0010324; GO:0006914; GO:0019076; GO:0032509; GO:0051469; GO:0061763; GO:1903723; GO:1904903","GO:0005634; GO:0016020; GO:0005768; GO:0005635; GO:0000776; GO:0030496; GO:0005765; GO:0005828; GO:1904930; GO:0005643; GO:0031902; GO:0005829; GO:0005886; GO:0000785; GO:0005771; GO:0000421; GO:0000815; GO:0030117","GO:0005515; GO:0019904; GO:0031210"
"O43854","EDIL3",12.1021670347627,9.73649755315771e-15,2,0,0.682012208607953,3,0.22,3,4,"robust_candidate","EDIL3","EGF like repeats and discoidin domains 3 [Source:HGNC Symbol;Acc:HGNC:3173]","cell adhesion; positive regulation of cell-substrate adhesion","extracellular region; extracellular space; extracellular matrix; extracellular vesicle","calcium ion binding; metal ion binding; extracellular matrix structural constituent; integrin binding","GO:0007155; GO:0010811","GO:0005576; GO:0005615; GO:0031012; GO:1903561","GO:0005509; GO:0046872; GO:0005201; GO:0005178"
"O43865","AHCYL1",-1.0064718226211,0.18431348619146,2,0,0.0545904809634751,448,0.55,447,449,"robust_candidate","AHCYL1","adenosylhomocysteinase like 1 [Source:HGNC Symbol;Acc:HGNC:344]","apoptotic process; one-carbon metabolic process; response to calcium ion; positive regulation of sodium ion transport; regulation of mRNA 3'-end processing; regulation of monoatomic ion transmembrane transporter activity; S-adenosylmethionine cycle; angiotensin-activated signaling pathway; mitochondrion-endoplasmic reticulum membrane tethering; protein export from nucleus; regulation of monoatomic anion transport; epithelial fluid transport","cytoplasm; plasma membrane; membrane; cytosol; endoplasmic reticulum; endoplasmic reticulum membrane; mitochondria-associated endoplasmic reticulum membrane contact site","RNA binding; protein binding; identical protein binding; hydrolase activity; enzyme regulator activity","GO:0006915; GO:0006730; GO:0051592; GO:0010765; GO:0031440; GO:0032412; GO:0033353; GO:0038166; GO:1990456; GO:0006611; GO:0044070; GO:0042045","GO:0005737; GO:0005886; GO:0016020; GO:0005829; GO:0005783; GO:0005789; GO:0044233","GO:0003723; GO:0005515; GO:0042802; GO:0016787; GO:0030234"
"O60266","ADCY3",-2.52422124603242,0.000718482747190797,10,7.88732936870416,0.250431979463912,271,9.57,238,281,"weight_sensitive_candidate","ADCY3","adenylate cyclase 3 [Source:HGNC Symbol;Acc:HGNC:234]","intracellular signal transduction; cyclic nucleotide biosynthetic process; cAMP biosynthetic process; sensory perception of smell; single fertilization; adenylate cyclase-activating G protein-coupled receptor signaling pathway; flagellated sperm motility; signal transduction; cellular response to forskolin; acrosome reaction; olfactory learning","plasma membrane; cytoplasm; membrane; Golgi apparatus; cell projection; cilium; ciliary membrane","adenylate cyclase activity; phosphorus-oxygen lyase activity; metal ion binding; lyase activity; nucleotide binding; calmodulin binding; ATP binding","GO:0035556; GO:0009190; GO:0006171; GO:0007608; GO:0007338; GO:0007189; GO:0030317; GO:0007165; GO:1904322; GO:0007340; GO:0008355","GO:0005886; GO:0005737; GO:0016020; GO:0005794; GO:0042995; GO:0005929; GO:0060170","GO:0004016; GO:0016849; GO:0046872; GO:0016829; GO:0000166; GO:0005516; GO:0005524"
"O60437","PPL",-7.23705889737411,4.00514331031947e-12,10,1316.11676025165,0.602303343513183,11,0.83,8,11,"robust_candidate","PPL","periplakin [Source:HGNC Symbol;Acc:HGNC:9273]","intermediate filament cytoskeleton organization; keratinization; wound healing; response to mechanical stimulus","cytoskeleton; cytoplasm; plasma membrane; membrane; anchoring junction; desmosome; cornified envelope; cytosol; intermediate filament","protein binding; cadherin binding; structural molecule activity; structural constituent of cytoskeleton","GO:0045104; GO:0031424; GO:0042060; GO:0009612","GO:0005856; GO:0005737; GO:0005886; GO:0016020; GO:0070161; GO:0030057; GO:0001533; GO:0005829; GO:0005882","GO:0005515; GO:0045296; GO:0005198; GO:0005200"
"O60443","GSDME",3.1464189071155,3.17191036537145e-05,2,0,0.208014585615105,330,8.94,308,345,"weight_sensitive_candidate","GSDME","gasdermin E [Source:HGNC Symbol;Acc:HGNC:2810]","programmed cell death; negative regulation of cell population proliferation; transmembrane transport; positive regulation of MAPK cascade; cellular response to virus; cellular response to tumor necrosis factor; positive regulation of intrinsic apoptotic signaling pathway; pyroptotic cell death; pyroptotic inflammatory response; sensory perception of sound; positive regulation of immune response to tumor cell","cytoplasm; plasma membrane; membrane; cytosol","protein binding; phosphatidylinositol-4,5-bisphosphate binding; cardiolipin binding; wide pore channel activity","GO:0012501; GO:0008285; GO:0055085; GO:0043410; GO:0098586; GO:0071356; GO:2001244; GO:0141201; GO:0070269; GO:0007605; GO:0002839","GO:0005737; GO:0005886; GO:0016020; GO:0005829","GO:0005515; GO:0005546; GO:1901612; GO:0022829"
"O60503","ADCY9",1.68713812078236,0.0142432302632522,14,37.9675261415122,0.222259072396879,312,1.38,310,315,"robust_candidate","ADCY9","adenylate cyclase 9 [Source:HGNC Symbol;Acc:HGNC:240]","intracellular signal transduction; cyclic nucleotide biosynthetic process; adenylate cyclase-activating G protein-coupled receptor signaling pathway; cAMP biosynthetic process; signal transduction; in utero embryonic development; adenylate cyclase-activating adrenergic receptor signaling pathway","plasma membrane; membrane; cytosol; ciliary basal body; cilium; axon; dendrite","phosphorus-oxygen lyase activity; metal ion binding; lyase activity; nucleotide binding; ATP binding; protein binding; adenylate cyclase activity","GO:0035556; GO:0009190; GO:0007189; GO:0006171; GO:0007165; GO:0001701; GO:0071880","GO:0005886; GO:0016020; GO:0005829; GO:0036064; GO:0005929; GO:0030424; GO:0030425","GO:0016849; GO:0046872; GO:0016829; GO:0000166; GO:0005524; GO:0005515; GO:0004016"
"O60603","TLR2",-2.71531178105974,0.000148274952739259,34,1754.0361013269,0.376235650898708,82,2.98,73,83,"weight_sensitive_candidate","TLR2","toll like receptor 2 [Source:HGNC Symbol;Acc:HGNC:11848]","signal transduction; immune response; toll-like receptor signaling pathway; positive regulation of inflammatory response; immune system process; innate immune response; defense response to Gram-positive bacterium; positive regulation of gene expression; inflammatory response; cellular response to type II interferon; positive regulation of transcription by RNA polymerase II; positive regulation of NF-kappaB transcription factor activity; positive regulation of chemokine production; positive regulation of canonical NF-kappaB signal transduction; positive regulation of cellular response to macrophage colony-stimulating factor stimulus; positive regulation of matrix metallopeptidase secretion; apoptotic process; positive regulation of Wnt signaling pathway; defense response to virus; cellular response to lipoteichoic acid; cellular response to diacyl bacterial lipopeptide; cellular response to triacyl bacterial lipopeptide; learning; microglia development; lipopolysaccharide-mediated signaling pathway; toll-like receptor 2 signaling pathway; toll-like receptor TLR6:TLR2 signaling pathway; negative regulation of phagocytosis; negative regulation of synapse assembly; cellular response to bacterial lipopeptide","membrane; cytoplasm; plasma membrane; Golgi apparatus; cytosol; nucleoplasm; cytoplasmic vesicle; membrane raft; phagocytic vesicle membrane; receptor complex; secretory granule membrane; Toll-like receptor 1-Toll-like receptor 2 protein complex; Toll-like receptor 2-Toll-like receptor 6 protein complex","protein binding; transmembrane signaling receptor activity; pattern recognition receptor activity; peptidoglycan binding; identical protein binding; NAD+ nucleotidase, cyclic ADP-ribose generating; signaling receptor activity; lipopolysaccharide binding; amyloid-beta binding; lipopolysaccharide immune receptor activity; Toll-like receptor binding; protein-containing complex binding","GO:0007165; GO:0006955; GO:0002224; GO:0050729; GO:0002376; GO:0045087; GO:0050830; GO:0010628; GO:0006954; GO:0071346; GO:0045944; GO:0051092; GO:0032722; GO:0043123; GO:1903974; GO:1904466; GO:0006915; GO:0030177; GO:0051607; GO:0071223; GO:0071726; GO:0071727; GO:0007612; GO:0014005; GO:0031663; GO:0034134; GO:0038124; GO:0050765; GO:0051964; GO:0071221","GO:0016020; GO:0005737; GO:0005886; GO:0005794; GO:0005829; GO:0005654; GO:0031410; GO:0045121; GO:0030670; GO:0043235; GO:0030667; GO:0035354; GO:0035355","GO:0005515; GO:0004888; GO:0038187; GO:0042834; GO:0042802; GO:0061809; GO:0038023; GO:0001530; GO:0001540; GO:0001875; GO:0035325; GO:0044877"
"O60610","DIAPH1",-1.45572081738884,0.0427786187590894,6,466,0.179193074151901,361,2.4,354,364,"weight_sensitive_candidate","DIAPH1","diaphanous related formin 1 [Source:HGNC Symbol;Acc:HGNC:2876]","actin cytoskeleton organization; cellular component organization; regulation of cell shape; sensory perception of sound; cytoskeleton organization; regulation of cytoskeleton organization; regulation of microtubule-based process; actin filament polymerization; protein localization to microtubule; regulation of release of sequestered calcium ion into cytosol; cellular response to histamine","nucleus; cytoplasm; plasma membrane; membrane; cell projection; cytoskeleton; spindle; centrosome; cytosol; actin filament; secretory granule membrane; mitotic spindle","small GTPase binding; actin binding; RNA binding; protein binding; transmembrane transporter binding; signaling receptor binding","GO:0030036; GO:0016043; GO:0008360; GO:0007605; GO:0007010; GO:0051493; GO:0032886; GO:0030041; GO:0035372; GO:0051279; GO:0071420","GO:0005634; GO:0005737; GO:0005886; GO:0016020; GO:0042995; GO:0005856; GO:0005819; GO:0005813; GO:0005829; GO:0005884; GO:0030667; GO:0072686","GO:0031267; GO:0003779; GO:0003723; GO:0005515; GO:0044325; GO:0005102"
"O60669","SLC16A7",-3.15909057832512,1.01264924586816e-05,2,0,0.216687462274993,319,12.11,288,337,"weight_sensitive_candidate","SLC16A7","solute carrier family 16 member 7 [Source:HGNC Symbol;Acc:HGNC:10928]","transmembrane transport; monocarboxylic acid transport; transport across blood-brain barrier; lactate transmembrane transport; pyruvate transmembrane transport; plasma membrane lactate transport","membrane; cytoplasm; plasma membrane; cytosol; nucleoplasm; glutamatergic synapse","transmembrane transporter activity; monocarboxylic acid transmembrane transporter activity; protein binding; identical protein binding; symporter activity; lactate transmembrane transporter activity; secondary active monocarboxylate transmembrane transporter activity; pyruvate transmembrane transporter activity; pyruvate secondary active transmembrane transporter activity","GO:0055085; GO:0015718; GO:0150104; GO:0035873; GO:1901475; GO:0035879","GO:0016020; GO:0005737; GO:0005886; GO:0005829; GO:0005654; GO:0098978","GO:0022857; GO:0008028; GO:0005515; GO:0042802; GO:0015293; GO:0015129; GO:0015355; GO:0050833; GO:0005477"
"O60784","TOM1",-3.64140592309924,3.55805204381919e-05,8,459.319657910167,0.337741674232895,105,7.16,96,131,"weight_sensitive_candidate","TOM1","target of myb1 membrane trafficking protein [Source:HGNC Symbol;Acc:HGNC:11982]","endocytosis; protein transport; signal transduction; endosomal transport; positive regulation of autophagosome maturation; substrate localization to autophagosome; regulation of endosome organization","cytoplasm; membrane; cytosol; endosome; endosome membrane; Golgi apparatus; early endosome membrane; early endosome; plasma membrane; specific granule membrane; azurophil granule membrane","phosphatidylinositol binding; ubiquitin binding; protein binding; polyubiquitin modification-dependent protein binding; clathrin binding; myosin VI binding","GO:0006897; GO:0015031; GO:0007165; GO:0016197; GO:1901098; GO:0061753; GO:1904978","GO:0005737; GO:0016020; GO:0005829; GO:0005768; GO:0010008; GO:0005794; GO:0031901; GO:0005769; GO:0005886; GO:0035579; GO:0035577","GO:0035091; GO:0043130; GO:0005515; GO:0031593; GO:0030276; GO:0070853"
"O75051","PLXNA2",1.21054167931619,0.0796452191051537,10,49.8378352296224,0.173689113670114,367,1.7,364,371,"weight_sensitive_candidate","PLXNA2","plexin A2 [Source:HGNC Symbol;Acc:HGNC:9100]","semaphorin-plexin signaling pathway; nervous system development; tube development; regulation of cell migration; cell surface receptor signaling pathway; animal organ development; anatomical structure morphogenesis; synapse assembly; cerebellar granule cell precursor tangential migration; centrosome localization; somitogenesis; neural tube development; pharyngeal system development; limb bud formation","plasma membrane; membrane; semaphorin receptor complex","protein binding; transmembrane signaling receptor activity; identical protein binding","GO:0071526; GO:0007399; GO:0035295; GO:0030334; GO:0007166; GO:0048513; GO:0009653; GO:0007416; GO:0021935; GO:0051642; GO:0001756; GO:0021915; GO:0060037; GO:0060174","GO:0005886; GO:0016020; GO:0002116","GO:0005515; GO:0004888; GO:0042802"
"O75348","ATP6V1G1",-2.61766666631453,0.000231447419908001,18,0,0.277631540294521,208,18.67,183,235,"weight_sensitive_candidate","ATP6V1G1","ATPase H+ transporting V1 subunit G1 [Source:HGNC Symbol;Acc:HGNC:864]","proton transmembrane transport; monoatomic ion transport; intracellular iron ion homeostasis; regulation of macroautophagy; cellular response to increased oxygen levels; synaptic vesicle lumen acidification","vacuolar proton-transporting V-type ATPase complex; plasma membrane; membrane; cytosol; lysosomal membrane; vacuolar proton-transporting V-type ATPase, V1 domain; synaptic vesicle membrane; proton-transporting V-type ATPase complex; proton-transporting V-type ATPase, V1 domain; ATPase complex","proton-transporting ATPase activity, rotational mechanism; protein binding; ATPase binding; ATP hydrolysis activity","GO:1902600; GO:0006811; GO:0006879; GO:0016241; GO:0036295; GO:0097401","GO:0016471; GO:0005886; GO:0016020; GO:0005829; GO:0005765; GO:0000221; GO:0030672; GO:0033176; GO:0033180; GO:1904949","GO:0046961; GO:0005515; GO:0051117; GO:0016887"
"O75351","VPS4B",-4.55464794408816,7.47636810379456e-07,34,11.1112430832968,0.455407964939075,45,1.47,41,46,"robust_candidate","VPS4B","vacuolar protein sorting 4 homolog B [Source:HGNC Symbol;Acc:HGNC:10895]","cell division; protein transport; mitotic metaphase chromosome alignment; viral budding via host ESCRT complex; ubiquitin-dependent protein catabolic process via the multivesicular body sorting pathway; viral budding from plasma membrane; regulation of mitotic spindle assembly; endosomal transport; regulation of centrosome duplication; lysosomal transport; response to lipid; nucleus organization; regulation of G2/M transition of mitotic cell cycle; protein depolymerization; ubiquitin-independent protein catabolic process via the multivesicular body sorting pathway; positive regulation of exosomal secretion; macroautophagy; membrane fission; positive regulation of G2/M transition of mitotic cell cycle; plasma membrane repair; autophagy; nuclear membrane reassembly; multivesicular body sorting pathway; autophagosome maturation; ESCRT III complex disassembly; negative regulation of exosomal secretion; angiogenesis; potassium ion transport; endosome organization; vacuolar transport; central nervous system development; cholesterol transport; canonical Wnt signaling pathway; establishment of blood-brain barrier; vacuole organization; endosome to lysosome transport via multivesicular body sorting pathway; late endosomal microautophagy; late endosome to lysosome transport via multivesicular body sorting pathway; positive regulation of centriole elongation","nucleus; cytoplasm; membrane; endosome; endosome membrane; centrosome; spindle pole; late endosome membrane; Flemming body; cytosol; plasma membrane; nuclear pore; midbody; ATPase complex","ATP binding; ATP hydrolysis activity; hydrolase activity; nucleotide binding; protein binding; identical protein binding; protein homodimerization activity; protein-containing complex binding","GO:0051301; GO:0015031; GO:0007080; GO:0039702; GO:0043162; GO:0046761; GO:1901673; GO:0016197; GO:0010824; GO:0007041; GO:0033993; GO:0006997; GO:0010389; GO:0051261; GO:0090611; GO:1903543; GO:0016236; GO:0090148; GO:0010971; GO:0001778; GO:0006914; GO:0031468; GO:0071985; GO:0097352; GO:1904903; GO:1903542; GO:0001525; GO:0006813; GO:0007032; GO:0007034; GO:0007417; GO:0030301; GO:0060070; GO:0060856; GO:0007033; GO:0032510; GO:0061738; GO:0061764; GO:1903724","GO:0005634; GO:0005737; GO:0016020; GO:0005768; GO:0010008; GO:0005813; GO:0000922; GO:0031902; GO:0090543; GO:0005829; GO:0005886; GO:0005643; GO:0030496; GO:1904949","GO:0005524; GO:0016887; GO:0016787; GO:0000166; GO:0005515; GO:0042802; GO:0042803; GO:0044877"
"O75531","BANF1",2.4621098003269,0.00065637348274959,6,466,0.252064610728799,268,13.98,215,286,"weight_sensitive_candidate","BANF1","barrier to autointegration nuclear assembly factor 1 [Source:HGNC Symbol;Acc:HGNC:17397]","DNA repair; chromatin organization; response to oxidative stress; negative regulation of viral genome replication; cGAS/STING signaling pathway; negative regulation of innate immune response; negative regulation of type I interferon production; negative regulation of cGAS/STING signaling pathway; response to virus; mitotic nuclear membrane reassembly; chromosome organization; DNA integration","nucleus; cytoplasm; cytosol; nucleoplasm; chromosome; nuclear envelope; chromatin; condensed chromosome","DNA binding; protein binding; protein homodimerization activity; identical protein binding; double-stranded DNA binding","GO:0006281; GO:0006325; GO:0006979; GO:0045071; GO:0140896; GO:0045824; GO:0032480; GO:0160049; GO:0009615; GO:0007084; GO:0051276; GO:0015074","GO:0005634; GO:0005737; GO:0005829; GO:0005654; GO:0005694; GO:0005635; GO:0000785; GO:0000793","GO:0003677; GO:0005515; GO:0042803; GO:0042802; GO:0003690"
"O75874","IDH1",-2.67475194833776,0.000224806231188548,12,886.89079264132,0.309318676745033,146,9.95,131,177,"weight_sensitive_candidate","IDH1","isocitrate dehydrogenase (NADP(+)) 1 [Source:HGNC Symbol;Acc:HGNC:5382]","isocitrate metabolic process; glutathione metabolic process; response to oxidative stress; regulation of phospholipid catabolic process; regulation of phospholipid biosynthetic process; glyoxylate cycle; tricarboxylic acid cycle; 2-oxoglutarate metabolic process; NADPH regeneration; response to steroid hormone; NADP metabolic process","cytoplasm; cytosol; peroxisome; peroxisomal matrix; mitochondrion; extracellular region; secretory granule lumen; ficolin-1-rich granule lumen; tertiary granule lumen","NAD binding; oxidoreductase activity, acting on the CH-OH group of donors, NAD or NADP as acceptor; isocitrate dehydrogenase (NADP+) activity; metal ion binding; protein binding; oxidoreductase activity; NADP binding; protein homodimerization activity; identical protein binding; cadherin binding","GO:0006102; GO:0006749; GO:0006979; GO:0060696; GO:0071071; GO:0006097; GO:0006099; GO:0006103; GO:0006740; GO:0048545; GO:0006739","GO:0005737; GO:0005829; GO:0005777; GO:0005782; GO:0005739; GO:0005576; GO:0034774; GO:1904813; GO:1904724","GO:0051287; GO:0016616; GO:0004450; GO:0046872; GO:0005515; GO:0016491; GO:0050661; GO:0042803; GO:0042802; GO:0045296"
"O75962","TRIO",2.12800480993868,0.0100702537281127,2,0,0.123353549495243,412,2.19,408,416,"weight_sensitive_candidate","TRIO","trio Rho guanine nucleotide exchange factor [Source:HGNC Symbol;Acc:HGNC:12303]","protein phosphorylation; neuron projection morphogenesis; regulation of small GTPase mediated signal transduction; negative regulation of fat cell differentiation; axon guidance; cell surface receptor protein tyrosine phosphatase signaling pathway","cytoplasm; cell projection; cytosol; postsynapse; glutamatergic synapse; extrinsic component of membrane; presynaptic active zone","ATP binding; protein binding; guanyl-nucleotide exchange factor activity; protein kinase activity; transferase activity; nucleotide binding; protein serine/threonine kinase activity; kinase activity","GO:0006468; GO:0048812; GO:0051056; GO:0045599; GO:0007411; GO:0007185","GO:0005737; GO:0042995; GO:0005829; GO:0098794; GO:0098978; GO:0019898; GO:0048786","GO:0005524; GO:0005515; GO:0005085; GO:0004672; GO:0016740; GO:0000166; GO:0004674; GO:0016301"
"O94813","SLIT2",2.76067852295196,0.000177320378965777,2,0,0.17922905155118,360,7.7,345,373,"weight_sensitive_candidate","SLIT2","slit guidance ligand 2 [Source:HGNC Symbol;Acc:HGNC:11086]","nervous system development; positive regulation of apoptotic process; cell differentiation; negative regulation of macromolecule metabolic process; negative regulation of cell migration; chemotaxis; olfactory bulb development; kidney development; motor neuron axon guidance; negative regulation of neuron projection development; telencephalon cell migration; negative regulation of cell growth; retinal ganglion cell axon guidance; regulation of cellular component size; cellular response to hormone stimulus; Roundabout signaling pathway; axon extension involved in axon guidance; regulation of neurogenesis; regulation of axonogenesis; negative chemotaxis; response to cortisol; epithelial tube morphogenesis; apoptotic process involved in luteolysis; negative regulation of chemokine-mediated signaling pathway; circulatory system development; negative regulation of small GTPase mediated signal transduction; positive regulation of axonogenesis; negative regulation of endothelial cell migration; axon guidance; negative regulation of protein phosphorylation; negative regulation of vascular permeability; cell migration involved in sprouting angiogenesis; negative regulation of cellular response to growth factor stimulus; ventricular septum morphogenesis; branching morphogenesis of an epithelial tube; aortic valve morphogenesis; pulmonary valve morphogenesis; negative regulation of monocyte chemotaxis; negative regulation of actin filament polymerization; ureteric bud development; negative regulation of leukocyte chemotaxis; negative regulation of smooth muscle cell migration; chemorepulsion involved in postnatal olfactory bulb interneuron migration; corticospinal neuron axon guidance through spinal cord; induction of negative chemotaxis; negative regulation of smooth muscle cell chemotaxis; negative regulation of mononuclear cell migration; negative regulation of neutrophil chemotaxis; negative regulation of retinal ganglion cell axon guidance","cytoplasm; extracellular region; extracellular space; membrane","protein binding; calcium ion binding; heparin binding; protein homodimerization activity; identical protein binding; Roundabout binding; GTPase inhibitor activity; proteoglycan binding; laminin-1 binding","GO:0007399; GO:0043065; GO:0030154; GO:0010605; GO:0030336; GO:0006935; GO:0021772; GO:0001822; GO:0008045; GO:0010977; GO:0022029; GO:0030308; GO:0031290; GO:0032535; GO:0032870; GO:0035385; GO:0048846; GO:0050767; GO:0050770; GO:0050919; GO:0051414; GO:0060562; GO:0061364; GO:0070100; GO:0072359; GO:0051058; GO:0050772; GO:0010596; GO:0007411; GO:0001933; GO:0043116; GO:0002042; GO:0090288; GO:0060412; GO:0048754; GO:0003180; GO:0003184; GO:0090027; GO:0030837; GO:0001657; GO:0002689; GO:0014912; GO:0021836; GO:0021972; GO:0050929; GO:0071672; GO:0071676; GO:0090024; GO:0090260","GO:0005737; GO:0005576; GO:0005615; GO:0016020","GO:0005515; GO:0005509; GO:0008201; GO:0042803; GO:0042802; GO:0048495; GO:0005095; GO:0043394; GO:0043237"
"O94907","DKK1",1.71436988300294,0.0156847263104669,2,0,0.102472023817657,430,2.42,426,434,"weight_sensitive_candidate","DKK1","dickkopf WNT signaling pathway inhibitor 1 [Source:HGNC Symbol;Acc:HGNC:2891]","multicellular organism development; negative regulation of Wnt signaling pathway; Wnt signaling pathway; negative regulation of apoptotic process; negative regulation of canonical Wnt signaling pathway; limb development; canonical Wnt signaling pathway; negative regulation of transcription by RNA polymerase II; cell morphogenesis; endoderm formation; mesoderm formation; somitogenesis; hair follicle development; endoderm development; regulation of Wnt signaling pathway; embryonic limb morphogenesis; negative regulation of BMP signaling pathway; forebrain development; response to retinoic acid; endodermal cell differentiation; head morphogenesis; face morphogenesis; Wnt signaling pathway involved in somitogenesis; heart induction; learning or memory; positive regulation of gene expression; negative regulation of neuron projection development; negative regulation of ossification; regulation of synapse organization; regulation of synaptic transmission, glutamatergic; motor learning; positive regulation of midbrain dopaminergic neuron differentiation; negative regulation of presynapse assembly; heart valve development; negative regulation of SMAD protein signal transduction; negative regulation of cardiac muscle cell differentiation; regulation of receptor internalization; endocardial cushion development; negative regulation of mesodermal cell fate specification; regulation of endodermal cell fate specification; regulation of neuron apoptotic process; positive regulation of JNK cascade; synapse pruning; regulation of dopaminergic neuron differentiation; negative regulation of Wnt-Frizzled-LRP5/6 complex assembly; positive regulation of Wnt signaling pathway, planar cell polarity pathway","extracellular region; extracellular space; plasma membrane; early endosome membrane","protein binding; growth factor activity; low-density lipoprotein particle receptor binding; co-receptor binding; receptor antagonist activity","GO:0007275; GO:0030178; GO:0016055; GO:0043066; GO:0090090; GO:0060173; GO:0060070; GO:0000122; GO:0000902; GO:0001706; GO:0001707; GO:0001756; GO:0001942; GO:0007492; GO:0030111; GO:0030326; GO:0030514; GO:0030900; GO:0032526; GO:0035987; GO:0060323; GO:0060325; GO:0090244; GO:0003129; GO:0007611; GO:0010628; GO:0010977; GO:0030279; GO:0050807; GO:0051966; GO:0061743; GO:1904958; GO:1905607; GO:0003170; GO:0060392; GO:2000726; GO:0002090; GO:0003197; GO:0042662; GO:0042663; GO:0043523; GO:0046330; GO:0098883; GO:1904338; GO:1904723; GO:2000096","GO:0005576; GO:0005615; GO:0005886; GO:0031901","GO:0005515; GO:0008083; GO:0050750; GO:0039706; GO:0048019"
"O95352","ATG7",-1.19107920576491,0.117920416080853,6,0,0.114536242080669,419,1.57,414,422,"weight_sensitive_candidate","ATG7","autophagy related 7 [Source:HGNC Symbol;Acc:HGNC:16935]","rhythmic process; autophagosome assembly; autophagy; regulation of primary metabolic process; regulation of macromolecule metabolic process; protein transport; positive regulation of apoptotic process; cellular response to stress; regulation of apoptotic process; positive regulation of protein catabolic process; regulation of circadian rhythm; positive regulation of catabolic process; response to nutrient levels; mitophagy; cellular response to nitrogen starvation; cellular response to starvation; piecemeal microautophagy of the nucleus; macroautophagy; protein lipidation; positive regulation of protein modification process; protein modification by small protein conjugation; defense response to virus; cellular response to hyperoxia","cytoplasm; axoneme; extracellular region; cytosol; secretory granule lumen; ficolin-1-rich granule lumen","ubiquitin-like modifier activating enzyme activity; protein binding; protein homodimerization activity; Atg12 activating enzyme activity; Atg8 activating enzyme activity","GO:0048511; GO:0000045; GO:0006914; GO:0080090; GO:0060255; GO:0015031; GO:0043065; GO:0033554; GO:0042981; GO:0045732; GO:0042752; GO:0009896; GO:0031667; GO:0000423; GO:0006995; GO:0009267; GO:0034727; GO:0016236; GO:0006497; GO:0031401; GO:0032446; GO:0051607; GO:0071455","GO:0005737; GO:0005930; GO:0005576; GO:0005829; GO:0034774; GO:1904813","GO:0008641; GO:0005515; GO:0042803; GO:0019778; GO:0019779"
"O95466","FMNL1",6.21848493847222,1.80698243369316e-10,2,0,0.425652215858386,55,4.63,46,66,"weight_sensitive_candidate","FMNL1","formin like 1 [Source:HGNC Symbol;Acc:HGNC:1212]","cytoskeleton organization; actin cytoskeleton organization; cellular component organization; regulation of cell morphogenesis; regulation of cell shape; actin filament severing; cell migration; cortical actin cytoskeleton organization","cytoplasm; plasma membrane; membrane; cell projection; cytosol; cytoplasmic vesicle; cell cortex; phagocytic vesicle","small GTPase binding; actin binding; protein binding; actin filament binding","GO:0007010; GO:0030036; GO:0016043; GO:0022604; GO:0008360; GO:0051014; GO:0016477; GO:0030866","GO:0005737; GO:0005886; GO:0016020; GO:0042995; GO:0005829; GO:0031410; GO:0005938; GO:0045335","GO:0031267; GO:0003779; GO:0005515; GO:0051015"
"O95477","ABCA1",2.64861596146374,0.000453256688066107,8,163.084045962503,0.2693400487642,238,18.71,182,252,"weight_sensitive_candidate","ABCA1","ATP binding cassette subfamily A member 1 [Source:HGNC Symbol;Acc:HGNC:29]","transmembrane transport; lipid metabolic process; steroid metabolic process; cholesterol metabolic process; phospholipid translocation; organic hydroxy compound transport; cholesterol efflux; response to laminar fluid shear stress; export across plasma membrane; adenylate cyclase-activating G protein-coupled receptor signaling pathway; high-density lipoprotein particle assembly; reverse cholesterol transport; peptide secretion; phagocytosis, engulfment; phospholipid efflux; lipoprotein metabolic process; establishment of localization in cell; lysosome organization; G protein-coupled receptor signaling pathway; response to nutrient; protein secretion; response to xenobiotic stimulus; phospholipid transport; endosomal transport; signal release; cholesterol transport; response to nutrient levels; intracellular cholesterol transport; response to vitamin B3; phospholipid homeostasis; platelet dense granule organization; cellular response to lipopolysaccharide; cellular response to retinoic acid; cellular response to cytokine stimulus; cellular response to cholesterol; cellular response to low-density lipoprotein particle stimulus; cellular response to xenobiotic stimulus; protein transmembrane transport; regulation of high-density lipoprotein particle assembly; positive regulation of high-density lipoprotein particle assembly","membrane; plasma membrane; endosome; Golgi apparatus; endoplasmic reticulum membrane; perinuclear region of cytoplasm; membrane raft; endocytic vesicle; phagocytic vesicle; intracellular vesicle","ATP binding; ATP hydrolysis activity; ABC-type transporter activity; protein binding; nucleotide binding; phosphatidylserine floppase activity; ATPase-coupled intramembrane lipid transporter activity; floppase activity; phospholipid transporter activity; phosphatidylcholine floppase activity; phosphatidylcholine binding; ATPase binding; signaling receptor binding; ATPase-coupled transmembrane transporter activity; small GTPase binding; cholesterol binding; high-density lipoprotein particle binding; protein transmembrane transporter activity; syntaxin binding; apolipoprotein binding; apolipoprotein A-I binding; apolipoprotein A-I receptor activity; sphingolipid floppase activity","GO:0055085; GO:0006629; GO:0008202; GO:0008203; GO:0045332; GO:0015850; GO:0033344; GO:0034616; GO:0140115; GO:0007189; GO:0034380; GO:0043691; GO:0002790; GO:0006911; GO:0033700; GO:0042157; GO:0051649; GO:0007040; GO:0007186; GO:0007584; GO:0009306; GO:0009410; GO:0015914; GO:0016197; GO:0023061; GO:0030301; GO:0031667; GO:0032367; GO:0033552; GO:0055091; GO:0060155; GO:0071222; GO:0071300; GO:0071345; GO:0071397; GO:0071404; GO:0071466; GO:0071806; GO:0090107; GO:0090108","GO:0016020; GO:0005886; GO:0005768; GO:0005794; GO:0005789; GO:0048471; GO:0045121; GO:0030139; GO:0045335; GO:0097708","GO:0005524; GO:0016887; GO:0140359; GO:0005515; GO:0000166; GO:0090556; GO:0140326; GO:0140328; GO:0005548; GO:0090554; GO:0031210; GO:0051117; GO:0005102; GO:0042626; GO:0031267; GO:0015485; GO:0008035; GO:0008320; GO:0019905; GO:0034185; GO:0034186; GO:0034188; GO:0046623"
"O95816","BAG2",3.3210349116724,5.0325550701303e-06,4,0,0.258060015313299,256,21.01,197,281,"weight_sensitive_candidate","BAG2","BAG cochaperone 2 [Source:HGNC Symbol;Acc:HGNC:938]","negative regulation of protein ubiquitination; positive regulation of proteolysis; protein folding; protein stabilization; protein metabolic process; positive regulation of protein processing; positive regulation of proteasomal protein catabolic process","cytosol; microtubule; axon; dendrite; dendritic microtubule; protein folding chaperone complex","adenyl-nucleotide exchange factor activity; protein-folding chaperone binding; protein binding; identical protein binding; tau protein binding; heat shock protein binding; ubiquitin protein ligase binding; transmembrane transporter binding","GO:0031397; GO:0045862; GO:0006457; GO:0050821; GO:0019538; GO:0010954; GO:1901800","GO:0005829; GO:0005874; GO:0030424; GO:0030425; GO:1901588; GO:0101031","GO:0000774; GO:0051087; GO:0005515; GO:0042802; GO:0048156; GO:0031072; GO:0031625; GO:0044325"
"O95858","TSPAN15",2.2521771931802,0.00156958970368464,2,0,0.141910213115247,402,6.24,384,406,"weight_sensitive_candidate","TSPAN15","tetraspanin 15 [Source:HGNC Symbol;Acc:HGNC:23298]","protein maturation; protein localization to plasma membrane; negative regulation of Notch signaling pathway; regulation of membrane protein ectodomain proteolysis","membrane; plasma membrane; cytosol; endosome; nuclear body; cell junction; late endosome membrane; endoplasmic reticulum lumen; tetraspanin-enriched microdomain","enzyme binding; protein binding","GO:0051604; GO:0072659; GO:0045746; GO:0051043","GO:0016020; GO:0005886; GO:0005829; GO:0005768; GO:0016604; GO:0030054; GO:0031902; GO:0005788; GO:0097197","GO:0019899; GO:0005515"
"P00491","PNP",-1.43276603077145,0.0373845723034592,8,960.175525141127,0.199073010884407,341,2.74,336,348,"weight_sensitive_candidate","PNP","purine nucleoside phosphorylase [Source:HGNC Symbol;Acc:HGNC:7892]","nucleoside metabolic process; nucleobase-containing compound metabolic process; immune response; response to xenobiotic stimulus; nucleotide biosynthetic process; purine ribonucleoside salvage; inosine catabolic process; urate biosynthetic process; positive regulation of T cell proliferation; positive regulation of alpha-beta T cell differentiation; allantoin metabolic process; deoxyinosine catabolic process; deoxyadenosine catabolic process; IMP catabolic process; nicotinamide riboside catabolic process; purine-containing compound salvage; dAMP catabolic process","cytoplasm; cytosol; extracellular region; secretory granule lumen; ficolin-1-rich granule lumen","catalytic activity; purine-nucleoside phosphorylase activity; pentosyltransferase activity; transferase activity; protein binding; glycosyltransferase activity; identical protein binding; nucleoside binding; purine nucleobase binding; guanosine phosphorylase activity","GO:0009116; GO:0006139; GO:0006955; GO:0009410; GO:0009165; GO:0006166; GO:0006148; GO:0034418; GO:0042102; GO:0046638; GO:0000255; GO:0006149; GO:0006157; GO:0006204; GO:0006738; GO:0043101; GO:0046059","GO:0005737; GO:0005829; GO:0005576; GO:0034774; GO:1904813","GO:0003824; GO:0004731; GO:0016763; GO:0016740; GO:0005515; GO:0016757; GO:0042802; GO:0001882; GO:0002060; GO:0047975"
"P00533","EGFR",2.66096413050353,0.000182794723305273,138,25606.7985888264,0.472037291250264,37,3.68,30,44,"weight_sensitive_candidate","EGFR","epidermal growth factor receptor [Source:HGNC Symbol;Acc:HGNC:3236]","positive regulation of cell migration; signal transduction; MAPK cascade; negative regulation of apoptotic process; cell surface receptor protein tyrosine kinase signaling pathway; positive regulation of DNA repair; positive regulation of transcription by RNA polymerase II; symbiont entry into host cell; negative regulation of protein catabolic process; cell-cell adhesion; epidermal growth factor receptor signaling pathway; cellular response to epidermal growth factor stimulus; negative regulation of epidermal growth factor receptor signaling pathway; ossification; learning or memory; positive regulation of protein phosphorylation; positive regulation of peptidyl-serine phosphorylation; positive regulation of cell population proliferation; neuron differentiation; protein insertion into membrane; ERBB2-EGFR signaling pathway; positive regulation of epithelial cell proliferation; positive regulation of phosphatidylinositol 3-kinase/protein kinase B signal transduction; phosphatidylinositol 3-kinase/protein kinase B signal transduction; positive regulation of cell growth; positive regulation of miRNA transcription; positive regulation of phosphorylation; positive regulation of DNA replication; positive regulation of MAPK cascade; cellular response to estradiol stimulus; positive regulation of canonical Wnt signaling pathway; positive regulation of G1/S transition of mitotic cell cycle; cell surface receptor signaling pathway; regulation of peptidyl-tyrosine phosphorylation; positive regulation of protein kinase C signaling; positive regulation of protein localization to plasma membrane; negative regulation of cardiocyte differentiation; protein phosphorylation; cell population proliferation; epithelial cell proliferation; cell morphogenesis; embryonic placenta development; hair follicle development; ubiquitin-dependent protein catabolic process; salivary gland morphogenesis; epidermis development; gene expression; protein ubiquitination; cerebral cortex cell migration; regulation of cell population proliferation; xenobiotic transport; positive regulation of epidermal growth factor receptor signaling pathway; digestive tract morphogenesis; morphogenesis of an epithelial fold; eyelid development in camera-type eye; cellular response to growth factor stimulus; positive regulation of fibroblast proliferation; cellular response to amino acid stimulus","nucleus; cytoplasm; extracellular region; extracellular space; plasma membrane; membrane; Golgi apparatus; cytosol; endosome; endosome membrane; focal adhesion; endoplasmic reticulum; endoplasmic reticulum membrane; ciliary basal body; cilium; perinuclear region of cytoplasm; cell junction; early endosome membrane; nuclear membrane; membrane raft; protein-containing complex; receptor complex; endocytic vesicle; clathrin-coated endocytic vesicle membrane; intracellular vesicle; multivesicular body, internal vesicle lumen","enzyme binding; transferase activity; nucleotide binding; ATP binding; protein kinase activity; kinase activity; protein binding; ubiquitin protein ligase binding; protein tyrosine kinase activity; transmembrane receptor protein tyrosine kinase activity; identical protein binding; double-stranded DNA binding; virus receptor activity; actin filament binding; kinase binding; chromatin binding; protein phosphatase binding; MAP kinase kinase kinase activity; cadherin binding; epidermal growth factor receptor activity; transmembrane signaling receptor activity; protein tyrosine kinase activator activity; epidermal growth factor binding; ATPase binding","GO:0030335; GO:0007165; GO:0000165; GO:0043066; GO:0007169; GO:0045739; GO:0045944; GO:0046718; GO:0042177; GO:0098609; GO:0007173; GO:0071364; GO:0042059; GO:0001503; GO:0007611; GO:0001934; GO:0033138; GO:0008284; GO:0030182; GO:0051205; GO:0038134; GO:0050679; GO:0051897; GO:0043491; GO:0030307; GO:1902895; GO:0042327; GO:0045740; GO:0043410; GO:0071392; GO:0090263; GO:1900087; GO:0007166; GO:0050730; GO:0090037; GO:1903078; GO:1905208; GO:0006468; GO:0008283; GO:0050673; GO:0000902; GO:0001892; GO:0001942; GO:0006511; GO:0007435; GO:0008544; GO:0010467; GO:0016567; GO:0021795; GO:0042127; GO:0042908; GO:0045742; GO:0048546; GO:0060571; GO:0061029; GO:0071363; GO:0048146; GO:0071230","GO:0005634; GO:0005737; GO:0005576; GO:0005615; GO:0005886; GO:0016020; GO:0005794; GO:0005829; GO:0005768; GO:0010008; GO:0005925; GO:0005783; GO:0005789; GO:0036064; GO:0005929; GO:0048471; GO:0030054; GO:0031901; GO:0031965; GO:0045121; GO:0032991; GO:0043235; GO:0030139; GO:0030669; GO:0097708; GO:0097489","GO:0019899; GO:0016740; GO:0000166; GO:0005524; GO:0004672; GO:0016301; GO:0005515; GO:0031625; GO:0004713; GO:0004714; GO:0042802; GO:0003690; GO:0001618; GO:0051015; GO:0019900; GO:0003682; GO:0019903; GO:0004709; GO:0045296; GO:0005006; GO:0004888; GO:0030296; GO:0048408; GO:0051117"
"P00734","F2",-0.56462123847848,0.533799521315587,10,588.823106305085,0.150844972034643,388,4.55,377,395,"weight_sensitive_candidate","F2","coagulation factor II, thrombin [Source:HGNC Symbol;Acc:HGNC:3535]","proteolysis; blood coagulation; hemostasis; fibrinolysis; acute-phase response; cytolysis by host of symbiont cells; positive regulation of reactive oxygen species metabolic process; regulation of body fluid levels; antimicrobial humoral immune response mediated by antimicrobial peptide; negative regulation of cytokine production involved in inflammatory response; negative regulation of blood coagulation; positive regulation of release of sequestered calcium ion into cytosol; cell surface receptor signaling pathway; positive regulation of cell population proliferation; regulation of cell shape; regulation of gene expression; platelet activation; positive regulation of cell growth; positive regulation of phosphatidylinositol 3-kinase/protein kinase B signal transduction; blood coagulation, fibrin clot formation; G protein-coupled receptor signaling pathway; response to wounding; negative regulation of platelet activation; regulation of blood coagulation; positive regulation of blood coagulation; positive regulation of insulin secretion; positive regulation of collagen biosynthetic process; negative regulation of proteolysis; positive regulation of receptor signaling pathway via JAK-STAT; negative regulation of astrocyte differentiation; regulation of cytosolic calcium ion concentration; negative regulation of fibrinolysis; neutrophil-mediated killing of gram-negative bacterium; positive regulation of protein localization to nucleus; positive regulation of phospholipase C-activating G protein-coupled receptor signaling pathway; ligand-gated ion channel signaling pathway","extracellular region; extracellular space; endoplasmic reticulum lumen; plasma membrane; blood microparticle; extracellular matrix; Golgi lumen","calcium ion binding; serine-type endopeptidase activity; protein binding; signaling receptor binding; hydrolase activity; peptidase activity; serine-type peptidase activity; heparin binding; receptor ligand activity; lipopolysaccharide binding; growth factor activity; endopeptidase activity","GO:0006508; GO:0007596; GO:0007599; GO:0042730; GO:0006953; GO:0051838; GO:2000379; GO:0050878; GO:0061844; GO:1900016; GO:0030195; GO:0051281; GO:0007166; GO:0008284; GO:0008360; GO:0010468; GO:0030168; GO:0030307; GO:0051897; GO:0072378; GO:0007186; GO:0009611; GO:0010544; GO:0030193; GO:0030194; GO:0032024; GO:0032967; GO:0045861; GO:0046427; GO:0048712; GO:0051480; GO:0051918; GO:0070945; GO:1900182; GO:1900738; GO:1990806","GO:0005576; GO:0005615; GO:0005788; GO:0005886; GO:0072562; GO:0031012; GO:0005796","GO:0005509; GO:0004252; GO:0005515; GO:0005102; GO:0016787; GO:0008233; GO:0008236; GO:0008201; GO:0048018; GO:0001530; GO:0008083; GO:0004175"
"P00738","HP",-3.51007830604539,2.93763016047523e-06,12,82.2016885414835,0.358246453641509,90,3.69,84,101,"weight_sensitive_candidate","HP","haptoglobin [Source:HGNC Symbol;Acc:HGNC:5141]","proteolysis; immune system process; defense response to bacterium; cellular oxidant detoxification; acute-phase response; inflammatory response; defense response; zymogen activation; negative regulation of hydrogen peroxide catabolic process","extracellular region; extracellular space; blood microparticle; specific granule lumen; tertiary granule lumen; endocytic vesicle lumen; haptoglobin-hemoglobin complex","serine-type endopeptidase activity; protein binding; antioxidant activity; hemoglobin binding","GO:0006508; GO:0002376; GO:0042742; GO:0098869; GO:0006953; GO:0006954; GO:0006952; GO:0031638; GO:2000296","GO:0005576; GO:0005615; GO:0072562; GO:0035580; GO:1904724; GO:0071682; GO:0031838","GO:0004252; GO:0005515; GO:0016209; GO:0030492"
"P00749","PLAU",-1.89591361260727,0.00597216665071603,20,21.6292295408382,0.252719675259975,267,3.6,257,270,"weight_sensitive_candidate","PLAU","plasminogen activator, urokinase [Source:HGNC Symbol;Acc:HGNC:9052]","proteolysis; blood coagulation; hemostasis; fibrinolysis; epidermal growth factor receptor signaling pathway; positive regulation of epidermal growth factor receptor signaling pathway; regulation of wound healing; chemotaxis; signal transduction; positive regulation of cell migration; regulation of smooth muscle cell migration; regulation of cell adhesion; plasminogen activation; regulation of cell adhesion mediated by integrin; urokinase plasminogen activator signaling pathway; regulation of fibrinolysis; negative regulation of fibrinolysis; regulation of smooth muscle cell-matrix adhesion; regulation of integrin-mediated signaling pathway; response to hypoxia; smooth muscle cell migration; regulation of cell population proliferation","extracellular space; extracellular region; focal adhesion; plasma membrane; specific granule membrane; tertiary granule membrane; serine-type endopeptidase complex; serine protease inhibitor complex; protein complex involved in cell-matrix adhesion","serine-type endopeptidase activity; hydrolase activity; protein binding; peptidase activity; serine-type peptidase activity; receptor ligand activity","GO:0006508; GO:0007596; GO:0007599; GO:0042730; GO:0007173; GO:0045742; GO:0061041; GO:0006935; GO:0007165; GO:0030335; GO:0014910; GO:0030155; GO:0031639; GO:0033628; GO:0038195; GO:0051917; GO:0051918; GO:2000097; GO:2001044; GO:0001666; GO:0014909; GO:0042127","GO:0005615; GO:0005576; GO:0005925; GO:0005886; GO:0035579; GO:0070821; GO:1905370; GO:0097180; GO:0098637","GO:0004252; GO:0016787; GO:0005515; GO:0008233; GO:0008236; GO:0048018"
"P00750","PLAT",3.73342507694119,5.0325550701303e-06,10,2.00811262478786,0.329454153506067,121,8.81,109,139,"weight_sensitive_candidate","PLAT","plasminogen activator, tissue type [Source:HGNC Symbol;Acc:HGNC:9051]","proteolysis; plasminogen activation; zymogen activation; blood coagulation; protein modification process; negative regulation of proteolysis; fibrinolysis; negative regulation of fibrinolysis; response to hypoxia; smooth muscle cell migration; platelet-derived growth factor receptor signaling pathway; prevention of polyspermy","extracellular region; cytoplasm; extracellular space; serine protease inhibitor complex; glutamatergic synapse; secretory granule; apical part of cell","serine-type endopeptidase activity; protein binding; hydrolase activity; peptidase activity; serine-type peptidase activity; signaling receptor binding; phosphoprotein binding","GO:0006508; GO:0031639; GO:0031638; GO:0007596; GO:0036211; GO:0045861; GO:0042730; GO:0051918; GO:0001666; GO:0014909; GO:0048008; GO:0060468","GO:0005576; GO:0005737; GO:0005615; GO:0097180; GO:0098978; GO:0030141; GO:0045177","GO:0004252; GO:0005515; GO:0016787; GO:0008233; GO:0008236; GO:0005102; GO:0051219"
"P00918","CA2",-6.71714674199423,1.59486682498859e-11,6,118.176092137378,0.535942647597567,20,1.23,17,22,"robust_candidate","CA2","carbonic anhydrase 2 [Source:HGNC Symbol;Acc:HGNC:1373]","angiotensin-activated signaling pathway; morphogenesis of an epithelium; carbon dioxide transport; positive regulation of cellular pH reduction; secretion; neuron cellular homeostasis; regulation of chloride transport; regulation of monoatomic anion transport; regulation of intracellular pH; positive regulation of dipeptide transmembrane transport","cytoplasm; plasma membrane; membrane; cytosol; apical part of cell; myelin sheath","zinc ion binding; carbonate dehydratase activity; metal ion binding; lyase activity; protein binding; cyanamide hydratase activity; arylesterase activity","GO:0038166; GO:0002009; GO:0015670; GO:0032849; GO:0046903; GO:0070050; GO:2001225; GO:0044070; GO:0051453; GO:2001150","GO:0005737; GO:0005886; GO:0016020; GO:0005829; GO:0045177; GO:0043209","GO:0008270; GO:0004089; GO:0046872; GO:0016829; GO:0005515; GO:0018820; GO:0004064"
"P01011","SERPINA3",-1.1388647470204,0.281879836009968,6,8.0729811282982,0.122632443329122,413,1.15,410,415,"robust_candidate","SERPINA3","serpin family A member 3 [Source:HGNC Symbol;Acc:HGNC:16]","inflammatory response; acute-phase response; regulation of lipid metabolic process; maintenance of gastrointestinal epithelium; response to cytokine","extracellular space; nucleus; extracellular region; blood microparticle; extracellular matrix; secretory granule lumen; platelet alpha granule lumen; azurophil granule lumen","serine-type endopeptidase inhibitor activity; peptidase inhibitor activity; DNA binding; protein binding","GO:0006954; GO:0006953; GO:0019216; GO:0030277; GO:0034097","GO:0005615; GO:0005634; GO:0005576; GO:0072562; GO:0031012; GO:0034774; GO:0031093; GO:0035578","GO:0004867; GO:0030414; GO:0003677; GO:0005515"
"P01033","TIMP1",3.45343113977838,5.64481585830672e-05,26,98.2960982176792,0.378241219925073,79,1.61,75,82,"weight_sensitive_candidate","TIMP1","TIMP metallopeptidase inhibitor 1 [Source:HGNC Symbol;Acc:HGNC:11820]","signal transduction; positive regulation of cell population proliferation; regulation of integrin-mediated signaling pathway; negative regulation of catalytic activity; response to cytokine; connective tissue replacement involved in inflammatory response wound healing; response to hormone; negative regulation of endopeptidase activity; negative regulation of apoptotic process; response to peptide hormone; negative regulation of membrane protein ectodomain proteolysis; cartilage development; negative regulation of trophoblast cell migration; cellular response to peptide; negative regulation of metallopeptidase activity; cellular response to acetaldehyde","extracellular region; extracellular space; collagen trimer; secretory granule lumen; extracellular matrix; endoplasmic reticulum lumen; platelet alpha granule lumen; basement membrane","protein binding; metalloendopeptidase inhibitor activity; growth factor activity; metal ion binding; peptidase inhibitor activity; zinc ion binding; cytokine activity; enzyme inhibitor activity; protease binding","GO:0007165; GO:0008284; GO:2001044; GO:0043086; GO:0034097; GO:0002248; GO:0009725; GO:0010951; GO:0043066; GO:0043434; GO:0051045; GO:0051216; GO:1901164; GO:1901653; GO:1905049; GO:1905641","GO:0005576; GO:0005615; GO:0005581; GO:0034774; GO:0031012; GO:0005788; GO:0031093; GO:0005604","GO:0005515; GO:0008191; GO:0008083; GO:0046872; GO:0030414; GO:0008270; GO:0005125; GO:0004857; GO:0002020"
"P01040","CSTA",-3.24852690580749,9.46998057967317e-06,8,819.195929407415,0.334661789872118,112,7.16,100,136,"weight_sensitive_candidate","CSTA","cystatin A [Source:HGNC Symbol;Acc:HGNC:2481]","cell adhesion; cell-cell adhesion; keratinocyte differentiation; negative regulation of proteolysis","cytoplasm; extracellular space; cytosol; nucleoplasm; cornified envelope; peptidase inhibitor complex","cysteine-type endopeptidase inhibitor activity; endopeptidase inhibitor activity; peptidase inhibitor activity; protein binding; protease binding","GO:0007155; GO:0098609; GO:0030216; GO:0045861","GO:0005737; GO:0005615; GO:0005829; GO:0005654; GO:0001533; GO:1904090","GO:0004869; GO:0004866; GO:0030414; GO:0005515; GO:0002020"
"P01111","NRAS",-1.62131878234086,0.191528114752541,40,1510.52170228758,0.286346345470723,182,6.51,174,203,"weight_sensitive_candidate","NRAS","NRAS proto-oncogene, GTPase [Source:HGNC Symbol;Acc:HGNC:7989]","signal transduction; MAPK cascade; Ras protein signal transduction; positive regulation of endothelial cell proliferation","membrane; plasma membrane; Golgi apparatus; endoplasmic reticulum membrane; cytosol; tertiary granule membrane","GTPase activity; GTP binding; hydrolase activity; nucleotide binding; protein binding; G protein activity; protein-containing complex binding; GDP binding","GO:0007165; GO:0000165; GO:0007265; GO:0001938","GO:0016020; GO:0005886; GO:0005794; GO:0005789; GO:0005829; GO:0070821","GO:0003924; GO:0005525; GO:0016787; GO:0000166; GO:0005515; GO:0003925; GO:0044877; GO:0019003"
"P01833","PIGR",-1.20929737128297,0.0731897182489878,2,0,0.0698589266205969,443,0.66,441,444,"robust_candidate","PIGR","polymeric immunoglobulin receptor [Source:HGNC Symbol;Acc:HGNC:8968]","receptor clustering; epidermal growth factor receptor signaling pathway; signal transduction; Fc receptor signaling pathway; detection of chemical stimulus involved in sensory perception of bitter taste","extracellular region; extracellular space; plasma membrane; membrane; endomembrane system; cytoplasmic vesicle membrane; bounding membrane of organelle; azurophil granule membrane; receptor complex; secretory IgA immunoglobulin complex","transmembrane signaling receptor activity; polymeric immunoglobulin binding; polymeric immunoglobulin receptor activity","GO:0043113; GO:0007173; GO:0007165; GO:0038093; GO:0001580","GO:0005576; GO:0005615; GO:0005886; GO:0016020; GO:0012505; GO:0030659; GO:0098588; GO:0035577; GO:0043235; GO:0071751","GO:0004888; GO:0001790; GO:0001792"
"P01903","HLA-DRA",5.59179163816666,1.14071166232654e-09,10,40.4057287279304,0.488514777543572,30,1.7,29,34,"weight_sensitive_candidate","HLA-DRA","major histocompatibility complex, class II, DR alpha [Source:HGNC Symbol;Acc:HGNC:4947]","immune response; antigen processing and presentation; immune system process; adaptive immune response; cognition; antigen processing and presentation of peptide or polysaccharide antigen via MHC class II; antigen processing and presentation of exogenous peptide antigen via MHC class II; positive regulation of T cell activation; positive regulation of T cell mediated cytotoxicity; positive regulation of memory T cell differentiation; regulation of T-helper cell differentiation; positive regulation of immune response; positive regulation of CD4-positive, alpha-beta T cell activation","membrane; plasma membrane; endosome; endosome membrane; endoplasmic reticulum; endoplasmic reticulum membrane; cytoplasmic vesicle; lysosome; early endosome membrane; lysosomal membrane; late endosome membrane; immunological synapse; endocytic vesicle membrane; ER to Golgi transport vesicle membrane; clathrin-coated endocytic vesicle membrane; transport vesicle membrane","protein binding; polysaccharide binding; MHC class II protein complex binding","GO:0006955; GO:0019882; GO:0002376; GO:0002250; GO:0050890; GO:0002504; GO:0019886; GO:0050870; GO:0001916; GO:0043382; GO:0045622; GO:0050778; GO:2000516","GO:0016020; GO:0005886; GO:0005768; GO:0010008; GO:0005783; GO:0005789; GO:0031410; GO:0005764; GO:0031901; GO:0005765; GO:0031902; GO:0001772; GO:0030666; GO:0012507; GO:0030669; GO:0030658","GO:0005515; GO:0030247; GO:0023026"
"P02649","APOE",1.69091803195193,0.0594441953565241,30,1132.06111953607,0.27937800352367,199,8.57,191,219,"weight_sensitive_candidate","APOE","apolipoprotein E [Source:HGNC Symbol;Acc:HGNC:613]","lipid transport; lipoprotein metabolic process; negative regulation of gene expression; lipid metabolic process; steroid metabolic process; cholesterol metabolic process; positive regulation of DNA-templated transcription; cellular oxidant detoxification; cytoskeleton organization; neuron projection development; negative regulation of smooth muscle cell proliferation; response to dietary excess; cholesterol catabolic process; intracellular calcium ion homeostasis; response to oxidative stress; regulation of gene expression; cholesterol efflux; lipoprotein catabolic process; vasodilation; artery morphogenesis; maintenance of location in cell; lipid homeostasis; artery development; circulatory system development; negative regulation of triglyceride metabolic process; gene expression; positive regulation of neuron projection development; melanosome organization; very-low-density lipoprotein particle remodeling; low-density lipoprotein particle remodeling; regulation of apoptotic process; regulation of innate immune response; negative regulation of inflammatory response; regulation of synapse organization; triglyceride homeostasis; triglyceride-rich lipoprotein particle clearance; positive regulation of cholesterol metabolic process; regulation of plasma lipoprotein particle levels; positive regulation of amyloid-beta clearance; negative regulation of amyloid fibril formation; regulation of proteasomal protein catabolic process; negative regulation of protein secretion; negative regulation of MAPK cascade; negative regulation of platelet-derived growth factor receptor signaling pathway; intracellular transport; negative regulation of canonical Wnt signaling pathway; positive regulation of nitric oxide biosynthetic process; positive regulation of membrane protein ectodomain proteolysis; cellular response to amyloid-beta; negative regulation of long-term synaptic potentiation; amyloid precursor protein metabolic process; regulation of axon extension; high-density lipoprotein particle remodeling; high-density lipoprotein particle assembly; high-density lipoprotein particle clearance; reverse cholesterol transport; G protein-coupled receptor signaling pathway; phospholipid efflux; negative regulation of platelet activation; receptor-mediated endocytosis; long-term memory; regulation of protein metabolic process; negative regulation of protein metabolic process; response to caloric restriction; negative regulation of blood vessel endothelial cell migration; negative regulation of endothelial cell proliferation; cellular response to lipoprotein particle stimulus; acylglycerol homeostasis; positive regulation of dendritic spine development; positive regulation of dendritic spine maintenance; AMPA glutamate receptor clustering; NMDA glutamate receptor clustering; response to reactive oxygen species; triglyceride metabolic process; synaptic transmission, cholinergic; negative regulation of endothelial cell migration; negative regulation of neuron projection development; long-chain fatty acid transport; protein import; virion assembly; negative regulation of blood coagulation; chylomicron remnant clearance; very-low-density lipoprotein particle clearance; locomotory exploration behavior; regulation of protein-containing complex assembly; positive regulation by host of viral process; positive regulation of endocytosis; positive regulation of lipid biosynthetic process; regulation of neuronal synaptic plasticity; fatty acid homeostasis; intermediate-density lipoprotein particle clearance; regulation of cholesterol metabolic process; regulation of amyloid-beta clearance; negative regulation of amyloid-beta formation; regulation of amyloid precursor protein catabolic process; positive regulation of phospholipid efflux; positive regulation of lipid transport across blood-brain barrier; regulation of cellular response to very-low-density lipoprotein particle stimulus; regulation of amyloid fibril formation; positive regulation of amyloid fibril formation; regulation of behavioral fear response","extracellular region; cytoplasm; extracellular space; nucleus; membrane; endosome; very-low-density lipoprotein particle; low-density lipoprotein particle; high-density lipoprotein particle; chylomicron; extracellular matrix; plasma membrane; glutamatergic synapse; multivesicular body; blood microparticle; endoplasmic reticulum lumen; extracellular vesicle; clathrin-coated endocytic vesicle membrane; dendrite; neuronal cell body; endoplasmic reticulum; endocytic vesicle lumen; early endosome; synaptic cleft; Golgi apparatus; multivesicular body, internal vesicle; chylomicron remnant; intermediate-density lipoprotein particle; discoidal high-density lipoprotein particle; lipoprotein particle","lipid binding; protein binding; identical protein binding; heparin binding; receptor ligand activity; heparan sulfate proteoglycan binding; phosphatidylcholine-sterol O-acyltransferase activator activity; lipoprotein particle binding; amyloid-beta binding; protein homodimerization activity; signaling receptor binding; low-density lipoprotein particle receptor binding; phospholipid binding; enzyme binding; protein-containing complex binding; lipid transporter activity; antioxidant activity; structural molecule activity; metal chelating activity; protein dimerization activity; tau protein binding","GO:0006869; GO:0042157; GO:0010629; GO:0006629; GO:0008202; GO:0008203; GO:0045893; GO:0098869; GO:0007010; GO:0031175; GO:0048662; GO:0002021; GO:0006707; GO:0006874; GO:0006979; GO:0010468; GO:0033344; GO:0042159; GO:0042311; GO:0048844; GO:0051651; GO:0055088; GO:0060840; GO:0072359; GO:0090209; GO:0010467; GO:0010976; GO:0032438; GO:0034372; GO:0034374; GO:0042981; GO:0045088; GO:0050728; GO:0050807; GO:0070328; GO:0071830; GO:0090205; GO:0097006; GO:1900223; GO:1905907; GO:0061136; GO:0050709; GO:0043409; GO:0010642; GO:0046907; GO:0090090; GO:0045429; GO:0051044; GO:1904646; GO:1900272; GO:0042982; GO:0030516; GO:0034375; GO:0034380; GO:0034384; GO:0043691; GO:0007186; GO:0033700; GO:0010544; GO:0006898; GO:0007616; GO:0051246; GO:0051248; GO:0061771; GO:0043537; GO:0001937; GO:0071402; GO:0055090; GO:0060999; GO:1902952; GO:0097113; GO:0097114; GO:0000302; GO:0006641; GO:0007271; GO:0010596; GO:0010977; GO:0015909; GO:0017038; GO:0019068; GO:0030195; GO:0034382; GO:0034447; GO:0035641; GO:0043254; GO:0044794; GO:0045807; GO:0046889; GO:0048168; GO:0055089; GO:0071831; GO:0090181; GO:1900221; GO:1902430; GO:1902991; GO:1902995; GO:1903002; GO:1905890; GO:1905906; GO:1905908; GO:2000822","GO:0005576; GO:0005737; GO:0005615; GO:0005634; GO:0016020; GO:0005768; GO:0034361; GO:0034362; GO:0034364; GO:0042627; GO:0031012; GO:0005886; GO:0098978; GO:0005771; GO:0072562; GO:0005788; GO:1903561; GO:0030669; GO:0030425; GO:0043025; GO:0005783; GO:0071682; GO:0005769; GO:0043083; GO:0005794; GO:0097487; GO:0034360; GO:0034363; GO:0034365; GO:1990777","GO:0008289; GO:0005515; GO:0042802; GO:0008201; GO:0048018; GO:0043395; GO:0060228; GO:0071813; GO:0001540; GO:0042803; GO:0005102; GO:0050750; GO:0005543; GO:0019899; GO:0044877; GO:0005319; GO:0016209; GO:0005198; GO:0046911; GO:0046983; GO:0048156"
"P02751","FN1",3.53842274994988,3.83081769226345e-06,126,8172.31401623978,0.52339282697741,22,2.28,19,28,"weight_sensitive_candidate","FN1","fibronectin 1 [Source:HGNC Symbol;Acc:HGNC:3778]","cell adhesion; angiogenesis; regulation of cell shape; positive regulation of gene expression; positive regulation of cell population proliferation; acute-phase response; response to wounding; nervous system development; integrin activation; heart development; positive regulation of phosphatidylinositol 3-kinase/protein kinase B signal transduction; integrin-mediated signaling pathway; endothelial cell migration; positive regulation of fibroblast proliferation; regulation of protein phosphorylation; substrate adhesion-dependent cell spreading; cell-matrix adhesion; biological process involved in interaction with symbiont; cell-substrate junction assembly; endodermal cell differentiation; negative regulation of transforming growth factor beta production; blood coagulation, fibrin clot formation; negative regulation of monocyte activation; neural crest cell migration involved in autonomic nervous system development; positive regulation of substrate-dependent cell migration, cell attachment to substrate; autophagy; calcium-independent cell-matrix adhesion; negative regulation of autophagy; response to muscle activity; wound healing; positive regulation of axon extension","extracellular region; extracellular space; extracellular matrix; endoplasmic reticulum-Golgi intermediate compartment; plasma membrane; blood microparticle; endoplasmic reticulum lumen; platelet alpha granule lumen; fibrinogen complex; basement membrane","protein binding; signaling receptor binding; integrin binding; heparin binding; identical protein binding; protease binding; collagen binding; extracellular matrix structural constituent; proteoglycan binding; peptidase activator activity; receptor ligand activity","GO:0007155; GO:0001525; GO:0008360; GO:0010628; GO:0008284; GO:0006953; GO:0009611; GO:0007399; GO:0033622; GO:0007507; GO:0051897; GO:0007229; GO:0043542; GO:0048146; GO:0001932; GO:0034446; GO:0007160; GO:0051702; GO:0007044; GO:0035987; GO:0071635; GO:0072378; GO:0150102; GO:1901166; GO:1904237; GO:0006914; GO:0007161; GO:0010507; GO:0014850; GO:0042060; GO:0045773","GO:0005576; GO:0005615; GO:0031012; GO:0005793; GO:0005886; GO:0072562; GO:0005788; GO:0031093; GO:0005577; GO:0005604","GO:0005515; GO:0005102; GO:0005178; GO:0008201; GO:0042802; GO:0002020; GO:0005518; GO:0005201; GO:0043394; GO:0016504; GO:0048018"
"P02786","TFRC",2.12382942054407,0.00251108350346537,22,1360.53355503932,0.304628708024682,157,6.42,142,172,"weight_sensitive_candidate","TFRC","transferrin receptor [Source:HGNC Symbol;Acc:HGNC:11763]","transferrin transport; endocytosis; signal transduction; intracellular signal transduction; receptor-mediated endocytosis; intracellular iron ion homeostasis; symbiont entry into host cell; receptor internalization; iron ion transport; positive regulation of T cell proliferation; multicellular organismal-level iron ion homeostasis; positive regulation of isotype switching; positive regulation of canonical NF-kappaB signal transduction; positive regulation of gene expression; transport across blood-brain barrier; cellular response to xenobiotic stimulus; positive regulation of protein localization to nucleus; cell surface receptor signaling pathway; cellular response to leukemia inhibitory factor; response to hypoxia; acute-phase response; response to nutrient; response to iron ion; response to manganese ion; osteoclast differentiation; positive regulation of B cell proliferation; positive regulation of protein-containing complex assembly; response to retinoic acid; negative regulation of apoptotic process; response to copper ion","extracellular region; extracellular space; plasma membrane; membrane; clathrin-coated pit; recycling endosome; blood microparticle; endosome membrane; HFE-transferrin receptor complex; extracellular vesicle; cytoplasmic vesicle; clathrin-coated endocytic vesicle membrane; endosome; postsynapse; glutamatergic synapse; early endosome; perinuclear region of cytoplasm; recycling endosome membrane","transferrin receptor activity; protein binding; RNA binding; identical protein binding; virus receptor activity; protein homodimerization activity; double-stranded RNA binding; protein-containing complex binding; protein kinase binding; Hsp70 protein binding; protein-folding chaperone binding","GO:0033572; GO:0006897; GO:0007165; GO:0035556; GO:0006898; GO:0006879; GO:0046718; GO:0031623; GO:0006826; GO:0042102; GO:0060586; GO:0045830; GO:0043123; GO:0010628; GO:0150104; GO:0071466; GO:1900182; GO:0007166; GO:1990830; GO:0001666; GO:0006953; GO:0007584; GO:0010039; GO:0010042; GO:0030316; GO:0030890; GO:0031334; GO:0032526; GO:0043066; GO:0046688","GO:0005576; GO:0005615; GO:0005886; GO:0016020; GO:0005905; GO:0055037; GO:0072562; GO:0010008; GO:1990712; GO:1903561; GO:0031410; GO:0030669; GO:0005768; GO:0098794; GO:0098978; GO:0005769; GO:0048471; GO:0055038","GO:0004998; GO:0005515; GO:0003723; GO:0042802; GO:0001618; GO:0042803; GO:0003725; GO:0044877; GO:0019901; GO:0030544; GO:0051087"
"P02788","LTF",-1.26106415423828,0.188471044343738,24,865.269242005259,0.238323585667676,292,3.67,283,296,"weight_sensitive_candidate","LTF","lactotransferrin [Source:HGNC Symbol;Acc:HGNC:6720]","regulation of cytokine production; antibacterial humoral response; antifungal humoral response; monoatomic ion transport; negative regulation of apoptotic process; proteolysis; immune system process; defense response to bacterium; positive regulation of canonical NF-kappaB signal transduction; killing of cells of another organism; iron ion transport; defense response to Gram-negative bacterium; ossification; bone morphogenesis; negative regulation of osteoclast development; positive regulation of protein serine/threonine kinase activity; innate immune response in mucosa; antimicrobial humoral immune response mediated by antimicrobial peptide; positive regulation of NF-kappaB transcription factor activity; humoral immune response; negative regulation of lipopolysaccharide-mediated signaling pathway; negative regulation of ATP-dependent activity; positive regulation of osteoblast proliferation; positive regulation of toll-like receptor 4 signaling pathway; negative regulation by host of viral process; negative regulation of viral genome replication; negative regulation of viral process; positive regulation of bone mineralization involved in bone maturation; negative regulation of single-species biofilm formation in or on host organism; positive regulation of chondrocyte proliferation; negative regulation of tumor necrosis factor (ligand) superfamily member 11 production","extracellular region; extracellular space; nucleus; cytoplasm; plasma membrane; protein-containing complex; early endosome; recycling endosome; specific granule; specific granule lumen; tertiary granule lumen; phagocytic vesicle lumen; secretory granule","iron ion binding; serine-type endopeptidase activity; hydrolase activity; metal ion binding; DNA binding; protein binding; peptidase activity; serine-type peptidase activity; heparin binding; protein serine/threonine kinase activator activity; lipopolysaccharide binding; cysteine-type endopeptidase inhibitor activity; membrane destabilizing activity","GO:0001817; GO:0019731; GO:0019732; GO:0006811; GO:0043066; GO:0006508; GO:0002376; GO:0042742; GO:0043123; GO:0031640; GO:0006826; GO:0050829; GO:0001503; GO:0060349; GO:2001205; GO:0071902; GO:0002227; GO:0061844; GO:0051092; GO:0006959; GO:0031665; GO:0032780; GO:0033690; GO:0034145; GO:0044793; GO:0045071; GO:0048525; GO:1900159; GO:1900229; GO:1902732; GO:2000308","GO:0005576; GO:0005615; GO:0005634; GO:0005737; GO:0005886; GO:0032991; GO:0005769; GO:0055037; GO:0042581; GO:0035580; GO:1904724; GO:0097013; GO:0030141","GO:0005506; GO:0004252; GO:0016787; GO:0046872; GO:0003677; GO:0005515; GO:0008233; GO:0008236; GO:0008201; GO:0043539; GO:0001530; GO:0004869; GO:0140912"
"P02795","MT2A",1.56203871466489,0.026369620217135,2,0,0.0922445890539249,436,1.2,433,438,"robust_candidate","MT2A","metallothionein 2A [Source:HGNC Symbol;Acc:HGNC:7406]","negative regulation of growth; intracellular copper ion homeostasis; intracellular zinc ion homeostasis; detoxification of copper ion; cellular response to interleukin-3; cellular response to erythropoietin; cellular response to cadmium ion; cellular response to copper ion; cellular response to zinc ion","nucleus; cytoplasm; cytosol","metal ion binding; protein binding; zinc ion binding","GO:0045926; GO:0006878; GO:0006882; GO:0010273; GO:0036016; GO:0036018; GO:0071276; GO:0071280; GO:0071294","GO:0005634; GO:0005737; GO:0005829","GO:0046872; GO:0005515; GO:0008270"
"P03956","MMP1",4.21901189088316,3.96749593863052e-06,18,107.812651896236,0.41038166148733,59,1.05,58,62,"robust_candidate","MMP1","matrix metallopeptidase 1 [Source:HGNC Symbol;Acc:HGNC:7155]","proteolysis; collagen catabolic process; positive regulation of protein-containing complex assembly; extracellular matrix organization; extracellular matrix disassembly","extracellular matrix; extracellular region","zinc ion binding; metallopeptidase activity; metalloendopeptidase activity; hydrolase activity; metal ion binding; peptidase activity; endopeptidase activity; serine-type endopeptidase activity","GO:0006508; GO:0030574; GO:0031334; GO:0030198; GO:0022617","GO:0031012; GO:0005576","GO:0008270; GO:0008237; GO:0004222; GO:0016787; GO:0046872; GO:0008233; GO:0004175; GO:0004252"
"P03973","SLPI",-2.40283591495864,0.00177285726874039,4,0,0.176953222622056,365,5.44,352,371,"weight_sensitive_candidate","SLPI","secretory leukocyte peptidase inhibitor [Source:HGNC Symbol;Acc:HGNC:11092]","immune system process; innate immune response; defense response to bacterium; immune response; antibacterial humoral response; negative regulation of viral genome replication; response to lipopolysaccharide; negative regulation of protein binding; modulation by host of symbiont process","extracellular region; extracellular space; Golgi apparatus; extracellular matrix; specific granule lumen","peptidase inhibitor activity; enzyme binding; serine-type endopeptidase inhibitor activity; DNA binding; protein binding; mRNA binding; endopeptidase inhibitor activity","GO:0002376; GO:0045087; GO:0042742; GO:0006955; GO:0019731; GO:0045071; GO:0032496; GO:0032091; GO:0051851","GO:0005576; GO:0005615; GO:0005794; GO:0031012; GO:0035580","GO:0030414; GO:0019899; GO:0004867; GO:0003677; GO:0005515; GO:0003729; GO:0004866"
"P04040","CAT",1.73936415253544,0.013015314221231,2,0,0.104871550141378,427,2.61,421,432,"weight_sensitive_candidate","CAT","catalase [Source:HGNC Symbol;Acc:HGNC:1516]","response to oxidative stress; hydrogen peroxide catabolic process; negative regulation of apoptotic process; cellular oxidant detoxification; positive regulation of cell division; osteoblast differentiation; triglyceride metabolic process; cholesterol metabolic process; aerobic respiration; hemoglobin metabolic process; positive regulation of phosphatidylinositol 3-kinase/protein kinase B signal transduction; response to reactive oxygen species; ureteric bud development; response to hypoxia; kidney development; response to xenobiotic stimulus; response to UV; response to toxic substance; response to light intensity; response to ozone; response to lead ion; response to activity; response to inactivity; response to estradiol; response to vitamin A; response to vitamin E; response to L-ascorbic acid; response to ethanol; response to cadmium ion; response to hyperoxia; response to fatty acid; cellular response to growth factor stimulus; response to amitrole; response to phenylpropanoid; cellular detoxification of hydrogen peroxide","membrane; focal adhesion; peroxisome; peroxisomal membrane; cytoplasm; peroxisomal matrix; extracellular region; protein-containing complex; mitochondrion; extracellular space; cytosol; secretory granule lumen; ficolin-1-rich granule lumen","heme binding; catalase activity; enzyme binding; metal ion binding; oxidoreductase activity; identical protein binding; protein homodimerization activity; peroxidase activity; antioxidant activity; aminoacylase activity; oxidoreductase activity, acting on peroxide as acceptor; NADP binding","GO:0006979; GO:0042744; GO:0043066; GO:0098869; GO:0051781; GO:0001649; GO:0006641; GO:0008203; GO:0009060; GO:0020027; GO:0051897; GO:0000302; GO:0001657; GO:0001666; GO:0001822; GO:0009410; GO:0009411; GO:0009636; GO:0009642; GO:0010193; GO:0010288; GO:0014823; GO:0014854; GO:0032355; GO:0033189; GO:0033197; GO:0033591; GO:0045471; GO:0046686; GO:0055093; GO:0070542; GO:0071363; GO:0072722; GO:0080184; GO:0061692","GO:0016020; GO:0005925; GO:0005777; GO:0005778; GO:0005737; GO:0005782; GO:0005576; GO:0032991; GO:0005739; GO:0005615; GO:0005829; GO:0034774; GO:1904813","GO:0020037; GO:0004096; GO:0019899; GO:0046872; GO:0016491; GO:0042802; GO:0042803; GO:0004601; GO:0016209; GO:0004046; GO:0016684; GO:0050661"
"P04080","CSTB",-0.835552191189944,0.317631452038847,2,0,0.0433903543353952,450,0,450,450,"robust_candidate","CSTB","cystatin B [Source:HGNC Symbol;Acc:HGNC:2482]","negative regulation of proteolysis; adult locomotory behavior; amyloid fibril formation","nucleus; cytoplasm; extracellular space; cytosol; nucleolus; extracellular region; extracellular matrix; secretory granule lumen; ficolin-1-rich granule lumen; tertiary granule lumen","cysteine-type endopeptidase inhibitor activity; endopeptidase inhibitor activity; RNA binding; peptidase inhibitor activity; protease binding","GO:0045861; GO:0008344; GO:1990000","GO:0005634; GO:0005737; GO:0005615; GO:0005829; GO:0005730; GO:0005576; GO:0031012; GO:0034774; GO:1904813; GO:1904724","GO:0004869; GO:0004866; GO:0003723; GO:0030414; GO:0002020"
"P04233","CD74",3.07129940971713,2.51984532306402e-05,122,4672.43344145631,0.483923930110221,32,2.91,27,37,"weight_sensitive_candidate","CD74","CD74 molecule [Source:HGNC Symbol;Acc:HGNC:1697]","immune response; antigen processing and presentation; intracellular protein transport; negative regulation of apoptotic process; immune system process; prostaglandin biosynthetic process; adaptive immune response; protein folding; protein stabilization; response to type II interferon; positive regulation of MAPK cascade; regulation of macrophage activation; protein-containing complex assembly; positive regulation of gene expression; negative regulation of cell migration; positive regulation of neutrophil chemotaxis; positive regulation of cytokine-mediated signaling pathway; positive regulation of DNA-templated transcription; negative regulation of DNA damage response, signal transduction by p53 class mediator; negative regulation of intrinsic apoptotic signaling pathway in response to DNA damage by p53 class mediator; positive regulation of fibroblast proliferation; positive regulation of chemokine (C-X-C motif) ligand 2 production; T cell activation involved in immune response; positive regulation of chemokine production; positive regulation of prostaglandin biosynthetic process; positive regulation of protein phosphorylation; positive regulation of kinase activity; positive regulation of canonical NF-kappaB signal transduction; T cell selection; positive regulation of viral entry into host cell; defense response; immunoglobulin mediated immune response; antigen processing and presentation of exogenous peptide antigen via MHC class II; positive thymic T cell selection; negative thymic T cell selection; negative regulation of T cell differentiation; positive regulation of T cell differentiation; negative regulation of peptide secretion; positive regulation of type 2 immune response; negative regulation of mature B cell apoptotic process; antigen processing and presentation of endogenous antigen; positive regulation of B cell proliferation; macrophage migration inhibitory factor signaling pathway; positive regulation of macrophage cytokine production; positive regulation of macrophage migration inhibitory factor signaling pathway","membrane; extracellular region; plasma membrane; Golgi apparatus; endosome; endoplasmic reticulum; endoplasmic reticulum membrane; lysosome; late endosome; cytoplasm; endocytic vesicle membrane; lysosomal lumen; nucleus; ER to Golgi transport vesicle membrane; lysosomal membrane; clathrin-coated endocytic vesicle membrane; protein-containing complex; transport vesicle membrane; multivesicular body; vacuole; macrophage migration inhibitory factor receptor complex; NOS2-CD74 complex","macrophage migration inhibitory factor binding; protein binding; identical protein binding; protein folding chaperone; cytokine binding; cytokine receptor activity; amyloid-beta binding; MHC class II protein complex binding; nitric-oxide synthase binding","GO:0006955; GO:0019882; GO:0006886; GO:0043066; GO:0002376; GO:0001516; GO:0002250; GO:0006457; GO:0050821; GO:0034341; GO:0043410; GO:0043030; GO:0065003; GO:0010628; GO:0030336; GO:0090023; GO:0001961; GO:0045893; GO:0043518; GO:1902166; GO:0048146; GO:2000343; GO:0002286; GO:0032722; GO:0031394; GO:0001934; GO:0033674; GO:0043123; GO:0045058; GO:0046598; GO:0006952; GO:0016064; GO:0019886; GO:0045059; GO:0045060; GO:0045581; GO:0045582; GO:0002792; GO:0002830; GO:0002906; GO:0019883; GO:0030890; GO:0035691; GO:0060907; GO:2000448","GO:0016020; GO:0005576; GO:0005886; GO:0005794; GO:0005768; GO:0005783; GO:0005789; GO:0005764; GO:0005770; GO:0005737; GO:0030666; GO:0043202; GO:0005634; GO:0012507; GO:0005765; GO:0030669; GO:0032991; GO:0030658; GO:0005771; GO:0005773; GO:0035692; GO:0035693","GO:0035718; GO:0005515; GO:0042802; GO:0044183; GO:0019955; GO:0004896; GO:0001540; GO:0023026; GO:0050998"
"P04792","HSPB1",-2.78939603610135,0.000116818845137048,14,1332.06873959258,0.330191737133964,120,4.94,112,135,"weight_sensitive_candidate","HSPB1","heat shock protein family B (small) member 1 [Source:HGNC Symbol;Acc:HGNC:5246]","negative regulation of apoptotic process; response to virus; response to unfolded protein; protein folding; positive regulation of angiogenesis; response to heat; cellular response to vascular endothelial growth factor stimulus; vascular endothelial growth factor receptor signaling pathway; regulation of protein phosphorylation; positive regulation of blood vessel endothelial cell migration; regulation of translational initiation; intracellular signal transduction; negative regulation of oxidative stress-induced intrinsic apoptotic signaling pathway; regulation of canonical NF-kappaB signal transduction; negative regulation of apoptotic signaling pathway; regulation of autophagy; negative regulation of protein kinase C signaling; positive regulation of endothelial cell chemotaxis","nucleus; cytoplasm; extracellular space; cytoskeleton; focal adhesion; spindle; axon cytoplasm; cytosol; cornified envelope; plasma membrane; Z disc; contractile muscle fiber; proteasome complex","RNA binding; protein binding; identical protein binding; protein homodimerization activity; protein kinase binding; protein folding chaperone; unfolded protein binding; RNA polymerase II-specific DNA-binding transcription factor binding; ubiquitin binding; protein kinase C binding; protein kinase C inhibitor activity","GO:0043066; GO:0009615; GO:0006986; GO:0006457; GO:0045766; GO:0009408; GO:0035924; GO:0048010; GO:0001932; GO:0043536; GO:0006446; GO:0035556; GO:1902176; GO:0043122; GO:2001234; GO:0010506; GO:0090038; GO:2001028","GO:0005634; GO:0005737; GO:0005615; GO:0005856; GO:0005925; GO:0005819; GO:1904115; GO:0005829; GO:0001533; GO:0005886; GO:0030018; GO:0043292; GO:0000502","GO:0003723; GO:0005515; GO:0042802; GO:0042803; GO:0019901; GO:0044183; GO:0051082; GO:0061629; GO:0043130; GO:0005080; GO:0008426"
"P05067","APP",3.89771722083527,1.07264499707111e-06,48,3659.71091499424,0.486918228158091,31,1.52,28,32,"weight_sensitive_candidate","APP","amyloid beta precursor protein [Source:HGNC Symbol;Acc:HGNC:620]","positive regulation of inflammatory response; negative regulation of gene expression; apoptotic process; negative regulation of cell population proliferation; positive regulation of macromolecule metabolic process; endocytosis; regulation of translation; cell adhesion; Notch signaling pathway; adult locomotory behavior; axonogenesis; regulation of protein metabolic process; cognition; neuron projection development; intracellular copper ion homeostasis; positive regulation of transcription by RNA polymerase II; central nervous system development; positive regulation of mitotic cell cycle; dendrite development; positive regulation of gene expression; cellular response to amyloid-beta; positive regulation of protein metabolic process; regulation of presynapse assembly; axo-dendritic transport; locomotory behavior; negative regulation of long-term synaptic potentiation; ionotropic glutamate receptor signaling pathway; learning; microglia development; microglial cell activation; positive regulation of calcium-mediated signaling; learning or memory; positive regulation of JNK cascade; regulation of multicellular organism growth; positive regulation of long-term synaptic potentiation; neuron projection maintenance; positive regulation of non-canonical NF-kappaB signal transduction; astrocyte activation; positive regulation of chemokine production; positive regulation of glycolytic process; response to interleukin-1; positive regulation of amyloid fibril formation; synapse organization; regulation of gene expression; mating behavior; axon midline choice point recognition; regulation of Wnt signaling pathway; extracellular matrix organization; regulation of long-term neuronal synaptic plasticity; collateral sprouting in absence of injury; regulation of synapse structure or activity; modulation of excitatory postsynaptic potential; regulation of spontaneous synaptic transmission; amyloid fibril formation; positive regulation of T cell migration; calcium ion transport; response to lead ion; regulation of neuron apoptotic process; response to ethanol; cellular response to copper ion; cellular response to manganese ion; cellular response to cAMP; cellular response to norepinephrine stimulus; hippocampal neuron apoptotic process; cellular response to nerve growth factor stimulus; response to insulin-like growth factor stimulus","membrane; nucleus; cytoplasm; extracellular region; extracellular space; plasma membrane; Golgi apparatus; cell projection; endosome; endoplasmic reticulum; cytoplasmic vesicle; perinuclear region of cytoplasm; axon; growth cone; early endosome membrane; early endosome; neuron projection; perikaryon; clathrin-coated pit; recycling endosome; platelet alpha granule; Golgi-associated vesicle; cytosol; endosome lumen; endoplasmic reticulum lumen; platelet alpha granule lumen; Golgi lumen; mitochondrial inner membrane; dendrite; receptor complex; dendritic spine; synapse; membrane raft; nuclear envelope lumen; dendritic shaft; amyloid-beta complex; main axon; astrocyte projection; growth cone lamellipodium; growth cone filopodium","heparin binding; transition metal ion binding; protein binding; metal ion binding; serine-type endopeptidase inhibitor activity; peptidase inhibitor activity; DNA binding; receptor ligand activity; identical protein binding; molecular function activator activity; signaling receptor binding; enzyme binding; signaling receptor activator activity; PTB domain binding; peptidase activator activity; growth factor receptor binding","GO:0050729; GO:0010629; GO:0006915; GO:0008285; GO:0010604; GO:0006897; GO:0006417; GO:0007155; GO:0007219; GO:0008344; GO:0007409; GO:0051246; GO:0050890; GO:0031175; GO:0006878; GO:0045944; GO:0007417; GO:0045931; GO:0016358; GO:0010628; GO:1904646; GO:0051247; GO:1905606; GO:0008088; GO:0007626; GO:1900272; GO:0035235; GO:0007612; GO:0014005; GO:0001774; GO:0050850; GO:0007611; GO:0046330; GO:0040014; GO:1900273; GO:1990535; GO:1901224; GO:0048143; GO:0032722; GO:0045821; GO:0070555; GO:1905908; GO:0050808; GO:0010468; GO:0007617; GO:0016199; GO:0030111; GO:0030198; GO:0048169; GO:0048669; GO:0050803; GO:0098815; GO:0150003; GO:1990000; GO:2000406; GO:0006816; GO:0010288; GO:0043523; GO:0045471; GO:0071280; GO:0071287; GO:0071320; GO:0071874; GO:0110088; GO:1990090; GO:1990418","GO:0016020; GO:0005634; GO:0005737; GO:0005576; GO:0005615; GO:0005886; GO:0005794; GO:0042995; GO:0005768; GO:0005783; GO:0031410; GO:0048471; GO:0030424; GO:0030426; GO:0031901; GO:0005769; GO:0043005; GO:0043204; GO:0005905; GO:0055037; GO:0031091; GO:0005798; GO:0005829; GO:0031904; GO:0005788; GO:0031093; GO:0005796; GO:0005743; GO:0030425; GO:0043235; GO:0043197; GO:0045202; GO:0045121; GO:0005641; GO:0043198; GO:0106003; GO:0044304; GO:0097449; GO:1990761; GO:1990812","GO:0008201; GO:0046914; GO:0005515; GO:0046872; GO:0004867; GO:0030414; GO:0003677; GO:0048018; GO:0042802; GO:0140677; GO:0005102; GO:0019899; GO:0030546; GO:0051425; GO:0016504; GO:0070851"
"P05106","ITGB3",4.83281290250002,1.10062266000083e-08,68,349.749982722169,0.561745888385483,16,1.36,13,18,"robust_candidate","ITGB3","integrin subunit beta 3 [Source:HGNC Symbol;Acc:HGNC:6156]","regulation of biological quality; positive regulation of cell migration; cell adhesion; angiogenesis; regulation of transport; regulation of protein localization; regulation of developmental process; integrin-mediated signaling pathway; cell adhesion mediated by integrin; negative chemotaxis; positive regulation of cell population proliferation; platelet activation; symbiont entry into host cell; cell-matrix adhesion; heterotypic cell-cell adhesion; mesodermal cell differentiation; positive regulation of vascular endothelial growth factor signaling pathway; cell-substrate adhesion; cell migration; positive regulation of endothelial cell proliferation; blood coagulation; positive regulation of endothelial cell migration; substrate adhesion-dependent cell spreading; wound healing; positive regulation of vascular endothelial growth factor receptor signaling pathway; negative regulation of low-density lipoprotein particle clearance; regulation of bone resorption; smooth muscle cell migration; negative regulation of lipid transport; tube development; wound healing, spreading of epidermal cells; apoptotic cell clearance; negative regulation of lipoprotein metabolic process; regulation of serotonin uptake; angiogenesis involved in wound healing; positive regulation of cell-matrix adhesion; cell-substrate junction assembly; platelet-derived growth factor receptor signaling pathway; positive regulation of fibroblast proliferation; blood coagulation, fibrin clot formation; positive regulation of substrate adhesion-dependent cell spreading; regulation of trophoblast cell migration; regulation of extracellular matrix organization; positive regulation of leukocyte migration; embryo implantation; regulation of G protein-coupled receptor signaling pathway; positive regulation of gene expression; response to activity; positive regulation of smooth muscle cell migration; regulation of actin cytoskeleton organization; positive regulation of cell adhesion mediated by integrin; positive regulation of osteoblast proliferation; positive regulation of angiogenesis; positive regulation of smooth muscle cell proliferation; regulation of release of sequestered calcium ion into cytosol; cellular response to mechanical stimulus; cellular response to xenobiotic stimulus; positive regulation of glomerular mesangial cell proliferation; positive regulation of adenylate cyclase-inhibiting opioid receptor signaling pathway; cellular response to insulin-like growth factor stimulus; negative regulation of endothelial cell apoptotic process; positive regulation of T cell migration","plasma membrane; membrane; cell projection; synapse; nucleoplasm; focal adhesion; lamellipodium membrane; filopodium membrane; anchoring junction; filopodium; postsynaptic membrane; ruffle; microvillus membrane; integrin complex; integrin alphav-beta3 complex; nucleus; cell-cell junction; glutamatergic synapse; receptor complex; platelet alpha granule membrane; protein-containing complex; alphav-beta3 integrin-vitronectin complex; alphav-beta3 integrin-IGF-1-IGF1R complex; alphav-beta3 integrin-PKCalpha complex; alphav-beta3 integrin-HMGB1 complex; synaptic membrane; alpha9-beta1 integrin-ADAM8 complex","enzyme binding; metal ion binding; protein binding; protein disulfide isomerase activity; identical protein binding; virus receptor activity; protease binding; fibronectin binding; coreceptor activity; extracellular matrix binding; integrin binding; vascular endothelial growth factor receptor 2 binding; platelet-derived growth factor receptor binding; cell adhesion molecule binding; C-X3-C chemokine binding; neuregulin binding; protein kinase C binding","GO:0065008; GO:0030335; GO:0007155; GO:0001525; GO:0051049; GO:0032880; GO:0050793; GO:0007229; GO:0033627; GO:0050919; GO:0008284; GO:0030168; GO:0046718; GO:0007160; GO:0034113; GO:0048333; GO:1900748; GO:0031589; GO:0016477; GO:0001938; GO:0007596; GO:0010595; GO:0034446; GO:0042060; GO:0030949; GO:0010989; GO:0045124; GO:0014909; GO:0032369; GO:0035295; GO:0035313; GO:0043277; GO:0050748; GO:0051611; GO:0060055; GO:0001954; GO:0007044; GO:0048008; GO:0048146; GO:0072378; GO:1900026; GO:1901163; GO:1903053; GO:0002687; GO:0007566; GO:0008277; GO:0010628; GO:0014823; GO:0014911; GO:0032956; GO:0033630; GO:0033690; GO:0045766; GO:0048661; GO:0051279; GO:0071260; GO:0071466; GO:0072126; GO:1900731; GO:1990314; GO:2000352; GO:2000406","GO:0005886; GO:0016020; GO:0042995; GO:0045202; GO:0005654; GO:0005925; GO:0031258; GO:0031527; GO:0070161; GO:0030175; GO:0045211; GO:0001726; GO:0031528; GO:0008305; GO:0034683; GO:0005634; GO:0005911; GO:0098978; GO:0043235; GO:0031092; GO:0032991; GO:0071062; GO:0035867; GO:0035866; GO:0035868; GO:0097060; GO:0071133","GO:0019899; GO:0046872; GO:0005515; GO:0003756; GO:0042802; GO:0001618; GO:0002020; GO:0001968; GO:0015026; GO:0050840; GO:0005178; GO:0043184; GO:0005161; GO:0050839; GO:0019960; GO:0038132; GO:0005080"
"P05109","S100A8",-4.22935730252304,1.04175883317575e-06,18,1140.13296477569,0.437972022973591,50,0.72,49,52,"robust_candidate","S100A8","S100 calcium binding protein A8 [Source:HGNC Symbol;Acc:HGNC:10498]","apoptotic process; autophagy; immune system process; innate immune response; defense response to bacterium; chemotaxis; inflammatory response; neutrophil chemotaxis; regulation of cytoskeleton organization; positive regulation of inflammatory response; response to lipopolysaccharide; positive regulation of intrinsic apoptotic signaling pathway; positive regulation of cell growth; defense response to fungus; endothelial cell migration; leukocyte migration involved in inflammatory response; peptidyl-cysteine S-nitrosylation; regulation of toll-like receptor signaling pathway; peptide secretion; positive regulation of peptide secretion; astrocyte development; response to zinc ion; autocrine signaling; response to ethanol","nucleus; cytoplasm; extracellular region; extracellular space; plasma membrane; membrane; cytosol; cytoskeleton; intermediate filament cytoskeleton; extracellular matrix; secretory granule lumen; calprotectin complex; S100A8 complex","calcium ion binding; metal ion binding; protein binding; zinc ion binding; microtubule binding; calcium-dependent protein binding; arachidonate binding; RAGE receptor binding; Toll-like receptor 4 binding","GO:0006915; GO:0006914; GO:0002376; GO:0045087; GO:0042742; GO:0006935; GO:0006954; GO:0030593; GO:0051493; GO:0050729; GO:0032496; GO:2001244; GO:0030307; GO:0050832; GO:0043542; GO:0002523; GO:0018119; GO:0034121; GO:0002790; GO:0002793; GO:0014002; GO:0010043; GO:0035425; GO:0045471","GO:0005634; GO:0005737; GO:0005576; GO:0005615; GO:0005886; GO:0016020; GO:0005829; GO:0005856; GO:0045111; GO:0031012; GO:0034774; GO:1990660; GO:1990661","GO:0005509; GO:0046872; GO:0005515; GO:0008270; GO:0008017; GO:0048306; GO:0050544; GO:0050786; GO:0035662"
"P05121","SERPINE1",3.40999301673345,8.14255834226244e-06,22,57.5189948234544,0.37695566302113,81,1.3,78,83,"robust_candidate","SERPINE1","serpin family E member 1 [Source:HGNC Symbol;Acc:HGNC:8583]","angiogenesis; response to bacterium; positive regulation of inflammatory response; defense response to Gram-negative bacterium; cellular response to lipopolysaccharide; positive regulation of angiogenesis; positive regulation of receptor-mediated endocytosis; negative regulation of wound healing; negative regulation of cell migration; negative regulation of extrinsic apoptotic signaling pathway via death domain receptors; negative regulation of endothelial cell apoptotic process; negative regulation of cell adhesion mediated by integrin; negative regulation of smooth muscle cell migration; positive regulation of odontoblast differentiation; positive regulation of blood coagulation; negative regulation of proteolysis; negative regulation of fibrinolysis; fibrinolysis; negative regulation of vascular wound healing; negative regulation of blood coagulation; positive regulation of leukotriene production involved in inflammatory response; positive regulation of coagulation; positive regulation of monocyte chemotaxis; replicative senescence; dentinogenesis; negative regulation of smooth muscle cell-matrix adhesion; negative regulation of integrin-mediated signaling pathway","extracellular space; extracellular region; plasma membrane; extracellular matrix; platelet alpha granule lumen; serine protease inhibitor complex; peptidase inhibitor complex","serine-type endopeptidase inhibitor activity; peptidase inhibitor activity; protein binding; protease binding; signaling receptor binding; endopeptidase inhibitor activity","GO:0001525; GO:0009617; GO:0050729; GO:0050829; GO:0071222; GO:0045766; GO:0048260; GO:0061045; GO:0030336; GO:1902042; GO:2000352; GO:0033629; GO:0014912; GO:1901331; GO:0030194; GO:0045861; GO:0051918; GO:0042730; GO:0061044; GO:0030195; GO:0035491; GO:0050820; GO:0090026; GO:0090399; GO:0097187; GO:2000098; GO:2001045","GO:0005615; GO:0005576; GO:0005886; GO:0031012; GO:0031093; GO:0097180; GO:1904090","GO:0004867; GO:0030414; GO:0005515; GO:0002020; GO:0005102; GO:0004866"
"P05161","ISG15",2.41455069561151,0.0024339160561778,60,310.48076469124,0.362486850108571,87,2.37,85,93,"weight_sensitive_candidate","ISG15","ISG15 ubiquitin like modifier [Source:HGNC Symbol;Acc:HGNC:4053]","defense response to virus; positive regulation of multicellular organismal process; immune system process; innate immune response; negative regulation of protein ubiquitination; defense response to bacterium; integrin-mediated signaling pathway; response to virus; regulation of immune system process; negative regulation of viral genome replication; positive regulation of bone mineralization; response to type I interferon; negative regulation of type I interferon-mediated signaling pathway; response to bacterium; modification-dependent protein catabolic process; positive regulation of protein oligomerization; protein localization to mitochondrion","cytoplasm; extracellular region; nucleus; nucleoplasm; cytosol","protein binding; integrin binding; protein tag activity; ubiquitin protein ligase binding","GO:0051607; GO:0051240; GO:0002376; GO:0045087; GO:0031397; GO:0042742; GO:0007229; GO:0009615; GO:0002682; GO:0045071; GO:0030501; GO:0034340; GO:0060339; GO:0009617; GO:0019941; GO:0032461; GO:0070585","GO:0005737; GO:0005576; GO:0005634; GO:0005654; GO:0005829","GO:0005515; GO:0005178; GO:0031386; GO:0031625"
"P05362","ICAM1",-0.190305098148549,0.856815467123931,44,1116.00687309205,0.21745115932282,317,8.92,305,338,"weight_sensitive_candidate","ICAM1","intercellular adhesion molecule 1 [Source:HGNC Symbol;Acc:HGNC:5344]","cell adhesion; cell-cell adhesion; immune response; symbiont entry into host cell; cellular response to oxygen-containing compound; leukocyte migration; establishment of endothelial barrier; leukocyte cell-cell adhesion; cell adhesion mediated by integrin; cellular response to glucose stimulus; T cell extravasation; regulation of ruffle assembly; cellular response to leukemia inhibitory factor; immune effector process; cellular response to amyloid-beta; negative regulation of extrinsic apoptotic signaling pathway via death domain receptors; negative regulation of endothelial cell apoptotic process; heterophilic cell-cell adhesion via plasma membrane cell adhesion molecules; regulation of leukocyte mediated cytotoxicity; positive regulation of cellular extravasation; membrane to membrane docking; adhesion of symbiont to host; receptor-mediated virion attachment to host cell","membrane; extracellular space; focal adhesion; plasma membrane; membrane raft; immunological synapse; extracellular matrix","integrin binding; protein binding; virus receptor activity; signaling receptor activity; transmembrane signaling receptor activity","GO:0007155; GO:0098609; GO:0006955; GO:0046718; GO:1901701; GO:0050900; GO:0061028; GO:0007159; GO:0033627; GO:0071333; GO:0072683; GO:1900027; GO:1990830; GO:0002252; GO:1904646; GO:1902042; GO:2000352; GO:0007157; GO:0001910; GO:0002693; GO:0022614; GO:0044406; GO:0046813","GO:0016020; GO:0005615; GO:0005925; GO:0005886; GO:0045121; GO:0001772; GO:0031012","GO:0005178; GO:0005515; GO:0001618; GO:0038023; GO:0004888"
"P05386","RPLP1",-0.676845291229775,0.40963258939972,112,36.3390011413004,0.271157748906374,228,12.87,213,264,"weight_sensitive_candidate","RPLP1","ribosomal protein lateral stalk subunit P1 [Source:HGNC Symbol;Acc:HGNC:10372]","translational elongation; translation; cytoplasmic translation","ribosome; focal adhesion; ribonucleoprotein complex; cytosolic large ribosomal subunit; cytosol; cytoplasm; cytosolic ribosome","structural constituent of ribosome; protein binding; ribonucleoprotein complex binding; protein kinase activator activity","GO:0006414; GO:0006412; GO:0002181","GO:0005840; GO:0005925; GO:1990904; GO:0022625; GO:0005829; GO:0005737; GO:0022626","GO:0003735; GO:0005515; GO:0043021; GO:0030295"
"P05388","RPLP0",-0.495726524853769,0.564725741546301,128,278.832480692766,0.283850613441169,190,10.44,175,219,"weight_sensitive_candidate","RPLP0","ribosomal protein lateral stalk subunit P0 [Source:HGNC Symbol;Acc:HGNC:10371]","translation; cytoplasmic translation","nucleus; cytoplasm; membrane; endoplasmic reticulum; cytosol; focal adhesion; ribonucleoprotein complex; ribosome; cytosolic large ribosomal subunit; cytoplasmic ribonucleoprotein granule; postsynapse; cytosolic ribosome; postsynaptic density","RNA binding; protein binding; structural constituent of ribosome; large ribosomal subunit rRNA binding","GO:0006412; GO:0002181","GO:0005634; GO:0005737; GO:0016020; GO:0005783; GO:0005829; GO:0005925; GO:1990904; GO:0005840; GO:0022625; GO:0036464; GO:0098794; GO:0022626; GO:0014069","GO:0003723; GO:0005515; GO:0003735; GO:0070180"
"P05556","ITGB1",3.32073568701624,6.89548048269636e-06,110,3155.41393262398,0.494978830721675,27,2.21,24,32,"weight_sensitive_candidate","ITGB1","integrin subunit beta 1 [Source:HGNC Symbol;Acc:HGNC:6153]","regulation of biological quality; positive regulation of cell migration; cell adhesion; angiogenesis; regulation of developmental process; integrin-mediated signaling pathway; cell adhesion mediated by integrin; symbiont entry into host cell; receptor internalization; CD40 signaling pathway; leukocyte tethering or rolling; muscle organ development; myoblast fusion; cell-matrix adhesion; heterotypic cell-cell adhesion; mesodermal cell differentiation; positive regulation of vascular endothelial growth factor signaling pathway; cell-substrate adhesion; positive regulation of GTPase activity; cell migration; positive regulation of protein localization to plasma membrane; negative regulation of vasoconstriction; positive regulation of phosphatidylinositol 3-kinase/protein kinase B signal transduction; cell-cell adhesion; positive regulation of angiogenesis; extracellular matrix organization; maintenance of blood-brain barrier; positive regulation of wound healing; cellular defense response; homophilic cell adhesion via plasma membrane adhesion molecules; phagocytosis; regulation of spontaneous synaptic transmission; wound healing, spreading of epidermal cells; cellular response to low-density lipoprotein particle stimulus; leukocyte cell-cell adhesion; calcium-independent cell-matrix adhesion; positive regulation of apoptotic process; positive regulation of glutamate uptake involved in transmission of nerve impulse; reactive gliosis; establishment of mitotic spindle orientation; cell projection organization; lamellipodium assembly; B cell differentiation; cell-cell adhesion mediated by integrin; myoblast differentiation; positive regulation of fibroblast growth factor receptor signaling pathway; negative regulation of anoikis; neuroblast proliferation; cell population proliferation; central nervous system neuron differentiation; G1/S transition of mitotic cell cycle; in utero embryonic development; cell migration involved in sprouting angiogenesis; positive regulation of neuroblast proliferation; autophagy; germ cell migration; negative regulation of autophagy; formation of radial glial scaffolds; neuron projection development; negative regulation of Rho protein signal transduction; sarcomere organization; negative regulation of neuron differentiation; myoblast fate specification; axon extension; dendrite morphogenesis; regulation of cell cycle; cardiac muscle cell differentiation; cardiac muscle cell myoblast differentiation; cardiac cell fate specification; response to muscle activity; modulation of chemical synaptic transmission; basement membrane organization; regulation of synapse pruning","cytoplasm; plasma membrane; membrane; cell projection; synapse; endosome; focal adhesion; anchoring junction; lamellipodium; filopodium; recycling endosome; ruffle; integrin alpha9-beta1 complex; endosome membrane; receptor complex; membrane raft; integrin alpha10-beta1 complex; perinuclear region of cytoplasm; integrin complex; neuromuscular junction; glial cell projection; integrin alpha1-beta1 complex; integrin alpha2-beta1 complex; integrin alpha3-beta1 complex; integrin alpha4-beta1 complex; integrin alpha5-beta1 complex; integrin alpha6-beta1 complex; integrin alpha8-beta1 complex; integrin alpha11-beta1 complex; integrin alphav-beta1 complex; cytoplasmic vesicle; glutamatergic synapse; intercalated disc; myelin sheath abaxonal region; dendritic spine; synaptic membrane; integrin alpha7-beta1 complex","protein binding; calcium ion binding; metal ion binding; protein heterodimerization activity; virus receptor activity; protein-containing complex binding; protease binding; cell adhesion molecule binding; protein kinase binding; fibronectin binding; coreceptor activity; cadherin binding; integrin binding; actin binding; C-X3-C chemokine binding; laminin binding; protein tyrosine kinase binding; signaling receptor activity","GO:0065008; GO:0030335; GO:0007155; GO:0001525; GO:0050793; GO:0007229; GO:0033627; GO:0046718; GO:0031623; GO:0023035; GO:0050901; GO:0007517; GO:0007520; GO:0007160; GO:0034113; GO:0048333; GO:1900748; GO:0031589; GO:0043547; GO:0016477; GO:1903078; GO:0045906; GO:0051897; GO:0098609; GO:0045766; GO:0030198; GO:0035633; GO:0090303; GO:0006968; GO:0007156; GO:0006909; GO:0150003; GO:0035313; GO:0071404; GO:0007159; GO:0007161; GO:0043065; GO:0051951; GO:0150103; GO:0000132; GO:0030030; GO:0030032; GO:0030183; GO:0033631; GO:0045445; GO:0045743; GO:2000811; GO:0007405; GO:0008283; GO:0021953; GO:0000082; GO:0001701; GO:0002042; GO:0002052; GO:0006914; GO:0008354; GO:0010507; GO:0021943; GO:0031175; GO:0035024; GO:0045214; GO:0045665; GO:0048626; GO:0048675; GO:0048813; GO:0051726; GO:0055007; GO:0060379; GO:0060912; GO:0014850; GO:0050804; GO:0071711; GO:1905806","GO:0005737; GO:0005886; GO:0016020; GO:0042995; GO:0045202; GO:0005768; GO:0005925; GO:0070161; GO:0030027; GO:0030175; GO:0055037; GO:0001726; GO:0034679; GO:0010008; GO:0043235; GO:0045121; GO:0034680; GO:0048471; GO:0008305; GO:0031594; GO:0097386; GO:0034665; GO:0034666; GO:0034667; GO:0034668; GO:0034674; GO:0034675; GO:0034678; GO:0034681; GO:0034682; GO:0031410; GO:0098978; GO:0014704; GO:0035748; GO:0043197; GO:0097060; GO:0034677","GO:0005515; GO:0005509; GO:0046872; GO:0046982; GO:0001618; GO:0044877; GO:0002020; GO:0050839; GO:0019901; GO:0001968; GO:0015026; GO:0045296; GO:0005178; GO:0003779; GO:0019960; GO:0043236; GO:1990782; GO:0038023"
"P05783","KRT18",1.87132112831803,0.00875795062506858,8,431.634824514858,0.222214523059451,313,4.26,301,320,"weight_sensitive_candidate","KRT18","keratin 18 [Source:HGNC Symbol;Acc:HGNC:6430]","negative regulation of apoptotic process; cell-cell adhesion; Golgi to plasma membrane protein transport; anatomical structure morphogenesis; intermediate filament cytoskeleton organization; tumor necrosis factor-mediated signaling pathway; extrinsic apoptotic signaling pathway; hepatocyte apoptotic process","nucleus; cytoplasm; cytosol; perinuclear region of cytoplasm; nucleolus; intermediate filament; cytoskeleton; keratin filament; adherens junction; microtubule organizing center; centriolar satellite; cell periphery","structural molecule activity; RNA binding; protein binding; scaffold protein binding","GO:0043066; GO:0098609; GO:0043001; GO:0009653; GO:0045104; GO:0033209; GO:0097191; GO:0097284","GO:0005634; GO:0005737; GO:0005829; GO:0048471; GO:0005730; GO:0005882; GO:0005856; GO:0045095; GO:0005912; GO:0005815; GO:0034451; GO:0071944","GO:0005198; GO:0003723; GO:0005515; GO:0097110"
"P06213","INSR",2.31792709095156,0.00177285726874039,10,52.6236159518565,0.248639664043213,276,7.18,249,282,"weight_sensitive_candidate","INSR","insulin receptor [Source:HGNC Symbol;Acc:HGNC:6091]","protein phosphorylation; cell surface receptor protein tyrosine kinase signaling pathway; protein autophosphorylation; regulation of gene expression; positive regulation of macromolecule biosynthetic process; animal organ development; system development; regulation of multicellular organismal process; positive regulation of cellular component organization; positive regulation of cell population proliferation; regulation of glucose metabolic process; positive regulation of phosphatidylinositol 3-kinase/protein kinase B signal transduction; positive regulation of cell migration; positive regulation of canonical NF-kappaB signal transduction; insulin receptor signaling pathway; transport across blood-brain barrier; positive regulation of MAPK cascade; heart morphogenesis; positive regulation of nitric oxide biosynthetic process; learning; regulation of DNA-templated transcription; positive regulation of mitotic nuclear division; glucose homeostasis; G protein-coupled receptor signaling pathway; amyloid-beta clearance; receptor-mediated endocytosis; positive regulation of glycolytic process; positive regulation of D-glucose import; positive regulation of respiratory burst; neuron projection maintenance; dendritic spine maintenance; positive regulation of receptor internalization; regulation of glycogen biosynthetic process; memory; positive regulation of protein-containing complex disassembly; regulation of embryonic development; symbiont entry into host cell; positive regulation of developmental growth; epidermis development; animal organ morphogenesis; male sex determination; exocrine pancreas development; cellular response to growth factor stimulus; receptor internalization; adrenal gland development; positive regulation of DNA-templated transcription; positive regulation of meiotic cell cycle; regulation of female gonad development","membrane; plasma membrane; endosome; lysosome; late endosome; receptor complex; axon; endosome membrane; caveola; nuclear envelope; insulin receptor complex","ATP binding; protein binding; protein kinase activity; transmembrane receptor protein tyrosine kinase activity; protein tyrosine kinase activity; phosphatidylinositol 3-kinase binding; insulin receptor substrate binding; transferase activity; nucleotide binding; kinase activity; amyloid-beta binding; protein domain specific binding; protein-containing complex binding; GTP binding; insulin-like growth factor receptor binding; cargo receptor activity; insulin receptor activity; protein kinase activator activity; insulin binding; PTB domain binding; identical protein binding","GO:0006468; GO:0007169; GO:0046777; GO:0010468; GO:0010557; GO:0048513; GO:0048731; GO:0051239; GO:0051130; GO:0008284; GO:0010906; GO:0051897; GO:0030335; GO:0043123; GO:0008286; GO:0150104; GO:0043410; GO:0003007; GO:0045429; GO:0007612; GO:0006355; GO:0045840; GO:0042593; GO:0007186; GO:0097242; GO:0006898; GO:0045821; GO:0046326; GO:0060267; GO:1990535; GO:0097062; GO:0002092; GO:0005979; GO:0007613; GO:0043243; GO:0045995; GO:0046718; GO:0048639; GO:0008544; GO:0009887; GO:0030238; GO:0031017; GO:0071363; GO:0031623; GO:0030325; GO:0045893; GO:0051446; GO:2000194","GO:0016020; GO:0005886; GO:0005768; GO:0005764; GO:0005770; GO:0043235; GO:0030424; GO:0010008; GO:0005901; GO:0005635; GO:0005899","GO:0005524; GO:0005515; GO:0004672; GO:0004714; GO:0004713; GO:0043548; GO:0043560; GO:0016740; GO:0000166; GO:0016301; GO:0001540; GO:0019904; GO:0044877; GO:0005525; GO:0005159; GO:0038024; GO:0005009; GO:0030295; GO:0043559; GO:0051425; GO:0042802"
"P06493","CDK1",3.81827951626395,7.9438431664888e-06,34,2026.69640476772,0.445425833871905,48,0.99,46,50,"robust_candidate","CDK1","cyclin dependent kinase 1 [Source:HGNC Symbol;Acc:HGNC:1722]","protein phosphorylation; apoptotic process; rhythmic process; cell division; negative regulation of apoptotic process; DNA repair; DNA damage response; cell migration; protein deubiquitination; regulation of transcription by RNA polymerase II; DNA replication; chromatin remodeling; symbiont entry into host cell; microtubule cytoskeleton organization; G2/M transition of mitotic cell cycle; regulation of circadian rhythm; nuclear envelope organization; positive regulation of protein localization to nucleus; microtubule cytoskeleton organization involved in mitosis; centrosome cycle; protein localization to kinetochore; mitotic nuclear membrane disassembly; epithelial cell differentiation; mitotic G2 DNA damage checkpoint signaling; peptidyl-threonine phosphorylation; cilium disassembly; microtubule polymerization; protein localization to site of double-strand break; mitotic DNA-templated DNA replication; G1/S transition of mitotic cell cycle; thymidine biosynthetic process; DNA synthesis involved in mitotic DNA replication; pronuclear fusion; positive regulation of G2/M transition of mitotic cell cycle; regulation of Schwann cell differentiation; regulation of embryonic development; positive regulation of mitotic sister chromatid segregation; Golgi disassembly; regulation of attachment of mitotic spindle microtubules to kinetochore; positive regulation of mitochondrial ATP synthesis coupled electron transport; negative regulation of gene expression; mitotic cell cycle phase transition; fibroblast proliferation; response to toxic substance; positive regulation of gene expression; response to amine; response to activity; chromosome condensation; response to ethanol; positive regulation of DNA replication; response to cadmium ion; response to copper ion; response to axon injury; ventricular cardiac muscle cell development; positive regulation of cardiac muscle cell proliferation; protein-containing complex assembly","chromosome, telomeric region; nucleus; cytoplasm; membrane; mitochondrion; cytoskeleton; spindle; midbody; centrosome; mitotic spindle; cyclin-dependent protein kinase holoenzyme complex; nucleoplasm; spindle microtubule; endoplasmic reticulum membrane; cytosol; mitochondrial matrix; cyclin A1-CDK1 complex; cyclin A2-CDK1 complex; cyclin B1-CDK1 complex","ATP binding; protein kinase activity; protein binding; transferase activity; nucleotide binding; protein serine/threonine kinase activity; cyclin-dependent protein serine/threonine kinase activity; kinase activity; virus receptor activity; RNA polymerase II CTD heptapeptide repeat kinase activity; cyclin binding; histone kinase activity; cyclin-dependent protein kinase activity; chromatin binding; Hsp70 protein binding","GO:0006468; GO:0006915; GO:0048511; GO:0051301; GO:0043066; GO:0006281; GO:0006974; GO:0016477; GO:0016579; GO:0006357; GO:0006260; GO:0006338; GO:0046718; GO:0000226; GO:0000086; GO:0042752; GO:0006998; GO:1900182; GO:1902850; GO:0007098; GO:0034501; GO:0007077; GO:0030855; GO:0007095; GO:0018107; GO:0061523; GO:0046785; GO:1990166; GO:1990506; GO:0000082; GO:0046105; GO:1904860; GO:0007344; GO:0010971; GO:0014038; GO:0045995; GO:0062033; GO:0090166; GO:1902423; GO:1905448; GO:0010629; GO:0044772; GO:0048144; GO:0009636; GO:0010628; GO:0014075; GO:0014823; GO:0030261; GO:0045471; GO:0045740; GO:0046686; GO:0046688; GO:0048678; GO:0055015; GO:0060045; GO:0065003","GO:0000781; GO:0005634; GO:0005737; GO:0016020; GO:0005739; GO:0005856; GO:0005819; GO:0030496; GO:0005813; GO:0072686; GO:0000307; GO:0005654; GO:0005876; GO:0005789; GO:0005829; GO:0005759; GO:0097121; GO:0097122; GO:0097125","GO:0005524; GO:0004672; GO:0005515; GO:0016740; GO:0000166; GO:0004674; GO:0004693; GO:0016301; GO:0001618; GO:0008353; GO:0030332; GO:0035173; GO:0097472; GO:0003682; GO:0030544"
"P06702","S100A9",-4.07099132924974,7.73030325856031e-07,10,99.8355807871251,0.383600081774729,74,3.19,69,82,"weight_sensitive_candidate","S100A9","S100 calcium binding protein A9 [Source:HGNC Symbol;Acc:HGNC:10499]","apoptotic process; autophagy; immune system process; innate immune response; defense response to bacterium; chemotaxis; cellular oxidant detoxification; inflammatory response; neutrophil chemotaxis; regulation of cytoskeleton organization; positive regulation of inflammatory response; positive regulation of intrinsic apoptotic signaling pathway; antimicrobial humoral immune response mediated by antimicrobial peptide; cell-cell signaling; positive regulation of cell growth; defense response to fungus; endothelial cell migration; positive regulation of neuron projection development; peptidyl-cysteine S-trans-nitrosylation; leukocyte migration involved in inflammatory response; regulation of toll-like receptor signaling pathway; astrocyte development; autocrine signaling; regulation of respiratory burst involved in inflammatory response","nucleus; cytoplasm; extracellular region; extracellular space; plasma membrane; membrane; cytosol; cytoskeleton; extracellular matrix; secretory granule lumen; calprotectin complex; S100A9 complex","calcium ion binding; metal ion binding; protein binding; zinc ion binding; antioxidant activity; microtubule binding; calcium-dependent protein binding; arachidonate binding; RAGE receptor binding; Toll-like receptor 4 binding","GO:0006915; GO:0006914; GO:0002376; GO:0045087; GO:0042742; GO:0006935; GO:0098869; GO:0006954; GO:0030593; GO:0051493; GO:0050729; GO:2001244; GO:0061844; GO:0007267; GO:0030307; GO:0050832; GO:0043542; GO:0010976; GO:0035606; GO:0002523; GO:0034121; GO:0014002; GO:0035425; GO:0060264","GO:0005634; GO:0005737; GO:0005576; GO:0005615; GO:0005886; GO:0016020; GO:0005829; GO:0005856; GO:0031012; GO:0034774; GO:1990660; GO:1990662","GO:0005509; GO:0046872; GO:0005515; GO:0008270; GO:0016209; GO:0008017; GO:0048306; GO:0050544; GO:0050786; GO:0035662"
"P06730","EIF4E",-0.905923641879969,0.297259157898636,28,1304.07939771082,0.231490708282035,301,5.21,291,313,"weight_sensitive_candidate","EIF4E","eukaryotic translation initiation factor 4E [Source:HGNC Symbol;Acc:HGNC:3287]","translational initiation; mRNA transport; regulation of translation; translation; mRNA export from nucleus; G1/S transition of mitotic cell cycle; positive regulation of mitotic cell cycle; neuron differentiation; behavioral fear response; negative regulation of translation; stem cell population maintenance; negative regulation of neuron differentiation; nuclear export","cytoplasm; nucleus; nuclear speck; cytosol; P-body; nuclear body; cytoplasmic ribonucleoprotein granule; perinuclear region of cytoplasm; postsynapse; glutamatergic synapse; chromatoid body","RNA binding; translation initiation factor activity; protein binding; enzyme binding; eukaryotic initiation factor 4G binding; DNA-binding transcription factor binding","GO:0006413; GO:0051028; GO:0006417; GO:0006412; GO:0006406; GO:0000082; GO:0045931; GO:0030182; GO:0001662; GO:0017148; GO:0019827; GO:0045665; GO:0051168","GO:0005737; GO:0005634; GO:0016607; GO:0005829; GO:0000932; GO:0016604; GO:0036464; GO:0048471; GO:0098794; GO:0098978; GO:0033391","GO:0003723; GO:0003743; GO:0005515; GO:0019899; GO:0031370; GO:0140297"
"P07355","ANXA2",-1.03154539498116,0.152918852723881,30,1559.43285233617,0.246792720814985,280,8.89,258,287,"weight_sensitive_candidate","ANXA2","annexin A2 [Source:HGNC Symbol;Acc:HGNC:537]","positive regulation of multicellular organismal process; positive regulation of vesicle fusion; negative regulation of transport; angiogenesis; cell-cell adhesion; cell adhesion; positive regulation of transcription by RNA polymerase II; mRNA transcription by RNA polymerase II; membrane raft assembly; positive regulation of receptor recycling; negative regulation of receptor internalization; vesicle budding from membrane; positive regulation of vacuole organization; positive regulation of exocytosis; regulation of neurogenesis; positive regulation of low-density lipoprotein particle clearance; positive regulation of receptor-mediated endocytosis involved in cholesterol transport; positive regulation of plasma membrane repair; cell-matrix adhesion; response to activity; collagen fibril organization; lung development; fibrinolysis; epithelial cell apoptotic process","nucleus; cytoplasm; extracellular region; extracellular space; membrane; endosome; basement membrane; membrane raft; vesicle; midbody; lysosomal membrane; lipid droplet; plasma membrane; late endosome membrane; cytosol; extracellular matrix; adherens junction; RNA polymerase II transcription regulator complex; azurophil granule lumen; vesicle membrane; plasma membrane protein complex; AnxA2-p11 complex; PCSK9-AnxA2 complex; cornified envelope; early endosome; myelin sheath adaxonal region; Schmidt-Lanterman incisure","calcium ion binding; cytoskeletal protein binding; calcium-dependent phospholipid binding; phospholipase inhibitor activity; RNA binding; calcium-dependent protein binding; protein binding; phospholipase A2 inhibitor activity; identical protein binding; S100 protein binding; phosphatidylinositol-4,5-bisphosphate binding; protease binding; phosphatidylserine binding; serine-type endopeptidase inhibitor activity","GO:0051240; GO:0031340; GO:0051051; GO:0001525; GO:0098609; GO:0007155; GO:0045944; GO:0042789; GO:0001765; GO:0001921; GO:0002091; GO:0006900; GO:0044090; GO:0045921; GO:0050767; GO:1905581; GO:1905602; GO:1905686; GO:0007160; GO:0014823; GO:0030199; GO:0030324; GO:0042730; GO:1904019","GO:0005634; GO:0005737; GO:0005576; GO:0005615; GO:0016020; GO:0005768; GO:0005604; GO:0045121; GO:0031982; GO:0030496; GO:0005765; GO:0005811; GO:0005886; GO:0031902; GO:0005829; GO:0031012; GO:0005912; GO:0090575; GO:0035578; GO:0012506; GO:0098797; GO:1990665; GO:1990667; GO:0001533; GO:0005769; GO:0035749; GO:0043220","GO:0005509; GO:0008092; GO:0005544; GO:0004859; GO:0003723; GO:0048306; GO:0005515; GO:0019834; GO:0042802; GO:0044548; GO:0005546; GO:0002020; GO:0001786; GO:0004867"
"P07384","CAPN1",-1.59512774707952,0.0232699742820556,6,19.9747472696657,0.166231190570519,373,1.07,372,377,"robust_candidate","CAPN1","calpain 1 [Source:HGNC Symbol;Acc:HGNC:1476]","proteolysis; regulation of catalytic activity; regulation of macroautophagy; self proteolysis; positive regulation of cell population proliferation; receptor catabolic process; mammary gland involution","cytoplasm; plasma membrane; membrane; cytosol; focal adhesion; extracellular region; ficolin-1-rich granule lumen; calpain complex; cornified envelope; mitochondrion; lysosome","calcium ion binding; calcium-dependent cysteine-type endopeptidase activity; hydrolase activity; metal ion binding; protein binding; peptidase activity; cysteine-type peptidase activity","GO:0006508; GO:0050790; GO:0016241; GO:0097264; GO:0008284; GO:0032801; GO:0060056","GO:0005737; GO:0005886; GO:0016020; GO:0005829; GO:0005925; GO:0005576; GO:1904813; GO:0110158; GO:0001533; GO:0005739; GO:0005764","GO:0005509; GO:0004198; GO:0016787; GO:0046872; GO:0005515; GO:0008233; GO:0008234"
"P07476","IVL",-4.35980638228827,3.84826066178829e-07,18,1014.5551036209,0.449779132104413,46,1.18,42,48,"robust_candidate","IVL","involucrin [Source:HGNC Symbol;Acc:HGNC:6187]","keratinization; keratinocyte differentiation; response to UV-B","cytoplasm; cytosol; nuclear body; centrosome; cornified envelope","protein binding","GO:0031424; GO:0030216; GO:0010224","GO:0005737; GO:0005829; GO:0016604; GO:0005813; GO:0001533","GO:0005515"
"P07741","APRT",-2.00005402136427,0.00459063226008395,4,878.97975708319,0.203764553213811,335,4.49,324,343,"weight_sensitive_candidate","APRT","adenine phosphoribosyltransferase [Source:HGNC Symbol;Acc:HGNC:626]","adenine salvage; purine ribonucleoside salvage; AMP salvage; grooming behavior; adenine metabolic process","cytoplasm; cytosol; nucleoplasm; extracellular region; secretory granule lumen","adenine phosphoribosyltransferase activity; transferase activity; protein binding; glycosyltransferase activity; heterocyclic compound binding; adenine binding","GO:0006168; GO:0006166; GO:0044209; GO:0007625; GO:0046083","GO:0005737; GO:0005829; GO:0005654; GO:0005576; GO:0034774","GO:0003999; GO:0016740; GO:0005515; GO:0016757; GO:1901363; GO:0002055"
"P07814","EPRS1",-1.31871637778379,0.0729256032721219,108,2233.3841098156,0.339562276416221,103,8.77,93,124,"weight_sensitive_candidate","EPRS1","glutamyl-prolyl-tRNA synthetase 1 [Source:HGNC Symbol;Acc:HGNC:3418]","translation; tRNA aminoacylation for protein translation; tRNA aminoacylation; prolyl-tRNA aminoacylation; glutamyl-tRNA aminoacylation; regulation of translation; negative regulation of translation; cellular response to type II interferon","cytoplasm; plasma membrane; membrane; cytosol; ribonucleoprotein complex; aminoacyl-tRNA synthetase multienzyme complex; GAIT complex","ATP binding; nucleotide binding; aminoacyl-tRNA ligase activity; proline-tRNA ligase activity; glutamate-tRNA ligase activity; RNA binding; metal ion binding; protein binding; zinc ion binding; catalytic activity; ligase activity; protein homodimerization activity; identical protein binding; RNA stem-loop binding; GTPase binding","GO:0006412; GO:0006418; GO:0043039; GO:0006433; GO:0006424; GO:0006417; GO:0017148; GO:0071346","GO:0005737; GO:0005886; GO:0016020; GO:0005829; GO:1990904; GO:0017101; GO:0097452","GO:0005524; GO:0000166; GO:0004812; GO:0004827; GO:0004818; GO:0003723; GO:0046872; GO:0005515; GO:0008270; GO:0003824; GO:0016874; GO:0042803; GO:0042802; GO:0035613; GO:0051020"
"P07910","HNRNPC",-1.52417677740465,0.0370104473750737,66,735.457674764059,0.31681304836798,135,4.56,124,143,"weight_sensitive_candidate","HNRNPC","heterogeneous nuclear ribonucleoprotein C [Source:HGNC Symbol;Acc:HGNC:5035]","mRNA splicing, via spliceosome; RNA splicing; mRNA processing; osteoblast differentiation; chromatin remodeling; 3'-UTR-mediated mRNA stabilization","telomerase holoenzyme complex; nucleus; spliceosomal complex; membrane; nucleoplasm; cytosol; actin cytoskeleton; ribonucleoprotein complex; protein-containing complex; chromatin; catalytic step 2 spliceosome; extracellular region","RNA binding; nucleic acid binding; protein binding; N6-methyladenosine-containing RNA reader activity; identical protein binding; mRNA 3'-UTR binding; nucleosomal DNA binding; poly(U) RNA binding","GO:0000398; GO:0008380; GO:0006397; GO:0001649; GO:0006338; GO:0070935","GO:0005697; GO:0005634; GO:0005681; GO:0016020; GO:0005654; GO:0005829; GO:0015629; GO:1990904; GO:0032991; GO:0000785; GO:0071013; GO:0005576","GO:0003723; GO:0003676; GO:0005515; GO:1990247; GO:0042802; GO:0003730; GO:0031492; GO:0008266"
"P07942","LAMB1",2.49653352297863,0.000513771493445868,42,118.625542549743,0.349737126289628,95,2.54,92,105,"weight_sensitive_candidate","LAMB1","laminin subunit beta 1 [Source:HGNC Symbol;Acc:HGNC:6486]","positive regulation of cell migration; cell adhesion; anatomical structure morphogenesis; neuron projection development; substrate adhesion-dependent cell spreading; positive regulation of epithelial cell proliferation; endodermal cell differentiation; embryo implantation; cell migration; negative regulation of cell adhesion; neuronal-glial interaction involved in cerebral cortex radial glia guided migration; odontogenesis; positive regulation of cell adhesion; positive regulation of muscle cell differentiation; regulation of basement membrane organization; positive regulation of integrin-mediated signaling pathway","cytoplasm; extracellular region; extracellular space; perinuclear region of cytoplasm; basement membrane; extracellular matrix; laminin-1 complex; laminin-10 complex; endoplasmic reticulum lumen; protein complex involved in cell-matrix adhesion; nucleus; laminin-2 complex; laminin complex; laminin-8 complex","protein binding; structural molecule activity; extracellular matrix structural constituent; integrin binding; enzyme binding; glycosphingolipid binding","GO:0030335; GO:0007155; GO:0009653; GO:0031175; GO:0034446; GO:0050679; GO:0035987; GO:0007566; GO:0016477; GO:0007162; GO:0021812; GO:0042476; GO:0045785; GO:0051149; GO:0110011; GO:2001046","GO:0005737; GO:0005576; GO:0005615; GO:0048471; GO:0005604; GO:0031012; GO:0005606; GO:0043259; GO:0005788; GO:0098637; GO:0005634; GO:0005607; GO:0043256; GO:0043257","GO:0005515; GO:0005198; GO:0005201; GO:0005178; GO:0019899; GO:0043208"
"P07947","YES1",-0.798701124845007,0.312589132539328,16,17.3114767080785,0.163745635054869,377,3.71,368,383,"weight_sensitive_candidate","YES1","YES proto-oncogene 1, Src family tyrosine kinase [Source:HGNC Symbol;Acc:HGNC:12841]","protein phosphorylation; Fc-gamma receptor signaling pathway involved in phagocytosis; ephrin receptor signaling pathway; T cell costimulation; cell differentiation; negative regulation of inflammatory response to antigenic stimulus; regulation of vascular permeability; protein modification process; cell surface receptor protein tyrosine kinase signaling pathway; leukocyte migration; regulation of D-glucose transmembrane transport; positive regulation of transcription by RNA polymerase II; cellular response to retinoic acid","cytoplasm; plasma membrane; membrane; Golgi apparatus; cytosol; cytoskeleton; focal adhesion; anchoring junction; centrosome; actin filament","ATP binding; protein binding; protein kinase activity; protein tyrosine kinase activity; enzyme binding; transferase activity; nucleotide binding; kinase activity; non-membrane spanning protein tyrosine kinase activity; phosphotyrosine residue binding; signaling receptor binding; transmembrane transporter binding","GO:0006468; GO:0038096; GO:0048013; GO:0031295; GO:0030154; GO:0002862; GO:0043114; GO:0036211; GO:0007169; GO:0050900; GO:0010827; GO:0045944; GO:0071300","GO:0005737; GO:0005886; GO:0016020; GO:0005794; GO:0005829; GO:0005856; GO:0005925; GO:0070161; GO:0005813; GO:0005884","GO:0005524; GO:0005515; GO:0004672; GO:0004713; GO:0019899; GO:0016740; GO:0000166; GO:0016301; GO:0004715; GO:0001784; GO:0005102; GO:0044325"
"P07948","LYN",-2.104625040218,0.00262918923021719,44,802.639294009561,0.338223225234925,104,4.01,103,118,"weight_sensitive_candidate","LYN","LYN proto-oncogene, Src family tyrosine kinase [Source:HGNC Symbol;Acc:HGNC:6735]","protein phosphorylation; negative regulation of cell population proliferation; DNA damage response; intracellular signal transduction; immune system process; innate immune response; adaptive immune response; response to stress; inflammatory response; positive regulation of cell population proliferation; Fc-gamma receptor signaling pathway involved in phagocytosis; positive regulation of MAPK cascade; cellular response to lipid; negative regulation of immune response; leukocyte migration; negative regulation of intracellular signal transduction; cell surface receptor protein tyrosine kinase signaling pathway; response to hormone; regulation of cytokine production; erythrocyte differentiation; DNA damage checkpoint signaling; negative regulation of toll-like receptor 2 signaling pathway; negative regulation of toll-like receptor 4 signaling pathway; fatty acid transport; positive regulation of protein localization to plasma membrane; immune response-regulating cell surface receptor signaling pathway; innate immune response-activating signaling pathway; negative regulation of inflammatory response to antigenic stimulus; signal transduction; positive regulation of dendritic cell apoptotic process; negative regulation of protein phosphorylation; T cell costimulation; protein autophosphorylation; neuron projection development; negative regulation of mast cell proliferation; regulation of cell adhesion mediated by integrin; Fc-epsilon receptor signaling pathway; stimulatory C-type lectin receptor signaling pathway; regulation of protein phosphorylation; regulation of mast cell activation; negative regulation of MAP kinase activity; ephrin receptor signaling pathway; regulation of B cell receptor signaling pathway; negative regulation of B cell receptor signaling pathway; positive regulation of amyloid precursor protein catabolic process; dendritic cell differentiation; hematopoietic progenitor cell differentiation; lipopolysaccharide-mediated signaling pathway; peptidyl-tyrosine phosphorylation; eosinophil differentiation; regulation of mast cell degranulation; cell morphogenesis; autophagy; B cell receptor signaling pathway; regulation of release of sequestered calcium ion into cytosol; neuroinflammatory response; B cell homeostasis; Fc receptor mediated stimulatory signaling pathway; negative regulation of myeloid leukocyte differentiation; regulation of B cell apoptotic process; response to sterol depletion; response to xenobiotic stimulus; response to toxic substance; response to carbohydrate; positive regulation of neuron projection development; oligodendrocyte development; hemopoiesis; positive regulation of cell migration; negative regulation of B cell proliferation; toll-like receptor 4 signaling pathway; cellular response to heat; C-X-C chemokine receptor CXCR4 signaling pathway; positive regulation of phosphorylation; response to amino acid; response to peptide hormone; response to axon injury; regulation of inflammatory response; positive regulation of glial cell proliferation; positive regulation of Fc receptor mediated stimulatory signaling pathway; growth hormone receptor signaling pathway via JAK-STAT; positive regulation of mast cell proliferation; cellular response to retinoic acid; regulation of monocyte chemotaxis; regulation of platelet aggregation","nucleus; cytoplasm; plasma membrane; membrane; Golgi apparatus; cytosol; lysosome; perinuclear region of cytoplasm; membrane raft; cytoplasmic side of plasma membrane; endocytic vesicle membrane; lysosomal membrane; glutamatergic synapse; adherens junction; mitochondrial crista; mitochondrial membrane; protein-containing complex; integrin alpha2-beta1 complex","ATP binding; protein binding; protein kinase activity; protein tyrosine kinase activity; enzyme binding; transferase activity; nucleotide binding; kinase activity; non-membrane spanning protein tyrosine kinase activity; signaling receptor binding; transmembrane transporter binding; signaling receptor activator activity; ephrin receptor binding; scaffold protein binding; platelet-derived growth factor receptor binding; integrin binding; ubiquitin protein ligase binding; gamma-tubulin binding; glycosphingolipid binding; protein-containing complex binding; phosphoprotein binding; phosphatidylinositol 3-kinase activator activity","GO:0006468; GO:0008285; GO:0006974; GO:0035556; GO:0002376; GO:0045087; GO:0002250; GO:0006950; GO:0006954; GO:0008284; GO:0038096; GO:0043410; GO:0071396; GO:0050777; GO:0050900; GO:1902532; GO:0007169; GO:0009725; GO:0001817; GO:0030218; GO:0000077; GO:0034136; GO:0034144; GO:0015908; GO:1903078; GO:0002768; GO:0002758; GO:0002862; GO:0007165; GO:2000670; GO:0001933; GO:0031295; GO:0046777; GO:0031175; GO:0070667; GO:0033628; GO:0038095; GO:0002223; GO:0001932; GO:0033003; GO:0043407; GO:0048013; GO:0050855; GO:0050859; GO:1902993; GO:0097028; GO:0002244; GO:0031663; GO:0018108; GO:0030222; GO:0043304; GO:0000902; GO:0006914; GO:0050853; GO:0051279; GO:0150076; GO:0001782; GO:0002431; GO:0002762; GO:0002902; GO:0006991; GO:0009410; GO:0009636; GO:0009743; GO:0010976; GO:0014003; GO:0030097; GO:0030335; GO:0030889; GO:0034142; GO:0034605; GO:0038159; GO:0042327; GO:0043200; GO:0043434; GO:0048678; GO:0050727; GO:0060252; GO:0060369; GO:0060397; GO:0070668; GO:0071300; GO:0090025; GO:0090330","GO:0005634; GO:0005737; GO:0005886; GO:0016020; GO:0005794; GO:0005829; GO:0005764; GO:0048471; GO:0045121; GO:0009898; GO:0030666; GO:0005765; GO:0098978; GO:0005912; GO:0030061; GO:0031966; GO:0032991; GO:0034666","GO:0005524; GO:0005515; GO:0004672; GO:0004713; GO:0019899; GO:0016740; GO:0000166; GO:0016301; GO:0004715; GO:0005102; GO:0044325; GO:0030546; GO:0046875; GO:0097110; GO:0005161; GO:0005178; GO:0031625; GO:0043015; GO:0043208; GO:0044877; GO:0051219; GO:0141038"
"P07996","THBS1",4.47664946858148,3.63747819894345e-08,50,404.28706533283,0.521625265402941,23,0.89,21,25,"robust_candidate","THBS1","thrombospondin 1 [Source:HGNC Symbol;Acc:HGNC:11785]","cell adhesion; apoptotic process; positive regulation of cell migration; negative regulation of apoptotic process; angiogenesis; inflammatory response; positive regulation of chemotaxis; response to xenobiotic stimulus; positive regulation of angiogenesis; positive regulation of immune system process; response to unfolded protein; negative regulation of angiogenesis; positive regulation of phosphatidylinositol 3-kinase/protein kinase B signal transduction; response to endoplasmic reticulum stress; positive regulation of transforming growth factor beta receptor signaling pathway; regulation of cell-substrate adhesion; blood vessel morphogenesis; positive regulation of cell population proliferation; positive regulation of reactive oxygen species metabolic process; positive regulation of endothelial cell migration; negative regulation of endothelial cell proliferation; positive regulation of phosphorylation; sprouting angiogenesis; positive regulation of MAPK cascade; negative regulation of cell population proliferation; negative regulation of cell-matrix adhesion; cell migration; positive regulation of blood vessel endothelial cell migration; negative regulation of focal adhesion assembly; negative regulation of cell migration involved in sprouting angiogenesis; immune response; negative regulation of sprouting angiogenesis; negative regulation of endothelial cell migration; positive regulation of macrophage activation; positive regulation of endothelial cell apoptotic process; negative regulation of fibrinolysis; positive regulation of smooth muscle cell proliferation; response to progesterone; negative regulation of blood vessel endothelial cell migration; response to glucose; response to calcium ion; blood coagulation, fibrin clot formation; negative regulation of extrinsic apoptotic signaling pathway; response to hypoxia; negative regulation of nitric oxide mediated signal transduction; negative regulation of endothelial cell chemotaxis; response to mechanical stimulus; negative regulation of cGMP-mediated signaling; response to magnesium ion; positive regulation of transforming growth factor beta1 production; response to testosterone; cellular response to heat; negative regulation of fibroblast growth factor receptor signaling pathway; engulfment of apoptotic cell; positive regulation of translation; behavioral response to pain; cellular response to tumor necrosis factor; cellular response to growth factor stimulus; positive regulation of transforming growth factor beta production; positive regulation of extrinsic apoptotic signaling pathway via death domain receptors; negative regulation of blood vessel endothelial cell proliferation involved in sprouting angiogenesis","extracellular region; extracellular space; endoplasmic reticulum; extracellular matrix; platelet alpha granule; endoplasmic reticulum lumen; platelet alpha granule lumen; fibrinogen complex; secretory granule","protein binding; calcium ion binding; heparin binding; fibronectin binding; extracellular matrix binding; phosphatidylserine binding; protein homodimerization activity; extracellular matrix structural constituent; protease binding; endopeptidase inhibitor activity; low-density lipoprotein particle binding; integrin binding; transforming growth factor beta binding; proteoglycan binding; laminin binding","GO:0007155; GO:0006915; GO:0030335; GO:0043066; GO:0001525; GO:0006954; GO:0050921; GO:0009410; GO:0045766; GO:0002684; GO:0006986; GO:0016525; GO:0051897; GO:0034976; GO:0030511; GO:0010810; GO:0048514; GO:0008284; GO:2000379; GO:0010595; GO:0001937; GO:0042327; GO:0002040; GO:0043410; GO:0008285; GO:0001953; GO:0016477; GO:0043536; GO:0051895; GO:0090051; GO:0006955; GO:1903671; GO:0010596; GO:0043032; GO:2000353; GO:0051918; GO:0048661; GO:0032570; GO:0043537; GO:0009749; GO:0051592; GO:0072378; GO:2001237; GO:0001666; GO:0010751; GO:2001027; GO:0009612; GO:0010754; GO:0032026; GO:0032914; GO:0033574; GO:0034605; GO:0040037; GO:0043652; GO:0045727; GO:0048266; GO:0071356; GO:0071363; GO:0071636; GO:1902043; GO:1903588","GO:0005576; GO:0005615; GO:0005783; GO:0031012; GO:0031091; GO:0005788; GO:0031093; GO:0005577; GO:0030141","GO:0005515; GO:0005509; GO:0008201; GO:0001968; GO:0050840; GO:0001786; GO:0042803; GO:0005201; GO:0002020; GO:0004866; GO:0030169; GO:0005178; GO:0050431; GO:0043394; GO:0043236"
"P08069","IGF1R",1.68096953654353,0.00933145529185226,38,584.916169095708,0.300427063943079,162,1.64,158,164,"weight_sensitive_candidate","IGF1R","insulin like growth factor 1 receptor [Source:HGNC Symbol;Acc:HGNC:5465]","protein phosphorylation; cell surface receptor protein tyrosine kinase signaling pathway; protein autophosphorylation; negative regulation of apoptotic process; regulation of JNK cascade; cellular response to oxygen-containing compound; positive regulation of phosphatidylinositol 3-kinase/protein kinase B signal transduction; insulin-like growth factor receptor signaling pathway; positive regulation of cell population proliferation; negative regulation of MAPK cascade; signal transduction; positive regulation of cell migration; cellular response to amyloid-beta; phosphatidylinositol 3-kinase/protein kinase B signal transduction; insulin receptor signaling pathway; positive regulation of MAPK cascade; immune response; amyloid-beta clearance; dendritic spine maintenance; peptidyl-tyrosine autophosphorylation; positive regulation of protein-containing complex disassembly; transcytosis; cellular response to glucose stimulus","membrane; plasma membrane; cilium; nucleolus; receptor complex; axon; alphav-beta3 integrin-IGF-1-IGF1R complex; insulin receptor complex; protein kinase complex","ATP binding; protein binding; protein kinase activity; transmembrane receptor protein tyrosine kinase activity; protein tyrosine kinase activity; phosphatidylinositol 3-kinase binding; insulin receptor substrate binding; transferase activity; nucleotide binding; kinase activity; identical protein binding; insulin-like growth factor receptor activity; insulin receptor binding; insulin receptor activity; insulin binding; insulin-like growth factor binding; protein transporter activity","GO:0006468; GO:0007169; GO:0046777; GO:0043066; GO:0046328; GO:1901701; GO:0051897; GO:0048009; GO:0008284; GO:0043409; GO:0007165; GO:0030335; GO:1904646; GO:0043491; GO:0008286; GO:0043410; GO:0006955; GO:0097242; GO:0097062; GO:0038083; GO:0043243; GO:0045056; GO:0071333","GO:0016020; GO:0005886; GO:0005929; GO:0005730; GO:0043235; GO:0030424; GO:0035867; GO:0005899; GO:1902911","GO:0005524; GO:0005515; GO:0004672; GO:0004714; GO:0004713; GO:0043548; GO:0043560; GO:0016740; GO:0000166; GO:0016301; GO:0042802; GO:0005010; GO:0005158; GO:0005009; GO:0043559; GO:0005520; GO:0140318"
"P08294","SOD3",5.06701188509929,5.1764528665793e-08,4,1,0.370672790055933,83,6.41,71,97,"weight_sensitive_candidate","SOD3","superoxide dismutase 3 [Source:HGNC Symbol;Acc:HGNC:11181]","superoxide metabolic process; cellular oxidant detoxification; response to hypoxia; removal of superoxide radicals","extracellular space; extracellular region; Golgi apparatus; Golgi lumen","metal ion binding; copper ion binding; protein binding; oxidoreductase activity; heparin binding; antioxidant activity; superoxide dismutase activity; molecular adaptor activity","GO:0006801; GO:0098869; GO:0001666; GO:0019430","GO:0005615; GO:0005576; GO:0005794; GO:0005796","GO:0046872; GO:0005507; GO:0005515; GO:0016491; GO:0008201; GO:0016209; GO:0004784; GO:0060090"
"P08473","MME",-7.91657371823965,2.53852274370279e-12,6,5.15903334171786,0.565125254058405,15,0.89,14,17,"robust_candidate","MME","membrane metalloendopeptidase [Source:HGNC Symbol;Acc:HGNC:7154]","proteolysis; kidney development; peptide metabolic process; cellular response to cytokine stimulus; sensory perception of pain; protein processing; amyloid-beta clearance by cellular catabolic process; learning or memory; amyloid-beta clearance; positive regulation of neurogenesis; replicative senescence; hormone catabolic process; creatinine metabolic process; amyloid-beta metabolic process; neuropeptide processing; memory; amygdala development; hippocampus development; multicellular organism growth; placenta development; angiotensin maturation; protein catabolic process; lung development; response to estrogen; positive regulation of long-term synaptic potentiation","cytoplasm; plasma membrane; membrane; synapse; cytosol; nucleoplasm; focal adhesion; dendrite; centrosome; ciliary basal body; axon; brush border; synaptic vesicle; secretory granule membrane; neuronal cell body; membrane raft; cytoplasmic vesicle; early endosome; trans-Golgi network; neuron projection terminus; presynapse; extracellular region","metallopeptidase activity; metalloendopeptidase activity; hydrolase activity; metal ion binding; protein binding; zinc ion binding; peptidase activity; endopeptidase activity; protein homodimerization activity; peptide binding; phosphatidylserine binding; exopeptidase activity; cardiolipin binding; metallocarboxypeptidase activity","GO:0006508; GO:0001822; GO:0006518; GO:0071345; GO:0019233; GO:0016485; GO:0150094; GO:0007611; GO:0097242; GO:0050769; GO:0090399; GO:0042447; GO:0046449; GO:0050435; GO:0061837; GO:0007613; GO:0021764; GO:0021766; GO:0035264; GO:0001890; GO:0002003; GO:0030163; GO:0030324; GO:0043627; GO:1900273","GO:0005737; GO:0005886; GO:0016020; GO:0045202; GO:0005829; GO:0005654; GO:0005925; GO:0030425; GO:0005813; GO:0036064; GO:0030424; GO:0005903; GO:0008021; GO:0030667; GO:0043025; GO:0045121; GO:0031410; GO:0005769; GO:0005802; GO:0044306; GO:0098793; GO:0005576","GO:0008237; GO:0004222; GO:0016787; GO:0046872; GO:0005515; GO:0008270; GO:0008233; GO:0004175; GO:0042803; GO:0042277; GO:0001786; GO:0008238; GO:1901612; GO:0004181"
"P08571","CD14",-8.51812739704659,1.59190933615881e-11,6,0,0.577271179599166,13,0.52,13,15,"robust_candidate","CD14","CD14 molecule [Source:HGNC Symbol;Acc:HGNC:1628]","positive regulation of cytokine production; immune system process; innate immune response; inflammatory response; cellular response to lipopolysaccharide; toll-like receptor 4 signaling pathway; cell surface receptor signaling pathway; apoptotic process; cellular response to lipoteichoic acid; lipopolysaccharide-mediated signaling pathway; cellular response to diacyl bacterial lipopeptide; cellular response to triacyl bacterial lipopeptide; positive regulation of toll-like receptor 4 signaling pathway; cell surface pattern recognition receptor signaling pathway; phagocytosis; cellular response to molecule of bacterial origin; response to molecule of bacterial origin; receptor-mediated endocytosis; response to bacterium; positive regulation of lipopolysaccharide-mediated signaling pathway; positive regulation of endocytosis","extracellular region; extracellular space; plasma membrane; membrane; Golgi apparatus; membrane raft; side of membrane; endosome membrane; lipopolysaccharide receptor complex; secretory granule membrane","protein binding; lipopolysaccharide binding; opsonin receptor activity; lipopolysaccharide immune receptor activity; lipoteichoic acid binding; molecular carrier activity","GO:0001819; GO:0002376; GO:0045087; GO:0006954; GO:0071222; GO:0034142; GO:0007166; GO:0006915; GO:0071223; GO:0031663; GO:0071726; GO:0071727; GO:0034145; GO:0002752; GO:0006909; GO:0071219; GO:0002237; GO:0006898; GO:0009617; GO:0031666; GO:0045807","GO:0005576; GO:0005615; GO:0005886; GO:0016020; GO:0005794; GO:0045121; GO:0098552; GO:0010008; GO:0046696; GO:0030667","GO:0005515; GO:0001530; GO:0001847; GO:0001875; GO:0070891; GO:0140104"
"P08572","COL4A2",1.94597148031989,0.0173853314504028,50,310.271224618297,0.31807736297037,132,2.54,127,138,"weight_sensitive_candidate","COL4A2","collagen type IV alpha 2 chain [Source:HGNC Symbol;Acc:HGNC:2203]","angiogenesis; negative regulation of angiogenesis; endodermal cell differentiation; extracellular matrix organization; DNA-templated transcription; response to activity","collagen trimer; extracellular region; endoplasmic reticulum lumen; basement membrane; extracellular matrix; collagen type IV trimer","extracellular matrix structural constituent; protein binding; extracellular matrix structural constituent conferring tensile strength; molecular adaptor activity","GO:0001525; GO:0016525; GO:0035987; GO:0030198; GO:0006351; GO:0014823","GO:0005581; GO:0005576; GO:0005788; GO:0005604; GO:0031012; GO:0005587","GO:0005201; GO:0005515; GO:0030020; GO:0060090"
"P08581","MET",1.48617712985132,0.0592164934495887,32,621.674842090814,0.26974621573455,236,5.95,216,240,"weight_sensitive_candidate","MET","MET proto-oncogene, receptor tyrosine kinase [Source:HGNC Symbol;Acc:HGNC:7029]","protein phosphorylation; cell surface receptor protein tyrosine kinase signaling pathway; semaphorin-plexin signaling pathway; regulation of gene expression; cell surface receptor signaling pathway; animal organ development; cell development; negative regulation of autophagy; neuron differentiation; positive regulation of transcription by RNA polymerase II; signal transduction; branching morphogenesis of an epithelial tube; positive chemotaxis; excitatory postsynaptic potential; liver development; endothelial cell morphogenesis; pancreas development; positive regulation of microtubule polymerization; negative regulation of Rho protein signal transduction; hepatocyte growth factor receptor signaling pathway; negative regulation of stress fiber assembly; establishment of skin barrier; negative regulation of hydrogen peroxide-mediated programmed cell death; negative regulation of guanyl-nucleotide exchange factor activity; positive regulation of endothelial cell chemotaxis","membrane; extracellular region; postsynapse; plasma membrane; receptor complex","ATP binding; protein binding; protein kinase activity; transmembrane receptor protein tyrosine kinase activity; protein tyrosine kinase activity; transferase activity; nucleotide binding; kinase activity; identical protein binding; protein phosphatase binding; molecular function activator activity; hepatocyte growth factor receptor activity","GO:0006468; GO:0007169; GO:0071526; GO:0010468; GO:0007166; GO:0048513; GO:0048468; GO:0010507; GO:0030182; GO:0045944; GO:0007165; GO:0048754; GO:0050918; GO:0060079; GO:0001889; GO:0001886; GO:0031016; GO:0031116; GO:0035024; GO:0048012; GO:0051497; GO:0061436; GO:1901299; GO:1905098; GO:2001028","GO:0016020; GO:0005576; GO:0098794; GO:0005886; GO:0043235","GO:0005524; GO:0005515; GO:0004672; GO:0004714; GO:0004713; GO:0016740; GO:0000166; GO:0016301; GO:0042802; GO:0019903; GO:0140677; GO:0005008"
"P08582","MELTF",3.68431757872994,1.09951099349611e-06,2,0,0.255005609132426,259,26.15,191,294,"weight_sensitive_candidate","MELTF","melanotransferrin [Source:HGNC Symbol;Acc:HGNC:7037]","monoatomic ion transport; iron ion transport; positive regulation of extracellular matrix disassembly; negative regulation of substrate adhesion-dependent cell spreading","extracellular region; extracellular space; plasma membrane; membrane; side of membrane; early endosome; recycling endosome; endoplasmic reticulum lumen","metal ion binding; protein binding; iron ion binding","GO:0006811; GO:0006826; GO:0090091; GO:1900025","GO:0005576; GO:0005615; GO:0005886; GO:0016020; GO:0098552; GO:0005769; GO:0055037; GO:0005788","GO:0046872; GO:0005515; GO:0005506"
"P08621","SNRNP70",-2.20954247423501,0.00481205959544472,50,61.646052386981,0.326495711191795,124,4.56,114,128,"weight_sensitive_candidate","SNRNP70","small nuclear ribonucleoprotein U1 subunit 70 [Source:HGNC Symbol;Acc:HGNC:11150]","mRNA splicing, via spliceosome; mRNA processing; regulation of RNA splicing; negative regulation of protein refolding; negative regulation of chaperone-mediated autophagy; positive regulation of mRNA splicing, via spliceosome; cellular response to retinoic acid; cellular response to tumor necrosis factor","nucleus; spliceosomal complex; nuclear speck; nucleoplasm; ribonucleoprotein complex; U1 snRNP; U2-type prespliceosome; lysosomal lumen","nucleic acid binding; RNA binding; protein binding; U1 snRNA binding; mRNA binding; U1 snRNP binding","GO:0000398; GO:0006397; GO:0043484; GO:0061084; GO:1904715; GO:0048026; GO:0071300; GO:0071356","GO:0005634; GO:0005681; GO:0016607; GO:0005654; GO:1990904; GO:0005685; GO:0071004; GO:0043202","GO:0003676; GO:0003723; GO:0005515; GO:0030619; GO:0003729; GO:1990446"
"P08648","ITGA5",1.84323575430166,0.00579516326103966,62,485.239951025994,0.337026070921345,106,5.7,102,123,"weight_sensitive_candidate","ITGA5","integrin subunit alpha 5 [Source:HGNC Symbol;Acc:HGNC:6141]","cell adhesion; integrin-mediated signaling pathway; cell adhesion mediated by integrin; symbiont entry into host cell; tissue development; CD40 signaling pathway; cell-cell adhesion; heterotypic cell-cell adhesion; formation of primary germ layer; cell-substrate adhesion; angiogenesis; wound healing, spreading of epidermal cells; positive regulation of vascular endothelial growth factor signaling pathway; positive regulation of sprouting angiogenesis; cell-matrix adhesion; regulation of angiogenesis; positive regulation of vascular endothelial growth factor receptor signaling pathway; endodermal cell differentiation; negative regulation of anoikis; autophagy; cell-substrate junction assembly; heterophilic cell-cell adhesion via plasma membrane cell adhesion molecules; leukocyte cell-cell adhesion; memory; negative regulation of autophagy; cell-cell adhesion mediated by integrin; female pregnancy; positive regulation of cell-substrate adhesion; response to muscle activity; positive regulation of cell migration","integrin complex; plasma membrane; membrane; focal adhesion; anchoring junction; cell junction; ruffle; cell-cell junction; alphav-beta3 integrin-vitronectin complex; integrin alpha5-beta1 complex; postsynaptic membrane; glutamatergic synapse; endoplasmic reticulum; Golgi apparatus; cytoplasmic vesicle; synapse","protein binding; signaling receptor binding; calcium ion binding; metal ion binding; virus receptor activity; signaling receptor activity; vascular endothelial growth factor receptor 2 binding; platelet-derived growth factor receptor binding; epidermal growth factor receptor binding; integrin binding; cell adhesion molecule binding","GO:0007155; GO:0007229; GO:0033627; GO:0046718; GO:0009888; GO:0023035; GO:0098609; GO:0034113; GO:0001704; GO:0031589; GO:0001525; GO:0035313; GO:1900748; GO:1903672; GO:0007160; GO:0045765; GO:0030949; GO:0035987; GO:2000811; GO:0006914; GO:0007044; GO:0007157; GO:0007159; GO:0007613; GO:0010507; GO:0033631; GO:0007565; GO:0010811; GO:0014850; GO:0030335","GO:0008305; GO:0005886; GO:0016020; GO:0005925; GO:0070161; GO:0030054; GO:0001726; GO:0005911; GO:0071062; GO:0034674; GO:0045211; GO:0098978; GO:0005783; GO:0005794; GO:0031410; GO:0045202","GO:0005515; GO:0005102; GO:0005509; GO:0046872; GO:0001618; GO:0038023; GO:0043184; GO:0005161; GO:0005154; GO:0005178; GO:0050839"
"P08670","VIM",3.52227024110501,2.44452623269935e-06,16,210.446548901066,0.382540116630244,76,1.23,73,78,"robust_candidate","VIM","vimentin [Source:HGNC Symbol;Acc:HGNC:12692]","intermediate filament organization; cellular response to lipopolysaccharide; cellular response to muramyl dipeptide; regulation of mRNA stability; positive regulation of collagen biosynthetic process; neuron projection development; negative regulation of neuron projection development; astrocyte development; intermediate filament-based process; Bergmann glial cell differentiation; cellular response to type II interferon; positive regulation of gene expression","intermediate filament; cytoplasm; nucleus; plasma membrane; membrane; cytosol; cytoskeleton; focal adhesion; peroxisome; intermediate filament cytoskeleton; axon; microtubule organizing center; cell leading edge; cell projection; neuron projection; phagocytic vesicle","protein binding; identical protein binding; structural constituent of cytoskeleton; protein domain specific binding; scaffold protein binding; molecular adaptor activity; double-stranded RNA binding; RNA binding; structural constituent of eye lens; keratin filament binding","GO:0045109; GO:0071222; GO:0071225; GO:0043488; GO:0032967; GO:0031175; GO:0010977; GO:0014002; GO:0045103; GO:0060020; GO:0071346; GO:0010628","GO:0005882; GO:0005737; GO:0005634; GO:0005886; GO:0016020; GO:0005829; GO:0005856; GO:0005925; GO:0005777; GO:0045111; GO:0030424; GO:0005815; GO:0031252; GO:0042995; GO:0043005; GO:0045335","GO:0005515; GO:0042802; GO:0005200; GO:0019904; GO:0097110; GO:0060090; GO:0003725; GO:0003723; GO:0005212; GO:1990254"
"P08708","RPS17",-0.801014441149025,0.363540992446748,124,26.683393096912,0.280904325788499,196,10.96,180,231,"weight_sensitive_candidate","RPS17","ribosomal protein S17 [Source:HGNC Symbol;Acc:HGNC:10397]","translation; rRNA processing; translational initiation; cytoplasmic translation; erythrocyte homeostasis","ribosome; nucleus; cytoplasm; membrane; focal adhesion; nucleolus; ribonucleoprotein complex; cytosolic ribosome; cytosolic small ribosomal subunit; nucleoplasm; cytosol","structural constituent of ribosome; RNA binding","GO:0006412; GO:0006364; GO:0006413; GO:0002181; GO:0034101","GO:0005840; GO:0005634; GO:0005737; GO:0016020; GO:0005925; GO:0005730; GO:1990904; GO:0022626; GO:0022627; GO:0005654; GO:0005829","GO:0003735; GO:0003723"
"P08865","RPSA",-0.603030905471265,0.463197862647816,130,815.348856490927,0.298776979170561,164,10.99,141,190,"weight_sensitive_candidate","RPSA","ribosomal protein SA [Source:HGNC Symbol;Acc:HGNC:6502]","translation; cell adhesion; chromatin remodeling; symbiont entry into host cell; ribosomal small subunit assembly; cytoplasmic translation","ribosome; small ribosomal subunit; nucleus; cytoplasm; plasma membrane; membrane; ribonucleoprotein complex; cytosolic small ribosomal subunit; nucleoplasm; cytosol; cytosolic ribosome","structural constituent of ribosome; laminin receptor activity; RNA binding; DNA binding; protein binding; virus receptor activity; ribosome binding; laminin binding","GO:0006412; GO:0007155; GO:0006338; GO:0046718; GO:0000028; GO:0002181","GO:0005840; GO:0015935; GO:0005634; GO:0005737; GO:0005886; GO:0016020; GO:1990904; GO:0022627; GO:0005654; GO:0005829; GO:0022626","GO:0003735; GO:0005055; GO:0003723; GO:0003677; GO:0005515; GO:0001618; GO:0043022; GO:0043236"
"P09012","SNRPA",-1.36399956069048,0.105185538332239,30,7.59824836896633,0.224697331632978,307,5.63,301,325,"weight_sensitive_candidate","SNRPA","small nuclear ribonucleoprotein polypeptide A [Source:HGNC Symbol;Acc:HGNC:11151]","RNA splicing; mRNA processing; mRNA splicing, via spliceosome","nucleus; spliceosomal complex; nucleoplasm; ribonucleoprotein complex; U1 snRNP; U4/U6 x U5 tri-snRNP complex; spliceosomal snRNP complex","RNA binding; nucleic acid binding; protein binding; identical protein binding; U1 snRNA binding; DNA binding; U1 snRNP binding","GO:0008380; GO:0006397; GO:0000398","GO:0005634; GO:0005681; GO:0005654; GO:1990904; GO:0005685; GO:0046540; GO:0097525","GO:0003723; GO:0003676; GO:0005515; GO:0042802; GO:0030619; GO:0003677; GO:1990446"
"P09211","GSTP1",-2.67500371437406,0.000176898591986887,4,930.000000000001,0.256297882934535,258,16.96,198,284,"weight_sensitive_candidate","GSTP1","glutathione S-transferase pi 1 [Source:HGNC Symbol;Acc:HGNC:4638]","lipid metabolic process; negative regulation of apoptotic process; prostaglandin metabolic process; cellular oxidant detoxification; xenobiotic metabolic process; glutathione metabolic process; cellular response to lipopolysaccharide; central nervous system development; negative regulation of transcription by RNA polymerase II; negative regulation of MAPK cascade; hepoxilin biosynthetic process; negative regulation of canonical NF-kappaB signal transduction; negative regulation of JNK cascade; positive regulation of superoxide anion generation; negative regulation of acute inflammatory response; negative regulation of extrinsic apoptotic signaling pathway; linoleic acid metabolic process; glutathione derivative biosynthetic process; response to reactive oxygen species; response to toxic substance; oligodendrocyte development; animal organ regeneration; response to nutrient levels; response to estradiol; regulation of stress-activated MAPK cascade; negative regulation of stress-activated MAPK cascade; response to L-ascorbic acid; common myeloid progenitor cell proliferation; nitric oxide storage; response to amino acid; response to ethanol; negative regulation of fibroblast proliferation; negative regulation of leukocyte proliferation; cellular response to epidermal growth factor stimulus; cellular response to glucocorticoid stimulus; cellular response to cell-matrix adhesion; negative regulation of monocyte chemotactic protein-1 production; negative regulation of smooth muscle cell chemotaxis; negative regulation of vascular associated smooth muscle cell proliferation","nucleus; cytoplasm; extracellular space; cytosol; mitochondrion; vesicle; extracellular region; secretory granule lumen; ficolin-1-rich granule lumen; TRAF2-GSTP1 complex","glutathione transferase activity; protein binding; transferase activity; protein serine/threonine kinase inhibitor activity; glutathione peroxidase activity; fatty acid binding; JUN kinase binding; toxic substance binding; protein kinase binding; S-nitrosoglutathione binding; dinitrosyl-iron complex binding","GO:0006629; GO:0043066; GO:0006693; GO:0098869; GO:0006805; GO:0006749; GO:0071222; GO:0007417; GO:0000122; GO:0043409; GO:0051122; GO:0043124; GO:0046329; GO:0032930; GO:0002674; GO:2001237; GO:0043651; GO:1901687; GO:0000302; GO:0009636; GO:0014003; GO:0031100; GO:0031667; GO:0032355; GO:0032872; GO:0032873; GO:0033591; GO:0035726; GO:0035732; GO:0043200; GO:0045471; GO:0048147; GO:0070664; GO:0071364; GO:0071385; GO:0071460; GO:0071638; GO:0071672; GO:1904706","GO:0005634; GO:0005737; GO:0005615; GO:0005829; GO:0005739; GO:0031982; GO:0005576; GO:0034774; GO:1904813; GO:0097057","GO:0004364; GO:0005515; GO:0016740; GO:0030291; GO:0004602; GO:0005504; GO:0008432; GO:0015643; GO:0019901; GO:0035730; GO:0035731"
"P09382","LGALS1",2.58122633363753,0.000248498468845889,8,2.14358974358974,0.241070145510236,287,8.07,269,299,"weight_sensitive_candidate","LGALS1","galectin 1 [Source:HGNC Symbol;Acc:HGNC:6561]","signal transduction; apoptotic process; positive regulation of canonical NF-kappaB signal transduction; regulation of apoptotic process; T cell costimulation; myoblast differentiation; positive regulation of viral entry into host cell; positive regulation of inflammatory response; positive regulation of apoptotic process; cell-cell adhesion; negative regulation of T-helper 17 cell lineage commitment","extracellular space; cytoplasm; extracellular region; plasma membrane; cytosol; extracellular matrix; endoplasmic reticulum lumen; galectin complex","carbohydrate binding; RNA binding; protein binding; receptor ligand activity; laminin binding; lactose binding","GO:0007165; GO:0006915; GO:0043123; GO:0042981; GO:0031295; GO:0045445; GO:0046598; GO:0050729; GO:0043065; GO:0098609; GO:2000329","GO:0005615; GO:0005737; GO:0005576; GO:0005886; GO:0005829; GO:0031012; GO:0005788; GO:1990724","GO:0030246; GO:0003723; GO:0005515; GO:0048018; GO:0043236; GO:0030395"
"P09651","HNRNPA1",-0.622549580605451,0.461577544820525,80,1950.65150762575,0.278455709499504,205,9.41,191,224,"weight_sensitive_candidate","HNRNPA1","heterogeneous nuclear ribonucleoprotein A1 [Source:HGNC Symbol;Acc:HGNC:5031]","mRNA splicing, via spliceosome; RNA splicing; mRNA transport; mRNA processing; regulation of RNA splicing; cellular response to sodium arsenite; RNA export from nucleus; nuclear export; import into nucleus","nucleus; spliceosomal complex; cytoplasm; membrane; nucleoplasm; ribonucleoprotein complex; catalytic step 2 spliceosome; cytosol; synapse","RNA binding; nucleic acid binding; protein binding; identical protein binding; miRNA binding; pre-mRNA binding; protein domain specific binding; mRNA 3'-UTR binding; telomeric repeat-containing RNA binding; DNA binding; single-stranded DNA binding; single-stranded RNA binding; G-rich strand telomeric DNA binding","GO:0000398; GO:0008380; GO:0051028; GO:0006397; GO:0043484; GO:1903936; GO:0006405; GO:0051168; GO:0051170","GO:0005634; GO:0005681; GO:0005737; GO:0016020; GO:0005654; GO:1990904; GO:0071013; GO:0005829; GO:0045202","GO:0003723; GO:0003676; GO:0005515; GO:0042802; GO:0035198; GO:0036002; GO:0019904; GO:0003730; GO:0061752; GO:0003677; GO:0003697; GO:0003727; GO:0098505"
"P09769","FGR",-0.505008754707674,0.592387664668662,8,0,0.0881315355827535,438,0.88,436,439,"robust_candidate","FGR","FGR proto-oncogene, Src family tyrosine kinase [Source:HGNC Symbol;Acc:HGNC:3697]","protein phosphorylation; positive regulation of cell migration; positive regulation of cytokine production; immune system process; innate immune response; defense response to Gram-positive bacterium; regulation of cell shape; integrin-mediated signaling pathway; Fc-gamma receptor signaling pathway involved in phagocytosis; positive regulation of phosphatidylinositol 3-kinase/protein kinase B signal transduction; cell differentiation; regulation of innate immune response; immune response-regulating cell surface receptor signaling pathway; negative regulation of inflammatory response to antigenic stimulus; protein autophosphorylation; response to virus; regulation of protein kinase activity; cell surface receptor protein tyrosine kinase signaling pathway; regulation of phagocytosis; peptidyl-tyrosine phosphorylation; bone mineralization; skeletal system morphogenesis; positive regulation of mast cell degranulation","cytoplasm; plasma membrane; membrane; cell projection; mitochondrion; cytosol; cytoskeleton; mitochondrial inner membrane; actin cytoskeleton; extracellular region; mitochondrial intermembrane space; secretory granule lumen","ATP binding; protein binding; protein kinase activity; protein tyrosine kinase activity; transferase activity; nucleotide binding; kinase activity; protein kinase binding; non-membrane spanning protein tyrosine kinase activity; phosphotyrosine residue binding; immunoglobulin receptor binding; signaling receptor binding; Fc-gamma receptor I complex binding","GO:0006468; GO:0030335; GO:0001819; GO:0002376; GO:0045087; GO:0050830; GO:0008360; GO:0007229; GO:0038096; GO:0051897; GO:0030154; GO:0045088; GO:0002768; GO:0002862; GO:0046777; GO:0009615; GO:0045859; GO:0007169; GO:0050764; GO:0018108; GO:0030282; GO:0048705; GO:0043306","GO:0005737; GO:0005886; GO:0016020; GO:0042995; GO:0005739; GO:0005829; GO:0005856; GO:0005743; GO:0015629; GO:0005576; GO:0005758; GO:0034774","GO:0005524; GO:0005515; GO:0004672; GO:0004713; GO:0016740; GO:0000166; GO:0016301; GO:0019901; GO:0004715; GO:0001784; GO:0034987; GO:0005102; GO:0034988"
"P09972","ALDOC",-0.891387182030066,0.24741551953772,6,466,0.142511831927992,400,3.36,394,407,"weight_sensitive_candidate","ALDOC","aldolase, fructose-bisphosphate C [Source:HGNC Symbol;Acc:HGNC:418]","glycolytic process; fructose 1,6-bisphosphate metabolic process; epithelial cell differentiation; fructose metabolic process; gluconeogenesis","extracellular region; cytosol; secretory granule lumen; ficolin-1-rich granule lumen; tertiary granule lumen; cytoskeleton","fructose-bisphosphate aldolase activity; lyase activity; protein binding; cytoskeletal protein binding","GO:0006096; GO:0030388; GO:0030855; GO:0006000; GO:0006094","GO:0005576; GO:0005829; GO:0034774; GO:1904813; GO:1904724; GO:0005856","GO:0004332; GO:0016829; GO:0005515; GO:0008092"
"P0DMV8","HSPA1A",-1.29824341744182,0.072070323906567,8,267.573101292986,0.179071901318747,362,1.76,358,364,"weight_sensitive_candidate","HSPA1A","heat shock protein family A (Hsp70) member 1A [Source:HGNC Symbol;Acc:HGNC:5232]","positive regulation of gene expression; negative regulation of cell population proliferation; negative regulation of apoptotic process; cellular response to oxidative stress; negative regulation of protein ubiquitination; negative regulation of transcription by RNA polymerase II; regulation of mitotic spindle assembly; symbiont entry into host cell; negative regulation of cell growth; protein stabilization; positive regulation of proteasomal ubiquitin-dependent protein catabolic process; response to unfolded protein; mRNA catabolic process; ATP metabolic process; cellular response to steroid hormone stimulus; positive regulation of microtubule nucleation; negative regulation of inclusion body assembly; positive regulation of tumor necrosis factor-mediated signaling pathway; negative regulation of extrinsic apoptotic signaling pathway in absence of ligand; lysosomal transport; negative regulation of transforming growth factor beta receptor signaling pathway; cellular response to heat; positive regulation of NF-kappaB transcription factor activity; endoplasmic reticulum unfolded protein response; negative regulation of endoplasmic reticulum stress-induced intrinsic apoptotic signaling pathway; cellular response to unfolded protein; regulation of protein ubiquitination; chaperone-mediated protein complex assembly; positive regulation of RNA splicing; negative regulation of mitochondrial outer membrane permeabilization involved in apoptotic signaling pathway","nucleus; cytoplasm; nuclear speck; extracellular region; extracellular space; mitochondrion; cytosol; cytoskeleton; focal adhesion; endoplasmic reticulum; perinuclear region of cytoplasm; vesicle; COP9 signalosome; ribonucleoprotein complex; centrosome; plasma membrane; centriole; protein-containing complex; ficolin-1-rich granule lumen; nucleoplasm; blood microparticle; inclusion body","ATP binding; protein binding; RNA binding; signaling receptor binding; nucleotide binding; G protein-coupled receptor binding; ubiquitin protein ligase binding; ATP hydrolysis activity; transcription corepressor activity; receptor ligand activity; virus receptor activity; heat shock protein binding; histone deacetylase binding; protein folding chaperone; unfolded protein binding; C3HC4-type RING finger domain binding; cadherin binding; enzyme binding; disordered domain specific binding; death receptor agonist activity; denatured protein binding; misfolded protein binding","GO:0010628; GO:0008285; GO:0043066; GO:0034599; GO:0031397; GO:0000122; GO:1901673; GO:0046718; GO:0030308; GO:0050821; GO:0032436; GO:0006986; GO:0006402; GO:0046034; GO:0071383; GO:0090063; GO:0090084; GO:1903265; GO:2001240; GO:0007041; GO:0030512; GO:0034605; GO:0051092; GO:0030968; GO:1902236; GO:0034620; GO:0031396; GO:0051131; GO:0033120; GO:1901029","GO:0005634; GO:0005737; GO:0016607; GO:0005576; GO:0005615; GO:0005739; GO:0005829; GO:0005856; GO:0005925; GO:0005783; GO:0048471; GO:0031982; GO:0008180; GO:1990904; GO:0005813; GO:0005886; GO:0005814; GO:0032991; GO:1904813; GO:0005654; GO:0072562; GO:0016234","GO:0005524; GO:0005515; GO:0003723; GO:0005102; GO:0000166; GO:0001664; GO:0031625; GO:0016887; GO:0003714; GO:0048018; GO:0001618; GO:0031072; GO:0042826; GO:0044183; GO:0051082; GO:0055131; GO:0045296; GO:0019899; GO:0097718; GO:0038177; GO:0031249; GO:0051787"
"P0DP25","CALM3",-0.85210162542964,0.25813719520184,50,3747.6914421613,0.270652298237708,231,9.97,208,247,"weight_sensitive_candidate","CALM3","calmodulin 3 [Source:HGNC Symbol;Acc:HGNC:1449]","G protein-coupled receptor signaling pathway; detection of calcium ion; regulation of heart rate; regulation of cytokinesis; long-term synaptic potentiation; calcineurin-mediated signaling; regulation of cell communication by electrical coupling involved in cardiac conduction; G2/M transition of mitotic cell cycle; regulation of calcium-mediated signaling; response to amphetamine; response to corticosterone; establishment of protein localization to membrane; establishment of protein localization to mitochondrial membrane; presynaptic endocytosis; regulation of synaptic vesicle endocytosis; negative regulation of calcium ion export across plasma membrane; regulation of synaptic vesicle exocytosis; substantia nigra development; regulation of release of sequestered calcium ion into cytosol by sarcoplasmic reticulum; regulation of cardiac muscle contraction; response to calcium ion; regulation of cardiac muscle cell action potential; negative regulation of high voltage-gated calcium channel activity","nucleus; cytoplasm; plasma membrane; cytoskeleton; vesicle; spindle; centrosome; spindle pole; sarcomere; mitochondrion; calcium channel complex; spindle microtubule; synaptic vesicle membrane; mitochondrial membrane; calyx of Held; membrane; growth cone; myelin sheath; sperm midpiece; voltage-gated potassium channel complex; protein-containing complex; catalytic complex","calcium ion binding; metal ion binding; kinase activity; protein binding; protein kinase binding; protein phosphatase activator activity; protein serine/threonine kinase activator activity; titin binding; protein domain specific binding; nitric-oxide synthase regulator activity; type 3 metabotropic glutamate receptor binding; phosphatidylinositol 3-kinase binding; transmembrane transporter binding; calcium-dependent protein binding; nitric-oxide synthase binding; transporter inhibitor activity; calcium channel regulator activity; adenylate cyclase binding","GO:0007186; GO:0005513; GO:0002027; GO:0032465; GO:0060291; GO:0097720; GO:1901844; GO:0000086; GO:0050848; GO:0001975; GO:0051412; GO:0090150; GO:0090151; GO:0140238; GO:1900242; GO:1905913; GO:2000300; GO:0021762; GO:0010880; GO:0055117; GO:0051592; GO:0098901; GO:1901842","GO:0005634; GO:0005737; GO:0005886; GO:0005856; GO:0031982; GO:0005819; GO:0005813; GO:0000922; GO:0030017; GO:0005739; GO:0034704; GO:0005876; GO:0030672; GO:0031966; GO:0044305; GO:0016020; GO:0030426; GO:0043209; GO:0097225; GO:0008076; GO:0032991; GO:1902494","GO:0005509; GO:0046872; GO:0016301; GO:0005515; GO:0019901; GO:0072542; GO:0043539; GO:0031432; GO:0019904; GO:0030235; GO:0031800; GO:0043548; GO:0044325; GO:0048306; GO:0050998; GO:0141110; GO:0005246; GO:0008179"
"P10301","RRAS",1.35402210809679,0.065572618989564,14,98.423675548539,0.204135972612727,334,2.56,330,339,"weight_sensitive_candidate","RRAS","RAS related [Source:HGNC Symbol;Acc:HGNC:10447]","signal transduction; positive regulation of angiogenesis; face morphogenesis; Ras protein signal transduction; regulation of phosphatidylinositol 3-kinase/protein kinase B signal transduction; cell migration; Schwann cell migration; negative regulation of Schwann cell migration; leukocyte differentiation; positive regulation of endothelial cell migration; positive regulation of endothelial cell-matrix adhesion via fibronectin; positive regulation of vasculogenesis","membrane; plasma membrane; focal adhesion","GTPase activity; GTP binding; hydrolase activity; nucleotide binding; protein binding; GDP binding; protein-containing complex binding","GO:0007165; GO:0045766; GO:0060325; GO:0007265; GO:0051896; GO:0016477; GO:0036135; GO:1900148; GO:0002521; GO:0010595; GO:1904906; GO:2001214","GO:0016020; GO:0005886; GO:0005925","GO:0003924; GO:0005525; GO:0016787; GO:0000166; GO:0005515; GO:0019003; GO:0044877"
"P10620","MGST1",-1.27873028973933,0.114604330264589,4,466,0.145190714655963,398,3.56,389,403,"weight_sensitive_candidate","MGST1","microsomal glutathione S-transferase 1 [Source:HGNC Symbol;Acc:HGNC:7061]","cellular oxidant detoxification; glutathione transport; cellular response to lipid hydroperoxide","membrane; mitochondrion; mitochondrial outer membrane; endoplasmic reticulum; endoplasmic reticulum membrane; peroxisomal membrane; plasma membrane; azurophil granule membrane","transferase activity; protein binding; glutathione transferase activity; glutathione peroxidase activity","GO:0098869; GO:0034635; GO:0071449","GO:0016020; GO:0005739; GO:0005741; GO:0005783; GO:0005789; GO:0005778; GO:0005886; GO:0035577","GO:0016740; GO:0005515; GO:0004364; GO:0004602"
"P10644","PRKAR1A",2.34580801992857,0.00589606808585253,8,17.9899982345407,0.221922263286173,314,4.97,302,321,"weight_sensitive_candidate","PRKAR1A","protein kinase cAMP-dependent type I regulatory subunit alpha [Source:HGNC Symbol;Acc:HGNC:9388]","regulation of protein phosphorylation; negative regulation of gene expression; negative regulation of cAMP/PKA signal transduction; adenylate cyclase-activating G protein-coupled receptor signaling pathway; negative regulation of activated T cell proliferation; regulation of transcription by RNA polymerase II; intracellular signal transduction; mesoderm formation; heart development; sarcomere organization; cardiac muscle cell proliferation; positive regulation of insulin secretion; cellular response to glucagon stimulus","cAMP-dependent protein kinase complex; cytoplasm; plasma membrane; membrane; ciliary base; axoneme; protein-containing complex; cytosol; immunological synapse; plasma membrane raft; nucleotide-activated protein kinase complex; synapse; glutamatergic synapse; multivesicular body; centrosome; neuromuscular junction","cAMP-dependent protein kinase regulator activity; nucleotide binding; kinase activity; protein binding; cAMP-dependent protein kinase inhibitor activity; cAMP binding; protein kinase A catalytic subunit binding; ubiquitin protein ligase binding; protein domain specific binding","GO:0001932; GO:0010629; GO:0141162; GO:0007189; GO:0046007; GO:0006357; GO:0035556; GO:0001707; GO:0007507; GO:0045214; GO:0060038; GO:0032024; GO:0071377","GO:0005952; GO:0005737; GO:0005886; GO:0016020; GO:0097546; GO:0005930; GO:0032991; GO:0005829; GO:0001772; GO:0044853; GO:0031588; GO:0045202; GO:0098978; GO:0005771; GO:0005813; GO:0031594","GO:0008603; GO:0000166; GO:0016301; GO:0005515; GO:0004862; GO:0030552; GO:0034236; GO:0031625; GO:0019904"
"P10909","CLU",-2.64477059069828,0.00013945096795715,14,221.541182326497,0.309307405814683,147,8.79,132,173,"weight_sensitive_candidate","CLU","clusterin [Source:HGNC Symbol;Acc:HGNC:2095]","apoptotic process; positive regulation of apoptotic process; immune system process; innate immune response; regulation of cell population proliferation; complement activation, classical pathway; protein stabilization; response to virus; positive regulation of proteasomal ubiquitin-dependent protein catabolic process; complement activation; protein folding; amyloid-beta clearance; positive regulation of ubiquitin-dependent protein catabolic process; regulation of apoptotic process; positive regulation of NF-kappaB transcription factor activity; positive regulation of gene expression; positive regulation of receptor-mediated endocytosis; lipid metabolic process; negative regulation of neuron apoptotic process; negative regulation of intrinsic apoptotic signaling pathway in response to DNA damage; reverse cholesterol transport; response to misfolded protein; negative regulation of amyloid fibril formation; negative regulation of protein-containing complex assembly; protein import; regulation of amyloid-beta clearance; negative regulation of amyloid-beta formation; positive regulation of amyloid fibril formation; positive regulation of protein-containing complex assembly; release of cytochrome c from mitochondria; negative regulation of complement activation; cell morphogenesis; microglial cell activation; negative regulation of activation of membrane attack complex; positive regulation of nitric oxide biosynthetic process; chaperone-mediated protein complex assembly; microglial cell proliferation; protein targeting to lysosome involved in chaperone-mediated autophagy; negative regulation of release of cytochrome c from mitochondria; positive regulation of amyloid-beta formation; regulation of neuronal signal transduction; positive regulation of neurofibrillary tangle assembly; negative regulation of response to endoplasmic reticulum stress; negative regulation of complement-dependent cytotoxicity","extracellular space; nucleus; cytoplasm; extracellular region; plasma membrane; membrane; cytosol; mitochondrion; endoplasmic reticulum; cytoplasmic vesicle; mitochondrial membrane; perinuclear region of cytoplasm; mitochondrial inner membrane; protein-containing complex; chromaffin granule; blood microparticle; platelet alpha granule lumen; cytoskeleton; intracellular membrane-bounded organelle; Golgi apparatus; spherical high-density lipoprotein particle; cell periphery; synapse; neurofibrillary tangle; apical dendrite","protein binding; ubiquitin protein ligase binding; receptor ligand activity; unfolded protein binding; amyloid-beta binding; signaling receptor binding; low-density lipoprotein particle receptor binding; tau protein binding; protein-folding chaperone binding; protein-containing complex binding; protein carrier chaperone; misfolded protein binding","GO:0006915; GO:0043065; GO:0002376; GO:0045087; GO:0042127; GO:0006958; GO:0050821; GO:0009615; GO:0032436; GO:0006956; GO:0006457; GO:0097242; GO:2000060; GO:0042981; GO:0051092; GO:0010628; GO:0048260; GO:0006629; GO:0043524; GO:1902230; GO:0043691; GO:0051788; GO:1905907; GO:0031333; GO:0017038; GO:1900221; GO:1902430; GO:1905908; GO:0031334; GO:0001836; GO:0045916; GO:0000902; GO:0001774; GO:0001971; GO:0045429; GO:0051131; GO:0061518; GO:0061740; GO:0090201; GO:1902004; GO:1902847; GO:1902998; GO:1903573; GO:1903660","GO:0005615; GO:0005634; GO:0005737; GO:0005576; GO:0005886; GO:0016020; GO:0005829; GO:0005739; GO:0005783; GO:0031410; GO:0031966; GO:0048471; GO:0005743; GO:0032991; GO:0042583; GO:0072562; GO:0031093; GO:0005856; GO:0043231; GO:0005794; GO:0034366; GO:0071944; GO:0045202; GO:0097418; GO:0097440","GO:0005515; GO:0031625; GO:0048018; GO:0051082; GO:0001540; GO:0005102; GO:0050750; GO:0048156; GO:0051087; GO:0044877; GO:0140597; GO:0051787"
"P10915","HAPLN1",3.81018863142549,1.00151315437176e-06,2,0,0.261064570022556,249,28.81,177,288,"weight_sensitive_candidate","HAPLN1","hyaluronan and proteoglycan link protein 1 [Source:HGNC Symbol;Acc:HGNC:2380]","cell adhesion; central nervous system development; skeletal system development","extracellular region; extracellular space; synapse; extracellular matrix; perineuronal net","hyaluronic acid binding; extracellular matrix structural constituent conferring compression resistance","GO:0007155; GO:0007417; GO:0001501","GO:0005576; GO:0005615; GO:0045202; GO:0031012; GO:0072534","GO:0005540; GO:0030021"
"P11047","LAMC1",2.94395767737148,4.96561251745198e-05,42,221.699373691844,0.390210327204089,71,2.46,68,76,"weight_sensitive_candidate","LAMC1","laminin subunit gamma 1 [Source:HGNC Symbol;Acc:HGNC:6492]","cell adhesion; tissue development; maintenance of blood-brain barrier; cell migration; substrate adhesion-dependent cell spreading; endoderm development; protein-containing complex assembly; positive regulation of epithelial cell proliferation; positive regulation of cell adhesion; positive regulation of muscle cell differentiation; regulation of basement membrane organization; positive regulation of integrin-mediated signaling pathway; extracellular matrix disassembly; hemidesmosome assembly","extracellular region; extracellular space; basement membrane; extracellular matrix; laminin-1 complex; laminin-10 complex; endoplasmic reticulum lumen; laminin-11 complex; protein complex involved in cell-matrix adhesion","extracellular matrix structural constituent; extracellular matrix constituent conferring elasticity","GO:0007155; GO:0009888; GO:0035633; GO:0016477; GO:0034446; GO:0007492; GO:0065003; GO:0050679; GO:0045785; GO:0051149; GO:0110011; GO:2001046; GO:0022617; GO:0031581","GO:0005576; GO:0005615; GO:0005604; GO:0031012; GO:0005606; GO:0043259; GO:0005788; GO:0043260; GO:0098637","GO:0005201; GO:0030023"
"P11216","PYGB",-0.914365594008192,0.23586545079411,10,1633.74082117816,0.179294361757819,359,3.89,353,367,"weight_sensitive_candidate","PYGB","glycogen phosphorylase B [Source:HGNC Symbol;Acc:HGNC:9723]","carbohydrate metabolic process; glycogen metabolic process; glycogen catabolic process","cytoplasm; membrane; extracellular region; azurophil granule lumen","1,4-alpha-oligoglucan phosphorylase activity; pyridoxal phosphate binding; glycogen phosphorylase activity; transferase activity; protein binding; catalytic activity; glycosyltransferase activity","GO:0005975; GO:0005977; GO:0005980","GO:0005737; GO:0016020; GO:0005576; GO:0035578","GO:0004645; GO:0030170; GO:0008184; GO:0016740; GO:0005515; GO:0003824; GO:0016757"
"P11387","TOP1",2.13319066823139,0.00276215122169532,12,52.0578152815334,0.247117996312566,278,4.68,260,282,"weight_sensitive_candidate","TOP1","DNA topoisomerase I [Source:HGNC Symbol;Acc:HGNC:11986]","DNA topological change; rhythmic process; programmed cell death; chromatin remodeling; response to xenobiotic stimulus; circadian regulation of gene expression; circadian rhythm; chromosome segregation; DNA replication; embryonic cleavage; response to temperature stimulus; rRNA transcription; peptidyl-serine phosphorylation; animal organ regeneration; response to cAMP; cellular response to luteinizing hormone stimulus","chromosome; nucleus; nucleoplasm; fibrillar center; nucleolus; P-body; nuclear chromosome; protein-DNA complex; dense fibrillar component; male germ cell nucleus; cytoplasm; perikaryon","DNA binding; DNA topoisomerase type I (single strand cut, ATP-independent) activity; RNA binding; isomerase activity; protein binding; RNA polymerase II cis-regulatory region sequence-specific DNA binding; chromatin binding; DNA topoisomerase activity; protein domain specific binding; ATP binding; double-stranded DNA binding; single-stranded DNA binding; protein serine/threonine kinase activity; DNA binding, bending; chromatin DNA binding; protein-containing complex binding; supercoiled DNA binding","GO:0006265; GO:0048511; GO:0012501; GO:0006338; GO:0009410; GO:0032922; GO:0007623; GO:0007059; GO:0006260; GO:0040016; GO:0009266; GO:0009303; GO:0018105; GO:0031100; GO:0051591; GO:0071373","GO:0005694; GO:0005634; GO:0005654; GO:0001650; GO:0005730; GO:0000932; GO:0000228; GO:0032993; GO:0001651; GO:0001673; GO:0005737; GO:0043204","GO:0003677; GO:0003917; GO:0003723; GO:0016853; GO:0005515; GO:0000978; GO:0003682; GO:0003916; GO:0019904; GO:0005524; GO:0003690; GO:0003697; GO:0004674; GO:0008301; GO:0031490; GO:0044877; GO:0097100"
"P11413","G6PD",1.42842993799835,0.0402450012360891,8,1152.11451274973,0.199727646489697,339,2.89,335,347,"weight_sensitive_candidate","G6PD","glucose-6-phosphate dehydrogenase [Source:HGNC Symbol;Acc:HGNC:4057]","glucose metabolic process; pentose-phosphate shunt; glucose 6-phosphate metabolic process; substantia nigra development; lipid metabolic process; cellular response to oxidative stress; glutathione metabolic process; cholesterol biosynthetic process; NADP metabolic process; NADPH regeneration; pentose biosynthetic process; erythrocyte maturation; ribose phosphate biosynthetic process; response to iron(III) ion; response to food; regulation of neuron apoptotic process; response to ethanol; negative regulation of cell growth involved in cardiac muscle cell development; positive regulation of calcium ion transmembrane transport via high voltage-gated calcium channel; negative regulation of reactive oxygen species metabolic process","cytoplasm; membrane; cytosol; centriolar satellite; cytoplasmic side of plasma membrane","oxidoreductase activity, acting on CH-OH group of donors; NADP binding; glucose-6-phosphate dehydrogenase activity; protein binding; oxidoreductase activity; protein homodimerization activity; identical protein binding; D-glucose binding; carbohydrate binding","GO:0006006; GO:0006098; GO:0051156; GO:0021762; GO:0006629; GO:0034599; GO:0006749; GO:0006695; GO:0006739; GO:0006740; GO:0019322; GO:0043249; GO:0046390; GO:0010041; GO:0032094; GO:0043523; GO:0045471; GO:0061052; GO:1904879; GO:2000378","GO:0005737; GO:0016020; GO:0005829; GO:0034451; GO:0009898","GO:0016614; GO:0050661; GO:0004345; GO:0005515; GO:0016491; GO:0042803; GO:0042802; GO:0005536; GO:0030246"
"P12004","PCNA",1.8626232678212,0.00627765563991577,18,570.747515183274,0.269387049655797,237,10.18,202,241,"weight_sensitive_candidate","PCNA","proliferating cell nuclear antigen [Source:HGNC Symbol;Acc:HGNC:8729]","regulation of DNA replication; DNA repair; DNA damage response; chromatin organization; positive regulation of DNA repair; DNA replication; cellular response to UV; epithelial cell differentiation; positive regulation of DNA replication; mismatch repair; leading strand elongation; positive regulation of DNA-directed DNA polymerase activity; negative regulation of transcription by RNA polymerase II; base-excision repair, gap-filling; cellular response to xenobiotic stimulus; response to oxidative stress; heart development; translesion synthesis; replication fork processing; response to estradiol; response to lipid; estrous cycle; response to cadmium ion; liver regeneration; response to L-glutamate; mitotic telomere maintenance via semi-conservative replication","chromosome, telomeric region; nucleus; nucleoplasm; nuclear body; chromatin; nuclear replication fork; centrosome; male germ cell nucleus; nuclear lamina; replication fork; cyclin-dependent protein kinase holoenzyme complex; replisome; PCNA complex","DNA binding; DNA polymerase processivity factor activity; protein binding; identical protein binding; protein-containing complex binding; chromatin binding; damaged DNA binding; receptor tyrosine kinase binding; enzyme binding; histone acetyltransferase binding; purine-specific mismatch base pair DNA N-glycosylase activity; nuclear estrogen receptor binding","GO:0006275; GO:0006281; GO:0006974; GO:0006325; GO:0045739; GO:0006260; GO:0034644; GO:0030855; GO:0045740; GO:0006298; GO:0006272; GO:1900264; GO:0000122; GO:0006287; GO:0071466; GO:0006979; GO:0007507; GO:0019985; GO:0031297; GO:0032355; GO:0033993; GO:0044849; GO:0046686; GO:0097421; GO:1902065; GO:1902990","GO:0000781; GO:0005634; GO:0005654; GO:0016604; GO:0000785; GO:0043596; GO:0005813; GO:0001673; GO:0005652; GO:0005657; GO:0000307; GO:0030894; GO:0043626","GO:0003677; GO:0030337; GO:0005515; GO:0042802; GO:0044877; GO:0003682; GO:0003684; GO:0030971; GO:0019899; GO:0035035; GO:0000701; GO:0030331"
"P12109","COL6A1",3.81699460964921,3.91622343684386e-07,46,298.556696732632,0.469457882784887,39,1.23,35,41,"robust_candidate","COL6A1","collagen type VI alpha 1 chain [Source:HGNC Symbol;Acc:HGNC:2211]","cell differentiation; cell adhesion; anatomical structure morphogenesis; tissue development; osteoblast differentiation; response to reactive oxygen species; cell morphogenesis; ossification; hair follicle development; reduction of food intake in response to dietary excess; muscle system process; respiratory system process; glycolytic process; tricarboxylic acid cycle; 2-oxoglutarate metabolic process; energy reserve metabolic process; autophagy; apoptotic process; inflammatory response; mitochondrion organization; single fertilization; peripheral nervous system development; heart development; muscle organ development; skeletal muscle tissue development; circadian rhythm; insulin receptor signaling pathway; regulation of cell size; response to xenobiotic stimulus; response to UV; response to wounding; response to mechanical stimulus; response to toxic substance; gene expression; muscle cell apoptotic process; response to activity; response to muscle activity; transmission of nerve impulse; myelination in peripheral nervous system; collagen fibril organization; apoptotic nuclear changes; bone mineralization; lung development; response to lipopolysaccharide; collagen metabolic process; response to lipid; response to decreased oxygen levels; skeletal muscle tissue regeneration; phosphatidylinositol 3-kinase/protein kinase B signal transduction; skin development; insulin-like growth factor receptor signaling pathway; response to pain; lung alveolus development; skeletal muscle tissue growth; skeletal muscle fiber development; tissue remodeling; homeostasis of number of cells; nervous system process; sensory perception of mechanical stimulus; cartilage development; protein tetramerization; neuron apoptotic process; mitochondrial depolarization; muscle cell development; uterus development; canonical Wnt signaling pathway; bone development; lung morphogenesis; lung epithelial cell differentiation; skeletal muscle organ development; adipose tissue development; muscle structure development; caveola assembly; cellular response to amino acid stimulus; basement membrane organization; multicellular organismal locomotion; reactive oxygen species metabolic process; extracellular matrix assembly; energy homeostasis; skeletal muscle fiber differentiation; response to peptide; regulation of collagen fibril organization; response to polyamine macromolecule; response to bleomycin; mitochondrial transmembrane transport; endodermal cell differentiation","extracellular region; membrane; endoplasmic reticulum; collagen trimer; extracellular matrix; lysosomal membrane; mitochondrion; basement membrane; lysosome; myofibril; intracellular vesicle; collagen type VI trimer; protein-containing complex; endoplasmic reticulum lumen","protein binding; collagen binding; extracellular matrix structural constituent conferring tensile strength; platelet-derived growth factor binding","GO:0030154; GO:0007155; GO:0009653; GO:0009888; GO:0001649; GO:0000302; GO:0000902; GO:0001503; GO:0001942; GO:0002023; GO:0003012; GO:0003016; GO:0006096; GO:0006099; GO:0006103; GO:0006112; GO:0006914; GO:0006915; GO:0006954; GO:0007005; GO:0007338; GO:0007422; GO:0007507; GO:0007517; GO:0007519; GO:0007623; GO:0008286; GO:0008361; GO:0009410; GO:0009411; GO:0009611; GO:0009612; GO:0009636; GO:0010467; GO:0010657; GO:0014823; GO:0014850; GO:0019226; GO:0022011; GO:0030199; GO:0030262; GO:0030282; GO:0030324; GO:0032496; GO:0032963; GO:0033993; GO:0036293; GO:0043403; GO:0043491; GO:0043588; GO:0048009; GO:0048265; GO:0048286; GO:0048630; GO:0048741; GO:0048771; GO:0048872; GO:0050877; GO:0050954; GO:0051216; GO:0051262; GO:0051402; GO:0051882; GO:0055001; GO:0060065; GO:0060070; GO:0060348; GO:0060425; GO:0060487; GO:0060538; GO:0060612; GO:0061061; GO:0070836; GO:0071230; GO:0071711; GO:0071965; GO:0072593; GO:0085029; GO:0097009; GO:0098528; GO:1901652; GO:1904026; GO:1904583; GO:1904975; GO:1990542; GO:0035987","GO:0005576; GO:0016020; GO:0005783; GO:0005581; GO:0031012; GO:0005765; GO:0005739; GO:0005604; GO:0005764; GO:0030016; GO:0097708; GO:0005589; GO:0032991; GO:0005788","GO:0005515; GO:0005518; GO:0030020; GO:0048407"
"P12110","COL6A2",5.78857892630917,2.9398727802252e-10,44,295.922745940777,0.602605150989129,10,0.82,10,12,"robust_candidate","COL6A2","collagen type VI alpha 2 chain [Source:HGNC Symbol;Acc:HGNC:2212]","cell adhesion; response to UV; phosphatidylinositol 3-kinase/protein kinase B signal transduction; neuron apoptotic process; response to glucose","extracellular space; extracellular region; membrane; collagen trimer; extracellular matrix; collagen type VI trimer; protein-containing complex; endoplasmic reticulum lumen; extracellular vesicle","protein binding; collagen binding; extracellular matrix structural constituent conferring tensile strength","GO:0007155; GO:0009411; GO:0043491; GO:0051402; GO:0009749","GO:0005615; GO:0005576; GO:0016020; GO:0005581; GO:0031012; GO:0005589; GO:0032991; GO:0005788; GO:1903561","GO:0005515; GO:0005518; GO:0030020"
"P12111","COL6A3",6.4674748196218,8.30187762466895e-11,40,274.752099752137,0.633455636045188,6,0.67,5,7,"robust_candidate","COL6A3","collagen type VI alpha 3 chain [Source:HGNC Symbol;Acc:HGNC:2213]","cell adhesion; response to UV; phosphatidylinositol 3-kinase/protein kinase B signal transduction; neuron apoptotic process; response to glucose; muscle organ development","extracellular space; extracellular region; collagen trimer; extracellular matrix; collagen type VI trimer; endoplasmic reticulum lumen; extracellular vesicle","protein binding; serine-type endopeptidase inhibitor activity; peptidase inhibitor activity; extracellular matrix structural constituent conferring tensile strength","GO:0007155; GO:0009411; GO:0043491; GO:0051402; GO:0009749; GO:0007517","GO:0005615; GO:0005576; GO:0005581; GO:0031012; GO:0005589; GO:0005788; GO:1903561","GO:0005515; GO:0004867; GO:0030414; GO:0030020"
"P12277","CKB",2.12326777552573,0.00206979286350835,4,0,0.16386959926238,376,1.94,372,379,"weight_sensitive_candidate","CKB","creatine kinase B [Source:HGNC Symbol;Acc:HGNC:1991]","phosphocreatine biosynthetic process; substantia nigra development","cytoplasm; plasma membrane; membrane; cytosol; mitochondrion; extracellular space","catalytic activity; transferase activity, transferring phosphorus-containing groups; kinase activity; creatine kinase activity; transferase activity; nucleotide binding; ATP binding; protein binding; ubiquitin protein ligase binding","GO:0046314; GO:0021762","GO:0005737; GO:0005886; GO:0016020; GO:0005829; GO:0005739; GO:0005615","GO:0003824; GO:0016772; GO:0016301; GO:0004111; GO:0016740; GO:0000166; GO:0005524; GO:0005515; GO:0031625"
"P13639","EEF2",-0.733567938807081,0.370543079252399,134,3044.96999040365,0.31756968646494,134,10.89,111,154,"weight_sensitive_candidate","EEF2","eukaryotic translation elongation factor 2 [Source:HGNC Symbol;Acc:HGNC:3214]","translation; translational elongation; positive regulation of translation; hematopoietic progenitor cell differentiation; response to ischemia; skeletal muscle contraction; response to xenobiotic stimulus; glial cell proliferation; response to estradiol; response to endoplasmic reticulum stress; skeletal muscle cell differentiation; response to ethanol; response to folic acid; cellular response to brain-derived neurotrophic factor stimulus; positive regulation of cytoplasmic translation","nucleus; cytoplasm; membrane; cytosol; plasma membrane; postsynapse; extracellular region; secretory granule lumen; ficolin-1-rich granule lumen; ribonucleoprotein complex; synapse; glutamatergic synapse; ribosome","GTPase activity; GTP binding; RNA binding; hydrolase activity; nucleotide binding; protein binding; translation elongation factor activity; protein kinase binding; cadherin binding; ribosome binding; p53 binding; 5S rRNA binding; actin filament binding","GO:0006412; GO:0006414; GO:0045727; GO:0002244; GO:0002931; GO:0003009; GO:0009410; GO:0014009; GO:0032355; GO:0034976; GO:0035914; GO:0045471; GO:0051593; GO:1990416; GO:2000767","GO:0005634; GO:0005737; GO:0016020; GO:0005829; GO:0005886; GO:0098794; GO:0005576; GO:0034774; GO:1904813; GO:1990904; GO:0045202; GO:0098978; GO:0005840","GO:0003924; GO:0005525; GO:0003723; GO:0016787; GO:0000166; GO:0005515; GO:0003746; GO:0019901; GO:0045296; GO:0043022; GO:0002039; GO:0008097; GO:0051015"
"P13798","APEH",-0.472840224943127,0.592387664668662,4,37.8399468351259,0.0803066480647684,439,0.41,439,440,"robust_candidate","APEH","acylaminoacyl-peptide hydrolase [Source:HGNC Symbol;Acc:HGNC:586]","proteolysis; amyloid-beta metabolic process; translational termination","cytoplasm; nuclear membrane; cytosol; extracellular region; ficolin-1-rich granule lumen","serine-type peptidase activity; serine-type endopeptidase activity; RNA binding; hydrolase activity; protein binding; peptidase activity; identical protein binding; omega peptidase activity","GO:0006508; GO:0050435; GO:0006415","GO:0005737; GO:0031965; GO:0005829; GO:0005576; GO:1904813","GO:0008236; GO:0004252; GO:0003723; GO:0016787; GO:0005515; GO:0008233; GO:0042802; GO:0008242"
"P13866","SLC5A1",-2.70127201902638,0.000549670784527662,2,0,0.168627410037711,371,6.07,355,380,"weight_sensitive_candidate","SLC5A1","solute carrier family 5 member 1 [Source:HGNC Symbol;Acc:HGNC:11036]","transmembrane transport; monoatomic ion transport; sodium ion transport; D-glucose transmembrane transport; transport across blood-brain barrier; galactose transmembrane transport; alpha-glucoside transport; intestinal D-glucose absorption; pentose transmembrane transport; fucose transmembrane transport; myo-inositol transport; transepithelial water transport; renal D-glucose absorption; intestinal hexose absorption","membrane; plasma membrane; nuclear membrane; Golgi apparatus; brush border membrane; intracellular vesicle; perinuclear region of cytoplasm; early endosome","transmembrane transporter activity; protein binding; symporter activity; solute:sodium symporter activity; D-glucose:sodium symporter activity; D-glucose transmembrane transporter activity; galactose transmembrane transporter activity; myo-inositol:sodium symporter activity; water transmembrane transporter activity; pentose transmembrane transporter activity; fucose transmembrane transporter activity; alpha-glucoside transmembrane transporter activity; galactose:sodium symporter activity","GO:0055085; GO:0006811; GO:0006814; GO:1904659; GO:0150104; GO:0015757; GO:0000017; GO:0001951; GO:0015750; GO:0015756; GO:0015798; GO:0035377; GO:0035623; GO:0106001","GO:0016020; GO:0005886; GO:0031965; GO:0005794; GO:0031526; GO:0097708; GO:0048471; GO:0005769","GO:0022857; GO:0005515; GO:0015293; GO:0015370; GO:0005412; GO:0055056; GO:0005354; GO:0005367; GO:0005372; GO:0015146; GO:0015150; GO:0015151; GO:0015371"
"P13987","CD59",-1.1221432623238,0.119178537370088,10,852.091729661975,0.188181810929493,352,2.98,345,357,"weight_sensitive_candidate","CD59","CD59 molecule (CD59 blood group) [Source:HGNC Symbol;Acc:HGNC:1689]","regulation of complement activation; complement activation; cell surface receptor signaling pathway; blood coagulation; regulation of complement-dependent cytotoxicity; negative regulation of complement activation; negative regulation of activation of membrane attack complex; negative regulation of complement-dependent cytotoxicity","extracellular region; extracellular space; plasma membrane; membrane; focal adhesion; side of membrane; vesicle; endoplasmic reticulum membrane; specific granule membrane; tertiary granule membrane; transport vesicle; ER to Golgi transport vesicle membrane; endoplasmic reticulum-Golgi intermediate compartment membrane","protein binding; complement binding","GO:0030449; GO:0006956; GO:0007166; GO:0007596; GO:1903659; GO:0045916; GO:0001971; GO:1903660","GO:0005576; GO:0005615; GO:0005886; GO:0016020; GO:0005925; GO:0098552; GO:0031982; GO:0005789; GO:0035579; GO:0070821; GO:0030133; GO:0012507; GO:0033116","GO:0005515; GO:0001848"
"P14174","MIF",-1.11810332616372,0.15393243070504,4,0,0.0901106359523147,437,0.39,436,438,"robust_candidate","MIF","macrophage migration inhibitory factor [Source:HGNC Symbol;Acc:HGNC:7097]","negative regulation of cellular senescence; positive regulation of cytokine production; negative regulation of apoptotic process; immune system process; innate immune response; prostaglandin biosynthetic process; cell surface receptor signaling pathway; regulation of cellular response to stress; inflammatory response; positive chemotaxis; regulation of macrophage activation; positive regulation of cell population proliferation; negative regulation of cell migration; positive regulation of phosphorylation; negative regulation of gene expression; negative regulation of DNA damage response, signal transduction by p53 class mediator; negative regulation of intrinsic apoptotic signaling pathway in response to DNA damage by p53 class mediator; positive regulation of fibroblast proliferation; positive regulation of B cell proliferation; carboxylic acid metabolic process; positive regulation of cAMP/PKA signal transduction; DNA damage response, signal transduction by p53 class mediator; regulation of cell population proliferation; cellular senescence; negative regulation of mature B cell apoptotic process; positive regulation of lipopolysaccharide-mediated signaling pathway; negative regulation of myeloid cell apoptotic process; negative regulation of protein metabolic process; positive regulation of prostaglandin secretion involved in immune response; positive regulation of myeloid leukocyte cytokine production involved in immune response; positive regulation of arachidonate secretion; positive regulation of chemokine (C-X-C motif) ligand 2 production","extracellular space; cytoplasm; extracellular region; cytosol; nucleoplasm; vesicle; plasma membrane; secretory granule lumen; ficolin-1-rich granule lumen","protein binding; isomerase activity; cytokine activity; identical protein binding; phenylpyruvate tautomerase activity; chemoattractant activity; dopachrome isomerase activity; cytokine receptor binding; protease binding","GO:2000773; GO:0001819; GO:0043066; GO:0002376; GO:0045087; GO:0001516; GO:0007166; GO:0080135; GO:0006954; GO:0050918; GO:0043030; GO:0008284; GO:0030336; GO:0042327; GO:0010629; GO:0043518; GO:1902166; GO:0048146; GO:0030890; GO:0019752; GO:0141163; GO:0030330; GO:0042127; GO:0090398; GO:0002906; GO:0031666; GO:0033033; GO:0051248; GO:0061078; GO:0061081; GO:0090238; GO:2000343","GO:0005615; GO:0005737; GO:0005576; GO:0005829; GO:0005654; GO:0031982; GO:0005886; GO:0034774; GO:1904813","GO:0005515; GO:0016853; GO:0005125; GO:0042802; GO:0050178; GO:0042056; GO:0004167; GO:0005126; GO:0002020"
"P14678","SNRPB",-0.620294035817604,0.435043577644286,32,61.1045485768432,0.201150309143264,337,6.12,325,349,"weight_sensitive_candidate","SNRPB","small nuclear ribonucleoprotein polypeptides B and B1 [Source:HGNC Symbol;Acc:HGNC:11153]","mRNA splicing, via spliceosome; RNA splicing; mRNA processing; U2-type prespliceosome assembly; protein methylation","telomerase holoenzyme complex; nucleus; spliceosomal complex; cytoplasm; nucleoplasm; cytosol; ribonucleoprotein complex; U1 snRNP; catalytic step 2 spliceosome; U4/U6 x U5 tri-snRNP complex; U4 snRNP; methylosome; SMN-Sm protein complex; U2-type precatalytic spliceosome; U2-type catalytic step 2 spliceosome; U2-type spliceosomal complex; U2 snRNP; U2-type prespliceosome; U12-type spliceosomal complex; U5 snRNP; small nuclear ribonucleoprotein complex; U7 snRNP; histone pre-mRNA 3'end processing complex","RNA binding; protein binding; snRNP binding; histone pre-mRNA DCP binding; U1 snRNP binding; U2 snRNP binding","GO:0000398; GO:0008380; GO:0006397; GO:1903241; GO:0006479","GO:0005697; GO:0005634; GO:0005681; GO:0005737; GO:0005654; GO:0005829; GO:1990904; GO:0005685; GO:0071013; GO:0046540; GO:0005687; GO:0034709; GO:0034719; GO:0071005; GO:0071007; GO:0005684; GO:0005686; GO:0071004; GO:0005689; GO:0005682; GO:0030532; GO:0005683; GO:0071204","GO:0003723; GO:0005515; GO:0070990; GO:0071208; GO:1990446; GO:1990447"
"P14866","HNRNPL",-2.24353778582872,0.00312419171433303,50,19.4617674834683,0.322636514258209,128,3.39,120,134,"weight_sensitive_candidate","HNRNPL","heterogeneous nuclear ribonucleoprotein L [Source:HGNC Symbol;Acc:HGNC:5045]","mRNA processing; negative regulation of DNA-templated transcription; regulation of RNA splicing; RNA processing","nucleus; cytoplasm; membrane; nucleoplasm; ribonucleoprotein complex; chromatin; ribonucleoprotein granule; synapse; pronucleus","RNA binding; nucleic acid binding; protein binding; transcription cis-regulatory region binding; mRNA binding; pre-mRNA intronic binding","GO:0006397; GO:0045892; GO:0043484; GO:0006396","GO:0005634; GO:0005737; GO:0016020; GO:0005654; GO:1990904; GO:0000785; GO:0035770; GO:0045202; GO:0045120","GO:0003723; GO:0003676; GO:0005515; GO:0000976; GO:0003729; GO:0097157"
"P14923","JUP",-2.16595715668229,0.00152629005931103,16,5114.05446909374,0.302476451504316,161,8.3,141,182,"weight_sensitive_candidate","JUP","junction plakoglobin [Source:HGNC Symbol;Acc:HGNC:6207]","cell adhesion; positive regulation of angiogenesis; cell-cell adhesion; detection of mechanical stimulus; cellular response to indole-3-methanol; protein localization to plasma membrane; positive regulation of transcription by RNA polymerase II; desmosome assembly; canonical Wnt signaling pathway; positive regulation of cell-matrix adhesion; regulation of cell population proliferation; cell migration; regulation of heart rate by cardiac conduction; positive regulation of canonical Wnt signaling pathway; negative regulation of blood vessel endothelial cell migration; bundle of His cell-Purkinje myocyte adhesion involved in cell communication; regulation of ventricular cardiac muscle cell action potential; skin development","cytoplasm; nucleus; plasma membrane; membrane; cytoskeleton; focal adhesion; anchoring junction; extracellular region; cell-cell junction; adherens junction; catenin-TCF7L2 complex; desmosome; cytosol; ficolin-1-rich granule lumen; specific granule lumen; cytoplasmic side of plasma membrane; cornified envelope; intercalated disc; zonula adherens; protein-DNA complex; gamma-catenin-TCF7L2 complex; intermediate filament; Z disc","protein binding; cadherin binding; protein phosphatase binding; protein homodimerization activity; transcription coactivator activity; nuclear receptor binding; cell adhesion molecule binding; structural molecule activity; alpha-catenin binding; cell adhesive protein binding involved in bundle of His cell-Purkinje myocyte communication; cytoskeletal protein-membrane anchor activity","GO:0007155; GO:0045766; GO:0098609; GO:0050982; GO:0071681; GO:0072659; GO:0045944; GO:0002159; GO:0060070; GO:0001954; GO:0042127; GO:0016477; GO:0086091; GO:0090263; GO:0043537; GO:0086073; GO:0098911; GO:0043588","GO:0005737; GO:0005634; GO:0005886; GO:0016020; GO:0005856; GO:0005925; GO:0070161; GO:0005576; GO:0005911; GO:0005912; GO:0071664; GO:0030057; GO:0005829; GO:1904813; GO:0035580; GO:0009898; GO:0001533; GO:0014704; GO:0005915; GO:0032993; GO:0071665; GO:0005882; GO:0030018","GO:0005515; GO:0045296; GO:0019903; GO:0042803; GO:0003713; GO:0016922; GO:0050839; GO:0005198; GO:0045294; GO:0086083; GO:0106006"
"P15144","ANPEP",-8.56574498933558,8.30187762466895e-11,12,32.2661704115902,0.641287915527089,5,0.45,4,6,"robust_candidate","ANPEP","alanyl aminopeptidase, membrane [Source:HGNC Symbol;Acc:HGNC:500]","proteolysis; cell differentiation; angiogenesis; symbiont entry into host cell; angiotensin maturation; peptide catabolic process","extracellular space; plasma membrane; membrane; endoplasmic reticulum-Golgi intermediate compartment; lysosomal membrane; secretory granule membrane","zinc ion binding; metallopeptidase activity; hydrolase activity; metal ion binding; peptidase activity; virus receptor activity; aminopeptidase activity; signaling receptor activity","GO:0006508; GO:0030154; GO:0001525; GO:0046718; GO:0002003; GO:0043171","GO:0005615; GO:0005886; GO:0016020; GO:0005793; GO:0005765; GO:0030667","GO:0008270; GO:0008237; GO:0016787; GO:0046872; GO:0008233; GO:0001618; GO:0004177; GO:0038023"
"P15153","RAC2",2.10659209446235,0.00280845498060558,38,1175.94352571389,0.332448174604655,115,4.62,108,123,"weight_sensitive_candidate","RAC2","Rac family small GTPase 2 [Source:HGNC Symbol;Acc:HGNC:9802]","small GTPase-mediated signal transduction; actin filament organization; signal transduction; regulation of actin cytoskeleton organization; regulation of cell-substrate adhesion; regulation of cell shape; establishment or maintenance of cell polarity; positive regulation of protein targeting to mitochondrion; cortical cytoskeleton organization; chemotaxis; cell population proliferation; mast cell proliferation; G protein-coupled receptor signaling pathway; cell projection assembly; actin cytoskeleton organization; erythrocyte enucleation; positive regulation of mast cell proliferation; regulation of hydrogen peroxide metabolic process; regulation of T cell proliferation; regulation of mast cell degranulation; regulation of respiratory burst; regulation of mast cell chemotaxis; positive regulation of neutrophil chemotaxis; regulation of neutrophil migration","cytoplasm; cytosol; focal adhesion; lamellipodium; plasma membrane; NADPH oxidase complex; actin filament; cytoskeleton; endoplasmic reticulum membrane; cytoplasmic vesicle; phagocytic vesicle membrane; mitochondrial outer membrane; cell projection; nuclear envelope; membrane","GTPase activity; GTP binding; hydrolase activity; nucleotide binding; protein binding; protein kinase binding; protein kinase regulator activity","GO:0007264; GO:0007015; GO:0007165; GO:0032956; GO:0010810; GO:0008360; GO:0007163; GO:1903955; GO:0030865; GO:0006935; GO:0008283; GO:0070662; GO:0007186; GO:0030031; GO:0030036; GO:0043131; GO:0070668; GO:0010310; GO:0042129; GO:0043304; GO:0060263; GO:0060753; GO:0090023; GO:1902622","GO:0005737; GO:0005829; GO:0005925; GO:0030027; GO:0005886; GO:0043020; GO:0005884; GO:0005856; GO:0005789; GO:0031410; GO:0030670; GO:0005741; GO:0042995; GO:0005635; GO:0016020","GO:0003924; GO:0005525; GO:0016787; GO:0000166; GO:0005515; GO:0019901; GO:0019887"
"P15170","GSPT1",-0.445215492270918,0.626048873732214,108,42.0280438797441,0.257196469829191,257,14.43,233,291,"weight_sensitive_candidate","GSPT1","G1 to S phase transition 1 [Source:HGNC Symbol;Acc:HGNC:4621]","translation; G1/S transition of mitotic cell cycle; translational termination; ribosome disassembly; protein methylation; regulation of translational termination","cytosol; cytosolic ribosome; cytoplasm; translation release factor complex","GTPase activity; GTP binding; RNA binding; hydrolase activity; nucleotide binding; protein binding; translation release factor activity","GO:0006412; GO:0000082; GO:0006415; GO:0032790; GO:0006479; GO:0006449","GO:0005829; GO:0022626; GO:0005737; GO:0018444","GO:0003924; GO:0005525; GO:0003723; GO:0016787; GO:0000166; GO:0005515; GO:0003747"
"P15313","ATP6V1B1",-4.09120253453894,4.37405660158261e-07,22,83.2334886479465,0.429700889801215,53,0.83,52,54,"robust_candidate","ATP6V1B1","ATPase H+ transporting V1 subunit B1 [Source:HGNC Symbol;Acc:HGNC:853]","proton transmembrane transport; ATP metabolic process; monoatomic ion transport; sensory perception of sound; regulation of macroautophagy; calcium ion homeostasis; renal water homeostasis; renal sodium ion transport; prostaglandin metabolic process; regulation of pH; regulation of gene expression; adult behavior; renal sodium excretion; olfactory behavior; chloride ion homeostasis; potassium ion homeostasis; ossification; vacuolar acidification; renal tubular secretion; synaptic vesicle lumen acidification","proton-transporting V-type ATPase, V1 domain; cytoplasm; plasma membrane; membrane; microvillus; vacuolar proton-transporting V-type ATPase, V1 domain; cytosol; vacuolar proton-transporting V-type ATPase complex","ATP binding; proton-transporting ATPase activity, rotational mechanism; nucleotide binding; protein binding; proton transmembrane transporter activity; protein-containing complex binding","GO:1902600; GO:0046034; GO:0006811; GO:0007605; GO:0016241; GO:0055074; GO:0003091; GO:0003096; GO:0006693; GO:0006885; GO:0010468; GO:0030534; GO:0035812; GO:0042048; GO:0055064; GO:0055075; GO:0001503; GO:0007035; GO:0097254; GO:0097401","GO:0033180; GO:0005737; GO:0005886; GO:0016020; GO:0005902; GO:0000221; GO:0005829; GO:0016471","GO:0005524; GO:0046961; GO:0000166; GO:0005515; GO:0015078; GO:0044877"
"P15529","CD46",-1.20641388653499,0.0856394431193385,2,0,0.068616801624598,444,0.64,442,445,"robust_candidate","CD46","CD46 molecule [Source:HGNC Symbol;Acc:HGNC:6953]","immune system process; innate immune response; complement activation, classical pathway; regulation of immune response; adaptive immune response; sequestering of extracellular ligand from receptor; single fertilization; positive regulation of gene expression; negative regulation of gene expression; symbiont entry into host cell; positive regulation of T cell proliferation; regulation of Notch signaling pathway; T cell mediated immunity; positive regulation of transforming growth factor beta production; positive regulation of memory T cell differentiation; negative regulation of complement activation, classical pathway","membrane; focal adhesion; cytoplasmic vesicle; plasma membrane; extracellular space; inner acrosomal membrane","protein binding; cadherin binding; virus receptor activity; signaling receptor activity","GO:0002376; GO:0045087; GO:0006958; GO:0050776; GO:0002250; GO:0035581; GO:0007338; GO:0010628; GO:0010629; GO:0046718; GO:0042102; GO:0008593; GO:0002456; GO:0071636; GO:0043382; GO:0045959","GO:0016020; GO:0005925; GO:0031410; GO:0005886; GO:0005615; GO:0002079","GO:0005515; GO:0045296; GO:0001618; GO:0038023"
"P15880","RPS2",-0.488654813994522,0.585937075343565,128,73.5851516554719,0.273368529519779,221,14.36,201,261,"weight_sensitive_candidate","RPS2","ribosomal protein S2 [Source:HGNC Symbol;Acc:HGNC:10404]","translation; cytoplasmic translation; positive regulation of ubiquitin-protein transferase activity","ribosome; small ribosomal subunit; nucleus; cytoplasm; membrane; focal adhesion; nucleoplasm; ribonucleoprotein complex; cytosolic small ribosomal subunit; cytosol; cytosolic ribosome","structural constituent of ribosome; RNA binding; enzyme binding; protein binding; mRNA binding; cadherin binding","GO:0006412; GO:0002181; GO:0051443","GO:0005840; GO:0015935; GO:0005634; GO:0005737; GO:0016020; GO:0005925; GO:0005654; GO:1990904; GO:0022627; GO:0005829; GO:0022626","GO:0003735; GO:0003723; GO:0019899; GO:0005515; GO:0003729; GO:0045296"
"P15927","RPA2",1.19812390221287,0.0962204475657924,8,6.73629775442503,0.146120510525697,395,2,391,400,"weight_sensitive_candidate","RPA2","replication protein A2 [Source:HGNC Symbol;Acc:HGNC:10290]","DNA replication; DNA repair; DNA recombination; DNA damage response; mismatch repair; nucleotide-excision repair; protein localization to chromosome; telomere maintenance; double-strand break repair via homologous recombination; base-excision repair; DNA damage checkpoint signaling; regulation of double-strand break repair via homologous recombination; mitotic G1 DNA damage checkpoint signaling; regulation of DNA damage checkpoint","nucleus; chromosome, telomeric region; nucleoplasm; nuclear body; site of double-strand break; DNA replication factor A complex; chromatin","DNA binding; enzyme binding; protein binding; ubiquitin protein ligase binding; protein phosphatase binding; damaged DNA binding; single-stranded DNA binding; telomeric DNA binding; G-rich strand telomeric DNA binding","GO:0006260; GO:0006281; GO:0006310; GO:0006974; GO:0006298; GO:0006289; GO:0034502; GO:0000723; GO:0000724; GO:0006284; GO:0000077; GO:0010569; GO:0031571; GO:2000001","GO:0005634; GO:0000781; GO:0005654; GO:0016604; GO:0035861; GO:0005662; GO:0000785","GO:0003677; GO:0019899; GO:0005515; GO:0031625; GO:0019903; GO:0003684; GO:0003697; GO:0042162; GO:0098505"
"P15941","MUC1",-5.44150349646561,7.09659780735549e-09,26,806.931616775028,0.543114566131252,19,0.72,18,21,"robust_candidate","MUC1","mucin 1, cell surface associated [Source:HGNC Symbol;Acc:HGNC:7508]","positive regulation of transcription by RNA polymerase II; mitotic G1 DNA damage checkpoint signaling; DNA damage response, signal transduction by p53 class mediator; negative regulation of intrinsic apoptotic signaling pathway in response to DNA damage by p53 class mediator; negative regulation of cell adhesion mediated by integrin","nucleus; cytoplasm; extracellular region; extracellular space; plasma membrane; membrane; vesicle; chromatin; Golgi lumen","protein binding; RNA polymerase II cis-regulatory region sequence-specific DNA binding; p53 binding; transcription coregulator activity","GO:0045944; GO:0031571; GO:0030330; GO:1902166; GO:0033629","GO:0005634; GO:0005737; GO:0005576; GO:0005615; GO:0005886; GO:0016020; GO:0031982; GO:0000785; GO:0005796","GO:0005515; GO:0000978; GO:0002039; GO:0003712"
"P16070","CD44",1.66750890102201,0.014394740992504,100,7386.24710011846,0.37063619330643,84,5.09,71,90,"weight_sensitive_candidate","CD44","CD44 molecule (IN blood group) [Source:HGNC Symbol;Acc:HGNC:1681]","cell adhesion; negative regulation of apoptotic process; cell migration; regulation of apoptotic process; cytokine-mediated signaling pathway; anatomical structure morphogenesis; system development; cell-cell adhesion; cartilage development; T cell activation; positive regulation of heterotypic cell-cell adhesion; cell-matrix adhesion; inflammatory response; wound healing, spreading of cells; cellular response to fibroblast growth factor stimulus; negative regulation of DNA damage response, signal transduction by p53 class mediator; negative regulation of intrinsic apoptotic signaling pathway in response to DNA damage by p53 class mediator; hyaluronan catabolic process; regulation of lamellipodium morphogenesis; positive regulation of monocyte aggregation","membrane; extracellular region; plasma membrane; cell projection; cytosol; Golgi apparatus; focal adhesion; lamellipodium membrane; protein-containing complex; microvillus; secretory granule membrane; macrophage migration inhibitory factor receptor complex","hyaluronic acid binding; protein binding; transmembrane signaling receptor activity; collagen binding; cytokine receptor activity","GO:0007155; GO:0043066; GO:0016477; GO:0042981; GO:0019221; GO:0009653; GO:0048731; GO:0098609; GO:0051216; GO:0042110; GO:0034116; GO:0007160; GO:0006954; GO:0044319; GO:0044344; GO:0043518; GO:1902166; GO:0030214; GO:2000392; GO:1900625","GO:0016020; GO:0005576; GO:0005886; GO:0042995; GO:0005829; GO:0005794; GO:0005925; GO:0031258; GO:0032991; GO:0005902; GO:0030667; GO:0035692","GO:0005540; GO:0005515; GO:0004888; GO:0005518; GO:0004896"
"P16104","H2AX",3.20009325272228,4.04991630543064e-05,42,297.87780410034,0.404845032012727,63,1.63,58,66,"weight_sensitive_candidate","H2AX","H2A.X variant histone [Source:HGNC Symbol;Acc:HGNC:4739]","DNA repair; DNA damage response; meiotic cell cycle; double-strand break repair; response to ionizing radiation; positive regulation of DNA repair; DNA recombination; positive regulation of double-strand break repair via homologous recombination; double-strand break repair via homologous recombination; heterochromatin formation; DNA damage checkpoint signaling; nucleosome assembly; protein localization to site of double-strand break; spermatogenesis","nucleosome; chromosome, telomeric region; nucleus; nuclear speck; nucleoplasm; chromosome; centrosome; site of DNA damage; site of double-strand break; chromatin; condensed nuclear chromosome; male germ cell nucleus; XY body; replication fork","DNA binding; structural constituent of chromatin; protein heterodimerization activity; enzyme binding; protein binding; histone binding; chromatin-protein adaptor activity; damaged DNA binding","GO:0006281; GO:0006974; GO:0051321; GO:0006302; GO:0010212; GO:0045739; GO:0006310; GO:1905168; GO:0000724; GO:0031507; GO:0000077; GO:0006334; GO:1990166; GO:0007283","GO:0000786; GO:0000781; GO:0005634; GO:0016607; GO:0005654; GO:0005694; GO:0005813; GO:0090734; GO:0035861; GO:0000785; GO:0000794; GO:0001673; GO:0001741; GO:0005657","GO:0003677; GO:0030527; GO:0046982; GO:0019899; GO:0005515; GO:0042393; GO:0140463; GO:0003684"
"P16298","PPP3CB",0.890717686786992,0.302391357911938,10,32.2454495480431,0.147298031795044,394,3.31,390,404,"weight_sensitive_candidate","PPP3CB","protein phosphatase 3 catalytic subunit beta [Source:HGNC Symbol;Acc:HGNC:9315]","calcineurin-mediated signaling; negative regulation of signaling; signal transduction; positive regulation of DNA-templated transcription; lysosome organization; regulation of synaptic plasticity; learning; T cell activation; regulation of insulin secretion; calcineurin-NFAT signaling cascade; positive regulation of insulin secretion involved in cellular response to glucose stimulus; positive regulation of protein localization to nucleus; memory; negative regulation of innate immune response; negative regulation of protein localization to nucleus; positive regulation of lysosome organization; positive regulation of transcription by RNA polymerase II; protein phosphorylation; protein dephosphorylation; T cell proliferation; axon extension; dephosphorylation; T cell mediated cytotoxicity; negative regulation of T cell mediated cytotoxicity; lymphangiogenesis; response to stress; heart development; regulation of gene expression; T cell differentiation; locomotion involved in locomotory behavior; response to cytokine; T cell homeostasis; calcium-ion regulated exocytosis; skeletal muscle fiber development; positive regulation of calcineurin-NFAT signaling cascade; regulation of synaptic vesicle endocytosis; positive regulation of calcium ion import across plasma membrane; negative regulation of calcium ion import across plasma membrane","cytoplasm; plasma membrane; nucleoplasm; cytosol; glutamatergic synapse; Z disc; T-tubule; calcineurin complex; protein serine/threonine phosphatase complex","hydrolase activity; calmodulin-dependent protein phosphatase activity; protein binding; phosphoprotein phosphatase activity; enzyme binding; calcium ion binding; metal ion binding; calmodulin binding; protein serine/threonine phosphatase activity; protein dimerization activity; protein phosphatase 2B binding","GO:0097720; GO:0023057; GO:0007165; GO:0045893; GO:0007040; GO:0048167; GO:0007612; GO:0042110; GO:0050796; GO:0033173; GO:0035774; GO:1900182; GO:0007613; GO:0045824; GO:1900181; GO:1905673; GO:0045944; GO:0006468; GO:0006470; GO:0042098; GO:0048675; GO:0016311; GO:0001913; GO:0001915; GO:0001946; GO:0006950; GO:0007507; GO:0010468; GO:0030217; GO:0031987; GO:0034097; GO:0043029; GO:0017156; GO:0048741; GO:0070886; GO:1900242; GO:1905665; GO:1905949","GO:0005737; GO:0005886; GO:0005654; GO:0005829; GO:0098978; GO:0030018; GO:0030315; GO:0005955; GO:0008287","GO:0016787; GO:0033192; GO:0005515; GO:0004721; GO:0019899; GO:0005509; GO:0046872; GO:0005516; GO:0004722; GO:0046983; GO:0030346"
"P16333","NCK1",-2.57818713544951,0.000833284134249003,34,570.182812656649,0.349648440517384,97,1.65,95,102,"weight_sensitive_candidate","NCK1","NCK adaptor protein 1 [Source:HGNC Symbol;Acc:HGNC:7664]","regulation of translation; positive regulation of macromolecule biosynthetic process; positive regulation of transcription by RNA polymerase II; positive regulation of MAPK cascade; regulation of transcription by RNA polymerase II; positive regulation of T cell proliferation; T cell activation; positive regulation of actin filament polymerization; negative regulation of T cell receptor signaling pathway; T cell receptor signaling pathway; cell migration; response to endoplasmic reticulum stress; positive regulation of endoplasmic reticulum stress-induced intrinsic apoptotic signaling pathway; signal complex assembly; ephrin receptor signaling pathway; negative regulation of PERK-mediated unfolded protein response; negative regulation of transcription by RNA polymerase II; negative regulation of insulin receptor signaling pathway; positive regulation of cap-dependent translational initiation; positive regulation of cap-independent translational initiation; substrate-dependent cell migration, cell extension; actin filament organization; positive regulation of neuron projection development; lamellipodium assembly; regulation of cell migration; response to other organism","cytoplasm; nucleus; cytosol; plasma membrane; endoplasmic reticulum; protein phosphatase type 1 complex; ribosome; cell-cell junction; vesicle membrane","protein binding; signaling receptor binding; protein kinase inhibitor activity; cytoskeletal anchor activity; cadherin binding; receptor tyrosine kinase binding; protein-macromolecule adaptor activity; signaling adaptor activity; molecular condensate scaffold activity; signaling receptor complex adaptor activity; ephrin receptor binding; eukaryotic initiation factor eIF2 binding; protein domain specific binding","GO:0006417; GO:0010557; GO:0045944; GO:0043410; GO:0006357; GO:0042102; GO:0042110; GO:0030838; GO:0050860; GO:0050852; GO:0016477; GO:0034976; GO:1902237; GO:0007172; GO:0048013; GO:1903898; GO:0000122; GO:0046627; GO:1903676; GO:1903679; GO:0006930; GO:0007015; GO:0010976; GO:0030032; GO:0030334; GO:0051707","GO:0005737; GO:0005634; GO:0005829; GO:0005886; GO:0005783; GO:0000164; GO:0005840; GO:0005911; GO:0012506","GO:0005515; GO:0005102; GO:0004860; GO:0008093; GO:0045296; GO:0030971; GO:0030674; GO:0035591; GO:0140693; GO:0030159; GO:0046875; GO:0071074; GO:0019904"
"P16671","CD36",-5.43008701998445,1.26368470539339e-07,38,931.756552761598,0.54440150141897,18,1.26,16,21,"robust_candidate","CD36","CD36 molecule (CD36 blood group) [Source:HGNC Symbol;Acc:HGNC:1663]","lipid transport; cell adhesion; receptor internalization; positive regulation of NLRP3 inflammasome complex assembly; positive regulation of angiogenesis; sensory perception of taste; triglyceride transport; negative regulation of angiogenesis; energy homeostasis; response to lipid; lipid storage; lipoprotein transport; fatty acid transport; positive regulation of protein localization to plasma membrane; positive regulation of canonical NF-kappaB signal transduction; positive regulation of gene expression; positive regulation of nitric oxide biosynthetic process; positive regulation of reactive oxygen species biosynthetic process; cellular response to amyloid-beta; blood coagulation; positive regulation of cytosolic calcium ion concentration; lipid metabolic process; positive regulation of cell-matrix adhesion; response to fatty acid; long-chain fatty acid import into cell; amyloid fibril formation; fatty acid metabolic process; cellular response to diacyl bacterial lipopeptide; amyloid-beta clearance by cellular catabolic process; receptor-mediated endocytosis; low-density lipoprotein particle clearance; regulation of protein-containing complex assembly; cholesterol transport; phagocytosis, engulfment; cellular response to low-density lipoprotein particle stimulus; long-chain fatty acid transport; long-chain fatty acid import across plasma membrane; short-chain fatty acid transport; cGMP-mediated signaling; intestinal cholesterol absorption; regulation of lipopolysaccharide-mediated signaling pathway; regulation of toll-like receptor signaling pathway; plasma lipoprotein particle clearance; intestinal absorption; response to linoleic acid; regulation of action potential; oxidised low-density lipoprotein particle clearance; lipid transport across blood-brain barrier; MAPK cascade; phagocytosis, recognition; response to bacterium; apoptotic cell clearance; positive regulation of MAPK cascade; defense response to Gram-positive bacterium; positive regulation of phagocytosis, engulfment; positive regulation of macrophage cytokine production; cellular response to bacterial lipopeptide; cellular response to lipopolysaccharide; cellular response to lipoteichoic acid; negative regulation of transcription by RNA polymerase II; cell surface receptor signaling pathway; negative regulation of gene expression; positive regulation of blood coagulation; cellular response to oxidative stress; response to stilbenoid; low-density lipoprotein particle mediated signaling; cellular response to hydroperoxide; regulation of removal of superoxide radicals; positive regulation of blood microparticle formation; positive regulation of reactive oxygen species metabolic process","membrane; extracellular space; plasma membrane; Golgi apparatus; collagen trimer; membrane raft; specific granule membrane; receptor complex; endocytic vesicle membrane; brush border membrane; platelet alpha granule membrane; caveola; phagocytic vesicle; cell periphery; apical part of cell","protein binding; amyloid-beta binding; lipid binding; cargo receptor activity; protein-containing complex binding; low-density lipoprotein particle receptor activity; low-density lipoprotein particle binding; transforming growth factor beta binding; lipoprotein particle binding; long-chain fatty acid transmembrane transporter activity; scavenger receptor activity; short-chain fatty acid transmembrane transporter activity; Toll-like receptor binding; oxidised low-density lipoprotein particle receptor activity; oleate transmembrane transporter activity; high-density lipoprotein particle binding; lipoteichoic acid immune receptor activity","GO:0006869; GO:0007155; GO:0031623; GO:1900227; GO:0045766; GO:0050909; GO:0034197; GO:0016525; GO:0097009; GO:0033993; GO:0019915; GO:0042953; GO:0015908; GO:1903078; GO:0043123; GO:0010628; GO:0045429; GO:1903428; GO:1904646; GO:0007596; GO:0007204; GO:0006629; GO:0001954; GO:0070542; GO:0044539; GO:1990000; GO:0006631; GO:0071726; GO:0150094; GO:0006898; GO:0034383; GO:0043254; GO:0030301; GO:0006911; GO:0071404; GO:0015909; GO:0015911; GO:0015912; GO:0019934; GO:0030299; GO:0031664; GO:0034121; GO:0034381; GO:0050892; GO:0070543; GO:0098900; GO:0150024; GO:1990379; GO:0000165; GO:0006910; GO:0009617; GO:0043277; GO:0043410; GO:0050830; GO:0060100; GO:0060907; GO:0071221; GO:0071222; GO:0071223; GO:0000122; GO:0007166; GO:0010629; GO:0030194; GO:0034599; GO:0035634; GO:0055096; GO:0071447; GO:2000121; GO:2000334; GO:2000379","GO:0016020; GO:0005615; GO:0005886; GO:0005794; GO:0005581; GO:0045121; GO:0035579; GO:0043235; GO:0030666; GO:0031526; GO:0031092; GO:0005901; GO:0045335; GO:0071944; GO:0045177","GO:0005515; GO:0001540; GO:0008289; GO:0038024; GO:0044877; GO:0005041; GO:0030169; GO:0050431; GO:0071813; GO:0005324; GO:0005044; GO:0015636; GO:0035325; GO:0150025; GO:1901480; GO:0008035; GO:0070892"
"P16949","STMN1",2.49820331974435,0.00109270021749404,4,0,0.184486079660731,355,5.18,347,365,"weight_sensitive_candidate","STMN1","stathmin 1 [Source:HGNC Symbol;Acc:HGNC:6510]","regulation of microtubule polymerization or depolymerization; nervous system development; cell differentiation; response to virus; signal transduction; intracellular signal transduction; microtubule depolymerization; neuron projection development; mitotic cytokinesis; mitotic spindle organization; negative regulation of microtubule polymerization; negative regulation of Rho protein signal transduction; negative regulation of stress fiber assembly; establishment of skin barrier; negative regulation of guanyl-nucleotide exchange factor activity; hepatocyte growth factor receptor signaling pathway; axonogenesis; regulation of cell migration","cytoplasm; cytosol; cytoskeleton; microtubule; neuron projection; membrane","protein binding; tubulin binding","GO:0031110; GO:0007399; GO:0030154; GO:0009615; GO:0007165; GO:0035556; GO:0007019; GO:0031175; GO:0000281; GO:0007052; GO:0031115; GO:0035024; GO:0051497; GO:0061436; GO:1905098; GO:0048012; GO:0007409; GO:0030334","GO:0005737; GO:0005829; GO:0005856; GO:0005874; GO:0043005; GO:0016020","GO:0005515; GO:0015631"
"P17096","HMGA1",1.96014976609557,0.00654297425001033,2,0,0.119230344267191,415,2.42,411,420,"weight_sensitive_candidate","HMGA1","high mobility group AT-hook 1 [Source:HGNC Symbol;Acc:HGNC:5010]","regulation of DNA-templated transcription; negative regulation of cell population proliferation; regulation of gene expression; positive regulation of macromolecule biosynthetic process; positive regulation of DNA-templated transcription; negative regulation of DNA-templated transcription; nucleosome disassembly; base-excision repair; intracellular signal transduction; positive regulation of transcription by RNA polymerase II; oncogene-induced cell senescence","nucleus; chromatin; nuclear membrane; cytosol; nucleoplasm; focal adhesion; chromosome; transcription regulator complex; RNA polymerase II transcription regulator complex; senescence-associated heterochromatin focus","DNA binding; enzyme binding; protein binding; transcription coactivator activity; DNA-(apurinic or apyrimidinic site) endonuclease activity; transcription coregulator activity; nuclear retinoic acid receptor binding; RNA polymerase II cis-regulatory region sequence-specific DNA binding; transcription coregulator binding; chromatin binding; molecular function activator activity; molecular adaptor activity; peroxisome proliferator activated receptor binding; nuclear retinoid X receptor binding; 5'-deoxyribose-5-phosphate lyase activity; RNA binding; DNA binding, bending; cis-regulatory region sequence-specific DNA binding; minor groove of adenine-thymine-rich DNA binding; structural constituent of chromatin","GO:0006355; GO:0008285; GO:0010468; GO:0010557; GO:0045893; GO:0045892; GO:0006337; GO:0006284; GO:0035556; GO:0045944; GO:0090402","GO:0005634; GO:0000785; GO:0031965; GO:0005829; GO:0005654; GO:0005925; GO:0005694; GO:0005667; GO:0090575; GO:0035985","GO:0003677; GO:0019899; GO:0005515; GO:0003713; GO:0003906; GO:0003712; GO:0042974; GO:0000978; GO:0001221; GO:0003682; GO:0140677; GO:0060090; GO:0042975; GO:0046965; GO:0051575; GO:0003723; GO:0008301; GO:0000987; GO:0003680; GO:0030527"
"P17252","PRKCA",2.76505740675276,0.000215266110237451,48,1450.91662447672,0.393691584388724,67,2.69,65,75,"weight_sensitive_candidate","PRKCA","protein kinase C alpha [Source:HGNC Symbol;Acc:HGNC:9393]","protein phosphorylation; apoptotic process; positive regulation of cell migration; cell adhesion; angiogenesis; positive regulation of signal transduction; regulation of transport; chromatin remodeling; proteasome-mediated ubiquitin-dependent protein catabolic process; positive regulation of angiogenesis; positive regulation of phosphatidylinositol 3-kinase/protein kinase B signal transduction; positive regulation of endothelial cell migration; phosphatidylinositol 3-kinase/protein kinase B signal transduction; positive regulation of cell adhesion; renal sodium ion absorption; intracellular signal transduction; positive regulation of endothelial cell proliferation; positive regulation of mitotic cell cycle; response to reactive oxygen species; mitotic nuclear membrane disassembly; learning or memory; response to mechanical stimulus; response to toxic substance; positive regulation of cardiac muscle hypertrophy; negative regulation of translation; central nervous system neuron axonogenesis; response to estradiol; response to peptide hormone; response to ethanol; positive regulation of exocytosis; positive regulation of smooth muscle cell proliferation; response to corticosterone; positive regulation of synapse assembly; response to phorbol 13-acetate 12-myristate; signal transduction involved in regulation of gene expression; negative regulation of cytokine production involved in inflammatory response; positive regulation of cytokine production involved in inflammatory response; negative regulation of glial cell apoptotic process; response to interleukin-1; apoptotic signaling pathway; positive regulation of angiotensin-activated signaling pathway; positive regulation of macrophage differentiation; regulation of platelet aggregation; positive regulation of blood vessel endothelial cell migration; positive regulation of dense core granule biogenesis; desmosome assembly; positive regulation of lipopolysaccharide-mediated signaling pathway; positive regulation of insulin secretion; regulation of mRNA stability; positive regulation of adenylate cyclase-activating G protein-coupled receptor signaling pathway","nucleus; cytoplasm; plasma membrane; membrane; cytosol; mitochondrion; mitochondrial membrane; perinuclear region of cytoplasm; ciliary basal body; nucleoplasm; protein-containing complex; endoplasmic reticulum; alphav-beta3 integrin-PKCalpha complex","zinc ion binding; ATP binding; protein serine/threonine kinase activity; protein kinase activity; diacylglycerol-dependent serine/threonine kinase activity; transferase activity; metal ion binding; nucleotide binding; kinase activity; protein binding; calcium,diacylglycerol-dependent serine/threonine kinase activity; signaling receptor binding; histone H3T6 kinase activity; enzyme binding; integrin binding; diacylglycerol binding","GO:0006468; GO:0006915; GO:0030335; GO:0007155; GO:0001525; GO:0009967; GO:0051049; GO:0006338; GO:0043161; GO:0045766; GO:0051897; GO:0010595; GO:0043491; GO:0045785; GO:0070294; GO:0035556; GO:0001938; GO:0045931; GO:0000302; GO:0007077; GO:0007611; GO:0009612; GO:0009636; GO:0010613; GO:0017148; GO:0021955; GO:0032355; GO:0043434; GO:0045471; GO:0045921; GO:0048661; GO:0051412; GO:0051965; GO:1904627; GO:0023019; GO:1900016; GO:1900017; GO:0034351; GO:0070555; GO:0097190; GO:0110063; GO:0045651; GO:0090330; GO:0043536; GO:2000707; GO:0002159; GO:0031666; GO:0032024; GO:0043488; GO:0106071","GO:0005634; GO:0005737; GO:0005886; GO:0016020; GO:0005829; GO:0005739; GO:0031966; GO:0048471; GO:0036064; GO:0005654; GO:0032991; GO:0005783; GO:0035866","GO:0008270; GO:0005524; GO:0004674; GO:0004672; GO:0004697; GO:0016740; GO:0046872; GO:0000166; GO:0016301; GO:0005515; GO:0004698; GO:0005102; GO:0035403; GO:0019899; GO:0005178; GO:0019992"
"P17301","ITGA2",3.03416118463698,2.80993712814469e-05,62,258.58747899065,0.421301585335249,56,2.11,51,59,"weight_sensitive_candidate","ITGA2","integrin subunit alpha 2 [Source:HGNC Symbol;Acc:HGNC:6137]","cell adhesion; integrin-mediated signaling pathway; cell adhesion mediated by integrin; symbiont entry into host cell; cell-matrix adhesion; mesodermal cell differentiation; cell-substrate adhesion; cell-cell adhesion; blood coagulation; extracellular matrix organization; animal organ morphogenesis; response to hypoxia; positive regulation of leukocyte migration; substrate-dependent cell migration; hypotonic response; female pregnancy; response to xenobiotic stimulus; positive regulation of epithelial cell migration; response to amine; response to muscle activity; positive regulation of smooth muscle cell migration; mammary gland development; positive regulation of cell projection organization; positive regulation of collagen biosynthetic process; response to L-ascorbic acid; collagen-activated signaling pathway; skin morphogenesis; positive regulation of translation; positive regulation of cell adhesion; positive regulation of smooth muscle contraction; focal adhesion assembly; positive regulation of smooth muscle cell proliferation; positive regulation of positive chemotaxis; detection of mechanical stimulus involved in sensory perception of pain; positive regulation of transmission of nerve impulse; positive regulation of phagocytosis, engulfment; response to parathyroid hormone; cellular response to mechanical stimulus; cellular response to estradiol stimulus","integrin complex; membrane; focal adhesion; plasma membrane; integrin alpha2-beta1 complex; presynapse; axon; cell projection; axon terminus; basal part of cell; perinuclear region of cytoplasm","metal ion binding; protein binding; virus receptor activity; protein-containing complex binding; collagen binding; signaling receptor activity; amyloid-beta binding; heparan sulfate proteoglycan binding; integrin binding; laminin binding","GO:0007155; GO:0007229; GO:0033627; GO:0046718; GO:0007160; GO:0048333; GO:0031589; GO:0098609; GO:0007596; GO:0030198; GO:0009887; GO:0001666; GO:0002687; GO:0006929; GO:0006971; GO:0007565; GO:0009410; GO:0010634; GO:0014075; GO:0014850; GO:0014911; GO:0030879; GO:0031346; GO:0032967; GO:0033591; GO:0038065; GO:0043589; GO:0045727; GO:0045785; GO:0045987; GO:0048041; GO:0048661; GO:0050927; GO:0050966; GO:0051971; GO:0060100; GO:0071107; GO:0071260; GO:0071392","GO:0008305; GO:0016020; GO:0005925; GO:0005886; GO:0034666; GO:0098793; GO:0030424; GO:0042995; GO:0043679; GO:0045178; GO:0048471","GO:0046872; GO:0005515; GO:0001618; GO:0044877; GO:0005518; GO:0038023; GO:0001540; GO:0043395; GO:0005178; GO:0043236"
"P17612","PRKACA",-1.4977427103434,0.0421587942742117,36,1238.8074588891,0.284422779697897,187,7.12,178,211,"weight_sensitive_candidate","PRKACA","protein kinase cAMP-activated catalytic subunit alpha [Source:HGNC Symbol;Acc:HGNC:9380]","protein phosphorylation; mRNA processing; regulation of cell cycle; proteasome-mediated ubiquitin-dependent protein catabolic process; cellular response to glucose stimulus; negative regulation of TORC1 signaling; regulation of proteasomal protein catabolic process; cellular response to nutrient levels; TORC1 signaling; sperm capacitation; adenylate cyclase-activating G protein-coupled receptor signaling pathway; cellular response to heat; regulation of bicellular tight junction assembly; adenylate cyclase-inhibiting G protein-coupled receptor signaling pathway; positive regulation of phagocytosis; peptidyl-serine phosphorylation; regulation of heart rate; regulation of cardiac conduction; regulation of cardiac muscle contraction; regulation of macroautophagy; vascular endothelial cell response to laminar fluid shear stress; mitochondrial protein catabolic process; cytokine-mediated signaling pathway; interleukin-2-mediated signaling pathway; cell communication by electrical coupling involved in cardiac conduction; positive regulation of calcium-mediated signaling; intracellular potassium ion homeostasis; renal water homeostasis; high-density lipoprotein particle assembly; cellular response to epinephrine stimulus; cAMP/PKA signal transduction; mesoderm formation; neural tube closure; dorsal/ventral neural tube patterning; negative regulation of smoothened signaling pathway; positive regulation of protein export from nucleus; modulation of chemical synaptic transmission; regulation of protein processing; cellular response to parathyroid hormone stimulus; protein localization to lipid droplet; protein export from nucleus; positive regulation of insulin secretion; cellular response to glucagon stimulus; negative regulation of glycolytic process through fructose-6-phosphate","nucleus; cytoplasm; nuclear speck; plasma membrane; membrane; cell projection; mitochondrion; cytoplasmic vesicle; perinuclear region of cytoplasm; postsynapse; acrosomal vesicle; cilium; motile cilium; centrosome; axoneme; nucleoplasm; cytosol; mitochondrial matrix; plasma membrane raft; calcium channel complex; ciliary base; cAMP-dependent protein kinase complex; nucleotide-activated protein kinase complex; sperm midpiece; glutamatergic synapse; neuromuscular junction","ATP binding; protein serine/threonine kinase activity; protein kinase activity; protein binding; transferase activity; nucleotide binding; kinase activity; ubiquitin protein ligase binding; cAMP-dependent protein kinase activity; protein kinase binding; protein kinase A regulatory subunit binding; protein serine/threonine/tyrosine kinase activity; protein domain specific binding; manganese ion binding","GO:0006468; GO:0006397; GO:0051726; GO:0043161; GO:0071333; GO:1904262; GO:0061136; GO:0031669; GO:0038202; GO:0048240; GO:0007189; GO:0034605; GO:2000810; GO:0007193; GO:0050766; GO:0018105; GO:0002027; GO:1903779; GO:0055117; GO:0016241; GO:0097700; GO:0035694; GO:0019221; GO:0038110; GO:0086064; GO:0050850; GO:0030007; GO:0003091; GO:0034380; GO:0071872; GO:0141156; GO:0001707; GO:0001843; GO:0021904; GO:0045879; GO:0046827; GO:0050804; GO:0070613; GO:0071374; GO:1990044; GO:0006611; GO:0032024; GO:0071377; GO:1904539","GO:0005634; GO:0005737; GO:0016607; GO:0005886; GO:0016020; GO:0042995; GO:0005739; GO:0031410; GO:0048471; GO:0098794; GO:0001669; GO:0005929; GO:0031514; GO:0005813; GO:0005930; GO:0005654; GO:0005829; GO:0005759; GO:0044853; GO:0034704; GO:0097546; GO:0005952; GO:0031588; GO:0097225; GO:0098978; GO:0031594","GO:0005524; GO:0004674; GO:0004672; GO:0005515; GO:0016740; GO:0000166; GO:0016301; GO:0031625; GO:0004691; GO:0019901; GO:0034237; GO:0004712; GO:0019904; GO:0030145"
"P17931","LGALS3",-2.87436971609317,0.000107353945831103,28,845.280394438704,0.369038472693234,85,0.81,83,87,"robust_candidate","LGALS3","galectin 3 [Source:HGNC Symbol;Acc:HGNC:6563]","RNA splicing; mRNA processing; cell differentiation; immune system process; innate immune response; eosinophil chemotaxis; NK T cell activation; positive regulation of protein localization to plasma membrane; epithelial cell differentiation; positive chemotaxis; neutrophil chemotaxis; negative regulation of extrinsic apoptotic signaling pathway; positive regulation of mononuclear cell migration; positive regulation of protein-containing complex assembly; negative regulation of T cell receptor signaling pathway; positive regulation of calcium ion import; macrophage chemotaxis; regulation of T cell proliferation; negative regulation of endocytosis; negative regulation of NK T cell activation; regulation of T cell apoptotic process; mononuclear cell migration; regulation of extrinsic apoptotic signaling pathway via death domain receptors; negative regulation of immunological synapse formation; negative regulation of T cell activation via T cell receptor contact with antigen bound to MHC molecule on antigen presenting cell","cytoplasm; nucleus; spliceosomal complex; extracellular region; extracellular space; membrane; cytosol; nucleoplasm; mitochondrial inner membrane; plasma membrane; extracellular matrix; secretory granule membrane; immunological synapse","carbohydrate binding; protein binding; RNA binding; IgE binding; protein phosphatase binding; molecular condensate scaffold activity; chemoattractant activity; laminin binding; receptor ligand inhibitor activity; protein phosphatase inhibitor activity; signaling receptor inhibitor activity; disaccharide binding","GO:0008380; GO:0006397; GO:0030154; GO:0002376; GO:0045087; GO:0048245; GO:0051132; GO:1903078; GO:0030855; GO:0050918; GO:0030593; GO:2001237; GO:0071677; GO:0031334; GO:0050860; GO:0090280; GO:0048246; GO:0042129; GO:0045806; GO:0051134; GO:0070232; GO:0071674; GO:1902041; GO:2000521; GO:2001189","GO:0005737; GO:0005634; GO:0005681; GO:0005576; GO:0005615; GO:0016020; GO:0005829; GO:0005654; GO:0005743; GO:0005886; GO:0031012; GO:0030667; GO:0001772","GO:0030246; GO:0005515; GO:0003723; GO:0019863; GO:0019903; GO:0140693; GO:0042056; GO:0043236; GO:0141069; GO:0004864; GO:0030547; GO:0048030"
"P17936","IGFBP3",4.4141578466593,0.00086949484697848,12,100.606903090901,0.357972519795358,91,4.95,84,105,"weight_sensitive_candidate","IGFBP3","insulin like growth factor binding protein 3 [Source:HGNC Symbol;Acc:HGNC:5472]","apoptotic process; positive regulation of apoptotic process; negative regulation of signal transduction; negative regulation of smooth muscle cell proliferation; MAPK cascade; regulation of cell growth; regulation of glucose metabolic process; regulation of growth; positive regulation of MAPK cascade; positive regulation of insulin-like growth factor receptor signaling pathway; type B pancreatic cell proliferation; osteoblast differentiation; negative regulation of smooth muscle cell migration; protein phosphorylation; negative regulation of cell population proliferation; regulation of insulin-like growth factor receptor signaling pathway; positive regulation of myoblast differentiation; negative regulation of protein phosphorylation","extracellular region; extracellular space; nucleus; endoplasmic reticulum lumen; insulin-like growth factor binding protein complex","insulin-like growth factor binding; metal ion binding; protein binding; growth factor binding; fibronectin binding; protein tyrosine phosphatase activator activity","GO:0006915; GO:0043065; GO:0009968; GO:0048662; GO:0000165; GO:0001558; GO:0010906; GO:0040008; GO:0043410; GO:0043568; GO:0044342; GO:0001649; GO:0014912; GO:0006468; GO:0008285; GO:0043567; GO:0045663; GO:0001933","GO:0005576; GO:0005615; GO:0005634; GO:0005788; GO:0016942","GO:0005520; GO:0046872; GO:0005515; GO:0019838; GO:0001968; GO:0008160"
"P18077","RPL35A",-0.628341517294974,0.461213474234375,122,20.9716918557494,0.269146918769607,240,14.24,214,274,"weight_sensitive_candidate","RPL35A","ribosomal protein L35a [Source:HGNC Symbol;Acc:HGNC:10345]","translation; rRNA processing; cytoplasmic translation","ribosome; cytoplasm; membrane; ribonucleoprotein complex; cytosolic large ribosomal subunit; cytosol; cytosolic ribosome; synapse","structural constituent of ribosome; RNA binding; protein binding; tRNA binding","GO:0006412; GO:0006364; GO:0002181","GO:0005840; GO:0005737; GO:0016020; GO:1990904; GO:0022625; GO:0005829; GO:0022626; GO:0045202","GO:0003735; GO:0003723; GO:0005515; GO:0000049"
"P18084","ITGB5",5.98968045315657,3.5517516870682e-10,52,113.327392377089,0.612154051985799,9,0.75,8,11,"robust_candidate","ITGB5","integrin subunit beta 5 [Source:HGNC Symbol;Acc:HGNC:6160]","cell adhesion; integrin-mediated signaling pathway; symbiont entry into host cell; cell-matrix adhesion; transforming growth factor beta receptor signaling pathway; formation of primary germ layer; cell migration; stress fiber assembly; cell-cell adhesion; cell adhesion mediated by integrin; endodermal cell differentiation; wound healing, spreading of epidermal cells; epithelial cell-cell adhesion","plasma membrane; membrane; focal adhesion; integrin alphav-beta5 complex; receptor complex; integrin complex; phagocytic vesicle","metal ion binding; protein binding; virus receptor activity; signaling receptor binding; integrin binding","GO:0007155; GO:0007229; GO:0046718; GO:0007160; GO:0007179; GO:0001704; GO:0016477; GO:0043149; GO:0098609; GO:0033627; GO:0035987; GO:0035313; GO:0090136","GO:0005886; GO:0016020; GO:0005925; GO:0034684; GO:0043235; GO:0008305; GO:0045335","GO:0046872; GO:0005515; GO:0001618; GO:0005102; GO:0005178"
"P18124","RPL7",-0.644176087461226,0.436583326932769,124,43.6706947975537,0.276467805100605,213,13.1,193,250,"weight_sensitive_candidate","RPL7","ribosomal protein L7 [Source:HGNC Symbol;Acc:HGNC:10363]","maturation of LSU-rRNA from tricistronic rRNA transcript (SSU-rRNA, 5.8S rRNA, LSU-rRNA); translation; rRNA processing; cytoplasmic translation","nucleus; cytoplasm; membrane; endoplasmic reticulum; cytosol; focal adhesion; nucleolus; ribonucleoprotein complex; ribosome; cytosolic large ribosomal subunit; cytosolic ribosome; postsynaptic density","structural constituent of ribosome; RNA binding; protein binding; DNA binding; identical protein binding; mRNA binding","GO:0000463; GO:0006412; GO:0006364; GO:0002181","GO:0005634; GO:0005737; GO:0016020; GO:0005783; GO:0005829; GO:0005925; GO:0005730; GO:1990904; GO:0005840; GO:0022625; GO:0022626; GO:0014069","GO:0003735; GO:0003723; GO:0005515; GO:0003677; GO:0042802; GO:0003729"
"P18621","RPL17",-0.531570027257157,0.532725011463949,124,43.6706947975537,0.270224887748343,234,14.71,212,273,"weight_sensitive_candidate","RPL17","ribosomal protein L17 [Source:HGNC Symbol;Acc:HGNC:10307]","translation; cytoplasmic translation","ribosome; large ribosomal subunit; nucleus; cytoplasm; ribonucleoprotein complex; cytosolic ribosome; cytosolic large ribosomal subunit; cytosol","structural constituent of ribosome; RNA binding; protein binding","GO:0006412; GO:0002181","GO:0005840; GO:0015934; GO:0005634; GO:0005737; GO:1990904; GO:0022626; GO:0022625; GO:0005829","GO:0003735; GO:0003723; GO:0005515"
"P19634","SLC9A1",-2.08897431613864,0.00536746490460465,18,612.860685146816,0.280735753706934,197,13.14,178,226,"weight_sensitive_candidate","SLC9A1","solute carrier family 9 member A1 [Source:HGNC Symbol;Acc:HGNC:11071]","transmembrane transport; proton transmembrane transport; sodium ion transport; regulation of pH; monoatomic cation transport; monoatomic ion transport; protein complex oligomerization; cellular response to acidic pH; potassium ion transmembrane transport; positive regulation of transcription by RNA polymerase II; regulation of cardiac muscle cell membrane potential; response to acidic pH; response to muscle stretch; cell migration; positive regulation of cardiac muscle hypertrophy; regulation of intracellular pH; intracellular sodium ion homeostasis; cellular response to epinephrine stimulus; stem cell differentiation; cardiac muscle cell differentiation; regulation of the force of heart contraction; maintenance of cell polarity; cell differentiation; positive regulation of cell growth; positive regulation of mitochondrial membrane permeability; positive regulation of apoptotic process; negative regulation of apoptotic process; positive regulation of action potential; regulation of stress fiber assembly; regulation of focal adhesion assembly; positive regulation of calcineurin-NFAT signaling cascade; cellular response to antibiotic; cellular response to electrical stimulus; cellular response to mechanical stimulus; cellular response to hypoxia; cardiac muscle cell contraction; regulation of the force of heart contraction by cardiac conduction; positive regulation of intracellular signal transduction","membrane; cytoplasm; plasma membrane; nucleoplasm; focal adhesion; mitochondrion; lamellipodium; membrane raft; intercalated disc; T-tubule; perinuclear region of cytoplasm; cation-transporting ATPase complex; transporter complex","sodium:proton antiporter activity; antiporter activity; calcium-dependent protein binding; calmodulin binding; protein binding; identical protein binding; phospholipid binding; molecular adaptor activity; protein-macromolecule adaptor activity; phosphatidylinositol-4,5-bisphosphate binding; potassium:proton antiporter activity; protein phosphatase 2B binding","GO:0055085; GO:1902600; GO:0006814; GO:0006885; GO:0006812; GO:0006811; GO:0051259; GO:0071468; GO:0071805; GO:0045944; GO:0086036; GO:0010447; GO:0035994; GO:0016477; GO:0010613; GO:0051453; GO:0006883; GO:0071872; GO:0048863; GO:0055007; GO:0002026; GO:0030011; GO:0030154; GO:0030307; GO:0035794; GO:0043065; GO:0043066; GO:0045760; GO:0051492; GO:0051893; GO:0070886; GO:0071236; GO:0071257; GO:0071260; GO:0071456; GO:0086003; GO:0086092; GO:1902533","GO:0016020; GO:0005737; GO:0005886; GO:0005654; GO:0005925; GO:0005739; GO:0030027; GO:0045121; GO:0014704; GO:0030315; GO:0048471; GO:0090533; GO:1990351","GO:0015385; GO:0015297; GO:0048306; GO:0005516; GO:0005515; GO:0042802; GO:0005543; GO:0060090; GO:0030674; GO:0005546; GO:0015386; GO:0030346"
"P19838","NFKB1",-3.64063558250162,1.3314664856337e-05,54,4889.73850607846,0.46679935275818,40,1.23,36,40,"robust_candidate","NFKB1","nuclear factor kappa B subunit 1 [Source:HGNC Symbol;Acc:HGNC:7794]","regulation of DNA-templated transcription; signal transduction; apoptotic process; negative regulation of apoptotic process; regulation of gene expression; positive regulation of macromolecule biosynthetic process; immune system process; positive regulation of DNA-templated transcription; negative regulation of transcription by RNA polymerase II; inflammatory response; regulation of transcription by RNA polymerase II; cellular response to lipopolysaccharide; negative regulation of inflammatory response; transcription by RNA polymerase II; MAPK cascade; canonical NF-kappaB signal transduction; positive regulation of inflammatory response; cellular response to cytokine stimulus; positive regulation of canonical Wnt signaling pathway; positive regulation of transcription by RNA polymerase II; cellular response to mechanical stimulus; signal transduction involved in regulation of gene expression; negative regulation of cytokine production involved in inflammatory response; tumor necrosis factor-mediated signaling pathway; negative regulation of gene expression; negative regulation of vitamin D biosynthetic process; positive regulation of miRNA metabolic process; positive regulation of hyaluronan biosynthetic process; cellular response to nicotine; cellular response to interleukin-6; cellular response to angiotensin; response to muscle stretch; negative regulation of DNA-templated transcription; cellular response to tumor necrosis factor; cellular response to dsRNA; negative regulation of cytokine production; JNK cascade; gene expression; B cell receptor signaling pathway; mammary gland involution; positive regulation of transcription initiation by RNA polymerase II; cellular response to interleukin-17; cellular response to virus","cytoplasm; nucleus; cytosol; nucleoplasm; mitochondrion; extracellular region; chromatin; I-kappaB/NF-kappaB complex; secretory granule lumen; specific granule lumen; NF-kappaB p50/p65 complex; transcription regulator complex","DNA binding; protein binding; DNA-binding transcription factor activity; DNA-binding transcription factor activity, RNA polymerase II-specific; identical protein binding; RNA polymerase II cis-regulatory region sequence-specific DNA binding; DNA-binding transcription activator activity, RNA polymerase II-specific; transcription cis-regulatory region binding; actinin binding; RNA polymerase II transcription regulatory region sequence-specific DNA binding; DNA-binding transcription repressor activity, RNA polymerase II-specific; chromatin binding; transcription coregulator activity; sequence-specific DNA binding","GO:0006355; GO:0007165; GO:0006915; GO:0043066; GO:0010468; GO:0010557; GO:0002376; GO:0045893; GO:0000122; GO:0006954; GO:0006357; GO:0071222; GO:0050728; GO:0006366; GO:0000165; GO:0007249; GO:0050729; GO:0071345; GO:0090263; GO:0045944; GO:0071260; GO:0023019; GO:1900016; GO:0033209; GO:0010629; GO:0010957; GO:2000630; GO:1900127; GO:0071316; GO:0071354; GO:1904385; GO:0035994; GO:0045892; GO:0071356; GO:0071359; GO:0001818; GO:0007254; GO:0010467; GO:0050853; GO:0060056; GO:0060261; GO:0097398; GO:0098586","GO:0005737; GO:0005634; GO:0005829; GO:0005654; GO:0005739; GO:0005576; GO:0000785; GO:0033256; GO:0034774; GO:0035580; GO:0035525; GO:0005667","GO:0003677; GO:0005515; GO:0003700; GO:0000981; GO:0042802; GO:0000978; GO:0001228; GO:0000976; GO:0042805; GO:0000977; GO:0001227; GO:0003682; GO:0003712; GO:0043565"
"P20908","COL5A1",5.27235704620434,2.80668720768905e-07,18,68.0542574467405,0.470972677080999,38,2.24,34,42,"weight_sensitive_candidate","COL5A1","collagen type V alpha 1 chain [Source:HGNC Symbol;Acc:HGNC:2209]","cell adhesion; cell migration; collagen fibril organization; collagen biosynthetic process; skin development; supramolecular fiber organization; eye morphogenesis; negative regulation of endodermal cell differentiation; blood vessel development; heart morphogenesis; tendon development; wound healing, spreading of epidermal cells; integrin biosynthetic process","extracellular region; endoplasmic reticulum lumen; collagen trimer; extracellular matrix; fibrillar collagen trimer; collagen type XI trimer; collagen type V trimer; basement membrane","extracellular matrix structural constituent; metal ion binding; protein binding; integrin binding; heparin binding; proteoglycan binding; extracellular matrix structural constituent conferring tensile strength; platelet-derived growth factor binding","GO:0007155; GO:0016477; GO:0030199; GO:0032964; GO:0043588; GO:0097435; GO:0048592; GO:1903225; GO:0001568; GO:0003007; GO:0035989; GO:0035313; GO:0045112","GO:0005576; GO:0005788; GO:0005581; GO:0031012; GO:0005583; GO:0005592; GO:0005588; GO:0005604","GO:0005201; GO:0046872; GO:0005515; GO:0005178; GO:0008201; GO:0043394; GO:0030020; GO:0048407"
"P21283","ATP6V1C1",-0.837550948172254,0.270434305540855,18,0,0.151049566520846,387,6.21,376,405,"weight_sensitive_candidate","ATP6V1C1","ATPase H+ transporting V1 subunit C1 [Source:HGNC Symbol;Acc:HGNC:856]","proton transmembrane transport; monoatomic ion transport; regulation of macroautophagy; synaptic vesicle lumen acidification","proton-transporting V-type ATPase, V1 domain; plasma membrane; membrane; synapse; cytoplasmic vesicle; clathrin-coated vesicle membrane; synaptic vesicle membrane; lysosomal membrane; vacuolar proton-transporting V-type ATPase, V1 domain; cytosol; proton-transporting two-sector ATPase complex; apical part of cell; proton-transporting V-type ATPase complex; ATPase complex","proton-transporting ATPase activity, rotational mechanism; proton transmembrane transporter activity; protein binding","GO:1902600; GO:0006811; GO:0016241; GO:0097401","GO:0033180; GO:0005886; GO:0016020; GO:0045202; GO:0031410; GO:0030665; GO:0030672; GO:0005765; GO:0000221; GO:0005829; GO:0016469; GO:0045177; GO:0033176; GO:1904949","GO:0046961; GO:0015078; GO:0005515"
"P21333","FLNA",-0.477561711130576,0.630148209231476,42,525.297156580152,0.223684361073244,309,8.61,297,329,"weight_sensitive_candidate","FLNA","filamin A [Source:HGNC Symbol;Acc:HGNC:3754]","actin cytoskeleton organization; positive regulation of canonical NF-kappaB signal transduction; regulation of cell migration; cell projection organization; cilium assembly; negative regulation of DNA-binding transcription factor activity; protein stabilization; receptor clustering; wound healing, spreading of cells; positive regulation of potassium ion transmembrane transport; negative regulation of apoptotic process; protein localization to plasma membrane; blood coagulation, intrinsic pathway; megakaryocyte development; release of sequestered calcium ion into cytosol; adenylate cyclase-inhibiting dopamine receptor signaling pathway; protein localization to cell surface; mitotic spindle assembly; negative regulation of transcription by RNA polymerase I; negative regulation of protein catabolic process; establishment of protein localization; actin crosslink formation; semaphorin-plexin signaling pathway; tubulin deacetylation; positive regulation of substrate adhesion-dependent cell spreading; regulation of membrane repolarization during atrial cardiac muscle cell action potential; regulation of membrane repolarization during cardiac muscle cell action potential; positive regulation of integrin-mediated signaling pathway; formation of radial glial scaffolds; cerebral cortex development; positive regulation of actin filament bundle assembly; mRNA transcription by RNA polymerase II; establishment of Sertoli cell barrier; protein localization to bicellular tight junction; positive regulation of neural precursor cell proliferation; positive regulation of neuron migration","cytoplasm; nucleus; membrane; cell projection; cytosol; plasma membrane; cytoskeleton; focal adhesion; anchoring junction; growth cone; actin cytoskeleton; extracellular region; cell cortex; cell-cell junction; perikaryon; podosome; nucleolus; Z disc; glycoprotein Ib-IX-V complex; Myb complex; postsynapse; glutamatergic synapse; actin filament; cortical cytoskeleton; neuronal cell body; dendritic shaft; perinuclear region of cytoplasm; apical dendrite","protein binding; actin filament binding; RNA binding; actin binding; G protein-coupled receptor binding; kinase binding; DNA-binding transcription factor binding; cadherin binding; protein homodimerization activity; transmembrane transporter binding; small GTPase binding; potassium channel regulator activity; GTPase binding; Fc-gamma receptor I complex binding; protein-containing complex binding; SMAD binding","GO:0030036; GO:0043123; GO:0030334; GO:0030030; GO:0060271; GO:0043433; GO:0050821; GO:0043113; GO:0044319; GO:1901381; GO:0043066; GO:0072659; GO:0007597; GO:0035855; GO:0051209; GO:0007195; GO:0034394; GO:0090307; GO:0016479; GO:0042177; GO:0045184; GO:0051764; GO:0071526; GO:0090042; GO:1900026; GO:1905000; GO:1905031; GO:2001046; GO:0021943; GO:0021987; GO:0032233; GO:0042789; GO:0097368; GO:1902396; GO:2000179; GO:2001224","GO:0005737; GO:0005634; GO:0016020; GO:0042995; GO:0005829; GO:0005886; GO:0005856; GO:0005925; GO:0070161; GO:0030426; GO:0015629; GO:0005576; GO:0005938; GO:0005911; GO:0043204; GO:0002102; GO:0005730; GO:0030018; GO:1990779; GO:0031523; GO:0098794; GO:0098978; GO:0005884; GO:0030863; GO:0043025; GO:0043198; GO:0048471; GO:0097440","GO:0005515; GO:0051015; GO:0003723; GO:0003779; GO:0001664; GO:0019900; GO:0140297; GO:0045296; GO:0042803; GO:0044325; GO:0031267; GO:0015459; GO:0051020; GO:0034988; GO:0044877; GO:0046332"
"P21462","FPR1",3.13080543474419,5.64199498253469e-05,2,0,0.203244795161069,336,8.58,316,347,"weight_sensitive_candidate","FPR1","formyl peptide receptor 1 [Source:HGNC Symbol;Acc:HGNC:3826]","G protein-coupled receptor signaling pathway; signal transduction; cell communication; signaling; chemotaxis; inflammatory response; positive regulation of cytosolic calcium ion concentration; adenylate cyclase-modulating G protein-coupled receptor signaling pathway; phospholipase C-activating G protein-coupled receptor signaling pathway; complement receptor mediated signaling pathway; nitric oxide mediated signal transduction","membrane; plasma membrane; cytoplasm; secretory granule membrane; azurophil granule membrane","G protein-coupled receptor activity; protein binding; G protein-coupled receptor binding; complement receptor activity; N-formyl peptide receptor activity; scavenger receptor binding; RAGE receptor binding","GO:0007186; GO:0007165; GO:0007154; GO:0023052; GO:0006935; GO:0006954; GO:0007204; GO:0007188; GO:0007200; GO:0002430; GO:0007263","GO:0016020; GO:0005886; GO:0005737; GO:0030667; GO:0035577","GO:0004930; GO:0005515; GO:0001664; GO:0004875; GO:0004982; GO:0005124; GO:0050786"
"P21741","MDK",3.41408897759361,0.000474088848433676,2,0,0.200228701681287,338,8.54,321,354,"weight_sensitive_candidate","MDK","midkine [Source:HGNC Symbol;Acc:HGNC:6972]","nervous system development; positive regulation of cell migration; intracellular signal transduction; cell differentiation; cell migration; positive regulation of cell division; cytoskeleton organization; negative regulation of canonical Wnt signaling pathway; positive regulation of substrate adhesion-dependent cell spreading; negative regulation of neuron apoptotic process; oogenesis; negative regulation of cell adhesion; negative regulation of inflammatory response to wounding; positive regulation of inflammatory response; positive regulation of cell adhesion; positive regulation of neural precursor cell proliferation; positive regulation of oligodendrocyte differentiation; response to wounding; positive regulation of neuron migration; positive regulation of cartilage development; signal transduction; positive regulation of neuron projection development; positive regulation of epithelial to mesenchymal transition; leukocyte chemotaxis involved in inflammatory response; regulation of bone remodeling; negative regulation of epithelial cell apoptotic process; negative regulation of ossification; glial cell projection elongation; adrenal gland development; tissue regeneration; positive regulation of leukocyte adhesion to vascular endothelial cell; positive regulation of T cell differentiation; positive regulation of hepatocyte proliferation; T cell activation involved in immune response; positive regulation of neutrophil chemotaxis; estrous cycle; positive regulation of leukocyte chemotaxis; response to auditory stimulus; regulation of chondrocyte differentiation; positive regulation of smooth muscle cell chemotaxis; positive regulation of inflammatory response to wounding; positive regulation of leukocyte cell-cell adhesion; positive regulation of blood vessel branching; positive regulation of vascular endothelial cell proliferation; positive regulation of artery morphogenesis; positive regulation of neutrophil extravasation; behavioral fear response; short-term memory; response to xenobiotic stimulus; response to hormone; dentate gyrus development; cerebellar granular layer development; hippocampus development; cerebral cortex development; defecation; positive regulation of DNA-templated transcription; regulation of behavior; response to glucocorticoid","extracellular region; extracellular matrix; cell projection","growth factor activity; protein binding; heparin binding; heparan sulfate binding; chondroitin sulfate binding","GO:0007399; GO:0030335; GO:0035556; GO:0030154; GO:0016477; GO:0051781; GO:0007010; GO:0090090; GO:1900026; GO:0043524; GO:0048477; GO:0007162; GO:0106015; GO:0050729; GO:0045785; GO:2000179; GO:0048714; GO:0009611; GO:2001224; GO:0061036; GO:0007165; GO:0010976; GO:0010718; GO:0002232; GO:0046850; GO:1904036; GO:0030279; GO:0106091; GO:0030325; GO:0042246; GO:1904996; GO:0045582; GO:2000347; GO:0002286; GO:0090023; GO:0044849; GO:0002690; GO:0010996; GO:0032330; GO:0071673; GO:0106016; GO:1903039; GO:1905555; GO:1905564; GO:1905653; GO:2000391; GO:0001662; GO:0007614; GO:0009410; GO:0009725; GO:0021542; GO:0021681; GO:0021766; GO:0021987; GO:0030421; GO:0045893; GO:0050795; GO:0051384","GO:0005576; GO:0031012; GO:0042995","GO:0008083; GO:0005515; GO:0008201; GO:1904399; GO:0035374"
"P22528","SPRR1B",-7.22993228768414,3.35769557028623e-11,12,235.551371291561,0.598752818040256,12,0.55,10,12,"robust_candidate","SPRR1B","small proline rich protein 1B [Source:HGNC Symbol;Acc:HGNC:11260]","keratinization; keratinocyte differentiation; epidermis development","cytoplasm; cornified envelope; cytosol","structural molecule activity","GO:0031424; GO:0030216; GO:0008544","GO:0005737; GO:0001533; GO:0005829","GO:0005198"
"P22532","SPRR2D",-3.02934583875544,0.000182794723305273,8,0,0.253871041266133,263,14.57,218,284,"weight_sensitive_candidate","SPRR2D","small proline rich protein 2D [Source:HGNC Symbol;Acc:HGNC:11264]","keratinization; epidermis development","cornified envelope; cytoplasm; cytosol","","GO:0031424; GO:0008544","GO:0001533; GO:0005737; GO:0005829",""
"P22626","HNRNPA2B1",-0.87512207229096,0.25813719520184,58,1089.83293795333,0.270782293749626,230,8.01,215,243,"weight_sensitive_candidate","HNRNPA2B1","heterogeneous nuclear ribonucleoprotein A2/B1 [Source:HGNC Symbol;Acc:HGNC:5033]","mRNA splicing, via spliceosome; RNA splicing; mRNA transport; mRNA processing; regulation of macromolecule metabolic process; mRNA export from nucleus; primary miRNA processing; positive regulation of telomere maintenance via telomere lengthening; DNA geometric change; RNA transport; miRNA transport","Cajal body; chromosome, telomeric region; nucleus; spliceosomal complex; cytoplasm; extracellular region; membrane; nucleoplasm; ribonucleoprotein complex; catalytic step 2 spliceosome","nucleic acid binding; RNA binding; protein binding; N6-methyladenosine-containing RNA reader activity; identical protein binding; mRNA 3'-UTR binding; miRNA binding; molecular condensate scaffold activity; G-rich strand telomeric DNA binding; single-stranded telomeric DNA binding","GO:0000398; GO:0008380; GO:0051028; GO:0006397; GO:0060255; GO:0006406; GO:0031053; GO:1904358; GO:0032392; GO:0050658; GO:1990428","GO:0015030; GO:0000781; GO:0005634; GO:0005681; GO:0005737; GO:0005576; GO:0016020; GO:0005654; GO:1990904; GO:0071013","GO:0003676; GO:0003723; GO:0005515; GO:1990247; GO:0042802; GO:0003730; GO:0035198; GO:0140693; GO:0098505; GO:0043047"
"P22735","TGM1",-10.0491677052415,1.17587344907209e-12,18,1184.65279118736,0.753541644712387,1,0,1,1,"robust_candidate","TGM1","transglutaminase 1 [Source:HGNC Symbol;Acc:HGNC:11777]","keratinization; animal organ development; positive regulation of cell cycle; protein modification process; keratinocyte differentiation; cell envelope organization","membrane; plasma membrane; cornified envelope; cytosol","protein-glutamine gamma-glutamyltransferase activity; transferase activity; metal ion binding; protein binding; acyltransferase activity; identical protein binding","GO:0031424; GO:0048513; GO:0045787; GO:0036211; GO:0030216; GO:0043163","GO:0016020; GO:0005886; GO:0001533; GO:0005829","GO:0003810; GO:0016740; GO:0046872; GO:0005515; GO:0016746; GO:0042802"
"P23193","TCEA1",-3.44792933347734,0.0143822682647563,36,0,0.322238087007976,129,6.31,118,145,"weight_sensitive_candidate","TCEA1","transcription elongation factor A1 [Source:HGNC Symbol;Acc:HGNC:11612]","DNA-templated transcription; transcription elongation by RNA polymerase II; positive regulation of transcription by RNA polymerase II; transcription by RNA polymerase II; erythrocyte differentiation; positive regulation of DNA-templated transcription","nucleus; nucleoplasm; nucleolus; transcription factor TFIID complex","zinc ion binding; nucleic acid binding; metal ion binding; DNA binding; protein binding","GO:0006351; GO:0006368; GO:0045944; GO:0006366; GO:0030218; GO:0045893","GO:0005634; GO:0005654; GO:0005730; GO:0005669","GO:0008270; GO:0003676; GO:0046872; GO:0003677; GO:0005515"
"P23229","ITGA6",0.0533601460899291,0.965025616565901,52,66.0836103787045,0.199077496436532,340,8.46,323,359,"weight_sensitive_candidate","ITGA6","integrin subunit alpha 6 [Source:HGNC Symbol;Acc:HGNC:6142]","cell adhesion; integrin-mediated signaling pathway; cell-matrix adhesion; cell-substrate adhesion; positive regulation of GTPase activity; positive regulation of transcription by RNA polymerase II; positive regulation of cell migration; cell-cell adhesion; positive regulation of neuron projection development; skin morphogenesis; negative regulation of extrinsic apoptotic signaling pathway; positive regulation of apoptotic process; nail development; cell-substrate junction assembly; leukocyte migration","integrin complex; plasma membrane; membrane; focal adhesion; integrin alpha6-beta1 complex; integrin alpha6-beta4 complex","metal ion binding; protein binding; cadherin binding; signaling receptor activity; neuregulin binding","GO:0007155; GO:0007229; GO:0007160; GO:0031589; GO:0043547; GO:0045944; GO:0030335; GO:0098609; GO:0010976; GO:0043589; GO:2001237; GO:0043065; GO:0035878; GO:0007044; GO:0050900","GO:0008305; GO:0005886; GO:0016020; GO:0005925; GO:0034675; GO:0034676","GO:0046872; GO:0005515; GO:0045296; GO:0038023; GO:0038132"
"P23396","RPS3",-0.563453087686849,0.503189241280532,138,2006.17294651372,0.306656058423559,151,11.78,129,174,"weight_sensitive_candidate","RPS3","ribosomal protein S3 [Source:HGNC Symbol;Acc:HGNC:10420]","translation; apoptotic process; cell division; regulation of translation; negative regulation of translation; DNA repair; DNA damage response; negative regulation of protein ubiquitination; regulation of apoptotic process; positive regulation of DNA repair; translational initiation; positive regulation of gene expression; chromosome segregation; spindle assembly; positive regulation of apoptotic signaling pathway; cytoplasmic translation; positive regulation of non-canonical NF-kappaB signal transduction; cellular response to reactive oxygen species; positive regulation of protein-containing complex assembly; base-excision repair; positive regulation of microtubule polymerization; negative regulation of DNA repair; positive regulation of T cell receptor signaling pathway; positive regulation of NF-kappaB transcription factor activity; response to TNF agonist; cellular response to tumor necrosis factor; positive regulation of intrinsic apoptotic signaling pathway in response to DNA damage; positive regulation of base-excision repair","small ribosomal subunit; nucleus; cytoplasm; plasma membrane; membrane; endoplasmic reticulum; cytosol; mitochondrion; cytoskeleton; focal adhesion; mitochondrial matrix; mitochondrial inner membrane; nucleolus; ribonucleoprotein complex; spindle; ribosome; cytosolic ribosome; mitotic spindle; cytosolic small ribosomal subunit; nucleoplasm; postsynaptic density; synapse; NF-kappaB complex","structural constituent of ribosome; RNA binding; enzyme binding; lyase activity; DNA binding; protein binding; mRNA binding; ubiquitin-like protein conjugating enzyme binding; iron-sulfur cluster binding; Hsp90 protein binding; protein kinase binding; kinase binding; DNA-binding transcription factor binding; microtubule binding; DNA endonuclease activity; DNA-(apurinic or apyrimidinic site) endonuclease activity; damaged DNA binding; protein kinase A binding; tubulin binding; Hsp70 protein binding; RNA polymerase II transcription regulatory region sequence-specific DNA binding; oxidized purine DNA binding; supercoiled DNA binding; protein-containing complex binding","GO:0006412; GO:0006915; GO:0051301; GO:0006417; GO:0017148; GO:0006281; GO:0006974; GO:0031397; GO:0042981; GO:0045739; GO:0006413; GO:0010628; GO:0007059; GO:0051225; GO:2001235; GO:0002181; GO:1901224; GO:0034614; GO:0031334; GO:0006284; GO:0031116; GO:0045738; GO:0050862; GO:0051092; GO:0061481; GO:0071356; GO:1902231; GO:1905053","GO:0015935; GO:0005634; GO:0005737; GO:0005886; GO:0016020; GO:0005783; GO:0005829; GO:0005739; GO:0005856; GO:0005925; GO:0005759; GO:0005743; GO:0005730; GO:1990904; GO:0005819; GO:0005840; GO:0022626; GO:0072686; GO:0022627; GO:0005654; GO:0014069; GO:0045202; GO:0071159","GO:0003735; GO:0003723; GO:0019899; GO:0016829; GO:0003677; GO:0005515; GO:0003729; GO:0044390; GO:0051536; GO:0051879; GO:0019901; GO:0019900; GO:0140297; GO:0008017; GO:0004520; GO:0003906; GO:0003684; GO:0051018; GO:0015631; GO:0030544; GO:0000977; GO:0032357; GO:0097100; GO:0044877"
"P24821","TNC",-0.0471469002823817,0.968506499237854,16,0,0.101679711827408,432,5.7,418,437,"weight_sensitive_candidate","TNC","tenascin C [Source:HGNC Symbol;Acc:HGNC:5318]","cell adhesion; osteoblast differentiation; response to wounding; regulation of cell adhesion; regulation of cell growth; regulation of cell migration; neuromuscular junction development; positive regulation of cell population proliferation; positive regulation of gene expression; peripheral nervous system axon regeneration; prostate gland development; mesenchymal-epithelial cell signaling involved in prostate gland development; prostate gland epithelium morphogenesis; morphogenesis of an epithelium; negative regulation of cell adhesion; response to mechanical stimulus; neuron projection development; odontogenesis of dentin-containing tooth; response to ethanol; regulation of inflammatory response; bud outgrowth involved in lung branching; cellular response to retinoic acid; cellular response to vitamin D; response to fibroblast growth factor; cellular response to prostaglandin D stimulus","extracellular space; extracellular region; membrane; focal adhesion; extracellular matrix; endoplasmic reticulum lumen; basement membrane; tenascin complex; perisynaptic extracellular matrix; glutamatergic synapse; interstitial matrix","protein binding; integrin binding; extracellular matrix structural constituent","GO:0007155; GO:0001649; GO:0009611; GO:0030155; GO:0001558; GO:0030334; GO:0007528; GO:0008284; GO:0010628; GO:0014012; GO:0030850; GO:0060739; GO:0060740; GO:0002009; GO:0007162; GO:0009612; GO:0031175; GO:0042475; GO:0045471; GO:0050727; GO:0060447; GO:0071300; GO:0071305; GO:0071774; GO:0071799","GO:0005615; GO:0005576; GO:0016020; GO:0005925; GO:0031012; GO:0005788; GO:0005604; GO:0090733; GO:0098966; GO:0098978; GO:0005614","GO:0005515; GO:0005178; GO:0005201"
"P25116","F2R",1.59052259612281,0.0296316565382,12,533.125727574463,0.224284910120845,308,2.28,305,314,"weight_sensitive_candidate","F2R","coagulation factor II thrombin receptor [Source:HGNC Symbol;Acc:HGNC:3537]","G protein-coupled receptor signaling pathway; blood coagulation; regulation of biological quality; signal transduction; positive regulation of canonical NF-kappaB signal transduction; hemostasis; regulation of synaptic plasticity; inflammatory response; positive regulation of cell population proliferation; negative regulation of neuron apoptotic process; positive regulation of vasoconstriction; positive regulation of phosphatidylinositol 3-kinase/protein kinase B signal transduction; phospholipase C-activating G protein-coupled receptor signaling pathway; release of sequestered calcium ion into cytosol; response to lipopolysaccharide; positive regulation of calcium ion transport; positive regulation of cell migration; glutamate secretion; positive regulation of DNA-templated transcription; anatomical structure morphogenesis; positive regulation of cytosolic calcium ion concentration; positive regulation of apoptotic process; positive regulation of MAPK cascade; negative regulation of cell population proliferation; positive regulation of release of sequestered calcium ion into cytosol; cell-cell junction maintenance; platelet dense granule organization; response to wounding; platelet activation; positive regulation of blood coagulation; positive regulation of collagen biosynthetic process; positive regulation of receptor signaling pathway via JAK-STAT; connective tissue replacement involved in inflammatory response wound healing; positive regulation of Rho protein signal transduction; homeostasis of number of cells within a tissue; negative regulation of glomerular filtration; establishment of synaptic specificity at neuromuscular junction; regulation of blood coagulation; positive regulation of smooth muscle contraction; negative regulation of renin secretion into blood stream","membrane; plasma membrane; late endosome; early endosome; extracellular region; postsynaptic membrane; Golgi apparatus; neuromuscular junction; caveola; platelet dense tubular network","G protein-coupled receptor activity; thrombin-activated receptor activity; protein binding; G-protein alpha-subunit binding; signaling receptor binding; G-protein beta-subunit binding","GO:0007186; GO:0007596; GO:0065008; GO:0007165; GO:0043123; GO:0007599; GO:0048167; GO:0006954; GO:0008284; GO:0043524; GO:0045907; GO:0051897; GO:0007200; GO:0051209; GO:0032496; GO:0051928; GO:0030335; GO:0014047; GO:0045893; GO:0009653; GO:0007204; GO:0043065; GO:0043410; GO:0008285; GO:0051281; GO:0045217; GO:0060155; GO:0009611; GO:0030168; GO:0030194; GO:0032967; GO:0046427; GO:0002248; GO:0035025; GO:0048873; GO:0003105; GO:0007529; GO:0030193; GO:0045987; GO:1900134","GO:0016020; GO:0005886; GO:0005770; GO:0005769; GO:0005576; GO:0045211; GO:0005794; GO:0031594; GO:0005901; GO:0031094","GO:0004930; GO:0015057; GO:0005515; GO:0001965; GO:0005102; GO:0031681"
"P25311","AZGP1",-2.01825997846264,0.00378365789227997,4,26.9908791255855,0.180062216728523,358,4.18,348,367,"weight_sensitive_candidate","AZGP1","alpha-2-glycoprotein 1, zinc-binding [Source:HGNC Symbol;Acc:HGNC:910]","negative regulation of cell population proliferation; cell adhesion; immune response; protein transmembrane transport; detection of chemical stimulus involved in sensory perception of bitter taste; positive regulation of T cell mediated cytotoxicity","nucleus; extracellular region; extracellular space","protein binding; RNA nuclease activity; protein transmembrane transporter activity","GO:0008285; GO:0007155; GO:0006955; GO:0071806; GO:0001580; GO:0001916","GO:0005634; GO:0005576; GO:0005615","GO:0005515; GO:0004540; GO:0008320"
"P25398","RPS12",-0.718089075931264,0.361916241379398,124,31.9718634554912,0.278693537804684,201,11.62,184,236,"weight_sensitive_candidate","RPS12","ribosomal protein S12 [Source:HGNC Symbol;Acc:HGNC:10385]","translation; cytoplasmic translation; positive regulation of canonical Wnt signaling pathway; maintenance of translational fidelity","ribosome; nucleus; cytoplasm; membrane; cytosol; Golgi apparatus; nucleolus; ribonucleoprotein complex; cytosolic small ribosomal subunit; nucleoplasm; cytosolic ribosome","structural constituent of ribosome; RNA binding; protein binding","GO:0006412; GO:0002181; GO:0090263; GO:1990145","GO:0005840; GO:0005634; GO:0005737; GO:0016020; GO:0005829; GO:0005794; GO:0005730; GO:1990904; GO:0022627; GO:0005654; GO:0022626","GO:0003735; GO:0003723; GO:0005515"
"P25942","CD40",4.05163229302237,4.11004873429622e-07,14,14.7338057262318,0.391219617573065,70,1.59,66,72,"weight_sensitive_candidate","CD40","CD40 molecule [Source:HGNC Symbol;Acc:HGNC:11919]","B cell activation; regulation of immune response; positive regulation of developmental process; regulation of gene expression; positive regulation of macromolecule biosynthetic process; positive regulation of multicellular organismal process; immune system process; positive regulation of canonical NF-kappaB signal transduction; intracellular calcium ion homeostasis; defense response; CD40 signaling pathway; positive regulation of nucleobase-containing compound metabolic process; platelet activation; regulation of immunoglobulin production; immune response-regulating cell surface receptor signaling pathway; positive regulation of B cell proliferation; defense response to protozoan; phosphatidylinositol 3-kinase/protein kinase B signal transduction; positive regulation of isotype switching to IgG isotypes; defense response to virus; response to bacterium; B cell mediated immunity; response to nutrient levels; response to cobalamin; response to type II interferon; cellular response to erythropoietin; cellular response to lipopolysaccharide; cellular response to interleukin-1; cellular response to tumor necrosis factor; response to peptide; positive regulation of transcription by RNA polymerase II; cellular response to mechanical stimulus; inflammatory response; positive regulation of angiogenesis; protein-containing complex assembly; positive regulation of MAPK cascade; positive regulation of blood vessel endothelial cell migration; cell surface receptor signaling pathway via JAK-STAT; positive regulation of endothelial cell apoptotic process; positive regulation of protein kinase C signaling; positive regulation of interleukin-4-mediated signaling pathway","extracellular region; plasma membrane; membrane; extracellular space; neuronal cell body; varicosity; CD40 receptor complex","protein binding; signaling receptor activity; enzyme binding; ubiquitin protein ligase binding; antigen binding; protein domain specific binding","GO:0042113; GO:0050776; GO:0051094; GO:0010468; GO:0010557; GO:0051240; GO:0002376; GO:0043123; GO:0006874; GO:0006952; GO:0023035; GO:0045935; GO:0030168; GO:0002637; GO:0002768; GO:0030890; GO:0042832; GO:0043491; GO:0048304; GO:0051607; GO:0009617; GO:0019724; GO:0031667; GO:0033590; GO:0034341; GO:0036018; GO:0071222; GO:0071347; GO:0071356; GO:1901652; GO:0045944; GO:0071260; GO:0006954; GO:0045766; GO:0065003; GO:0043410; GO:0043536; GO:0007259; GO:2000353; GO:0090037; GO:1902216","GO:0005576; GO:0005886; GO:0016020; GO:0005615; GO:0043025; GO:0043196; GO:0035631","GO:0005515; GO:0038023; GO:0019899; GO:0031625; GO:0003823; GO:0019904"
"P26006","ITGA3",3.55554486897546,4.41660774253009e-06,56,70.456533416773,0.441375744994306,49,1.64,46,53,"weight_sensitive_candidate","ITGA3","integrin subunit alpha 3 [Source:HGNC Symbol;Acc:HGNC:6139]","cell adhesion; regulation of signal transduction; cell differentiation; integrin-mediated signaling pathway; system development; system process; Rho protein signal transduction; neuron migration; memory; negative regulation of Rho protein signal transduction; exploration behavior; dendritic spine maintenance; heart development; response to xenobiotic stimulus; positive regulation of gene expression; positive regulation of epithelial cell migration; positive regulation of cell-substrate adhesion; positive regulation of neuron projection development; negative regulation of cell projection organization; response to gonadotropin; maternal process involved in female pregnancy; postsynapse organization; regulation of Wnt signaling pathway; mesodermal cell differentiation; positive regulation of protein localization to plasma membrane; cell-cell adhesion; nephron development; cell-matrix adhesion; regulation of transforming growth factor beta receptor signaling pathway; skin development; lung development; regulation of BMP signaling pathway; leukocyte migration; renal filtration","integrin complex; plasma membrane; membrane; cell projection; focal adhesion; filopodium membrane; anchoring junction; cell periphery; neuromuscular junction; postsynaptic membrane; presynaptic active zone membrane; glutamatergic synapse; growth cone; synapse; perinuclear region of cytoplasm; excitatory synapse; synaptic membrane; growth cone filopodium; integrin alpha3-beta1 complex; receptor complex","protein binding; metal ion binding; protein heterodimerization activity; protease binding; fibronectin binding; integrin binding; collagen binding; protein domain specific binding; laminin binding; protein-containing complex binding; signaling receptor activity","GO:0007155; GO:0009966; GO:0030154; GO:0007229; GO:0048731; GO:0003008; GO:0007266; GO:0001764; GO:0007613; GO:0035024; GO:0035640; GO:0097062; GO:0007507; GO:0009410; GO:0010628; GO:0010634; GO:0010811; GO:0010976; GO:0031345; GO:0034698; GO:0060135; GO:0099173; GO:0030111; GO:0048333; GO:1903078; GO:0098609; GO:0072006; GO:0007160; GO:0017015; GO:0043588; GO:0030324; GO:0030510; GO:0050900; GO:0097205","GO:0008305; GO:0005886; GO:0016020; GO:0042995; GO:0005925; GO:0031527; GO:0070161; GO:0071944; GO:0031594; GO:0045211; GO:0048787; GO:0098978; GO:0030426; GO:0045202; GO:0048471; GO:0060076; GO:0097060; GO:1990812; GO:0034667; GO:0043235","GO:0005515; GO:0046872; GO:0046982; GO:0002020; GO:0001968; GO:0005178; GO:0005518; GO:0019904; GO:0043236; GO:0044877; GO:0038023"
"P26196","DDX6",-0.558644769632988,0.525587088590451,10,438.72539127404,0.148496792163403,390,5.17,383,404,"weight_sensitive_candidate","DDX6","DEAD-box helicase 6 [Source:HGNC Symbol;Acc:HGNC:2747]","negative regulation of translation; miRNA-mediated gene silencing by inhibition of translation; P-body assembly; neuron differentiation; stem cell population maintenance; negative regulation of neuron differentiation; spermatogenesis; viral RNA genome packaging; stress granule assembly; spermatid differentiation","nucleus; cytoplasm; membrane; cytosol; plasma membrane; cytoplasmic ribonucleoprotein granule; P-body; heterochromatin; outer dense fiber; adherens junction; chromatoid body; perinuclear region of cytoplasm; sperm annulus","ATP binding; nucleic acid binding; RNA helicase activity; protein binding; RNA binding; hydrolase activity; nucleotide binding; helicase activity; mRNA binding; ATP hydrolysis activity; cadherin binding; protein domain specific binding","GO:0017148; GO:0035278; GO:0033962; GO:0030182; GO:0019827; GO:0045665; GO:0007283; GO:0019074; GO:0034063; GO:0048515","GO:0005634; GO:0005737; GO:0016020; GO:0005829; GO:0005886; GO:0036464; GO:0000932; GO:0000792; GO:0001520; GO:0005912; GO:0033391; GO:0048471; GO:0097227","GO:0005524; GO:0003676; GO:0003724; GO:0005515; GO:0003723; GO:0016787; GO:0000166; GO:0004386; GO:0003729; GO:0016887; GO:0045296; GO:0019904"
"P26368","U2AF2",-1.41971705864357,0.0680680317015773,62,379.087635465788,0.299487843016302,163,4.03,154,171,"weight_sensitive_candidate","U2AF2","U2 small nuclear RNA auxiliary factor 2 [Source:HGNC Symbol;Acc:HGNC:23156]","mRNA processing; RNA splicing; negative regulation of mRNA splicing, via spliceosome; mRNA splicing, via spliceosome; positive regulation of RNA splicing; spliceosomal complex assembly; negative regulation of protein ubiquitination","nucleus; spliceosomal complex; nuclear speck; nucleoplasm; Prp19 complex; U2-type prespliceosome; U2AF complex","RNA binding; nucleic acid binding; protein binding; enzyme binding; molecular function inhibitor activity; poly-pyrimidine tract binding; pre-mRNA 3'-splice site binding; C2H2 zinc finger domain binding","GO:0006397; GO:0008380; GO:0048025; GO:0000398; GO:0033120; GO:0000245; GO:0031397","GO:0005634; GO:0005681; GO:0016607; GO:0005654; GO:0000974; GO:0071004; GO:0089701","GO:0003723; GO:0003676; GO:0005515; GO:0019899; GO:0140678; GO:0008187; GO:0030628; GO:0070742"
"P27105","STOM",-3.80598309455215,8.62446241303733e-07,2,0,0.261948802180281,247,28.09,176,285,"weight_sensitive_candidate","STOM","stomatin [Source:HGNC Symbol;Acc:HGNC:3383]","regulation of monoatomic ion transmembrane transport; positive regulation by host of viral genome replication; positive regulation of viral process; positive regulation of protein targeting to membrane","membrane; plasma membrane; cytoplasm; extracellular space; cytosol; cytoskeleton; cytoplasmic vesicle; membrane raft; vesicle; blood microparticle; specific granule membrane; tertiary granule membrane; azurophil granule membrane; mitochondrion; endoplasmic reticulum; perinuclear region of cytoplasm","protein binding; identical protein binding; RNA polymerase binding; ion channel inhibitor activity; protein homodimerization activity","GO:0034765; GO:0044829; GO:0048524; GO:0090314","GO:0016020; GO:0005886; GO:0005737; GO:0005615; GO:0005829; GO:0005856; GO:0031410; GO:0045121; GO:0031982; GO:0072562; GO:0035579; GO:0070821; GO:0035577; GO:0005739; GO:0005783; GO:0048471","GO:0005515; GO:0042802; GO:0070063; GO:0008200; GO:0042803"
"P27635","RPL10",-0.87297291197418,0.317631452038847,124,726.253248957083,0.309461727679965,144,9.83,126,166,"weight_sensitive_candidate","RPL10","ribosomal protein L10 [Source:HGNC Symbol;Acc:HGNC:10298]","translation; regulation of translation; cytoplasmic translation; embryonic brain development; negative regulation of transcription by RNA polymerase II; negative regulation of apoptotic process","ribosome; cytoplasm; membrane; endoplasmic reticulum; cytosol; ribonucleoprotein complex; cytosolic large ribosomal subunit; protein-containing complex; nucleus; cytosolic ribosome; smooth endoplasmic reticulum","structural constituent of ribosome; RNA binding; protein binding; translation regulator activity","GO:0006412; GO:0006417; GO:0002181; GO:1990403; GO:0000122; GO:0043066","GO:0005840; GO:0005737; GO:0016020; GO:0005783; GO:0005829; GO:1990904; GO:0022625; GO:0032991; GO:0005634; GO:0022626; GO:0005790","GO:0003735; GO:0003723; GO:0005515; GO:0045182"
"P28065","PSMB9",3.40162492517281,0.000351361028933602,16,586.164073851173,0.349655577697745,96,3.57,91,105,"weight_sensitive_candidate","PSMB9","proteasome 20S subunit beta 9 [Source:HGNC Symbol;Acc:HGNC:9546]","proteolysis involved in protein catabolic process; proteolysis; immune system process; proteasome-mediated ubiquitin-dependent protein catabolic process","proteasome core complex; nucleus; cytoplasm; cytosol; proteasome complex; proteasome core complex, beta-subunit complex; spermatoproteasome complex","threonine-type endopeptidase activity; hydrolase activity; protein binding; peptidase activity; endopeptidase activity","GO:0051603; GO:0006508; GO:0002376; GO:0043161","GO:0005839; GO:0005634; GO:0005737; GO:0005829; GO:0000502; GO:0019774; GO:1990111","GO:0004298; GO:0016787; GO:0005515; GO:0008233; GO:0004175"
"P29279","CCN2",2.44165699157863,0.0343665467721133,18,336.907852691972,0.278152141108098,206,13.79,181,232,"weight_sensitive_candidate","CCN2","cellular communication network factor 2 [Source:HGNC Symbol;Acc:HGNC:2500]","signal transduction; cell adhesion; regulation of developmental process; DNA biosynthetic process; osteoblast differentiation; response to wounding; positive regulation of JNK cascade; positive regulation of cell differentiation; positive regulation of stress fiber assembly; epidermis development; cartilage condensation; ossification; angiogenesis; tissue homeostasis; chondrocyte differentiation; cell-matrix adhesion; integrin-mediated signaling pathway; fibroblast growth factor receptor signaling pathway; negative regulation of gene expression; cell migration; lung development; regulation of chondrocyte differentiation; chondrocyte proliferation; connective tissue development; reactive oxygen species metabolic process","extracellular region; extracellular space; Golgi apparatus; cell periphery; extracellular matrix; plasma membrane","protein binding; heparin binding; integrin binding; insulin-like growth factor binding","GO:0007165; GO:0007155; GO:0050793; GO:0071897; GO:0001649; GO:0009611; GO:0046330; GO:0045597; GO:0051496; GO:0008544; GO:0001502; GO:0001503; GO:0001525; GO:0001894; GO:0002062; GO:0007160; GO:0007229; GO:0008543; GO:0010629; GO:0016477; GO:0030324; GO:0032330; GO:0035988; GO:0061448; GO:0072593","GO:0005576; GO:0005615; GO:0005794; GO:0071944; GO:0031012; GO:0005886","GO:0005515; GO:0008201; GO:0005178; GO:0005520"
"P29317","EPHA2",5.09903353539291,5.5051449029647e-09,22,136.194168008711,0.507703268144772,25,0.66,25,27,"robust_candidate","EPHA2","EPH receptor A2 [Source:HGNC Symbol;Acc:HGNC:3386]","protein phosphorylation; cell surface receptor protein tyrosine kinase signaling pathway; apoptotic process; cell differentiation; cell adhesion; angiogenesis; cell migration; regulation of cell migration; response to stress; regulation of cell adhesion; symbiont entry into host cell; animal organ development; osteoblast differentiation; ephrin receptor signaling pathway; cell motility; osteoclast differentiation; activation of GTPase activity; positive regulation of protein localization to plasma membrane; intrinsic apoptotic signaling pathway in response to DNA damage; epithelial cell differentiation; positive regulation of bicellular tight junction assembly; cell chemotaxis; positive regulation of cell migration; regulation of cell adhesion mediated by integrin; keratinocyte differentiation; bone remodeling; regulation of angiogenesis; response to growth factor; skeletal system development; blood vessel development; vasculogenesis; negative regulation of cytokine production; blood vessel endothelial cell proliferation involved in sprouting angiogenesis; inflammatory response; notochord formation; negative regulation of angiogenesis; neural tube development; central nervous system neuron differentiation; negative regulation of chemokine production; axial mesoderm formation; blood vessel morphogenesis; notochord morphogenesis; defense response to Gram-positive bacterium; notochord cell development; negative regulation of lymphangiogenesis; pericyte cell differentiation; mammary gland epithelial cell proliferation; regulation of blood vessel endothelial cell migration; cAMP metabolic process; branching involved in mammary gland duct morphogenesis; protein localization to plasma membrane","membrane; plasma membrane; cell projection; focal adhesion; lamellipodium membrane; anchoring junction; lamellipodium; leading edge membrane; tight junction; receptor complex","ATP binding; protein binding; protein kinase activity; ephrin receptor activity; protein tyrosine kinase activity; transferase activity; nucleotide binding; kinase activity; transmembrane receptor protein tyrosine kinase activity; virus receptor activity; cadherin binding; molecular function activator activity; growth factor binding","GO:0006468; GO:0007169; GO:0006915; GO:0030154; GO:0007155; GO:0001525; GO:0016477; GO:0030334; GO:0006950; GO:0030155; GO:0046718; GO:0048513; GO:0001649; GO:0048013; GO:0048870; GO:0030316; GO:0090630; GO:1903078; GO:0008630; GO:0030855; GO:1903348; GO:0060326; GO:0030335; GO:0033628; GO:0030216; GO:0046849; GO:0045765; GO:0070848; GO:0001501; GO:0001568; GO:0001570; GO:0001818; GO:0002043; GO:0006954; GO:0014028; GO:0016525; GO:0021915; GO:0021953; GO:0032682; GO:0048320; GO:0048514; GO:0048570; GO:0050830; GO:0060035; GO:1901491; GO:1904238; GO:0033598; GO:0043535; GO:0046058; GO:0060444; GO:0072659","GO:0016020; GO:0005886; GO:0042995; GO:0005925; GO:0031258; GO:0070161; GO:0030027; GO:0031256; GO:0070160; GO:0043235","GO:0005524; GO:0005515; GO:0004672; GO:0005003; GO:0004713; GO:0016740; GO:0000166; GO:0016301; GO:0004714; GO:0001618; GO:0045296; GO:0140677; GO:0019838"
"P29350","PTPN6",-2.23633058767584,0.00226102687417015,18,258.55210458194,0.286750788009906,179,12.74,168,216,"weight_sensitive_candidate","PTPN6","protein tyrosine phosphatase non-receptor type 6 [Source:HGNC Symbol;Acc:HGNC:9658]","protein dephosphorylation; dephosphorylation; negative regulation of cell population proliferation; cell differentiation; positive regulation of angiogenesis; T cell activation; negative regulation of angiogenesis; T cell costimulation; positive regulation of phosphatidylinositol 3-kinase/protein kinase B signal transduction; regulation of type I interferon-mediated signaling pathway; negative regulation of neutrophil activation; negative regulation of inflammatory response to wounding; pattern recognition receptor signaling pathway; negative regulation of innate immune response; positive regulation of cell population proliferation; mitotic cell cycle; cytoplasmic pattern recognition receptor signaling pathway; G protein-coupled receptor signaling pathway; positive regulation of cytokine production involved in inflammatory response; regulation of G1/S transition of mitotic cell cycle; inflammatory response to wounding; MAPK cascade; cytokine-mediated signaling pathway; negative regulation of B cell receptor signaling pathway; peptidyl-tyrosine dephosphorylation; peptidyl-tyrosine phosphorylation; CD27 signaling pathway; negative regulation of lipopolysaccharide-mediated signaling pathway; regulation of apoptotic process; T cell proliferation; T cell receptor signaling pathway; hematopoietic progenitor cell differentiation; negative regulation of humoral immune response mediated by circulating immunoglobulin; platelet formation; positive regulation of cell adhesion mediated by integrin; intracellular signal transduction; megakaryocyte development; negative regulation of T cell proliferation; negative regulation of MAPK cascade; regulation of B cell differentiation; B cell receptor signaling pathway; negative regulation of T cell receptor signaling pathway; regulation of release of sequestered calcium ion into cytosol; negative regulation of mast cell activation involved in immune response; epididymis development","cytoplasm; nucleus; plasma membrane; nucleoplasm; nucleolus; extracellular region; protein-containing complex; cytosol; membrane; specific granule lumen; tertiary granule lumen; cell-cell junction","protein tyrosine phosphatase activity; protein binding; phosphoprotein phosphatase activity; hydrolase activity; transmembrane receptor protein tyrosine phosphatase activity; protein kinase binding; phosphotyrosine residue binding; non-membrane spanning protein tyrosine phosphatase activity; cell adhesion molecule binding","GO:0006470; GO:0016311; GO:0008285; GO:0030154; GO:0045766; GO:0042110; GO:0016525; GO:0031295; GO:0051897; GO:0060338; GO:1902564; GO:0106015; GO:0002221; GO:0045824; GO:0008284; GO:0000278; GO:0002753; GO:0007186; GO:1900017; GO:2000045; GO:0090594; GO:0000165; GO:0019221; GO:0050859; GO:0035335; GO:0018108; GO:0160162; GO:0031665; GO:0042981; GO:0042098; GO:0050852; GO:0002244; GO:0002924; GO:0030220; GO:0033630; GO:0035556; GO:0035855; GO:0042130; GO:0043409; GO:0045577; GO:0050853; GO:0050860; GO:0051279; GO:0033007; GO:1905867","GO:0005737; GO:0005634; GO:0005886; GO:0005654; GO:0005730; GO:0005576; GO:0032991; GO:0005829; GO:0016020; GO:0035580; GO:1904724; GO:0005911","GO:0004725; GO:0005515; GO:0004721; GO:0016787; GO:0005001; GO:0019901; GO:0001784; GO:0004726; GO:0050839"
"P29353","SHC1",-0.865370640403842,0.246829714652203,42,492.233331549466,0.246491082097136,281,11.07,254,290,"weight_sensitive_candidate","SHC1","SHC adaptor protein 1 [Source:HGNC Symbol;Acc:HGNC:10840]","intracellular signal transduction; cellular response to growth factor stimulus; angiogenesis; positive regulation of MAPK cascade; positive regulation of cell population proliferation; insulin receptor signaling pathway; epidermal growth factor receptor signaling pathway; negative regulation of angiogenesis; positive regulation of DNA-templated transcription; negative regulation of DNA-templated transcription; negative regulation of apoptotic process; defense response to bacterium; positive regulation of cell proliferation in bone marrow; regulation of superoxide metabolic process; heart development; actin cytoskeleton organization; regulation of cell population proliferation; cell-cell adhesion; insulin-like growth factor receptor signaling pathway","cytoplasm; plasma membrane; mitochondrion; focal adhesion; anchoring junction; mitochondrial matrix; cytosol","protein binding; phospholipid binding; ephrin receptor binding; insulin receptor binding; phosphotyrosine residue binding; insulin-like growth factor receptor binding; receptor tyrosine kinase binding; neurotrophin TRKA receptor binding; transmembrane receptor protein tyrosine kinase adaptor activity; epidermal growth factor receptor binding; epidermal growth factor binding","GO:0035556; GO:0071363; GO:0001525; GO:0043410; GO:0008284; GO:0008286; GO:0007173; GO:0016525; GO:0045893; GO:0045892; GO:0043066; GO:0042742; GO:0071864; GO:0090322; GO:0007507; GO:0030036; GO:0042127; GO:0098609; GO:0048009","GO:0005737; GO:0005886; GO:0005739; GO:0005925; GO:0070161; GO:0005759; GO:0005829","GO:0005515; GO:0005543; GO:0046875; GO:0005158; GO:0001784; GO:0005159; GO:0030971; GO:0005168; GO:0005068; GO:0005154; GO:0048408"
"P29466","CASP1",-1.29109916654396,0.122578631437956,16,1980.25919001662,0.226641495958457,305,3.11,300,312,"weight_sensitive_candidate","CASP1","caspase 1 [Source:HGNC Symbol;Acc:HGNC:1499]","proteolysis; apoptotic process; regulation of apoptotic process; defense response to bacterium; positive regulation of canonical NF-kappaB signal transduction; negative regulation of transcription by RNA polymerase II; plasma membrane repair; inflammatory response; protein maturation; cellular response to lipopolysaccharide; ceramide biosynthetic process; positive regulation of tumor necrosis factor-mediated signaling pathway; protein catabolic process; positive regulation of inflammatory response; response to lipopolysaccharide; cellular response to type II interferon; defense response to virus; cellular response to mechanical stimulus; regulation of inflammatory response; signal transduction; AIM2 inflammasome complex assembly; pyroptotic cell death; pattern recognition receptor signaling pathway; pyroptotic inflammatory response; interleukin-18-mediated signaling pathway; protein secretion; osmosensory signaling pathway; icosanoid biosynthetic process; signaling receptor ligand precursor processing","cytoplasm; plasma membrane; membrane; cytosol; protein-containing complex; NLRP3 inflammasome complex; NLRP1 inflammasome complex; nucleolus; AIM2 inflammasome complex; microtubule; canonical inflammasome complex; IPAF inflammasome complex; protease inhibitor complex","cysteine-type peptidase activity; cysteine-type endopeptidase activity; hydrolase activity; enzyme binding; protein binding; peptidase activity; identical protein binding; kinase binding; CARD domain binding; cytokine binding; endopeptidase activity","GO:0006508; GO:0006915; GO:0042981; GO:0042742; GO:0043123; GO:0000122; GO:0001778; GO:0006954; GO:0051604; GO:0071222; GO:0046513; GO:1903265; GO:0030163; GO:0050729; GO:0032496; GO:0071346; GO:0051607; GO:0071260; GO:0050727; GO:0007165; GO:0140970; GO:0141201; GO:0002221; GO:0070269; GO:0035655; GO:0009306; GO:0007231; GO:0046456; GO:0140448","GO:0005737; GO:0005886; GO:0016020; GO:0005829; GO:0032991; GO:0072559; GO:0072558; GO:0005730; GO:0097169; GO:0005874; GO:0061702; GO:0072557; GO:0097179","GO:0008234; GO:0004197; GO:0016787; GO:0019899; GO:0005515; GO:0008233; GO:0042802; GO:0019900; GO:0050700; GO:0019955; GO:0004175"
"P29508","SERPINB3",-7.69241842101399,2.53852274370279e-12,2,0,0.493030972290779,29,4.29,24,40,"weight_sensitive_candidate","SERPINB3","serpin family B member 3 [Source:HGNC Symbol;Acc:HGNC:10569]","positive regulation of cell migration; symbiont entry into host cell; positive regulation of cell population proliferation; positive regulation of epithelial to mesenchymal transition; negative regulation of catalytic activity; negative regulation of peptidase activity; negative regulation of endopeptidase activity; negative regulation of proteolysis; negative regulation of JUN kinase activity; positive regulation of endopeptidase activity; autocrine signaling","extracellular space; nucleus; cytoplasm; plasma membrane; cytosol; cytoplasmic vesicle; vesicle; extracellular region; azurophil granule lumen","serine-type endopeptidase inhibitor activity; peptidase inhibitor activity; protein binding; virus receptor activity; protease binding; endopeptidase inhibitor activity; cysteine-type endopeptidase inhibitor activity","GO:0030335; GO:0046718; GO:0008284; GO:0010718; GO:0043086; GO:0010466; GO:0010951; GO:0045861; GO:0043508; GO:0010950; GO:0035425","GO:0005615; GO:0005634; GO:0005737; GO:0005886; GO:0005829; GO:0031410; GO:0031982; GO:0005576; GO:0035578","GO:0004867; GO:0030414; GO:0005515; GO:0001618; GO:0002020; GO:0004866; GO:0004869"
"P30048","PRDX3",1.34342059261564,0.0605797162386593,2,0,0.076953254244185,440,0.67,438,441,"robust_candidate","PRDX3","peroxiredoxin 3 [Source:HGNC Symbol;Acc:HGNC:9354]","negative regulation of apoptotic process; cellular oxidant detoxification; positive regulation of cell population proliferation; response to oxidative stress; mitochondrion organization; maternal placenta development; myeloid cell differentiation; response to lipopolysaccharide; hydrogen peroxide catabolic process; positive regulation of NF-kappaB transcription factor activity; cellular response to reactive oxygen species; cellular response to oxidative stress; regulation of mitochondrial membrane potential; negative regulation of kinase activity","cytoplasm; cytosol; nucleoplasm; endosome; mitochondrion; plasma membrane; early endosome; protein-containing complex; mitochondrial matrix","oxidoreductase activity; antioxidant activity; peroxiredoxin activity; protein binding; identical protein binding; peroxidase activity; thioredoxin-dependent peroxiredoxin activity; cysteine-type endopeptidase inhibitor activity involved in apoptotic process; protein kinase binding; thioredoxin peroxidase activity","GO:0043066; GO:0098869; GO:0008284; GO:0006979; GO:0007005; GO:0001893; GO:0030099; GO:0032496; GO:0042744; GO:0051092; GO:0034614; GO:0034599; GO:0051881; GO:0033673","GO:0005737; GO:0005829; GO:0005654; GO:0005768; GO:0005739; GO:0005886; GO:0005769; GO:0032991; GO:0005759","GO:0016491; GO:0016209; GO:0051920; GO:0005515; GO:0042802; GO:0004601; GO:0140824; GO:0043027; GO:0019901; GO:0008379"
"P30050","RPL12",-0.515391039729806,0.548343398731212,122,20.9716918557494,0.263074267860949,246,14.41,220,284,"weight_sensitive_candidate","RPL12","ribosomal protein L12 [Source:HGNC Symbol;Acc:HGNC:10302]","translation; cytoplasmic translation","ribosome; cytoplasm; membrane; focal adhesion; ribonucleoprotein complex; cytosolic large ribosomal subunit; cytosol; cytosolic ribosome; postsynaptic density","structural constituent of ribosome; RNA binding; protein binding; large ribosomal subunit rRNA binding","GO:0006412; GO:0002181","GO:0005840; GO:0005737; GO:0016020; GO:0005925; GO:1990904; GO:0022625; GO:0005829; GO:0022626; GO:0014069","GO:0003735; GO:0003723; GO:0005515; GO:0070180"
"P30153","PPP2R1A",-0.484312740056886,0.592387664668662,22,737.071487993996,0.190872435191431,350,5.55,338,357,"weight_sensitive_candidate","PPP2R1A","protein phosphatase 2 scaffold subunit Aalpha [Source:HGNC Symbol;Acc:HGNC:9302]","regulation of cell differentiation; intracellular signal transduction; chromosome segregation; meiotic sister chromatid cohesion, centromeric; negative regulation of hippo signaling; transcription by RNA polymerase II; regulation of growth; protein-containing complex assembly; female meiotic nuclear division; meiotic spindle elongation; mitotic sister chromatid separation; regulation of meiotic cell cycle process involved in oocyte maturation; positive regulation of extrinsic apoptotic signaling pathway in absence of ligand; T cell homeostasis; negative regulation of phosphatidylinositol 3-kinase/protein kinase B signal transduction; transcription elongation by RNA polymerase II; spindle assembly","nucleus; cytoplasm; plasma membrane; membrane; cell projection; mitochondrion; cytosol; chromosome; dendrite; FAR/SIN/STRIPAK complex; chromosome, centromeric region; neuron projection; microtubule cytoskeleton; neuronal cell body; chromatin; synapse; glutamatergic synapse","protein binding; protein heterodimerization activity; protein phosphatase regulator activity; protein serine/threonine phosphatase activity; protein antigen binding","GO:0045595; GO:0035556; GO:0007059; GO:0051754; GO:0035331; GO:0006366; GO:0040008; GO:0065003; GO:0007143; GO:0051232; GO:0051306; GO:1903538; GO:2001241; GO:0043029; GO:0051898; GO:0006368; GO:0051225","GO:0005634; GO:0005737; GO:0005886; GO:0016020; GO:0042995; GO:0005739; GO:0005829; GO:0005694; GO:0030425; GO:0090443; GO:0000775; GO:0043005; GO:0015630; GO:0043025; GO:0000785; GO:0045202; GO:0098978","GO:0005515; GO:0046982; GO:0019888; GO:0004722; GO:1990405"
"P31151","S100A7",-2.78488763833423,0.00035651316370763,8,475.70985049158,0.284888188662666,186,19.59,156,235,"weight_sensitive_candidate","S100A7","S100 calcium binding protein A7 [Source:HGNC Symbol;Acc:HGNC:10497]","angiogenesis; response to lipopolysaccharide; antimicrobial humoral immune response mediated by antimicrobial peptide; keratinocyte differentiation; epidermis development; positive regulation of monocyte chemotaxis; endothelial cell migration; response to reactive oxygen species; positive regulation of granulocyte chemotaxis","nucleus; cytoplasm; extracellular region; extracellular space; cytosol; focal adhesion; endoplasmic reticulum; extracellular matrix; azurophil granule lumen","calcium ion binding; transition metal ion binding; metal ion binding; protein binding; zinc ion binding; calcium-dependent protein binding; RAGE receptor binding","GO:0001525; GO:0032496; GO:0061844; GO:0030216; GO:0008544; GO:0090026; GO:0043542; GO:0000302; GO:0071624","GO:0005634; GO:0005737; GO:0005576; GO:0005615; GO:0005829; GO:0005925; GO:0005783; GO:0031012; GO:0035578","GO:0005509; GO:0046914; GO:0046872; GO:0005515; GO:0008270; GO:0048306; GO:0050786"
"P31943","HNRNPH1",-0.646465195749919,0.444861781661114,56,97.9194053758636,0.237117034235762,295,10.63,267,317,"weight_sensitive_candidate","HNRNPH1","heterogeneous nuclear ribonucleoprotein H1 [Source:HGNC Symbol;Acc:HGNC:5041]","mRNA splicing, via spliceosome; RNA splicing; mRNA processing; regulation of RNA splicing; RNA processing","nucleus; spliceosomal complex; membrane; cytosol; nucleoplasm; ribonucleoprotein complex; catalytic step 2 spliceosome","RNA binding; nucleic acid binding; protein binding; identical protein binding; poly(U) RNA binding","GO:0000398; GO:0008380; GO:0006397; GO:0043484; GO:0006396","GO:0005634; GO:0005681; GO:0016020; GO:0005829; GO:0005654; GO:1990904; GO:0071013","GO:0003723; GO:0003676; GO:0005515; GO:0042802; GO:0008266"
"P31944","CASP14",-4.78581036273455,8.75775621396236e-08,6,466,0.415175577666501,58,2.84,55,67,"weight_sensitive_candidate","CASP14","caspase 14 [Source:HGNC Symbol;Acc:HGNC:1502]","proteolysis; cell differentiation; keratinization; epidermis development; positive regulation of neuron apoptotic process","nucleus; cytoplasm; cytosol; nucleoplasm; mitochondrion; cornified envelope; keratin filament","cysteine-type peptidase activity; cysteine-type endopeptidase activity; hydrolase activity; protein binding; peptidase activity","GO:0006508; GO:0030154; GO:0031424; GO:0008544; GO:0043525","GO:0005634; GO:0005737; GO:0005829; GO:0005654; GO:0005739; GO:0001533; GO:0045095","GO:0008234; GO:0004197; GO:0016787; GO:0005515; GO:0008233"
"P31949","S100A11",-1.86370859980168,0.0079364506200622,2,0,0.113722558048331,420,2.12,413,423,"weight_sensitive_candidate","S100A11","S100 calcium binding protein A11 [Source:HGNC Symbol;Acc:HGNC:10488]","regulation of cell population proliferation; signal transduction; cell-cell adhesion; negative regulation of cell population proliferation; negative regulation of DNA replication; positive regulation of smooth muscle cell migration","nucleus; cytoplasm; extracellular space; extracellular region; ruffle; adherens junction; secretory granule lumen","calcium ion binding; calcium-dependent protein binding; metal ion binding; protein binding; protein homodimerization activity; S100 protein binding","GO:0042127; GO:0007165; GO:0098609; GO:0008285; GO:0008156; GO:0014911","GO:0005634; GO:0005737; GO:0005615; GO:0005576; GO:0001726; GO:0005912; GO:0034774","GO:0005509; GO:0048306; GO:0046872; GO:0005515; GO:0042803; GO:0044548"
"P32004","L1CAM",2.7251934175751,0.000184388607168884,16,994.441735096466,0.329216858700102,122,4.31,114,134,"weight_sensitive_candidate","L1CAM","L1 cell adhesion molecule [Source:HGNC Symbol;Acc:HGNC:6470]","nervous system development; cell differentiation; cell adhesion; cell migration; synapse organization; neuron projection development; cell-matrix adhesion; positive regulation of axon extension; axon guidance; axon development; homophilic cell adhesion via plasma membrane adhesion molecules; chemotaxis","plasma membrane; membrane; cell projection; focal adhesion; dendrite; axon; growth cone; neuronal cell body; axonal growth cone; extracellular matrix","protein binding; protein domain specific binding; axon guidance receptor activity","GO:0007399; GO:0030154; GO:0007155; GO:0016477; GO:0050808; GO:0031175; GO:0007160; GO:0045773; GO:0007411; GO:0061564; GO:0007156; GO:0006935","GO:0005886; GO:0016020; GO:0042995; GO:0005925; GO:0030425; GO:0030424; GO:0030426; GO:0043025; GO:0044295; GO:0031012","GO:0005515; GO:0019904; GO:0008046"
"P32455","GBP1",1.48543413317763,0.0405121156214416,6,12.444993529801,0.154247204276175,383,1.39,382,387,"robust_candidate","GBP1","guanylate binding protein 1 [Source:HGNC Symbol;Acc:HGNC:4182]","defense response to virus; immune system process; innate immune response; defense response to bacterium; protein maturation; negative regulation of T cell receptor signaling pathway; cellular response to type II interferon; cellular response to interleukin-1; cellular response to tumor necrosis factor; negative regulation of substrate adhesion-dependent cell spreading; non-canonical inflammasome complex assembly; regulation of protein localization to plasma membrane; negative regulation of protein localization to plasma membrane; defense response to protozoan; cytolysis in another organism; regulation of calcium-mediated signaling; protein localization to vacuole","cytoplasm; extracellular region; plasma membrane; membrane; Golgi apparatus; cytosol; cytoplasmic vesicle; actin cytoskeleton; cytoplasmic vesicle membrane; vesicle membrane","GTPase activity; GTP binding; hydrolase activity; enzyme binding; nucleotide binding; actin binding; protein binding; protein homodimerization activity; identical protein binding; Hsp90 protein binding; cytokine binding; G protein activity; GDP phosphatase activity; lipopolysaccharide binding; GDP binding; spectrin binding","GO:0051607; GO:0002376; GO:0045087; GO:0042742; GO:0051604; GO:0050860; GO:0071346; GO:0071347; GO:0071356; GO:1900025; GO:0160075; GO:1903076; GO:1903077; GO:0042832; GO:0051715; GO:0050848; GO:0072665","GO:0005737; GO:0005576; GO:0005886; GO:0016020; GO:0005794; GO:0005829; GO:0031410; GO:0015629; GO:0030659; GO:0012506","GO:0003924; GO:0005525; GO:0016787; GO:0019899; GO:0000166; GO:0003779; GO:0005515; GO:0042803; GO:0042802; GO:0051879; GO:0019955; GO:0003925; GO:0004382; GO:0001530; GO:0019003; GO:0030507"
"P32969","RPL9",-0.682090017913076,0.40963258939972,122,20.9716918557494,0.272294811728045,224,12.8,208,263,"weight_sensitive_candidate","RPL9","ribosomal protein L9 [Source:HGNC Symbol;Acc:HGNC:10369]","translation; cytoplasmic translation","ribosome; nucleus; cytoplasm; membrane; focal adhesion; ribonucleoprotein complex; cytosolic large ribosomal subunit; cytosol; cytosolic ribosome","structural constituent of ribosome; rRNA binding; protein binding; RNA binding","GO:0006412; GO:0002181","GO:0005840; GO:0005634; GO:0005737; GO:0016020; GO:0005925; GO:1990904; GO:0022625; GO:0005829; GO:0022626","GO:0003735; GO:0019843; GO:0005515; GO:0003723"
"P33778","H2BC3",3.4841504591376,1.3362840575995e-05,44,113.698816216332,0.420352185988652,57,0.98,54,57,"robust_candidate","H2BC3","H2B clustered histone 3 [Source:HGNC Symbol;Acc:HGNC:4751]","nucleosome assembly","nucleosome; chromosome, telomeric region; nucleus; cytosol; nucleoplasm; chromosome","DNA binding; structural constituent of chromatin; protein heterodimerization activity; protein binding","GO:0006334","GO:0000786; GO:0000781; GO:0005634; GO:0005829; GO:0005654; GO:0005694","GO:0003677; GO:0030527; GO:0046982; GO:0005515"
"P35222","CTNNB1",-0.918167206420808,0.217332074067202,84,14338.8008363549,0.314224163759924,140,8.34,119,151,"weight_sensitive_candidate","CTNNB1","catenin beta 1 [Source:HGNC Symbol;Acc:HGNC:2514]","cell adhesion; nervous system development; negative regulation of cell population proliferation; Wnt signaling pathway; positive regulation of apoptotic process; positive regulation of DNA-templated transcription; positive regulation of transcription by RNA polymerase II; negative regulation of DNA-templated transcription; protein polyubiquitination; response to xenobiotic stimulus; proteasome-mediated ubiquitin-dependent protein catabolic process; positive regulation of angiogenesis; detection of mechanical stimulus; cellular response to indole-3-methanol; regulation of epithelial to mesenchymal transition; canonical Wnt signaling pathway; positive regulation of cell population proliferation; negative regulation of apoptotic process; cell-cell adhesion; positive regulation of homotypic cell-cell adhesion; positive regulation of cell differentiation; response to estradiol; outflow tract morphogenesis; midbrain dopaminergic neuron differentiation; negative regulation of angiogenesis; adherens junction assembly; detection of muscle stretch; positive regulation of epithelial to mesenchymal transition; cellular response to growth factor stimulus; regulation of angiogenesis; stem cell population maintenance; hair cell differentiation; epidermal growth factor receptor signaling pathway; regulation of calcium ion import; regulation of protein localization to cell surface; regulation of neurogenesis; positive regulation of blood vessel branching; cell-cell adhesion mediated by cadherin; epithelial to mesenchymal transition; protein localization to cell surface; mesenchymal to epithelial transition; negative regulation of protein sumoylation; regulation of nephron tubule epithelial cell differentiation; osteoblast differentiation; positive regulation of neuroblast proliferation; regulation of centriole-centriole cohesion; regulation of protein ubiquitination; positive regulation of neuron apoptotic process; negative regulation of mitotic cell cycle, embryonic; regulation of fibroblast proliferation; regulation of smooth muscle cell proliferation; endothelial tube morphogenesis; sympathetic ganglion development; regulation of centromeric sister chromatid cohesion; mesenchymal stem cell differentiation; neuron projection extension; MAPK cascade; chondrocyte differentiation; DNA-templated transcription; transcription by RNA polymerase II; canonical NF-kappaB signal transduction; neuroblast proliferation; cell population proliferation; fibroblast growth factor receptor signaling pathway; mesenchymal cell proliferation; cell differentiation; osteoclast differentiation; oligodendrocyte differentiation; myoblast proliferation; epithelial tube branching involved in lung morphogenesis; lung epithelial cell differentiation; epithelial cell proliferation involved in prostate gland development; stem cell proliferation; apoptotic signaling pathway; negative regulation of transcription by RNA polymerase II; embryonic axis specification; cell morphogenesis; skeletal system development; angiogenesis; branching involved in blood vessel morphogenesis; vasculogenesis; branching involved in ureteric bud morphogenesis; in utero embryonic development; gastrulation with mouth forming second; endoderm formation; cell fate specification; endodermal cell fate commitment; neuron migration; kidney development; neural plate development; tissue homeostasis; vasculature development; positive regulation of mesenchymal cell proliferation; epithelial cell development; lens morphogenesis in camera-type eye; regulation of secondary heart field cardioblast proliferation; metanephros morphogenesis; negative regulation of mesenchymal to epithelial transition involved in metanephros morphogenesis; regulation of transcription by RNA polymerase II; cell-matrix adhesion; chemical synaptic transmission; ectoderm development; glial cell fate determination; heart development; protein localization; anterior/posterior axis specification; dorsal/ventral axis specification; dorsal/ventral pattern formation; proximal/distal pattern formation; gene expression; regulation of gene expression; positive regulation of gene expression; morphogenesis of embryonic epithelium; cytokine-mediated signaling pathway; layer formation in cerebral cortex; central nervous system vasculogenesis; hair cycle process; hemopoiesis; T cell differentiation; lung development; male genitalia development; epithelial cell differentiation; regulation of epithelial cell differentiation; positive regulation of epithelial cell differentiation; forebrain development; pancreas development; hair follicle morphogenesis; regulation of myelination; negative regulation of chondrocyte differentiation; T cell differentiation in thymus; adherens junction organization; embryonic heart tube development; genitalia morphogenesis; embryonic forelimb morphogenesis; embryonic hindlimb morphogenesis; regulation of cell population proliferation; regulation of T cell proliferation; odontogenesis of dentin-containing tooth; embryonic digit morphogenesis; regulation of apoptotic process; positive regulation of canonical NF-kappaB signal transduction; positive regulation of MAPK cascade; negative regulation of neuron apoptotic process; skin development; regulation of cell differentiation; negative regulation of cell differentiation; positive regulation of endothelial cell differentiation; regulation of osteoclast differentiation; negative regulation of osteoclast differentiation; positive regulation of fibroblast growth factor receptor signaling pathway; cell maturation; synaptic vesicle transport; animal organ development; thymus development; oocyte development; embryonic foregut morphogenesis; neuron fate determination; negative regulation of oligodendrocyte differentiation; synapse organization; smooth muscle cell differentiation; oviduct development; limb development; trachea morphogenesis; trachea formation; lung cell differentiation; lung-associated mesenchyme development; lung induction; epithelial cell differentiation involved in prostate gland development; positive regulation of epithelial cell proliferation involved in prostate gland development; hair follicle placode formation; establishment of blood-brain barrier; mesenchymal cell proliferation involved in lung development; positive regulation of branching involved in lung morphogenesis; fungiform papilla formation; renal vesicle formation; renal inner medulla development; renal outer medulla development; nephron tubule formation; acinar cell differentiation; establishment of blood-retinal barrier; positive regulation of determination of dorsal identity; positive regulation of myoblast proliferation; positive regulation of stem cell proliferation; negative regulation of apoptotic signaling pathway; negative regulation of gene expression; hypothalamus development; neuron differentiation; midbrain development; hindbrain development; positive regulation of transcription elongation by RNA polymerase II; canonical Wnt signaling pathway involved in mesenchymal stem cell differentiation; embryonic organ development; positive regulation of skeletal muscle tissue development; negative regulation of neurogenesis; regulation of timing of anagen; regulation of synapse assembly; cranial ganglion development; negative regulation of canonical Wnt signaling pathway; synaptic vesicle clustering; positive regulation of odontoblast differentiation; negative regulation of oxidative stress-induced neuron intrinsic apoptotic signaling pathway; cranial skeletal system development; embryonic brain development; dorsal root ganglion development; positive regulation of neural precursor cell proliferation","cytoplasm; nucleus; plasma membrane; membrane; cell projection; synapse; cytosol; cytoskeleton; focal adhesion; anchoring junction; ciliary basal body; cilium; perinuclear region of cytoplasm; centrosome; cell junction; adherens junction; spindle pole; catenin-TCF7L2 complex; nucleoplasm; protein-containing complex; transcription regulator complex; beta-catenin-TCF complex; cell-cell junction; cell periphery; beta-catenin destruction complex; cell cortex; Wnt signalosome; euchromatin; protein-DNA complex; presynaptic membrane; postsynaptic membrane; glutamatergic synapse; fascia adherens; bicellular tight junction; intercalated disc; Z disc; lamellipodium; cell projection membrane; microvillus membrane; apical junction complex; apical part of cell; Scrib-APC-beta-catenin complex; RNA polymerase II transcription regulator complex; beta-catenin-ICAT complex","protein binding; cadherin binding; transcription corepressor binding; transcription coactivator activity; RNA polymerase II-specific DNA-binding transcription factor binding; transmembrane transporter binding; signaling receptor binding; nuclear receptor binding; enzyme binding; SMAD binding; DNA-binding transcription factor binding; histone methyltransferase binding; kinase binding; phosphatase binding; ubiquitin protein ligase binding; protein phosphatase binding; alpha-catenin binding; transcription coregulator binding; chromatin binding; nuclear estrogen receptor binding; protein kinase binding; disordered domain specific binding","GO:0007155; GO:0007399; GO:0008285; GO:0016055; GO:0043065; GO:0045893; GO:0045944; GO:0045892; GO:0000209; GO:0009410; GO:0043161; GO:0045766; GO:0050982; GO:0071681; GO:0010717; GO:0060070; GO:0008284; GO:0043066; GO:0098609; GO:0034112; GO:0045597; GO:0032355; GO:0003151; GO:1904948; GO:0016525; GO:0034333; GO:0035995; GO:0010718; GO:0071363; GO:0045765; GO:0019827; GO:0035315; GO:0007173; GO:0090279; GO:2000008; GO:0050767; GO:1905555; GO:0044331; GO:0001837; GO:0034394; GO:0060231; GO:0033234; GO:0072182; GO:0001649; GO:0002052; GO:0030997; GO:0031396; GO:0043525; GO:0045976; GO:0048145; GO:0048660; GO:0061154; GO:0061549; GO:0070602; GO:0072497; GO:1990138; GO:0000165; GO:0002062; GO:0006351; GO:0006366; GO:0007249; GO:0007405; GO:0008283; GO:0008543; GO:0010463; GO:0030154; GO:0030316; GO:0048709; GO:0051450; GO:0060441; GO:0060487; GO:0060767; GO:0072089; GO:0097190; GO:0000122; GO:0000578; GO:0000902; GO:0001501; GO:0001525; GO:0001569; GO:0001570; GO:0001658; GO:0001701; GO:0001702; GO:0001706; GO:0001708; GO:0001711; GO:0001764; GO:0001822; GO:0001840; GO:0001894; GO:0001944; GO:0002053; GO:0002064; GO:0002089; GO:0003266; GO:0003338; GO:0003340; GO:0006357; GO:0007160; GO:0007268; GO:0007398; GO:0007403; GO:0007507; GO:0008104; GO:0009948; GO:0009950; GO:0009953; GO:0009954; GO:0010467; GO:0010468; GO:0010628; GO:0016331; GO:0019221; GO:0021819; GO:0022009; GO:0022405; GO:0030097; GO:0030217; GO:0030324; GO:0030539; GO:0030855; GO:0030856; GO:0030858; GO:0030900; GO:0031016; GO:0031069; GO:0031641; GO:0032331; GO:0033077; GO:0034332; GO:0035050; GO:0035112; GO:0035115; GO:0035116; GO:0042127; GO:0042129; GO:0042475; GO:0042733; GO:0042981; GO:0043123; GO:0043410; GO:0043524; GO:0043588; GO:0045595; GO:0045596; GO:0045603; GO:0045670; GO:0045671; GO:0045743; GO:0048469; GO:0048489; GO:0048513; GO:0048538; GO:0048599; GO:0048617; GO:0048664; GO:0048715; GO:0050808; GO:0051145; GO:0060066; GO:0060173; GO:0060439; GO:0060440; GO:0060479; GO:0060484; GO:0060492; GO:0060742; GO:0060769; GO:0060789; GO:0060856; GO:0060916; GO:0061047; GO:0061198; GO:0072033; GO:0072053; GO:0072054; GO:0072079; GO:0090425; GO:1990963; GO:2000017; GO:2000288; GO:2000648; GO:2001234; GO:0010629; GO:0021854; GO:0030182; GO:0030901; GO:0030902; GO:0032968; GO:0044338; GO:0048568; GO:0048643; GO:0050768; GO:0051884; GO:0051963; GO:0061550; GO:0090090; GO:0097091; GO:1901331; GO:1903377; GO:1904888; GO:1990403; GO:1990791; GO:2000179","GO:0005737; GO:0005634; GO:0005886; GO:0016020; GO:0042995; GO:0045202; GO:0005829; GO:0005856; GO:0005925; GO:0070161; GO:0036064; GO:0005929; GO:0048471; GO:0005813; GO:0030054; GO:0005912; GO:0000922; GO:0071664; GO:0005654; GO:0032991; GO:0005667; GO:1990907; GO:0005911; GO:0071944; GO:0030877; GO:0005938; GO:1990909; GO:0000791; GO:0032993; GO:0042734; GO:0045211; GO:0098978; GO:0005916; GO:0005923; GO:0014704; GO:0030018; GO:0030027; GO:0031253; GO:0031528; GO:0043296; GO:0045177; GO:0034750; GO:0090575; GO:1990711","GO:0005515; GO:0045296; GO:0001222; GO:0003713; GO:0061629; GO:0044325; GO:0005102; GO:0016922; GO:0019899; GO:0046332; GO:0140297; GO:1990226; GO:0019900; GO:0019902; GO:0031625; GO:0019903; GO:0045294; GO:0001221; GO:0003682; GO:0030331; GO:0019901; GO:0097718"
"P35240","NF2",-2.85114163804032,0.000124629209301784,8,0,0.24896130607018,275,13.43,233,289,"weight_sensitive_candidate","NF2","NF2, moesin-ezrin-radixin like (MERLIN) tumor suppressor [Source:HGNC Symbol;Acc:HGNC:7773]","negative regulation of cell population proliferation; regulation of cell cycle; cell differentiation; regulation of apoptotic process; regulation of cell shape; negative regulation of receptor signaling pathway via JAK-STAT; regulation of organelle assembly; positive regulation of protein localization to early endosome; positive regulation of early endosome to late endosome transport; actin cytoskeleton organization; negative regulation of cell-matrix adhesion; Schwann cell proliferation; regulation of gliogenesis; negative regulation of cell-cell adhesion; negative regulation of cell migration; regulation of hippo signaling; positive regulation of stress fiber assembly; MAPK cascade; osteoblast proliferation; mesoderm formation; ectoderm development; brain development; negative regulation of Schwann cell proliferation; hippocampus development; regulation of protein stability; negative regulation of osteoblast proliferation; regulation of cell population proliferation; odontogenesis of dentin-containing tooth; negative regulation of MAPK cascade; cell-cell junction organization; positive regulation of cell differentiation; regulation of neurogenesis; regulation of stem cell proliferation; regulation of protein localization to nucleus; regulation of neural precursor cell proliferation","cytoskeleton; nucleus; cytoplasm; plasma membrane; membrane; cell projection; cytosol; filopodium membrane; perinuclear region of cytoplasm; adherens junction; early endosome; filopodium; apical part of cell; nucleolus; ruffle; lamellipodium; cortical actin cytoskeleton; neuron projection; cell body","cytoskeletal protein binding; actin binding; protein binding; integrin binding","GO:0008285; GO:0051726; GO:0030154; GO:0042981; GO:0008360; GO:0046426; GO:1902115; GO:1902966; GO:2000643; GO:0030036; GO:0001953; GO:0014010; GO:0014013; GO:0022408; GO:0030336; GO:0035330; GO:0051496; GO:0000165; GO:0033687; GO:0001707; GO:0007398; GO:0007420; GO:0010626; GO:0021766; GO:0031647; GO:0033689; GO:0042127; GO:0042475; GO:0043409; GO:0045216; GO:0045597; GO:0050767; GO:0072091; GO:1900180; GO:2000177","GO:0005856; GO:0005634; GO:0005737; GO:0005886; GO:0016020; GO:0042995; GO:0005829; GO:0031527; GO:0048471; GO:0005912; GO:0005769; GO:0030175; GO:0045177; GO:0005730; GO:0001726; GO:0030027; GO:0030864; GO:0043005; GO:0044297","GO:0008092; GO:0003779; GO:0005515; GO:0005178"
"P35268","RPL22",-0.95840307164023,0.191894626889333,118,4.57185805077529,0.277339769253813,210,10.91,192,243,"weight_sensitive_candidate","RPL22","ribosomal protein L22 [Source:HGNC Symbol;Acc:HGNC:10315]","translation; cytoplasmic translation; alpha-beta T cell differentiation","ribosome; nucleus; cytoplasm; focal adhesion; ribonucleoprotein complex; cytosolic large ribosomal subunit; cytosol; cytosolic ribosome; synapse; presynapse; glutamatergic synapse","structural constituent of ribosome; RNA binding; protein binding; heparin binding; identical protein binding","GO:0006412; GO:0002181; GO:0046632","GO:0005840; GO:0005634; GO:0005737; GO:0005925; GO:1990904; GO:0022625; GO:0005829; GO:0022626; GO:0045202; GO:0098793; GO:0098978","GO:0003735; GO:0003723; GO:0005515; GO:0008201; GO:0042802"
"P35321","SPRR1A",-7.17262390784281,4.15906294154556e-11,10,0.5,0.54871096838061,17,1.18,16,20,"robust_candidate","SPRR1A","small proline rich protein 1A [Source:HGNC Symbol;Acc:HGNC:11259]","keratinization; keratinocyte differentiation; epidermis development","cytoplasm; cornified envelope; cytosol","protein binding; structural molecule activity; structural constituent of skin epidermis","GO:0031424; GO:0030216; GO:0008544","GO:0005737; GO:0001533; GO:0005829","GO:0005515; GO:0005198; GO:0030280"
"P35573","AGL",-1.50823619408303,0.0570326167674089,6,4.44612068965517,0.146011550939614,396,2.71,389,398,"weight_sensitive_candidate","AGL","amylo-alpha-1,6-glucosidase and 4-alpha-glucanotransferase [Source:HGNC Symbol;Acc:HGNC:321]","carbohydrate metabolic process; glycogen biosynthetic process; glycogen catabolic process; glycogen metabolic process; response to nutrient; response to hormone; response to glucocorticoid","cytoplasm; extracellular region; cytosol; nucleus; inclusion body; secretory granule lumen; ficolin-1-rich granule lumen; isoamylase complex","4-alpha-glucanotransferase activity; amylo-alpha-1,6-glucosidase activity; hydrolase activity; transferase activity; catalytic activity; hydrolase activity, acting on glycosyl bonds; glycosyltransferase activity; protein binding; carbohydrate binding; polysaccharide binding; polyubiquitin modification-dependent protein binding","GO:0005975; GO:0005978; GO:0005980; GO:0005977; GO:0007584; GO:0009725; GO:0051384","GO:0005737; GO:0005576; GO:0005829; GO:0005634; GO:0016234; GO:0034774; GO:1904813; GO:0043033","GO:0004134; GO:0004135; GO:0016787; GO:0016740; GO:0003824; GO:0016798; GO:0016757; GO:0005515; GO:0030246; GO:0030247; GO:0031593"
"P35637","FUS",1.48747542151044,0.0483009014950721,46,1245.9078490129,0.296850871267473,166,2.25,163,172,"weight_sensitive_candidate","FUS","FUS RNA binding protein [Source:HGNC Symbol;Acc:HGNC:4010]","regulation of DNA-templated transcription; RNA splicing; positive regulation of DNA-templated transcription; regulation of RNA splicing; positive regulation of double-strand break repair via homologous recombination; regulation of transcription by RNA polymerase II; protein homooligomerization; amyloid fibril formation; membraneless organelle assembly; gene expression; mRNA stabilization","nucleus; nucleoplasm; glutamatergic synapse; cytoplasm","RNA binding; nucleic acid binding; metal ion binding; DNA binding; protein binding; zinc ion binding; identical protein binding; chromatin binding; transcription coregulator activity; molecular condensate scaffold activity; transcription coactivator activity; mRNA 3'-UTR binding","GO:0006355; GO:0008380; GO:0045893; GO:0043484; GO:1905168; GO:0006357; GO:0051260; GO:1990000; GO:0140694; GO:0010467; GO:0048255","GO:0005634; GO:0005654; GO:0098978; GO:0005737","GO:0003723; GO:0003676; GO:0046872; GO:0003677; GO:0005515; GO:0008270; GO:0042802; GO:0003682; GO:0003712; GO:0140693; GO:0003713; GO:0003730"
"P36543","ATP6V1E1",-2.24153907864587,0.00105441735320826,20,27.8497296604155,0.281700587628461,195,13.89,179,222,"weight_sensitive_candidate","ATP6V1E1","ATPase H+ transporting V1 subunit E1 [Source:HGNC Symbol;Acc:HGNC:857]","proton transmembrane transport; monoatomic ion transport; regulation of macroautophagy; synaptic vesicle lumen acidification","proton-transporting two-sector ATPase complex, catalytic domain; plasma membrane; membrane; synapse; endosome; cytosol; cytoplasmic vesicle; clathrin-coated vesicle membrane; synaptic vesicle membrane; lysosomal membrane; presynapse; vacuolar proton-transporting V-type ATPase, V1 domain; proton-transporting two-sector ATPase complex; cytoplasm; microvillus","proton-transporting ATPase activity, rotational mechanism; protein binding; ATPase binding","GO:1902600; GO:0006811; GO:0016241; GO:0097401","GO:0033178; GO:0005886; GO:0016020; GO:0045202; GO:0005768; GO:0005829; GO:0031410; GO:0030665; GO:0030672; GO:0005765; GO:0098793; GO:0000221; GO:0016469; GO:0005737; GO:0005902","GO:0046961; GO:0005515; GO:0051117"
"P36578","RPL4",-0.795859124000025,0.337507442100344,126,72.4149822696101,0.289442133646797,175,8.98,156,203,"weight_sensitive_candidate","RPL4","ribosomal protein L4 [Source:HGNC Symbol;Acc:HGNC:10353]","translation; cytoplasmic translation","ribosome; nucleus; cytoplasm; membrane; endoplasmic reticulum; cytosol; focal adhesion; nuclear body; nucleolus; rough endoplasmic reticulum; ribonucleoprotein complex; cytosolic large ribosomal subunit; cytosolic ribosome","structural constituent of ribosome; RNA binding; protein binding","GO:0006412; GO:0002181","GO:0005840; GO:0005634; GO:0005737; GO:0016020; GO:0005783; GO:0005829; GO:0005925; GO:0016604; GO:0005730; GO:0005791; GO:1990904; GO:0022625; GO:0022626","GO:0003735; GO:0003723; GO:0005515"
"P37108","SRP14",-1.74597425962656,0.0227431501550582,102,0,0.305068899387909,156,8.34,137,172,"weight_sensitive_candidate","SRP14","signal recognition particle 14 [Source:HGNC Symbol;Acc:HGNC:11299]","SRP-dependent cotranslational protein targeting to membrane; protein targeting to ER; cotranslational protein targeting to membrane","signal recognition particle; signal recognition particle, endoplasmic reticulum targeting; nucleus; cytoplasm; cytosol; ribonucleoprotein complex; extracellular region; secretory granule lumen; ficolin-1-rich granule lumen","7S RNA binding; endoplasmic reticulum signal peptide binding; RNA binding; protein binding","GO:0006614; GO:0045047; GO:0006613","GO:0048500; GO:0005786; GO:0005634; GO:0005737; GO:0005829; GO:1990904; GO:0005576; GO:0034774; GO:1904813","GO:0008312; GO:0030942; GO:0003723; GO:0005515"
"P38159","RBMX",-3.01016058899001,0.000928506382845237,46,35.399109884572,0.363740230106995,86,0.88,85,88,"robust_candidate","RBMX","RNA binding motif protein X-linked [Source:HGNC Symbol;Acc:HGNC:9910]","mRNA splicing, via spliceosome; RNA splicing; mRNA processing; membrane protein ectodomain proteolysis; positive regulation of transcription by RNA polymerase II; negative regulation of mRNA splicing, via spliceosome; osteoblast differentiation; transcription by RNA polymerase II; protein homooligomerization; positive regulation of mRNA splicing, via spliceosome; cellular response to interleukin-1","nucleus; spliceosomal complex; extracellular space; membrane; ribonucleoprotein complex; protein-containing complex; organelle; nucleoplasm; catalytic step 2 spliceosome; euchromatin; supraspliceosomal complex","RNA binding; nucleic acid binding; protein binding; identical protein binding; mRNA binding; RNA polymerase II cis-regulatory region sequence-specific DNA binding; chromatin binding; protein domain specific binding","GO:0000398; GO:0008380; GO:0006397; GO:0006509; GO:0045944; GO:0048025; GO:0001649; GO:0006366; GO:0051260; GO:0048026; GO:0071347","GO:0005634; GO:0005681; GO:0005615; GO:0016020; GO:1990904; GO:0032991; GO:0043226; GO:0005654; GO:0071013; GO:0000791; GO:0044530","GO:0003723; GO:0003676; GO:0005515; GO:0042802; GO:0003729; GO:0000978; GO:0003682; GO:0019904"
"P38606","ATP6V1A",-2.07872359975261,0.00279245551117052,20,27.8497296604155,0.267788274922067,241,9.98,205,242,"weight_sensitive_candidate","ATP6V1A","ATPase H+ transporting V1 subunit A [Source:HGNC Symbol;Acc:HGNC:851]","proton transmembrane transport; ATP metabolic process; monoatomic ion transport; intracellular iron ion homeostasis; homeostatic process; lysosomal lumen acidification; regulation of macroautophagy; cellular response to increased oxygen levels; vacuolar acidification; endosomal lumen acidification; intracellular pH reduction; Golgi lumen acidification; synaptic vesicle lumen acidification","proton-transporting V-type ATPase, V1 domain; cytoplasm; plasma membrane; membrane; cytosol; nucleoplasm; cytoplasmic vesicle; lysosome; secretory granule; clathrin-coated vesicle membrane; lysosomal membrane; transport vesicle; vacuolar proton-transporting V-type ATPase, V1 domain; endosome membrane; proton-transporting V-type ATPase complex; proton-transporting two-sector ATPase complex; microvillus; ATPase complex","ATP binding; proton-transporting ATPase activity, rotational mechanism; ATP hydrolysis activity; nucleotide binding; protein binding","GO:1902600; GO:0046034; GO:0006811; GO:0006879; GO:0042592; GO:0007042; GO:0016241; GO:0036295; GO:0007035; GO:0048388; GO:0051452; GO:0061795; GO:0097401","GO:0033180; GO:0005737; GO:0005886; GO:0016020; GO:0005829; GO:0005654; GO:0031410; GO:0005764; GO:0030141; GO:0030665; GO:0005765; GO:0030133; GO:0000221; GO:0010008; GO:0033176; GO:0016469; GO:0005902; GO:1904949","GO:0005524; GO:0046961; GO:0016887; GO:0000166; GO:0005515"
"P38919","EIF4A3",-0.993294899322244,0.188825240089178,78,963.423124236604,0.293980452093488,170,5.55,159,184,"weight_sensitive_candidate","EIF4A3","eukaryotic translation initiation factor 4A3 [Source:HGNC Symbol;Acc:HGNC:18683]","mRNA splicing, via spliceosome; RNA splicing; mRNA transport; mRNA processing; regulation of translation; rRNA processing; positive regulation of translation; mRNA export from nucleus; regulation of nuclear-transcribed mRNA catabolic process, nonsense-mediated decay; embryonic cranial skeleton morphogenesis; negative regulation of translation; associative learning; negative regulation of gene expression; exploration behavior; cellular response to selenite ion; negative regulation of excitatory postsynaptic potential; negative regulation of selenocysteine incorporation; cellular response to brain-derived neurotrophic factor stimulus","nucleus; spliceosomal complex; cytoplasm; nuclear speck; membrane; nucleoplasm; postsynapse; catalytic step 2 spliceosome; cytosol; nucleolus; exon-exon junction complex; U2-type catalytic step 1 spliceosome; glutamatergic synapse; dendrite; neuronal cell body; ribonucleoprotein complex","ATP binding; nucleic acid binding; RNA helicase activity; RNA binding; hydrolase activity; nucleotide binding; protein binding; helicase activity; mRNA binding; ATP hydrolysis activity; poly(A) binding; selenocysteine insertion sequence binding; RNA stem-loop binding; ribonucleoprotein complex binding","GO:0000398; GO:0008380; GO:0051028; GO:0006397; GO:0006417; GO:0006364; GO:0045727; GO:0006406; GO:2000622; GO:0048701; GO:0017148; GO:0008306; GO:0010629; GO:0035640; GO:0072715; GO:0090394; GO:1904570; GO:1990416","GO:0005634; GO:0005681; GO:0005737; GO:0016607; GO:0016020; GO:0005654; GO:0098794; GO:0071013; GO:0005829; GO:0005730; GO:0035145; GO:0071006; GO:0098978; GO:0030425; GO:0043025; GO:1990904","GO:0005524; GO:0003676; GO:0003724; GO:0003723; GO:0016787; GO:0000166; GO:0005515; GO:0004386; GO:0003729; GO:0016887; GO:0008143; GO:0035368; GO:0035613; GO:0043021"
"P39019","RPS19",-0.595078987595031,0.472280844380163,126,44.5703019628987,0.274868878522152,218,13.2,198,254,"weight_sensitive_candidate","RPS19","ribosomal protein S19 [Source:HGNC Symbol;Acc:HGNC:10402]","translation; killing of cells of another organism; rRNA processing; ribosomal small subunit assembly; defense response to Gram-negative bacterium; antimicrobial humoral immune response mediated by antimicrobial peptide; cytoplasmic translation; maturation of SSU-rRNA; negative regulation of respiratory burst involved in inflammatory response; erythrocyte differentiation; maturation of SSU-rRNA from tricistronic rRNA transcript (SSU-rRNA, 5.8S rRNA, LSU-rRNA); nucleolus organization; positive regulation of respiratory burst involved in inflammatory response","ribosome; nucleus; cytoplasm; membrane; nucleoplasm; cytosol; focal adhesion; nucleolus; ribonucleoprotein complex; cytosolic ribosome; cytosolic small ribosomal subunit; postsynaptic density","structural constituent of ribosome; RNA binding; protein binding; identical protein binding; protein kinase binding","GO:0006412; GO:0031640; GO:0006364; GO:0000028; GO:0050829; GO:0061844; GO:0002181; GO:0030490; GO:0060266; GO:0030218; GO:0000462; GO:0007000; GO:0060265","GO:0005840; GO:0005634; GO:0005737; GO:0016020; GO:0005654; GO:0005829; GO:0005925; GO:0005730; GO:1990904; GO:0022626; GO:0022627; GO:0014069","GO:0003735; GO:0003723; GO:0005515; GO:0042802; GO:0019901"
"P39023","RPL3",-0.775917597140083,0.322304769083472,124,43.6706947975537,0.284274544812016,189,9.24,174,217,"weight_sensitive_candidate","RPL3","ribosomal protein L3 [Source:HGNC Symbol;Acc:HGNC:10332]","translation; cytoplasmic translation; cellular response to interleukin-4","ribosome; nucleus; cytoplasm; cytosol; focal adhesion; nucleolus; ribonucleoprotein complex; cytosolic ribosome; protein-containing complex; cytosolic large ribosomal subunit","structural constituent of ribosome; RNA binding; protein binding","GO:0006412; GO:0002181; GO:0071353","GO:0005840; GO:0005634; GO:0005737; GO:0005829; GO:0005925; GO:0005730; GO:1990904; GO:0022626; GO:0032991; GO:0022625","GO:0003735; GO:0003723; GO:0005515"
"P39060","COL18A1",9.85203636025415,4.90994823328966e-13,22,3.22928132084122,0.713841087045718,2,0,2,2,"robust_candidate","COL18A1","collagen type XVIII alpha 1 chain [Source:HGNC Symbol;Acc:HGNC:2195]","cell adhesion; regulation of cell population proliferation; anatomical structure morphogenesis; angiogenesis; visual perception; negative regulation of cell population proliferation; skeletal system development; animal organ morphogenesis; endothelial cell morphogenesis; response to xenobiotic stimulus; response to hydrostatic pressure","extracellular space; extracellular region; endoplasmic reticulum lumen; collagen trimer; basement membrane; extracellular matrix","metal ion binding; extracellular matrix structural constituent conferring tensile strength; protein binding","GO:0007155; GO:0042127; GO:0009653; GO:0001525; GO:0007601; GO:0008285; GO:0001501; GO:0009887; GO:0001886; GO:0009410; GO:0051599","GO:0005615; GO:0005576; GO:0005788; GO:0005581; GO:0005604; GO:0031012","GO:0046872; GO:0030020; GO:0005515"
"P39687","ANP32A",-1.83923457028973,0.102789614315981,6,34.8114220830299,0.170126903695965,370,1,369,373,"robust_candidate","ANP32A","acidic nuclear phosphoprotein 32 family member A [Source:HGNC Symbol;Acc:HGNC:13233]","nucleocytoplasmic transport; regulation of apoptotic process; intracellular signal transduction","nucleus; cytoplasm; endoplasmic reticulum; perinuclear region of cytoplasm; nucleoplasm","protein binding; RNA binding; histone binding","GO:0006913; GO:0042981; GO:0035556","GO:0005634; GO:0005737; GO:0005783; GO:0048471; GO:0005654","GO:0005515; GO:0003723; GO:0042393"
"P42226","STAT6",-1.85022701105431,0.021062187304716,4,0,0.135648777772478,406,0.99,404,408,"robust_candidate","STAT6","signal transducer and activator of transcription 6 [Source:HGNC Symbol;Acc:HGNC:11368]","regulation of DNA-templated transcription; signal transduction; regulation of transcription by RNA polymerase II; cytokine-mediated signaling pathway; interleukin-4-mediated signaling pathway; defense response; positive regulation of transcription by RNA polymerase II; regulation of cell population proliferation; cell surface receptor signaling pathway via JAK-STAT; growth hormone receptor signaling pathway via JAK-STAT; response to peptide hormone; isotype switching to IgE isotypes; negative regulation of transcription by RNA polymerase II; negative regulation of type 2 immune response; mammary gland epithelial cell proliferation; positive regulation of isotype switching to IgE isotypes; mammary gland morphogenesis; regulation of mast cell proliferation; gene expression","nucleus; cytoplasm; cytosol; nucleoplasm; chromatin; RNA polymerase II transcription regulator complex","DNA binding; DNA-binding transcription factor activity; protein binding; DNA-binding transcription factor activity, RNA polymerase II-specific; DNA-binding transcription activator activity, RNA polymerase II-specific; identical protein binding; RNA polymerase II cis-regulatory region sequence-specific DNA binding; RNA polymerase II transcription regulatory region sequence-specific DNA binding; protein phosphatase binding; transcription coactivator binding; sequence-specific DNA binding","GO:0006355; GO:0007165; GO:0006357; GO:0019221; GO:0035771; GO:0006952; GO:0045944; GO:0042127; GO:0007259; GO:0060397; GO:0043434; GO:0048289; GO:0000122; GO:0002829; GO:0033598; GO:0048295; GO:0060443; GO:0070666; GO:0010467","GO:0005634; GO:0005737; GO:0005829; GO:0005654; GO:0000785; GO:0090575","GO:0003677; GO:0003700; GO:0005515; GO:0000981; GO:0001228; GO:0042802; GO:0000978; GO:0000977; GO:0019903; GO:0001223; GO:0043565"
"P42677","RPS27",-1.99854348669692,0.0833720313627374,122,21.3224289185168,0.340165953617147,102,7.66,92,125,"weight_sensitive_candidate","RPS27","ribosomal protein S27 [Source:HGNC Symbol;Acc:HGNC:10416]","translation; rRNA processing; ribosomal small subunit assembly; cytoplasmic translation","ribosome; nucleus; cytoplasm; nucleolus; ribonucleoprotein complex; cytosolic small ribosomal subunit; nucleoplasm; cytosol; cytosolic ribosome; postsynaptic density; presynapse; glutamatergic synapse","structural constituent of ribosome; RNA binding; metal ion binding; DNA binding; protein binding; zinc ion binding","GO:0006412; GO:0006364; GO:0000028; GO:0002181","GO:0005840; GO:0005634; GO:0005737; GO:0005730; GO:1990904; GO:0022627; GO:0005654; GO:0005829; GO:0022626; GO:0014069; GO:0098793; GO:0098978","GO:0003735; GO:0003723; GO:0046872; GO:0003677; GO:0005515; GO:0008270"
"P42892","ECE1",4.5855098008282,4.39307959838823e-08,2,0,0.316554255400768,136,23.02,107,202,"weight_sensitive_candidate","ECE1","endothelin converting enzyme 1 [Source:HGNC Symbol;Acc:HGNC:3146]","proteolysis; signal transduction; peptide hormone processing; heart development; anatomical structure morphogenesis; embryonic digit morphogenesis; G protein-coupled receptor signaling pathway; protein processing; regulation of vasoconstriction; regulation of systemic arterial blood pressure by endothelin; positive regulation of receptor recycling; hormone catabolic process; endothelin maturation; ear development; pharyngeal system development; axon guidance; gene expression; neuron projection development; embryonic heart tube development; axonogenesis involved in innervation; sympathetic neuron axon guidance; semaphorin-plexin signaling pathway involved in axon guidance","plasma membrane; membrane; lysosomal membrane; perinuclear region of cytoplasm; vesicle; endosome; endosome membrane; Weibel-Palade body; early endosome","metallopeptidase activity; metalloendopeptidase activity; hydrolase activity; metal ion binding; protein binding; zinc ion binding; peptidase activity; protein homodimerization activity; endopeptidase activity; peptide hormone binding","GO:0006508; GO:0007165; GO:0016486; GO:0007507; GO:0009653; GO:0042733; GO:0007186; GO:0016485; GO:0019229; GO:0003100; GO:0001921; GO:0042447; GO:0034959; GO:0043583; GO:0060037; GO:0007411; GO:0010467; GO:0031175; GO:0035050; GO:0060385; GO:0097492; GO:1902287","GO:0005886; GO:0016020; GO:0005765; GO:0048471; GO:0031982; GO:0005768; GO:0010008; GO:0033093; GO:0005769","GO:0008237; GO:0004222; GO:0016787; GO:0046872; GO:0005515; GO:0008270; GO:0008233; GO:0042803; GO:0004175; GO:0017046"
"P43121","MCAM",4.14720468646942,2.51253314844668e-07,4,0,0.314807238038059,137,18.42,116,189,"weight_sensitive_candidate","MCAM","melanoma cell adhesion molecule [Source:HGNC Symbol;Acc:HGNC:6934]","cell adhesion; glomerular filtration; angiogenesis; anatomical structure morphogenesis; vascular wound healing; positive regulation of cell migration","membrane; focal adhesion; plasma membrane; extracellular region; extracellular space","protein binding; laminin receptor activity","GO:0007155; GO:0003094; GO:0001525; GO:0009653; GO:0061042; GO:0030335","GO:0016020; GO:0005925; GO:0005886; GO:0005576; GO:0005615","GO:0005515; GO:0005055"
"P43353","ALDH3B1",-2.41233857742187,0.000903881547144489,2,0,0.152703531156756,385,6.77,377,399,"weight_sensitive_candidate","ALDH3B1","aldehyde dehydrogenase 3 family member B1 [Source:HGNC Symbol;Acc:HGNC:410]","aldehyde metabolic process; lipid metabolic process; sphingolipid catabolic process; response to oxidative stress; alcohol metabolic process; ethanol catabolic process; cellular response to oxidative stress; aldehyde catabolic process","plasma membrane; membrane; vesicle; cytoplasm; specific granule membrane; secretory granule membrane; cytosol","oxidoreductase activity; oxidoreductase activity, acting on the aldehyde or oxo group of donors, NAD or NADP as acceptor; protein binding; aldehyde dehydrogenase (NAD+) activity; benzaldehyde dehydrogenase (NAD+) activity; 3-chloroallyl aldehyde dehydrogenase activity; aldehyde dehydrogenase [NAD(P)+] activity; benzaldehyde dehydrogenase (NADP+) activity; aldehyde dehydrogenase (NADP+) activity; long-chain fatty aldehyde dehydrogenase (NAD+) activity; medium-chain fatty aldehyde dehydrogenase (NAD+) activity","GO:0006081; GO:0006629; GO:0030149; GO:0006979; GO:0006066; GO:0006068; GO:0034599; GO:0046185","GO:0005886; GO:0016020; GO:0031982; GO:0005737; GO:0035579; GO:0030667; GO:0005829","GO:0016491; GO:0016620; GO:0005515; GO:0004029; GO:0018479; GO:0004028; GO:0004030; GO:0018477; GO:0033721; GO:0050061; GO:0052814"
"P43490","NAMPT",1.2684372039502,0.0938913237675066,4,0,0.10007340182786,435,1.38,430,435,"robust_candidate","NAMPT","nicotinamide phosphoribosyltransferase [Source:HGNC Symbol;Acc:HGNC:30092]","NAD biosynthetic process; rhythmic process; pyridine nucleotide biosynthetic process; circadian regulation of gene expression; positive regulation of transcription by RNA polymerase II; signal transduction; cell-cell signaling; positive regulation of canonical NF-kappaB signal transduction; positive regulation of gene expression; inflammatory response; positive regulation of cell population proliferation; NAD salvage; NADP biosynthetic process; nicotinamide metabolic process; circadian rhythm","nucleus; cytoplasm; nuclear speck; extracellular region; extracellular space; cell junction; cytosol; mitochondrial matrix","transferase activity; protein binding; glycosyltransferase activity; identical protein binding; cytokine activity; nicotinamide phosphoribosyltransferase activity","GO:0009435; GO:0048511; GO:0019363; GO:0032922; GO:0045944; GO:0007165; GO:0007267; GO:0043123; GO:0010628; GO:0006954; GO:0008284; GO:0034355; GO:0006741; GO:0006769; GO:0007623","GO:0005634; GO:0005737; GO:0016607; GO:0005576; GO:0005615; GO:0030054; GO:0005829; GO:0005759","GO:0016740; GO:0005515; GO:0016757; GO:0042802; GO:0005125; GO:0047280"
"P43686","PSMC4",-0.658017352596492,0.438445646407203,34,71.1343208625927,0.207226947091614,331,6.56,319,346,"weight_sensitive_candidate","PSMC4","proteasome 26S subunit, ATPase 4 [Source:HGNC Symbol;Acc:HGNC:9551]","proteasome-mediated ubiquitin-dependent protein catabolic process; proteolysis; positive regulation of proteasomal protein catabolic process; blastocyst development","nucleus; cytoplasm; membrane; cytosol; nucleoplasm; ciliary basal body; proteasome complex; proteasome accessory complex; proteasome regulatory particle, base subcomplex","ATP binding; ATP hydrolysis activity; nucleotide binding; protein binding","GO:0043161; GO:0006508; GO:1901800; GO:0001824","GO:0005634; GO:0005737; GO:0016020; GO:0005829; GO:0005654; GO:0036064; GO:0000502; GO:0022624; GO:0008540","GO:0005524; GO:0016887; GO:0000166; GO:0005515"
"P45985","MAP2K4",-1.20929721378555,0.150822148952032,10,14.8062714889201,0.160327855789597,379,1.73,375,380,"weight_sensitive_candidate","MAP2K4","mitogen-activated protein kinase kinase 4 [Source:HGNC Symbol;Acc:HGNC:6844]","protein phosphorylation; apoptotic process; cellular response to stress; MAPK cascade; cellular response to mechanical stimulus; signal transduction; JNK cascade; Fc-epsilon receptor signaling pathway; cellular senescence; response to wounding; negative regulation of motor neuron apoptotic process; smooth muscle cell apoptotic process","nucleus; cytoplasm; cytosol","ATP binding; protein kinase activity; protein binding; transferase activity; nucleotide binding; protein serine/threonine kinase activity; kinase activity; protein tyrosine kinase activity; MAP kinase kinase activity; molecular adaptor activity","GO:0006468; GO:0006915; GO:0033554; GO:0000165; GO:0071260; GO:0007165; GO:0007254; GO:0038095; GO:0090398; GO:0009611; GO:2000672; GO:0034390","GO:0005634; GO:0005737; GO:0005829","GO:0005524; GO:0004672; GO:0005515; GO:0016740; GO:0000166; GO:0004674; GO:0016301; GO:0004713; GO:0004708; GO:0060090"
"P46531","NOTCH1",2.01498454781978,0.00210616013729878,28,428.20065988337,0.305923662596508,154,3.59,144,158,"weight_sensitive_candidate","NOTCH1","notch receptor 1 [Source:HGNC Symbol;Acc:HGNC:7881]","regulation of DNA-templated transcription; multicellular organism development; cell differentiation; Notch signaling pathway; regulation of developmental process; positive regulation of gene expression; negative regulation of cell population proliferation; angiogenesis; positive regulation of DNA-templated transcription; negative regulation of transcription by RNA polymerase II; immune response; positive regulation of transcription by RNA polymerase II; negative regulation of gene expression; positive regulation of cell population proliferation; cellular response to hypoxia; negative regulation of myoblast differentiation; cilium assembly; pulmonary valve morphogenesis; positive regulation of Ras protein signal transduction; positive regulation of smooth muscle cell differentiation; cardiac septum morphogenesis; cellular response to tumor cell; positive regulation of receptor signaling pathway via JAK-STAT; positive regulation of BMP signaling pathway; positive regulation of cell migration; negative regulation of DNA-templated transcription; heart looping; determination of left/right symmetry; neuronal stem cell population maintenance; regulation of transcription by RNA polymerase II; outflow tract morphogenesis; tube formation; cellular response to vascular endothelial growth factor stimulus; negative regulation of cell migration involved in sprouting angiogenesis; axon guidance; negative regulation of catalytic activity; negative regulation of BMP signaling pathway; ventricular septum morphogenesis; cardiac epithelial to mesenchymal transition; atrioventricular valve morphogenesis; endocardial cushion morphogenesis; cardiac muscle cell myoblast differentiation; cardiac muscle tissue morphogenesis; aortic valve morphogenesis; negative regulation of ossification; epithelial to mesenchymal transition; epithelial to mesenchymal transition involved in endocardial cushion formation; cell migration involved in endocardial cushion formation; negative regulation of anoikis; cardiac right atrium morphogenesis; negative regulation of cell-substrate adhesion; negative regulation of biomineral tissue development; ventricular trabecula myocardium morphogenesis; negative regulation of cardiac muscle hypertrophy; positive regulation of cardiac muscle cell proliferation; negative regulation of stem cell differentiation; regulation of extracellular matrix assembly; negative regulation of endothelial cell chemotaxis; negative regulation of cell adhesion molecule production; positive regulation of astrocyte differentiation; coronary vein morphogenesis; cardiac vascular smooth muscle cell development; coronary artery morphogenesis; negative regulation of cell-cell adhesion mediated by cadherin; cardiac left ventricle morphogenesis; cardiac ventricle morphogenesis; cardiac atrium morphogenesis; pericardium morphogenesis; heart trabecula morphogenesis; negative regulation of extracellular matrix constituent secretion; positive regulation of apoptotic process involved in morphogenesis; negative regulation of neurogenesis; homeostasis of number of cells within a tissue; endocardial cell differentiation; negative regulation of glial cell proliferation; transcription by RNA polymerase II; apoptotic process; cell population proliferation; calcium-ion regulated exocytosis; central nervous system neuron differentiation; retinal cone cell differentiation; epithelial cell proliferation; neuroendocrine cell differentiation; in utero embryonic development; liver development; sprouting angiogenesis; inhibition of neuroepithelial cell differentiation; inflammatory response to antigenic stimulus; endocardial cushion development; cardiac right ventricle formation; regulation of secondary heart field cardioblast proliferation; Notch signaling pathway involved in regulation of secondary heart field cardioblast proliferation; humoral immune response; positive regulation of transcription of Notch receptor target; compartment pattern specification; axonogenesis; foregut morphogenesis; endoderm development; epidermis development; regulation of Notch signaling pathway; epidermal cell fate specification; glial cell differentiation; regulation of gene expression; regulation of somitogenesis; neural tube development; neuron differentiation; keratinocyte differentiation; lung development; embryonic limb morphogenesis; forebrain development; hair follicle morphogenesis; embryonic hindlimb morphogenesis; skeletal muscle cell differentiation; positive regulation of apoptotic process; negative regulation of programmed cell death; regulation of inner ear auditory receptor cell differentiation; negative regulation of neuron differentiation; negative regulation of calcium ion-dependent exocytosis; negative regulation of photoreceptor cell differentiation; somatic stem cell division; neuron fate commitment; oligodendrocyte differentiation; branching morphogenesis of an epithelial tube; venous blood vessel morphogenesis; regulation of epithelial cell proliferation; positive regulation of epithelial cell proliferation; negative regulation of epithelial cell proliferation; regulation of neurogenesis; secretory columnal luminar epithelial cell differentiation involved in prostate glandular acinus development; prostate gland epithelium morphogenesis; regulation of epithelial cell proliferation involved in prostate gland development; regulation of stem cell proliferation; epithelial cell fate commitment; negative regulation of canonical Wnt signaling pathway; apoptotic process involved in embryonic digit morphogenesis; positive regulation of aorta morphogenesis; luteolysis; positive regulation of neuroblast proliferation; endocardium development; endocardium morphogenesis; atrioventricular node development; coronary sinus valve morphogenesis; mitral valve formation; cardiac chamber formation; growth involved in heart morphogenesis; negative regulation of cell proliferation involved in heart valve morphogenesis; regulation of cardioblast proliferation; protein import into nucleus; spermatogenesis; heart development; gene expression; positive regulation of epithelial to mesenchymal transition; negative regulation of myotube differentiation; mesenchymal cell development; cell differentiation in spinal cord; protein catabolic process; regulation of cell migration; animal organ regeneration; response to muramyl dipeptide; response to lipopolysaccharide; negative regulation of collagen biosynthetic process; regulation of cell population proliferation; tissue regeneration; positive regulation of viral genome replication; positive regulation of endothelial cell differentiation; positive regulation of glial cell differentiation; astrocyte differentiation; negative regulation of oligodendrocyte differentiation; cardiac muscle cell proliferation; arterial endothelial cell differentiation; venous endothelial cell differentiation; vasculogenesis involved in coronary vascular morphogenesis; regulation of cell adhesion involved in heart morphogenesis; positive regulation of cardiac epithelial to mesenchymal transition; left/right axis specification; cellular response to follicle-stimulating hormone stimulus; distal tubule development; collecting duct development; glomerular mesangial cell development; T-helper 17 type immune response; interleukin-17-mediated signaling pathway; negative regulation of pro-B cell differentiation","membrane; nucleus; plasma membrane; endosome; endoplasmic reticulum membrane; extracellular region; adherens junction; late endosome membrane; nucleoplasm; cytosol; endosome membrane; receptor complex; glutamatergic synapse; acrosomal vesicle; cytoplasm; endoplasmic reticulum; cytoplasmic vesicle; cell periphery; MAML1-RBP-Jkappa- ICN1 complex","protein binding; calcium ion binding; signaling receptor activity; enzyme binding; metal ion binding; identical protein binding; enzyme inhibitor activity; transcription coactivator activity; transmembrane signaling receptor activity; chromatin binding; Notch binding; chromatin DNA binding","GO:0006355; GO:0007275; GO:0030154; GO:0007219; GO:0050793; GO:0010628; GO:0008285; GO:0001525; GO:0045893; GO:0000122; GO:0006955; GO:0045944; GO:0010629; GO:0008284; GO:0071456; GO:0045662; GO:0060271; GO:0003184; GO:0046579; GO:0051152; GO:0060411; GO:0071228; GO:0046427; GO:0030513; GO:0030335; GO:0045892; GO:0001947; GO:0007368; GO:0097150; GO:0006357; GO:0003151; GO:0035148; GO:0035924; GO:0090051; GO:0007411; GO:0043086; GO:0030514; GO:0060412; GO:0060317; GO:0003181; GO:0003203; GO:0060379; GO:0055008; GO:0003180; GO:0030279; GO:0001837; GO:0003198; GO:0003273; GO:2000811; GO:0003213; GO:0010812; GO:0070168; GO:0003222; GO:0010614; GO:0060045; GO:2000737; GO:1901201; GO:2001027; GO:0060354; GO:0048711; GO:0003169; GO:0060948; GO:0060982; GO:2000048; GO:0003214; GO:0003208; GO:0003209; GO:0003344; GO:0061384; GO:0003332; GO:1902339; GO:0050768; GO:0048873; GO:0060956; GO:0060253; GO:0006366; GO:0006915; GO:0008283; GO:0017156; GO:0021953; GO:0042670; GO:0050673; GO:0061101; GO:0001701; GO:0001889; GO:0002040; GO:0002085; GO:0002437; GO:0003197; GO:0003219; GO:0003266; GO:0003270; GO:0006959; GO:0007221; GO:0007386; GO:0007409; GO:0007440; GO:0007492; GO:0008544; GO:0008593; GO:0009957; GO:0010001; GO:0010468; GO:0014807; GO:0021915; GO:0030182; GO:0030216; GO:0030324; GO:0030326; GO:0030900; GO:0031069; GO:0035116; GO:0035914; GO:0043065; GO:0043069; GO:0045607; GO:0045665; GO:0045955; GO:0046533; GO:0048103; GO:0048663; GO:0048709; GO:0048754; GO:0048845; GO:0050678; GO:0050679; GO:0050680; GO:0050767; GO:0060528; GO:0060740; GO:0060768; GO:0072091; GO:0072148; GO:0090090; GO:1902263; GO:1903849; GO:0001554; GO:0002052; GO:0003157; GO:0003160; GO:0003162; GO:0003182; GO:0003192; GO:0003207; GO:0003241; GO:0003252; GO:0003264; GO:0006606; GO:0007283; GO:0007507; GO:0010467; GO:0010718; GO:0010832; GO:0014031; GO:0021515; GO:0030163; GO:0030334; GO:0031100; GO:0032495; GO:0032496; GO:0032966; GO:0042127; GO:0042246; GO:0045070; GO:0045603; GO:0045687; GO:0048708; GO:0048715; GO:0060038; GO:0060842; GO:0060843; GO:0060979; GO:0061344; GO:0062043; GO:0070986; GO:0071372; GO:0072017; GO:0072044; GO:0072144; GO:0072538; GO:0097400; GO:2000974","GO:0016020; GO:0005634; GO:0005886; GO:0005768; GO:0005789; GO:0005576; GO:0005912; GO:0031902; GO:0005654; GO:0005829; GO:0010008; GO:0043235; GO:0098978; GO:0001669; GO:0005737; GO:0005783; GO:0031410; GO:0071944; GO:0002193","GO:0005515; GO:0005509; GO:0038023; GO:0019899; GO:0046872; GO:0042802; GO:0004857; GO:0003713; GO:0004888; GO:0003682; GO:0005112; GO:0031490"
"P46776","RPL27A",-0.902736789357206,0.224268997670808,122,25.3755819724374,0.287410213156596,177,8.85,163,207,"weight_sensitive_candidate","RPL27A","ribosomal protein L27a [Source:HGNC Symbol;Acc:HGNC:10329]","translation; cytoplasmic translation","ribosome; large ribosomal subunit; cytoplasm; membrane; endoplasmic reticulum; cytosol; ribonucleoprotein complex; nucleoplasm; cytosolic large ribosomal subunit; cytosolic ribosome; synapse","structural constituent of ribosome; RNA binding; protein binding","GO:0006412; GO:0002181","GO:0005840; GO:0015934; GO:0005737; GO:0016020; GO:0005783; GO:0005829; GO:1990904; GO:0005654; GO:0022625; GO:0022626; GO:0045202","GO:0003735; GO:0003723; GO:0005515"
"P46777","RPL5",-0.923438551255394,0.223594908701215,132,444.541091821241,0.314026252827502,141,10.05,116,161,"weight_sensitive_candidate","RPL5","ribosomal protein L5 [Source:HGNC Symbol;Acc:HGNC:10360]","translation; rRNA processing; regulation of signal transduction by p53 class mediator; cytoplasmic translation; positive regulation of gene expression; protein stabilization; ribosomal large subunit assembly; positive regulation of translation; negative regulation of ubiquitin protein ligase activity; negative regulation of ubiquitin-dependent protein catabolic process; negative regulation of protein neddylation","ribosome; nucleus; cytoplasm; membrane; endoplasmic reticulum; cytosol; focal adhesion; nucleoplasm; nucleolus; ribonucleoprotein complex; cytosolic large ribosomal subunit; protein-containing complex; cytosolic ribosome","structural constituent of ribosome; 5S rRNA binding; RNA binding; protein binding; rRNA binding; mRNA 3'-UTR binding; mRNA 5'-UTR binding; ubiquitin protein ligase binding; ubiquitin ligase inhibitor activity","GO:0006412; GO:0006364; GO:1901796; GO:0002181; GO:0010628; GO:0050821; GO:0000027; GO:0045727; GO:1904667; GO:2000059; GO:2000435","GO:0005840; GO:0005634; GO:0005737; GO:0016020; GO:0005783; GO:0005829; GO:0005925; GO:0005654; GO:0005730; GO:1990904; GO:0022625; GO:0032991; GO:0022626","GO:0003735; GO:0008097; GO:0003723; GO:0005515; GO:0019843; GO:0003730; GO:0048027; GO:0031625; GO:1990948"
"P46781","RPS9",-0.542668383901766,0.536762836143572,126,51.0421001009116,0.272707452938504,222,13.77,205,262,"weight_sensitive_candidate","RPS9","ribosomal protein S9 [Source:HGNC Symbol;Acc:HGNC:10442]","translation; cytoplasmic translation","small ribosomal subunit; nucleus; cytoplasm; membrane; focal adhesion; nucleolus; ribonucleoprotein complex; ribosome; cytosolic small ribosomal subunit; nucleoplasm; cytosol; cytosolic ribosome; synapse","structural constituent of ribosome; RNA binding; rRNA binding; protein binding","GO:0006412; GO:0002181","GO:0015935; GO:0005634; GO:0005737; GO:0016020; GO:0005925; GO:0005730; GO:1990904; GO:0005840; GO:0022627; GO:0005654; GO:0005829; GO:0022626; GO:0045202","GO:0003735; GO:0003723; GO:0019843; GO:0005515"
"P46782","RPS5",-0.862373387944093,0.265857685683251,128,55.7412866869553,0.292960561619545,172,9.24,151,199,"weight_sensitive_candidate","RPS5","ribosomal protein S5 [Source:HGNC Symbol;Acc:HGNC:10426]","translation; translational initiation; cytoplasmic translation; regulation of translational fidelity","small ribosomal subunit; nucleus; cytoplasm; membrane; focal adhesion; nucleolus; ribonucleoprotein complex; ribosome; cytosolic ribosome; cytosolic small ribosomal subunit; nucleoplasm; cytosol; synapse","structural constituent of ribosome; RNA binding; protein binding; mRNA binding; rRNA binding","GO:0006412; GO:0006413; GO:0002181; GO:0006450","GO:0015935; GO:0005634; GO:0005737; GO:0016020; GO:0005925; GO:0005730; GO:1990904; GO:0005840; GO:0022626; GO:0022627; GO:0005654; GO:0005829; GO:0045202","GO:0003735; GO:0003723; GO:0005515; GO:0003729; GO:0019843"
"P46939","UTRN",3.20590401718244,2.80993712814469e-05,4,0.748008197476283,0.245068635385014,282,16.93,227,303,"weight_sensitive_candidate","UTRN","utrophin [Source:HGNC Symbol;Acc:HGNC:12635]","muscle contraction; positive regulation of cell-matrix adhesion; synaptic signaling; muscle organ development; regulation of sodium ion transmembrane transport","cytoplasm; plasma membrane; membrane; synapse; cytosol; nucleoplasm; cytoskeleton; filopodium membrane; ciliary basal body; cilium; postsynaptic membrane; protein-containing complex; filopodium; contractile ring; neuromuscular junction","zinc ion binding; protein binding; metal ion binding; actin binding; protein-containing complex binding; protein kinase binding; integrin binding","GO:0006936; GO:0001954; GO:0099536; GO:0007517; GO:1902305","GO:0005737; GO:0005886; GO:0016020; GO:0045202; GO:0005829; GO:0005654; GO:0005856; GO:0031527; GO:0036064; GO:0005929; GO:0045211; GO:0032991; GO:0030175; GO:0070938; GO:0031594","GO:0008270; GO:0005515; GO:0046872; GO:0003779; GO:0044877; GO:0019901; GO:0005178"
"P46940","IQGAP1",-1.13759059997782,0.117862567205249,42,1277.5263626678,0.270563742451088,232,6.28,214,242,"weight_sensitive_candidate","IQGAP1","IQ motif containing GTPase activating protein 1 [Source:HGNC Symbol;Acc:HGNC:6110]","regulation of GTPase activity; MAPK cascade; cell migration; epidermal growth factor receptor signaling pathway; cellular response to epidermal growth factor stimulus; regulation of mitotic cell cycle; signal transduction; podocyte development; positive regulation of MAPK cascade; cellular response to calcium ion; neuron projection extension; regulation of cytokine production; negative regulation of dephosphorylation; fibroblast growth factor receptor signaling pathway; cellular response to fibroblast growth factor stimulus; platelet-derived growth factor receptor signaling pathway; caveola assembly; mitotic actomyosin contractile ring assembly actin filament organization","nucleus; cytoplasm; plasma membrane; membrane; focal adhesion; microtubule; actin cytoskeleton; axon; growth cone; midbody; cell cortex; neuron projection; microtubule cytoskeleton; ruffle; plasma membrane bounded cell projection; secretory granule membrane; cell leading edge; cytosol; cytoplasmic side of plasma membrane; cytoplasmic ribonucleoprotein granule; actin filament; cell-cell junction; cortical actin cytoskeleton; ribonucleoprotein complex","protein binding; calmodulin binding; small GTPase binding; GTPase activator activity; S100 protein binding; GTPase inhibitor activity; phosphatidylinositol-3,4,5-trisphosphate binding; protein domain specific binding; protein phosphatase binding; cadherin binding; actin filament binding; protein kinase binding; calcium ion binding; protein serine/threonine kinase activator activity; MAP-kinase scaffold activity; molecular adaptor activity","GO:0043087; GO:0000165; GO:0016477; GO:0007173; GO:0071364; GO:0007346; GO:0007165; GO:0072015; GO:0043410; GO:0071277; GO:1990138; GO:0001817; GO:0035305; GO:0008543; GO:0044344; GO:0048008; GO:0070836; GO:1903479","GO:0005634; GO:0005737; GO:0005886; GO:0016020; GO:0005925; GO:0005874; GO:0015629; GO:0030424; GO:0030426; GO:0030496; GO:0005938; GO:0043005; GO:0015630; GO:0001726; GO:0120025; GO:0030667; GO:0031252; GO:0005829; GO:0009898; GO:0036464; GO:0005884; GO:0005911; GO:0030864; GO:1990904","GO:0005515; GO:0005516; GO:0031267; GO:0005096; GO:0044548; GO:0005095; GO:0005547; GO:0019904; GO:0019903; GO:0045296; GO:0051015; GO:0019901; GO:0005509; GO:0043539; GO:0005078; GO:0060090"
"P46976","GYG1",-2.81127861874422,9.75949185477937e-05,4,0,0.215102956055512,322,7.51,303,331,"weight_sensitive_candidate","GYG1","glycogenin 1 [Source:HGNC Symbol;Acc:HGNC:4699]","glycogen biosynthetic process","nucleus; cytoplasm; membrane; extracellular region; cytosol; secretory granule lumen; ficolin-1-rich granule lumen; lysosomal lumen","glycosyltransferase activity; transferase activity; metal ion binding; protein binding; protein homodimerization activity; manganese ion binding; glycogenin glucosyltransferase activity","GO:0005978","GO:0005634; GO:0005737; GO:0016020; GO:0005576; GO:0005829; GO:0034774; GO:1904813; GO:0043202","GO:0016757; GO:0016740; GO:0046872; GO:0005515; GO:0042803; GO:0030145; GO:0008466"
"P48426","PIP4K2A",1.80679746614514,0.0124941553073121,2,0,0.108052407780136,422,2.03,418,427,"weight_sensitive_candidate","PIP4K2A","phosphatidylinositol-5-phosphate 4-kinase type 2 alpha [Source:HGNC Symbol;Acc:HGNC:8997]","phosphatidylinositol metabolic process; lipid metabolic process; regulation of autophagy; phosphatidylinositol phosphate biosynthetic process; negative regulation of insulin receptor signaling pathway; vesicle-mediated cholesterol transport; positive regulation of autophagosome assembly; megakaryocyte development; 1-phosphatidyl-1D-myo-inositol 4,5-bisphosphate biosynthetic process","nucleus; cytoplasm; plasma membrane; membrane; cell projection; autophagosome; lysosome; photoreceptor outer segment; photoreceptor inner segment; nucleoplasm; cytosol","phosphatidylinositol kinase activity; transferase activity; nucleotide binding; ATP binding; kinase activity; protein binding; protein homodimerization activity","GO:0046488; GO:0006629; GO:0010506; GO:0046854; GO:0046627; GO:0090119; GO:2000786; GO:0035855; GO:1902635","GO:0005634; GO:0005737; GO:0005886; GO:0016020; GO:0042995; GO:0005776; GO:0005764; GO:0001750; GO:0001917; GO:0005654; GO:0005829","GO:0052742; GO:0016740; GO:0000166; GO:0005524; GO:0016301; GO:0005515; GO:0042803"
"P48509","CD151",1.74149973222255,0.00931831177812998,16,26.0557705720241,0.232090601464978,298,2.37,295,304,"weight_sensitive_candidate","CD151","CD151 molecule (Raph blood group) [Source:HGNC Symbol;Acc:HGNC:1630]","cell migration; cell adhesion; positive regulation of cell migration; T cell proliferation; wound healing, spreading of cells; positive regulation of endocytosis","membrane; plasma membrane; focal adhesion; cytosol; basement membrane","protein binding; integrin binding","GO:0016477; GO:0007155; GO:0030335; GO:0042098; GO:0044319; GO:0045807","GO:0016020; GO:0005886; GO:0005925; GO:0005829; GO:0005604","GO:0005515; GO:0005178"
"P48960","ADGRE5",3.33856024868301,8.66608325976279e-06,4,9.48179925620503,0.272562806143394,223,25.82,165,253,"weight_sensitive_candidate","ADGRE5","adhesion G protein-coupled receptor E5 [Source:HGNC Symbol;Acc:HGNC:1711]","G protein-coupled receptor signaling pathway; cell surface receptor signaling pathway; signal transduction; immune system process; cell adhesion; inflammatory response; immune response; cell-cell signaling","membrane; extracellular region; plasma membrane; focal adhesion; secretory granule membrane","G protein-coupled receptor activity; calcium ion binding; transmembrane signaling receptor activity; protein binding","GO:0007186; GO:0007166; GO:0007165; GO:0002376; GO:0007155; GO:0006954; GO:0006955; GO:0007267","GO:0016020; GO:0005576; GO:0005886; GO:0005925; GO:0030667","GO:0004930; GO:0005509; GO:0004888; GO:0005515"
"P49407","ARRB1",1.33726150706784,0.102789614315981,24,406.992172473368,0.24025898458895,288,3.82,277,292,"weight_sensitive_candidate","ARRB1","arrestin beta 1 [Source:HGNC Symbol;Acc:HGNC:711]","signal transduction; protein ubiquitination; protein transport; negative regulation of protein ubiquitination; ubiquitin-dependent protein catabolic process; negative regulation of signal transduction; proteasome-mediated ubiquitin-dependent protein catabolic process; regulation of transcription by RNA polymerase II; positive regulation of intracellular signal transduction; positive regulation of protein phosphorylation; negative regulation of NF-kappaB transcription factor activity; stress fiber assembly; positive regulation of transcription by RNA polymerase II; negative regulation of Notch signaling pathway; positive regulation of cardiac muscle hypertrophy; sensory perception; positive regulation of Rho protein signal transduction; G protein-coupled receptor internalization; positive regulation of receptor internalization; desensitization of G protein-coupled receptor signaling pathway","nucleus; cytoplasm; plasma membrane; membrane; cell projection; nucleoplasm; nuclear body; cytoplasmic vesicle; pseudopodium; clathrin-coated pit; cytosol; chromatin; endocytic vesicle membrane; lysosomal membrane; cytoplasmic vesicle membrane","enzyme binding; protein binding; G protein-coupled receptor binding; ubiquitin protein ligase binding; GTPase activator activity; molecular adaptor activity; transcription coactivator activity; insulin-like growth factor receptor binding; enzyme inhibitor activity; angiotensin receptor binding; arrestin family protein binding","GO:0007165; GO:0016567; GO:0015031; GO:0031397; GO:0006511; GO:0009968; GO:0043161; GO:0006357; GO:1902533; GO:0001934; GO:0032088; GO:0043149; GO:0045944; GO:0045746; GO:0010613; GO:0007600; GO:0035025; GO:0002031; GO:0002092; GO:0002029","GO:0005634; GO:0005737; GO:0005886; GO:0016020; GO:0042995; GO:0005654; GO:0016604; GO:0031410; GO:0031143; GO:0005905; GO:0005829; GO:0000785; GO:0030666; GO:0005765; GO:0030659","GO:0019899; GO:0005515; GO:0001664; GO:0031625; GO:0005096; GO:0060090; GO:0003713; GO:0005159; GO:0004857; GO:0031701; GO:1990763"
"P49792","RANBP2",-1.14330032748533,0.164139697005672,10,74.4843815281126,0.168622958753003,372,2.29,368,376,"weight_sensitive_candidate","RANBP2","RAN binding protein 2 [Source:HGNC Symbol;Acc:HGNC:9848]","intracellular transport; protein folding; mRNA transport; protein transport; protein sumoylation; nuclear export; negative regulation of innate immune response; NLS-bearing protein import into nucleus; toll-like receptor signaling pathway; cytoplasmic pattern recognition receptor signaling pathway; negative regulation of RNA export from nucleus; nucleocytoplasmic transport; centrosome localization; intracellular glucose homeostasis; regulation of gluconeogenesis; response to amphetamine","nucleus; membrane; nuclear membrane; cytosol; nucleoplasm; nuclear envelope; cytoplasm; nuclear pore; annulate lamellae; nuclear pore nuclear basket; SUMO ligase complex; cytoplasmic periphery of the nuclear pore complex; nuclear pore cytoplasmic filaments","protein binding; peptidyl-prolyl cis-trans isomerase activity; RNA binding; transferase activity; metal ion binding; zinc ion binding; SUMO transferase activity; GTPase activator activity; small GTPase binding; SUMO ligase activity; kinase activator activity; protein-containing complex binding","GO:0046907; GO:0006457; GO:0051028; GO:0015031; GO:0016925; GO:0051168; GO:0045824; GO:0006607; GO:0002224; GO:0002753; GO:0046832; GO:0006913; GO:0051642; GO:0001678; GO:0006111; GO:0001975","GO:0005634; GO:0016020; GO:0031965; GO:0005829; GO:0005654; GO:0005635; GO:0005737; GO:0005643; GO:0005642; GO:0044615; GO:0106068; GO:1990723; GO:0044614","GO:0005515; GO:0003755; GO:0003723; GO:0016740; GO:0046872; GO:0008270; GO:0019789; GO:0005096; GO:0031267; GO:0061665; GO:0019209; GO:0044877"
"P50281","MMP14",2.68391918777959,0.000107353945831103,14,55.8202258650351,0.30260895983616,160,11.62,139,188,"weight_sensitive_candidate","MMP14","matrix metallopeptidase 14 [Source:HGNC Symbol;Acc:HGNC:7160]","proteolysis; positive regulation of cell migration; anatomical structure morphogenesis; protein catabolic process; zymogen activation; cell motility; extracellular matrix organization; positive regulation of myotube differentiation; positive regulation of cell growth; skeletal system development; extracellular matrix disassembly; regulation of protein localization to plasma membrane; collagen catabolic process; negative regulation of Notch signaling pathway; endodermal cell differentiation; GDF15-GFRAL signaling pathway; positive regulation of B cell differentiation; ossification; endochondral ossification; cell migration; lung development; chondrocyte proliferation; embryonic cranial skeleton morphogenesis; branching morphogenesis of an epithelial tube; head development; bone development; craniofacial suture morphogenesis; angiogenesis; ovarian follicle development; response to hypoxia; endothelial cell proliferation; response to oxidative stress; response to mechanical stimulus; response to hormone; positive regulation of protein processing; protein processing; astrocyte cell migration; response to estrogen; tissue remodeling; negative regulation of focal adhesion assembly; cellular response to genistein; negative regulation of GDF15-GFRAL signaling pathway; positive regulation of macrophage migration; response to odorant","extracellular matrix; cytoplasm; plasma membrane; membrane; cytosol; focal adhesion; cytoplasmic vesicle; intermediate filament cytoskeleton; extracellular space; Golgi lumen; nucleus; macropinosome","zinc ion binding; metallopeptidase activity; metalloendopeptidase activity; hydrolase activity; metal ion binding; protein binding; peptidase activity; endopeptidase activity; serine-type endopeptidase activity; integrin binding","GO:0006508; GO:0030335; GO:0009653; GO:0030163; GO:0031638; GO:0048870; GO:0030198; GO:0010831; GO:0030307; GO:0001501; GO:0022617; GO:1903076; GO:0030574; GO:0045746; GO:0035987; GO:0160144; GO:0045579; GO:0001503; GO:0001958; GO:0016477; GO:0030324; GO:0035988; GO:0048701; GO:0048754; GO:0060322; GO:0060348; GO:0097094; GO:0001525; GO:0001541; GO:0001666; GO:0001935; GO:0006979; GO:0009612; GO:0009725; GO:0010954; GO:0016485; GO:0043615; GO:0043627; GO:0048771; GO:0051895; GO:0071412; GO:0160145; GO:1905523; GO:1990834","GO:0031012; GO:0005737; GO:0005886; GO:0016020; GO:0005829; GO:0005925; GO:0031410; GO:0045111; GO:0005615; GO:0005796; GO:0005634; GO:0044354","GO:0008270; GO:0008237; GO:0004222; GO:0016787; GO:0046872; GO:0005515; GO:0008233; GO:0004175; GO:0004252; GO:0005178"
"P50454","SERPINH1",2.37946359691551,0.00181457050876422,16,49.6074375366088,0.2757769883417,215,14.99,187,237,"weight_sensitive_candidate","SERPINH1","serpin family H member 1 [Source:HGNC Symbol;Acc:HGNC:1546]","collagen fibril organization; response to unfolded protein; chondrocyte development involved in endochondral bone morphogenesis; collagen biosynthetic process; protein maturation","extracellular space; endoplasmic reticulum; endoplasmic reticulum lumen; endoplasmic reticulum-Golgi intermediate compartment; membrane raft; extracellular matrix; cytoplasm","serine-type endopeptidase inhibitor activity; collagen binding; RNA binding; protein binding; unfolded protein binding","GO:0030199; GO:0006986; GO:0003433; GO:0032964; GO:0051604","GO:0005615; GO:0005783; GO:0005788; GO:0005793; GO:0045121; GO:0031012; GO:0005737","GO:0004867; GO:0005518; GO:0003723; GO:0005515; GO:0051082"
"P51991","HNRNPA3",-2.50050732802652,0.00246161536400457,38,18.9310656977773,0.31968137410974,130,2.37,130,138,"weight_sensitive_candidate","HNRNPA3","heterogeneous nuclear ribonucleoprotein A3 [Source:HGNC Symbol;Acc:HGNC:24941]","mRNA splicing, via spliceosome; RNA splicing; mRNA processing","nucleus; spliceosomal complex; ribonucleoprotein complex; nucleoplasm; catalytic step 2 spliceosome","nucleic acid binding; RNA binding; protein binding; mRNA 3'-UTR binding","GO:0000398; GO:0008380; GO:0006397","GO:0005634; GO:0005681; GO:1990904; GO:0005654; GO:0071013","GO:0003676; GO:0003723; GO:0005515; GO:0003730"
"P52272","HNRNPM",-2.24070389252966,0.00265361498724356,60,270.103851994114,0.353380006698181,94,3.42,89,106,"weight_sensitive_candidate","HNRNPM","heterogeneous nuclear ribonucleoprotein M [Source:HGNC Symbol;Acc:HGNC:5046]","mRNA splicing, via spliceosome; RNA splicing; mRNA processing","nucleus; spliceosomal complex; membrane; nucleoplasm; nucleolus; ribonucleoprotein complex; catalytic step 2 spliceosome; synapse","RNA binding; nucleic acid binding; protein binding; mRNA binding; protein domain specific binding","GO:0000398; GO:0008380; GO:0006397","GO:0005634; GO:0005681; GO:0016020; GO:0005654; GO:0005730; GO:1990904; GO:0071013; GO:0045202","GO:0003723; GO:0003676; GO:0005515; GO:0003729; GO:0019904"
"P52292","KPNA2",2.13123114815908,0.00225787929782386,16,330.204910556462,0.277671775198849,207,14.29,180,234,"weight_sensitive_candidate","KPNA2","karyopherin subunit alpha 2 [Source:HGNC Symbol;Acc:HGNC:6395]","protein import into nucleus; protein transport; positive regulation of DNA-templated transcription; entry of viral genome into host nucleus through nuclear pore complex via importin; positive regulation of viral life cycle; NLS-bearing protein import into nucleus; DNA metabolic process; regulation of DNA recombination","cytoplasm; nucleus; membrane; Golgi apparatus; cytosol; nucleoplasm; endoplasmic reticulum; endoplasmic reticulum membrane; nuclear membrane; host cell","protein binding; nuclear import signal receptor activity; RNA binding; nuclear localization sequence binding; histone deacetylase binding","GO:0006606; GO:0015031; GO:0045893; GO:0075506; GO:1903902; GO:0006607; GO:0006259; GO:0000018","GO:0005737; GO:0005634; GO:0016020; GO:0005794; GO:0005829; GO:0005654; GO:0005783; GO:0005789; GO:0031965; GO:0043657","GO:0005515; GO:0061608; GO:0003723; GO:0008139; GO:0042826"
"P52434","POLR2H",-0.839799849896004,0.317631452038847,44,1299.58694403717,0.253492450473739,265,10.84,247,279,"weight_sensitive_candidate","POLR2H","RNA polymerase II, I and III subunit H [Source:HGNC Symbol;Acc:HGNC:9195]","DNA-templated transcription; transcription by RNA polymerase II","nucleus; nucleoplasm; nucleolus; DNA-directed RNA polymerase complex; RNA polymerase II, core complex; RNA polymerase I complex; RNA polymerase III complex; cytosol; protein-DNA complex","DNA-directed 5'-3' RNA polymerase activity; DNA binding; single-stranded DNA binding","GO:0006351; GO:0006366","GO:0005634; GO:0005654; GO:0005730; GO:0000428; GO:0005665; GO:0005736; GO:0005666; GO:0005829; GO:0032993","GO:0003899; GO:0003677; GO:0003697"
"P52597","HNRNPF",-1.13331129157481,0.127818748968127,48,14.200143452689,0.24409446477064,284,9.26,256,296,"weight_sensitive_candidate","HNRNPF","heterogeneous nuclear ribonucleoprotein F [Source:HGNC Symbol;Acc:HGNC:5039]","mRNA splicing, via spliceosome; RNA splicing; mRNA processing; regulation of RNA splicing; RNA processing","nucleus; spliceosomal complex; membrane; cytosol; nucleoplasm; ribonucleoprotein complex; plasma membrane; catalytic step 2 spliceosome; synapse","RNA binding; nucleic acid binding; protein binding; single-stranded RNA binding","GO:0000398; GO:0008380; GO:0006397; GO:0043484; GO:0006396","GO:0005634; GO:0005681; GO:0016020; GO:0005829; GO:0005654; GO:1990904; GO:0005886; GO:0071013; GO:0045202","GO:0003723; GO:0003676; GO:0005515; GO:0003727"
"P52907","CAPZA1",-0.777433441763499,0.310294047235193,4,0,0.0705196610583679,442,0.76,442,444,"robust_candidate","CAPZA1","capping actin protein of muscle Z-line subunit alpha 1 [Source:HGNC Symbol;Acc:HGNC:1488]","barbed-end actin filament capping; actin filament capping; cell junction assembly; actin cytoskeleton organization; protein-containing complex assembly","F-actin capping protein complex; cytoplasm; cytosol; cytoskeleton; extracellular region; WASH complex; actin cytoskeleton; cortical cytoskeleton","actin binding; protein binding; cadherin binding; actin filament binding","GO:0051016; GO:0051693; GO:0034329; GO:0030036; GO:0065003","GO:0008290; GO:0005737; GO:0005829; GO:0005856; GO:0005576; GO:0071203; GO:0015629; GO:0030863","GO:0003779; GO:0005515; GO:0045296; GO:0051015"
"P53985","SLC16A1",-4.90439746184609,9.58315574085775e-09,4,16.652367181031,0.39204614734932,69,5.36,60,83,"weight_sensitive_candidate","SLC16A1","solute carrier family 16 member 1 [Source:HGNC Symbol;Acc:HGNC:10922]","transmembrane transport; monocarboxylic acid transport; proton transmembrane transport; centrosome cycle; transport across blood-brain barrier; plasma membrane lactate transport; carboxylic acid transmembrane transport; mevalonate transport; succinate transmembrane transport; lactate transmembrane transport; lipid metabolic process; response to food; glucose homeostasis; pyruvate catabolic process; regulation of insulin secretion; behavioral response to nutrient; pyruvate transmembrane transport","membrane; plasma membrane; cell junction; centrosome; synapse","transmembrane transporter activity; monocarboxylic acid transmembrane transporter activity; symporter activity; protein binding; lactate transmembrane transporter activity; secondary active monocarboxylate transmembrane transporter activity; succinate transmembrane transporter activity; lactate:proton symporter activity; carboxylic acid transmembrane transporter activity; mevalonate transmembrane transporter activity; solute:proton symporter activity; identical protein binding","GO:0055085; GO:0015718; GO:1902600; GO:0007098; GO:0150104; GO:0035879; GO:1905039; GO:0015728; GO:0071422; GO:0035873; GO:0006629; GO:0032094; GO:0042593; GO:0042867; GO:0050796; GO:0051780; GO:1901475","GO:0016020; GO:0005886; GO:0030054; GO:0005813; GO:0045202","GO:0022857; GO:0008028; GO:0015293; GO:0005515; GO:0015129; GO:0015355; GO:0015141; GO:0015650; GO:0046943; GO:0015130; GO:0015295; GO:0042802"
"P53990","IST1",-2.61608376828195,0.000379421227536739,34,170.327717067361,0.347843712147035,99,1.5,97,104,"robust_candidate","IST1","IST1 factor associated with ESCRT-III [Source:HGNC Symbol;Acc:HGNC:28977]","protein transport; cell division; protein localization; positive regulation of proteolysis; establishment of protein localization; ESCRT III complex disassembly; cytoskeleton-dependent cytokinesis; collateral sprouting; positive regulation of collateral sprouting","nucleus; cytoplasm; cytosol; cytoskeleton; cytoplasmic vesicle; nuclear envelope; endoplasmic reticulum-Golgi intermediate compartment; midbody; centrosome; extracellular region; Flemming body; chromatin; azurophil granule lumen","protein binding; identical protein binding; protein-containing complex binding; protein domain specific binding; cadherin binding; MIT domain binding","GO:0015031; GO:0051301; GO:0008104; GO:0045862; GO:0045184; GO:1904903; GO:0061640; GO:0048668; GO:0048672","GO:0005634; GO:0005737; GO:0005829; GO:0005856; GO:0031410; GO:0005635; GO:0005793; GO:0030496; GO:0005813; GO:0005576; GO:0090543; GO:0000785; GO:0035578","GO:0005515; GO:0042802; GO:0044877; GO:0019904; GO:0045296; GO:0090541"
"P54105","CLNS1A",-0.249090694086565,0.797885651211267,6,0,0.0605531080132539,445,1.13,443,448,"robust_candidate","CLNS1A","chloride nucleotide-sensitive channel 1A [Source:HGNC Symbol;Acc:HGNC:2080]","chloride transport; cell volume homeostasis; RNA splicing; mRNA processing; positive regulation of mRNA splicing, via spliceosome; mRNA cis splicing, via spliceosome","plasma membrane; cytosol; methylosome; pICln-Sm protein complex; nucleus; cytoplasm; nucleoplasm; cytoskeleton; cilium; spliceosomal complex","RNA binding; protein binding","GO:0006821; GO:0006884; GO:0008380; GO:0006397; GO:0048026; GO:0045292","GO:0005886; GO:0005829; GO:0034709; GO:0034715; GO:0005634; GO:0005737; GO:0005654; GO:0005856; GO:0005929; GO:0005681","GO:0003723; GO:0005515"
"P54289","CACNA2D1",2.53935019772674,0.000473659184541551,2,0,0.162747937872143,378,5.51,365,389,"weight_sensitive_candidate","CACNA2D1","calcium voltage-gated channel auxiliary subunit alpha2delta 1 [Source:HGNC Symbol;Acc:HGNC:1399]","monoatomic ion transport; monoatomic ion transmembrane transport; calcium ion transport; calcium ion transmembrane transport; cellular response to amyloid-beta; cardiac muscle cell action potential involved in contraction; regulation of heart rate by cardiac conduction; regulation of ventricular cardiac muscle cell membrane repolarization; regulation of calcium ion transport; calcium ion transport into cytosol; calcium ion transmembrane transport via high voltage-gated calcium channel; regulation of membrane repolarization during action potential; membrane depolarization during bundle of His cell action potential; regulation of calcium ion transmembrane transport via high voltage-gated calcium channel","plasma membrane; membrane; monoatomic ion channel complex; voltage-gated calcium channel complex; L-type voltage-gated calcium channel complex; presynaptic active zone membrane; T-tubule","metal ion binding; voltage-gated calcium channel activity; calcium channel activity; voltage-gated calcium channel activity involved in cardiac muscle cell action potential; voltage-gated calcium channel activity involved in bundle of His cell action potential","GO:0006811; GO:0034220; GO:0006816; GO:0070588; GO:1904646; GO:0086002; GO:0086091; GO:0060307; GO:0051924; GO:0060402; GO:0061577; GO:0098903; GO:0086048; GO:1902514","GO:0005886; GO:0016020; GO:0034702; GO:0005891; GO:1990454; GO:0048787; GO:0030315","GO:0046872; GO:0005245; GO:0005262; GO:0086007; GO:0086057"
"P55085","F2RL1",3.37231856019676,7.38426375065526e-06,2,0,0.228074070263114,303,14.01,270,326,"weight_sensitive_candidate","F2RL1","F2R like trypsin receptor 1 [Source:HGNC Symbol;Acc:HGNC:3538]","G protein-coupled receptor signaling pathway; blood coagulation; regulation of biological quality; positive regulation of cell migration; signal transduction; defense response to virus; immune system process; innate immune response; positive regulation of canonical NF-kappaB signal transduction; positive regulation of transcription by RNA polymerase II; inflammatory response; positive regulation of chemotaxis; regulation of JNK cascade; leukocyte migration; positive regulation of cytokine production involved in immune response; positive regulation of phosphatidylinositol 3-kinase/protein kinase B signal transduction; establishment of endothelial barrier; leukocyte proliferation; positive regulation of toll-like receptor 2 signaling pathway; positive regulation of GTPase activity; positive regulation of pseudopodium assembly; positive regulation of chemokine production; regulation of canonical NF-kappaB signal transduction; positive regulation of JNK cascade; negative regulation of chemokine production; negative regulation of JNK cascade; positive regulation of cytosolic calcium ion concentration; cell-cell junction maintenance; positive regulation of toll-like receptor 3 signaling pathway; positive regulation of superoxide anion generation; vasodilation; positive regulation of glomerular filtration; positive regulation of Rho protein signal transduction; positive regulation of toll-like receptor 4 signaling pathway; positive regulation of leukocyte chemotaxis; positive regulation of actin filament depolymerization; positive regulation of positive chemotaxis; T cell activation involved in immune response; mature conventional dendritic cell differentiation; regulation of blood coagulation; negative regulation of toll-like receptor 3 signaling pathway; positive regulation of eosinophil degranulation; negative regulation of insulin secretion; positive regulation of phagocytosis, engulfment; positive regulation of neutrophil mediated killing of gram-negative bacterium; positive regulation of renin secretion into blood stream; regulation of chemokine (C-X-C motif) ligand 2 production","membrane; plasma membrane; pseudopodium; early endosome; Golgi apparatus","G protein-coupled receptor activity; thrombin-activated receptor activity; protein binding; protease binding; G-protein alpha-subunit binding; signaling receptor activity; signaling receptor binding; G-protein beta-subunit binding; proteinase-activated receptor activity","GO:0007186; GO:0007596; GO:0065008; GO:0030335; GO:0007165; GO:0051607; GO:0002376; GO:0045087; GO:0043123; GO:0045944; GO:0006954; GO:0050921; GO:0046328; GO:0050900; GO:0002720; GO:0051897; GO:0061028; GO:0070661; GO:0034137; GO:0043547; GO:0031274; GO:0032722; GO:0043122; GO:0046330; GO:0032682; GO:0046329; GO:0007204; GO:0045217; GO:0034141; GO:0032930; GO:0042311; GO:0003104; GO:0035025; GO:0034145; GO:0002690; GO:0030836; GO:0050927; GO:0002286; GO:0097029; GO:0030193; GO:0034140; GO:0043311; GO:0046676; GO:0060100; GO:0070963; GO:1900135; GO:2000341","GO:0016020; GO:0005886; GO:0031143; GO:0005769; GO:0005794","GO:0004930; GO:0015057; GO:0005515; GO:0002020; GO:0001965; GO:0038023; GO:0005102; GO:0031681; GO:0001648"
"P55268","LAMB2",7.94397288514485,1.17587344907209e-12,28,5.87257947938561,0.649076958536016,4,0.32,3,5,"robust_candidate","LAMB2","laminin subunit beta 2 [Source:HGNC Symbol;Acc:HGNC:6487]","cell adhesion; positive regulation of cell adhesion; positive regulation of muscle cell differentiation; regulation of basement membrane organization; positive regulation of integrin-mediated signaling pathway; cell morphogenesis; axon guidance; neuromuscular junction development; visual perception; astrocyte development; Schwann cell development; neuron projection development; axon extension involved in regeneration; synapse organization; radial glial cell differentiation; retina development in camera-type eye; metanephric podocyte development; metanephric glomerular basement membrane development","extracellular region; basement membrane; laminin-3 complex; extracellular matrix; endoplasmic reticulum lumen; laminin-11 complex; protein complex involved in cell-matrix adhesion; neuromuscular junction; synaptic cleft; synapse; laminin complex","protein binding; extracellular matrix structural constituent; structural molecule activity; integrin binding; structural constituent of synapse-associated extracellular matrix","GO:0007155; GO:0045785; GO:0051149; GO:0110011; GO:2001046; GO:0000902; GO:0007411; GO:0007528; GO:0007601; GO:0014002; GO:0014044; GO:0031175; GO:0048677; GO:0050808; GO:0060019; GO:0060041; GO:0072249; GO:0072274","GO:0005576; GO:0005604; GO:0005608; GO:0031012; GO:0005788; GO:0043260; GO:0098637; GO:0031594; GO:0043083; GO:0045202; GO:0043256","GO:0005515; GO:0005201; GO:0005198; GO:0005178; GO:0150043"
"P55287","CDH11",4.46688145731751,1.52351034368823e-07,4,0,0.332069250065422,117,14.52,95,149,"weight_sensitive_candidate","CDH11","cadherin 11 [Source:HGNC Symbol;Acc:HGNC:1750]","homophilic cell adhesion via plasma membrane adhesion molecules; cell adhesion; cell-cell adhesion; focal adhesion assembly; negative regulation of cell migration; ossification; cell-substrate adhesion; cell migration; skeletal system development; cell morphogenesis; cell-cell junction assembly; adherens junction organization; cell-cell adhesion mediated by cadherin; aortic valve formation; corticospinal tract morphogenesis; modulation of chemical synaptic transmission","membrane; plasma membrane; extracellular region; adherens junction; synapse; glutamatergic synapse; cytoplasm","calcium ion binding; metal ion binding; cadherin binding; beta-catenin binding","GO:0007156; GO:0007155; GO:0098609; GO:0048041; GO:0030336; GO:0001503; GO:0031589; GO:0016477; GO:0001501; GO:0000902; GO:0007043; GO:0034332; GO:0044331; GO:0003189; GO:0021957; GO:0050804","GO:0016020; GO:0005886; GO:0005576; GO:0005912; GO:0045202; GO:0098978; GO:0005737","GO:0005509; GO:0046872; GO:0045296; GO:0008013"
"P55795","HNRNPH2",-1.86631164881733,0.0169126689616686,34,2.69312903574621,0.259897429960882,251,2.66,245,256,"weight_sensitive_candidate","HNRNPH2","heterogeneous nuclear ribonucleoprotein H2 [Source:HGNC Symbol;Acc:HGNC:5042]","regulation of RNA splicing","nucleus; membrane; cytosol; nucleoplasm; ribonucleoprotein complex","RNA binding; nucleic acid binding; protein binding","GO:0043484","GO:0005634; GO:0016020; GO:0005829; GO:0005654; GO:1990904","GO:0003723; GO:0003676; GO:0005515"
"P56199","ITGA1",1.3279085134554,0.0555719561067457,46,23.4409781158825,0.259524060969905,253,7.23,239,272,"weight_sensitive_candidate","ITGA1","integrin subunit alpha 1 [Source:HGNC Symbol;Acc:HGNC:6134]","cell adhesion; negative regulation of cell population proliferation; integrin-mediated signaling pathway; negative regulation of epidermal growth factor receptor signaling pathway; cell-matrix adhesion; cell-cell adhesion; neutrophil chemotaxis; cellular extravasation; vasodilation; positive regulation of MAPK cascade; positive regulation of neuron apoptotic process; neuron projection morphogenesis; cell chemotaxis","integrin complex; membrane; focal adhesion; plasma membrane; integrin alpha1-beta1 complex; acrosomal vesicle; perikaryon; basal part of cell","metal ion binding; protein binding; protein phosphatase binding; collagen binding; signaling receptor activity; phosphatase activator activity; signaling receptor binding","GO:0007155; GO:0008285; GO:0007229; GO:0042059; GO:0007160; GO:0098609; GO:0030593; GO:0045123; GO:0042311; GO:0043410; GO:0043525; GO:0048812; GO:0060326","GO:0008305; GO:0016020; GO:0005925; GO:0005886; GO:0034665; GO:0001669; GO:0043204; GO:0045178","GO:0046872; GO:0005515; GO:0019903; GO:0005518; GO:0038023; GO:0019211; GO:0005102"
"P59998","ARPC4",-1.41933428286802,0.0448347906966539,22,29.1084727183676,0.225328827488197,306,3.43,305,319,"weight_sensitive_candidate","ARPC4","actin related protein 2/3 complex subunit 4 [Source:HGNC Symbol;Acc:HGNC:707]","Arp2/3 complex-mediated actin nucleation; actin filament polymerization; actin nucleation","actin cytoskeleton; Arp2/3 protein complex; nucleus; cytoplasm; cell projection; cytoskeleton; cytosol; site of double-strand break","actin binding; protein binding; actin filament binding; protein-macromolecule adaptor activity; enzyme binding; structural constituent of cytoskeleton","GO:0034314; GO:0030041; GO:0045010","GO:0015629; GO:0005885; GO:0005634; GO:0005737; GO:0042995; GO:0005856; GO:0005829; GO:0035861","GO:0003779; GO:0005515; GO:0051015; GO:0030674; GO:0019899; GO:0005200"
"P60953","CDC42",-1.19249224963627,0.146359262982623,100,9668.34268300245,0.335784492939197,109,9.58,97,127,"weight_sensitive_candidate","CDC42","cell division cycle 42 [Source:HGNC Symbol;Acc:HGNC:1736]","small GTPase-mediated signal transduction; nervous system development; cell differentiation; actin filament organization; negative regulation of protein-containing complex assembly; actin cytoskeleton organization; anatomical structure morphogenesis; regulation of filopodium assembly; establishment or maintenance of cell polarity; signal transduction; positive regulation of substrate adhesion-dependent cell spreading; cell junction assembly; positive regulation of cellular component organization; macrophage differentiation; positive regulation of pseudopodium assembly; endocytosis; establishment of epithelial cell apical/basal polarity; substantia nigra development; positive regulation of cell migration; positive regulation of filopodium assembly; dendritic spine morphogenesis; integrin-mediated signaling pathway; positive regulation of cytokinesis; Wnt signaling pathway, planar cell polarity pathway; regulation of actin cytoskeleton organization; neuropilin signaling pathway; positive regulation of stress fiber assembly; modulation by host of viral process; phagocytosis, engulfment; establishment of cell polarity; regulation of attachment of spindle microtubules to kinetochore; regulation of stress fiber assembly; positive regulation of pinocytosis; Golgi organization; positive regulation of cell growth; establishment of Golgi localization; organelle transport along microtubule; cardiac conduction system development; regulation of mitotic nuclear division; nuclear migration; protein localization; adherens junction organization; establishment or maintenance of apical/basal cell polarity; positive regulation of MAPK cascade; filopodium assembly; neuron fate determination; nucleus localization; establishment of localization in cell; positive regulation of phosphatidylinositol 3-kinase/protein kinase B signal transduction; heart contraction; cellular response to type II interferon; heart process; cardiac neural crest cell migration involved in outflow tract morphogenesis; embryonic heart tube development; positive regulation of epithelial cell proliferation involved in lung morphogenesis; endothelin receptor signaling pathway involved in heart process; regulation of postsynapse organization","cytoplasm; plasma membrane; membrane; cell projection; cytoskeleton; focal adhesion; dendrite; spindle; midbody; centrosome; filopodium; mitotic spindle; cell periphery; protein-containing complex; endoplasmic reticulum membrane; cytosol; spindle midzone; cytoplasmic ribonucleoprotein granule; neuronal cell body; neuron projection; cell leading edge; postsynapse; glutamatergic synapse; cell-cell junction; leading edge membrane; apical part of cell; phagocytic vesicle","GTPase activity; GTP binding; protein binding; hydrolase activity; nucleotide binding; identical protein binding; protein kinase binding; G protein activity; apolipoprotein A-I receptor binding; ubiquitin protein ligase activity; GTP-dependent protein binding","GO:0007264; GO:0007399; GO:0030154; GO:0007015; GO:0031333; GO:0030036; GO:0009653; GO:0051489; GO:0007163; GO:0007165; GO:1900026; GO:0034329; GO:0051130; GO:0030225; GO:0031274; GO:0006897; GO:0045198; GO:0021762; GO:0030335; GO:0051491; GO:0060997; GO:0007229; GO:0032467; GO:0060071; GO:0032956; GO:0038189; GO:0051496; GO:0044788; GO:0006911; GO:0030010; GO:0051988; GO:0051492; GO:0048549; GO:0007030; GO:0030307; GO:0051683; GO:0072384; GO:0003161; GO:0007088; GO:0007097; GO:0008104; GO:0034332; GO:0035088; GO:0043410; GO:0046847; GO:0048664; GO:0051647; GO:0051649; GO:0051897; GO:0060047; GO:0071346; GO:0003015; GO:0003253; GO:0035050; GO:0060501; GO:0086101; GO:0099175","GO:0005737; GO:0005886; GO:0016020; GO:0042995; GO:0005856; GO:0005925; GO:0030425; GO:0005819; GO:0030496; GO:0005813; GO:0030175; GO:0072686; GO:0071944; GO:0032991; GO:0005789; GO:0005829; GO:0051233; GO:0036464; GO:0043025; GO:0043005; GO:0031252; GO:0098794; GO:0098978; GO:0005911; GO:0031256; GO:0045177; GO:0045335","GO:0003924; GO:0005525; GO:0005515; GO:0016787; GO:0000166; GO:0042802; GO:0019901; GO:0003925; GO:0034191; GO:0061630; GO:0030742"
"P61020","RAB5B",-0.781738027809091,0.3098519421075,2,0,0.0412606966076141,451,0,451,451,"robust_candidate","RAB5B","RAB5B, member RAS oncogene family [Source:HGNC Symbol;Acc:HGNC:9784]","endocytosis; protein transport; intracellular protein transport; endosomal transport; antigen processing and presentation; plasma membrane to endosome transport; endosome organization; regulation of endocytosis","plasma membrane; membrane; endosome; early endosome membrane; endomembrane system; early endosome; secretory granule membrane; endocytic vesicle; synaptic vesicle membrane","GTPase activity; GTP binding; hydrolase activity; metal ion binding; nucleotide binding; protein binding; G protein activity; GDP binding; GTP-dependent protein binding","GO:0006897; GO:0015031; GO:0006886; GO:0016197; GO:0019882; GO:0048227; GO:0007032; GO:0030100","GO:0005886; GO:0016020; GO:0005768; GO:0031901; GO:0012505; GO:0005769; GO:0030667; GO:0030139; GO:0030672","GO:0003924; GO:0005525; GO:0016787; GO:0046872; GO:0000166; GO:0005515; GO:0003925; GO:0019003; GO:0030742"
"P61077","UBE2D3",-1.64567399473728,0.236422850779959,12,18.3691362898806,0.186984789064695,354,2.41,346,355,"weight_sensitive_candidate","UBE2D3","ubiquitin conjugating enzyme E2 D3 [Source:HGNC Symbol;Acc:HGNC:12476]","apoptotic process; protein ubiquitination; DNA repair; DNA damage response; protein polyubiquitination; protein K48-linked ubiquitination; proteasome-mediated ubiquitin-dependent protein catabolic process; protein K11-linked ubiquitination; protein K6-linked ubiquitination; ubiquitin-dependent protein catabolic process; protein monoubiquitination; protein modification process; positive regulation of protein targeting to mitochondrion; protein autoubiquitination; negative regulation of transcription by RNA polymerase II; negative regulation of BMP signaling pathway","plasma membrane; membrane; endosome; endosome membrane; nucleus; nucleoplasm; cytosol","transferase activity; nucleotide binding; ATP binding; protein binding; ubiquitin-protein transferase activity; ubiquitin conjugating enzyme activity; ubiquitin protein ligase activity","GO:0006915; GO:0016567; GO:0006281; GO:0006974; GO:0000209; GO:0070936; GO:0043161; GO:0070979; GO:0085020; GO:0006511; GO:0006513; GO:0036211; GO:1903955; GO:0051865; GO:0000122; GO:0030514","GO:0005886; GO:0016020; GO:0005768; GO:0010008; GO:0005634; GO:0005654; GO:0005829","GO:0016740; GO:0000166; GO:0005524; GO:0005515; GO:0004842; GO:0061631; GO:0061630"
"P61158","ACTR3",-1.31922722950493,0.0748120024455382,28,287.586701727691,0.247709245503172,277,6.66,261,282,"weight_sensitive_candidate","ACTR3","actin related protein 3 [Source:HGNC Symbol;Acc:HGNC:170]","cell projection organization; positive regulation of transcription by RNA polymerase II; cilium assembly; Arp2/3 complex-mediated actin nucleation; establishment or maintenance of cell polarity; asymmetric cell division; meiotic chromosome movement towards spindle pole; meiotic cytokinesis; meiotic cell cycle; spindle localization; cellular response to type II interferon","nucleus; cytoplasm; membrane; cell projection; cytoskeleton; focal adhesion; actin cytoskeleton; lamellipodium; Arp2/3 protein complex; cytosol; site of double-strand break; brush border; cell-cell junction","nucleotide binding; actin binding; ATP binding; protein binding; actin filament binding; structural constituent of cytoskeleton","GO:0030030; GO:0045944; GO:0060271; GO:0034314; GO:0007163; GO:0008356; GO:0016344; GO:0033206; GO:0051321; GO:0051653; GO:0071346","GO:0005634; GO:0005737; GO:0016020; GO:0042995; GO:0005856; GO:0005925; GO:0015629; GO:0030027; GO:0005885; GO:0005829; GO:0035861; GO:0005903; GO:0005911","GO:0000166; GO:0003779; GO:0005524; GO:0005515; GO:0051015; GO:0005200"
"P61160","ACTR2",-1.21566544344882,0.0960230313238083,34,142.804698246796,0.247112774848991,279,8.09,257,286,"weight_sensitive_candidate","ACTR2","actin related protein 2 [Source:HGNC Symbol;Acc:HGNC:169]","positive regulation of transcription by RNA polymerase II; positive regulation of double-strand break repair via homologous recombination; Arp2/3 complex-mediated actin nucleation; cilium assembly; establishment or maintenance of cell polarity; asymmetric cell division; meiotic chromosome movement towards spindle pole; cytosolic transport; actin cytoskeleton organization; meiotic cytokinesis; meiotic cell cycle; spindle localization; cellular response to type II interferon","nucleus; cytoplasm; membrane; cell projection; cytoskeleton; focal adhesion; actin cytoskeleton; extracellular region; Arp2/3 protein complex; cytosol; site of double-strand break; cell cortex; ficolin-1-rich granule lumen; azurophil granule lumen; actin cap","nucleotide binding; actin binding; ATP binding; protein binding; actin filament binding; structural constituent of cytoskeleton","GO:0045944; GO:1905168; GO:0034314; GO:0060271; GO:0007163; GO:0008356; GO:0016344; GO:0016482; GO:0030036; GO:0033206; GO:0051321; GO:0051653; GO:0071346","GO:0005634; GO:0005737; GO:0016020; GO:0042995; GO:0005856; GO:0005925; GO:0015629; GO:0005576; GO:0005885; GO:0005829; GO:0035861; GO:0005938; GO:1904813; GO:0035578; GO:0030478","GO:0000166; GO:0003779; GO:0005524; GO:0005515; GO:0051015; GO:0005200"
"P61247","RPS3A",-0.584002928098489,0.497641802406889,128,73.5851516554719,0.278617694193295,203,13.37,183,241,"weight_sensitive_candidate","RPS3A","ribosomal protein S3A [Source:HGNC Symbol;Acc:HGNC:10421]","translation; negative regulation of apoptotic process; cell differentiation; translational initiation; cytoplasmic translation","ribosome; nucleus; cytoplasm; endoplasmic reticulum; cytosol; focal adhesion; nucleolus; ribonucleoprotein complex; cytosolic small ribosomal subunit; nucleoplasm; cytosolic ribosome; synapse","structural constituent of ribosome; RNA binding; protein binding; mRNA 5'-UTR binding","GO:0006412; GO:0043066; GO:0030154; GO:0006413; GO:0002181","GO:0005840; GO:0005634; GO:0005737; GO:0005783; GO:0005829; GO:0005925; GO:0005730; GO:1990904; GO:0022627; GO:0005654; GO:0022626; GO:0045202","GO:0003735; GO:0003723; GO:0005515; GO:0048027"
"P61313","RPL15",-0.793777862302104,0.32897478409442,122,20.9716918557494,0.278642591283408,202,10.28,187,234,"weight_sensitive_candidate","RPL15","ribosomal protein L15 [Source:HGNC Symbol;Acc:HGNC:10306]","translation; cytoplasmic translation","ribosome; nucleus; cytoplasm; ribonucleoprotein complex; ribosomal subunit; cytosolic large ribosomal subunit; cytosol; cytosolic ribosome; synapse","structural constituent of ribosome; RNA binding; protein binding; cadherin binding","GO:0006412; GO:0002181","GO:0005840; GO:0005634; GO:0005737; GO:1990904; GO:0044391; GO:0022625; GO:0005829; GO:0022626; GO:0045202","GO:0003735; GO:0003723; GO:0005515; GO:0045296"
"P61353","RPL27",-0.767570424473178,0.334831069667985,122,71.5346049757632,0.286350783218455,181,9.17,167,209,"weight_sensitive_candidate","RPL27","ribosomal protein L27 [Source:HGNC Symbol;Acc:HGNC:10328]","translation; rRNA processing; cytoplasmic translation","ribosome; nucleus; cytoplasm; membrane; nucleoplasm; cytosol; focal adhesion; endoplasmic reticulum; nucleolus; rough endoplasmic reticulum; ribonucleoprotein complex; cytosolic large ribosomal subunit; cytosolic ribosome; synapse","structural constituent of ribosome; RNA binding; protein binding","GO:0006412; GO:0006364; GO:0002181","GO:0005840; GO:0005634; GO:0005737; GO:0016020; GO:0005654; GO:0005829; GO:0005925; GO:0005783; GO:0005730; GO:0005791; GO:1990904; GO:0022625; GO:0022626; GO:0045202","GO:0003735; GO:0003723; GO:0005515"
"P61421","ATP6V0D1",-2.27561323403613,0.000928506382845237,18,0,0.253080879889312,266,5.85,253,280,"weight_sensitive_candidate","ATP6V0D1","ATPase H+ transporting V0 subunit d1 [Source:HGNC Symbol;Acc:HGNC:13724]","proton transmembrane transport; monoatomic ion transport; cell projection organization; intracellular iron ion homeostasis; cilium assembly; homeostatic process; regulation of macroautophagy; cellular response to increased oxygen levels; vacuolar acidification; vacuolar transport; synaptic vesicle lumen acidification","proton-transporting V-type ATPase, V0 domain; membrane; cytoplasmic vesicle; lysosome; clathrin-coated vesicle membrane; lysosomal membrane; centrosome; phagocytic vesicle membrane; endosome membrane; early endosome; vacuolar proton-transporting V-type ATPase, V0 domain; vacuolar proton-transporting V-type ATPase complex; synaptic vesicle membrane; synaptic vesicle; axon terminus; protein-containing complex; proton-transporting V-type ATPase complex; plasma membrane proton-transporting V-type ATPase complex","proton-transporting ATPase activity, rotational mechanism; protein binding; protein-containing complex binding","GO:1902600; GO:0006811; GO:0030030; GO:0006879; GO:0060271; GO:0042592; GO:0016241; GO:0036295; GO:0007035; GO:0007034; GO:0097401","GO:0033179; GO:0016020; GO:0031410; GO:0005764; GO:0030665; GO:0005765; GO:0005813; GO:0030670; GO:0010008; GO:0005769; GO:0000220; GO:0016471; GO:0030672; GO:0008021; GO:0043679; GO:0032991; GO:0033176; GO:0033181","GO:0046961; GO:0005515; GO:0044877"
"P61513","RPL37A",-0.748588742799484,0.362889353107955,122,20.9716918557494,0.276007364321437,214,12.53,194,251,"weight_sensitive_candidate","RPL37A","ribosomal protein L37a [Source:HGNC Symbol;Acc:HGNC:10348]","translation; cytoplasmic translation","ribosome; nucleus; cytoplasm; focal adhesion; ribonucleoprotein complex; cytosolic large ribosomal subunit; cytosol; cytosolic ribosome; synapse","structural constituent of ribosome; RNA binding; metal ion binding; protein binding; zinc ion binding","GO:0006412; GO:0002181","GO:0005840; GO:0005634; GO:0005737; GO:0005925; GO:1990904; GO:0022625; GO:0005829; GO:0022626; GO:0045202","GO:0003735; GO:0003723; GO:0046872; GO:0005515; GO:0008270"
"P61626","LYZ",-1.10790712105506,0.237710262359673,6,28.823444347896,0.131443862786925,408,0.99,405,409,"robust_candidate","LYZ","lysozyme [Source:HGNC Symbol;Acc:HGNC:6740]","defense response to bacterium; killing of cells of another organism; defense response to Gram-positive bacterium; inflammatory response; defense response to Gram-negative bacterium; antimicrobial humoral response","extracellular region; extracellular space; specific granule lumen; tertiary granule lumen; azurophil granule lumen","lysozyme activity; hydrolase activity; catalytic activity; hydrolase activity, acting on glycosyl bonds; identical protein binding","GO:0042742; GO:0031640; GO:0050830; GO:0006954; GO:0050829; GO:0019730","GO:0005576; GO:0005615; GO:0035580; GO:1904724; GO:0035578","GO:0003796; GO:0016787; GO:0003824; GO:0016798; GO:0042802"
"P61769","B2M",2.19970538228994,0.00114446515840788,28,2285.9422644008,0.33073022835104,118,4.19,111,125,"weight_sensitive_candidate","B2M","beta-2-microglobulin [Source:HGNC Symbol;Acc:HGNC:914]","immune response; immune system process; antigen processing and presentation of peptide antigen via MHC class I; response to metal ion; positive regulation of T cell activation; positive regulation of receptor-mediated endocytosis; learning or memory; negative regulation of neurogenesis; antigen processing and presentation of exogenous peptide antigen via MHC class II; positive regulation of immune response; negative regulation of receptor-mediated endocytosis; transferrin transport; intracellular iron ion homeostasis; cellular response to iron ion; positive regulation of T cell cytokine production; antigen processing and presentation of endogenous peptide antigen via MHC class I; regulation of iron ion transport; negative regulation of iron ion transport; negative regulation of epithelial cell proliferation; protein homotetramerization; cellular response to nicotine; amyloid fibril formation; positive regulation of cellular senescence; negative regulation of forebrain neuron differentiation; T cell mediated cytotoxicity; positive regulation of T cell mediated cytotoxicity; response to molecule of bacterial origin; iron ion transport; negative regulation of neuron projection development; T cell differentiation in thymus; multicellular organismal-level iron ion homeostasis; cellular response to iron(III) ion; sensory perception of smell","extracellular region; extracellular space; membrane; cytosol; Golgi apparatus; plasma membrane; focal adhesion; endoplasmic reticulum; late endosome membrane; phagocytic vesicle membrane; HFE-transferrin receptor complex; endoplasmic reticulum lumen; specific granule lumen; tertiary granule lumen; ER to Golgi transport vesicle membrane; MHC class I peptide loading complex; lysosomal membrane; early endosome membrane; recycling endosome membrane; early endosome lumen","protein binding; structural molecule activity; identical protein binding; protein homodimerization activity; MHC class II protein complex binding","GO:0006955; GO:0002376; GO:0002474; GO:0010038; GO:0050870; GO:0048260; GO:0007611; GO:0050768; GO:0019886; GO:0050778; GO:0048261; GO:0033572; GO:0006879; GO:0071281; GO:0002726; GO:0019885; GO:0034756; GO:0034757; GO:0050680; GO:0051289; GO:0071316; GO:1990000; GO:2000774; GO:2000978; GO:0001913; GO:0001916; GO:0002237; GO:0006826; GO:0010977; GO:0033077; GO:0060586; GO:0071283; GO:0007608","GO:0005576; GO:0005615; GO:0016020; GO:0005829; GO:0005794; GO:0005886; GO:0005925; GO:0005783; GO:0031902; GO:0030670; GO:1990712; GO:0005788; GO:0035580; GO:1904724; GO:0012507; GO:0042824; GO:0005765; GO:0031901; GO:0055038; GO:0031905","GO:0005515; GO:0005198; GO:0042802; GO:0042803; GO:0023026"
"P61956","SUMO2",1.26609296880921,0.0783127160080511,10,120.93149528825,0.182750796075615,356,1.65,352,359,"weight_sensitive_candidate","SUMO2","small ubiquitin like modifier 2 [Source:HGNC Symbol;Acc:HGNC:11125]","protein sumoylation; positive regulation of proteasomal ubiquitin-dependent protein catabolic process; positive regulation of transcription by RNA polymerase II","nucleus; nucleoplasm; presynapse; postsynapse; glutamatergic synapse","protein binding; RNA binding; ubiquitin protein ligase binding; protein tag activity; ubiquitin-like protein ligase binding; SUMO transferase activity","GO:0016925; GO:0032436; GO:0045944","GO:0005634; GO:0005654; GO:0098793; GO:0098794; GO:0098978","GO:0005515; GO:0003723; GO:0031625; GO:0031386; GO:0044389; GO:0019789"
"P61978","HNRNPK",-0.841844584567109,0.396192089929649,68,2627.98895433943,0.281930490629445,193,7.15,182,211,"weight_sensitive_candidate","HNRNPK","heterogeneous nuclear ribonucleoprotein K [Source:HGNC Symbol;Acc:HGNC:5044]","mRNA splicing, via spliceosome; RNA splicing; mRNA processing; regulation of apoptotic process; regulation of transcription by RNA polymerase II; negative regulation of gene expression; negative regulation of DNA-templated transcription; regulation of DNA-templated transcription; negative regulation of RNA metabolic process; signal transduction; RNA processing; positive regulation of low-density lipoprotein particle clearance; negative regulation of apoptotic process; regulation of mRNA splicing, via spliceosome; regulatory ncRNA-mediated heterochromatin formation; random inactivation of X chromosome; positive regulation of transcription by RNA polymerase II; negative regulation of mRNA splicing, via spliceosome; regulation of intrinsic apoptotic signaling pathway in response to DNA damage by p53 class mediator","nucleus; spliceosomal complex; cytoplasm; membrane; cell projection; nucleoplasm; focal adhesion; anchoring junction; ribonucleoprotein complex; chromatin; podosome; catalytic step 2 spliceosome","RNA binding; nucleic acid binding; protein binding; DNA binding; identical protein binding; mRNA binding; protein domain specific binding; cadherin binding","GO:0000398; GO:0008380; GO:0006397; GO:0042981; GO:0006357; GO:0010629; GO:0045892; GO:0006355; GO:0051253; GO:0007165; GO:0006396; GO:1905581; GO:0043066; GO:0048024; GO:0031048; GO:0060816; GO:0045944; GO:0048025; GO:1902165","GO:0005634; GO:0005681; GO:0005737; GO:0016020; GO:0042995; GO:0005654; GO:0005925; GO:0070161; GO:1990904; GO:0000785; GO:0002102; GO:0071013","GO:0003723; GO:0003676; GO:0005515; GO:0003677; GO:0042802; GO:0003729; GO:0019904; GO:0045296"
"P62081","RPS7",-1.28233469543915,0.100955516592478,128,55.7412866869553,0.317852700656353,133,9.2,112,153,"weight_sensitive_candidate","RPS7","ribosomal protein S7 [Source:HGNC Symbol;Acc:HGNC:10440]","translation; rRNA processing; cytoplasmic translation; positive regulation of gene expression; protein stabilization; negative regulation of ubiquitin protein ligase activity; negative regulation of ubiquitin-dependent protein catabolic process; neural tube closure; neural crest cell differentiation; positive regulation of intrinsic apoptotic signaling pathway by p53 class mediator","ribosome; nucleus; cytoplasm; membrane; endoplasmic reticulum; cytosol; cytoskeleton; focal adhesion; nucleolus; ribonucleoprotein complex; centrosome; protein-containing complex; cytosolic small ribosomal subunit; nucleoplasm; cytosolic ribosome; synapse","structural constituent of ribosome; RNA binding; protein binding; protein kinase binding; mRNA 3'-UTR binding; mRNA 5'-UTR binding; ubiquitin ligase inhibitor activity","GO:0006412; GO:0006364; GO:0002181; GO:0010628; GO:0050821; GO:1904667; GO:2000059; GO:0001843; GO:0014033; GO:1902255","GO:0005840; GO:0005634; GO:0005737; GO:0016020; GO:0005783; GO:0005829; GO:0005856; GO:0005925; GO:0005730; GO:1990904; GO:0005813; GO:0032991; GO:0022627; GO:0005654; GO:0022626; GO:0045202","GO:0003735; GO:0003723; GO:0005515; GO:0019901; GO:0003730; GO:0048027; GO:1990948"
"P62140","PPP1CB",-1.78270432881297,0.0097550275909688,4,0,0.138235625448927,404,0.97,401,405,"robust_candidate","PPP1CB","protein phosphatase 1 catalytic subunit beta [Source:HGNC Symbol;Acc:HGNC:9282]","rhythmic process; cell division; regulation of cell adhesion; glycogen metabolic process; regulation of circadian rhythm; circadian regulation of gene expression; protein dephosphorylation; entrainment of circadian clock by photoperiod; MAPK cascade","chromosome, telomeric region; nucleus; cytoplasm; cytosol; nucleoplasm; focal adhesion; nucleolus; PTW/PP1 phosphatase complex","hydrolase activity; phosphoprotein phosphatase activity; metal ion binding; protein binding; protein serine/threonine phosphatase activity; protein kinase binding; phosphatase activity; myosin-light-chain-phosphatase activity","GO:0048511; GO:0051301; GO:0030155; GO:0005977; GO:0042752; GO:0032922; GO:0006470; GO:0043153; GO:0000165","GO:0000781; GO:0005634; GO:0005737; GO:0005829; GO:0005654; GO:0005925; GO:0005730; GO:0072357","GO:0016787; GO:0004721; GO:0046872; GO:0005515; GO:0004722; GO:0019901; GO:0016791; GO:0050115"
"P62241","RPS8",-1.13385272339552,0.108410920864132,126,51.0421001009116,0.309432856212297,145,8.82,125,167,"weight_sensitive_candidate","RPS8","ribosomal protein S8 [Source:HGNC Symbol;Acc:HGNC:10441]","translation; cytoplasmic translation; maturation of SSU-rRNA from tricistronic rRNA transcript (SSU-rRNA, 5.8S rRNA, LSU-rRNA)","ribosome; nucleus; cytoplasm; membrane; endoplasmic reticulum; cytosol; focal adhesion; nucleolus; ribonucleoprotein complex; cytosolic ribosome; cytosolic small ribosomal subunit; nucleoplasm","structural constituent of ribosome; RNA binding; protein binding","GO:0006412; GO:0002181; GO:0000462","GO:0005840; GO:0005634; GO:0005737; GO:0016020; GO:0005783; GO:0005829; GO:0005925; GO:0005730; GO:1990904; GO:0022626; GO:0022627; GO:0005654","GO:0003735; GO:0003723; GO:0005515"
"P62244","RPS15A",-0.702401553902217,0.408756465095092,124,30.5228293732496,0.276817586394276,211,12.71,191,248,"weight_sensitive_candidate","RPS15A","ribosomal protein S15a [Source:HGNC Symbol;Acc:HGNC:10389]","translation; response to virus; positive regulation of cell population proliferation; positive regulation of cell cycle; cytoplasmic translation","ribosome; nucleus; cytoplasm; membrane; nucleolus; ribonucleoprotein complex; cytosolic small ribosomal subunit; nucleoplasm; cytosol; cytosolic ribosome","structural constituent of ribosome; RNA binding; protein binding","GO:0006412; GO:0009615; GO:0008284; GO:0045787; GO:0002181","GO:0005840; GO:0005634; GO:0005737; GO:0016020; GO:0005730; GO:1990904; GO:0022627; GO:0005654; GO:0005829; GO:0022626","GO:0003735; GO:0003723; GO:0005515"
"P62249","RPS16",-0.660632791930222,0.418959836193561,124,26.683393096912,0.273877958733642,220,12.93,200,257,"weight_sensitive_candidate","RPS16","ribosomal protein S16 [Source:HGNC Symbol;Acc:HGNC:10396]","translation; rRNA processing; cytoplasmic translation; maturation of SSU-rRNA from tricistronic rRNA transcript (SSU-rRNA, 5.8S rRNA, LSU-rRNA); cellular response to leukemia inhibitory factor","ribosome; nucleus; cytoplasm; membrane; focal adhesion; nucleolus; ribonucleoprotein complex; cytosolic ribosome; cytosolic small ribosomal subunit; nucleoplasm; cytosol; small ribosomal subunit; synapse","structural constituent of ribosome; RNA binding; protein binding","GO:0006412; GO:0006364; GO:0002181; GO:0000462; GO:1990830","GO:0005840; GO:0005634; GO:0005737; GO:0016020; GO:0005925; GO:0005730; GO:1990904; GO:0022626; GO:0022627; GO:0005654; GO:0005829; GO:0015935; GO:0045202","GO:0003735; GO:0003723; GO:0005515"
"P62263","RPS14",-0.506726975098459,0.553690128162664,122,23.575900975972,0.26347392622578,245,14.49,218,283,"weight_sensitive_candidate","RPS14","ribosomal protein S14 [Source:HGNC Symbol;Acc:HGNC:10387]","translation; negative regulation of transcription by RNA polymerase II; ribosomal small subunit assembly; erythrocyte differentiation; cytoplasmic translation; maturation of SSU-rRNA","ribosome; nucleus; cytoplasm; membrane; focal adhesion; nucleolus; ribonucleoprotein complex; cytosolic small ribosomal subunit; nucleoplasm; cytosol; cytosolic ribosome; postsynaptic density; synapse","structural constituent of ribosome; RNA binding; protein binding; mRNA 5'-UTR binding","GO:0006412; GO:0000122; GO:0000028; GO:0030218; GO:0002181; GO:0030490","GO:0005840; GO:0005634; GO:0005737; GO:0016020; GO:0005925; GO:0005730; GO:1990904; GO:0022627; GO:0005654; GO:0005829; GO:0022626; GO:0014069; GO:0045202","GO:0003735; GO:0003723; GO:0005515; GO:0048027"
"P62266","RPS23",-0.530615701588182,0.549697752503586,126,71.7698813653035,0.274535646949369,219,13.86,199,256,"weight_sensitive_candidate","RPS23","ribosomal protein S23 [Source:HGNC Symbol;Acc:HGNC:10410]","translation; stress granule assembly; cytoplasmic translation; maintenance of translational fidelity","ribosome; small ribosomal subunit; nucleus; cytoplasm; membrane; endoplasmic reticulum; cytosol; nucleolus; rough endoplasmic reticulum; ribonucleoprotein complex; cytosolic ribosome; cytosolic small ribosomal subunit; nucleoplasm; synapse","structural constituent of ribosome; RNA binding; protein binding","GO:0006412; GO:0034063; GO:0002181; GO:1990145","GO:0005840; GO:0015935; GO:0005634; GO:0005737; GO:0016020; GO:0005783; GO:0005829; GO:0005730; GO:0005791; GO:1990904; GO:0022626; GO:0022627; GO:0005654; GO:0045202","GO:0003735; GO:0003723; GO:0005515"
"P62269","RPS18",-0.6244708339398,0.444369168821822,130,86.4400989894991,0.283237789540545,191,10.49,176,223,"weight_sensitive_candidate","RPS18","ribosomal protein S18 [Source:HGNC Symbol;Acc:HGNC:10401]","translation; cytoplasmic translation","ribosome; nucleus; cytoplasm; membrane; cytosol; focal adhesion; ribonucleoprotein complex; cytosolic ribosome; cytosolic small ribosomal subunit; nucleoplasm; small ribosomal subunit; postsynaptic density; synapse","structural constituent of ribosome; RNA binding; nucleic acid binding; protein binding; rRNA binding","GO:0006412; GO:0002181","GO:0005840; GO:0005634; GO:0005737; GO:0016020; GO:0005829; GO:0005925; GO:1990904; GO:0022626; GO:0022627; GO:0005654; GO:0015935; GO:0014069; GO:0045202","GO:0003735; GO:0003723; GO:0003676; GO:0005515; GO:0019843"
"P62273","RPS29",-1.47257596184413,0.04689099361302,126,71.7698813653035,0.332430859166078,116,8.94,100,135,"weight_sensitive_candidate","RPS29","ribosomal protein S29 [Source:HGNC Symbol;Acc:HGNC:10419]","translation; cytoplasmic translation","ribosome; small ribosomal subunit; cytoplasm; cytosol; focal adhesion; endoplasmic reticulum; rough endoplasmic reticulum; ribonucleoprotein complex; cytosolic ribosome; cytosolic small ribosomal subunit; nucleoplasm","zinc ion binding; structural constituent of ribosome; RNA binding; metal ion binding","GO:0006412; GO:0002181","GO:0005840; GO:0015935; GO:0005737; GO:0005829; GO:0005925; GO:0005783; GO:0005791; GO:1990904; GO:0022626; GO:0022627; GO:0005654","GO:0008270; GO:0003735; GO:0003723; GO:0046872"
"P62277","RPS13",-0.58256703633981,0.46940886454993,128,191.831462987847,0.286095815847528,183,10.83,166,213,"weight_sensitive_candidate","RPS13","ribosomal protein S13 [Source:HGNC Symbol;Acc:HGNC:10386]","translation; negative regulation of RNA splicing; cytoplasmic translation","ribosome; nucleus; cytoplasm; membrane; focal adhesion; nucleolus; ribonucleoprotein complex; cytosolic small ribosomal subunit; nucleoplasm; cytosol; cytosolic ribosome; postsynaptic density","structural constituent of ribosome; RNA binding; protein binding; mRNA binding; mRNA 5'-UTR binding","GO:0006412; GO:0033119; GO:0002181","GO:0005840; GO:0005634; GO:0005737; GO:0016020; GO:0005925; GO:0005730; GO:1990904; GO:0022627; GO:0005654; GO:0005829; GO:0022626; GO:0014069","GO:0003735; GO:0003723; GO:0005515; GO:0003729; GO:0048027"
"P62280","RPS11",-0.727156423322633,0.374918218629797,124,26.683393096912,0.277519694478337,209,12.36,190,246,"weight_sensitive_candidate","RPS11","ribosomal protein S11 [Source:HGNC Symbol;Acc:HGNC:10384]","translation; cytoplasmic translation","ribosome; nucleus; cytoplasm; membrane; focal adhesion; nucleolus; ribonucleoprotein complex; cytosolic ribosome; cytosolic small ribosomal subunit; nucleoplasm; cytosol; synapse","structural constituent of ribosome; RNA binding; protein binding; rRNA binding","GO:0006412; GO:0002181","GO:0005840; GO:0005634; GO:0005737; GO:0016020; GO:0005925; GO:0005730; GO:1990904; GO:0022626; GO:0022627; GO:0005654; GO:0005829; GO:0045202","GO:0003735; GO:0003723; GO:0005515; GO:0019843"
"P62316","SNRPD2",-0.867011766661275,0.268027495799953,60,749.237146846452,0.269281951548582,239,8.48,222,249,"weight_sensitive_candidate","SNRPD2","small nuclear ribonucleoprotein D2 polypeptide [Source:HGNC Symbol;Acc:HGNC:11159]","RNA splicing; mRNA splicing, via spliceosome; mRNA processing; spliceosomal complex assembly; U2-type prespliceosome assembly","small nuclear ribonucleoprotein complex; nucleus; spliceosomal complex; cytoplasm; cytosol; ribonucleoprotein complex; U1 snRNP; nucleoplasm; catalytic step 2 spliceosome; U4/U6 x U5 tri-snRNP complex; U4 snRNP; methylosome; SMN-Sm protein complex; U2-type precatalytic spliceosome; spliceosomal snRNP complex; U2-type catalytic step 2 spliceosome; U2-type spliceosomal complex; U2 snRNP; U12-type spliceosomal complex; precatalytic spliceosome; U5 snRNP; pICln-Sm protein complex","RNA binding; protein binding","GO:0008380; GO:0000398; GO:0006397; GO:0000245; GO:1903241","GO:0030532; GO:0005634; GO:0005681; GO:0005737; GO:0005829; GO:1990904; GO:0005685; GO:0005654; GO:0071013; GO:0046540; GO:0005687; GO:0034709; GO:0034719; GO:0071005; GO:0097525; GO:0071007; GO:0005684; GO:0005686; GO:0005689; GO:0071011; GO:0005682; GO:0034715","GO:0003723; GO:0005515"
"P62318","SNRPD3",-1.13484801527179,0.120509235176065,44,216.67161261277,0.259631349352415,252,7.55,240,268,"weight_sensitive_candidate","SNRPD3","small nuclear ribonucleoprotein D3 polypeptide [Source:HGNC Symbol;Acc:HGNC:11160]","RNA processing; mRNA splicing, via spliceosome; RNA splicing; mRNA processing; U2-type prespliceosome assembly; protein methylation","spliceosomal complex; telomerase holoenzyme complex; nucleus; cytoplasm; cytosol; nucleoplasm; nuclear body; ribonucleoprotein complex; U1 snRNP; catalytic step 2 spliceosome; U4/U6 x U5 tri-snRNP complex; U4 snRNP; methylosome; SMN-Sm protein complex; U2-type precatalytic spliceosome; U2-type catalytic step 2 spliceosome; U2-type spliceosomal complex; U2 snRNP; U12-type spliceosomal complex; precatalytic spliceosome; U5 snRNP; small nuclear ribonucleoprotein complex; U7 snRNP; pICln-Sm protein complex; spliceosomal tri-snRNP complex","RNA binding; enzyme binding; protein binding; histone pre-mRNA DCP binding; U7 snRNA binding","GO:0006396; GO:0000398; GO:0008380; GO:0006397; GO:1903241; GO:0006479","GO:0005681; GO:0005697; GO:0005634; GO:0005737; GO:0005829; GO:0005654; GO:0016604; GO:1990904; GO:0005685; GO:0071013; GO:0046540; GO:0005687; GO:0034709; GO:0034719; GO:0071005; GO:0071007; GO:0005684; GO:0005686; GO:0005689; GO:0071011; GO:0005682; GO:0030532; GO:0005683; GO:0034715; GO:0097526","GO:0003723; GO:0019899; GO:0005515; GO:0071208; GO:0071209"
"P62424","RPL7A",-0.867269927022196,0.272451384712088,126,99.6783400161857,0.296395567408188,168,10.13,144,193,"weight_sensitive_candidate","RPL7A","ribosomal protein L7a [Source:HGNC Symbol;Acc:HGNC:10364]","translation; cytoplasmic translation; maturation of LSU-rRNA","ribonucleoprotein complex; nucleus; cytoplasm; focal adhesion; nucleolus; ribosome; cytosolic large ribosomal subunit; cytosol; membrane; cytosolic ribosome; synapse","RNA binding; protein binding; structural constituent of ribosome; cadherin binding","GO:0006412; GO:0002181; GO:0000470","GO:1990904; GO:0005634; GO:0005737; GO:0005925; GO:0005730; GO:0005840; GO:0022625; GO:0005829; GO:0016020; GO:0022626; GO:0045202","GO:0003723; GO:0005515; GO:0003735; GO:0045296"
"P62495","ETF1",-0.720182812769334,0.370791320761442,118,72.082021516001,0.281743732992297,194,10.22,179,225,"weight_sensitive_candidate","ETF1","eukaryotic translation termination factor 1 [Source:HGNC Symbol;Acc:HGNC:3477]","translational termination; translation; ribosome disassembly; protein methylation; regulation of translational termination; cytoplasmic translational termination","cytoplasm; cytosol; cytosolic ribosome; translation release factor complex","translation release factor activity; RNA binding; protein binding; ribosome binding; sequence-specific mRNA binding; aminoacyl-tRNA hydrolase activity; translation termination factor activity","GO:0006415; GO:0006412; GO:0032790; GO:0006479; GO:0006449; GO:0002184","GO:0005737; GO:0005829; GO:0022626; GO:0018444","GO:0003747; GO:0003723; GO:0005515; GO:0043022; GO:1990825; GO:0004045; GO:0008079"
"P62701","RPS4X",-0.820303827624439,0.296201657905328,126,37.5274547440456,0.286583783363403,180,9.32,165,210,"weight_sensitive_candidate","RPS4X","ribosomal protein S4 X-linked [Source:HGNC Symbol;Acc:HGNC:10424]","translation; positive regulation of cell population proliferation; positive regulation of translation; cytoplasmic translation","ribosome; nucleus; cytoplasm; membrane; focal adhesion; nucleolus; ribonucleoprotein complex; cytosolic small ribosomal subunit; nucleoplasm; cytosol; cytoplasmic ribonucleoprotein granule; cytosolic ribosome; small ribosomal subunit","structural constituent of ribosome; RNA binding; protein binding; rRNA binding","GO:0006412; GO:0008284; GO:0045727; GO:0002181","GO:0005840; GO:0005634; GO:0005737; GO:0016020; GO:0005925; GO:0005730; GO:1990904; GO:0022627; GO:0005654; GO:0005829; GO:0036464; GO:0022626; GO:0015935","GO:0003735; GO:0003723; GO:0005515; GO:0019843"
"P62750","RPL23A",-0.395638326663907,0.664795963662896,128,119.459748693897,0.272078362562505,226,15.12,206,266,"weight_sensitive_candidate","RPL23A","ribosomal protein L23a [Source:HGNC Symbol;Acc:HGNC:10317]","translation; cytoplasmic translation","ribosome; nucleus; cytoplasm; nucleolus; ribonucleoprotein complex; cytosolic large ribosomal subunit; cytosol; cytosolic ribosome","structural constituent of ribosome; rRNA binding; RNA binding; protein binding; cadherin binding; TORC2 complex binding","GO:0006412; GO:0002181","GO:0005840; GO:0005634; GO:0005737; GO:0005730; GO:1990904; GO:0022625; GO:0005829; GO:0022626","GO:0003735; GO:0019843; GO:0003723; GO:0005515; GO:0045296; GO:1904841"
"P62753","RPS6",-0.631124724574207,0.448464175744655,142,986.652991681606,0.306693373675105,150,11.23,127,175,"weight_sensitive_candidate","RPS6","ribosomal protein S6 [Source:HGNC Symbol;Acc:HGNC:10429]","translation; positive regulation of apoptotic process; rRNA processing; positive regulation of cell population proliferation; TOR signaling; glucose homeostasis; ribosomal small subunit assembly; cellular response to ethanol; negative regulation of bicellular tight junction assembly; cytoplasmic translation","ribosome; nucleus; cytoplasm; membrane; endoplasmic reticulum; cytosol; nucleolus; ribonucleoprotein complex; cytosolic ribosome; cytosolic small ribosomal subunit; nucleoplasm; presynapse; small ribosomal subunit; cytoplasmic ribonucleoprotein granule; dendrite; cell body","structural constituent of ribosome; RNA binding; protein binding; protein kinase binding; mRNA binding","GO:0006412; GO:0043065; GO:0006364; GO:0008284; GO:0031929; GO:0042593; GO:0000028; GO:0071361; GO:1903347; GO:0002181","GO:0005840; GO:0005634; GO:0005737; GO:0016020; GO:0005783; GO:0005829; GO:0005730; GO:1990904; GO:0022626; GO:0022627; GO:0005654; GO:0098793; GO:0015935; GO:0036464; GO:0030425; GO:0044297","GO:0003735; GO:0003723; GO:0005515; GO:0019901; GO:0003729"
"P62805","H4C6",3.55592798697397,5.47234143321341e-06,58,747.806861085123,0.459474181835044,42,1.95,38,47,"weight_sensitive_candidate","H4C4; H4C13; H4C6; H4C3; H4C8; H4C11; H4C5; H4C16; H4C9; H4C2; H4C12; H4C1; H4C15; H4C14","H4 clustered histone 4 [Source:HGNC Symbol;Acc:HGNC:4782]; H4 clustered histone 13 [Source:HGNC Symbol;Acc:HGNC:4791]; H4 clustered histone 6 [Source:HGNC Symbol;Acc:HGNC:4783]; H4 clustered histone 3 [Source:HGNC Symbol;Acc:HGNC:4787]; H4 clustered histone 8 [Source:HGNC Symbol;Acc:HGNC:4788]; H4 clustered histone 11 [Source:HGNC Symbol;Acc:HGNC:4785]; H4 clustered histone 5 [Source:HGNC Symbol;Acc:HGNC:4790]; H4 histone 16 [Source:HGNC Symbol;Acc:HGNC:20510]; H4 clustered histone 9 [Source:HGNC Symbol;Acc:HGNC:4793]; H4 clustered histone 2 [Source:HGNC Symbol;Acc:HGNC:4789]; H4 clustered histone 12 [Source:HGNC Symbol;Acc:HGNC:4784]; H4 clustered histone 1 [Source:HGNC Symbol;Acc:HGNC:4781]; H4 clustered histone 15 [Source:HGNC Symbol;Acc:HGNC:29607]; H4 clustered histone 14 [Source:HGNC Symbol;Acc:HGNC:4794]","nucleosome assembly; chromatin organization; protein localization to CENP-A containing chromatin; telomere organization; nucleosome assembly; chromatin organization; protein localization to CENP-A containing chromatin; telomere organization; nucleosome assembly; chromatin organization; protein localization to CENP-A containing chromatin; telomere organization; nucleosome assembly; chromatin organization; protein localization to CENP-A containing chromatin; telomere organization; nucleosome assembly; chromatin organization; protein localization to CENP-A containing chromatin; telomere organization; nucleosome assembly; chromatin organization; protein localization to CENP-A containing chromatin; telomere organization; nucleosome assembly; chromatin organization; protein localization to CENP-A containing chromatin; telomere organization; nucleosome assembly; chromatin organization; protein localization to CENP-A containing chromatin; telomere organization; nucleosome assembly; chromatin organization; protein localization to CENP-A containing chromatin; telomere organization; nucleosome assembly; chromatin organization; protein localization to CENP-A containing chromatin; telomere organization; nucleosome assembly; chromatin organization; protein localization to CENP-A containing chromatin; telomere organization; nucleosome assembly; chromatin organization; protein localization to CENP-A containing chromatin; telomere organization; nucleosome assembly; chromatin organization; protein localization to CENP-A containing chromatin; telomere organization; nucleosome assembly; chromatin organization; protein localization to CENP-A containing chromatin; telomere organization","nucleosome; chromosome, telomeric region; nucleus; membrane; chromosome; extracellular region; protein-containing complex; nucleoplasm; CENP-A containing nucleosome; nucleosome; chromosome, telomeric region; nucleus; membrane; chromosome; extracellular region; protein-containing complex; nucleoplasm; CENP-A containing nucleosome; nucleosome; chromosome, telomeric region; nucleus; membrane; chromosome; extracellular region; protein-containing complex; nucleoplasm; CENP-A containing nucleosome; nucleosome; chromosome, telomeric region; nucleus; membrane; chromosome; extracellular region; protein-containing complex; nucleoplasm; CENP-A containing nucleosome; chromosome, telomeric region; nucleus; membrane; chromosome; extracellular region; protein-containing complex; nucleosome; nucleoplasm; CENP-A containing nucleosome; nucleosome; chromosome, telomeric region; nucleus; membrane; chromosome; extracellular region; protein-containing complex; nucleoplasm; CENP-A containing nucleosome; nucleosome; chromosome, telomeric region; nucleus; membrane; chromosome; extracellular region; protein-containing complex; nucleoplasm; CENP-A containing nucleosome; chromosome, telomeric region; nucleus; membrane; chromosome; extracellular region; protein-containing complex; nucleosome; nucleoplasm; CENP-A containing nucleosome; nucleosome; chromosome, telomeric region; nucleus; membrane; chromosome; extracellular region; protein-containing complex; nucleoplasm; CENP-A containing nucleosome; nucleosome; chromosome, telomeric region; nucleus; membrane; chromosome; extracellular region; protein-containing complex; nucleoplasm; CENP-A containing nucleosome; nucleosome; chromosome, telomeric region; nucleus; membrane; chromosome; extracellular region; protein-containing complex; nucleoplasm; CENP-A containing nucleosome; nucleosome; chromosome, telomeric region; nucleus; membrane; chromosome; extracellular region; protein-containing complex; nucleoplasm; CENP-A containing nucleosome; chromosome, telomeric region; nucleus; membrane; chromosome; extracellular region; protein-containing complex; nucleosome; nucleoplasm; CENP-A containing nucleosome; nucleosome; chromosome, telomeric region; nucleus; membrane; chromosome; extracellular region; protein-containing complex; nucleoplasm; CENP-A containing nucleosome","DNA binding; structural constituent of chromatin; protein heterodimerization activity; RNA binding; protein binding; DNA binding; structural constituent of chromatin; protein heterodimerization activity; RNA binding; protein binding; DNA binding; structural constituent of chromatin; protein heterodimerization activity; RNA binding; protein binding; DNA binding; structural constituent of chromatin; protein heterodimerization activity; RNA binding; protein binding; RNA binding; DNA binding; protein binding; protein heterodimerization activity; structural constituent of chromatin; DNA binding; structural constituent of chromatin; protein heterodimerization activity; RNA binding; protein binding; DNA binding; structural constituent of chromatin; protein heterodimerization activity; RNA binding; protein binding; RNA binding; DNA binding; protein binding; protein heterodimerization activity; structural constituent of chromatin; DNA binding; structural constituent of chromatin; protein heterodimerization activity; RNA binding; protein binding; DNA binding; structural constituent of chromatin; protein heterodimerization activity; RNA binding; protein binding; DNA binding; structural constituent of chromatin; protein heterodimerization activity; RNA binding; protein binding; DNA binding; structural constituent of chromatin; protein heterodimerization activity; RNA binding; protein binding; RNA binding; DNA binding; protein binding; protein heterodimerization activity; structural constituent of chromatin; DNA binding; structural constituent of chromatin; protein heterodimerization activity; RNA binding; protein binding","GO:0006334; GO:0006325; GO:0061644; GO:0032200; GO:0006334; GO:0006325; GO:0061644; GO:0032200; GO:0006334; GO:0006325; GO:0061644; GO:0032200; GO:0006334; GO:0006325; GO:0061644; GO:0032200; GO:0006334; GO:0006325; GO:0061644; GO:0032200; GO:0006334; GO:0006325; GO:0061644; GO:0032200; GO:0006334; GO:0006325; GO:0061644; GO:0032200; GO:0006334; GO:0006325; GO:0061644; GO:0032200; GO:0006334; GO:0006325; GO:0061644; GO:0032200; GO:0006334; GO:0006325; GO:0061644; GO:0032200; GO:0006334; GO:0006325; GO:0061644; GO:0032200; GO:0006334; GO:0006325; GO:0061644; GO:0032200; GO:0006334; GO:0006325; GO:0061644; GO:0032200; GO:0006334; GO:0006325; GO:0061644; GO:0032200","GO:0000786; GO:0000781; GO:0005634; GO:0016020; GO:0005694; GO:0005576; GO:0032991; GO:0005654; GO:0043505; GO:0000786; GO:0000781; GO:0005634; GO:0016020; GO:0005694; GO:0005576; GO:0032991; GO:0005654; GO:0043505; GO:0000786; GO:0000781; GO:0005634; GO:0016020; GO:0005694; GO:0005576; GO:0032991; GO:0005654; GO:0043505; GO:0000786; GO:0000781; GO:0005634; GO:0016020; GO:0005694; GO:0005576; GO:0032991; GO:0005654; GO:0043505; GO:0000781; GO:0005634; GO:0016020; GO:0005694; GO:0005576; GO:0032991; GO:0000786; GO:0005654; GO:0043505; GO:0000786; GO:0000781; GO:0005634; GO:0016020; GO:0005694; GO:0005576; GO:0032991; GO:0005654; GO:0043505; GO:0000786; GO:0000781; GO:0005634; GO:0016020; GO:0005694; GO:0005576; GO:0032991; GO:0005654; GO:0043505; GO:0000781; GO:0005634; GO:0016020; GO:0005694; GO:0005576; GO:0032991; GO:0000786; GO:0005654; GO:0043505; GO:0000786; GO:0000781; GO:0005634; GO:0016020; GO:0005694; GO:0005576; GO:0032991; GO:0005654; GO:0043505; GO:0000786; GO:0000781; GO:0005634; GO:0016020; GO:0005694; GO:0005576; GO:0032991; GO:0005654; GO:0043505; GO:0000786; GO:0000781; GO:0005634; GO:0016020; GO:0005694; GO:0005576; GO:0032991; GO:0005654; GO:0043505; GO:0000786; GO:0000781; GO:0005634; GO:0016020; GO:0005694; GO:0005576; GO:0032991; GO:0005654; GO:0043505; GO:0000781; GO:0005634; GO:0016020; GO:0005694; GO:0005576; GO:0032991; GO:0000786; GO:0005654; GO:0043505; GO:0000786; GO:0000781; GO:0005634; GO:0016020; GO:0005694; GO:0005576; GO:0032991; GO:0005654; GO:0043505","GO:0003677; GO:0030527; GO:0046982; GO:0003723; GO:0005515; GO:0003677; GO:0030527; GO:0046982; GO:0003723; GO:0005515; GO:0003677; GO:0030527; GO:0046982; GO:0003723; GO:0005515; GO:0003677; GO:0030527; GO:0046982; GO:0003723; GO:0005515; GO:0003723; GO:0003677; GO:0005515; GO:0046982; GO:0030527; GO:0003677; GO:0030527; GO:0046982; GO:0003723; GO:0005515; GO:0003677; GO:0030527; GO:0046982; GO:0003723; GO:0005515; GO:0003723; GO:0003677; GO:0005515; GO:0046982; GO:0030527; GO:0003677; GO:0030527; GO:0046982; GO:0003723; GO:0005515; GO:0003677; GO:0030527; GO:0046982; GO:0003723; GO:0005515; GO:0003677; GO:0030527; GO:0046982; GO:0003723; GO:0005515; GO:0003677; GO:0030527; GO:0046982; GO:0003723; GO:0005515; GO:0003723; GO:0003677; GO:0005515; GO:0046982; GO:0030527; GO:0003677; GO:0030527; GO:0046982; GO:0003723; GO:0005515"
"P62841","RPS15",-1.16456327746028,0.188135498266396,128,73.5851516554719,0.310423951207538,143,8.71,121,164,"weight_sensitive_candidate","RPS15","ribosomal protein S15 [Source:HGNC Symbol;Acc:HGNC:10388]","translation; rRNA processing; osteoblast differentiation; cytoplasmic translation; positive regulation of signal transduction by p53 class mediator; ribosomal small subunit assembly; ribosomal small subunit export from nucleus; liver regeneration","ribosome; small ribosomal subunit; nucleus; cytoplasm; membrane; focal adhesion; nucleoplasm; ribonucleoprotein complex; cytosolic small ribosomal subunit; cytosol; cytosolic ribosome; synapse","structural constituent of ribosome; RNA binding; DNA binding; protein binding; MDM2/MDM4 family protein binding; ubiquitin ligase inhibitor activity","GO:0006412; GO:0006364; GO:0001649; GO:0002181; GO:1901798; GO:0000028; GO:0000056; GO:0097421","GO:0005840; GO:0015935; GO:0005634; GO:0005737; GO:0016020; GO:0005925; GO:0005654; GO:1990904; GO:0022627; GO:0005829; GO:0022626; GO:0045202","GO:0003735; GO:0003723; GO:0003677; GO:0005515; GO:0097371; GO:1990948"
"P62847","RPS24",-0.736034017402908,0.373116239598141,128,71.1667510711404,0.286936442064196,178,9.88,162,208,"weight_sensitive_candidate","RPS24","ribosomal protein S24 [Source:HGNC Symbol;Acc:HGNC:10411]","translation; rRNA processing; cytoplasmic translation; erythrocyte homeostasis","ribosome; nucleus; cytoplasm; membrane; endoplasmic reticulum; cytosol; nucleolus; ribonucleoprotein complex; cytosolic small ribosomal subunit; nucleoplasm; small ribosomal subunit; cytosolic ribosome","structural constituent of ribosome; RNA binding; translation initiation factor binding","GO:0006412; GO:0006364; GO:0002181; GO:0034101","GO:0005840; GO:0005634; GO:0005737; GO:0016020; GO:0005783; GO:0005829; GO:0005730; GO:1990904; GO:0022627; GO:0005654; GO:0015935; GO:0022626","GO:0003735; GO:0003723; GO:0031369"
"P62851","RPS25",-1.15688186006583,0.117920416080853,128,86.3507566099235,0.314605958162135,139,8.64,115,159,"weight_sensitive_candidate","RPS25","ribosomal protein S25 [Source:HGNC Symbol;Acc:HGNC:10413]","translation; cytoplasmic translation; rRNA processing","nucleus; cytoplasm; nucleolus; ribonucleoprotein complex; ribosome; cytosolic ribosome; cytosolic small ribosomal subunit; nucleoplasm; cytosol; small ribosomal subunit; postsynaptic density; synapse","RNA binding; protein binding; structural constituent of ribosome","GO:0006412; GO:0002181; GO:0006364","GO:0005634; GO:0005737; GO:0005730; GO:1990904; GO:0005840; GO:0022626; GO:0022627; GO:0005654; GO:0005829; GO:0015935; GO:0014069; GO:0045202","GO:0003723; GO:0005515; GO:0003735"
"P62877","RBX1",1.4167648550524,0.0562639605082138,18,448.436400933909,0.232858970372861,297,1.23,296,300,"robust_candidate","RBX1","ring-box 1 [Source:HGNC Symbol;Acc:HGNC:9928]","apoptotic process; protein ubiquitination; autophagosome assembly; DNA repair; DNA damage response; cellular response to oxidative stress; spermatogenesis; positive regulation of canonical NF-kappaB signal transduction; ubiquitin-dependent protein catabolic process; lysosome organization; positive regulation of autophagy; cellular response to amino acid starvation; positive regulation of transcription by RNA polymerase II; G1/S transition of mitotic cell cycle; positive regulation of protein catabolic process; protein polyubiquitination; SCF-dependent proteasomal ubiquitin-dependent protein catabolic process; protein K48-linked ubiquitination; response to oxidative stress; cellular response to UV; positive regulation of proteasomal ubiquitin-dependent protein catabolic process; proteasome-mediated ubiquitin-dependent protein catabolic process; negative regulation of canonical NF-kappaB signal transduction; cytokine-mediated signaling pathway; T cell activation; transcription by RNA polymerase II; negative regulation of TORC1 signaling; cellular response to amino acid stimulus; type I interferon-mediated signaling pathway; cellular response to nutrient levels; positive regulation of translation; renal sodium ion absorption; TORC1 signaling; negative regulation of autophagy; negative regulation of type I interferon production; mitophagy; p38MAPK cascade; negative regulation of proteasomal ubiquitin-dependent protein catabolic process; protein neddylation; regulation of mitotic cell cycle; transcription elongation by RNA polymerase II; signal transduction in response to DNA damage; protein monoubiquitination; insulin receptor signaling pathway; DNA damage response, signal transduction by p53 class mediator; positive regulation of TORC1 signaling; negative regulation of insulin receptor signaling pathway; negative regulation of ubiquitin-dependent protein catabolic process; epithelial to mesenchymal transition; negative regulation of response to oxidative stress; negative regulation of signal transduction by p53 class mediator; MAPK cascade; base-excision repair, AP site formation via deaminated base removal; post-translational protein modification; transcription-coupled nucleotide-excision repair; cellular response to chemical stress; regulation of cellular response to insulin stimulus; protein catabolic process; miRNA-mediated gene silencing by mRNA destabilization; positive regulation of epithelial cell apoptotic process; negative regulation of canonical Wnt signaling pathway; negative regulation of mitophagy; positive regulation of protein autoubiquitination","nucleus; cytoplasm; nucleoplasm; cytosol; Cul4-RING E3 ubiquitin ligase complex; SCF ubiquitin ligase complex; Cul2-RING ubiquitin ligase complex; Cul4A-RING E3 ubiquitin ligase complex; Cul4B-RING E3 ubiquitin ligase complex; Cul3-RING ubiquitin ligase complex; site of DNA damage; Cul5-RING ubiquitin ligase complex; VCB complex; cullin-RING ubiquitin ligase complex; Cul7-RING ubiquitin ligase complex","zinc ion binding; transferase activity; metal ion binding; protein binding; ubiquitin protein ligase binding; ubiquitin protein ligase activity; ubiquitin-protein transferase activity; cullin family protein binding; RNA polymerase II-specific DNA-binding transcription factor binding; molecular adaptor activity; NEDD8 transferase activity; ubiquitin-ubiquitin ligase activity; protein-containing complex binding; NEDD8 ligase activity","GO:0006915; GO:0016567; GO:0000045; GO:0006281; GO:0006974; GO:0034599; GO:0007283; GO:0043123; GO:0006511; GO:0007040; GO:0010508; GO:0034198; GO:0045944; GO:0000082; GO:0045732; GO:0000209; GO:0031146; GO:0070936; GO:0006979; GO:0034644; GO:0032436; GO:0043161; GO:0043124; GO:0019221; GO:0042110; GO:0006366; GO:1904262; GO:0071230; GO:0060337; GO:0031669; GO:0045727; GO:0070294; GO:0038202; GO:0010507; GO:0032480; GO:0000423; GO:0038066; GO:0032435; GO:0045116; GO:0007346; GO:0006368; GO:0042770; GO:0006513; GO:0008286; GO:0030330; GO:1904263; GO:0046627; GO:2000059; GO:0001837; GO:1902883; GO:1901797; GO:0000165; GO:0097510; GO:0043687; GO:0006283; GO:0062197; GO:1900076; GO:0030163; GO:0035279; GO:1904037; GO:0090090; GO:1901525; GO:1902499","GO:0005634; GO:0005737; GO:0005654; GO:0005829; GO:0080008; GO:0019005; GO:0031462; GO:0031464; GO:0031465; GO:0031463; GO:0090734; GO:0031466; GO:0030891; GO:0031461; GO:0031467","GO:0008270; GO:0016740; GO:0046872; GO:0005515; GO:0031625; GO:0061630; GO:0004842; GO:0097602; GO:0061629; GO:0060090; GO:0019788; GO:0034450; GO:0044877; GO:0061663"
"P62888","RPL30",-0.562811989018574,0.523291823201886,126,165.261416776549,0.282462659741009,192,11.21,178,226,"weight_sensitive_candidate","RPL30","ribosomal protein L30 [Source:HGNC Symbol;Acc:HGNC:10333]","translation; killing of cells of another organism; defense response to Gram-negative bacterium; antimicrobial humoral immune response mediated by antimicrobial peptide; cytoplasmic translation","cytosolic large ribosomal subunit; nucleus; cytoplasm; membrane; focal adhesion; ribonucleoprotein complex; ribosome; cytosol; cytosolic ribosome; postsynaptic density; synapse","structural constituent of ribosome; RNA binding; protein binding","GO:0006412; GO:0031640; GO:0050829; GO:0061844; GO:0002181","GO:0022625; GO:0005634; GO:0005737; GO:0016020; GO:0005925; GO:1990904; GO:0005840; GO:0005829; GO:0022626; GO:0014069; GO:0045202","GO:0003735; GO:0003723; GO:0005515"
"P62906","RPL10A",-0.820572453560381,0.295395911400926,118,55.2204635861568,0.285697412748848,185,8.38,171,211,"weight_sensitive_candidate","RPL10A","ribosomal protein L10a [Source:HGNC Symbol;Acc:HGNC:10299]","translation; cytoplasmic translation; response to ethanol","large ribosomal subunit; nucleus; cytoplasm; membrane; focal adhesion; ribonucleoprotein complex; ribosome; cytosolic large ribosomal subunit; cytosol; cytosolic ribosome; postsynaptic density","structural constituent of ribosome; RNA binding; protein binding","GO:0006412; GO:0002181; GO:0045471","GO:0015934; GO:0005634; GO:0005737; GO:0016020; GO:0005925; GO:1990904; GO:0005840; GO:0022625; GO:0005829; GO:0022626; GO:0014069","GO:0003735; GO:0003723; GO:0005515"
"P62910","RPL32",-0.46226919827194,0.629863691206271,120,39.724441355893,0.263493433051276,244,14.62,219,281,"weight_sensitive_candidate","RPL32","ribosomal protein L32 [Source:HGNC Symbol;Acc:HGNC:10336]","translation; cytoplasmic translation","ribosome; cytoplasm; membrane; ribonucleoprotein complex; cytosolic large ribosomal subunit; cytosol; cytosolic ribosome","structural constituent of ribosome; RNA binding","GO:0006412; GO:0002181","GO:0005840; GO:0005737; GO:0016020; GO:1990904; GO:0022625; GO:0005829; GO:0022626","GO:0003735; GO:0003723"
"P62913","RPL11",-0.488452193192995,0.589897966943207,128,161.519349825203,0.279153059465915,200,13.09,181,235,"weight_sensitive_candidate","RPL11","ribosomal protein L11 [Source:HGNC Symbol;Acc:HGNC:10301]","translation; rRNA processing; regulation of signal transduction by p53 class mediator; negative regulation of proteasomal ubiquitin-dependent protein catabolic process; protein targeting; protein localization to nucleus; cytoplasmic translation; positive regulation of gene expression; protein stabilization; ribosomal large subunit assembly; negative regulation of ubiquitin protein ligase activity; negative regulation of ubiquitin-dependent protein catabolic process; negative regulation of protein neddylation; positive regulation of protein binding; positive regulation of signal transduction by p53 class mediator","ribosome; nucleus; cytoplasm; membrane; nucleoplasm; nucleolus; ribonucleoprotein complex; cytosolic large ribosomal subunit; cytosol; protein-containing complex; cytosolic ribosome","structural constituent of ribosome; RNA binding; protein binding; rRNA binding; ubiquitin protein ligase binding; 5S rRNA binding; ubiquitin ligase inhibitor activity","GO:0006412; GO:0006364; GO:1901796; GO:0032435; GO:0006605; GO:0034504; GO:0002181; GO:0010628; GO:0050821; GO:0000027; GO:1904667; GO:2000059; GO:2000435; GO:0032092; GO:1901798","GO:0005840; GO:0005634; GO:0005737; GO:0016020; GO:0005654; GO:0005730; GO:1990904; GO:0022625; GO:0005829; GO:0032991; GO:0022626","GO:0003735; GO:0003723; GO:0005515; GO:0019843; GO:0031625; GO:0008097; GO:1990948"
"P62979","RPS27A",-2.29030107893188,0.00100845325724085,198,19356.9952588532,0.462583508455575,41,4.93,31,51,"weight_sensitive_candidate","RPS27A","ribosomal protein S27a [Source:HGNC Symbol;Acc:HGNC:10417]","translation; protein ubiquitination; cytoplasmic translation; modification-dependent protein catabolic process","ribosome; nucleus; cytoplasm; extracellular space; membrane; endoplasmic reticulum; cytosol; nucleolus; vesicle; ribonucleoprotein complex; plasma membrane; nucleoplasm; endoplasmic reticulum membrane; endosome membrane; mitochondrial outer membrane; endocytic vesicle membrane; cytosolic ribosome; cytosolic small ribosomal subunit; synapse","structural constituent of ribosome; protein binding; RNA binding; metal ion binding; zinc ion binding; ubiquitin protein ligase binding; protein tag activity","GO:0006412; GO:0016567; GO:0002181; GO:0019941","GO:0005840; GO:0005634; GO:0005737; GO:0005615; GO:0016020; GO:0005783; GO:0005829; GO:0005730; GO:0031982; GO:1990904; GO:0005886; GO:0005654; GO:0005789; GO:0010008; GO:0005741; GO:0030666; GO:0022626; GO:0022627; GO:0045202","GO:0003735; GO:0005515; GO:0003723; GO:0046872; GO:0008270; GO:0031625; GO:0031386"
"P62993","GRB2",-0.8963579770301,0.227452987130314,60,2174.50539889592,0.279692764224009,198,7.51,189,220,"weight_sensitive_candidate","GRB2","growth factor receptor bound protein 2 [Source:HGNC Symbol;Acc:HGNC:4566]","actin cytoskeleton organization; negative regulation of natural killer cell mediated cytotoxicity; T cell activation; epidermal growth factor receptor signaling pathway; signal transduction; T cell costimulation; Ras protein signal transduction; insulin receptor signaling pathway; regulation of MAPK cascade; positive regulation of reactive oxygen species metabolic process; signal transduction in response to DNA damage; receptor internalization; fibroblast growth factor receptor signaling pathway; positive regulation of actin filament polymerization; endodermal cell differentiation; negative regulation of epidermal growth factor receptor signaling pathway; anatomical structure formation involved in morphogenesis; branching involved in labyrinthine layer morphogenesis; Schwann cell development; myelination; insulin-like growth factor receptor signaling pathway; B cell receptor signaling pathway","nucleus; cytoplasm; Golgi apparatus; cytosol; endosome; centrosome; COP9 signalosome; plasma membrane; nucleoplasm; cell cortex; cell-cell junction; vesicle membrane; membrane","protein binding; RNA binding; identical protein binding; protein-macromolecule adaptor activity; ephrin receptor binding; protein domain specific binding; epidermal growth factor receptor binding; phosphotyrosine residue binding; protein kinase binding; insulin receptor substrate binding; neurotrophin TRKA receptor binding; guanyl-nucleotide exchange factor adaptor activity; transmembrane receptor protein tyrosine kinase adaptor activity; protein phosphatase binding","GO:0030036; GO:0045953; GO:0042110; GO:0007173; GO:0007165; GO:0031295; GO:0007265; GO:0008286; GO:0043408; GO:2000379; GO:0042770; GO:0031623; GO:0008543; GO:0030838; GO:0035987; GO:0042059; GO:0048646; GO:0060670; GO:0014044; GO:0042552; GO:0048009; GO:0050853","GO:0005634; GO:0005737; GO:0005794; GO:0005829; GO:0005768; GO:0005813; GO:0008180; GO:0005886; GO:0005654; GO:0005938; GO:0005911; GO:0012506; GO:0016020","GO:0005515; GO:0003723; GO:0042802; GO:0030674; GO:0046875; GO:0019904; GO:0005154; GO:0001784; GO:0019901; GO:0043560; GO:0005168; GO:0005091; GO:0005068; GO:0019903"
"P63104","YWHAZ",-0.845228539016531,0.266995133442499,20,620.563637853558,0.205480284918286,332,5.06,326,341,"weight_sensitive_candidate","YWHAZ","tyrosine 3-monooxygenase/tryptophan 5-monooxygenase activation protein zeta [Source:HGNC Symbol;Acc:HGNC:12855]","signal transduction; lysosome organization; negative regulation of TORC1 signaling; cellular response to nutrient levels; TORC1 signaling; negative regulation of innate immune response; negative regulation of protein localization to nucleus; negative regulation of transcription by RNA polymerase II; negative regulation of apoptotic process; protein phosphorylation; establishment of Golgi localization; Golgi reassembly; protein localization; regulation of lysosome organization; regulation of protein stability; regulation of synapse maturation; protein targeting; regulation of programmed cell death; angiogenesis; respiratory system process; synaptic target recognition; lung development; tube formation","nucleus; cytoplasm; extracellular space; cytosol; focal adhesion; vesicle; nucleoplasm; blood microparticle; glutamatergic synapse","RNA binding; protein binding; identical protein binding; monooxygenase activity; protein kinase binding; DNA-binding transcription factor binding; cadherin binding; protein phosphatase binding; ubiquitin protein ligase binding; transmembrane transporter binding; phosphoserine residue binding; protein domain specific binding","GO:0007165; GO:0007040; GO:1904262; GO:0031669; GO:0038202; GO:0045824; GO:1900181; GO:0000122; GO:0043066; GO:0006468; GO:0051683; GO:0090168; GO:0008104; GO:1905671; GO:0031647; GO:0090128; GO:0006605; GO:0043067; GO:0001525; GO:0003016; GO:0008039; GO:0030324; GO:0035148","GO:0005634; GO:0005737; GO:0005615; GO:0005829; GO:0005925; GO:0031982; GO:0005654; GO:0072562; GO:0098978","GO:0003723; GO:0005515; GO:0042802; GO:0004497; GO:0019901; GO:0140297; GO:0045296; GO:0019903; GO:0031625; GO:0044325; GO:0050815; GO:0019904"
"P63151","PPP2R2A",-0.977733492545209,0.176971453365167,10,32.3570194068005,0.154866892106798,381,2.76,376,387,"weight_sensitive_candidate","PPP2R2A","protein phosphatase 2 regulatory subunit Balpha [Source:HGNC Symbol;Acc:HGNC:9304]","regulation of chromosome segregation; response to morphine; protein dephosphorylation","synapse; glutamatergic synapse; nucleoplasm; cytosol","protein phosphatase regulator activity; protein binding; protein-containing complex binding; tau protein binding; protein phosphatase 2A binding; enzyme-substrate adaptor activity","GO:0051983; GO:0043278; GO:0006470","GO:0045202; GO:0098978; GO:0005654; GO:0005829","GO:0019888; GO:0005515; GO:0044877; GO:0048156; GO:0051721; GO:0140767"
"P63173","RPL38",-2.21452820216015,0.002279353622106,124,62.1272313217056,0.383777793687731,73,5.4,64,86,"weight_sensitive_candidate","RPL38","ribosomal protein L38 [Source:HGNC Symbol;Acc:HGNC:10349]","translation; cytoplasmic translation; protein-RNA complex assembly; skeletal system development; ossification; regulation of translation; sensory perception of sound; 90S preribosome assembly; axial mesoderm development","ribosome; cytoplasm; focal adhesion; ribonucleoprotein complex; cytosolic large ribosomal subunit; cytosol; cytosolic ribosome; postsynaptic density; synapse; eukaryotic 80S initiation complex","structural constituent of ribosome; protein binding; RNA binding","GO:0006412; GO:0002181; GO:0022618; GO:0001501; GO:0001503; GO:0006417; GO:0007605; GO:0034463; GO:0048318","GO:0005840; GO:0005737; GO:0005925; GO:1990904; GO:0022625; GO:0005829; GO:0022626; GO:0014069; GO:0045202; GO:0033291","GO:0003735; GO:0005515; GO:0003723"
"P68366","TUBA4A",-2.03770198252481,0.00387491451998847,8,1229.05864473411,0.242987695945917,285,7.19,258,293,"weight_sensitive_candidate","TUBA4A","tubulin alpha 4a [Source:HGNC Symbol;Acc:HGNC:12407]","microtubule-based process; microtubule cytoskeleton organization; mitotic cell cycle","microtubule; cytoplasm; cytoskeleton; cilium; microtubule cytoskeleton; extracellular region; cytosol","GTP binding; structural constituent of cytoskeleton; hydrolase activity; metal ion binding; nucleotide binding; protein binding; protein kinase binding; enzyme binding","GO:0007017; GO:0000226; GO:0000278","GO:0005874; GO:0005737; GO:0005856; GO:0005929; GO:0015630; GO:0005576; GO:0005829","GO:0005525; GO:0005200; GO:0016787; GO:0046872; GO:0000166; GO:0005515; GO:0019901; GO:0019899"
"P78324","SIRPA",-2.52432617843842,0.000510750998777688,10,8.77284128730233,0.253578710239737,264,9.21,228,270,"weight_sensitive_candidate","SIRPA","signal regulatory protein alpha [Source:HGNC Symbol;Acc:HGNC:9662]","cell-cell adhesion; positive regulation of reactive oxygen species metabolic process; cell adhesion; positive regulation of phagocytosis; positive regulation of T cell activation; negative regulation of phagocytosis; regulation of nitric oxide biosynthetic process; negative regulation of nitric oxide biosynthetic process; regulation of gene expression; negative regulation of inflammatory response; cell migration; monocyte extravasation; negative regulation of canonical NF-kappaB signal transduction; negative regulation of lipopolysaccharide-mediated signaling pathway; cellular response to type II interferon; heterotypic cell-cell adhesion; negative regulation of JNK cascade; cellular response to interleukin-1; cellular response to interleukin-12; negative regulation of macrophage inflammatory protein 1 alpha production; negative regulation of chemokine (C-C motif) ligand 5 production; negative regulation of cytokine production involved in inflammatory response","membrane; plasma membrane; tertiary granule membrane","protein binding; protein phosphatase binding; cell-cell adhesion mediator activity; protein tyrosine kinase binding; protein phosphatase inhibitor activity; protein binding involved in heterotypic cell-cell adhesion; GTPase regulator activity; protein antigen binding","GO:0098609; GO:2000379; GO:0007155; GO:0050766; GO:0050870; GO:0050765; GO:0045428; GO:0045019; GO:0010468; GO:0050728; GO:0016477; GO:0035696; GO:0043124; GO:0031665; GO:0071346; GO:0034113; GO:0046329; GO:0071347; GO:0071349; GO:0071641; GO:0071650; GO:1900016","GO:0016020; GO:0005886; GO:0070821","GO:0005515; GO:0019903; GO:0098632; GO:1990782; GO:0004864; GO:0086080; GO:0030695; GO:1990405"
"P78406","RAE1",-1.26431198786588,0.0705291057813224,8,10.9419749062365,0.154424631224238,382,1.12,382,385,"robust_candidate","RAE1","ribonucleic acid export 1 [Source:HGNC Symbol;Acc:HGNC:9828]","cell division; RNA export from nucleus; nucleocytoplasmic transport; transcription-dependent tethering of RNA polymerase II gene DNA at nuclear periphery; regulation of mitotic spindle organization; mRNA export from nucleus","nucleus; cytoplasm; nucleoplasm; fibrillar center; cytoskeleton; nuclear envelope; spindle pole; mitotic spindle pole; nuclear pore","protein binding; microtubule binding; RNA binding; ubiquitin binding","GO:0051301; GO:0006405; GO:0006913; GO:0000972; GO:0060236; GO:0006406","GO:0005634; GO:0005737; GO:0005654; GO:0001650; GO:0005856; GO:0005635; GO:0000922; GO:0097431; GO:0005643","GO:0005515; GO:0008017; GO:0003723; GO:0043130"
"P80188","LCN2",-3.90698613844667,3.19492470284671e-06,24,1877.31144274306,0.435738378523192,51,1.18,49,53,"robust_candidate","LCN2","lipocalin 2 [Source:HGNC Symbol;Acc:HGNC:6526]","apoptotic process; monoatomic ion transport; immune system process; innate immune response; defense response to bacterium; iron ion transport; siderophore transport; response to xenobiotic stimulus; response to virus; response to bacterium; extrinsic apoptotic signaling pathway in absence of ligand; acute-phase response; response to oxidative stress; short-term memory; long-term memory; response to toxic substance; response to blue light; response to fructose; response to iron(II) ion; positive regulation of endothelial cell migration; positive regulation of gene expression; positive regulation of cell projection organization; response to nutrient levels; cellular response to nutrient levels; response to lipopolysaccharide; cellular response to increased oxygen levels; positive regulation of apoptotic process; positive regulation of neuron apoptotic process; cellular response to lipopolysaccharide; cellular response to interleukin-1; cellular response to interleukin-6; cellular response to tumor necrosis factor; cellular response to hypoxia; positive regulation of hippocampal neuron apoptotic process; negative regulation of hippocampal neuron apoptotic process; positive regulation of reactive oxygen species biosynthetic process; response to kainic acid; positive regulation of iron ion import across plasma membrane; cellular response to amyloid-beta; positive regulation of endothelial tube morphogenesis; cellular response to nerve growth factor stimulus; positive regulation of reactive oxygen species metabolic process","extracellular region; extracellular space; cytoplasmic vesicle; cytoplasmic vesicle lumen; specific granule lumen","small molecule binding; protein binding; identical protein binding; iron ion binding; enterobactin binding; protease binding","GO:0006915; GO:0006811; GO:0002376; GO:0045087; GO:0042742; GO:0006826; GO:0015891; GO:0009410; GO:0009615; GO:0009617; GO:0097192; GO:0006953; GO:0006979; GO:0007614; GO:0007616; GO:0009636; GO:0009637; GO:0009750; GO:0010040; GO:0010595; GO:0010628; GO:0031346; GO:0031667; GO:0031669; GO:0032496; GO:0036295; GO:0043065; GO:0043525; GO:0071222; GO:0071347; GO:0071354; GO:0071356; GO:0071456; GO:0110090; GO:0110091; GO:1903428; GO:1904373; GO:1904440; GO:1904646; GO:1905956; GO:1990090; GO:2000379","GO:0005576; GO:0005615; GO:0031410; GO:0060205; GO:0035580","GO:0036094; GO:0005515; GO:0042802; GO:0005506; GO:1903981; GO:0002020"
"P98088","MUC5AC",4.39352642557257,1.60341639645922e-06,10,58.2002604155223,0.388233486253483,72,2.35,67,76,"weight_sensitive_candidate","MUC5AC","mucin 5AC, oligomeric mucus/gel-forming [Source:HGNC Symbol;Acc:HGNC:7515]","","extracellular region; extracellular space; plasma membrane; Golgi lumen; extracellular matrix; mucus layer","protein binding; metal ion binding; extracellular matrix structural constituent","","GO:0005576; GO:0005615; GO:0005886; GO:0005796; GO:0031012; GO:0070701","GO:0005515; GO:0046872; GO:0005201"
"P98160","HSPG2",2.80571113228391,0.000170177766246557,28,527.752174532791,0.359288284822956,89,0.99,87,92,"robust_candidate","HSPG2","heparan sulfate proteoglycan 2 [Source:HGNC Symbol;Acc:HGNC:5273]","cell differentiation; angiogenesis; brain development; circulatory system development; negative regulation of angiogenesis; receptor-mediated endocytosis; inflammatory response; response to hypoxia; positive regulation of endothelial cell proliferation; lipid metabolic process; negative regulation of cell adhesion; smoothened signaling pathway; embryo implantation; negative regulation of cell population proliferation; response to xenobiotic stimulus; animal organ regeneration","extracellular space; extracellular region; focal adhesion; basement membrane; extracellular matrix; plasma membrane; Golgi lumen; neuron projection; lysosomal lumen; plasma membrane protein complex","protein binding; calcium ion binding; metal ion binding; amyloid-beta binding; low-density lipoprotein particle receptor binding; extracellular matrix structural constituent conferring compression resistance","GO:0030154; GO:0001525; GO:0007420; GO:0072359; GO:0016525; GO:0006898; GO:0006954; GO:0001666; GO:0001938; GO:0006629; GO:0007162; GO:0007224; GO:0007566; GO:0008285; GO:0009410; GO:0031100","GO:0005615; GO:0005576; GO:0005925; GO:0005604; GO:0031012; GO:0005886; GO:0005796; GO:0043005; GO:0043202; GO:0098797","GO:0005515; GO:0005509; GO:0046872; GO:0001540; GO:0050750; GO:0030021"
"P98196","ATP11A",-2.45292957528926,0.000903881547144489,8,1,0.222986132490421,311,6.4,300,319,"weight_sensitive_candidate","ATP11A","ATPase phospholipid transporting 11A [Source:HGNC Symbol;Acc:HGNC:13552]","phospholipid transport; lipid transport; phospholipid translocation; regulation of membrane lipid distribution; positive regulation of myotube differentiation","membrane; plasma membrane; endosome; Golgi apparatus; endoplasmic reticulum; endoplasmic reticulum membrane; endomembrane system; lysosomal membrane; early endosome; phospholipid-translocating ATPase complex; recycling endosome; specific granule membrane; tertiary granule membrane","ATP binding; nucleotide binding; ATP hydrolysis activity; transporter activity; ATPase-coupled intramembrane lipid transporter activity; metal ion binding; protein binding; phosphatidylethanolamine flippase activity; phosphatidylserine floppase activity","GO:0015914; GO:0006869; GO:0045332; GO:0097035; GO:0010831","GO:0016020; GO:0005886; GO:0005768; GO:0005794; GO:0005783; GO:0005789; GO:0012505; GO:0005765; GO:0005769; GO:1990531; GO:0055037; GO:0035579; GO:0070821","GO:0005524; GO:0000166; GO:0016887; GO:0005215; GO:0140326; GO:0046872; GO:0005515; GO:0090555; GO:0090556"
"Q00535","CDK5",0.558432978278688,0.519791177713795,10,428.448502185447,0.148389314867972,391,5.3,384,405,"weight_sensitive_candidate","CDK5","cyclin dependent kinase 5 [Source:HGNC Symbol;Acc:HGNC:1774]","protein phosphorylation; apoptotic process; nervous system development; regulation of cell cycle; rhythmic process; cell division; regulation of apoptotic process; actin cytoskeleton organization; regulation of synaptic plasticity; neuron migration; synaptic transmission, dopaminergic; intracellular protein transport; cell-matrix adhesion; axonogenesis; synapse assembly; skeletal muscle tissue development; motor neuron axon guidance; associative learning; Schwann cell development; cell migration; sensory perception of pain; telencephalon development; cerebellum development; cerebellar cortex development; cerebellar cortex formation; hippocampus development; layer formation in cerebral cortex; central nervous system neuron development; cerebral cortex development; corpus callosum development; neuron differentiation; regulation of cell migration; negative regulation of axon extension; forebrain development; negative regulation of protein ubiquitination; negative regulation of synaptic plasticity; receptor catabolic process; synaptic transmission, glutamatergic; protein localization to synapse; response to cocaine; receptor clustering; negative regulation of cell cycle; positive regulation of calcium ion-dependent exocytosis; negative regulation of protein export from nucleus; behavioral response to cocaine; dendrite morphogenesis; neuron apoptotic process; establishment of localization in cell; regulation of postsynaptic membrane potential; excitatory postsynaptic potential; positive regulation of protein targeting to membrane; regulation of synaptic transmission, glutamatergic; regulation of dendritic spine morphogenesis; regulation of protein localization to plasma membrane; neuron projection development; chemical synaptic transmission; microtubule cytoskeleton organization; cellular response to amyloid-beta; synaptic vesicle transport; regulation of macroautophagy; positive regulation of neuron apoptotic process; axon extension; synaptic vesicle exocytosis; synaptic vesicle endocytosis; oligodendrocyte differentiation; regulation of cell cycle phase transition; regulation of synaptic vesicle recycling; negative regulation of calcium ion-dependent exocytosis of neurotransmitter; negative regulation of proteolysis; negative regulation of DNA-templated transcription","nucleus; cytoplasm; plasma membrane; membrane; postsynaptic density; cell projection; synapse; nucleoplasm; dendrite; cell junction; axon; growth cone; postsynapse; lamellipodium; perikaryon; neuronal cell body; cytosol; filopodium; protein kinase 5 complex; presynapse; microtubule; neuron projection; neuromuscular junction; cyclin-dependent protein kinase holoenzyme complex","ATP binding; protein kinase activity; transferase activity; nucleotide binding; protein serine/threonine kinase activity; kinase activity; protein binding; p53 binding; ErbB-2 class receptor binding; signaling receptor inhibitor activity; acetylcholine receptor activator activity; ErbB-3 class receptor binding; Hsp90 protein binding; tau protein binding; tau-protein kinase activity; cyclin-dependent protein serine/threonine kinase activity; ionotropic glutamate receptor binding","GO:0006468; GO:0006915; GO:0007399; GO:0051726; GO:0048511; GO:0051301; GO:0042981; GO:0030036; GO:0048167; GO:0001764; GO:0001963; GO:0006886; GO:0007160; GO:0007409; GO:0007416; GO:0007519; GO:0008045; GO:0008306; GO:0014044; GO:0016477; GO:0019233; GO:0021537; GO:0021549; GO:0021695; GO:0021697; GO:0021766; GO:0021819; GO:0021954; GO:0021987; GO:0022038; GO:0030182; GO:0030334; GO:0030517; GO:0030900; GO:0031397; GO:0031914; GO:0032801; GO:0035249; GO:0035418; GO:0042220; GO:0043113; GO:0045786; GO:0045956; GO:0046826; GO:0048148; GO:0048813; GO:0051402; GO:0051649; GO:0060078; GO:0060079; GO:0090314; GO:0051966; GO:0061001; GO:1903076; GO:0031175; GO:0007268; GO:0000226; GO:1904646; GO:0048489; GO:0016241; GO:0043525; GO:0048675; GO:0016079; GO:0048488; GO:0048709; GO:1901987; GO:1903421; GO:1903234; GO:0045861; GO:0045892","GO:0005634; GO:0005737; GO:0005886; GO:0016020; GO:0014069; GO:0042995; GO:0045202; GO:0005654; GO:0030425; GO:0030054; GO:0030424; GO:0030426; GO:0098794; GO:0030027; GO:0043204; GO:0043025; GO:0005829; GO:0030175; GO:0016533; GO:0098793; GO:0005874; GO:0043005; GO:0031594; GO:0000307","GO:0005524; GO:0004672; GO:0016740; GO:0000166; GO:0004674; GO:0016301; GO:0005515; GO:0002039; GO:0005176; GO:0030547; GO:0030549; GO:0043125; GO:0051879; GO:0048156; GO:0050321; GO:0004693; GO:0035255"
"Q00839","HNRNPU",-1.75991278739995,0.019014257287747,52,45.3178325190349,0.297395992095771,165,2.82,161,173,"weight_sensitive_candidate","HNRNPU","heterogeneous nuclear ribonucleoprotein U [Source:HGNC Symbol;Acc:HGNC:5048]","chromatin organization; mRNA splicing, via spliceosome; RNA splicing; mRNA processing; rhythmic process; cell division; regulation of gene expression; positive regulation of macromolecule biosynthetic process; cell differentiation; negative regulation of transcription by RNA polymerase II; positive regulation of transcription by RNA polymerase II; regulation of mitotic spindle assembly; dosage compensation by inactivation of X chromosome; RNA processing; osteoblast differentiation; circadian regulation of gene expression; regulation of chromatin organization; mRNA stabilization; positive regulation of brown fat cell differentiation; regulation of mitotic cell cycle; CRD-mediated mRNA stabilization; cellular response to glucocorticoid stimulus; adaptive thermogenesis; positive regulation of DNA topoisomerase (ATP-hydrolyzing) activity; negative regulation of nuclear-transcribed mRNA catabolic process, deadenylation-dependent decay; positive regulation of cytoplasmic translation; negative regulation of transcription elongation by RNA polymerase II; negative regulation of stem cell differentiation; positive regulation of stem cell proliferation; negative regulation of kinase activity; maintenance of protein location in nucleus; regulatory ncRNA-mediated heterochromatin formation; random inactivation of X chromosome; gene expression; erythrocyte differentiation; brown fat cell differentiation; cardiac muscle cell development; mRNA metabolic process; positive regulation of attachment of mitotic spindle microtubules to kinetochore; protein localization to spindle microtubule; RNA localization to chromatin; cellular response to leukemia inhibitory factor","telomerase holoenzyme complex; nucleus; spliceosomal complex; cytoplasm; nuclear speck; membrane; nucleoplasm; cytoskeleton; chromosome; kinetochore; ribonucleoprotein complex; chromosome, centromeric region; spindle; midbody; centrosome; mitotic spindle; protein-containing complex; spindle pole; dendrite; RNA polymerase II transcription regulator complex; catalytic step 2 spliceosome; cytosol; nuclear chromosome; mitotic spindle midzone; cytoplasmic ribonucleoprotein granule; CRD-mediated mRNA stability complex; mitotic spindle microtubule","protein binding; RNA binding; nucleotide binding; actin binding; ATP binding; DNA binding; identical protein binding; transcription corepressor activity; RNA polymerase II cis-regulatory region sequence-specific DNA binding; double-stranded DNA binding; sequence-specific double-stranded DNA binding; protein-containing complex binding; double-stranded RNA binding; RNA polymerase II complex binding; mRNA 3'-UTR binding; pre-mRNA binding; chromatin binding; poly(A) binding; single-stranded RNA binding; chromatin DNA binding; promoter-specific chromatin binding; single-stranded DNA binding; ribonucleoprotein complex binding; poly(G) binding; snRNA binding; TFIIH-class transcription factor complex binding; piRNA binding; sequence-specific DNA binding; RNA polymerase II C-terminal domain binding","GO:0006325; GO:0000398; GO:0008380; GO:0006397; GO:0048511; GO:0051301; GO:0010468; GO:0010557; GO:0030154; GO:0000122; GO:0045944; GO:1901673; GO:0009048; GO:0006396; GO:0001649; GO:0032922; GO:1902275; GO:0048255; GO:0090336; GO:0007346; GO:0070934; GO:0071385; GO:1990845; GO:2000373; GO:1900152; GO:2000767; GO:0034244; GO:2000737; GO:2000648; GO:0033673; GO:0051457; GO:0031048; GO:0060816; GO:0010467; GO:0030218; GO:0050873; GO:0055013; GO:0016071; GO:1902425; GO:1902889; GO:1990280; GO:1990830","GO:0005697; GO:0005634; GO:0005681; GO:0005737; GO:0016607; GO:0016020; GO:0005654; GO:0005856; GO:0005694; GO:0000776; GO:1990904; GO:0000775; GO:0005819; GO:0030496; GO:0005813; GO:0072686; GO:0032991; GO:0000922; GO:0030425; GO:0090575; GO:0071013; GO:0005829; GO:0000228; GO:1990023; GO:0036464; GO:0070937; GO:1990498","GO:0005515; GO:0003723; GO:0000166; GO:0003779; GO:0005524; GO:0003677; GO:0042802; GO:0003714; GO:0000978; GO:0003690; GO:1990837; GO:0044877; GO:0003725; GO:0000993; GO:0003730; GO:0036002; GO:0003682; GO:0008143; GO:0003727; GO:0031490; GO:1990841; GO:0003697; GO:0043021; GO:0034046; GO:0017069; GO:0001097; GO:0034584; GO:0043565; GO:0099122"
"Q01081","U2AF1",0.270961621728269,0.772881630309184,42,461.416569578398,0.212406205561332,326,8.18,311,343,"weight_sensitive_candidate","U2AF1","U2 small nuclear RNA auxiliary factor 1 [Source:HGNC Symbol;Acc:HGNC:12453]","mRNA splicing, via spliceosome; RNA splicing; mRNA processing","U2AF complex; nucleus; spliceosomal complex; nuclear speck; nucleoplasm; catalytic step 2 spliceosome; Cajal body","metal ion binding; RNA binding; nucleic acid binding; protein binding; zinc ion binding; pre-mRNA 3'-splice site binding; RS domain binding","GO:0000398; GO:0008380; GO:0006397","GO:0089701; GO:0005634; GO:0005681; GO:0016607; GO:0005654; GO:0071013; GO:0015030","GO:0046872; GO:0003723; GO:0003676; GO:0005515; GO:0008270; GO:0030628; GO:0050733"
"Q01105","SET",-1.51273530845769,0.0353592826623636,4,0,0.11749650617449,416,0.76,415,417,"robust_candidate","SET","SET nuclear proto-oncogene [Source:HGNC Symbol;Acc:HGNC:10760]","nucleosome assembly; negative regulation of DNA-templated transcription; nucleosome disassembly; DNA replication; negative regulation of neuron apoptotic process","nucleus; cytoplasm; nucleoplasm; cytosol; endoplasmic reticulum; perinuclear region of cytoplasm; lipid droplet; protein-containing complex; chromatin","DNA binding; protein binding; histone binding; chromatin binding; protein phosphatase regulator activity; protein phosphatase inhibitor activity","GO:0006334; GO:0045892; GO:0006337; GO:0006260; GO:0043524","GO:0005634; GO:0005737; GO:0005654; GO:0005829; GO:0005783; GO:0048471; GO:0005811; GO:0032991; GO:0000785","GO:0003677; GO:0005515; GO:0042393; GO:0003682; GO:0019888; GO:0004864"
"Q01130","SRSF2",-0.0123325412286981,0.992286810402825,54,658.539512891292,0.216397977014339,321,10.09,304,342,"weight_sensitive_candidate","SRSF2","serine and arginine rich splicing factor 2 [Source:HGNC Symbol;Acc:HGNC:10783]","RNA splicing; mRNA processing; negative regulation of DNA-templated transcription","nucleus; nuclear speck; cytosol; nucleoplasm","RNA binding; nucleic acid binding; protein binding; transcription corepressor activity; mRNA binding","GO:0008380; GO:0006397; GO:0045892","GO:0005634; GO:0016607; GO:0005829; GO:0005654","GO:0003723; GO:0003676; GO:0005515; GO:0003714; GO:0003729"
"Q01469","FABP5",-3.97968588535628,2.78026660215199e-07,4,30.0527749131199,0.332673821114221,114,12.95,94,148,"weight_sensitive_candidate","FABP5","fatty acid binding protein 5 [Source:HGNC Symbol;Acc:HGNC:3560]","lipid transport; fatty acid transport; glucose metabolic process; lipid metabolic process; phosphatidylcholine biosynthetic process; negative regulation of D-glucose transmembrane transport; glucose homeostasis; regulation of prostaglandin biosynthetic process; positive regulation of peroxisome proliferator activated receptor signaling pathway; regulation of sensory perception of pain; retrograde trans-synaptic signaling by endocannabinoid; epidermis development; long-chain fatty acid transport; lipid transport across blood-brain barrier","nucleus; cytoplasm; extracellular region; postsynaptic density; synapse; plasma membrane; nucleoplasm; cytosol; glutamatergic synapse; extracellular space; secretory granule membrane; azurophil granule lumen","lipid binding; identical protein binding; protein binding; fatty acid binding; retinoic acid binding; long-chain fatty acid transmembrane transporter activity","GO:0006869; GO:0015908; GO:0006006; GO:0006629; GO:0006656; GO:0010829; GO:0042593; GO:0031392; GO:0035360; GO:0051930; GO:0098921; GO:0008544; GO:0015909; GO:1990379","GO:0005634; GO:0005737; GO:0005576; GO:0014069; GO:0045202; GO:0005886; GO:0005654; GO:0005829; GO:0098978; GO:0005615; GO:0030667; GO:0035578","GO:0008289; GO:0042802; GO:0005515; GO:0005504; GO:0001972; GO:0005324"
"Q01973","ROR1",2.9881860572328,4.98436354001869e-05,2,0,0.198015241127718,342,8.34,323,354,"weight_sensitive_candidate","ROR1","receptor tyrosine kinase like orphan receptor 1 [Source:HGNC Symbol;Acc:HGNC:10256]","protein phosphorylation; cell surface receptor protein tyrosine kinase signaling pathway; Wnt signaling pathway; positive regulation of canonical NF-kappaB signal transduction; sensory perception of sound; cell population proliferation; positive regulation of NF-kappaB transcription factor activity; inner ear development; astrocyte development","plasma membrane; membrane; cell projection; axon; cytoplasm; receptor complex; axon terminus; stress fiber","ATP binding; protein binding; protein kinase activity; transferase activity; nucleotide binding; kinase activity; signaling receptor activity; coreceptor activity; Wnt receptor activity; transmembrane receptor protein tyrosine kinase activity","GO:0006468; GO:0007169; GO:0016055; GO:0043123; GO:0007605; GO:0008283; GO:0051092; GO:0048839; GO:0014002","GO:0005886; GO:0016020; GO:0042995; GO:0030424; GO:0005737; GO:0043235; GO:0043679; GO:0001725","GO:0005524; GO:0005515; GO:0004672; GO:0016740; GO:0000166; GO:0016301; GO:0038023; GO:0015026; GO:0042813; GO:0004714"
"Q02388","COL7A1",1.91790167956124,0.0278961419662246,2,0,0.107094507458805,423,2.39,419,429,"weight_sensitive_candidate","COL7A1","collagen type VII alpha 1 chain [Source:HGNC Symbol;Acc:HGNC:2214]","cell adhesion; epidermis development; endodermal cell differentiation","extracellular region; extracellular space; endoplasmic reticulum lumen; collagen trimer; basement membrane; extracellular matrix; endoplasmic reticulum-Golgi intermediate compartment membrane; COPII-coated ER to Golgi transport vesicle; collagen type VII trimer","protein binding; serine-type endopeptidase inhibitor activity; peptidase inhibitor activity; extracellular matrix structural constituent conferring tensile strength","GO:0007155; GO:0008544; GO:0035987","GO:0005576; GO:0005615; GO:0005788; GO:0005581; GO:0005604; GO:0031012; GO:0033116; GO:0030134; GO:0005590","GO:0005515; GO:0004867; GO:0030414; GO:0030020"
"Q02487","DSC2",-4.52255988848587,1.63545348741805e-07,4,0,0.333950509139297,113,14.18,92,143,"weight_sensitive_candidate","DSC2","desmocollin 2 [Source:HGNC Symbol;Acc:HGNC:3036]","homophilic cell adhesion via plasma membrane adhesion molecules; cell adhesion; positive regulation of p38MAPK cascade; cell-cell adhesion; regulation of heart rate by cardiac conduction; bundle of His cell-Purkinje myocyte adhesion involved in cell communication; regulation of ventricular cardiac muscle cell action potential; cardiac muscle cell-cardiac muscle cell adhesion; cellular response to starvation","membrane; plasma membrane; endoplasmic reticulum; anchoring junction; cytoplasmic vesicle; cell junction; intercalated disc; desmosome; cornified envelope; adherens junction","calcium ion binding; metal ion binding; protein binding; cell adhesive protein binding involved in bundle of His cell-Purkinje myocyte communication","GO:0007156; GO:0007155; GO:1900745; GO:0098609; GO:0086091; GO:0086073; GO:0098911; GO:0086042; GO:0009267","GO:0016020; GO:0005886; GO:0005783; GO:0070161; GO:0031410; GO:0030054; GO:0014704; GO:0030057; GO:0001533; GO:0005912","GO:0005509; GO:0046872; GO:0005515; GO:0086083"
"Q02543","RPL18A",-0.527881862411775,0.562323057979755,124,62.1272313217056,0.272275477376468,225,13.97,207,265,"weight_sensitive_candidate","RPL18A","ribosomal protein L18a [Source:HGNC Symbol;Acc:HGNC:10311]","translation; cytoplasmic translation","ribosome; cytoplasm; membrane; ribonucleoprotein complex; cytosolic large ribosomal subunit; cytosol; cytosolic ribosome; postsynaptic density","structural constituent of ribosome; RNA binding; protein binding","GO:0006412; GO:0002181","GO:0005840; GO:0005737; GO:0016020; GO:1990904; GO:0022625; GO:0005829; GO:0022626; GO:0014069","GO:0003735; GO:0003723; GO:0005515"
"Q02809","PLOD1",3.04570454947546,4.34191155749454e-05,12,0,0.286009999981419,184,19.74,162,225,"weight_sensitive_candidate","PLOD1","procollagen-lysine,2-oxoglutarate 5-dioxygenase 1 [Source:HGNC Symbol;Acc:HGNC:9081]","response to hypoxia; peptidyl-lysine hydroxylation; collagen fibril organization; epidermis development","membrane; endoplasmic reticulum; extracellular space; rough endoplasmic reticulum membrane; endoplasmic reticulum membrane; Golgi apparatus; catalytic complex","procollagen-lysine 5-dioxygenase activity; iron ion binding; oxidoreductase activity, acting on paired donors, with incorporation or reduction of molecular oxygen; L-ascorbic acid binding; metal ion binding; protein binding; oxidoreductase activity; dioxygenase activity","GO:0001666; GO:0017185; GO:0030199; GO:0008544","GO:0016020; GO:0005783; GO:0005615; GO:0030867; GO:0005789; GO:0005794; GO:1902494","GO:0008475; GO:0005506; GO:0016705; GO:0031418; GO:0046872; GO:0005515; GO:0016491; GO:0051213"
"Q02878","RPL6",-0.525425640668288,0.545914979917982,126,84.8262342635098,0.275600014028506,216,13.62,195,252,"weight_sensitive_candidate","RPL6","ribosomal protein L6 [Source:HGNC Symbol;Acc:HGNC:10362]","translation; cytoplasmic translation; regulation of DNA-templated transcription","ribosome; nucleus; cytoplasm; membrane; cytosol; focal adhesion; endoplasmic reticulum; rough endoplasmic reticulum; ribonucleoprotein complex; cytosolic large ribosomal subunit; large ribosomal subunit; cytoplasmic ribonucleoprotein granule; cytosolic ribosome; postsynaptic density; synapse","structural constituent of ribosome; RNA binding; protein binding; cadherin binding; DNA binding","GO:0006412; GO:0002181; GO:0006355","GO:0005840; GO:0005634; GO:0005737; GO:0016020; GO:0005829; GO:0005925; GO:0005783; GO:0005791; GO:1990904; GO:0022625; GO:0015934; GO:0036464; GO:0022626; GO:0014069; GO:0045202","GO:0003735; GO:0003723; GO:0005515; GO:0045296; GO:0003677"
"Q03135","CAV1",1.41948974730054,0.0432169357153363,66,4244.09130831297,0.324359736952814,126,7.86,111,137,"weight_sensitive_candidate","CAV1","caveolin 1 [Source:HGNC Symbol;Acc:HGNC:1527]","caveola assembly; negative regulation of protein ubiquitination; negative regulation of transcription by RNA polymerase II; receptor internalization; negative regulation of canonical Wnt signaling pathway; apoptotic signaling pathway; caveolin-mediated endocytosis; T cell costimulation; cell differentiation; positive regulation of extrinsic apoptotic signaling pathway; positive regulation of intrinsic apoptotic signaling pathway; negative regulation of pinocytosis; positive regulation of cell migration; positive regulation of canonical NF-kappaB signal transduction; toll-like receptor 4 signaling pathway; regulation of toll-like receptor 4 signaling pathway; vesicle organization; negative regulation of MAPK cascade; canonical Wnt signaling pathway; negative regulation of receptor signaling pathway via JAK-STAT; intracellular calcium ion homeostasis; skeletal muscle tissue development; calcium ion transport; calcium ion homeostasis; protein localization; regulation of heart rate by cardiac conduction; positive regulation of ERAD pathway; lipid storage; negative regulation of endothelial cell proliferation; positive regulation of protein ubiquitination; nitric oxide metabolic process; cellular response to hyperoxia; regulation of cytosolic calcium ion concentration; angiotensin-activated signaling pathway; positive regulation of gap junction assembly; cholesterol transport; vasculogenesis; negative regulation of epithelial cell differentiation; triglyceride metabolic process; positive regulation of vasoconstriction; response to calcium ion; positive regulation of calcium ion transport into cytosol; negative regulation of anoikis; response to hypoxia; regulation of cell communication by electrical coupling involved in cardiac conduction; regulation of entry of bacterium into host cell; mammary gland development; cellular response to peptide hormone stimulus; regulation of ventricular cardiac muscle cell action potential; regulation of cardiac muscle cell action potential involved in regulation of contraction; negative regulation of nitric oxide biosynthetic process; regulation of blood coagulation; receptor-mediated endocytosis of virus by host cell; regulation of membrane repolarization during action potential; cellular response to misfolded protein; negative regulation of potassium ion transmembrane transport; MAPK cascade; endothelial cell proliferation; glandular epithelial cell differentiation; nitric oxide biosynthetic process; cell population proliferation; cytokine-mediated signaling pathway; fibroblast proliferation; lactation; angiogenesis; negative regulation of cytokine-mediated signaling pathway; regulation of the force of heart contraction; response to ischemia; regulation of the force of heart contraction by chemical signal; regulation of smooth muscle contraction; negative regulation of cell population proliferation; negative regulation of signal transduction; protein transport; regulation of fatty acid metabolic process; response to progesterone; intracellular nitric oxide homeostasis; vasoconstriction; response to estrogen; muscle cell cellular homeostasis; negative regulation of fibroblast proliferation; establishment of localization in cell; membrane depolarization; mammary gland involution; basement membrane organization; response to bacterium; post-transcriptional regulation of gene expression; positive regulation of gene expression; maintenance of protein location in cell; protein localization to plasma membrane raft; negative regulation of necroptotic process; regulation of ruffle assembly; protein localization to basolateral plasma membrane; negative regulation of BMP signaling pathway; cellular response to starvation","plasma membrane; membrane; Golgi apparatus; endosome; focal adhesion; cytoplasmic vesicle; perinuclear region of cytoplasm; membrane raft; protein-containing complex; caveola; endocytic vesicle membrane; endoplasmic reticulum membrane; endoplasmic reticulum; lipid droplet; early endosome membrane; acrosomal membrane; cilium; cell cortex; caveolar macromolecular signaling complex","protein binding; enzyme binding; transmembrane transporter binding; protein kinase binding; molecular adaptor activity; signaling receptor binding; identical protein binding; oxysterol binding; protein-containing complex binding; ATPase binding; nitric-oxide synthase binding; patched binding; cholesterol binding; peptidase activator activity; protein tyrosine kinase inhibitor activity; protein-macromolecule adaptor activity; small GTPase binding; protein heterodimerization activity","GO:0070836; GO:0031397; GO:0000122; GO:0031623; GO:0090090; GO:0097190; GO:0072584; GO:0031295; GO:0030154; GO:2001238; GO:2001244; GO:0048550; GO:0030335; GO:0043123; GO:0034142; GO:0034143; GO:0016050; GO:0043409; GO:0060070; GO:0046426; GO:0006874; GO:0007519; GO:0006816; GO:0055074; GO:0008104; GO:0086091; GO:1904294; GO:0019915; GO:0001937; GO:0031398; GO:0046209; GO:0071455; GO:0051480; GO:0038166; GO:1903598; GO:0030301; GO:0001570; GO:0030857; GO:0006641; GO:0045907; GO:0051592; GO:0010524; GO:2000811; GO:0001666; GO:1901844; GO:2000535; GO:0030879; GO:0071375; GO:0098911; GO:0098909; GO:0045019; GO:0030193; GO:0019065; GO:0098903; GO:0071218; GO:1901380; GO:0000165; GO:0001935; GO:0002067; GO:0006809; GO:0008283; GO:0019221; GO:0048144; GO:0007595; GO:0001525; GO:0001960; GO:0002026; GO:0002931; GO:0003057; GO:0006940; GO:0008285; GO:0009968; GO:0015031; GO:0019217; GO:0032570; GO:0033484; GO:0042310; GO:0043627; GO:0046716; GO:0048147; GO:0051649; GO:0051899; GO:0060056; GO:0071711; GO:0009617; GO:0010608; GO:0010628; GO:0032507; GO:0044860; GO:0060546; GO:1900027; GO:1903361; GO:0030514; GO:0009267","GO:0005886; GO:0016020; GO:0005794; GO:0005768; GO:0005925; GO:0031410; GO:0048471; GO:0045121; GO:0032991; GO:0005901; GO:0030666; GO:0005789; GO:0005783; GO:0005811; GO:0031901; GO:0002080; GO:0005929; GO:0005938; GO:0002095","GO:0005515; GO:0019899; GO:0044325; GO:0019901; GO:0060090; GO:0005102; GO:0042802; GO:0008142; GO:0044877; GO:0051117; GO:0050998; GO:0005113; GO:0015485; GO:0016504; GO:0030292; GO:0030674; GO:0031267; GO:0046982"
"Q03405","PLAUR",-1.37484905162068,0.0493034740877009,12,76.5861024844221,0.196948036994473,344,1.82,340,345,"weight_sensitive_candidate","PLAUR","plasminogen activator, urokinase receptor [Source:HGNC Symbol;Acc:HGNC:9053]","blood coagulation; regulation of proteolysis; chemotaxis; signal transduction; positive regulation of protein phosphorylation; negative regulation of apoptotic process; regulation of cell adhesion; urokinase plasminogen activator signaling pathway; regulation of fibrinolysis; positive regulation of DNA binding; positive regulation of epidermal growth factor receptor signaling pathway; positive regulation of release of cytochrome c from mitochondria; negative regulation of intrinsic apoptotic signaling pathway; positive regulation of homotypic cell-cell adhesion","extracellular region; plasma membrane; membrane; cell projection; focal adhesion; anchoring junction; side of membrane; endoplasmic reticulum membrane; specific granule membrane; endoplasmic reticulum lumen; extrinsic component of membrane; serine-type endopeptidase complex; protein complex involved in cell-matrix adhesion","enzyme binding; protein binding; signaling receptor activity; signaling receptor binding; protein domain specific binding; urokinase plasminogen activator receptor activity","GO:0007596; GO:0030162; GO:0006935; GO:0007165; GO:0001934; GO:0043066; GO:0030155; GO:0038195; GO:0051917; GO:0043388; GO:0045742; GO:0090200; GO:2001243; GO:0034112","GO:0005576; GO:0005886; GO:0016020; GO:0042995; GO:0005925; GO:0070161; GO:0098552; GO:0005789; GO:0035579; GO:0005788; GO:0019898; GO:1905370; GO:0098637","GO:0019899; GO:0005515; GO:0038023; GO:0005102; GO:0019904; GO:0030377"
"Q04721","NOTCH2",2.00645275011886,0.00435619654308597,8,513.787510345528,0.234282160720423,296,5.77,279,309,"weight_sensitive_candidate","NOTCH2","notch receptor 2 [Source:HGNC Symbol;Acc:HGNC:7882]","regulation of DNA-templated transcription; multicellular organism development; apoptotic process; cell differentiation; Notch signaling pathway; regulation of developmental process; cellular response to tumor cell; nervous system development; negative regulation of apoptotic process; negative regulation of macromolecule biosynthetic process; intracellular signal transduction; regulation of apoptotic process; positive regulation of transcription by RNA polymerase II; positive regulation of miRNA transcription; negative regulation of gene expression; positive regulation of cell population proliferation; hemopoiesis; regulation of hemopoiesis; pulmonary valve morphogenesis; positive regulation of Ras protein signal transduction; positive regulation of smooth muscle cell differentiation; cardiac septum morphogenesis; animal organ morphogenesis; cell fate determination; axon guidance; bone remodeling; atrioventricular node development; atrial septum morphogenesis; cell population proliferation; BMP signaling pathway; negative regulation of transcription by RNA polymerase II; in utero embryonic development; liver development; placenta development; morphogenesis of an epithelial sheet; inflammatory response to antigenic stimulus; regulation of transcription by RNA polymerase II; humoral immune response; determination of left/right symmetry; embryonic limb morphogenesis; positive regulation of BMP signaling pathway; multicellular organism growth; intrahepatic bile duct development; defense response to bacterium; myeloid dendritic cell differentiation; positive regulation of apoptotic process; placenta blood vessel development; ciliary body morphogenesis; hepatocyte proliferation; liver morphogenesis; cholangiocyte proliferation; heart looping; wound healing; positive regulation of osteoclast differentiation; left/right axis specification; proximal tubule development; podocyte development; glomerular capillary formation; regulation of osteoclast development","membrane; receptor complex; nucleus; cytoplasm; extracellular region; plasma membrane; nucleoplasm; Golgi apparatus; endoplasmic reticulum membrane; cilium","protein binding; calcium ion binding; signaling receptor activity; transcription coactivator activity; enzyme binding; NF-kappaB binding","GO:0006355; GO:0007275; GO:0006915; GO:0030154; GO:0007219; GO:0050793; GO:0071228; GO:0007399; GO:0043066; GO:0010558; GO:0035556; GO:0042981; GO:0045944; GO:1902895; GO:0010629; GO:0008284; GO:0030097; GO:1903706; GO:0003184; GO:0046579; GO:0051152; GO:0060411; GO:0009887; GO:0001709; GO:0007411; GO:0046849; GO:0003162; GO:0060413; GO:0008283; GO:0030509; GO:0000122; GO:0001701; GO:0001889; GO:0001890; GO:0002011; GO:0002437; GO:0006357; GO:0006959; GO:0007368; GO:0030326; GO:0030513; GO:0035264; GO:0035622; GO:0042742; GO:0043011; GO:0043065; GO:0060674; GO:0061073; GO:0072574; GO:0072576; GO:1990705; GO:0001947; GO:0042060; GO:0045672; GO:0070986; GO:0072014; GO:0072015; GO:0072104; GO:2001204","GO:0016020; GO:0043235; GO:0005634; GO:0005737; GO:0005576; GO:0005886; GO:0005654; GO:0005794; GO:0005789; GO:0005929","GO:0005515; GO:0005509; GO:0038023; GO:0003713; GO:0019899; GO:0051059"
"Q05209","PTPN12",1.59685340718661,0.0384230045612148,8,0.510128248944038,0.157492150566434,380,1.71,377,386,"weight_sensitive_candidate","PTPN12","protein tyrosine phosphatase non-receptor type 12 [Source:HGNC Symbol;Acc:HGNC:9645]","protein dephosphorylation; dephosphorylation; cellular response to epidermal growth factor stimulus; regulation of epidermal growth factor receptor signaling pathway; peptidyl-tyrosine dephosphorylation; tissue regeneration; negative regulation of ERBB signaling pathway; negative regulation of platelet-derived growth factor receptor-beta signaling pathway","cytoplasm; cell projection; focal adhesion; anchoring junction; nucleus; podosome; nucleoplasm; cytosol","protein tyrosine phosphatase activity; non-membrane spanning protein tyrosine phosphatase activity; phosphoprotein phosphatase activity; hydrolase activity; protein binding","GO:0006470; GO:0016311; GO:0071364; GO:0042058; GO:0035335; GO:0042246; GO:1901185; GO:2000587","GO:0005737; GO:0042995; GO:0005925; GO:0070161; GO:0005634; GO:0002102; GO:0005654; GO:0005829","GO:0004725; GO:0004726; GO:0004721; GO:0016787; GO:0005515"
"Q05639","EEF1A2",0.891077460947368,0.236422850779959,30,427.343348872517,0.227974890039378,304,6.01,295,320,"weight_sensitive_candidate","EEF1A2","eukaryotic translation elongation factor 1 alpha 2 [Source:HGNC Symbol;Acc:HGNC:3192]","translational elongation; translation; regulation of chaperone-mediated autophagy; positive regulation of apoptotic process; positive regulation of lipid kinase activity","cytoplasm; membrane; endoplasmic reticulum; endoplasmic reticulum membrane; synapse; eukaryotic translation elongation factor 1 complex","GTPase activity; GTP binding; translation elongation factor activity; hydrolase activity; metal ion binding; nucleotide binding; protein binding; protein kinase binding; translation factor activity, RNA binding","GO:0006414; GO:0006412; GO:1904714; GO:0043065; GO:0090218","GO:0005737; GO:0016020; GO:0005783; GO:0005789; GO:0045202; GO:0005853","GO:0003924; GO:0005525; GO:0003746; GO:0016787; GO:0046872; GO:0000166; GO:0005515; GO:0019901; GO:0008135"
"Q06481","APLP2",4.58856170361619,5.82023443184247e-08,2,0,0.314682002946473,138,23.9,109,209,"weight_sensitive_candidate","APLP2","amyloid beta precursor like protein 2 [Source:HGNC Symbol;Acc:HGNC:598]","G protein-coupled receptor signaling pathway; axonogenesis; central nervous system development","membrane; nucleus; plasma membrane; platelet alpha granule; endoplasmic reticulum lumen; platelet alpha granule membrane","serine-type endopeptidase inhibitor activity; heparin binding; transition metal ion binding; metal ion binding; peptidase inhibitor activity; DNA binding; protein binding; identical protein binding","GO:0007186; GO:0007409; GO:0007417","GO:0016020; GO:0005634; GO:0005886; GO:0031091; GO:0005788; GO:0031092","GO:0004867; GO:0008201; GO:0046914; GO:0046872; GO:0030414; GO:0003677; GO:0005515; GO:0042802"
"Q07020","RPL18",-0.576145427504724,0.494951837528504,126,84.8262342635098,0.278471447256031,204,12.97,185,240,"weight_sensitive_candidate","RPL18","ribosomal protein L18 [Source:HGNC Symbol;Acc:HGNC:10310]","translation; cytoplasmic translation","ribosome; nucleus; cytoplasm; membrane; endoplasmic reticulum; cytosol; focal adhesion; nucleolus; rough endoplasmic reticulum; ribonucleoprotein complex; cytosolic large ribosomal subunit; cytosolic ribosome","structural constituent of ribosome; protein binding; RNA binding","GO:0006412; GO:0002181","GO:0005840; GO:0005634; GO:0005737; GO:0016020; GO:0005783; GO:0005829; GO:0005925; GO:0005730; GO:0005791; GO:1990904; GO:0022625; GO:0022626","GO:0003735; GO:0005515; GO:0003723"
"Q07955","SRSF1",-1.06483734248762,0.198594939532225,76,758.613523582517,0.29341839265025,171,5.5,160,186,"weight_sensitive_candidate","SRSF1","serine and arginine rich splicing factor 1 [Source:HGNC Symbol;Acc:HGNC:10780]","mRNA splicing, via spliceosome; RNA splicing; mRNA transport; mRNA processing; regulation of RNA splicing; mRNA 5'-splice site recognition; mRNA splice site recognition; in utero embryonic development; cardiac muscle contraction; signal transduction involved in regulation of gene expression; positive regulation of RNA splicing; protein localization to nucleus; mRNA stabilization; oligodendrocyte differentiation; cellular response to interleukin-17; interleukin-17-mediated signaling pathway; liver regeneration","nucleus; spliceosomal complex; cytoplasm; nuclear speck; nucleoplasm; catalytic step 2 spliceosome; exon-exon junction complex; nuclear envelope","RNA binding; nucleic acid binding; protein binding; mRNA binding; DNA topoisomerase binding; protein kinase B binding; RS domain binding","GO:0000398; GO:0008380; GO:0051028; GO:0006397; GO:0043484; GO:0000395; GO:0006376; GO:0001701; GO:0060048; GO:0023019; GO:0033120; GO:0034504; GO:0048255; GO:0048709; GO:0097398; GO:0097400; GO:0097421","GO:0005634; GO:0005681; GO:0005737; GO:0016607; GO:0005654; GO:0071013; GO:0035145; GO:0005635","GO:0003723; GO:0003676; GO:0005515; GO:0003729; GO:0044547; GO:0043422; GO:0050733"
"Q08211","DHX9",-0.971858032144116,0.226553013521455,84,2683.45934990519,0.303663033988112,158,8.53,140,170,"weight_sensitive_candidate","DHX9","DExH-box helicase 9 [Source:HGNC Symbol;Acc:HGNC:2750]","RNA splicing; mRNA transport; mRNA processing; rhythmic process; regulation of translation; immune system process; innate immune response; chromatin organization; positive regulation of DNA repair; positive regulation of transcription by RNA polymerase II; regulatory ncRNA-mediated gene silencing; DNA replication; inflammatory response; regulation of transcription by RNA polymerase II; regulation of mRNA processing; osteoblast differentiation; RISC complex assembly; positive regulation of innate immune response; positive regulation of inflammatory response; DNA-templated transcription termination; CRD-mediated mRNA stabilization; positive regulation of NF-kappaB transcription factor activity; protein localization to cytoplasmic stress granule; pyroptotic inflammatory response; positive regulation of DNA replication; positive regulation of fibroblast proliferation; negative regulation of nuclear-transcribed mRNA catabolic process, deadenylation-dependent decay; positive regulation of cytoplasmic translation; cellular response to exogenous dsRNA; positive regulation of response to cytokine stimulus; positive regulation of RNA export from nucleus; miRNA-mediated post-transcriptional gene silencing; DNA-templated viral transcription; positive regulation of viral transcription; regulation of defense response to virus by host; protein-containing complex assembly; regulation of cytoplasmic translation","nucleus; cytoplasm; membrane; nucleoplasm; cytoskeleton; cytoplasmic ribonucleoprotein granule; nucleolus; actin cytoskeleton; ribonucleoprotein complex; nuclear body; centrosome; protein-containing complex; cytosol; nuclear stress granule; CRD-mediated mRNA stability complex; perichromatin fibrils","ATP binding; nucleic acid binding; double-stranded RNA binding; 3'-5' DNA/RNA helicase activity; RNA binding; hydrolase activity; metal ion binding; nucleotide binding; DNA binding; protein binding; helicase activity; mRNA binding; RNA helicase activity; ATP hydrolysis activity; RNA polymerase II cis-regulatory region sequence-specific DNA binding; transcription coactivator activity; double-stranded DNA binding; RNA polymerase II complex binding; ribosome binding; catalytic activity, acting on a nucleic acid; transcription coregulator activity; DNA helicase activity; 3'-5' DNA helicase activity; single-stranded RNA binding; sequence-specific mRNA binding; chromatin DNA binding; RISC complex binding; promoter-specific chromatin binding; single-stranded DNA binding; siRNA binding; RNA stem-loop binding; DNA replication origin binding; RNA polymerase binding; RNA polymerase II-specific DNA-binding transcription factor binding; nucleoside triphosphate diphosphatase activity; ribonucleoside triphosphate phosphatase activity; regulatory region RNA binding; 3'-5' RNA helicase activity; triplex DNA binding; importin-alpha family protein binding; single-stranded 3'-5' DNA helicase activity","GO:0008380; GO:0051028; GO:0006397; GO:0048511; GO:0006417; GO:0002376; GO:0045087; GO:0006325; GO:0045739; GO:0045944; GO:0031047; GO:0006260; GO:0006954; GO:0006357; GO:0050684; GO:0001649; GO:0070922; GO:0045089; GO:0050729; GO:0006353; GO:0070934; GO:0051092; GO:1903608; GO:0070269; GO:0045740; GO:0048146; GO:1900152; GO:2000767; GO:0071360; GO:0060760; GO:0046833; GO:0035195; GO:0039695; GO:0050434; GO:0050691; GO:0065003; GO:2000765","GO:0005634; GO:0005737; GO:0016020; GO:0005654; GO:0005856; GO:0036464; GO:0005730; GO:0015629; GO:1990904; GO:0016604; GO:0005813; GO:0032991; GO:0005829; GO:0097165; GO:0070937; GO:0005726","GO:0005524; GO:0003676; GO:0003725; GO:0033679; GO:0003723; GO:0016787; GO:0046872; GO:0000166; GO:0003677; GO:0005515; GO:0004386; GO:0003729; GO:0003724; GO:0016887; GO:0000978; GO:0003713; GO:0003690; GO:0000993; GO:0043022; GO:0140640; GO:0003712; GO:0003678; GO:0043138; GO:0003727; GO:1990825; GO:0031490; GO:1905172; GO:1990841; GO:0003697; GO:0035197; GO:0035613; GO:0003688; GO:0070063; GO:0061629; GO:0047429; GO:0017111; GO:0001069; GO:0034458; GO:0045142; GO:0061676; GO:1990518"
"Q08431","MFGE8",1.6238487957063,0.0163578741402874,12,71.108887604026,0.214925784672359,323,1.11,321,325,"robust_candidate","MFGE8","milk fat globule EGF and factor V/VIII domain containing [Source:HGNC Symbol;Acc:HGNC:7036]","cell adhesion; angiogenesis; single fertilization; apoptotic cell clearance","extracellular region; extracellular space; membrane; cytoplasmic vesicle; acrosomal membrane; extracellular matrix; endoplasmic reticulum lumen; extracellular vesicle","extracellular matrix structural constituent; phosphatidylserine binding; integrin binding","GO:0007155; GO:0001525; GO:0007338; GO:0043277","GO:0005576; GO:0005615; GO:0016020; GO:0031410; GO:0002080; GO:0031012; GO:0005788; GO:1903561","GO:0005201; GO:0001786; GO:0005178"
"Q08722","CD47",1.15961840593103,0.0956742996127011,20,82.5414650708168,0.2112099902416,329,3.36,322,333,"weight_sensitive_candidate","CD47","CD47 molecule [Source:HGNC Symbol;Acc:HGNC:1682]","positive regulation of cell-cell adhesion; positive regulation of inflammatory response; positive regulation of phagocytosis; apoptotic process; cell adhesion; angiogenesis; inflammatory response; positive regulation of cell population proliferation; positive regulation of immune system process; cell-cell adhesion; positive regulation of T cell activation; negative regulation of phagocytosis; regulation of nitric oxide biosynthetic process; integrin-mediated signaling pathway; cell migration; ATP export; cellular response to type II interferon; positive regulation of stress fiber assembly; heterotypic cell-cell adhesion; cellular response to interleukin-1; cellular response to interleukin-12; regulation of Fc receptor mediated stimulatory signaling pathway; positive regulation of monocyte extravasation","plasma membrane; membrane; specific granule membrane; tertiary granule membrane","protein binding; cell-cell adhesion mediator activity; protein binding involved in heterotypic cell-cell adhesion","GO:0022409; GO:0050729; GO:0050766; GO:0006915; GO:0007155; GO:0001525; GO:0006954; GO:0008284; GO:0002684; GO:0098609; GO:0050870; GO:0050765; GO:0045428; GO:0007229; GO:0016477; GO:1904669; GO:0071346; GO:0051496; GO:0034113; GO:0071347; GO:0071349; GO:0060368; GO:2000439","GO:0005886; GO:0016020; GO:0035579; GO:0070821","GO:0005515; GO:0098632; GO:0086080"
"Q12905","ILF2",-1.46318939741464,0.0383888367473233,40,10.6406529894104,0.254517750784738,260,7.44,248,277,"weight_sensitive_candidate","ILF2","interleukin enhancer binding factor 2 [Source:HGNC Symbol;Acc:HGNC:6037]","positive regulation of DNA-templated transcription","nucleus; cytoplasm; membrane; cytosol; nucleoplasm; nucleolus; ribonucleoprotein complex; extracellular region; ficolin-1-rich granule lumen; specific granule lumen; tertiary granule lumen","RNA binding; DNA binding; protein binding; double-stranded RNA binding","GO:0045893","GO:0005634; GO:0005737; GO:0016020; GO:0005829; GO:0005654; GO:0005730; GO:1990904; GO:0005576; GO:1904813; GO:0035580; GO:1904724","GO:0003723; GO:0003677; GO:0005515; GO:0003725"
"Q12913","PTPRJ",5.42996580880978,1.14071166232654e-09,6,10.5170632997308,0.445922219440107,47,3.01,39,52,"weight_sensitive_candidate","PTPRJ","protein tyrosine phosphatase receptor type J [Source:HGNC Symbol;Acc:HGNC:9673]","protein dephosphorylation; dephosphorylation; regulation of biological quality; negative regulation of cell population proliferation; immune system process; angiogenesis; negative regulation of cell migration; regulation of cell adhesion; negative regulation of cell growth; anatomical structure morphogenesis; positive regulation of intracellular signal transduction; signal transduction; negative regulation of epidermal growth factor receptor signaling pathway; hemopoiesis; positive regulation of phosphatidylinositol 3-kinase/protein kinase B signal transduction; positive regulation of cellular component organization; negative regulation of T cell receptor signaling pathway; positive regulation of cell adhesion; positive regulation of cell-matrix adhesion; negative regulation of platelet-derived growth factor receptor signaling pathway; positive regulation of immune response; negative regulation of vascular permeability; platelet-derived growth factor receptor signaling pathway; negative regulation of phosphatidylinositol 3-kinase/protein kinase B signal transduction; axon guidance; T cell receptor signaling pathway; positive regulation of focal adhesion assembly; positive chemotaxis; negative regulation of MAP kinase activity; cytokine-mediated signaling pathway; positive regulation of calcium-mediated signaling; positive regulation of MAPK cascade; peptidyl-tyrosine dephosphorylation; platelet formation; positive regulation of phagocytosis; B cell differentiation; positive regulation of Fc receptor mediated stimulatory signaling pathway; vasculogenesis; heart development; oligodendrocyte differentiation; blood coagulation; glucose homeostasis; negative regulation of insulin receptor signaling pathway; contact inhibition","extracellular region; plasma membrane; membrane; cell projection; nucleoplasm; anchoring junction; nuclear body; nucleolus; cell junction; cell-cell junction; immunological synapse; specific granule membrane","protein binding; protein tyrosine phosphatase activity; phosphoprotein phosphatase activity; hydrolase activity; cadherin binding; protein kinase binding; beta-catenin binding; phosphatase activity; gamma-catenin binding; mitogen-activated protein kinase binding; platelet-derived growth factor receptor binding","GO:0006470; GO:0016311; GO:0065008; GO:0008285; GO:0002376; GO:0001525; GO:0030336; GO:0030155; GO:0030308; GO:0009653; GO:1902533; GO:0007165; GO:0042059; GO:0030097; GO:0051897; GO:0051130; GO:0050860; GO:0045785; GO:0001954; GO:0010642; GO:0050778; GO:0043116; GO:0048008; GO:0051898; GO:0007411; GO:0050852; GO:0051894; GO:0050918; GO:0043407; GO:0019221; GO:0050850; GO:0043410; GO:0035335; GO:0030220; GO:0050766; GO:0030183; GO:0060369; GO:0001570; GO:0007507; GO:0048709; GO:0007596; GO:0042593; GO:0046627; GO:0060242","GO:0005576; GO:0005886; GO:0016020; GO:0042995; GO:0005654; GO:0070161; GO:0016604; GO:0005730; GO:0030054; GO:0005911; GO:0001772; GO:0035579","GO:0005515; GO:0004725; GO:0004721; GO:0016787; GO:0045296; GO:0019901; GO:0008013; GO:0016791; GO:0045295; GO:0051019; GO:0005161"
"Q13393","PLD1",-0.834111064916929,0.310294047235193,10,101.203637328212,0.153110976867503,384,2.95,378,391,"weight_sensitive_candidate","PLD1","phospholipase D1 [Source:HGNC Symbol;Acc:HGNC:9067]","intracellular signal transduction; phosphatidic acid biosynthetic process; lipid metabolic process; lipid catabolic process; small GTPase-mediated signal transduction; chemotaxis; regulation of microvillus assembly; Ras protein signal transduction; phospholipid catabolic process; regulation of vesicle-mediated transport; positive regulation of translation; cellular response to nutrient","cytoplasm; membrane; Golgi apparatus; endosome; endoplasmic reticulum; endoplasmic reticulum membrane; endomembrane system; perinuclear region of cytoplasm; lysosomal membrane; plasma membrane; late endosome membrane; cytoplasmic vesicle; specific granule membrane; tertiary granule membrane; endocytic vesicle; organelle subcompartment","catalytic activity; phosphatidylinositol binding; phospholipase D activity; hydrolase activity; protein binding","GO:0035556; GO:0006654; GO:0006629; GO:0016042; GO:0007264; GO:0006935; GO:0032534; GO:0007265; GO:0009395; GO:0060627; GO:0045727; GO:0031670","GO:0005737; GO:0016020; GO:0005794; GO:0005768; GO:0005783; GO:0005789; GO:0012505; GO:0048471; GO:0005765; GO:0005886; GO:0031902; GO:0031410; GO:0035579; GO:0070821; GO:0030139; GO:0031984","GO:0003824; GO:0035091; GO:0004630; GO:0016787; GO:0005515"
"Q13501","SQSTM1",1.75414226911315,0.0199034154206655,30,2116.03325166008,0.294566280355236,169,5.04,163,186,"weight_sensitive_candidate","SQSTM1","sequestosome 1 [Source:HGNC Symbol;Acc:HGNC:11280]","apoptotic process; autophagy; intracellular signal transduction; cell differentiation; immune system process; negative regulation of protein ubiquitination; ubiquitin-dependent protein catabolic process; cellular response to stress; positive regulation of autophagy; positive regulation of transcription by RNA polymerase II; protein localization; macroautophagy; protein catabolic process; endosome organization; endosomal transport; protein localization to perinuclear region of cytoplasm; protein targeting to vacuole involved in autophagy; regulation of protein complex stability; mitophagy; negative regulation of toll-like receptor 4 signaling pathway; regulation of canonical NF-kappaB signal transduction; toll-like receptor 4 signaling pathway; positive regulation of protein localization to plasma membrane; membraneless organelle assembly; negative regulation of ferroptosis; regulation of mitochondrion organization; aggrephagy; positive regulation of long-term synaptic potentiation; regulation of Ras protein signal transduction; positive regulation of apoptotic process; autophagy of mitochondrion; transcription by RNA polymerase II; negative regulation of transcription by RNA polymerase II; temperature homeostasis; energy homeostasis; response to ischemia; protein import into nucleus","nucleus; cytoplasm; cytosol; endosome; endoplasmic reticulum; autophagosome; cytoplasmic vesicle; lysosome; late endosome; P-body; sarcomere; nucleoplasm; inclusion body; intracellular membraneless organelle; amphisome; autolysosome; synapse; glutamatergic synapse; mitochondrion; sperm midpiece; Lewy body","zinc ion binding; protein binding; enzyme binding; metal ion binding; identical protein binding; ubiquitin protein ligase binding; protein kinase binding; signaling adaptor activity; ubiquitin binding; signaling receptor activity; protein-macromolecule adaptor activity; molecular condensate scaffold activity; protein kinase C binding; ubiquitin-modified protein reader activity; ionotropic glutamate receptor binding; molecular sequestering activity; receptor tyrosine kinase binding; protein-containing complex binding","GO:0006915; GO:0006914; GO:0035556; GO:0030154; GO:0002376; GO:0031397; GO:0006511; GO:0033554; GO:0010508; GO:0045944; GO:0008104; GO:0016236; GO:0030163; GO:0007032; GO:0016197; GO:1905719; GO:0071211; GO:0061635; GO:0000423; GO:0034144; GO:0043122; GO:0034142; GO:1903078; GO:0140694; GO:0110076; GO:0010821; GO:0035973; GO:1900273; GO:0046578; GO:0043065; GO:0000422; GO:0006366; GO:0000122; GO:0001659; GO:0097009; GO:0002931; GO:0006606","GO:0005634; GO:0005737; GO:0005829; GO:0005768; GO:0005783; GO:0005776; GO:0031410; GO:0005764; GO:0005770; GO:0000932; GO:0030017; GO:0005654; GO:0016234; GO:0043232; GO:0044753; GO:0044754; GO:0045202; GO:0098978; GO:0005739; GO:0097225; GO:0097413","GO:0008270; GO:0005515; GO:0019899; GO:0046872; GO:0042802; GO:0031625; GO:0019901; GO:0035591; GO:0043130; GO:0038023; GO:0030674; GO:0140693; GO:0005080; GO:0140036; GO:0035255; GO:0140313; GO:0030971; GO:0044877"
"Q13509","TUBB3",-1.08444239637109,0.170676461792344,2,0,0.0584792695337333,446,0.52,445,447,"robust_candidate","TUBB3","tubulin beta 3 class III [Source:HGNC Symbol;Acc:HGNC:20772]","microtubule-based process; microtubule cytoskeleton organization; mitotic cell cycle; axon guidance; dorsal root ganglion development; neuron differentiation","microtubule; nucleus; cytoplasm; cell projection; cytoskeleton; microtubule cytoskeleton; growth cone; lamellipodium; filopodium; intercellular bridge; mitotic spindle; axon; dendrite; neuronal cell body; cell periphery","GTPase activity; GTP binding; structural constituent of cytoskeleton; metal ion binding; nucleotide binding; protein binding; netrin receptor binding; peptide binding","GO:0007017; GO:0000226; GO:0000278; GO:0007411; GO:1990791; GO:0030182","GO:0005874; GO:0005634; GO:0005737; GO:0042995; GO:0005856; GO:0015630; GO:0030426; GO:0030027; GO:0030175; GO:0045171; GO:0072686; GO:0030424; GO:0030425; GO:0043025; GO:0071944","GO:0003924; GO:0005525; GO:0005200; GO:0046872; GO:0000166; GO:0005515; GO:1990890; GO:0042277"
"Q13616","CUL1",-1.28617946272286,0.0789614193596944,16,365.792269216296,0.216912480650499,318,3.13,317,327,"weight_sensitive_candidate","CUL1","cullin 1 [Source:HGNC Symbol;Acc:HGNC:2551]","ubiquitin-dependent protein catabolic process; apoptotic process; protein ubiquitination; autophagosome assembly; cellular response to oxidative stress; positive regulation of canonical NF-kappaB signal transduction; lysosome organization; positive regulation of autophagy; G1/S transition of mitotic cell cycle; SCF-dependent proteasomal ubiquitin-dependent protein catabolic process; protein K48-linked ubiquitination; intrinsic apoptotic signaling pathway; proteasome-mediated ubiquitin-dependent protein catabolic process; negative regulation of canonical NF-kappaB signal transduction; negative regulation of TORC1 signaling; cellular response to nutrient levels; TORC1 signaling; negative regulation of autophagy; positive regulation of epithelial cell apoptotic process; protein monoubiquitination; cell population proliferation; animal organ morphogenesis","cullin-RING ubiquitin ligase complex; nucleus; cytoplasm; plasma membrane; SCF ubiquitin ligase complex; nucleoplasm; cytosol; Parkin-FBXW7-Cul1 ubiquitin ligase complex","ubiquitin protein ligase binding; protein binding; ubiquitin ligase complex scaffold activity; protein-macromolecule adaptor activity","GO:0006511; GO:0006915; GO:0016567; GO:0000045; GO:0034599; GO:0043123; GO:0007040; GO:0010508; GO:0000082; GO:0031146; GO:0070936; GO:0097193; GO:0043161; GO:0043124; GO:1904262; GO:0031669; GO:0038202; GO:0010507; GO:1904037; GO:0006513; GO:0008283; GO:0009887","GO:0031461; GO:0005634; GO:0005737; GO:0005886; GO:0019005; GO:0005654; GO:0005829; GO:1990452","GO:0031625; GO:0005515; GO:0160072; GO:0030674"
"Q13867","BLMH",1.8301494468003,0.0201662872842583,2,0,0.105644259380829,426,2.6,420,431,"weight_sensitive_candidate","BLMH","bleomycin hydrolase [Source:HGNC Symbol;Acc:HGNC:1059]","proteolysis; response to toxic substance; protein polyubiquitination; response to xenobiotic stimulus; homocysteine catabolic process","nucleus; cytoplasm; cytosol","hydrolase activity; protein binding; cysteine-type endopeptidase activity; peptidase activity; cysteine-type peptidase activity; identical protein binding; aminopeptidase activity; carboxypeptidase activity","GO:0006508; GO:0009636; GO:0000209; GO:0009410; GO:0043418","GO:0005634; GO:0005737; GO:0005829","GO:0016787; GO:0005515; GO:0004197; GO:0008233; GO:0008234; GO:0042802; GO:0004177; GO:0004180"
"Q14103","HNRNPD",-1.5453642421252,0.033013111739004,36,138.379345227139,0.271814142010683,227,4.93,212,231,"weight_sensitive_candidate","HNRNPD","heterogeneous nuclear ribonucleoprotein D [Source:HGNC Symbol;Acc:HGNC:5036]","rhythmic process; positive regulation of macromolecule biosynthetic process; positive regulation of DNA-templated transcription; regulation of DNA-templated transcription; regulation of circadian rhythm; regulation of gene expression; regulation of mRNA stability; positive regulation of translation; positive regulation of transcription by RNA polymerase II; RNA catabolic process; RNA processing; CRD-mediated mRNA stabilization; negative regulation of nuclear-transcribed mRNA catabolic process, deadenylation-dependent decay; positive regulation of cytoplasmic translation; positive regulation of telomere capping; liver development; positive regulation of gene expression; negative regulation of gene expression; cerebellum development; response to estradiol; response to calcium ion; response to electrical stimulus; 3'-UTR-mediated mRNA destabilization; cellular response to amino acid stimulus; cellular response to estradiol stimulus; cellular response to nitric oxide; circadian regulation of translation; response to rapamycin; response to sodium phosphate; cellular response to putrescine; hepatocyte dedifferentiation; regulation of RNA metabolic process","nucleus; cytoplasm; nucleoplasm; ribonucleoprotein complex; chromatin; cytosol; mCRD-mediated mRNA stability complex; postsynaptic density; synapse; glutamatergic synapse","RNA binding; nucleic acid binding; DNA binding; protein binding; telomeric DNA binding; minor groove of adenine-thymine-rich DNA binding; chromatin binding; mRNA binding; mRNA 3'-UTR AU-rich region binding; histone deacetylase binding","GO:0048511; GO:0010557; GO:0045893; GO:0006355; GO:0042752; GO:0010468; GO:0043488; GO:0045727; GO:0045944; GO:0006401; GO:0006396; GO:0070934; GO:1900152; GO:2000767; GO:1904355; GO:0001889; GO:0010628; GO:0010629; GO:0021549; GO:0032355; GO:0051592; GO:0051602; GO:0061158; GO:0071230; GO:0071392; GO:0071732; GO:0097167; GO:1901355; GO:1904383; GO:1904586; GO:1990828; GO:0051252","GO:0005634; GO:0005737; GO:0005654; GO:1990904; GO:0000785; GO:0005829; GO:0106002; GO:0014069; GO:0045202; GO:0098978","GO:0003723; GO:0003676; GO:0003677; GO:0005515; GO:0042162; GO:0003680; GO:0003682; GO:0003729; GO:0035925; GO:0042826"
"Q14116","IL18",-2.16145303755154,0.00379176100756311,10,312.012164148909,0.249752077996156,274,7.37,244,278,"weight_sensitive_candidate","IL18","interleukin 18 [Source:HGNC Symbol;Acc:HGNC:5986]","immune response; inflammatory response; angiogenesis; cell surface receptor signaling pathway; defense response to Gram-positive bacterium; cytokine-mediated signaling pathway; regulation of cell adhesion; positive regulation of inflammatory response; establishment of skin barrier; positive regulation of chemokine production; positive regulation of transcription by RNA polymerase II; positive regulation of phosphatidylinositol 3-kinase/protein kinase B signal transduction; cell-cell signaling; positive regulation of NF-kappaB transcription factor activity; cellular response to lipopolysaccharide; interleukin-18-mediated signaling pathway; positive regulation of neuroinflammatory response; positive regulation of smooth muscle cell proliferation; positive regulation of interleukin-17 production; positive regulation of T-helper 1 cell cytokine production; triglyceride homeostasis; positive regulation of tissue remodeling; positive regulation of NK T cell proliferation; sleep; cell population proliferation; positive regulation of gene expression; natural killer cell activation; negative regulation of myoblast differentiation; positive regulation of non-canonical NF-kappaB signal transduction","extracellular space; cytoplasm; extracellular region; cytosol","cytokine activity; protein binding; receptor ligand activity","GO:0006955; GO:0006954; GO:0001525; GO:0007166; GO:0050830; GO:0019221; GO:0030155; GO:0050729; GO:0061436; GO:0032722; GO:0045944; GO:0051897; GO:0007267; GO:0051092; GO:0071222; GO:0035655; GO:0150078; GO:0048661; GO:0032740; GO:2000556; GO:0070328; GO:0034105; GO:0051142; GO:0030431; GO:0008283; GO:0010628; GO:0030101; GO:0045662; GO:1901224","GO:0005615; GO:0005737; GO:0005576; GO:0005829","GO:0005125; GO:0005515; GO:0048018"
"Q14185","DOCK1",-1.62946906784319,0.0334294211259526,20,424.014632205247,0.251033169609767,269,5.8,258,275,"weight_sensitive_candidate","DOCK1","dedicator of cytokinesis 1 [Source:HGNC Symbol;Acc:HGNC:2987]","small GTPase-mediated signal transduction; apoptotic process; phagocytosis; positive regulation of substrate adhesion-dependent cell spreading; positive regulation of epithelial cell migration; myoblast fusion; cell migration; signal transduction; integrin-mediated signaling pathway; phagocytosis, engulfment","cytoplasm; membrane; plasma membrane; cytosol; glutamatergic synapse; postsynapse; guanyl-nucleotide exchange factor complex","protein binding; guanyl-nucleotide exchange factor activity; small GTPase binding; GTPase activator activity","GO:0007264; GO:0006915; GO:0006909; GO:1900026; GO:0010634; GO:0007520; GO:0016477; GO:0007165; GO:0007229; GO:0006911","GO:0005737; GO:0016020; GO:0005886; GO:0005829; GO:0098978; GO:0098794; GO:0032045","GO:0005515; GO:0005085; GO:0031267; GO:0005096"
"Q14315","FLNC",4.43085379043034,7.56797312232193e-08,32,103.905174396676,0.479209963714451,33,0.73,32,35,"robust_candidate","FLNC","filamin C [Source:HGNC Symbol;Acc:HGNC:3756]","actin cytoskeleton organization; sarcomere organization; muscle cell development","cytoplasm; membrane; cytosol; plasma membrane; cytoskeleton; focal adhesion; Z disc; intercellular bridge; costamere","protein binding; actin filament binding; actin binding; cytoskeletal protein binding; identical protein binding; ankyrin binding","GO:0030036; GO:0045214; GO:0055001","GO:0005737; GO:0016020; GO:0005829; GO:0005886; GO:0005856; GO:0005925; GO:0030018; GO:0045171; GO:0043034","GO:0005515; GO:0051015; GO:0003779; GO:0008092; GO:0042802; GO:0030506"
"Q14512","FGFBP1",2.49298210215848,0.00397356936581209,2,0,0.145616191230606,397,7.24,379,403,"weight_sensitive_candidate","FGFBP1","fibroblast growth factor binding protein 1 [Source:HGNC Symbol;Acc:HGNC:19695]","cell-cell signaling; signal transduction; positive regulation of cell migration involved in sprouting angiogenesis; negative regulation of cell population proliferation; positive regulation of blood vessel endothelial cell proliferation involved in sprouting angiogenesis; fibroblast growth factor receptor signaling pathway; myoblast proliferation; positive regulation of fibroblast growth factor receptor signaling pathway; positive regulation of myoblast proliferation","extracellular region; plasma membrane; membrane; extracellular space","protein binding; growth factor binding; heparin binding","GO:0007267; GO:0007165; GO:0090050; GO:0008285; GO:1903589; GO:0008543; GO:0051450; GO:0045743; GO:2000288","GO:0005576; GO:0005886; GO:0016020; GO:0005615","GO:0005515; GO:0019838; GO:0008201"
"Q14573","ITPR3",2.10658539105804,0.0293400887502494,14,482.693348646546,0.253978563166567,262,6.36,239,269,"weight_sensitive_candidate","ITPR3","inositol 1,4,5-trisphosphate receptor type 3 [Source:HGNC Symbol;Acc:HGNC:6182]","monoatomic ion transport; transmembrane transport; calcium ion transport; calcium ion transmembrane transport; monoatomic ion transmembrane transport; protein homotetramerization; calcium-mediated signaling; release of sequestered calcium ion into cytosol; calcium ion homeostasis; positive regulation of cytosolic calcium ion concentration; G protein-coupled receptor signaling pathway; platelet activation; response to calcium ion; sensory perception of taste; memory; sensory perception of bitter taste; sensory perception of sweet taste; sensory perception of umami taste; long-term synaptic potentiation","membrane; endoplasmic reticulum; cytoplasm; plasma membrane; endoplasmic reticulum membrane; cytoplasmic vesicle; transport vesicle membrane; platelet dense tubular network membrane; receptor complex; neuronal cell body; brush border; apical part of cell; secretory granule membrane; nuclear outer membrane; nucleus; nucleoplasm; nucleolus","inositol 1,4,5-trisphosphate-gated calcium channel activity; inositol 1,4,5 trisphosphate binding; calcium channel activity; monoatomic ion channel activity; protein binding; calcium ion binding; ATP binding; zinc ion binding; intracellularly gated calcium channel activity; phosphatidylinositol binding; inositol hexakisphosphate binding; inositol 1,3,4,5 tetrakisphosphate binding","GO:0006811; GO:0055085; GO:0006816; GO:0070588; GO:0034220; GO:0051289; GO:0019722; GO:0051209; GO:0055074; GO:0007204; GO:0007186; GO:0030168; GO:0051592; GO:0050909; GO:0007613; GO:0050913; GO:0050916; GO:0050917; GO:0060291","GO:0016020; GO:0005783; GO:0005737; GO:0005886; GO:0005789; GO:0031410; GO:0030658; GO:0031095; GO:0043235; GO:0043025; GO:0005903; GO:0045177; GO:0030667; GO:0005640; GO:0005634; GO:0005654; GO:0005730","GO:0005220; GO:0070679; GO:0005262; GO:0005216; GO:0005515; GO:0005509; GO:0005524; GO:0008270; GO:0015278; GO:0035091; GO:0000822; GO:0043533"
"Q14CN2","CLCA4",-7.69296756293638,7.39473914563201e-12,2,0,0.49305450594961,28,4.27,23,39,"weight_sensitive_candidate","CLCA4","chloride channel accessory 4 [Source:HGNC Symbol;Acc:HGNC:2018]","chloride transport; proteolysis; chloride transmembrane transport; monoatomic ion transmembrane transport","extracellular region; plasma membrane; membrane","intracellularly calcium-gated chloride channel activity; hydrolase activity; metal ion binding; peptidase activity; metallopeptidase activity; chloride channel activity; metalloendopeptidase activity","GO:0006821; GO:0006508; GO:1902476; GO:0034220","GO:0005576; GO:0005886; GO:0016020","GO:0005229; GO:0016787; GO:0046872; GO:0008233; GO:0008237; GO:0005254; GO:0004222"
"Q15008","PSMD6",-0.625603796811486,0.448537648394225,10,0,0.106850781616596,424,4.44,417,434,"weight_sensitive_candidate","PSMD6","proteasome 26S subunit, non-ATPase 6 [Source:HGNC Symbol;Acc:HGNC:9564]","proteasome-mediated ubiquitin-dependent protein catabolic process","proteasome complex; extracellular region; protein-containing complex; proteasome accessory complex; nucleoplasm; cytosol; secretory granule lumen; ficolin-1-rich granule lumen; proteasome regulatory particle","protein binding","GO:0043161","GO:0000502; GO:0005576; GO:0032991; GO:0022624; GO:0005654; GO:0005829; GO:0034774; GO:1904813; GO:0005838","GO:0005515"
"Q15029","EFTUD2",0.179075920424637,0.869065216494292,136,1733.37989345117,0.284361301345734,188,14.05,167,221,"weight_sensitive_candidate","EFTUD2","elongation factor Tu GTP binding domain containing 2 [Source:HGNC Symbol;Acc:HGNC:30858]","mRNA splicing, via spliceosome; RNA splicing; mRNA processing; response to cocaine; cellular response to xenobiotic stimulus","Cajal body; nucleus; spliceosomal complex; membrane; cytosol; nucleoplasm; catalytic step 2 spliceosome; U2-type precatalytic spliceosome; U4/U6 x U5 tri-snRNP complex; nuclear speck; U2-type catalytic step 2 spliceosome","GTPase activity; GTP binding; RNA binding; nucleotide binding; protein binding; U5 snRNA binding","GO:0000398; GO:0008380; GO:0006397; GO:0042220; GO:0071466","GO:0015030; GO:0005634; GO:0005681; GO:0016020; GO:0005829; GO:0005654; GO:0071013; GO:0071005; GO:0046540; GO:0016607; GO:0071007","GO:0003924; GO:0005525; GO:0003723; GO:0000166; GO:0005515; GO:0030623"
"Q15075","EEA1",-0.882794328981213,0.276177693317173,10,984.632674939665,0.173023367900585,368,3.13,363,375,"weight_sensitive_candidate","EEA1","early endosome antigen 1 [Source:HGNC Symbol;Acc:HGNC:3185]","endocytosis; early endosome to late endosome transport; modulation by host of viral process; vesicle fusion","cytoplasm; membrane; endosome; cytosol; early endosome membrane; early endosome; glutamatergic synapse; cytoplasmic vesicle; axonal spine; recycling endosome","metal ion binding; calmodulin binding; protein binding; zinc ion binding; protein homodimerization activity; GTP-dependent protein binding; 1-phosphatidylinositol binding","GO:0006897; GO:0045022; GO:0044788; GO:0006906","GO:0005737; GO:0016020; GO:0005768; GO:0005829; GO:0031901; GO:0005769; GO:0098978; GO:0031410; GO:0044308; GO:0055037","GO:0046872; GO:0005516; GO:0005515; GO:0008270; GO:0042803; GO:0030742; GO:0005545"
"Q15382","RHEB",1.683064906518,0.0147521919279264,10,493.026356715759,0.222999550002967,310,2.58,307,317,"weight_sensitive_candidate","RHEB","Ras homolog, mTORC1 binding [Source:HGNC Symbol;Acc:HGNC:10011]","signal transduction; autophagosome assembly; positive regulation of translational initiation; oligodendrocyte differentiation; response to virus; positive regulation of oligodendrocyte differentiation; regulation of TOR signaling; positive regulation of TOR signaling; positive regulation of TORC1 signaling; cellular response to nutrient levels; TORC1 signaling; negative regulation of autophagy; small GTPase-mediated signal transduction; cytoplasmic translation; negative regulation of translational initiation; regulation of cell cycle; regulation of macroautophagy; regulation of type B pancreatic cell development","membrane; cytoplasm; Golgi apparatus; cytosol; endoplasmic reticulum; endoplasmic reticulum membrane; endomembrane system; lysosome; lysosomal membrane; plasma membrane; synapse; spliceosomal complex; postsynaptic density","GTPase activity; GTP binding; hydrolase activity; metal ion binding; nucleotide binding; protein binding; protein kinase binding; protein serine/threonine kinase activator activity; GDP binding; protein kinase activator activity","GO:0007165; GO:0000045; GO:0045948; GO:0048709; GO:0009615; GO:0048714; GO:0032006; GO:0032008; GO:1904263; GO:0031669; GO:0038202; GO:0010507; GO:0007264; GO:0002181; GO:0045947; GO:0051726; GO:0016241; GO:2000074","GO:0016020; GO:0005737; GO:0005794; GO:0005829; GO:0005783; GO:0005789; GO:0012505; GO:0005764; GO:0005765; GO:0005886; GO:0045202; GO:0005681; GO:0014069","GO:0003924; GO:0005525; GO:0016787; GO:0046872; GO:0000166; GO:0005515; GO:0019901; GO:0043539; GO:0019003; GO:0030295"
"Q15393","SF3B3",-0.708175081849603,0.380790590387804,30,12.8435992813299,0.191003022150141,349,5.87,335,363,"weight_sensitive_candidate","SF3B3","splicing factor 3b subunit 3 [Source:HGNC Symbol;Acc:HGNC:10770]","mRNA splicing, via spliceosome; RNA splicing; mRNA processing; RNA splicing, via transesterification reactions; regulation of DNA repair; positive regulation of DNA-templated transcription; regulation of RNA splicing; U2-type prespliceosome assembly; negative regulation of protein catabolic process","nucleus; spliceosomal complex; nucleoplasm; nucleolus; catalytic step 2 spliceosome; SAGA complex; U2-type precatalytic spliceosome; U2-type spliceosomal complex; U2 snRNP; U12-type spliceosomal complex","protein binding; nucleic acid binding; protein-containing complex binding; U2 snRNA binding","GO:0000398; GO:0008380; GO:0006397; GO:0000375; GO:0006282; GO:0045893; GO:0043484; GO:1903241; GO:0042177","GO:0005634; GO:0005681; GO:0005654; GO:0005730; GO:0071013; GO:0000124; GO:0071005; GO:0005684; GO:0005686; GO:0005689","GO:0005515; GO:0003676; GO:0044877; GO:0030620"
"Q15399","TLR1",-2.21420055446183,0.00121914454976786,10,85.9031128759408,0.25048150522591,270,8.38,237,277,"weight_sensitive_candidate","TLR1","toll like receptor 1 [Source:HGNC Symbol;Acc:HGNC:11847]","signal transduction; immune response; toll-like receptor signaling pathway; immune system process; innate immune response; inflammatory response; macrophage activation; cellular response to triacyl bacterial lipopeptide; positive regulation of toll-like receptor 2 signaling pathway; defense response; microglial cell activation; response to bacterial lipoprotein","membrane; plasma membrane; Golgi apparatus; cytoplasmic vesicle; membrane raft; phagocytic vesicle membrane; receptor complex; Toll-like receptor 1-Toll-like receptor 2 protein complex","protein binding; transmembrane signaling receptor activity; identical protein binding; NAD+ nucleotidase, cyclic ADP-ribose generating; signaling receptor activity; lipopeptide binding; Toll-like receptor 2 binding","GO:0007165; GO:0006955; GO:0002224; GO:0002376; GO:0045087; GO:0006954; GO:0042116; GO:0071727; GO:0034137; GO:0006952; GO:0001774; GO:0032493","GO:0016020; GO:0005886; GO:0005794; GO:0031410; GO:0045121; GO:0030670; GO:0043235; GO:0035354","GO:0005515; GO:0004888; GO:0042802; GO:0061809; GO:0038023; GO:0071723; GO:0035663"
"Q16186","ADRM1",-1.32635576085538,0.10205667745841,10,0,0.14742325079482,393,3.73,387,402,"weight_sensitive_candidate","ADRM1","ADRM1 26S proteasome ubiquitin receptor [Source:HGNC Symbol;Acc:HGNC:15759]","proteasome assembly; transcription elongation by RNA polymerase II; proteasome-mediated ubiquitin-dependent protein catabolic process","nucleus; cytoplasm; cytosol; nucleoplasm; plasma membrane; proteasome complex; proteasome regulatory particle, lid subcomplex","protein binding; protease binding; proteasome binding; endopeptidase activator activity; molecular function inhibitor activity","GO:0043248; GO:0006368; GO:0043161","GO:0005634; GO:0005737; GO:0005829; GO:0005654; GO:0005886; GO:0000502; GO:0008541","GO:0005515; GO:0002020; GO:0070628; GO:0061133; GO:0140678"
"Q16270","IGFBP7",5.53507697296751,2.19296739050055e-09,14,402.203306374202,0.516382972754589,24,0.82,22,25,"robust_candidate","IGFBP7","insulin like growth factor binding protein 7 [Source:HGNC Symbol;Acc:HGNC:5476]","regulation of cell growth; signal transduction; cell adhesion; angiogenesis; negative regulation of cell population proliferation; regulation of signal transduction; embryo implantation; response to retinoic acid; cellular response to hormone stimulus; regulation of steroid biosynthetic process; response to cortisol; cellular response to prostaglandin E stimulus","extracellular region; extracellular space; extracellular matrix; endoplasmic reticulum lumen","protein binding; insulin-like growth factor binding; receptor ligand activity; growth factor binding; extracellular matrix structural constituent","GO:0001558; GO:0007165; GO:0007155; GO:0001525; GO:0008285; GO:0009966; GO:0007566; GO:0032526; GO:0032870; GO:0050810; GO:0051414; GO:0071380","GO:0005576; GO:0005615; GO:0031012; GO:0005788","GO:0005515; GO:0005520; GO:0048018; GO:0019838; GO:0005201"
"Q16864","ATP6V1F",-0.369421143220954,0.682385676188952,18,0,0.124397301427839,411,4.56,402,425,"weight_sensitive_candidate","ATP6V1F","ATPase H+ transporting V1 subunit F [Source:HGNC Symbol;Acc:HGNC:16832]","proton transmembrane transport; monoatomic ion transmembrane transport; monoatomic ion transport; synaptic vesicle lumen acidification; vacuolar acidification; lysosomal lumen acidification; endosomal lumen acidification; intracellular pH reduction; Golgi lumen acidification","proton-transporting V-type ATPase, V1 domain; membrane; synapse; cytoplasmic vesicle; clathrin-coated vesicle membrane; synaptic vesicle membrane; vacuolar proton-transporting V-type ATPase, V1 domain; cytosol; proton-transporting V-type ATPase complex; endosome membrane; plasma membrane; lysosomal membrane; vacuolar proton-transporting V-type ATPase complex","proton-transporting ATPase activity, rotational mechanism; protein binding; proton transmembrane transporter activity; ATPase-coupled ion transmembrane transporter activity","GO:1902600; GO:0034220; GO:0006811; GO:0097401; GO:0007035; GO:0007042; GO:0048388; GO:0051452; GO:0061795","GO:0033180; GO:0016020; GO:0045202; GO:0031410; GO:0030665; GO:0030672; GO:0000221; GO:0005829; GO:0033176; GO:0010008; GO:0005886; GO:0005765; GO:0016471","GO:0046961; GO:0005515; GO:0015078; GO:0042625"
"Q16881","TXNRD1",1.21872799748096,0.093502945001088,4,466,0.144068247573469,399,3.47,390,405,"weight_sensitive_candidate","TXNRD1","thioredoxin reductase 1 [Source:HGNC Symbol;Acc:HGNC:12437]","cellular oxidant detoxification; signal transduction; mesoderm formation; gastrulation; cell population proliferation; response to oxidative stress","nucleus; cytoplasm; nucleoplasm; fibrillar center; mitochondrion; cytosol","flavin adenine dinucleotide binding; oxidoreductase activity; thioredoxin-disulfide reductase (NADPH) activity; oxidoreductase activity, acting on a sulfur group of donors, NAD(P) as acceptor; protein binding; identical protein binding; FAD binding; NADPH peroxidase activity; nucleotide binding","GO:0098869; GO:0007165; GO:0001707; GO:0007369; GO:0008283; GO:0006979","GO:0005634; GO:0005737; GO:0005654; GO:0001650; GO:0005739; GO:0005829","GO:0050660; GO:0016491; GO:0004791; GO:0016668; GO:0005515; GO:0042802; GO:0071949; GO:0050137; GO:0000166"
"Q3LXA3","TKFC",-2.19338338460864,0.00303879125472906,2,0,0.134686518082719,407,3.11,396,411,"weight_sensitive_candidate","TKFC","triokinase and FMN cyclase [Source:HGNC Symbol;Acc:HGNC:24552]","glycerol metabolic process; carbohydrate metabolic process; fructose catabolic process to hydroxyacetone phosphate and glyceraldehyde-3-phosphate; carbohydrate phosphorylation; regulation of innate immune response; negative regulation of MDA-5 signaling pathway; glycerol catabolic process","nucleus; cytosol","ATP binding; glycerone kinase activity; transferase activity; metal ion binding; lyase activity; nucleotide binding; kinase activity; protein binding; catalytic activity; FAD-AMP lyase (cyclizing) activity; triokinase activity","GO:0006071; GO:0005975; GO:0061624; GO:0046835; GO:0045088; GO:0039534; GO:0019563","GO:0005634; GO:0005829","GO:0005524; GO:0004371; GO:0016740; GO:0046872; GO:0016829; GO:0000166; GO:0016301; GO:0005515; GO:0003824; GO:0034012; GO:0050354"
"Q52LW3","ARHGAP29",1.91537371492917,0.0193359461316025,2,0,0.10959596122235,421,1.82,417,425,"weight_sensitive_candidate","ARHGAP29","Rho GTPase activating protein 29 [Source:HGNC Symbol;Acc:HGNC:30207]","signal transduction; regulation of small GTPase mediated signal transduction; Rho protein signal transduction; negative regulation of small GTPase mediated signal transduction","cytoplasm; cytosol; protein-containing complex","metal ion binding; zinc ion binding; GTPase activator activity; PDZ domain binding; protein binding","GO:0007165; GO:0051056; GO:0007266; GO:0051058","GO:0005737; GO:0005829; GO:0032991","GO:0046872; GO:0008270; GO:0005096; GO:0030165; GO:0005515"
"Q5SSG8","MUC21",-7.34802104072146,4.83379228091508e-12,6,0,0.527125884433933,21,1.26,20,25,"robust_candidate","MUC21","mucin 21, cell surface associated [Source:HGNC Symbol;Acc:HGNC:21661]","negative regulation of cell-cell adhesion","plasma membrane; membrane; Golgi lumen","","GO:0022408","GO:0005886; GO:0016020; GO:0005796",""
"Q687X5","STEAP4",-6.47918490242252,3.20828983821642e-10,2,0,0.432736916323369,52,4.55,41,61,"weight_sensitive_candidate","STEAP4","STEAP4 metalloreductase [Source:HGNC Symbol;Acc:HGNC:21923]","monoatomic ion transport; iron ion transport; fat cell differentiation; copper ion import; iron import into cell","plasma membrane; membrane; Golgi apparatus; nucleoplasm; endosome; early endosome membrane; endosome membrane","metal ion binding; oxidoreductase activity; FAD binding; heme binding; electron transfer activity; ferric-chelate reductase (NADPH) activity","GO:0006811; GO:0006826; GO:0045444; GO:0015677; GO:0033212","GO:0005886; GO:0016020; GO:0005794; GO:0005654; GO:0005768; GO:0031901; GO:0010008","GO:0046872; GO:0016491; GO:0071949; GO:0020037; GO:0009055; GO:0052851"
"Q68CZ2","TNS3",2.99135119457488,0.000176732743515034,4,0,0.218591832550941,316,9.45,293,329,"weight_sensitive_candidate","TNS3","tensin 3 [Source:HGNC Symbol;Acc:HGNC:21616]","dephosphorylation; positive regulation of Rac protein signal transduction","cell projection; cytosol; focal adhesion; anchoring junction; podosome","protein binding; phosphoprotein phosphatase activity; hydrolase activity","GO:0016311; GO:0035022","GO:0042995; GO:0005829; GO:0005925; GO:0070161; GO:0002102","GO:0005515; GO:0004721; GO:0016787"
"Q6FI13","H2AC18",4.44700067810138,6.17340315600031e-07,44,24.5203730104872,0.472238578818733,36,1.28,35,41,"robust_candidate","H2AC18; H2AC19","H2A clustered histone 18 [Source:HGNC Symbol;Acc:HGNC:4736]; H2A clustered histone 19 [Source:HGNC Symbol;Acc:HGNC:29668]","heterochromatin formation; heterochromatin formation","nucleosome; nucleus; chromosome; nucleosome; nucleus; chromosome","DNA binding; structural constituent of chromatin; protein heterodimerization activity; protein binding; DNA binding; structural constituent of chromatin; protein heterodimerization activity; protein binding","GO:0031507; GO:0031507","GO:0000786; GO:0005634; GO:0005694; GO:0000786; GO:0005634; GO:0005694","GO:0003677; GO:0030527; GO:0046982; GO:0005515; GO:0003677; GO:0030527; GO:0046982; GO:0005515"
"Q6IAA8","LAMTOR1",2.52776563862093,0.00211102904604158,10,344.414214251768,0.270359366890702,233,15.78,189,246,"weight_sensitive_candidate","LAMTOR1","late endosomal/lysosomal adaptor, MAPK and MTOR activator 1 [Source:HGNC Symbol;Acc:HGNC:26068]","positive regulation of MAPK cascade; regulation of receptor recycling; lysosome organization; endosomal transport; positive regulation of TOR signaling; cellular response to amino acid stimulus; autophagosome assembly; positive regulation of translational initiation; protein localization; protein localization to membrane; regulation of cell growth; endosome organization; cellular response to nutrient levels; TORC1 signaling; lysosome localization; negative regulation of autophagy; regulation of cholesterol efflux; cytoplasmic translation; negative regulation of translational initiation; protein localization to lysosome; positive regulation of TORC1 signaling; positive regulation of protein localization to lysosome; regulation of cholesterol import","Ragulator complex; late endosome membrane; membrane raft; membrane; endosome; lysosome; lysosomal membrane; plasma membrane; specific granule membrane; azurophil granule membrane; FNIP-folliculin RagC/D GAP","protein binding; guanyl-nucleotide exchange factor activity; molecular adaptor activity; protein-membrane adaptor activity; GTPase binding","GO:0043410; GO:0001919; GO:0007040; GO:0016197; GO:0032008; GO:0071230; GO:0000045; GO:0045948; GO:0008104; GO:0072657; GO:0001558; GO:0007032; GO:0031669; GO:0038202; GO:0032418; GO:0010507; GO:0010874; GO:0002181; GO:0045947; GO:0061462; GO:1904263; GO:0150032; GO:0060620","GO:0071986; GO:0031902; GO:0045121; GO:0016020; GO:0005768; GO:0005764; GO:0005765; GO:0005886; GO:0035579; GO:0035577; GO:1990877","GO:0005515; GO:0005085; GO:0060090; GO:0043495; GO:0051020"
"Q6PCB8","EMB",-3.1938672244331,8.51193789660064e-06,6,862.782950350634,0.318976608036386,131,10.92,115,168,"weight_sensitive_candidate","EMB","embigin [Source:HGNC Symbol;Acc:HGNC:30465]","axon guidance; homophilic cell adhesion via plasma membrane adhesion molecules; dendrite self-avoidance; plasma membrane lactate transport; cell adhesion","plasma membrane; membrane; synapse; axon","protein binding; cell-cell adhesion mediator activity","GO:0007411; GO:0007156; GO:0070593; GO:0035879; GO:0007155","GO:0005886; GO:0016020; GO:0045202; GO:0030424","GO:0005515; GO:0098632"
"Q6R327","RICTOR",1.50612880223757,0.0396457424942583,16,384.652141601892,0.231620308031761,299,1.23,297,302,"robust_candidate","RICTOR","RPTOR independent companion of MTOR complex 2 [Source:HGNC Symbol;Acc:HGNC:28611]","TOR signaling; actin cytoskeleton organization; regulation of actin cytoskeleton organization; lipid biosynthetic process; positive regulation of phosphatidylinositol 3-kinase/protein kinase B signal transduction; phosphatidylinositol 3-kinase/protein kinase B signal transduction; positive regulation of TOR signaling; regulation of phosphatidylinositol 3-kinase/protein kinase B signal transduction; cGAS/STING signaling pathway; negative regulation of cGAS/STING signaling pathway; TORC2 signaling; embryo development ending in birth or egg hatching; negative regulation of apoptotic process; cellular response to nutrient levels; positive regulation of cell growth; positive regulation of cell migration; cytoskeleton organization; regulation of gene expression; positive regulation of actin filament polymerization; regulation of inflammatory response; regulation of establishment of cell polarity; positive regulation of endothelial cell proliferation","TORC2 complex; plasma membrane; membrane; Golgi apparatus; endoplasmic reticulum; endoplasmic reticulum membrane; lysosome; lysosomal membrane; serine/threonine protein kinase complex; cytosol","nucleotide binding; ATP binding; protein binding; zinc ion binding; ribosome binding; protein serine/threonine kinase activator activity; enzyme-substrate adaptor activity; molecular adaptor activity; protein kinase binding","GO:0031929; GO:0030036; GO:0032956; GO:0008610; GO:0051897; GO:0043491; GO:0032008; GO:0051896; GO:0140896; GO:0160049; GO:0038203; GO:0009792; GO:0043066; GO:0031669; GO:0030307; GO:0030335; GO:0007010; GO:0010468; GO:0030838; GO:0050727; GO:2000114; GO:0001938","GO:0031932; GO:0005886; GO:0016020; GO:0005794; GO:0005783; GO:0005789; GO:0005764; GO:0005765; GO:1902554; GO:0005829","GO:0000166; GO:0005524; GO:0005515; GO:0008270; GO:0043022; GO:0043539; GO:0140767; GO:0060090; GO:0019901"
"Q6UX06","OLFM4",-3.34196450635401,5.10863894493275e-06,4,0,0.258850116882002,254,21.14,194,276,"weight_sensitive_candidate","OLFM4","olfactomedin 4 [Source:HGNC Symbol;Acc:HGNC:17190]","cell adhesion; signal transduction; positive regulation of substrate adhesion-dependent cell spreading; immune response; negative regulation of canonical NF-kappaB signal transduction; negative regulation of immune response","extracellular region; extracellular space; plasma membrane; cytosol; nucleoplasm; mitochondrion; perinuclear region of cytoplasm; intercellular bridge; protein-containing complex; specific granule; specific granule lumen; tertiary granule lumen","protein binding; structural molecule activity; cadherin binding","GO:0007155; GO:0007165; GO:1900026; GO:0006955; GO:0043124; GO:0050777","GO:0005576; GO:0005615; GO:0005886; GO:0005829; GO:0005654; GO:0005739; GO:0048471; GO:0045171; GO:0032991; GO:0042581; GO:0035580; GO:1904724","GO:0005515; GO:0005198; GO:0045296"
"Q6XQN6","NAPRT",-2.64676544760343,0.00060058779106773,4,0,0.195114312047794,346,5.17,332,351,"weight_sensitive_candidate","NAPRT","nicotinate phosphoribosyltransferase [Source:HGNC Symbol;Acc:HGNC:30450]","NAD biosynthetic process; pyridine nucleotide biosynthetic process; response to oxidative stress; NAD salvage","cytoplasm; cytosol; extracellular region; azurophil granule lumen","nicotinate phosphoribosyltransferase activity; transferase activity; metal ion binding; protein binding; ligase activity","GO:0009435; GO:0019363; GO:0006979; GO:0034355","GO:0005737; GO:0005829; GO:0005576; GO:0035578","GO:0004516; GO:0016740; GO:0046872; GO:0005515; GO:0016874"
"Q71DI3","H3C13",2.83493449762814,0.00207374001370559,62,2760.329094227,0.399868299799967,64,2.81,60,72,"weight_sensitive_candidate","H3C13; H3C15; H3C14","H3 clustered histone 13 [Source:HGNC Symbol;Acc:HGNC:25311]; H3 clustered histone 15 [Source:HGNC Symbol;Acc:HGNC:20505]; H3 clustered histone 14 [Source:HGNC Symbol;Acc:HGNC:20503]","nucleosome assembly; chromatin organization; nucleosome assembly; chromatin organization; nucleosome assembly; chromatin organization; negative regulation of transcription by RNA polymerase II; gene expression","nucleosome; nucleus; nucleoplasm; chromosome; extracellular region; nucleosome; nucleus; nucleoplasm; chromosome; extracellular region; nucleosome; nucleus; nucleoplasm; chromosome; extracellular region; chromatin","DNA binding; structural constituent of chromatin; protein heterodimerization activity; protein binding; DNA binding; structural constituent of chromatin; protein heterodimerization activity; protein binding; DNA binding; structural constituent of chromatin; protein heterodimerization activity; protein binding; chromatin binding","GO:0006334; GO:0006325; GO:0006334; GO:0006325; GO:0006334; GO:0006325; GO:0000122; GO:0010467","GO:0000786; GO:0005634; GO:0005654; GO:0005694; GO:0005576; GO:0000786; GO:0005634; GO:0005654; GO:0005694; GO:0005576; GO:0000786; GO:0005634; GO:0005654; GO:0005694; GO:0005576; GO:0000785","GO:0003677; GO:0030527; GO:0046982; GO:0005515; GO:0003677; GO:0030527; GO:0046982; GO:0005515; GO:0003677; GO:0030527; GO:0046982; GO:0005515; GO:0003682"
"Q71UI9","H2AZ2",3.57512431924795,6.14751537761019e-06,34,44.4660885692933,0.408349114725658,60,1.47,56,62,"robust_candidate","H2AZ2","H2A.Z variant histone 2 [Source:HGNC Symbol;Acc:HGNC:20664]","heterochromatin formation; chromatin organization","nucleosome; nucleus; chromosome","DNA binding; structural constituent of chromatin; protein heterodimerization activity; molecular adaptor activity","GO:0031507; GO:0006325","GO:0000786; GO:0005634; GO:0005694","GO:0003677; GO:0030527; GO:0046982; GO:0060090"
"Q7L576","CYFIP1",-0.928394804046455,0.224314735778702,34,616.443422950557,0.239688349543122,289,7.77,269,299,"weight_sensitive_candidate","CYFIP1","cytoplasmic FMR1 interacting protein 1 [Source:HGNC Symbol;Acc:HGNC:13759]","regulation of actin filament polymerization; nervous system development; cell differentiation; lamellipodium assembly; regulation of cell shape; cognition; negative regulation of translation; axon guidance; regulation of translation; axon extension; positive regulation of Arp2/3 complex-mediated actin nucleation; cell morphogenesis; ruffle organization; neuron projection development; positive regulation of neurotrophin TRK receptor signaling pathway; dendrite extension; regulation of modification of postsynaptic actin cytoskeleton","cytoplasm; cell projection; synapse; focal adhesion; perinuclear region of cytoplasm; lamellipodium; extracellular region; neuron projection; ruffle; SCAR complex; cytosol; secretory granule lumen; specific granule lumen; tertiary granule lumen; postsynapse; cell leading edge","small GTPase binding; actin binding; protein binding; actin filament binding; translation repressor activity","GO:0030833; GO:0007399; GO:0030154; GO:0030032; GO:0008360; GO:0050890; GO:0017148; GO:0007411; GO:0006417; GO:0048675; GO:2000601; GO:0000902; GO:0031529; GO:0031175; GO:0051388; GO:0097484; GO:1905274","GO:0005737; GO:0042995; GO:0045202; GO:0005925; GO:0048471; GO:0030027; GO:0005576; GO:0043005; GO:0001726; GO:0031209; GO:0005829; GO:0034774; GO:0035580; GO:1904724; GO:0098794; GO:0031252","GO:0031267; GO:0003779; GO:0005515; GO:0051015; GO:0030371"
"Q7Z699","SPRED1",1.80103868387316,0.00887416312794661,4,0,0.139695217063548,403,2.16,397,404,"weight_sensitive_candidate","SPRED1","sprouty related EVH1 domain containing 1 [Source:HGNC Symbol;Acc:HGNC:20249]","multicellular organism development; regulation of signal transduction; negative regulation of intracellular signal transduction; negative regulation of epithelial to mesenchymal transition; negative regulation of transforming growth factor beta receptor signaling pathway; negative regulation of MAPK cascade; negative regulation of angiogenesis; negative regulation of lens fiber cell differentiation; positive regulation of DNA damage response, signal transduction by p53 class mediator; vasculogenesis involved in coronary vascular morphogenesis; regulation of MAPK cascade; negative regulation of cell migration involved in sprouting angiogenesis","membrane; nucleus; plasma membrane; nucleoplasm; caveola; cytosol; cytoplasmic vesicle; cytoplasm","protein binding; phosphatase binding; protein kinase binding; protein serine/threonine kinase inhibitor activity; stem cell factor receptor binding","GO:0007275; GO:0009966; GO:1902532; GO:0010719; GO:0030512; GO:0043409; GO:0016525; GO:1902747; GO:0043517; GO:0060979; GO:0043408; GO:0090051","GO:0016020; GO:0005634; GO:0005886; GO:0005654; GO:0005901; GO:0005829; GO:0031410; GO:0005737","GO:0005515; GO:0019902; GO:0019901; GO:0030291; GO:0005173"
"Q86U42","PABPN1",-0.924191492711124,0.319339158739083,30,190.008101551048,0.221196553011103,315,6.02,307,328,"weight_sensitive_candidate","PABPN1","poly(A) binding protein nuclear 1 [Source:HGNC Symbol;Acc:HGNC:8565]","mRNA processing; cellular response to lipopolysaccharide; MAPK cascade; poly(A)+ mRNA export from nucleus; muscle contraction; RNA processing; positive regulation of polynucleotide adenylyltransferase activity","nucleus; cytoplasm; nuclear speck; nucleoplasm; ribonucleoprotein complex","RNA binding; nucleic acid binding; protein binding; poly(A) binding; RNA polymerase binding","GO:0006397; GO:0071222; GO:0000165; GO:0016973; GO:0006936; GO:0006396; GO:1904247","GO:0005634; GO:0005737; GO:0016607; GO:0005654; GO:1990904","GO:0003723; GO:0003676; GO:0005515; GO:0008143; GO:0070063"
"Q86UK0","ABCA12",-4.07650097019991,6.70802066629072e-07,2,0,0.275331284935705,217,31.51,151,258,"weight_sensitive_candidate","ABCA12","ATP binding cassette subfamily A member 12 [Source:HGNC Symbol;Acc:HGNC:14637]","transmembrane transport; lipid transport; intracellular protein transport; lipid translocation; ceramide metabolic process; establishment of skin barrier; positive regulation of cholesterol transport; cellular homeostasis; phospholipid efflux; regulation of insulin secretion involved in cellular response to glucose stimulus; protein localization to plasma membrane; secretion by cell; cholesterol efflux; establishment of localization in cell; keratinocyte differentiation; keratinization; ceramide transport; surfactant homeostasis; lung alveolus development; lipid homeostasis; positive regulation of protein localization to cell surface; corneocyte desquamation; positive regulation of intracellular lipid transport; regulated exocytosis","membrane; cytoplasm; Golgi apparatus; cytoplasmic vesicle; plasma membrane; transport vesicle membrane; secretory granule membrane; cytosol; epidermal lamellar body; epidermal lamellar body membrane","ATP binding; ATP hydrolysis activity; ABC-type transporter activity; nucleotide binding; protein binding; ATPase-coupled intramembrane lipid transporter activity; lipid transporter activity; signaling receptor binding; ATPase-coupled transmembrane transporter activity; apolipoprotein A-I receptor binding; ATPase-coupled lipid transmembrane transporter activity","GO:0055085; GO:0006869; GO:0006886; GO:0034204; GO:0006672; GO:0061436; GO:0032376; GO:0019725; GO:0033700; GO:0061178; GO:0072659; GO:0032940; GO:0033344; GO:0051649; GO:0030216; GO:0031424; GO:0035627; GO:0043129; GO:0048286; GO:0055088; GO:2000010; GO:0003336; GO:0032379; GO:0045055","GO:0016020; GO:0005737; GO:0005794; GO:0031410; GO:0005886; GO:0030658; GO:0030667; GO:0005829; GO:0097209; GO:0097234","GO:0005524; GO:0016887; GO:0140359; GO:0000166; GO:0005515; GO:0140326; GO:0005319; GO:0005102; GO:0042626; GO:0034191; GO:0034040"
"Q86VI3","IQGAP3",2.50350967073975,0.000467612526394186,14,128.696333600241,0.290589235532929,173,14.09,157,215,"weight_sensitive_candidate","IQGAP3","IQ motif containing GTPase activating protein 3 [Source:HGNC Symbol;Acc:HGNC:20669]","regulation of GTPase activity; mitotic actomyosin contractile ring assembly actin filament organization; gene expression; mammary gland epithelial cell proliferation; G1/S transition of mitotic cell cycle; Ras protein signal transduction; regulation of cell size; positive regulation of gene expression; negative regulation of gene expression; positive regulation of mammary gland epithelial cell proliferation; positive regulation of MAPK cascade","cytosol; cell cortex; cytoplasm; cell-cell junction","protein binding; calmodulin binding; GTPase activator activity; actin filament binding; myosin VI light chain binding; small GTPase binding","GO:0043087; GO:1903479; GO:0010467; GO:0033598; GO:0000082; GO:0007265; GO:0008361; GO:0010628; GO:0010629; GO:0033601; GO:0043410","GO:0005829; GO:0005938; GO:0005737; GO:0005911","GO:0005515; GO:0005516; GO:0005096; GO:0051015; GO:0070856; GO:0031267"
"Q86VN1","VPS36",-3.00883956549698,6.36388972124466e-05,42,1385.92041824628,0.404941357630307,62,2.08,56,65,"weight_sensitive_candidate","VPS36","vacuolar protein sorting 36 homolog [Source:HGNC Symbol;Acc:HGNC:20312]","endosome transport via multivesicular body sorting pathway; protein transport; macroautophagy; protein transport to vacuole involved in ubiquitin-dependent protein catabolic process via the multivesicular body sorting pathway; membrane fission","ESCRT II complex; nucleus; cytoplasm; membrane; endosome; cytosol; late endosome; late endosome membrane; lysosome","ubiquitin binding; protein binding; lipid binding","GO:0032509; GO:0015031; GO:0016236; GO:0043328; GO:0090148","GO:0000814; GO:0005634; GO:0005737; GO:0016020; GO:0005768; GO:0005829; GO:0005770; GO:0031902; GO:0005764","GO:0043130; GO:0005515; GO:0008289"
"Q86VP6","CAND1",-0.830153607410605,0.287330703366875,4,0,0.073326464974556,441,0.56,440,443,"robust_candidate","CAND1","cullin associated and neddylation dissociated 1 [Source:HGNC Symbol;Acc:HGNC:30688]","SCF complex assembly; protein ubiquitination; cell differentiation; negative regulation of catalytic activity; positive regulation of DNA-templated transcription","nucleus; cytoplasm; membrane; cytosol; nucleoplasm; Golgi apparatus; extracellular region; cullin-RING ubiquitin ligase complex; ubiquitin ligase complex; secretory granule lumen; ficolin-1-rich granule lumen","protein binding","GO:0010265; GO:0016567; GO:0030154; GO:0043086; GO:0045893","GO:0005634; GO:0005737; GO:0016020; GO:0005829; GO:0005654; GO:0005794; GO:0005576; GO:0031461; GO:0000151; GO:0034774; GO:1904813","GO:0005515"
"Q86X29","LSR",-0.658281864117207,0.4838517441116,2,0,0.0327964895591905,452,0,452,452,"robust_candidate","LSR","lipolysis stimulated lipoprotein receptor [Source:HGNC Symbol;Acc:HGNC:29572]","maintenance of blood-brain barrier; epithelial structure maintenance; liver development; establishment of blood-brain barrier; establishment of skin barrier; protein localization to tricellular tight junction; tricellular tight junction assembly","plasma membrane; membrane; very-low-density lipoprotein particle; low-density lipoprotein particle; chylomicron; bicellular tight junction; anchoring junction; cell junction; tight junction; tricellular tight junction","","GO:0035633; GO:0010669; GO:0001889; GO:0060856; GO:0061436; GO:0061833; GO:1904274","GO:0005886; GO:0016020; GO:0034361; GO:0034362; GO:0042627; GO:0005923; GO:0070161; GO:0030054; GO:0070160; GO:0061689",""
"Q8IZP0","ABI1",-1.05049284293367,0.154055979170322,36,1000.5494268368,0.254428098977867,261,9.38,249,276,"weight_sensitive_candidate","ABI1","abl interactor 1 [Source:HGNC Symbol;Acc:HGNC:11320]","actin polymerization or depolymerization; cell surface receptor protein tyrosine kinase signaling pathway; negative regulation of cell population proliferation; neuron migration; cell projection morphogenesis; positive regulation of protein tyrosine kinase activity; somitogenesis; megakaryocyte development; dendrite morphogenesis; lamellipodium morphogenesis","nucleus; cytoplasm; postsynaptic density; cell projection; synapse; cytoskeleton; growth cone; lamellipodium; filopodium; SCAR complex; cytosol; endoplasmic reticulum; actin-based cell projection; cell leading edge; neuron projection","protein binding; signaling adaptor activity; cadherin binding; protein tyrosine kinase activator activity; cytoskeletal protein binding","GO:0008154; GO:0007169; GO:0008285; GO:0001764; GO:0048858; GO:0061098; GO:0001756; GO:0035855; GO:0048813; GO:0072673","GO:0005634; GO:0005737; GO:0014069; GO:0042995; GO:0045202; GO:0005856; GO:0030426; GO:0030027; GO:0030175; GO:0031209; GO:0005829; GO:0005783; GO:0098858; GO:0031252; GO:0043005","GO:0005515; GO:0035591; GO:0045296; GO:0030296; GO:0008092"
"Q8N684","CPSF7",-2.99697246921435,0.00667944462818959,4,0,0.192970328983731,347,6.17,334,361,"weight_sensitive_candidate","CPSF7","cleavage and polyadenylation specific factor 7 [Source:HGNC Symbol;Acc:HGNC:30098]","mRNA processing; mRNA 3'-end processing; protein tetramerization; protein heterotetramerization; mRNA alternative polyadenylation; co-transcriptional mRNA 3'-end processing, cleavage and polyadenylation pathway","nucleus; cytoplasm; membrane; nucleoplasm; mRNA cleavage and polyadenylation specificity factor complex; mRNA cleavage factor complex","RNA binding; nucleic acid binding; protein binding; mRNA binding","GO:0006397; GO:0031124; GO:0051262; GO:0051290; GO:0110104; GO:0180010","GO:0005634; GO:0005737; GO:0016020; GO:0005654; GO:0005847; GO:0005849","GO:0003723; GO:0003676; GO:0005515; GO:0003729"
"Q8NEZ2","VPS37A",-1.57284956861383,0.034454213056497,36,0.379656862745098,0.238073947928098,293,6.69,270,304,"weight_sensitive_candidate","VPS37A","VPS37A subunit of ESCRT-I [Source:HGNC Symbol;Acc:HGNC:24928]","protein transport; viral budding via host ESCRT complex; ubiquitin-dependent protein catabolic process via the multivesicular body sorting pathway; macroautophagy; protein targeting to membrane; protein targeting to vacuole; protein transport to vacuole involved in ubiquitin-dependent protein catabolic process via the multivesicular body sorting pathway; membrane fission","nucleus; membrane; cytosol; nucleoplasm; endosome; centrosome; late endosome membrane; ESCRT I complex; endosome membrane","protein binding","GO:0015031; GO:0039702; GO:0043162; GO:0016236; GO:0006612; GO:0006623; GO:0043328; GO:0090148","GO:0005634; GO:0016020; GO:0005829; GO:0005654; GO:0005768; GO:0005813; GO:0031902; GO:0000813; GO:0010008","GO:0005515"
"Q8NG11","TSPAN14",-1.88162573864447,0.00597216665071603,2,0,0.116515136684398,417,2.52,412,422,"weight_sensitive_candidate","TSPAN14","tetraspanin 14 [Source:HGNC Symbol;Acc:HGNC:23303]","protein localization; protein maturation; protein localization to plasma membrane","membrane; plasma membrane; specific granule membrane; tertiary granule membrane; endoplasmic reticulum lumen; tetraspanin-enriched microdomain","enzyme binding; protein binding","GO:0008104; GO:0051604; GO:0072659","GO:0016020; GO:0005886; GO:0035579; GO:0070821; GO:0005788; GO:0097197","GO:0019899; GO:0005515"
"Q8WU90","ZC3H15",3.16963444742651,0.000184388607168884,32,0,0.334736433164704,111,4.34,102,121,"weight_sensitive_candidate","ZC3H15","zinc finger CCCH-type containing 15 [Source:HGNC Symbol;Acc:HGNC:29528]","cytoplasmic translation; positive regulation of GTPase activity; cytokine-mediated signaling pathway","nucleus; cytoplasm; cytosol","metal ion binding; RNA binding; protein binding; zinc ion binding; cadherin binding","GO:0002181; GO:0043547; GO:0019221","GO:0005634; GO:0005737; GO:0005829","GO:0046872; GO:0003723; GO:0005515; GO:0008270; GO:0045296"
"Q8WUW1","BRK1",-1.4116762459309,0.0973333425267145,32,51.9795164233829,0.244534870651976,283,5.98,266,287,"weight_sensitive_candidate","BRK1","BRICK1 subunit of SCAR/WAVE actin nucleating complex [Source:HGNC Symbol;Acc:HGNC:23057]","actin filament organization; cell motility; positive regulation of protein-containing complex assembly; positive regulation of Arp2/3 complex-mediated actin nucleation; fibroblast proliferation; in utero embryonic development; actin cytoskeleton organization; positive regulation of fibroblast proliferation; regulation of actin polymerization or depolymerization","SCAR complex; cytoplasm; cytoskeleton; lamellipodium; cytosol","protein-containing complex binding; protein binding; identical protein binding; small GTPase binding","GO:0007015; GO:0048870; GO:0031334; GO:2000601; GO:0048144; GO:0001701; GO:0030036; GO:0048146; GO:0008064","GO:0031209; GO:0005737; GO:0005856; GO:0030027; GO:0005829","GO:0044877; GO:0005515; GO:0042802; GO:0031267"
"Q8WUX9","CHMP7",0.195394402005871,0.855448155189807,44,63.4583649570551,0.196288572645404,345,7.79,328,360,"weight_sensitive_candidate","CHMP7","charged multivesicular body protein 7 [Source:HGNC Symbol;Acc:HGNC:28439]","vacuolar transport; protein transport; plasma membrane repair; mitotic metaphase chromosome alignment; nuclear membrane reassembly; viral budding via host ESCRT complex; ubiquitin-dependent protein catabolic process via the multivesicular body sorting pathway; viral budding from plasma membrane; multivesicular body sorting pathway; autophagosome maturation; regulation of mitotic spindle assembly; late endosome to lysosome transport; nucleus organization; membrane fission; late endosome to vacuole transport via multivesicular body sorting pathway; autophagy; vesicle fusion with vacuole; multivesicular body-lysosome fusion; ESCRT III complex disassembly; vesicle budding from membrane; protein localization to chromatin; late endosome to vacuole transport","nucleus; cytoplasm; cytosol; nucleoplasm; nuclear envelope; kinetochore; midbody; lysosomal membrane; kinetochore microtubule; amphisome membrane; nuclear pore; plasma membrane; chromatin; cytoplasmic side of plasma membrane; multivesicular body; autophagosome membrane; ESCRT III complex","protein binding","GO:0007034; GO:0015031; GO:0001778; GO:0007080; GO:0031468; GO:0039702; GO:0043162; GO:0046761; GO:0071985; GO:0097352; GO:1901673; GO:1902774; GO:0006997; GO:0090148; GO:0032511; GO:0006914; GO:0051469; GO:0061763; GO:1904903; GO:0006900; GO:0071168; GO:0045324","GO:0005634; GO:0005737; GO:0005829; GO:0005654; GO:0005635; GO:0000776; GO:0030496; GO:0005765; GO:0005828; GO:1904930; GO:0005643; GO:0005886; GO:0000785; GO:0009898; GO:0005771; GO:0000421; GO:0000815","GO:0005515"
"Q92499","DDX1",-0.53585224299826,0.599633995345103,16,510.49947756009,0.172815358130509,369,5.13,357,377,"weight_sensitive_candidate","DDX1","DEAD-box helicase 1 [Source:HGNC Symbol;Acc:HGNC:2734]","mRNA processing; tRNA processing; defense response to virus; immune system process; innate immune response; positive regulation of canonical NF-kappaB signal transduction; double-strand break repair; regulation of translational initiation; spliceosomal complex assembly; tRNA splicing, via endonucleolytic cleavage and ligation; protein localization to cytoplasmic stress granule; response to virus; response to exogenous dsRNA","nucleus; cytoplasm; membrane; cytosol; nucleoplasm; mitochondrion; ribonucleoprotein complex; cleavage body; tRNA-splicing ligase complex","ATP binding; protein binding; nucleic acid binding; RNA helicase activity; RNA binding; hydrolase activity; nucleotide binding; DNA binding; helicase activity; nuclease activity; exonuclease activity; ATP hydrolysis activity; chromatin binding; transcription coregulator activity; poly(A) binding; DNA/RNA helicase activity; double-stranded RNA binding","GO:0006397; GO:0008033; GO:0051607; GO:0002376; GO:0045087; GO:0043123; GO:0006302; GO:0006446; GO:0000245; GO:0006388; GO:1903608; GO:0009615; GO:0043330","GO:0005634; GO:0005737; GO:0016020; GO:0005829; GO:0005654; GO:0005739; GO:1990904; GO:0071920; GO:0072669","GO:0005524; GO:0005515; GO:0003676; GO:0003724; GO:0003723; GO:0016787; GO:0000166; GO:0003677; GO:0004386; GO:0004518; GO:0004527; GO:0016887; GO:0003682; GO:0003712; GO:0008143; GO:0033677; GO:0003725"
"Q92542","NCSTN",-0.761504164452379,0.315509037524342,8,350.092253628679,0.1475655226456,392,3.44,388,400,"weight_sensitive_candidate","NCSTN","nicastrin [Source:HGNC Symbol;Acc:HGNC:17091]","protein processing; proteolysis; Notch signaling pathway; amyloid precursor protein catabolic process; amyloid precursor protein metabolic process; membrane protein ectodomain proteolysis; Notch receptor processing; amyloid-beta formation; membrane protein intracellular domain proteolysis; myeloid cell homeostasis; G protein-coupled dopamine receptor signaling pathway; glutamate receptor signaling pathway; learning or memory; central nervous system myelination; adult behavior; T cell proliferation; amyloid precursor protein biosynthetic process; positive regulation of amyloid precursor protein biosynthetic process; amyloid-beta metabolic process; epithelial cell proliferation; neuron apoptotic process; cellular response to calcium ion; regulation of long-term synaptic potentiation; short-term synaptic potentiation; cerebellum development","membrane; plasma membrane; focal adhesion; cytoplasmic vesicle; endomembrane system; lysosome; lysosomal membrane; protein-containing complex; cytoplasmic vesicle membrane; secretory vesicle; endosome membrane; gamma-secretase complex; endoplasmic reticulum membrane; azurophil granule membrane; endoplasmic reticulum; Golgi apparatus; presynaptic membrane; early endosome; synaptic vesicle; synaptic membrane","protein binding; endopeptidase activator activity; ATPase binding; protein-macromolecule adaptor activity; growth factor receptor binding; endopeptidase activity; peptidase activity","GO:0016485; GO:0006508; GO:0007219; GO:0042987; GO:0042982; GO:0006509; GO:0007220; GO:0034205; GO:0031293; GO:0002262; GO:0007212; GO:0007215; GO:0007611; GO:0022010; GO:0030534; GO:0042098; GO:0042983; GO:0042986; GO:0050435; GO:0050673; GO:0051402; GO:0071277; GO:1900271; GO:1990926; GO:0021549","GO:0016020; GO:0005886; GO:0005925; GO:0031410; GO:0012505; GO:0005764; GO:0005765; GO:0032991; GO:0030659; GO:0099503; GO:0010008; GO:0070765; GO:0005789; GO:0035577; GO:0005783; GO:0005794; GO:0042734; GO:0005769; GO:0008021; GO:0097060","GO:0005515; GO:0061133; GO:0051117; GO:0030674; GO:0070851; GO:0004175; GO:0008233"
"Q92600","CNOT9",-2.30898434684526,0.00322210412870506,4,23.4915515569672,0.1926636579486,348,3.98,336,353,"weight_sensitive_candidate","CNOT9","CCR4-NOT transcription complex subunit 9 [Source:HGNC Symbol;Acc:HGNC:10445]","mRNA catabolic process; positive regulation of DNA-templated transcription; regulation of translation; regulatory ncRNA-mediated gene silencing; positive regulation of peptidyl-serine phosphorylation; negative regulation of intracellular estrogen receptor signaling pathway; positive regulation of epidermal growth factor receptor signaling pathway; sex differentiation; negative regulation of translation; cytokine-mediated signaling pathway","CCR4-NOT complex; nucleus; cytoplasm; membrane; cytosol; P-body; protein-containing complex; CCR4-NOT core complex","protein binding; kinase binding; epidermal growth factor receptor binding; protein domain specific binding; protein homodimerization activity; transcription coactivator activity","GO:0006402; GO:0045893; GO:0006417; GO:0031047; GO:0033138; GO:0033147; GO:0045742; GO:0007548; GO:0017148; GO:0019221","GO:0030014; GO:0005634; GO:0005737; GO:0016020; GO:0005829; GO:0000932; GO:0032991; GO:0030015","GO:0005515; GO:0019900; GO:0005154; GO:0019904; GO:0042803; GO:0003713"
"Q92626","PXDN",2.90134275973611,2.82971184036415e-05,12,336.673307400692,0.326535713172064,123,6.09,113,140,"weight_sensitive_candidate","PXDN","peroxidasin [Source:HGNC Symbol;Acc:HGNC:14966]","response to oxidative stress; cell adhesion; angiogenesis; immune response; system development; cellular oxidant detoxification; protein homooligomerization; hydrogen peroxide catabolic process; basement membrane assembly; basement membrane organization; extracellular matrix organization; negative regulation of cytokine-mediated signaling pathway; eye development; collagen fibril organization","extracellular region; extracellular space; endoplasmic reticulum; basement membrane; extracellular matrix","protein binding; heme binding; peroxidase activity; metal ion binding; oxidoreductase activity; oxidoreductase activity, acting on peroxide as acceptor; lactoperoxidase activity; extracellular matrix structural constituent; laminin-1 binding; interleukin-1 receptor antagonist activity","GO:0006979; GO:0007155; GO:0001525; GO:0006955; GO:0048731; GO:0098869; GO:0051260; GO:0042744; GO:0070831; GO:0071711; GO:0030198; GO:0001960; GO:0001654; GO:0030199","GO:0005576; GO:0005615; GO:0005783; GO:0005604; GO:0031012","GO:0005515; GO:0020037; GO:0004601; GO:0046872; GO:0016491; GO:0016684; GO:0140825; GO:0005201; GO:0043237; GO:0005152"
"Q92633","LPAR1",3.67910694115393,9.88465725588874e-06,8,96.7260382750016,0.336854601494204,107,7.7,97,132,"weight_sensitive_candidate","LPAR1","lysophosphatidic acid receptor 1 [Source:HGNC Symbol;Acc:HGNC:3166]","G protein-coupled receptor signaling pathway; signal transduction; positive regulation of canonical NF-kappaB signal transduction; regulation of cell shape; negative regulation of neuron projection development; positive regulation of MAPK cascade; protein localization to cilium; phospholipase C-activating G protein-coupled receptor signaling pathway; Golgi to plasma membrane protein transport; adenylate cyclase-activating G protein-coupled receptor signaling pathway; positive regulation of stress fiber assembly; adenylate cyclase-inhibiting G protein-coupled receptor signaling pathway; positive regulation of cytosolic calcium ion concentration; cell chemotaxis; neurogenesis; positive regulation of cilium assembly; negative regulation of cilium assembly; regulation of vesicle-mediated transport; positive regulation of Rho protein signal transduction; oligodendrocyte development; cerebellum development; optic nerve development; corpus callosum development; myelination; positive regulation of apoptotic process; positive regulation of dendritic spine development; cellular response to oxygen levels; positive regulation of smooth muscle cell chemotaxis; negative regulation of cAMP/PKA signal transduction; cellular response to 1-oleoyl-sn-glycerol 3-phosphate","membrane; plasma membrane; endosome; cytoplasm; endocytic vesicle; presynaptic membrane; postsynaptic membrane; glutamatergic synapse; neuronal cell body; dendritic spine; dendritic shaft","G protein-coupled receptor activity; lysophosphatidic acid receptor activity; lipid binding; protein binding; lysophosphatidic acid binding; G-protein alpha-subunit binding; phospholipid binding; PDZ domain binding","GO:0007186; GO:0007165; GO:0043123; GO:0008360; GO:0010977; GO:0043410; GO:0061512; GO:0007200; GO:0043001; GO:0007189; GO:0051496; GO:0007193; GO:0007204; GO:0060326; GO:0022008; GO:0045724; GO:1902018; GO:0060627; GO:0035025; GO:0014003; GO:0021549; GO:0021554; GO:0022038; GO:0042552; GO:0043065; GO:0060999; GO:0071453; GO:0071673; GO:0141162; GO:1904566","GO:0016020; GO:0005886; GO:0005768; GO:0005737; GO:0030139; GO:0042734; GO:0045211; GO:0098978; GO:0043025; GO:0043197; GO:0043198","GO:0004930; GO:0070915; GO:0008289; GO:0005515; GO:0035727; GO:0001965; GO:0005543; GO:0030165"
"Q92747","ARPC1A",-3.37485489278865,0.00149371066804565,18,0,0.296803907392951,167,15.1,142,210,"weight_sensitive_candidate","ARPC1A","actin related protein 2/3 complex subunit 1A [Source:HGNC Symbol;Acc:HGNC:703]","Arp2/3 complex-mediated actin nucleation; actin cytoskeleton organization","actin cytoskeleton; Arp2/3 protein complex; nucleus; cytoplasm; cytoskeleton; cytosol; site of double-strand break; synapse; glutamatergic synapse","protein binding; actin binding; actin filament binding","GO:0034314; GO:0030036","GO:0015629; GO:0005885; GO:0005634; GO:0005737; GO:0005856; GO:0005829; GO:0035861; GO:0045202; GO:0098978","GO:0005515; GO:0003779; GO:0051015"
"Q92817","EVPL",-7.66667425231876,2.53852274370279e-12,12,1989.12952744284,0.633442326139679,7,0.47,6,7,"robust_candidate","EVPL","envoplakin [Source:HGNC Symbol;Acc:HGNC:3503]","intermediate filament cytoskeleton organization; keratinization; keratinocyte differentiation; epidermis development; wound healing; regulation of antibacterial peptide production","cytoskeleton; cytoplasm; cytosol; anchoring junction; intermediate filament cytoskeleton; desmosome; membrane; cornified envelope; intermediate filament","protein binding; cadherin binding; structural molecule activity","GO:0045104; GO:0031424; GO:0030216; GO:0008544; GO:0042060; GO:0002786","GO:0005856; GO:0005737; GO:0005829; GO:0070161; GO:0045111; GO:0030057; GO:0016020; GO:0001533; GO:0005882","GO:0005515; GO:0045296; GO:0005198"
"Q92900","UPF1",-0.41589904319741,0.653630680809593,28,139.158638390961,0.18814643363484,353,6.42,339,367,"weight_sensitive_candidate","UPF1","UPF1 RNA helicase and ATPase [Source:HGNC Symbol;Acc:HGNC:9962]","regulation of gene expression; random inactivation of X chromosome; positive regulation of mRNA cis splicing, via spliceosome; positive regulation of mRNA metabolic process; cellular response to lipopolysaccharide; 3'-UTR-mediated mRNA destabilization; nuclear-transcribed mRNA catabolic process; cellular response to interleukin-1; positive regulation of mRNA catabolic process; histone mRNA catabolic process; regulation of telomere maintenance; cell cycle phase transition; regulation of translational termination; DNA replication; mRNA export from nucleus; DNA repair; telomere maintenance via semi-conservative replication","cytoplasm; chromosome, telomeric region; nucleus; cytosol; nucleoplasm; cytoplasmic ribonucleoprotein granule; perinuclear region of cytoplasm; P-body; exon-exon junction complex; supraspliceosomal complex; chromatin","DNA binding; zinc ion binding; ATP binding; RNA binding; hydrolase activity; helicase activity; RNA helicase activity; protein binding; metal ion binding; nucleotide binding; ATP hydrolysis activity; protein-containing complex binding; telomeric DNA binding; chromatin binding","GO:0010468; GO:0060816; GO:1905746; GO:1903313; GO:0071222; GO:0061158; GO:0000956; GO:0071347; GO:0061014; GO:0071044; GO:0032204; GO:0044770; GO:0006449; GO:0006260; GO:0006406; GO:0006281; GO:0032201","GO:0005737; GO:0000781; GO:0005634; GO:0005829; GO:0005654; GO:0036464; GO:0048471; GO:0000932; GO:0035145; GO:0044530; GO:0000785","GO:0003677; GO:0008270; GO:0005524; GO:0003723; GO:0016787; GO:0004386; GO:0003724; GO:0005515; GO:0046872; GO:0000166; GO:0016887; GO:0044877; GO:0042162; GO:0003682"
"Q93050","ATP6V0A1",-0.393148138678544,0.72043476110119,18,0,0.125027777263963,410,4.58,401,424,"weight_sensitive_candidate","ATP6V0A1","ATPase H+ transporting V0 subunit a1 [Source:HGNC Symbol;Acc:HGNC:865]","proton transmembrane transport; monoatomic ion transport; regulation of macroautophagy; lysosomal lumen acidification; endosomal lumen acidification; vacuolar acidification; synaptic vesicle lumen acidification","proton-transporting V-type ATPase, V0 domain; vacuolar proton-transporting V-type ATPase, V0 domain; nuclear speck; plasma membrane; membrane; synapse; cytosol; Golgi apparatus; cytoplasmic vesicle; clathrin-coated vesicle membrane; synaptic vesicle membrane; endosome membrane; phagocytic vesicle membrane; secretory granule membrane; proton-transporting V-type ATPase complex; lysosomal membrane; vacuolar proton-transporting V-type ATPase complex; cytoplasm; perinuclear region of cytoplasm","proton-transporting ATPase activity, rotational mechanism; protein binding; ATPase binding","GO:1902600; GO:0006811; GO:0016241; GO:0007042; GO:0048388; GO:0007035; GO:0097401","GO:0033179; GO:0000220; GO:0016607; GO:0005886; GO:0016020; GO:0045202; GO:0005829; GO:0005794; GO:0031410; GO:0030665; GO:0030672; GO:0010008; GO:0030670; GO:0030667; GO:0033176; GO:0005765; GO:0016471; GO:0005737; GO:0048471","GO:0046961; GO:0005515; GO:0051117"
"Q93077","H2AC6",4.00731345285644,1.09951099349611e-06,46,44.4009643373508,0.45611328378646,44,1.17,42,48,"robust_candidate","H2AC6","H2A clustered histone 6 [Source:HGNC Symbol;Acc:HGNC:4733]","negative regulation of cell population proliferation; heterochromatin formation","nucleus; chromosome; nucleosome; nucleoplasm","DNA binding; protein binding; protein heterodimerization activity; structural constituent of chromatin","GO:0008285; GO:0031507","GO:0005634; GO:0005694; GO:0000786; GO:0005654","GO:0003677; GO:0005515; GO:0046982; GO:0030527"
"Q93079","H2BC9",6.83737301224086,4.2833732227517e-11,42,0.703728070175439,0.613905313268156,8,0.49,8,9,"robust_candidate","H2BC9","H2B clustered histone 9 [Source:HGNC Symbol;Acc:HGNC:4755]","nucleosome assembly","nucleosome; nucleus; cytosol; nucleoplasm; chromosome; protein-containing complex","DNA binding; structural constituent of chromatin; protein heterodimerization activity; enzyme binding; protein binding; ubiquitin-like protein ligase binding; STAT family protein binding","GO:0006334","GO:0000786; GO:0005634; GO:0005829; GO:0005654; GO:0005694; GO:0032991","GO:0003677; GO:0030527; GO:0046982; GO:0019899; GO:0005515; GO:0044389; GO:0097677"
"Q96AC1","FERMT2",5.65013809420427,1.94707767523077e-09,12,76.1061737235826,0.501503296032265,26,1.03,26,29,"robust_candidate","FERMT2","FERM domain containing kindlin 2 [Source:HGNC Symbol;Acc:HGNC:15767]","integrin-mediated signaling pathway; positive regulation of cell migration; Wnt signaling pathway; focal adhesion assembly; cell adhesion; regulation of cell shape; protein localization to membrane; cell-matrix adhesion; transforming growth factor beta receptor signaling pathway; integrin activation; negative regulation of vascular permeability; regulation of cell morphogenesis; positive regulation of phosphatidylinositol 3-kinase/protein kinase B signal transduction; substrate adhesion-dependent cell spreading; positive regulation of protein localization to nucleus; negative regulation of fat cell differentiation; positive regulation of focal adhesion assembly; positive regulation of epithelial to mesenchymal transition; positive regulation of substrate adhesion-dependent cell spreading; positive regulation of stress fiber assembly; positive regulation of integrin activation; adherens junction maintenance; protein localization to cell junction; positive regulation of Rho protein signal transduction; positive regulation of mesenchymal stem cell proliferation; positive regulation of wound healing, spreading of epidermal cells; limb development","nucleus; cytoplasm; plasma membrane; membrane; cell projection; cytosol; nucleoplasm; cytoskeleton; focal adhesion; lamellipodium membrane; anchoring junction; stress fiber; cell cortex; I band; cytoplasmic side of plasma membrane; adherens junction; cell junction","protein binding; lipid binding; phosphatidylinositol-3,4,5-trisphosphate binding; integrin binding; protein serine/threonine kinase activator activity; protein kinase binding; actin binding; type I transforming growth factor beta receptor binding; SMAD binding; actin filament binding","GO:0007229; GO:0030335; GO:0016055; GO:0048041; GO:0007155; GO:0008360; GO:0072657; GO:0007160; GO:0007179; GO:0033622; GO:0043116; GO:0022604; GO:0051897; GO:0034446; GO:1900182; GO:0045599; GO:0051894; GO:0010718; GO:1900026; GO:0051496; GO:0033625; GO:0034334; GO:1902414; GO:0035025; GO:1902462; GO:1903691; GO:0060173","GO:0005634; GO:0005737; GO:0005886; GO:0016020; GO:0042995; GO:0005829; GO:0005654; GO:0005856; GO:0005925; GO:0031258; GO:0070161; GO:0001725; GO:0005938; GO:0031674; GO:0009898; GO:0005912; GO:0030054","GO:0005515; GO:0008289; GO:0005547; GO:0005178; GO:0043539; GO:0019901; GO:0003779; GO:0034713; GO:0046332; GO:0051015"
"Q96CF2","CHMP4C",-2.27750945863844,0.00685071371926179,42,12.3886886769188,0.305482553142735,155,4.09,144,159,"weight_sensitive_candidate","CHMP4C","charged multivesicular body protein 4C [Source:HGNC Symbol;Acc:HGNC:30599]","vacuolar transport; protein transport; plasma membrane repair; mitotic metaphase chromosome alignment; nuclear membrane reassembly; viral budding via host ESCRT complex; ubiquitin-dependent protein catabolic process via the multivesicular body sorting pathway; viral budding from plasma membrane; multivesicular body sorting pathway; autophagosome maturation; regulation of mitotic spindle assembly; late endosome to lysosome transport; regulation of centrosome duplication; nucleus organization; ubiquitin-independent protein catabolic process via the multivesicular body sorting pathway; negative regulation of cytokinesis; macroautophagy; membrane fission; late endosome to vacuole transport via multivesicular body sorting pathway; autophagy; vesicle fusion with vacuole; multivesicular body-lysosome fusion; vesicle budding from membrane; mitotic cytokinesis checkpoint signaling","cytoplasm; membrane; endosome; cytosol; kinetochore; midbody; lysosomal membrane; kinetochore microtubule; amphisome membrane; nuclear pore; late endosome membrane; Flemming body; plasma membrane; cytoplasmic side of plasma membrane; multivesicular body; autophagosome membrane; ESCRT III complex","protein binding; protein homodimerization activity","GO:0007034; GO:0015031; GO:0001778; GO:0007080; GO:0031468; GO:0039702; GO:0043162; GO:0046761; GO:0071985; GO:0097352; GO:1901673; GO:1902774; GO:0010824; GO:0006997; GO:0090611; GO:0032466; GO:0016236; GO:0090148; GO:0032511; GO:0006914; GO:0051469; GO:0061763; GO:0006900; GO:0044878","GO:0005737; GO:0016020; GO:0005768; GO:0005829; GO:0000776; GO:0030496; GO:0005765; GO:0005828; GO:1904930; GO:0005643; GO:0031902; GO:0090543; GO:0005886; GO:0009898; GO:0005771; GO:0000421; GO:0000815","GO:0005515; GO:0042803"
"Q96EY5","MVB12A",-2.58071761017467,0.000314266306689127,34,0.320833333333333,0.311181199879685,142,5.27,135,156,"weight_sensitive_candidate","MVB12A","multivesicular body subunit 12A [Source:HGNC Symbol;Acc:HGNC:25153]","protein transport; ubiquitin-dependent protein catabolic process via the multivesicular body sorting pathway; regulation of epidermal growth factor receptor signaling pathway; macroautophagy; viral budding via host ESCRT complex; protein transport to vacuole involved in ubiquitin-dependent protein catabolic process via the multivesicular body sorting pathway; membrane fission; receptor catabolic process; viral budding; virus maturation; endosome to lysosome transport via multivesicular body sorting pathway","ESCRT I complex; nucleus; cytoplasm; membrane; endosome; cytosol; cytoskeleton; vesicle; centrosome; late endosome membrane; endosome membrane","protein binding; lipid binding; ubiquitin binding","GO:0015031; GO:0043162; GO:0042058; GO:0016236; GO:0039702; GO:0043328; GO:0090148; GO:0032801; GO:0046755; GO:0019075; GO:0032510","GO:0000813; GO:0005634; GO:0005737; GO:0016020; GO:0005768; GO:0005829; GO:0005856; GO:0031982; GO:0005813; GO:0031902; GO:0010008","GO:0005515; GO:0008289; GO:0043130"
"Q96FX8","PERP",-2.58143183798374,0.000485396242036111,2,0,0.164377070615285,375,5.5,361,386,"weight_sensitive_candidate","PERP","p53 apoptosis effector related to PMP22 [Source:HGNC Symbol;Acc:HGNC:17637]","apoptotic process; cell adhesion; positive regulation of T cell apoptotic process; cell-cell adhesion; tissue homeostasis; mammary gland duct morphogenesis; positive regulation of neutrophil chemotaxis; positive regulation of proteolysis; desmosome organization; Notch signaling pathway; heterotypic cell-cell adhesion; intrinsic apoptotic signaling pathway by p53 class mediator; amelogenesis","membrane; cytoplasm; plasma membrane; anchoring junction; desmosome; cell-cell junction; mitochondrion; Golgi apparatus","protein binding","GO:0006915; GO:0007155; GO:0070234; GO:0098609; GO:0001894; GO:0060603; GO:0090023; GO:0045862; GO:0002934; GO:0007219; GO:0034113; GO:0072332; GO:0097186","GO:0016020; GO:0005737; GO:0005886; GO:0070161; GO:0030057; GO:0005911; GO:0005739; GO:0005794","GO:0005515"
"Q96G03","PGM2",-2.08825564099307,0.004893012111385,10,630.500942291864,0.25006335592198,273,7.75,242,278,"weight_sensitive_candidate","PGM2","phosphoglucomutase 2 [Source:HGNC Symbol;Acc:HGNC:8906]","carbohydrate metabolic process; glucose metabolic process; glycogen biosynthetic process; glycogen catabolic process; purine ribonucleoside salvage","cytoplasm; cytosol; extracellular region; secretory granule lumen; ficolin-1-rich granule lumen","intramolecular phosphotransferase activity; isomerase activity; metal ion binding; protein binding; catalytic activity; phosphoglucomutase activity","GO:0005975; GO:0006006; GO:0005978; GO:0005980; GO:0006166","GO:0005737; GO:0005829; GO:0005576; GO:0034774; GO:1904813","GO:0016868; GO:0016853; GO:0046872; GO:0005515; GO:0003824; GO:0004614"
"Q96H20","SNF8",-3.86877087677223,9.38242950253371e-07,34,0.335014005602241,0.407859205722019,61,2.06,57,66,"weight_sensitive_candidate","SNF8","SNF8 subunit of ESCRT-II [Source:HGNC Symbol;Acc:HGNC:17028]","multivesicular body sorting pathway; early endosome to late endosome transport; protein transport; regulation of protein catabolic process; positive regulation of protein catabolic process; positive regulation of gene expression; macroautophagy; positive regulation of exosomal secretion; regulation of protein complex stability; protein transport to vacuole involved in ubiquitin-dependent protein catabolic process via the multivesicular body sorting pathway; membrane fission; regulation of transcription by RNA polymerase II","ESCRT II complex; nucleus; cytoplasm; plasma membrane; membrane; cytosol; nucleoplasm; endosome; endosome membrane; perinuclear region of cytoplasm; late endosome membrane; recycling endosome; transcription regulator complex","protein binding; protein homodimerization activity; lipid binding; channel regulator activity","GO:0071985; GO:0045022; GO:0015031; GO:0042176; GO:0045732; GO:0010628; GO:0016236; GO:1903543; GO:0061635; GO:0043328; GO:0090148; GO:0006357","GO:0000814; GO:0005634; GO:0005737; GO:0005886; GO:0016020; GO:0005829; GO:0005654; GO:0005768; GO:0010008; GO:0048471; GO:0031902; GO:0055037; GO:0005667","GO:0005515; GO:0042803; GO:0008289; GO:0016247"
"Q96J02","ITCH",-1.03735180998344,0.181461901522296,12,159.114186147995,0.17863974888428,363,3.26,356,368,"weight_sensitive_candidate","ITCH","itchy E3 ubiquitin protein ligase [Source:HGNC Symbol;Acc:HGNC:13890]","apoptotic process; positive regulation of macromolecule metabolic process; negative regulation of multicellular organismal process; negative regulation of apoptotic process; protein ubiquitination; defense response to virus; regulation of gene expression; immune system process; innate immune response; ubiquitin-dependent protein catabolic process; protein autoubiquitination; receptor internalization; protein K48-linked ubiquitination; inflammatory response; response to oxidative stress; proteasome-mediated ubiquitin-dependent protein catabolic process; positive regulation of immune system process; regulation of cell growth; negative regulation of intracellular signal transduction; negative regulation of immune system process; positive regulation of catabolic process; symbiont entry into host cell; negative regulation of defense response to virus; protein monoubiquitination; cytoplasmic pattern recognition receptor signaling pathway; regulation of necroptotic process; negative regulation of canonical NF-kappaB signal transduction; nucleotide-binding domain, leucine rich repeat containing receptor signaling pathway; negative regulation of cytoplasmic pattern recognition receptor signaling pathway; negative regulation of JNK cascade; protein K29-linked ubiquitination; protein branched polyubiquitination; regulation of hematopoietic stem cell differentiation; CXCL12-activated CXCR4 signaling pathway; positive regulation of receptor catabolic process; negative regulation of type I interferon production; regulation of protein deubiquitination; T cell anergy; protein catabolic process; CD4-positive, alpha-beta T cell proliferation; protein polyubiquitination; positive regulation of protein catabolic process; negative regulation of CD4-positive, alpha-beta T cell proliferation","nucleus; cytoplasm; plasma membrane; membrane; nucleoplasm; endosome; endosome membrane; mitochondrion; cytosol; cytoplasmic vesicle; early endosome membrane; early endosome; cell periphery; protein-containing complex; cell cortex","transferase activity; protein binding; ubiquitin protein ligase activity; ubiquitin-protein transferase activity; ribonucleoprotein complex binding; ubiquitin-ubiquitin ligase activity; ubiquitin-like protein ligase binding; arrestin family protein binding; ubiquitin-like protein transferase activity; CXCR chemokine receptor binding; ligase activity","GO:0006915; GO:0010604; GO:0051241; GO:0043066; GO:0016567; GO:0051607; GO:0010468; GO:0002376; GO:0045087; GO:0006511; GO:0051865; GO:0031623; GO:0070936; GO:0006954; GO:0006979; GO:0043161; GO:0002684; GO:0001558; GO:1902532; GO:0002683; GO:0009896; GO:0046718; GO:0050687; GO:0006513; GO:0002753; GO:0060544; GO:0043124; GO:0035872; GO:0039532; GO:0046329; GO:0035519; GO:0141198; GO:1902036; GO:0038160; GO:2000646; GO:0032480; GO:0090085; GO:0002870; GO:0030163; GO:0035739; GO:0000209; GO:0045732; GO:2000562","GO:0005634; GO:0005737; GO:0005886; GO:0016020; GO:0005654; GO:0005768; GO:0010008; GO:0005739; GO:0005829; GO:0031410; GO:0031901; GO:0005769; GO:0071944; GO:0032991; GO:0005938","GO:0016740; GO:0005515; GO:0061630; GO:0004842; GO:0043021; GO:0034450; GO:0044389; GO:1990763; GO:0019787; GO:0045236; GO:0016874"
"Q96J84","KIRREL1",2.81521695109719,0.000105593361783166,4,0,0.214710859382891,324,7.23,306,333,"weight_sensitive_candidate","KIRREL1","kirre like nephrin family adhesion molecule 1 [Source:HGNC Symbol;Acc:HGNC:15734]","glomerular filtration; cell-cell adhesion; cell-cell junction maintenance; positive regulation of actin filament polymerization; renal protein absorption","plasma membrane; membrane; perinuclear region of cytoplasm; cell-cell junction; dendritic shaft","protein binding; cell adhesion molecule binding; myosin binding","GO:0003094; GO:0098609; GO:0045217; GO:0030838; GO:0097017","GO:0005886; GO:0016020; GO:0048471; GO:0005911; GO:0043198","GO:0005515; GO:0050839; GO:0017022"
"Q96JJ3","ELMO2",1.75512932814414,0.015458869661181,8,2.20980715623453,0.176412958208987,366,1.94,361,368,"weight_sensitive_candidate","ELMO2","engulfment and cell motility 2 [Source:HGNC Symbol;Acc:HGNC:17233]","apoptotic process; phagocytosis; actin filament organization; cell motility; cell chemotaxis","cytoplasm; membrane; cytosol","protein binding; receptor tyrosine kinase binding","GO:0006915; GO:0006909; GO:0007015; GO:0048870; GO:0060326","GO:0005737; GO:0016020; GO:0005829","GO:0005515; GO:0030971"
"Q96SB4","SRPK1",1.60723160038897,0.0255478793735618,14,0.616238596051399,0.190805638686704,351,2.46,344,353,"weight_sensitive_candidate","SRPK1","SRSF protein kinase 1 [Source:HGNC Symbol;Acc:HGNC:11305]","protein phosphorylation; RNA splicing; mRNA processing; intracellular signal transduction; cell differentiation; chromosome segregation; regulation of mRNA processing; regulation of mRNA splicing, via spliceosome; innate immune response; positive regulation of viral genome replication; spliceosomal complex assembly; sperm DNA condensation; negative regulation of viral genome replication","nucleus; cytoplasm; nuclear speck; cytosol; nucleoplasm; plasma membrane; chromosome; endoplasmic reticulum; chromatin","ATP binding; protein kinase activity; RNA binding; transferase activity; nucleotide binding; protein serine/threonine kinase activity; kinase activity; protein binding","GO:0006468; GO:0008380; GO:0006397; GO:0035556; GO:0030154; GO:0007059; GO:0050684; GO:0048024; GO:0045087; GO:0045070; GO:0000245; GO:0035092; GO:0045071","GO:0005634; GO:0005737; GO:0016607; GO:0005829; GO:0005654; GO:0005886; GO:0005694; GO:0005783; GO:0000785","GO:0005524; GO:0004672; GO:0003723; GO:0016740; GO:0000166; GO:0004674; GO:0016301; GO:0005515"
"Q99102","MUC4",-6.10368033557066,4.79052014250728e-08,8,98.4648679939083,0.478841093155547,34,3.39,30,42,"weight_sensitive_candidate","MUC4","mucin 4, cell surface associated [Source:HGNC Symbol;Acc:HGNC:7514]","cell-matrix adhesion; cell adhesion; maintenance of gastrointestinal epithelium","extracellular region; extracellular space; plasma membrane; membrane; extracellular matrix; vesicle; Golgi lumen","extracellular matrix constituent, lubricant activity; ErbB-2 class receptor binding","GO:0007160; GO:0007155; GO:0030277","GO:0005576; GO:0005615; GO:0005886; GO:0016020; GO:0031012; GO:0031982; GO:0005796","GO:0030197; GO:0005176"
"Q99715","COL12A1",3.99627052040347,1.23828174743315e-06,20,468.337465483989,0.42586004926084,54,0.81,53,56,"robust_candidate","COL12A1","collagen type XII alpha 1 chain [Source:HGNC Symbol;Acc:HGNC:2188]","cell adhesion; collagen fibril organization; tissue development; endodermal cell differentiation","extracellular space; extracellular region; endoplasmic reticulum lumen; collagen trimer; extracellular matrix; extracellular vesicle; collagen type XII trimer","protein binding; extracellular matrix structural constituent conferring tensile strength","GO:0007155; GO:0030199; GO:0009888; GO:0035987","GO:0005615; GO:0005576; GO:0005788; GO:0005581; GO:0031012; GO:1903561; GO:0005595","GO:0005515; GO:0030020"
"Q99816","TSG101",-2.60307027942783,0.000397329076576312,50,6545.44277779122,0.395987035847873,66,2.7,63,73,"weight_sensitive_candidate","TSG101","tumor susceptibility 101 [Source:HGNC Symbol;Acc:HGNC:15971]","protein modification process; protein transport; cell division; viral budding via host ESCRT complex; ubiquitin-dependent protein catabolic process via the multivesicular body sorting pathway; macroautophagy; positive regulation of exosomal secretion; protein transport to vacuole involved in ubiquitin-dependent protein catabolic process via the multivesicular body sorting pathway; membrane fission; extracellular transport; regulation of MAP kinase activity; viral release from host cell; endosome to lysosome transport; negative regulation of epidermal growth factor-activated receptor activity; viral budding; regulation of extracellular exosome assembly; negative regulation of transcription by RNA polymerase II; regulation of cell growth; negative regulation of cell population proliferation; cell differentiation; keratinocyte differentiation; regulation of cell cycle; negative regulation of epidermal growth factor receptor signaling pathway; autophagosome maturation; positive regulation of viral budding via host ESCRT complex; exosomal secretion; positive regulation of ubiquitin-dependent endocytosis","nucleus; cytoplasm; plasma membrane; membrane; cytosol; endosome; cytoskeleton; nucleolus; early endosome membrane; early endosome; centrosome; late endosome membrane; ESCRT I complex; Flemming body; endosome membrane; late endosome; multivesicular body","calcium-dependent protein binding; protein binding; ubiquitin protein ligase binding; protein homodimerization activity; protein-containing complex binding; ubiquitin binding; virion binding; DNA binding; transcription corepressor activity","GO:0036211; GO:0015031; GO:0051301; GO:0039702; GO:0043162; GO:0016236; GO:1903543; GO:0043328; GO:0090148; GO:0006858; GO:0043405; GO:0019076; GO:0008333; GO:0007175; GO:0046755; GO:1903551; GO:0000122; GO:0001558; GO:0008285; GO:0030154; GO:0030216; GO:0051726; GO:0042059; GO:0097352; GO:1903774; GO:1990182; GO:2000397","GO:0005634; GO:0005737; GO:0005886; GO:0016020; GO:0005829; GO:0005768; GO:0005856; GO:0005730; GO:0031901; GO:0005769; GO:0005813; GO:0031902; GO:0000813; GO:0090543; GO:0010008; GO:0005770; GO:0005771","GO:0048306; GO:0005515; GO:0031625; GO:0042803; GO:0044877; GO:0043130; GO:0046790; GO:0003677; GO:0003714"
"Q9BRG1","VPS25",-3.1666077120843,2.95549422125987e-05,42,12.3886886769188,0.382361885098664,77,2.65,70,80,"weight_sensitive_candidate","VPS25","vacuolar protein sorting 25 homolog [Source:HGNC Symbol;Acc:HGNC:28122]","multivesicular body sorting pathway; protein transport; macroautophagy; protein transport to vacuole involved in ubiquitin-dependent protein catabolic process via the multivesicular body sorting pathway; membrane fission; negative regulation of epidermal growth factor-activated receptor activity","ESCRT II complex; nucleus; cytoplasm; membrane; endosome; endosome membrane; cytosol; nucleoplasm","protein binding; protein homodimerization activity; structural molecule activity","GO:0071985; GO:0015031; GO:0016236; GO:0043328; GO:0090148; GO:0007175","GO:0000814; GO:0005634; GO:0005737; GO:0016020; GO:0005768; GO:0010008; GO:0005829; GO:0005654","GO:0005515; GO:0042803; GO:0005198"
"Q9BUF5","TUBB6",-1.02490458794195,0.198288260213891,2,0,0.054860036689507,447,0.55,446,448,"robust_candidate","TUBB6","tubulin beta 6 class V [Source:HGNC Symbol;Acc:HGNC:20776]","microtubule-based process; microtubule cytoskeleton organization; mitotic cell cycle","microtubule; nucleus; cytoplasm; cytoskeleton; microtubule cytoskeleton; intercellular bridge; mitotic spindle","GTPase activity; GTP binding; structural constituent of cytoskeleton; metal ion binding; nucleotide binding; protein binding","GO:0007017; GO:0000226; GO:0000278","GO:0005874; GO:0005634; GO:0005737; GO:0005856; GO:0015630; GO:0045171; GO:0072686","GO:0003924; GO:0005525; GO:0005200; GO:0046872; GO:0000166; GO:0005515"
"Q9BY43","CHMP4A",-2.3329616495399,0.00105360616111934,44,63.4583649570551,0.335597243046437,110,3.56,107,121,"weight_sensitive_candidate","CHMP4A","charged multivesicular body protein 4A [Source:HGNC Symbol;Acc:HGNC:20274]","vacuolar transport; protein transport; plasma membrane repair; mitotic metaphase chromosome alignment; nuclear membrane reassembly; viral budding via host ESCRT complex; ubiquitin-dependent protein catabolic process via the multivesicular body sorting pathway; viral budding from plasma membrane; multivesicular body sorting pathway; autophagosome maturation; regulation of mitotic spindle assembly; late endosome to lysosome transport; post-translational protein targeting to endoplasmic reticulum membrane; nervous system process; protein polymerization; nucleus organization; macroautophagy; membrane fission; plasma membrane tubulation; membrane invagination; late endosome to vacuole transport via multivesicular body sorting pathway; autophagy; vesicle fusion with vacuole; multivesicular body-lysosome fusion; vesicle budding from membrane","nucleus; cytoplasm; plasma membrane; membrane; endosome; cytoplasmic vesicle; kinetochore; midbody; lysosomal membrane; cytoplasmic vesicle membrane; kinetochore microtubule; amphisome membrane; nuclear pore; late endosome membrane; cytosol; cytoplasmic side of plasma membrane; multivesicular body; autophagosome membrane; ESCRT III complex; membrane coat","protein binding; lipid binding; identical protein binding; protein homodimerization activity; ATPase binding","GO:0007034; GO:0015031; GO:0001778; GO:0007080; GO:0031468; GO:0039702; GO:0043162; GO:0046761; GO:0071985; GO:0097352; GO:1901673; GO:1902774; GO:0006620; GO:0050877; GO:0051258; GO:0006997; GO:0016236; GO:0090148; GO:0097320; GO:0010324; GO:0032511; GO:0006914; GO:0051469; GO:0061763; GO:0006900","GO:0005634; GO:0005737; GO:0005886; GO:0016020; GO:0005768; GO:0031410; GO:0000776; GO:0030496; GO:0005765; GO:0030659; GO:0005828; GO:1904930; GO:0005643; GO:0031902; GO:0005829; GO:0009898; GO:0005771; GO:0000421; GO:0000815; GO:0030117","GO:0005515; GO:0008289; GO:0042802; GO:0042803; GO:0051117"
"Q9BYG5","PARD6B",2.76217750103107,0.00011290861159066,4,0,0.211960888128813,327,6.78,312,336,"weight_sensitive_candidate","PARD6B","par-6 family cell polarity regulator beta [Source:HGNC Symbol;Acc:HGNC:16245]","cell division; regulation of cell migration; axonogenesis; establishment or maintenance of cell polarity; protein-containing complex assembly; centrosome cycle; cell-cell junction assembly; establishment or maintenance of epithelial cell apical/basal polarity; regulation of cellular localization","cytoplasm; plasma membrane; membrane; cytosol; bicellular tight junction; anchoring junction; cell junction; nucleus; cell cortex; tight junction; apical part of cell; protein-containing complex","protein binding","GO:0051301; GO:0030334; GO:0007409; GO:0007163; GO:0065003; GO:0007098; GO:0007043; GO:0045197; GO:0060341","GO:0005737; GO:0005886; GO:0016020; GO:0005829; GO:0005923; GO:0070161; GO:0030054; GO:0005634; GO:0005938; GO:0070160; GO:0045177; GO:0032991","GO:0005515"
"Q9BZL1","UBL5",-1.51477952896549,0.14528583391521,16,0.454581785520989,0.1808936579319,357,4.12,350,369,"weight_sensitive_candidate","UBL5","ubiquitin like 5 [Source:HGNC Symbol;Acc:HGNC:13736]","protein modification process; mRNA splicing, via spliceosome; positive regulation of protein targeting to mitochondrion","nucleus; cytoplasm; Cajal body; nucleoplasm","protein binding; protein tag activity","GO:0036211; GO:0000398; GO:1903955","GO:0005634; GO:0005737; GO:0015030; GO:0005654","GO:0005515; GO:0031386"
"Q9C0C2","TNKS1BP1",-1.01360658218642,0.217332074067202,6,514.367783975762,0.149411801018679,389,2.69,383,396,"weight_sensitive_candidate","TNKS1BP1","tankyrase 1 binding protein 1 [Source:HGNC Symbol;Acc:HGNC:19081]","double-strand break repair; telomere maintenance via telomerase","nucleus; cytoplasm; cytoskeleton; chromosome; heterochromatin; cytosol; CCR4-NOT complex; adherens junction","protein binding; protein-containing complex binding; enzyme binding; cadherin binding; protein serine/threonine kinase activator activity","GO:0006302; GO:0007004","GO:0005634; GO:0005737; GO:0005856; GO:0005694; GO:0000792; GO:0005829; GO:0030014; GO:0005912","GO:0005515; GO:0044877; GO:0019899; GO:0045296; GO:0043539"
"Q9GZQ8","MAP1LC3B",1.58089700714896,0.0524486074646669,10,243.157102250151,0.204303666664641,333,1.76,331,337,"weight_sensitive_candidate","MAP1LC3B","microtubule associated protein 1 light chain 3 beta [Source:HGNC Symbol;Acc:HGNC:13352]","autophagosome assembly; autophagy; autophagosome maturation; macroautophagy; autophagy of mitochondrion; mitophagy; cellular response to nitrogen starvation; cellular response to starvation","cytoplasm; membrane; mitochondrion; cytoskeleton; autophagosome; cytoplasmic vesicle; mitochondrial membrane; endomembrane system; microtubule; axoneme; organelle membrane; autophagosome membrane; cytosol","protein binding; ubiquitin protein ligase binding; phospholipid binding; phosphatidylethanolamine binding; microtubule binding; ceramide binding","GO:0000045; GO:0006914; GO:0097352; GO:0016236; GO:0000422; GO:0000423; GO:0006995; GO:0009267","GO:0005737; GO:0016020; GO:0005739; GO:0005856; GO:0005776; GO:0031410; GO:0031966; GO:0012505; GO:0005874; GO:0005930; GO:0031090; GO:0000421; GO:0005829","GO:0005515; GO:0031625; GO:0005543; GO:0008429; GO:0008017; GO:0097001"
"Q9H0E2","TOLLIP",-2.82248591001168,8.96966078906102e-05,6,42.5812937596945,0.263893325831474,243,17.95,192,263,"weight_sensitive_candidate","TOLLIP","toll interacting protein [Source:HGNC Symbol;Acc:HGNC:16476]","signal transduction; autophagy; immune system process; innate immune response; leukocyte activation; inflammatory response; ubiquitin-dependent protein catabolic process; epithelial cell differentiation; phosphorylation; protein localization to endosome; positive regulation of protein sumoylation","cytoplasm; endosome; early endosome; extracellular region; protein-containing complex; cytosol; specific granule lumen; azurophil granule lumen; extrinsic component of plasma membrane; nuclear body; perinuclear region of cytoplasm","protein binding; ubiquitin binding; kinase binding; molecular adaptor activity; ubiquitin conjugating enzyme binding; Toll-like receptor binding; interleukin-1, type I receptor binding; ubiquitin protein ligase binding","GO:0007165; GO:0006914; GO:0002376; GO:0045087; GO:0045321; GO:0006954; GO:0006511; GO:0030855; GO:0016310; GO:0036010; GO:0033235","GO:0005737; GO:0005768; GO:0005769; GO:0005576; GO:0032991; GO:0005829; GO:0035580; GO:0035578; GO:0019897; GO:0016604; GO:0048471","GO:0005515; GO:0043130; GO:0019900; GO:0060090; GO:0031624; GO:0035325; GO:0005150; GO:0031625"
"Q9H0H5","RACGAP1",1.80627003730231,0.0148118655421161,14,199.983195480631,0.239388974001684,290,2.26,282,292,"weight_sensitive_candidate","RACGAP1","Rac GTPase activating protein 1 [Source:HGNC Symbol;Acc:HGNC:9804]","signal transduction; cell division; monoatomic ion transport; mitotic cytokinesis; cell differentiation; regulation of small GTPase mediated signal transduction; spermatogenesis; sulfate transmembrane transport; erythrocyte differentiation; Rho protein signal transduction; neuroblast proliferation; positive regulation of cytokinesis; mitotic spindle midzone assembly; regulation of embryonic development; regulation of attachment of spindle microtubules to kinetochore; actomyosin contractile ring assembly","nucleus; cytoplasm; plasma membrane; membrane; nucleoplasm; cytoskeleton; cytoplasmic vesicle; microtubule; acrosomal vesicle; spindle; midbody; mitotic spindle; mitochondrion; Flemming body; cytosol; cytoplasmic side of plasma membrane; spindle midzone; centralspindlin complex","metal ion binding; protein binding; zinc ion binding; lipid binding; GTPase activator activity; protein kinase binding; protein-macromolecule adaptor activity; phosphatidylinositol-3,4,5-trisphosphate binding; microtubule binding; beta-tubulin binding; alpha-tubulin binding; gamma-tubulin binding","GO:0007165; GO:0051301; GO:0006811; GO:0000281; GO:0030154; GO:0051056; GO:0007283; GO:1902358; GO:0030218; GO:0007266; GO:0007405; GO:0032467; GO:0051256; GO:0045995; GO:0051988; GO:0000915","GO:0005634; GO:0005737; GO:0005886; GO:0016020; GO:0005654; GO:0005856; GO:0031410; GO:0005874; GO:0001669; GO:0005819; GO:0030496; GO:0072686; GO:0005739; GO:0090543; GO:0005829; GO:0009898; GO:0051233; GO:0097149","GO:0046872; GO:0005515; GO:0008270; GO:0008289; GO:0005096; GO:0019901; GO:0030674; GO:0005547; GO:0008017; GO:0048487; GO:0043014; GO:0043015"
"Q9H1Y0","ATG5",-0.35143517027171,0.708828877422811,8,102.836468124377,0.115092055027446,418,3.99,413,427,"weight_sensitive_candidate","ATG5","autophagy related 5 [Source:HGNC Symbol;Acc:HGNC:589]","autophagy; apoptotic process; autophagosome assembly; immune system process; post-translational protein modification; regulation of cilium assembly; mitophagy; cellular response to nitrogen starvation; negative regulation of programmed cell death; piecemeal microautophagy of the nucleus; macroautophagy; negative regulation of type I interferon production; negative regulation of innate immune response; negative regulation of defense response to virus; regulation of autophagosome maturation; positive regulation of viral translation; aggrephagy; negative regulation of autophagic cell death; protein ubiquitination; establishment of localization in cell; blood vessel remodeling; regulation of cytokine production involved in immune response; cellular response to starvation; response to xenobiotic stimulus; response to fungus; antigen processing and presentation of endogenous antigen; negative regulation of protein ubiquitination; negative stranded viral RNA replication; vasodilation; negative thymic T cell selection; innate immune response; otolith development; negative regulation of phagocytosis; regulation of release of sequestered calcium ion into cytosol; defense response to virus; ventricular cardiac muscle cell development; heart contraction; regulation of reactive oxygen species metabolic process; chromatin organization; response to iron(II) ion; positive regulation of autophagy; negative regulation of apoptotic process; chaperone-mediated autophagy; cellular response to nitrosative stress; axonal transport; response to fluoride","cytoplasm; membrane; postsynapse; axoneme; protein-containing complex; phagophore assembly site membrane; cytosol; phagocytic vesicle membrane; autophagosome; Atg12-Atg5-Atg16 complex; transferase complex; synapse; glutamatergic synapse; axon; mitochondria-associated endoplasmic reticulum membrane contact site","protein binding; Atg8-family ligase activity","GO:0006914; GO:0006915; GO:0000045; GO:0002376; GO:0043687; GO:1902017; GO:0000423; GO:0006995; GO:0043069; GO:0034727; GO:0016236; GO:0032480; GO:0045824; GO:0050687; GO:1901096; GO:1904973; GO:0035973; GO:1904093; GO:0016567; GO:0051649; GO:0001974; GO:0002718; GO:0009267; GO:0009410; GO:0009620; GO:0019883; GO:0031397; GO:0039689; GO:0042311; GO:0045060; GO:0045087; GO:0048840; GO:0050765; GO:0051279; GO:0051607; GO:0055015; GO:0060047; GO:2000377; GO:0006325; GO:0010040; GO:0010508; GO:0043066; GO:0061684; GO:0071500; GO:0098930; GO:1902617","GO:0005737; GO:0016020; GO:0098794; GO:0005930; GO:0032991; GO:0034045; GO:0005829; GO:0030670; GO:0005776; GO:0034274; GO:1990234; GO:0045202; GO:0098978; GO:0030424; GO:0044233","GO:0005515; GO:0019776"
"Q9H444","CHMP4B",-2.0797334421696,0.00309867416462478,42,12.3886886769188,0.302655976240881,159,2.7,152,164,"weight_sensitive_candidate","CHMP4B","charged multivesicular body protein 4B [Source:HGNC Symbol;Acc:HGNC:16171]","vacuolar transport; mitotic cytokinesis; protein transport; plasma membrane repair; mitotic metaphase chromosome alignment; nuclear membrane reassembly; viral budding via host ESCRT complex; ubiquitin-dependent protein catabolic process via the multivesicular body sorting pathway; viral budding from plasma membrane; multivesicular body sorting pathway; autophagosome maturation; regulation of mitotic spindle assembly; late endosome to lysosome transport; post-translational protein targeting to endoplasmic reticulum membrane; nervous system process; protein polymerization; regulation of centrosome duplication; nucleus organization; ubiquitin-independent protein catabolic process via the multivesicular body sorting pathway; macroautophagy; membrane fission; late endosome to vacuole transport via multivesicular body sorting pathway; autophagy; vesicle fusion with vacuole; multivesicular body-lysosome fusion; vesicle budding from membrane; viral budding","nucleus; cytoplasm; membrane; endosome; cytosol; nuclear envelope; kinetochore; midbody; lysosomal membrane; kinetochore microtubule; amphisome membrane; nuclear pore; late endosome membrane; cytoplasmic side of plasma membrane; plasma membrane; vesicle; multivesicular body; autophagosome membrane; ESCRT III complex; membrane coat","protein binding; identical protein binding; protein homodimerization activity; cadherin binding","GO:0007034; GO:0000281; GO:0015031; GO:0001778; GO:0007080; GO:0031468; GO:0039702; GO:0043162; GO:0046761; GO:0071985; GO:0097352; GO:1901673; GO:1902774; GO:0006620; GO:0050877; GO:0051258; GO:0010824; GO:0006997; GO:0090611; GO:0016236; GO:0090148; GO:0032511; GO:0006914; GO:0051469; GO:0061763; GO:0006900; GO:0046755","GO:0005634; GO:0005737; GO:0016020; GO:0005768; GO:0005829; GO:0005635; GO:0000776; GO:0030496; GO:0005765; GO:0005828; GO:1904930; GO:0005643; GO:0031902; GO:0009898; GO:0005886; GO:0031982; GO:0005771; GO:0000421; GO:0000815; GO:0030117","GO:0005515; GO:0042802; GO:0042803; GO:0045296"
"Q9H9H4","VPS37B",-3.05893299320643,4.98436354001869e-05,36,0.452170868347339,0.34870148163599,98,2.94,93,103,"weight_sensitive_candidate","VPS37B","VPS37B subunit of ESCRT-I [Source:HGNC Symbol;Acc:HGNC:25754]","protein transport; viral budding via host ESCRT complex; macroautophagy; protein targeting to membrane; protein targeting to vacuole; ubiquitin-dependent protein catabolic process via the multivesicular body sorting pathway; protein transport to vacuole involved in ubiquitin-dependent protein catabolic process via the multivesicular body sorting pathway; membrane fission; viral release from host cell; positive regulation of viral budding via host ESCRT complex","cytoplasm; plasma membrane; membrane; endosome; endosome membrane; midbody; late endosome membrane; ESCRT I complex","calcium-dependent protein binding; protein binding","GO:0015031; GO:0039702; GO:0016236; GO:0006612; GO:0006623; GO:0043162; GO:0043328; GO:0090148; GO:0019076; GO:1903774","GO:0005737; GO:0005886; GO:0016020; GO:0005768; GO:0010008; GO:0030496; GO:0031902; GO:0000813","GO:0048306; GO:0005515"
"Q9HBH0","RHOF",-1.71394822444302,0.012907531463382,2,0,0.10384155336035,428,2.74,423,433,"weight_sensitive_candidate","RHOF","ras homolog family member F, filopodia associated [Source:HGNC Symbol;Acc:HGNC:15703]","small GTPase-mediated signal transduction; actin filament organization; signal transduction; regulation of actin cytoskeleton organization; regulation of small GTPase mediated signal transduction; cell migration","cytoplasm; plasma membrane; membrane; cytoskeleton; cytosol; secretory granule membrane","GTPase activity; GTP binding; nucleotide binding; protein kinase binding; guanyl-nucleotide exchange factor activity","GO:0007264; GO:0007015; GO:0007165; GO:0032956; GO:0051056; GO:0016477","GO:0005737; GO:0005886; GO:0016020; GO:0005856; GO:0005829; GO:0030667","GO:0003924; GO:0005525; GO:0000166; GO:0019901; GO:0005085"
"Q9HD67","MYO10",1.76256544553592,0.0208871847045412,6,0,0.151352006551015,386,3.33,382,395,"weight_sensitive_candidate","MYO10","myosin X [Source:HGNC Symbol;Acc:HGNC:7593]","signal transduction; regulation of cell shape; regulation of filopodium assembly; cytoskeleton-dependent intracellular transport; positive regulation of cell-cell adhesion","cytoskeleton; myosin complex; cytoplasm; plasma membrane; membrane; cell projection; cytosol; filopodium membrane; nucleolus; lamellipodium; cell cortex; ruffle; filopodium; neuron projection; neuronal cell body","ATP binding; protein binding; cytoskeletal motor activity; nucleotide binding; actin binding; calmodulin binding; cytoskeletal protein binding; protein-containing complex binding; actin filament binding; phosphatidylinositol-3,4,5-trisphosphate binding; microfilament motor activity; spectrin binding; plus-end directed microfilament motor activity","GO:0007165; GO:0008360; GO:0051489; GO:0030705; GO:0022409","GO:0005856; GO:0016459; GO:0005737; GO:0005886; GO:0016020; GO:0042995; GO:0005829; GO:0031527; GO:0005730; GO:0030027; GO:0005938; GO:0001726; GO:0030175; GO:0043005; GO:0043025","GO:0005524; GO:0005515; GO:0003774; GO:0000166; GO:0003779; GO:0005516; GO:0008092; GO:0044877; GO:0051015; GO:0005547; GO:0000146; GO:0030507; GO:0060002"
"Q9NP79","VTA1",-2.26913384289829,0.00126103091906756,36,11.1753187135489,0.30779680166295,148,3.97,141,157,"weight_sensitive_candidate","VTA1","vesicle trafficking 1 [Source:HGNC Symbol;Acc:HGNC:20954]","late endosome to vacuole transport via multivesicular body sorting pathway; protein transport; multivesicular body sorting pathway; macroautophagy; ESCRT III complex disassembly","cytoplasm; membrane; cytosol; nucleoplasm; endosome; endosome membrane; multivesicular body","protein binding","GO:0032511; GO:0015031; GO:0071985; GO:0016236; GO:1904903","GO:0005737; GO:0016020; GO:0005829; GO:0005654; GO:0005768; GO:0010008; GO:0005771","GO:0005515"
"Q9NQW6","ANLN",3.45474158629448,8.31428694252955e-06,10,25.3634183091614,0.330215632754688,119,7.69,108,138,"weight_sensitive_candidate","ANLN","anillin, actin binding protein [Source:HGNC Symbol;Acc:HGNC:14082]","cell division; podocyte cell migration; mitotic cytokinesis; positive regulation of bleb assembly; actomyosin contractile ring assembly; septin ring organization; septin ring assembly; regulation of exit from mitosis; hematopoietic progenitor cell differentiation","nucleus; cytoplasm; cell projection; nucleoplasm; cytoskeleton; cell cortex; midbody; cytosol; actin cytoskeleton; actomyosin contractile ring","actin binding; protein binding; cadherin binding","GO:0051301; GO:0090521; GO:0000281; GO:1904172; GO:0000915; GO:0031106; GO:0000921; GO:0007096; GO:0002244","GO:0005634; GO:0005737; GO:0042995; GO:0005654; GO:0005856; GO:0005938; GO:0030496; GO:0005829; GO:0015629; GO:0005826","GO:0003779; GO:0005515; GO:0045296"
"Q9NR12","PDLIM7",2.21096410049375,0.00259730297305852,2,0,0.136557751728854,405,4.06,392,410,"weight_sensitive_candidate","PDLIM7","PDZ and LIM domain 7 [Source:HGNC Symbol;Acc:HGNC:22958]","cell differentiation; ossification; heart development; actin cytoskeleton organization; muscle structure development; receptor-mediated endocytosis","cytoplasm; nucleoplasm; cytoskeleton; focal adhesion; actin cytoskeleton; filamentous actin; cytosol; stress fiber; adherens junction; Z disc; ruffle","protein binding; metal ion binding; actin binding; muscle alpha-actinin binding","GO:0030154; GO:0001503; GO:0007507; GO:0030036; GO:0061061; GO:0006898","GO:0005737; GO:0005654; GO:0005856; GO:0005925; GO:0015629; GO:0031941; GO:0005829; GO:0001725; GO:0005912; GO:0030018; GO:0001726","GO:0005515; GO:0046872; GO:0003779; GO:0051371"
"Q9NV96","TMEM30A",-1.30050533607576,0.0719933308236329,8,1,0.142428089585609,401,2.56,394,406,"weight_sensitive_candidate","TMEM30A","transmembrane protein 30A [Source:HGNC Symbol;Acc:HGNC:16667]","lipid transport; phospholipid translocation; xenobiotic transmembrane transport; positive regulation of phospholipid translocation; positive regulation of protein exit from endoplasmic reticulum; protein localization to endosome; aminophospholipid transport; positive regulation of neuron projection development","membrane; plasma membrane; Golgi apparatus; endoplasmic reticulum; cytoplasmic vesicle; phospholipid-translocating ATPase complex; transport vesicle membrane; early endosome membrane; specific granule membrane; azurophil granule membrane; late endosome membrane","protein binding; structural molecule activity; aminophospholipid flippase activity","GO:0006869; GO:0045332; GO:0006855; GO:0061092; GO:0070863; GO:0036010; GO:0015917; GO:0010976","GO:0016020; GO:0005886; GO:0005794; GO:0005783; GO:0031410; GO:1990531; GO:0030658; GO:0031901; GO:0035579; GO:0035577; GO:0031902","GO:0005515; GO:0005198; GO:0015247"
"Q9NWQ8","PAG1",1.26905108232921,0.0717720537348093,4,0,0.102012556539574,431,1.09,428,432,"robust_candidate","PAG1","phosphoprotein membrane anchor with glycosphingolipid microdomains 1 [Source:HGNC Symbol;Acc:HGNC:30043]","intracellular signal transduction; negative regulation of T cell activation; immune system process; adaptive immune response; signal transduction; regulation of T cell activation","plasma membrane; membrane raft; membrane","protein binding; signaling adaptor activity","GO:0035556; GO:0050868; GO:0002376; GO:0002250; GO:0007165; GO:0050863","GO:0005886; GO:0045121; GO:0016020","GO:0005515; GO:0035591"
"Q9NZT1","CALML5",-4.12913127596957,3.5832074204568e-05,40,2339.45610836096,0.45821977908745,43,1.15,41,45,"robust_candidate","CALML5","calmodulin like 5 [Source:HGNC Symbol;Acc:HGNC:18180]","microtubule cytoskeleton organization; signal transduction; epidermis development","cytoplasm; extracellular region; ficolin-1-rich granule lumen","calcium ion binding; metal ion binding; protein binding; enzyme regulator activity","GO:0000226; GO:0007165; GO:0008544","GO:0005737; GO:0005576; GO:1904813","GO:0005509; GO:0046872; GO:0005515; GO:0030234"
"Q9NZZ3","CHMP5",-2.46781577107329,0.000737683766460528,38,11.5208315340617,0.323374366673338,127,2.39,122,130,"weight_sensitive_candidate","CHMP5","charged multivesicular body protein 5 [Source:HGNC Symbol;Acc:HGNC:26942]","vacuolar transport; protein transport; plasma membrane repair; mitotic metaphase chromosome alignment; nuclear membrane reassembly; viral budding via host ESCRT complex; ubiquitin-dependent protein catabolic process via the multivesicular body sorting pathway; viral budding from plasma membrane; multivesicular body sorting pathway; autophagosome maturation; regulation of mitotic spindle assembly; late endosome to lysosome transport; cellular response to lipopolysaccharide; cellular response to muramyl dipeptide; regulation of centrosome duplication; nucleus organization; membrane fission; late endosome to vacuole transport via multivesicular body sorting pathway; autophagy; vesicle fusion with vacuole; multivesicular body-lysosome fusion; ESCRT III complex disassembly; vesicle budding from membrane; viral budding; regulation of receptor recycling; lysosome organization; endosome to lysosome transport; erythrocyte differentiation","cytoplasm; membrane; endosome; endosome membrane; cytosol; kinetochore; midbody; lysosomal membrane; kinetochore microtubule; amphisome membrane; nuclear pore; plasma membrane; multivesicular body; autophagosome membrane; ESCRT III complex; nucleus","protein binding; cadherin binding","GO:0007034; GO:0015031; GO:0001778; GO:0007080; GO:0031468; GO:0039702; GO:0043162; GO:0046761; GO:0071985; GO:0097352; GO:1901673; GO:1902774; GO:0071222; GO:0071225; GO:0010824; GO:0006997; GO:0090148; GO:0032511; GO:0006914; GO:0051469; GO:0061763; GO:1904903; GO:0006900; GO:0046755; GO:0001919; GO:0007040; GO:0008333; GO:0030218","GO:0005737; GO:0016020; GO:0005768; GO:0010008; GO:0005829; GO:0000776; GO:0030496; GO:0005765; GO:0005828; GO:1904930; GO:0005643; GO:0005886; GO:0005771; GO:0000421; GO:0000815; GO:0005634","GO:0005515; GO:0045296"
"Q9UBC9","SPRR3",-6.66174347623097,4.2833732227517e-11,12,69.3645858201691,0.565309695408159,14,0.51,14,15,"robust_candidate","SPRR3","small proline rich protein 3 [Source:HGNC Symbol;Acc:HGNC:11268]","wound healing; keratinization; epidermis development; keratinocyte differentiation","cytoplasm; cytosol; perinuclear region of cytoplasm; cornified envelope; Golgi apparatus","protein binding; structural molecule activity","GO:0042060; GO:0031424; GO:0008544; GO:0030216","GO:0005737; GO:0005829; GO:0048471; GO:0001533; GO:0005794","GO:0005515; GO:0005198"
"Q9UBP0","SPAST",-1.43156321719175,0.0552099312634859,12,0,0.165938764848454,374,2.44,369,378,"weight_sensitive_candidate","SPAST","spastin [Source:HGNC Symbol;Acc:HGNC:11233]","nervous system development; cell division; mitotic cytokinesis; cell differentiation; nuclear membrane reassembly; axonogenesis; endoplasmic reticulum to Golgi vesicle-mediated transport; protein homooligomerization; microtubule severing; positive regulation of microtubule depolymerization; cytokinetic process; protein hexamerization; microtubule bundle formation; anterograde axonal transport; axonal transport of mitochondrion; positive regulation of cytokinesis; membrane fission; mitotic nuclear membrane reassembly; central nervous system neuron axonogenesis; mitotic spindle disassembly; cytoskeleton-dependent cytokinesis","nucleus; cytoplasm; membrane; cell projection; cytosol; nucleoplasm; endosome; cytoskeleton; endoplasmic reticulum; endoplasmic reticulum membrane; perinuclear region of cytoplasm; microtubule; axon; nuclear membrane; spindle; midbody; centrosome; lipid droplet; microtubule cytoskeleton; spindle pole; axon cytoplasm; cytoplasmic vesicle; endoplasmic reticulum tubular network","ATP binding; ATP hydrolysis activity; isomerase activity; nucleotide binding; protein binding; catalytic activity; microtubule binding; beta-tubulin binding; alpha-tubulin binding; protein-containing complex binding","GO:0007399; GO:0051301; GO:0000281; GO:0030154; GO:0031468; GO:0007409; GO:0006888; GO:0051260; GO:0051013; GO:0031117; GO:0032506; GO:0034214; GO:0001578; GO:0008089; GO:0019896; GO:0032467; GO:0090148; GO:0007084; GO:0021955; GO:0051228; GO:0061640","GO:0005634; GO:0005737; GO:0016020; GO:0042995; GO:0005829; GO:0005654; GO:0005768; GO:0005856; GO:0005783; GO:0005789; GO:0048471; GO:0005874; GO:0030424; GO:0031965; GO:0005819; GO:0030496; GO:0005813; GO:0005811; GO:0015630; GO:0000922; GO:1904115; GO:0031410; GO:0071782","GO:0005524; GO:0016887; GO:0016853; GO:0000166; GO:0005515; GO:0003824; GO:0008017; GO:0048487; GO:0043014; GO:0044877"
"Q9UI12","ATP6V1H",-3.3386905545247,1.2573904408446e-05,20,3756.68502862306,0.396776005246811,65,1.32,64,69,"robust_candidate","ATP6V1H","ATPase H+ transporting V1 subunit H [Source:HGNC Symbol;Acc:HGNC:18303]","proton transmembrane transport; monoatomic ion transport; endocytosis; vacuolar acidification; regulation of macroautophagy; lysosomal lumen acidification; endosomal lumen acidification; intracellular pH reduction; Golgi lumen acidification","vacuolar proton-transporting V-type ATPase, V1 domain; membrane; cytoplasmic vesicle; clathrin-coated vesicle membrane; lysosomal membrane; plasma membrane; cytosol; endosome membrane; proton-transporting V-type ATPase complex","proton-transporting ATPase activity, rotational mechanism; protein binding; ATP hydrolysis activity; enzyme regulator activity","GO:1902600; GO:0006811; GO:0006897; GO:0007035; GO:0016241; GO:0007042; GO:0048388; GO:0051452; GO:0061795","GO:0000221; GO:0016020; GO:0031410; GO:0030665; GO:0005765; GO:0005886; GO:0005829; GO:0010008; GO:0033176","GO:0046961; GO:0005515; GO:0016887; GO:0030234"
"Q9UIQ6","LNPEP",1.70497166249199,0.0185406123379925,2,0,0.100878184984628,434,2.27,428,435,"weight_sensitive_candidate","LNPEP","leucyl and cystinyl aminopeptidase [Source:HGNC Symbol;Acc:HGNC:6656]","proteolysis; antigen processing and presentation of peptide antigen via MHC class I; cell-cell signaling; regulation of blood pressure; female pregnancy; protein polyubiquitination; protein catabolic process","extracellular region; plasma membrane; membrane; cytoplasmic vesicle; lysosomal membrane; cytosol; early endosome lumen; cytoplasmic vesicle membrane; perinuclear region of cytoplasm","zinc ion binding; metallopeptidase activity; hydrolase activity; metal ion binding; protein binding; peptidase activity; aminopeptidase activity","GO:0006508; GO:0002474; GO:0007267; GO:0008217; GO:0007565; GO:0000209; GO:0030163","GO:0005576; GO:0005886; GO:0016020; GO:0031410; GO:0005765; GO:0005829; GO:0031905; GO:0030659; GO:0048471","GO:0008270; GO:0008237; GO:0016787; GO:0046872; GO:0005515; GO:0008233; GO:0004177"
"Q9UIW2","PLXNA1",2.21197759069493,0.00131645200372344,12,214.123470900088,0.26626946177028,242,12.68,200,250,"weight_sensitive_candidate","PLXNA1","plexin A1 [Source:HGNC Symbol;Acc:HGNC:9099]","semaphorin-plexin signaling pathway; regulation of cell migration; synapse assembly; regulation of smooth muscle cell migration; dichotomous subdivision of terminal units involved in salivary gland branching; neuron projection guidance; neuron projection extension; olfactory nerve formation; gonadotrophin-releasing hormone neuronal migration to the hypothalamus","plasma membrane; membrane; cytosol; nucleoplasm; semaphorin receptor complex; synapse; glutamatergic synapse","protein binding","GO:0071526; GO:0030334; GO:0007416; GO:0014910; GO:0060666; GO:0097485; GO:1990138; GO:0021628; GO:0021828","GO:0005886; GO:0016020; GO:0005829; GO:0005654; GO:0002116; GO:0045202; GO:0098978","GO:0005515"
"Q9UK41","VPS28",-2.75402421812236,0.00014194438460424,42,12.3886886769188,0.353507248052652,93,1.74,91,99,"weight_sensitive_candidate","VPS28","VPS28 subunit of ESCRT-I [Source:HGNC Symbol;Acc:HGNC:18178]","endosome transport via multivesicular body sorting pathway; protein transport; negative regulation of protein ubiquitination; positive regulation of protein catabolic process; viral budding via host ESCRT complex; ubiquitin-dependent protein catabolic process via the multivesicular body sorting pathway; macroautophagy; protein transport to vacuole involved in ubiquitin-dependent protein catabolic process via the multivesicular body sorting pathway; membrane fission; positive regulation of ubiquitin-dependent endocytosis","ESCRT I complex; cytoplasm; plasma membrane; membrane; endosome; endosome membrane; early endosome; late endosome membrane; cytosol","protein binding; ubiquitin binding; protein-containing complex binding","GO:0032509; GO:0015031; GO:0031397; GO:0045732; GO:0039702; GO:0043162; GO:0016236; GO:0043328; GO:0090148; GO:2000397","GO:0000813; GO:0005737; GO:0005886; GO:0016020; GO:0005768; GO:0010008; GO:0005769; GO:0031902; GO:0005829","GO:0005515; GO:0043130; GO:0044877"
"Q9ULZ3","PYCARD",-3.03994789097296,0.000522814073481828,4,0,0.212951754994386,325,7.31,308,337,"weight_sensitive_candidate","PYCARD","PYD and CARD domain containing [Source:HGNC Symbol;Acc:HGNC:16608]","inflammatory response; regulation of apoptotic process; innate immune response; apoptotic process; signal transduction; defense response to virus; positive regulation of apoptotic process; immune system process; defense response to bacterium; regulation of protein stability; negative regulation of canonical NF-kappaB signal transduction; cellular response to lipopolysaccharide; defense response to Gram-negative bacterium; positive regulation of actin filament polymerization; protein homooligomerization; regulation of intrinsic apoptotic signaling pathway; NLRP3 inflammasome complex assembly; canonical inflammasome complex assembly; positive regulation of T cell activation; negative regulation of NF-kappaB transcription factor activity; cellular response to interleukin-1; cellular response to tumor necrosis factor; positive regulation of release of cytochrome c from mitochondria; positive regulation of extrinsic apoptotic signaling pathway; positive regulation of chemokine production; regulation of inflammatory response; positive regulation of JNK cascade; regulation of tumor necrosis factor-mediated signaling pathway; positive regulation of T cell migration; positive regulation of NF-kappaB transcription factor activity; positive regulation of non-canonical NF-kappaB signal transduction; negative regulation of cytokine production involved in inflammatory response; positive regulation of phagocytosis; activation of innate immune response; pattern recognition receptor signaling pathway; positive regulation of inflammatory response; pyroptotic inflammatory response; intrinsic apoptotic signaling pathway in response to DNA damage by p53 class mediator; macropinocytosis; intrinsic apoptotic signaling pathway by p53 class mediator; positive regulation of DNA-binding transcription factor activity; apoptotic signaling pathway; myeloid dendritic cell activation; intrinsic apoptotic signaling pathway; osmosensory signaling pathway; icosanoid biosynthetic process; positive regulation of canonical NF-kappaB signal transduction; positive regulation of adaptive immune response; negative regulation of protein serine/threonine kinase activity; tumor necrosis factor-mediated signaling pathway; response to bacterium; regulation of autophagy; defense response to Gram-positive bacterium; positive regulation of macrophage cytokine production; positive regulation of defense response to virus by host","nucleus; cytoplasm; extracellular region; membrane; Golgi apparatus; cytosol; nucleoplasm; mitochondrion; endoplasmic reticulum; nucleolus; IkappaB kinase complex; canonical inflammasome complex; NLRP3 inflammasome complex; NLRP1 inflammasome complex; secretory granule lumen; azurophil granule lumen; AIM2 inflammasome complex; microtubule; protein-containing complex; NLRP6 inflammasome complex; neuronal cell body","protein binding; identical protein binding; protein dimerization activity; enzyme binding; pattern recognition receptor activity; protein homodimerization activity; protease binding; interleukin-6 receptor binding; tropomyosin binding; BMP receptor binding; transmembrane transporter binding","GO:0006954; GO:0042981; GO:0045087; GO:0006915; GO:0007165; GO:0051607; GO:0043065; GO:0002376; GO:0042742; GO:0031647; GO:0043124; GO:0071222; GO:0050829; GO:0030838; GO:0051260; GO:2001242; GO:0044546; GO:0140632; GO:0050870; GO:0032088; GO:0071347; GO:0071356; GO:0090200; GO:2001238; GO:0032722; GO:0050727; GO:0046330; GO:0010803; GO:2000406; GO:0051092; GO:1901224; GO:1900016; GO:0050766; GO:0002218; GO:0002221; GO:0050729; GO:0070269; GO:0042771; GO:0044351; GO:0072332; GO:0051091; GO:0097190; GO:0001773; GO:0097193; GO:0007231; GO:0046456; GO:0043123; GO:0002821; GO:0071901; GO:0033209; GO:0009617; GO:0010506; GO:0050830; GO:0060907; GO:0002230","GO:0005634; GO:0005737; GO:0005576; GO:0016020; GO:0005794; GO:0005829; GO:0005654; GO:0005739; GO:0005783; GO:0005730; GO:0008385; GO:0061702; GO:0072559; GO:0072558; GO:0034774; GO:0035578; GO:0097169; GO:0005874; GO:0032991; GO:0140738; GO:0043025","GO:0005515; GO:0042802; GO:0046983; GO:0019899; GO:0038187; GO:0042803; GO:0002020; GO:0005138; GO:0005523; GO:0070700; GO:0044325"
"Q9UN37","VPS4A",-2.59895209831632,0.000423420031565628,40,11.9536746713166,0.336085580162763,108,3.23,104,119,"weight_sensitive_candidate","VPS4A","vacuolar protein sorting 4 homolog A [Source:HGNC Symbol;Acc:HGNC:13488]","cell division; protein transport; vesicle-mediated transport; regulation of protein localization; mitotic metaphase chromosome alignment; viral budding via host ESCRT complex; ubiquitin-dependent protein catabolic process via the multivesicular body sorting pathway; viral budding from plasma membrane; endosomal transport; lysosomal transport; nucleus organization; regulation of G2/M transition of mitotic cell cycle; protein depolymerization; ubiquitin-independent protein catabolic process via the multivesicular body sorting pathway; positive regulation of exosomal secretion; negative regulation of cytokinesis; macroautophagy; membrane fission; protein targeting to lysosome; intracellular cholesterol transport; regulation of protein localization to plasma membrane; plasma membrane repair; autophagy; viral release from host cell; nuclear membrane reassembly; multivesicular body sorting pathway; autophagosome maturation; ESCRT III complex disassembly; vacuole organization; late endosome to lysosome transport via multivesicular body sorting pathway; vesicle budding from membrane; mitotic nuclear membrane reassembly; endosomal vesicle fusion; mitotic cytokinesis checkpoint signaling; positive regulation of viral budding via host ESCRT complex; cytoskeleton-dependent cytokinesis; endosome organization; actomyosin contractile ring contraction; nuclear envelope organization; late endosomal microautophagy; vesicle uncoating; ESCRT complex disassembly","nucleus; cytoplasm; plasma membrane; membrane; endosome; endosome membrane; cytosol; cytoskeleton; lysosome; late endosome; perinuclear region of cytoplasm; spindle; midbody; early endosome; centrosome; spindle pole; late endosome membrane; Flemming body; vacuolar membrane; nuclear pore; ATPase complex","ATP binding; ATP hydrolysis activity; hydrolase activity; nucleotide binding; protein binding; protein-containing complex binding","GO:0051301; GO:0015031; GO:0016192; GO:0032880; GO:0007080; GO:0039702; GO:0043162; GO:0046761; GO:0016197; GO:0007041; GO:0006997; GO:0010389; GO:0051261; GO:0090611; GO:1903543; GO:0032466; GO:0016236; GO:0090148; GO:0006622; GO:0032367; GO:1903076; GO:0001778; GO:0006914; GO:0019076; GO:0031468; GO:0071985; GO:0097352; GO:1904903; GO:0007033; GO:0061764; GO:0006900; GO:0007084; GO:0034058; GO:0044878; GO:1903774; GO:0061640; GO:0007032; GO:0000916; GO:0006998; GO:0061738; GO:0072319; GO:1904896","GO:0005634; GO:0005737; GO:0005886; GO:0016020; GO:0005768; GO:0010008; GO:0005829; GO:0005856; GO:0005764; GO:0005770; GO:0048471; GO:0005819; GO:0030496; GO:0005769; GO:0005813; GO:0000922; GO:0031902; GO:0090543; GO:0005774; GO:0005643; GO:1904949","GO:0005524; GO:0016887; GO:0016787; GO:0000166; GO:0005515; GO:0044877"
"Q9UNM6","PSMD13",-0.531822496982215,0.529452771865827,10,0,0.101650823498327,433,4.25,421,435,"weight_sensitive_candidate","PSMD13","proteasome 26S subunit, non-ATPase 13 [Source:HGNC Symbol;Acc:HGNC:9558]","ubiquitin-dependent protein catabolic process; proteasome-mediated ubiquitin-dependent protein catabolic process; meiosis I","nucleus; membrane; proteasome complex; extracellular region; proteasome accessory complex; nucleoplasm; cytosol; secretory granule lumen; ficolin-1-rich granule lumen; proteasome regulatory particle, lid subcomplex; proteasome regulatory particle","protein binding; structural molecule activity","GO:0006511; GO:0043161; GO:0007127","GO:0005634; GO:0016020; GO:0000502; GO:0005576; GO:0022624; GO:0005654; GO:0005829; GO:0034774; GO:1904813; GO:0008541; GO:0005838","GO:0005515; GO:0005198"
"Q9UQ80","PA2G4",-0.867821030047867,0.251641759164751,114,90.9781900963866,0.290584189473975,174,8.56,157,201,"weight_sensitive_candidate","PA2G4","proliferation-associated 2G4 [Source:HGNC Symbol;Acc:HGNC:8550]","negative regulation of apoptotic process; regulation of translation; rRNA processing; positive regulation of cell differentiation; negative regulation of DNA-templated transcription","nucleus; cytoplasm; membrane; nucleolus; ribonucleoprotein complex; extracellular region; azurophil granule lumen","RNA binding; protein binding; ubiquitin protein ligase binding; transcription corepressor activity; nucleic acid binding","GO:0043066; GO:0006417; GO:0006364; GO:0045597; GO:0045892","GO:0005634; GO:0005737; GO:0016020; GO:0005730; GO:1990904; GO:0005576; GO:0035578","GO:0003723; GO:0005515; GO:0031625; GO:0003714; GO:0003676"
"Q9UQB8","BAIAP2",-2.69571870300652,0.000195193300959064,26,375.270208169161,0.346926252810742,100,1.28,98,103,"robust_candidate","BAIAP2","BAR/IMD domain containing adaptor protein 2 [Source:HGNC Symbol;Acc:HGNC:947]","plasma membrane organization; regulation of actin cytoskeleton organization; regulation of cell shape; neuron differentiation; actin filament bundle assembly; cell-cell adhesion; positive regulation of actin filament polymerization; axonogenesis; actin crosslink formation; insulin receptor signaling pathway; dendrite development; regulation of synaptic plasticity; positive regulation of neuron projection development; protein localization to synapse; modulation of chemical synaptic transmission; positive regulation of dendritic spine morphogenesis; cellular response to epidermal growth factor stimulus; regulation of postsynapse organization; cellular response to L-glutamate; regulation of modification of postsynaptic actin cytoskeleton; positive regulation of excitatory postsynaptic potential","cytoplasm; membrane; cell projection; cytosol; plasma membrane; cytoskeleton; actin cytoskeleton; filopodium; ruffle; nucleoplasm; adherens junction; postsynaptic density; glutamatergic synapse; microtubule; lamellipodium; secretory granule; neuron projection; neuronal cell body; dendritic spine; dendritic shaft; neuron projection terminus; excitatory synapse; neuron projection branch point; dendritic spine cytoplasm; synaptic membrane; presynapse; postsynapse","protein binding; cytoskeletal anchor activity; identical protein binding; transcription coregulator binding; PDZ domain binding; scaffold protein binding","GO:0007009; GO:0032956; GO:0008360; GO:0030182; GO:0051017; GO:0098609; GO:0030838; GO:0007409; GO:0051764; GO:0008286; GO:0016358; GO:0048167; GO:0010976; GO:0035418; GO:0050804; GO:0061003; GO:0071364; GO:0099175; GO:1905232; GO:1905274; GO:2000463","GO:0005737; GO:0016020; GO:0042995; GO:0005829; GO:0005886; GO:0005856; GO:0015629; GO:0030175; GO:0001726; GO:0005654; GO:0005912; GO:0014069; GO:0098978; GO:0005874; GO:0030027; GO:0030141; GO:0043005; GO:0043025; GO:0043197; GO:0043198; GO:0044306; GO:0060076; GO:0061845; GO:0061846; GO:0097060; GO:0098793; GO:0098794","GO:0005515; GO:0008093; GO:0042802; GO:0001221; GO:0030165; GO:0097110"
"Q9UQC9","CLCA2",-3.94342137706382,2.54400711043235e-07,2,0,0.276531803817435,212,31.99,146,255,"weight_sensitive_candidate","CLCA2","chloride channel accessory 2 [Source:HGNC Symbol;Acc:HGNC:2016]","chloride transport; monoatomic ion transport; proteolysis; cell adhesion; chloride transmembrane transport; monoatomic ion transmembrane transport","extracellular region; plasma membrane; membrane; nuclear membrane; cytosol; nucleoplasm; anchoring junction; cell junction","intracellularly calcium-gated chloride channel activity; hydrolase activity; metal ion binding; peptidase activity; metallopeptidase activity; chloride channel activity; metalloendopeptidase activity; ligand-gated monoatomic ion channel activity","GO:0006821; GO:0006811; GO:0006508; GO:0007155; GO:1902476; GO:0034220","GO:0005576; GO:0005886; GO:0016020; GO:0031965; GO:0005829; GO:0005654; GO:0070161; GO:0030054","GO:0005229; GO:0016787; GO:0046872; GO:0008233; GO:0008237; GO:0005254; GO:0004222; GO:0015276"
"Q9UQN3","CHMP2B",-3.97827494796961,3.84356112336664e-06,50,1766.17741531147,0.478127802344017,35,1.83,30,36,"weight_sensitive_candidate","CHMP2B","charged multivesicular body protein 2B [Source:HGNC Symbol;Acc:HGNC:24537]","vacuolar transport; protein transport; plasma membrane repair; mitotic metaphase chromosome alignment; nuclear membrane reassembly; viral budding via host ESCRT complex; ubiquitin-dependent protein catabolic process via the multivesicular body sorting pathway; viral budding from plasma membrane; multivesicular body sorting pathway; autophagosome maturation; regulation of mitotic spindle assembly; late endosome to lysosome transport; cognition; endosome organization; regulation of centrosome duplication; nucleus organization; macroautophagy; membrane fission; late endosome to vacuole transport; neuron cellular homeostasis; autophagy; viral release from host cell; endosome transport via multivesicular body sorting pathway; vesicle fusion with vacuole; multivesicular body-lysosome fusion; ESCRT III complex disassembly; modulation of chemical synaptic transmission; regulation of modification of postsynaptic structure; regulation of postsynapse organization","cytoplasm; plasma membrane; membrane; cytosol; endosome; lysosome; late endosome; kinetochore; midbody; lysosomal membrane; kinetochore microtubule; amphisome membrane; nuclear pore; late endosome membrane; multivesicular body; autophagosome membrane; ESCRT III complex; postsynaptic density; glutamatergic synapse","protein binding; protein domain specific binding; cadherin binding","GO:0007034; GO:0015031; GO:0001778; GO:0007080; GO:0031468; GO:0039702; GO:0043162; GO:0046761; GO:0071985; GO:0097352; GO:1901673; GO:1902774; GO:0050890; GO:0007032; GO:0010824; GO:0006997; GO:0016236; GO:0090148; GO:0045324; GO:0070050; GO:0006914; GO:0019076; GO:0032509; GO:0051469; GO:0061763; GO:1904903; GO:0050804; GO:0099159; GO:0099175","GO:0005737; GO:0005886; GO:0016020; GO:0005829; GO:0005768; GO:0005764; GO:0005770; GO:0000776; GO:0030496; GO:0005765; GO:0005828; GO:1904930; GO:0005643; GO:0031902; GO:0005771; GO:0000421; GO:0000815; GO:0014069; GO:0098978","GO:0005515; GO:0019904; GO:0045296"
"Q9Y224","RTRAF",-0.467524589719009,0.591457939324417,4,0,0.0526452508639643,449,0.94,446,449,"robust_candidate","RTRAF","RNA transcription, translation and transport factor [Source:HGNC Symbol;Acc:HGNC:23169]","positive regulation of transcription by RNA polymerase II; tRNA splicing, via endonucleolytic cleavage and ligation; negative regulation of protein kinase activity; RNA transport","nucleus; cytoplasm; nucleoplasm; cytosol; cytoskeleton; perinuclear region of cytoplasm; centrosome; mitotic spindle; tRNA-splicing ligase complex","RNA binding; protein binding; identical protein binding; RNA polymerase II complex binding","GO:0045944; GO:0006388; GO:0006469; GO:0050658","GO:0005634; GO:0005737; GO:0005654; GO:0005829; GO:0005856; GO:0048471; GO:0005813; GO:0072686; GO:0072669","GO:0003723; GO:0005515; GO:0042802; GO:0000993"
"Q9Y2A7","NCKAP1",-1.12721237379488,0.134497309550889,32,63.5640568078703,0.2315244032398,300,4.78,289,314,"weight_sensitive_candidate","NCKAP1","NCK associated protein 1 [Source:HGNC Symbol;Acc:HGNC:7666]","neuron projection morphogenesis; cell migration; positive regulation of actin filament polymerization; central nervous system development; apoptotic process; cortical actin cytoskeleton organization; positive regulation of Arp2/3 complex-mediated actin nucleation; cell morphogenesis; cell projection assembly; in utero embryonic development; somitogenesis; neural tube closure; zygotic determination of anterior/posterior axis, embryo; endoderm development; mesodermal cell migration; embryonic body morphogenesis; lamellipodium assembly; notochord development; establishment or maintenance of actin cytoskeleton polarity; regulation of protein localization; embryonic heart tube development; cell migration involved in gastrulation; basal protein localization; apical protein localization; paraxial mesoderm development; paraxial mesoderm morphogenesis; notochord morphogenesis; embryonic foregut morphogenesis; protein stabilization","plasma membrane; membrane; cell projection; focal adhesion; lamellipodium membrane; SCAR complex; cytosol; lamellipodium; ruffle; postsynapse; filamentous actin","protein binding; small GTPase binding","GO:0048812; GO:0016477; GO:0030838; GO:0007417; GO:0006915; GO:0030866; GO:2000601; GO:0000902; GO:0030031; GO:0001701; GO:0001756; GO:0001843; GO:0007354; GO:0007492; GO:0008078; GO:0010172; GO:0030032; GO:0030903; GO:0030950; GO:0032880; GO:0035050; GO:0042074; GO:0045175; GO:0045176; GO:0048339; GO:0048340; GO:0048570; GO:0048617; GO:0050821","GO:0005886; GO:0016020; GO:0042995; GO:0005925; GO:0031258; GO:0031209; GO:0005829; GO:0030027; GO:0001726; GO:0098794; GO:0031941","GO:0005515; GO:0031267"
"Q9Y2G3","ATP11B",-1.36182467698879,0.0741991846246527,4,0,0.105751589178742,425,1.31,423,429,"robust_candidate","ATP11B","ATPase phospholipid transporting 11B (putative) [Source:HGNC Symbol;Acc:HGNC:13553]","phospholipid transport; monoatomic ion transport; lipid transport; phospholipid translocation; monoatomic ion transmembrane transport; aminophospholipid transport","membrane; Golgi apparatus; endosome; endoplasmic reticulum; endomembrane system; nuclear inner membrane; recycling endosome membrane; early endosome; plasma membrane; recycling endosome; early endosome membrane; azurophil granule membrane; phospholipid-translocating ATPase complex","ATP binding; nucleotide binding; ATP hydrolysis activity; transporter activity; ATPase-coupled intramembrane lipid transporter activity; metal ion binding; protein binding; phosphatidylserine floppase activity; monoatomic ion transmembrane transporter activity","GO:0015914; GO:0006811; GO:0006869; GO:0045332; GO:0034220; GO:0015917","GO:0016020; GO:0005794; GO:0005768; GO:0005783; GO:0012505; GO:0005637; GO:0055038; GO:0005769; GO:0005886; GO:0055037; GO:0031901; GO:0035577; GO:1990531","GO:0005524; GO:0000166; GO:0016887; GO:0005215; GO:0140326; GO:0046872; GO:0005515; GO:0090556; GO:0015075"
"Q9Y2J8","PADI2",-4.20753508257238,2.27721592578483e-07,2,0,0.288639331650185,176,30.8,136,243,"weight_sensitive_candidate","PADI2","peptidyl arginine deiminase 2 [Source:HGNC Symbol;Acc:HGNC:18341]","negative regulation of chemokine-mediated signaling pathway; chromatin remodeling; estrogen receptor signaling pathway; transcription initiation-coupled chromatin remodeling; substantia nigra development; negative regulation of lymphocyte chemotaxis; cellular response to leukemia inhibitory factor","cytoplasm; nucleus; extracellular region; cytosol; azurophil granule lumen; euchromatin","calcium ion binding; protein-arginine deiminase activity; hydrolase activity; metal ion binding; protein homodimerization activity; nuclear estrogen receptor binding; histone arginine deiminase activity; histone H3R26 arginine deiminase activity","GO:0070100; GO:0006338; GO:0030520; GO:0045815; GO:0021762; GO:1901624; GO:1990830","GO:0005737; GO:0005634; GO:0005576; GO:0005829; GO:0035578; GO:0000791","GO:0005509; GO:0004668; GO:0016787; GO:0046872; GO:0042803; GO:0030331; GO:0140794; GO:0140798"
"Q9Y3E7","CHMP3",-1.24537109380361,0.0856187820487766,46,235.237633005618,0.269922917756986,235,3.35,227,241,"weight_sensitive_candidate","CHMP3","charged multivesicular body protein 3 [Source:HGNC Symbol;Acc:HGNC:29865]","vacuolar transport; apoptotic process; cell division; protein transport; plasma membrane repair; viral budding via host ESCRT complex; ubiquitin-dependent protein catabolic process via the multivesicular body sorting pathway; viral budding from plasma membrane; multivesicular body sorting pathway; autophagosome maturation; late endosome to lysosome transport; protein polymerization; suppression of viral release by host; regulation of centrosome duplication; macroautophagy; membrane fission; late endosome to vacuole transport; autophagy; nucleus organization; mitotic metaphase chromosome alignment; viral release from host cell; nuclear membrane reassembly; endosome transport via multivesicular body sorting pathway; vesicle fusion with vacuole; multivesicular body-lysosome fusion; regulation of mitotic spindle assembly; endosome to lysosome transport; positive regulation of cytokinesis; regulation of endosome size; regulation of early endosome to late endosome transport","cytoplasm; plasma membrane; membrane; endosome; cytosol; cytoplasmic vesicle; kinetochore; midbody; lysosomal membrane; kinetochore microtubule; amphisome membrane; nuclear pore; late endosome membrane; multivesicular body; autophagosome membrane; ESCRT III complex; late endosome; early endosome","protein binding; identical protein binding; phosphatidylcholine binding; molecular function inhibitor activity; ubiquitin-specific protease binding; phosphatidylinositol-4,5-bisphosphate binding","GO:0007034; GO:0006915; GO:0051301; GO:0015031; GO:0001778; GO:0039702; GO:0043162; GO:0046761; GO:0071985; GO:0097352; GO:1902774; GO:0051258; GO:0044790; GO:0010824; GO:0016236; GO:0090148; GO:0045324; GO:0006914; GO:0006997; GO:0007080; GO:0019076; GO:0031468; GO:0032509; GO:0051469; GO:0061763; GO:1901673; GO:0008333; GO:0032467; GO:0051036; GO:2000641","GO:0005737; GO:0005886; GO:0016020; GO:0005768; GO:0005829; GO:0031410; GO:0000776; GO:0030496; GO:0005765; GO:0005828; GO:1904930; GO:0005643; GO:0031902; GO:0005771; GO:0000421; GO:0000815; GO:0005770; GO:0005769","GO:0005515; GO:0042802; GO:0031210; GO:0140678; GO:1990381; GO:0005546"
"Q9Y3I0","RTCB",-0.737352932929895,0.373116239598141,8,24.2178430257983,0.125585958416937,409,1.63,409,414,"weight_sensitive_candidate","RTCB","RNA 2',3'-cyclic phosphate and 5'-OH ligase [Source:HGNC Symbol;Acc:HGNC:26935]","RNA processing; tRNA splicing, via endonucleolytic cleavage and ligation; tRNA processing; in utero embryonic development; placenta development","tRNA-splicing ligase complex; nucleus; cytoplasm; cytosol; nucleoplasm; nuclear envelope; endoplasmic reticulum membrane","RNA ligase activity; RNA ligase (GTP) activity; RNA binding; metal ion binding; nucleotide binding; GTP binding; protein binding; ligase activity; ligase activity, forming phosphoric ester bonds","GO:0006396; GO:0006388; GO:0008033; GO:0001701; GO:0001890","GO:0072669; GO:0005634; GO:0005737; GO:0005829; GO:0005654; GO:0005635; GO:0005789","GO:0008452; GO:0170057; GO:0003723; GO:0046872; GO:0000166; GO:0005525; GO:0005515; GO:0016874; GO:0016886"
"Q9Y3U8","RPL36",-2.02300101356212,0.030074512893442,124,62.1272313217056,0.357200699149061,92,5.66,81,111,"weight_sensitive_candidate","RPL36","ribosomal protein L36 [Source:HGNC Symbol;Acc:HGNC:13631]","translation; cytoplasmic translation","ribosome; cytoplasm; membrane; cytosol; nucleolus; ribonucleoprotein complex; cytosolic large ribosomal subunit; cytosolic ribosome; synapse","structural constituent of ribosome; RNA binding; protein binding","GO:0006412; GO:0002181","GO:0005840; GO:0005737; GO:0016020; GO:0005829; GO:0005730; GO:1990904; GO:0022625; GO:0022626; GO:0045202","GO:0003735; GO:0003723; GO:0005515"
"Q9Y446","PKP3",-3.20412140624731,3.71672957148846e-05,12,488.834586466165,0.340359681172199,101,4.47,98,117,"weight_sensitive_candidate","PKP3","plakophilin 3 [Source:HGNC Symbol;Acc:HGNC:9025]","cell-cell adhesion; regulation of gene expression; cell adhesion; actin cytoskeleton organization; positive regulation of cell-cell adhesion; protein localization to plasma membrane; positive regulation of protein localization; positive regulation of cell adhesion; desmosome assembly; epithelial cell-cell adhesion; epithelial structure maintenance; negative regulation of mRNA catabolic process; positive regulation of cell cycle G1/S phase transition; regulation of cytokine production involved in immune response; regulation of hair follicle development; desmosome organization","nucleus; cytoplasm; plasma membrane; membrane; nucleoplasm; anchoring junction; cell junction; adherens junction; desmosome; cornified envelope; cell-cell junction","protein binding; RNA binding; cell adhesion molecule binding; cadherin binding; enzyme binding; alpha-catenin binding","GO:0098609; GO:0010468; GO:0007155; GO:0030036; GO:0022409; GO:0072659; GO:1903829; GO:0045785; GO:0002159; GO:0090136; GO:0010669; GO:1902373; GO:1902808; GO:0002718; GO:0051797; GO:0002934","GO:0005634; GO:0005737; GO:0005886; GO:0016020; GO:0005654; GO:0070161; GO:0030054; GO:0005912; GO:0030057; GO:0001533; GO:0005911","GO:0005515; GO:0003723; GO:0050839; GO:0045296; GO:0019899; GO:0045294"
"Q9Y450","HBS1L",-0.401154619781895,0.680090927178495,106,26.4525067968006,0.250280558982864,272,15.74,238,305,"weight_sensitive_candidate","HBS1L","HBS1 like translational GTPase [Source:HGNC Symbol;Acc:HGNC:4834]","regulation of translation; translation; translational elongation; negative regulation of gene expression; rescue of stalled ribosome; signal transduction; ribosome disassembly; nuclear-transcribed mRNA catabolic process, no-go decay","cytoplasm; membrane; cytosolic ribosome; cytosol; Dom34-Hbs1 complex","GTPase activity; GTP binding; hydrolase activity; nucleotide binding; protein binding; translation elongation factor activity","GO:0006417; GO:0006412; GO:0006414; GO:0010629; GO:0072344; GO:0007165; GO:0032790; GO:0070966","GO:0005737; GO:0016020; GO:0022626; GO:0005829; GO:1990533","GO:0003924; GO:0005525; GO:0016787; GO:0000166; GO:0005515; GO:0003746"
"Q9Y490","TLN1",1.63085773206727,0.0241313159833309,44,1612.63343167679,0.307362989410104,149,3.82,141,158,"weight_sensitive_candidate","TLN1","talin 1 [Source:HGNC Symbol;Acc:HGNC:11845]","cell adhesion; actin cytoskeleton organization; cell-cell adhesion; cell-cell junction assembly; regulation of focal adhesion assembly; cell-substrate junction assembly; cortical actin cytoskeleton organization; integrin-mediated signaling pathway; integrin activation; cortical microtubule organization","cytoskeleton; focal adhesion; ruffle; cytoplasm; plasma membrane; membrane; cell projection; anchoring junction; extracellular region; cytosol; adherens junction","actin filament binding; actin binding; structural constituent of cytoskeleton; protein binding; integrin binding; LIM domain binding; cadherin binding; phosphatidylserine binding; phosphatidylinositol binding","GO:0007155; GO:0030036; GO:0098609; GO:0007043; GO:0051893; GO:0007044; GO:0030866; GO:0007229; GO:0033622; GO:0043622","GO:0005856; GO:0005925; GO:0001726; GO:0005737; GO:0005886; GO:0016020; GO:0042995; GO:0070161; GO:0005576; GO:0005829; GO:0005912","GO:0051015; GO:0003779; GO:0005200; GO:0005515; GO:0005178; GO:0030274; GO:0045296; GO:0001786; GO:0035091"
"Q9Y4D7","PLXND1",1.32529836624288,0.0863470670479952,4,0,0.103106633638114,429,1.03,426,430,"robust_candidate","PLXND1","plexin D1 [Source:HGNC Symbol;Acc:HGNC:9107]","semaphorin-plexin signaling pathway; angiogenesis; regulation of cell migration; regulation of cell shape; endothelial cell migration; outflow tract morphogenesis; negative regulation of cell adhesion; synapse assembly; positive regulation of axonogenesis; regulation of angiogenesis; branching involved in blood vessel morphogenesis; kidney development; cardiac septum development; aorta development; dichotomous subdivision of terminal units involved in salivary gland branching; coronary vasculature development; synaptic target recognition; negative regulation of neuron apoptotic process","plasma membrane; membrane; cell projection; lamellipodium membrane; lamellipodium; plasma membrane bounded cell projection; semaphorin receptor complex; glutamatergic synapse; axon; cell body","protein binding; protein domain specific binding","GO:0071526; GO:0001525; GO:0030334; GO:0008360; GO:0043542; GO:0003151; GO:0007162; GO:0007416; GO:0050772; GO:0045765; GO:0001569; GO:0001822; GO:0003279; GO:0035904; GO:0060666; GO:0060976; GO:0008039; GO:0043524","GO:0005886; GO:0016020; GO:0042995; GO:0031258; GO:0030027; GO:0120025; GO:0002116; GO:0098978; GO:0030424; GO:0044297","GO:0005515; GO:0019904"
"Q9Y4K0","LOXL2",3.09569606109237,0.000109191718667273,2,0,0.197038690309303,343,8.15,326,356,"weight_sensitive_candidate","LOXL2","lysyl oxidase like 2 [Source:HGNC Symbol;Acc:HGNC:6666]","response to hypoxia; chromatin organization; negative regulation of transcription by RNA polymerase II; negative regulation of DNA-templated transcription; collagen fibril organization; response to copper ion; sprouting angiogenesis; endothelial cell proliferation; heterochromatin organization; endothelial cell migration; positive regulation of chondrocyte differentiation; protein modification process; positive regulation of epithelial to mesenchymal transition; epithelial to mesenchymal transition; negative regulation of stem cell population maintenance","membrane; nucleus; extracellular region; extracellular space; nucleoplasm; chromosome; endoplasmic reticulum; basement membrane; chromatin; extracellular matrix","copper ion binding; oxidoreductase activity, acting on the CH-NH2 group of donors, oxygen as acceptor; calcium ion binding; metal ion binding; protein binding; oxidoreductase activity; oligosaccharide binding; protein-lysine 6-oxidase activity","GO:0001666; GO:0006325; GO:0000122; GO:0045892; GO:0030199; GO:0046688; GO:0002040; GO:0001935; GO:0070828; GO:0043542; GO:0032332; GO:0036211; GO:0010718; GO:0001837; GO:1902455","GO:0016020; GO:0005634; GO:0005576; GO:0005615; GO:0005654; GO:0005694; GO:0005783; GO:0005604; GO:0000785; GO:0031012","GO:0005507; GO:0016641; GO:0005509; GO:0046872; GO:0005515; GO:0016491; GO:0070492; GO:0004720"
"Q9Y5K8","ATP6V1D",-2.56117993115924,0.00172959609791163,18,0,0.260889571108258,250,8.46,224,259,"weight_sensitive_candidate","ATP6V1D","ATPase H+ transporting V1 subunit D [Source:HGNC Symbol;Acc:HGNC:13527]","monoatomic ion transport; proton transmembrane transport; cell projection organization; cilium assembly; protein localization to cilium; regulation of macroautophagy; vacuolar acidification; lysosomal lumen acidification; endosomal lumen acidification; intracellular pH reduction; Golgi lumen acidification; synaptic vesicle lumen acidification","cytoplasm; membrane; cell projection; nucleoplasm; plasma membrane; cytoskeleton; cytoplasmic vesicle; cilium; clathrin-coated vesicle membrane; lysosomal membrane; centrosome; vacuolar proton-transporting V-type ATPase, V1 domain; cytosol; endosome membrane; specific granule membrane; proton-transporting V-type ATPase complex","protein binding; proton-transporting ATPase activity, rotational mechanism","GO:0006811; GO:1902600; GO:0030030; GO:0060271; GO:0061512; GO:0016241; GO:0007035; GO:0007042; GO:0048388; GO:0051452; GO:0061795; GO:0097401","GO:0005737; GO:0016020; GO:0042995; GO:0005654; GO:0005886; GO:0005856; GO:0031410; GO:0005929; GO:0030665; GO:0005765; GO:0005813; GO:0000221; GO:0005829; GO:0010008; GO:0035579; GO:0033176","GO:0005515; GO:0046961"
"Q9Y6W5","WASF2",-2.79489033945303,0.000435790497519572,38,188.814289320524,0.361528190606116,88,0.46,87,89,"robust_candidate","WASF2","WASP family member 2 [Source:HGNC Symbol;Acc:HGNC:12733]","actin cytoskeleton organization; negative regulation of stress fiber assembly; adenylate cyclase-modulating G protein-coupled receptor signaling pathway; positive regulation of Arp2/3 complex-mediated actin nucleation; angiogenesis; ameboidal-type cell migration; neuron migration; endocytosis; lamellipodium assembly; actin filament-based movement; megakaryocyte development; cell motility; lamellipodium morphogenesis; postsynapse organization","cytoskeleton; cytoplasm; plasma membrane; membrane; cell projection; lamellipodium; protein-containing complex; SCAR complex; cytosol; actin cytoskeleton; synapse; ruffle; early endosome; cell-cell junction","actin binding; protein binding; protein kinase A binding; cadherin binding; protein kinase A regulatory subunit binding; Arp2/3 complex binding","GO:0030036; GO:0051497; GO:0007188; GO:2000601; GO:0001525; GO:0001667; GO:0001764; GO:0006897; GO:0030032; GO:0030048; GO:0035855; GO:0048870; GO:0072673; GO:0099173","GO:0005856; GO:0005737; GO:0005886; GO:0016020; GO:0042995; GO:0030027; GO:0032991; GO:0031209; GO:0005829; GO:0015629; GO:0045202; GO:0001726; GO:0005769; GO:0005911","GO:0003779; GO:0005515; GO:0051018; GO:0045296; GO:0034237; GO:0071933"
