"","logFC","AveExpr","t","P.Value","adj.P.Val","B","X","UNIPROT"
"O43854",12.1021670347627,27.6643390672673,18.321508073659,3.12167282884184e-18,9.73649755315771e-15,29.9845581891108,"O43854","O43854"
"P39060;H7BXV5;Q8NG19;H7C457",9.85203636025415,27.327666095952,15.5517931428425,3.14841181999978e-16,4.90994823328966e-13,26.0426209125982,"P39060;H7BXV5;Q8NG19;H7C457","P39060"
"P32926;Q7Z2Z5",-9.05181247414674,26.2597969893496,-15.0827915656266,7.32937027457549e-16,7.62010196213365e-13,25.3007561481063,"P32926;Q7Z2Z5","P32926"
"P22735;A8K5N5;B0AZN7;B0AZM8;B4DRV1;H0YMQ8;H0YLT9;H0YN27;H0YNM4;G1APU8;H0YLJ6;H0YKI6",-10.0491677052415,25.9211747900858,-14.6255807507956,1.70350477242261e-15,1.17587344907209e-12,24.554762195955,"P22735;A8K5N5;B0AZN7;B0AZM8;B4DRV1;H0YMQ8;H0YLT9;H0YN27;H0YNM4;G1APU8;H0YLJ6;H0YKI6","P22735"
"P55268;Q15483;Q8N9Q8;F5H520",7.94397288514485,25.4105071734373,14.5714073236488,1.88501675067664e-15,1.17587344907209e-12,24.4648439775784,"P55268;Q15483;Q8N9Q8;F5H520","P55268"
"P13688;Q3KRG8;P31997;M0R2K4;M0R109;Q13984;Q0Z7S6",-7.92015958336417,26.7355071917381,-14.3703733223297,2.75152555955405e-15,1.43033470337485e-12,24.1282827171906,"P13688;Q3KRG8;P31997;M0R2K4;M0R109;Q13984;Q0Z7S6","P13688"
"O94832;Q7Z3N6;K7EIG7;J3QRN6;J3KRL0;Q8N618;B0I1T2;F8WEW9;A0A3B3IU30",-7.71696108486579,25.1877142377349,-14.1551389843347,4.14331175336066e-15,1.81840727158519e-12,23.7628576620516,"O94832;Q7Z3N6;K7EIG7;J3QRN6;J3KRL0;Q8N618;B0I1T2;F8WEW9;A0A3B3IU30","O94832"
"C5IX07;D1MF27",-7.38759639827321,26.1297542914598,-14.0933344283442,4.6640776443352e-15,1.81840727158519e-12,23.6569413996366,"C5IX07;D1MF27","C5IX07"
"P29373;Q5SYZ4;P29762;B5MCB5;F1T0F7",-8.03589998434387,27.0626107906173,-13.9380692554064,6.29036275186279e-15,2.17996015811778e-12,23.3889003957181,"P29373;Q5SYZ4;P29762;B5MCB5;F1T0F7","P29373"
"Q92817;K7EKI0;B7ZLH8;K7EQ87;A8MZ36",-7.66667425231876,24.7539335117796,-13.7838513758392,8.48719079061589e-15,2.53852274370279e-12,23.1198684112557,"Q92817;K7EKI0;B7ZLH8;K7EQ87;A8MZ36","Q92817"
"P29508;Q9BYH9",-7.69241842101399,26.6263892925187,-13.7009629167264,9.97980681379175e-15,2.53852274370279e-12,22.9741064460848,"P29508;Q9BYH9","P29508"
"P08473;B7ZKY6;A0A7I2U302;A0A6Q8PFY6;C9IYX7;C9JDZ3;Q3KQS6;L7Z660;L7ZC27",-7.91657371823965,26.7853164540396,-13.6756611625557,1.0487224167628e-14,2.53852274370279e-12,22.9294494038312,"P08473;B7ZKY6;A0A7I2U302;A0A6Q8PFY6;C9IYX7;C9JDZ3;Q3KQS6;L7Z660;L7ZC27","P08473"
"Q9UN76;B2R8J1",-7.62696857109055,26.3842249248436,-13.6711438122975,1.05805693068728e-14,2.53852274370279e-12,22.9214683312039,"Q9UN76;B2R8J1","Q9UN76"
"A0AA49Q0E5;A0AA49Q0V0;A0AA49JKQ4",-9.78851229031925,27.6715725218032,-13.4958160585106,1.49482915610822e-14,3.31621150676647e-12,22.6098130119014,"A0AA49Q0E5;A0AA49Q0V0;A0AA49JKQ4","A0AA49Q0E5"
"Q6YHK3;Q5XUM6",-10.2288666840673,25.5467027349256,-13.4631393769527,1.59484362300408e-14,3.31621150676647e-12,22.5513181065542,"Q6YHK3;Q5XUM6","Q6YHK3"
"O60437;K7EKI8;K7EQ71;B7Z394;A0A2R8Y432;REV__Q8NDI1;REV__A0A140VK17;REV__A8K930;A0A2R8Y7A4;A0A2R8YCP0;REV__H7C1E6;Q5JTW2;A0A2R8Y5W6;A8MST6;A0A2R8Y7U5;A0A2R8Y4C1;A0A2R8Y589;REV__Q9ULW3;A0A2U3TZI9",-7.23705889737411,25.9335201755218,-13.3303064498957,2.07759094071133e-14,4.00514331031947e-12,22.3121947304098,"O60437;K7EKI8;K7EQ71;B7Z394;A0A2R8Y432;REV__Q8NDI1;REV__A0A140VK17;REV__A8K930;A0A2R8Y7A4;A0A2R8YCP0;REV__H7C1E6;Q5JTW2;A0A2R8Y5W6;A8MST6;A0A2R8Y7U5;A0A2R8Y4C1;A0A2R8Y589;REV__Q9ULW3;A0A2U3TZI9","O60437"
"Q13421;H3BR90;H3BV92",-7.39437652352938,27.2652406748691,-13.3024630351643,2.19652286506605e-14,4.00514331031947e-12,22.2617980903081,"Q13421;H3BR90;H3BV92","Q13421"
"Q16651;H3BUJ8;H3BVC8;B4DKP1",-7.43552172409565,26.3565712868994,-13.2479030745601,2.4502655937392e-14,4.00514331031947e-12,22.1627682568307,"Q16651;H3BUJ8;H3BVC8;B4DKP1","Q16651"
"Q8TE68;B4DKV7",-7.51369359209142,26.2009010634798,-13.2413788561054,2.48255993993976e-14,4.00514331031947e-12,22.150901848371,"Q8TE68;B4DKV7","Q8TE68"
"Q8N271;B2R879;F8WDW5",-7.51850366885772,26.2133444559478,-13.2244863393396,2.56822270620037e-14,4.00514331031947e-12,22.120152929678,"Q8N271;B2R879;F8WDW5","Q8N271"
"C7DJS2",-7.55662058972615,26.90598452552,-13.1131303906762,3.21430521690617e-14,4.77400855787159e-12,21.9165716792243,"C7DJS2","C7DJS2"
"Q5SSG8;A0A0C4DGM6;A0A140TA51;A0A0G2JMC4;B4DWR2;B7ZAP8;A0A140TA38;A0A0G2JJF7;A0A0G2JHX4;A0A0G2JKD1;A0A140T8X8;B4DRX4",-7.34802104072146,26.593281190023,-13.0839793574646,3.40953607502827e-14,4.83379228091508e-12,21.8630233594986,"Q5SSG8;A0A0C4DGM6;A0A140TA51;A0A0G2JMC4;B4DWR2;B7ZAP8;A0A140TA38;A0A0G2JJF7;A0A0G2JHX4;A0A0G2JKD1;A0A140T8X8;B4DRX4","Q5SSG8"
"P36952;C9JLM5",-7.38836078244361,26.7558109781721,-13.0584164707374,3.59074390441693e-14,4.86936097298974e-12,21.8159790257217,"P36952;C9JLM5","P36952"
"P18564;E9PEE8;A8K2N5;B4E2B8;A0A087WXP3",-6.95354552769079,26.3128208994563,-12.8563227266336,5.42090032305422e-14,7.04491171150254e-12,21.4411737818636,"P18564;E9PEE8;A8K2N5;B4E2B8;A0A087WXP3","P18564"
"Q14CN2;Q9NXP1;A8K7I4;B3KUF3;B4DUZ6",-7.69296756293638,25.4714390514102,-12.8128052368754,5.92717148575827e-14,7.39473914563201e-12,21.3597914964336,"Q14CN2;Q9NXP1;A8K7I4;B3KUF3;B4DUZ6","Q14CN2"
"P63313",-6.86488718328932,26.3464076817634,-12.4607818601096,1.22997933079836e-13,1.47550212798465e-11,20.6925686347563,"P63313","P63313"
"P08571;B2R888;F1C4A7;D6RFL4;E7EVL5",-8.51812739704659,26.4403546220739,-12.406567552475,1.3780555330647e-13,1.59190933615881e-11,20.5883891710455,"P08571;B2R888;F1C4A7;D6RFL4;E7EVL5","P08571"
"P00918;V9HW21;A0A0K0K1L1;E5RID5;E5RK37",-6.71714674199423,26.2598410308632,-12.3706390664991,1.48615619990027e-13,1.59486682498859e-11,20.5191370523516,"P00918;V9HW21;A0A0K0K1L1;E5RID5;E5RK37","P00918"
"Q969L2",-6.91048072116457,26.8532209265667,-12.3669532360487,1.49772728598683e-13,1.59486682498859e-11,20.5120230814433,"Q969L2","Q969L2"
"P15104;A8YXX4;A0A2R8YDT1;A1L199;B4DWM6;Q2TU80;Q9NSP3",-8.78687800890496,26.7474881499598,-12.3555801062618,1.53401746552285e-13,1.59486682498859e-11,20.4900607610506,"P15104;A8YXX4;A0A2R8YDT1;A1L199;B4DWM6;Q2TU80;Q9NSP3","P15104"
"Q9H190;B4DKI5",-8.07492234433131,27.8728254305201,-12.0900053840078,2.69443520914991e-13,2.71094948946406e-11,19.9723797747379,"Q9H190;B4DKI5","Q9H190"
"Q9HCY8",-9.66991685537687,27.9896417681537,-12.0580893623916,2.88474371226484e-13,2.81172363704814e-11,19.909537881804,"Q9HCY8","Q9HCY8"
"P00966;Q5T6L4;A8KAP9;Q5T6L6;A0A0S2Z3B6;Q5T6L5;B4E395;A0A0S2Z3D8;A0A0S2Z3F1;Q8NFZ7",-6.81917327209119,26.1011915675609,-12.035658762006,3.0266965545775e-13,2.8606868344628e-11,19.8652913467812,"P00966;Q5T6L4;A8KAP9;Q5T6L6;A0A0S2Z3B6;Q5T6L5;B4E395;A0A0S2Z3D8;A0A0S2Z3F1;Q8NFZ7","P00966"
"P22528",-7.22993228768414,26.9127843677182,-11.9471845590267,3.66020036517254e-13,3.35769557028623e-11,19.690111836999,"P22528","P22528"
"P26022",7.75896969847808,26.7356673100749,11.9016093862147,4.03810387984536e-13,3.59852742892505e-11,19.5994632584703,"P26022","P26022"
"P35321",-7.17262390784281,27.5887035508919,-11.8216712665611,4.80045738684322e-13,4.15906294154556e-11,19.4397918854516,"P35321","P35321"
"Q9UBC9;B1AN48",-6.66174347623097,25.9661108534784,-11.7952127390594,5.08410048189273e-13,4.2833732227517e-11,19.3867526310641,"Q9UBC9;B1AN48","Q9UBC9"
"Q93079;I6L9F7;Q99877;P62807;O60814;P58876;Q5QNW6;Q99879;B2R4S9;B4DR52;Q0D2M2;U3KQK0;A8K9J7;P57053;Q99880;Q96A08;A0A2R8Y619;L0R4T3",6.83737301224086,26.7084276368947,11.7831908649795,5.21860155384946e-13,4.2833732227517e-11,19.3626220648255,"Q93079;I6L9F7;Q99877;P62807;O60814;P58876;Q5QNW6;Q99879;B2R4S9;B4DR52;Q0D2M2;U3KQK0;A8K9J7;P57053;Q99880;Q96A08;A0A2R8Y619;L0R4T3","Q93079"
"A0A223G199;A0A7G2CUG3;A0A5K1TTE6;A0A223G166;A0A0A1I8N2;M1VED6;O19763;A0A7L4X6N3;A0A0A8LDW4;D7RIH3;A0A7R8ND44;A0A223G197;A0A223G181;A0A5B8IRV8;A0A223G1A2;A0A0A1I8N6;A0A0A1I9Q7;A0A7G2CTV6;A0A0A8LCK8;A0A0A8LCM8;A0A223G183;A0A8G0VK77;A0A6B9MYJ1;A0A5H2UFR3;A0A0A8LE23;A0A0A1I7H4;O19762;A0A7G2CV27;Q5K3W3;A0A0A8LCM2;A0A0A8LDZ0;Q5Y7B6;A0A7R8RIV0;A0A7R8NBZ3;A0A7R8NC36;A0A7G2CTU8;A0A7R8MID8;A0A7R8RJV8;A0A493QP84;Q9TQD9;A0A858LH89;A0A5K1TTE7;A0A1Z2R8A6;A0A0A0WDZ3;D7RIH2;A0A858LFY5;A0A0A8LCK0;A0A8A6C7D6;U3PQT7;A0A7R8RK78;A0A7R8MLF0;A0A6V7B7Q3;A0A7G2CW28;A0A5H2UFB1;Q95462;S6AU78;A0A7T3RIU3;A0A223G167;A0A3S6RGJ7;A0A678ZHR8;A0A678ZDD4;A0A678ZF99;A0A1S6M245;A0A1V0S7K4;A0A218N069;A0A4P2SS18;A0A3S6RJ32;A0A455JUG6;A0A455JW14;A0A4P2ST06;A0A493QP87;S6B6T3;S6AP21;A0A1Z2R877;A0A455JW54;A0A678ZDB8;A0A5H2UX46;A0A5H2UX30;A0A5H2UFD0;A0A4P2SUR6;S6BVM7;A0A858LFL6;A0A6C0SGG1;A0A6B7KR62;A0A7H0XMD1;M1UZ77;A0A223G188;A0A5P8DHY6;A0A678ZWC6;G9FJH9;A0A0A0WDY8;A0A6B7KVA8;A0A1Y6IM61;A0A6C6Y186;A0A223G1B6;A0A858B7U5;Q30147;A0A7S5GRT2;A0A858LFY9;A0A7L4X791;A0A346DAQ6;A0A1W2HC25;A0A5C1IZ18;A0A8F7CEF1;Q860I1;Q860E3;Q6TKG7;Q45FZ4;L0BXN7;A0A678ZI01;A0A5K1TT81;A0A1X9I584;A0A109NRH0;A0A0X7YVI4;A0A0X7YNI5;A0A0N7A545;A0A0N7A4Q3;A0A0M3LBN0;A0A0A7CA35;A0A678ZHU0;A0A224MKG6;A0A1P8W1S3;A0A3S6RGH4;A0A0A1IBA8;A0A7G2CUE8;A0A7R8NC96;A8K2X3;A0A1L7H746;A0A3S6RGF3;A0A0A8LC32;A0A0D6F956;A0A7G2CTH0;A0A0A8LC38;A0A7R8NC02;A0A8E4J6L3;A0A7R8RIW0;Q5Y7D1;A8K634;A0A8F6GU52;A0A098GK79;A0A5A4LLB2;A0A5K1TTS4;A0A5K1TTR7;A0A110BDC4;A0A493QP80;A0A224MKH6;A0A678ZV52;A0A5K1TTR4;A0A678ZWG1;A0A678ZV61;A0A678ZWM8;A0A6B7G4L1;A0A6B7HFT5;A0A5K1TTR2;A0A5K1TTR0;Q3LAA8;A0A455JVX9;A0A4P2ST04;A0A3S6RGH2;A0A3S6RGJ4;A0A4P2ST20;A0A4P2ST60;A0A4P2SU83;A0A5A4LI31;A0A4P2SUQ1;A0A4V0NPA3;A0A4V0NPA6;A0A4V0NPA9;A0A6B7G523;A0A5A4LIB4;A0A5A4LP99;A0A5A4LJA1;A0A455JW62;A0A1L7H722;A0A6B7G1X6;A0A6B7G378;A0A4P2SS45;B3VTQ1;B3V8R5;A0A288QYP1;A0A6B7G237;A0A6B7G1M6;A0A6B7G1K1;Q7YQA7;A0A0A7C4R2;A0A6B7G1B2;A0A6B7G2G9;A0A678ZWK8;A0A678ZWG9;A0A4P2STC7;A0A678ZWD6;A0A678ZV65;A0A090JX86;A0A678ZUS8;A0A678ZUE5;A0A678ZU66;A0A455JX38;A0A3S6RGC4;A0A4P2SRY9;A0A4P2SS17;A0A678ZWK2;A0A6B7G1W2;A0A455JTZ0;A0A858LG15;A0A1W6C2L1;A0A678ZDM3;A0A678ZHJ0;A0A678ZHR9;A0A678ZHW7;A0A678ZT84;A0A678ZI10;A0A678ZI30;A0A678ZI47;A0A678ZI79;A0A678ZSK4;A0A678ZEV2;A0A678ZET1;A0A678ZDP2;A0A678ZDP0;A0A3S6RGL8;A0A3S6RGK3;A0A678ZDJ7;A0A142J2X6;A0A1J0A2H4;A0A1J0A2H5;A0A678ZER1;A0A3S6RGB6;A0A3S6RIZ7;A0A1P8W1R2;A0A1L4A1C7;A0A1L7H6X3;A0A1L7H766;A0A1L7H7D6;A0A1P8VK90;A0A678ZHI0;A0A678ZHA9;A0A678ZH89;A0A455JSG1;A0A142FK32;A0A5H2UWG3;I6YAZ4;A0A6B7G4I9;F2RM38;A0A858BAG5;A0A858B8W2;A0A858B8C9;A0A6B7IDE0;A0A6B7ICN2;A0A6B7HH84;A0A1L6KTJ5;A0A1L7H7E9;A0A1W2G0D6;A0A8E4J4C7;A0A224AVS4;A0A3Q9VAK5;A0A678ZF72;A0A3S6RGM4;A0A3S6RGP6;A0A3S6RGP8;A0A3S6RGQ1;A0A3S6RGQ5;A0A3S6RIJ0;A0A3S6RIM0;A0A3S6RIQ5;A0A678ZF34;P01911;A0A5A4LVJ3;C8C9V7;V5RNU3;A0A5K1TTR3;Q3LAB0;Q3LAB1;Q3LAA9;Q3LAA3;Q3LAA5;A0A3S6RGI6;A0A5K1TTG6;T1R3A9;S0F2C9;R9R082;Q9XRW9;Q9MYG3;Q95354;Q29813;A0A5K1TTR6;Q3LA86;A0A2S0SYU3;A0A678ZDE7;A0A5H2UZ11;A0A5H2UZ39;A0A678ZDA8;A0A678ZDH7;A0A678ZUM6;A0A678ZDE8;A0A678ZDC9;A0A5H2UWZ6;A0A5H2UCT7;A0A455JU26;A0A1P8VK53;A0A1P8W1Q4;A0A7L4X703;A0A6B7G2A9;Q06RK2;A9Z190;A0A5H2UD49;M9P9Y2;L0BX08;M4YQI1;A0A5K1TTQ4;A0A5K1TTN4;M9P9P6;M9P8N8;A0A2I4PZX3;A0A2I4PZS4;A0A288Q9E4;A0A1D8MAM0;A0A1C8DV77;A0A0N7A6U0;A0A0N7A531;A0A0F7VK83;A0A0A7C3G9;J7F8N2;I6NWK5;G1EN04;E2D5U1;A0A5K1TTS9;A0A8E4J457;C9E869;D7GN77;D7GN78;D7NPQ6;F1AQS1;G1EMY6;F1CCM5;F2VNV4;F2X661;F4YUA9;F6KS28;G0WVD4;A0A5H2USI6;A0A5H2UFA2;F8RHK6;A8D9Z3;A0A2H4G0B8;A0A2U7N6X0;A0A3S6RH00;A0A3S6RJA0;A0A5K1TTB7;A0A5K1TTD7;A0A5K1TTF0;A0A5K1TTF5;A0A5K1TTJ5;A0A5K1TTN2;A0A5K1TTT2;A0A858B8L5;A0N0W2;A7UHG5;A7X5F1;A0A288QS08;A0A286MCJ0;A0A1S5QRB9;E5RV92;H6A2E6;Q7JGS8;Q7YQA2;A0A0A7C3K8;A0A0A7C9I8;A0A5K1TTA5;Q7YQA6;A9YTA3;Q9BCM3;Q9UM34;S0F3K2;B0RZ68;B0LUU3;B0LUD6;A0A2U7NN64;D0VE46;A0A5H2UR85;F6KS29;A0A0A7C3A8;A0A0A7CAY7;A0A678ZHE7;A0A5H2UX50;A0A5H2UX13;A0A5H2UWZ3;A0A5H2UWM0;A0A5H2UT97;A0A5H2UT30;A0A5H2UYZ6;A0A5H2USK1;A0A5H2USF0;A0A5H2URD7;A0A5H2URB4;A0A5H2URA1;A0A858B8E2;A0A858B8F5;A0A858B8E1;A0A4P2SRV9;Q7YQA8;A0A5K1TTP7;A0A3S6RIL5;A0A0M3LB28;A0A0F7VJG9;A0A0E3DCR8;A0A0E3DCE8;A0A6B7G1Z6;A0A218N059;A0A2S0SZ01;A0A224AUE3;A0A678ZI70;A0A5H2UCP1;A0A5H2UD11;A0A3S6RGI2;A0A5K1TTD9;A0A678ZUQ8;A0A5A4LP21;Q9BCQ0;A0A5H2UD58;A0A5H2UCN3;A0A5H2UCL2;A0A5A4M429;A0A5A4LVI2;A0A5A4LNR3;A0A5P8NK64;A0A1N7SXR2;A0A1N7SY11;A0A6M6AM45;A0A8G1GJT1;A0A8F7CE29;A0A7S8ZX88;A0A224MKK0;A0A0A8LE01;A0A0A8LCJ4;O02951;X5DNQ0;S6B225;D7RIH8;Q860S1;A0A6V7B690;A0A455QYV7;A0A7R8NC19;A0A224MM21;A0A7R8NC49;A0A5A4LJD1;A0A5H2UDB2;A0A5H2UFI8;A0A5H2UFP2;A0A7D5HNN3;A0A8A8SDN6;A0A5H2URG8;A0A7M4BGU9;Q95IE6;A0A1P8VKA4;A0A7G2CTJ8;Q9GJM1;A0A7R8NBZ9;Q9TQE1;A0A6M6CB69;A0A7D5I7W7;A0A6B7HFV1;A0A0A0WGI7;A0A858LGJ4;Q30143;A0A6M3T0B7;A0A678ZUF7;A0A7G2CV37;A0A0A8LFF3;Q30111;A0A7R8ND07;A0A6B7IDI0;A0A7T3RJ15;A0A346MPU0;A0A6C0R4F4;A0A4Y5US14;A0A1V1IGQ3;B7ZW57;A0A1P8W1R4;O19678;A0A346FLI1;F1CT76;E0Z0A8;A0A5C1YVC7;A0A5H2UFZ5;Q9TPB7;A0A5H2USD9;A0A6B7G4G9;A0A858B8N5;A0A5H2USM2;A0A678ZTF5;A0A6B9HC06;A0A6B7HFN5;A0A6B7G1R6;A0A6B7G4H4;A0A6B7G3B7;B9WPM5;A0A6B7G386;A0A6B7G219;A0A6B7G212;A0A6B7G1W9;A0A5A4LIA5;A0A5H2UWK7;A0A6B7G1D3;A0A678ZT36;B9WPM8;A0A4P2STJ1;A0A678ZWQ7;A0A678ZDR0;A0A678ZDN3;A0A678ZDK2;A0A678ZDC2;A0A678ZDU8;A0A678ZDX1;A0A678ZH56;A0A678ZHU6;C3W973;A0A678ZSI7;A0A678ZSR2;A0A678ZWE3;A0A6B7G1K8;A0A678ZDB9;A0A6B7HFW6;E7CYG1;A0A455R6A6;A0A5H2UDA3;A0A678ZU43;A0A5H2UT54;A0A3S6RJ16;A0A455JU34;A0A455JUD0;A0A4V0NPA5;A0A3S6RIX3;A0A3S6RGQ4;A0A3S6RGK2;A0A455JW68;A0A481SV23;A0A493QP78;A0A4P2STD3;A0A3S6RJ14;A0A4P2SRU9;A0A4P2SUL6;A0A4P2SSE7;A0A5H2UFI1;Q9MY00;A0A4P2SSL1;A0A5H2USM5;A0A286MCH0;A0A1X9I4Q6;A0A186VNG7;A0A1C8DV72;A0A1S5QRE3;A0A3S6RGE2;A0A3S6RGG0;A0A1S5QRD2;A0A1X9I4S5;A0A1S5QRC5;A0A1C8DWI9;A0A1C8DWG7;A0A1S6M229;A0A1C8DW07;A0A4P2SUJ3;A0A0N9R1G3;A0A1P8VKB3;Q9TQ63;A0A5H2UWY6;A0A0N7A4P8;A0A0N7A4L6;A0A0M3LBH9;A0A0M3LB92;A0A0E3DDT2;A0A0E3DDS7;A0A0E3DDR1;A0A0E3DDQ6;A0A0E3DD57;A0A0E3DCR2;A0A0N9Q860;A0A5K1TTP3;C8XTJ3;Q860E4;A0A0N9MR08;A0A0X7YJ88;A0A1C8DTN2;A0A141AZJ3;A0A1C8DTL8;C7FDW6;G0ZDX3;G0Z8G1;F8RHK5;F4YZW6;A0A6B9MT94;S4T6L5;C7EX09;C7FDW7;A0A8E4J5J4;C7FDW8;S0F2C7;C8CJC8;M9PAI9;U5ISB2;C8XTM6;C8XTL0;G1EMY8;A0A1J0A2H6;A0A1C8DTK8;A0A0X7YK30;A0A1C8DT30;A0A186VP36;A0A186VNM4;A0A1X9I5K2;A0A141R7G4;D3U4F2;A0A0X7YVJ2;C1KBK0;A0A0U5J6C8;C3VJ06;A0A1Z1XFZ4;A0A1L4A1I8;A0A1S6GL18;A0A3S6RIY4;G1EN16;A0A858LH34;D0RB87;A0A2S0SYV7;A0A858LGM5;A0A4P2SUK9;M9P9F3;J7K6R9;I6NXM9;G4XPM0;G1EN01;A0A5H2UX40;F8RHJ5;A0A5H2UTC9;A0A4V0NPB1;Q2PBC3;A0A5A4LI52;A0A5A4LIK6;A0A5A4LJR8;A0A5A4LJU7;A0A5A4LPI7;A0A5A4M400;A0A5H2UCQ9;A0A5H2UD68;O19502;Q6QUQ1;A0A5H2UFF3;Q6T713;A0A0A7C3F6;A0A060GZE9;U5IQQ1;T1WFE7;S0F2J6;R9WRP1;Q9TQ39;Q75NJ4;C0MQV9;A0A6B7G297;A0A678ZDS5;G9HRQ9;A0A1N7SXT9;A0A6B7L1P2;A0A6B7KXM5;A0A6B7HFP5;A0A6B7G2E0;A0A6B7G2C1;A0A5H2UFE6;A0A678ZUD1;A0A858LFP1;A0A3S8UVJ7;A0A3S6RGH7;A0A3S6RGI7;A0A3S6RGM2;A0A3S6RGM7;A0A3S6RGN1;A0A3S6RGN3;A0A3S6RGP4;A0A3S6RIK9;A0A455JUE8;A0A1N7SY41;F1CCL7;Q29648;A0A455JX53;A0A4P2ST31;A0A168GUL9;A0A6B7IDK9;A0A858B7F1;A0A3S6RGH6;A0A3S6RGH1;A0A218N039;A0A6B7G1F7;A0A6B7HFT9;A0A6B7G1J4;A0A6B7G1J9;A0A6B7G1U0;A0A6B7G2A4;A0A6B7G2E8;A0A6B7G4H8;A0A6B7HF60;A0A6B7HFQ0;A0A4P2SU66;A0A1S6M250;A0A6B7HFU2;A0A4P2ST48;A0A4P2SSZ8;A0A1D8MAI7;A0A1D8MAK1;A0A1L7H707;A0A678ZDY0;A0A1S6M227;A0A1P8VK61;A0A5H2UFL3;A0A1L7H6Y2;A0A0A7C4M5;A0A858B8H0;A7UHG9;D6PZY9;A0A1C8DVZ8;A0AQX8;G0Z8F9;P79604;P79605;B6ET91;A7UP05;A0A455JW35;A2VBX3;A0AQY0;A0A0A7C4J4;A0A0A7C9J6;A0A0A7CAY8;A0A0A7UWX2;A5YP91;A0A0A7C4T7;A0A2I4PZX8;A0A0A7C9M6;A0A5K1TT87;Q95388;Q9TQD8;Q9MYA0;Q6LBW8;A0A2I4PZZ9;A0A8F4JDK7;A0A3S6RGB5;A0A1C8DW50;A0A0A7C426;A0A0E3DDB7;A0A1C8DU92;A0A0M3LBB3;A0A0A7C3Y3;A0A0A7C3N5;A0A0A7C3L8;A0A0A7C3J8;A0A1X9I4N9;A0A858B7H7;A7UP03;C5J8E7;D5FZP3;A0A5K1TT95;C8XTJ7;A0A5K1TT72;Q29706;I2G7Y5;C8XTK7;A0A5K1TTM4;O77965;O19791;Q860T0;O98047;Q861B8;A0A5K1TTG7;O19592;Q7YP63;Q29687;A0A288R1Q1;A0A0E3DCK2;A0A0E3DCN4;F8RHL5;C6GZ76;D2SSL5;E2D5U3;E5D6L8;G9I1P7;F4NBN8;Q8HWN2;I7KP34;S4T6M2;A0A6C0NSJ1;Q29804;L0BVW9;O77962;Q29690;Q2LDE4;Q9BD27;A0A2I4PZW6;A0A2I4Q0C2;G9HWB7;A0A3S6RGP1;A0A5H2UCS7;A0A6B9Y1C8;A0A5H2UD42;A0A5H2UFC0;A0A5H2UFG1;A0A0A7C3H6;A0A5K1TTR5;A0A5A4LIN2;A0A7R8NCF0;Q29646;A0A5H2UR67;A0A455JW01;A0A5H2URG1;A0A4P2SU05;A0A455JVQ2;A0A4P2SUN6;F8R8N2;A0A3S6RIX6;A0A3S6RGL4;A0A7T8G1Q7;A0A4P2SRU1;A0A1J0A2H3;H2BDS9;H2DML4;J9Z200;L0BWW8;A0A2S0SYV5;M9PAI1;M4MD36;F8R1E3;A0A1D8MAL6;M4MGH8;A0A3P3ZK50;A0A4P2SSK4;A0A5A4LIL7;A0A5A4LK64;A0A2H4G0D0;A0A3S6RGH9;M9PAI0;Q3LAA6;M9P8N4;M9PAH9;H6SSQ5;A0A0A7C3J6;A0A2H4G4A8;A0A077XNE3;A0AQX9;A0AQY2;A0A455JX32;F2X659;A0A6F8ZCN4;A0A5Q0TKA1;A0A5K1TTQ7;A0A5K1TTE1;A0A5K1TTA8;A0A5A4LLE8;A0A5A4LK83;A0A563XNB9;A0A2U7N9F3;Q30165;O62887;Q30008;F2VNW5;M9PA40;M9P8N6;A0A5A4LPD0;M9P984;A7UP04;A4Q970;Q3LAA7;Q29649;Q29672;A0A5K1TTC2;A0A6V7B8E1;Q3LAC2;A0A0A7C9N5;A0A5K1TT74;A0A2P9DU00;A0A508SRK7;A0A0A7C4Y7;A0A286MCH2;A0A0A7CA37;F8RHN2;M9PAI8;M9PAJ1;M9PAJ2;M9PAK9;M9PAL7;M9PNR5;O19503;I6MHJ7;H8WV75;H8WV74;A0A0E3DD63;F8RHN3;F8SL10;G0WVD5;G0X8V2;G0Z6Y7;G0ZMN1;G1EMY5;G1EMZ2;G1EMZ5;M9PA07;M9P9R2;M9P9E3;M9P9B0;E2FZH3;E2GJN7;E2GLP8;E3Q0T2;E3SWQ5;F8RHM6;F8RHM7;D6BPR4;H9AWW8;I6NN36;I7APH6;J7F672;J7F8K6;J7FK30;J7FM92;M4MFA7;M4ML92;M4VJ78;M9P996;G1EN07;G1EN12;G1EN14;A0A286MCH3;A0A0A7C3C1;A0A0F7W6I7;E1Y6P8;E7BYD9;M9P9P2;A0A1S5QRD5;A0A1S5QRC6;A0A1L2BMN3;A0A1L2BMJ8;A0A1C8DVB4;A0A1C8DTM4;A0A1C8DT67;A0A180H713;A0A0N7A560;N1NTH0;A0A0A7CAY4;A0A0N7A4L1;A0A0G2R1T0;A0A0G2R177;A0A1X9I4N0;A0A0E3DDV4;G5EM96;A0A288QFD2;G8B1X6;G9HW14;H2BDS1;H2BDS4;H2BDS7;A0A0A7CAM1;H8WV73;A0A4P2SU46;A0A1L2BMK8;A0A455JX45;A0A6N0A1I3;A0A5K1TT65;Q30151;A0A5S8K798;A0A5S8K7D6;A0A2Z5WL90;A0A2U7N6G9;S0F2D1;A0A2I4PZT4;E1V2J4;E1U686;E1U683;Q9UM35;R4QU67;R9WSK7;R9WTI5;S0F3B6;S0F3B8;S5TPS8;S5TRF5;S5UF48;S5UGG7;A0A0X8XW04;A0A1L4A1B2;A0A1P8VK77;A0A1P8VKA8;A0A678ZV34;A0A1N7SY12;X5LKC7;A0A8E8PJ83;D5L9F4;A0A678ZIC0;R4QQZ7;Q9TQ42;A0A649ZUC7;Q9MY91;A0A224ATR1;D5FUG6;A0A896SZ78;A0A1X9I4P9;F2QL89;C0LAB8;A0A286MCG6;W1I840;W1I181;W0GCN6;T1R377;Q6RCP9;Q70I25;Q7YQA4;Q860S7;Q8HWG5;Q9BCS8;Q9BCT6;Q9GIL7;A0A345AMC4;A0A649ZUW1;E0YNM0;F4YUB1;F8RHJ2;F8RHK8;F8RHM1;F8RHM5;F1CCM2;F1AQS3;E7BYD6;E3SWR0;D5FZP6;D5FZP7;D5FZP8;D5L9F1;D5L9F5;A0A678ZDL1;D5M8A4;D6MJL1;D7NST1;D9U3I2;E0X9M8;F6KS21;F4YUA5;A0A896SZC5;F4NBM8;A0A5H2UYZ0;Q5ND94;Q5IFG9;Q5GMP5;F4NBM4;F1CCM3;F1CCN1;F1CCP2;F1CCP3;F1CCQ0;F2VP96;F2VP99;F2X655;F2X665;F2X669;F4NBM5;P79547;F4NBM6;F4NBM7;A0A0E3DD88;H2BDT4;A0A0E3DCR6;A0A678ZID1;A0A5K1TTS6;A0A5K1TTQ0;A0A678ZV46;A0A5K1TTD3;E3SWQ1;A0A678ZDT5;A0A678ZH43;A0A678ZHF9;A0A678ZHN1;A0A678ZT10;D3JV13;A0A0E3DCM5;A0A678ZDR5;A0A0E3DCF2;E3SGD4;A0A6B7G1C0;A0A858LEU4;A0A7S5GRG0;A0A6B7G2D0;A0A6B7G4Z6;A0A455JVQ9;A0A8F9SJ83;A0A678ZDI6;A0A678ZDG7;A0A678ZUU5;A0A493QP89;A0A3S6RGL3;A0A4P2SRW5;A0A6B7G231;A0A6B7G207;A0A6B7G1V5;A0A678ZUT6;A0A6B7G1N5;A0A678ZUZ6;A0A3S6RJ08;C8C9V6;A0A678ZSS7;A0A678ZDJ1;A0A678ZF66;C7FDW5;A0A5K1TTT8;A0A678ZDE4;F8RHM8;A0A6B7IAI2;A0A858LG05;C8CHC7;A0A5H2UX34;A0A3S6RIP8;A0A5H2UZ32;A0A455JU23;A0A455JW05;A0A455JW06;A0A455JW17;A0A493QP88;A0A5H2UTB2;A0A5H2UX24;A0A455JVR6;A0A678ZDG3;B7VF70;B9WPM1;B9WPM2;A0A288R105;F8LSY3;A0A0E3DCI8;B9WPM6;F8RHJ3;G1EMX3;A0A3S6RGL6;A0A3S6RGL5;A0A2S0SZ78;A0A2S0SYV9;E2DHC1;Q861B0;D3JV16;C6L820;B3V8R4;B2NJ35;B2CKL1;A7X5K1;A7UHG3;A0N0W3;A0AQZ0;A0A6H0Y7U9;A0A678ZV11;A0A678ZF24;A0A2I4PZR5;A0A2H4FZU2;A0A2C8CYP6;A0A1S6GL20;A0A1S6GL25;A0A4P2SS90;H2AM03;C8XTJ8;A0A186VNI1;A0A1C8DWG2;A0A1C8DXB5;A0A1L2BMJ3;D3U4F3;Q9UM38;Q9GJ28;D3UT98;A0A0E3DCH0;A0A0E3DCL0;A0A0N7A4R1;A0A141AZI5;A0A2H4FZP9;A0A2I4Q0D7;A0A2X0RD74;A0A5K1TTA4;A0A5K1TTL5;A0A6B7G1Y9;B3VTQ2;D5G2J6;D7NST2;E3SGD3;E9NVH4;F2VNU8;F2VNV3;F2VNX0;M9P9Y0;D0VE48;C8XTM3;C8XTM2;A0A1C8DT73;W1IA32;A0A186VNH1;D7NPQ7;D3K479;D3U4E7;A0A186VNF6;A0A3S6RJ23;V5JA18;D7NP76;D9UC11;D0VE34;E2D5U5;E3SGD1;E3SGD5;E3SWP3;A0A5K1TTC6;A0A0E3DCQ6;D3JV10;A0A0A7C418;C8XTM8;A0A024J4R7;D7GN74;D1G120;A0A0N7A4S0;A0A0M3LCK6;A0A090KNI6;D5FUG5;F2VS02;D6PZZ6;A0A4P2SSD7;A0A8F4GCF3;O19190;A0A5H2UCJ1;Q29726;O19517;A0A4P2SRW9;A0A223G178;A0A678ZDH3;A0A1G4NQW7;A0A6B7G1Y0;A0A678ZDD8;Q29635;A0A858LJ40;G1EMX4;A0A678ZWM1;A0A5H2UR75;M9PAL6;Q3LAC3;B6ETP3;B9WPQ6;A0A6B7HFA1;M9PAH4;Q29791;A0A089H0Q7;G1EMX9;G1EMX6;A0A1P8VK83;F8R8M9;G1EN21;H2BDR9;F8R8N1;H2DML3;G1EMW9;M4MEW2;F8RHL3;L0BVZ3;K7ZK48;J7K4T3;I6Z114;M9PAH3;I6M556;H8WV97;Q3LAA4;G1EMY4;F8RHJ6;G5EM93;M9PNP1;Q1G0Z8;G0WVD3;G1EMY3;G0Z8F8;G0ZMM9;M9P9X6;M9P8M9;F8SL11;M9P8M7;F8R8N0;G9I2P3;G9HW13;G9HW12;G9HW11;G9HRM4;G9I2P4;H8WV95;H8WV94;A0A1J0A2H9;A0A6B7HFP2;A0A678ZU54;B9WPM3;A0A678ZI19;B9WPM4;A0A455JVS4;A0A3S6RGM8;A0A3S6RGE5;A0A1L4A1D5;F0VRV6;A0A678ZUT2;A0A678ZDK4;A0A5H2UWH0;A0A678ZUR9;A0A4P2SS25;A0A3S6RJ03;A0A3S6RGI8;A0A0E3DDS0;A0A678ZFC5;M9P978;G0ZDX1;M9P979;H6A2E5;M9P8M8;G0ZMM8;M9PAH2;Q4A1G9;M9PAH1;M9PAH0;M9PA34;G1CD91;A0A6B7G3C5;M9P9P1;M9P9N9;M9P8N0;M9P9N8;A0A1L7H706;M9P8N1;M9P9N6;I6NVX3;A0A0E3DDR9;V5JAC9;A0A0A7CAZ6;A0A0K0PYY5;A0A0G2R1S9;A0A0G2R1I3;A0A0E3DDV2;A0A0E3DDT4;A0A0E3DDR3;A0A0N9MQ31;A0A0E3DD90;A0A0E3DCG7;A0A0A8R917;A0A0A7CA47;A0A2H4G2R1;A0A0A7CA42;A0A0A7C9J2;A0A0A7C521;A0A0A7C487;A0A0A7C439;A0A0A7C3E6;A0A0E3DCN6;A0A0X7YLJ3;A0A120N5Z9;A0A141AZH7;A0A0K2GUL9;A0A0N7A4N0;A0A0N7A4Q7;A0A0N9E6Q1;A0A0A0YRG7;A0A109NRH9;A0A0S2UQI5;A0A0P0FMW2;A0A0N7A6N9;A0A0N7A4N6;A0A1L2BMK7;A0A0M3LCZ3;A0A0M3LBG5;A0A0M3LB54;A0A0G2R131;A0A0E3DCG4;A0A0A7CA51;A0A0A7C9P2;A0A0A7C9M3;A0A0A7C446;A0A023NF12;A0A141AZK0;A0A0M3LCP1;A0A1C8DW15;A0A109W0S5;A0A2H4G471;A0A2H4G0E9;F6KS24;A0A0A7C412;A0A0A7C9G7;A0A0A7C5D1;A0A0A7C513;A0A0A7C506;D5FID6;D5FID3;A0A0A7C4N2;A0A0A7C4L3;A0A0A7C4I7;A0A0A7C4I2;A0A0A7C404;A0A2H4FZT6;A0A0A7C3Z8;A0A0A7C3Z0;A0A0A7C3X7;A0A0A7C3X0;A0A0A7C3W1;A0A0A7C4L9;A0A0N7A4P3;A0A0N7A6X5;Q5EGD8;M9P9X5;A0A0A7CA45;A0A0E3DCJ4;A0A0E3DDR2;Q5FY46;A0A2D1BYB4;A0A288QYM1;A0A288Q9G4;A0A1X9I6E6;A0A1X9I4R1;A0A1S5QRF2;A0A1S5QRE5;A0A1S5QRE2;A0A1S5QRD7;A0A1S5QRD3;A0A1L2BMM5;A0A1L2BMM0;A0A1C8DXA5;A0A1C8DW70;A0A0A7C4Y0;A0A1C8DV34;A0A186VP32;A0A186VNF7;W0HE50;A0A2I4PZS8;Q9UM36;A0A142LRG5;A0A186VNG2;A0A1C8DT28;G1EN20;I6NN89;H8WV83;H6A2E7;H2E2A8;H2BEB5;G9I2P6;G9HWB5;G9HWB4;G9HRM5;G4XPM1;G1EN11;A0A1C8DWI2;G1EN06;G1EMY9;G1EMY7;H2BDT1;F4YZX5;D9U3I3;E2D5U6;D7GN75;D9IFQ3;A0A2H4FZS5;I6NWK1;I6NWM5;I6TMU9;I6ZTP2;F2VPA2;F2VP97;S6DRI6;F1CCN3;E9NVH1;E9ABI6;E3SWQ9;E3SWQ6;E3SWQ3;E3SGD2;E2GJN9;S0F2C5;D7GN76;E2D5U8;E0WN75;F8RHL7;F8SL09;G0Z8G0;G0Z8G2;J7F7B7;J7F669;A0A2I4Q0F7;A0A2I4Q0C8;A0A2I4PZY9;D3U4E6;A0A0E3DDR7;D3JV11;D0EVN7;C9E868;C8XTM7;A0A1X9I4P1;C8XTK5;C8XTJ2;C8XTJ1;C8XTI6;C7FDX0;A7UNZ9;A4VAP8;A0AQZ3;A0AQZ1;A0A8F4G6P4;A0A7L7TRL4;C8XTK0;D7R0V1;A0A1T4J240;A0A1L2BMI4;D3U4E4;D3Y5Y3;A0A2I4PZY3;D6CJC9;A0A2I4PZW0;A0A2I4PZU7;A0A2I4PZU5;A0A2I4PZU0;A0A2I4PZR8;A0A2I4PZR1;A0A2H4G480;A0A2H4FZU5;A0A2H4FZT0;E1XUD4;A0A2H4FZS1;A0A288QYN0;A0A288QCL9;A0A288QA76;A0A286MCG8;A0A1X9I4W9;A0A1X9I4Q8;A0A2K8FWG2;A0A5K1TTD5;A0A5K1TTH5;A0A5K1TTK0;J9PW10;H2BDR8;G9HRN1;A0A0A7C3D5;A0A0A7C3E9;A0A0A7C3B2;A0A0A7C3E0;A0A0A7C3D0;A0A0A7C3C8;A0A0A7C3C4;A0A0A7C3C0;A0A0A7C3B6;A0A0E3DDR5;D5FID1;Q861H9;C8CJD1;Q95HN3;Q861G5;Q6PYB1;Q9BCP6;Q861G4;Q861H2;A0A5K1TT86;Q9GIX0;P79494;Q29905;A0A0A7C3E3;A0A0A7CAZ0;A0A0A7C3F5;D5FIF2;D5FIE8;D5FIE7;D5FIE6;D5FIE5;D5FIE4;D5FIE2;D5FID9;D5FID8;D5FID7;F0V6B9;D2DL45;D5FID2;D5FID0;D5FIC9;D5FIC8;D3U4F4;D3U4E9;D3U4E8;D3U4E3;D2DL44;C8XTI9;A0A5K1TT92;A0A5K1TTD4;D6CJD0;Q8WLR9;Q9TQ23;H8WV82;Q861A5;Q29732;Q860B8;Q8HWN3;A8WDP0;Q8MGY3;Q9MY02;Q9MY17;O19696;Q9MY01;Q3LTJ8;Q31644;Q3LTJ4;Q9MXZ4;Q9MXZ3;Q95381;Q3LRY0;O19723;Q3LTK0;Q9TQ83;Q9GIX7;Q05525;Q29691;Q9Y4H8;O19664;Q30130;Q9GJG1;Q29711;Q31645;C8CBI3;B7VU65;A0A5K1TT77;Q8HWN4;Q9BD47;Q9TP93;A5I890;P79486;O78048;O98046;Q99948;H8WV76;O19667;H8WV85;C1JJS3;D5FIE9;C7FDX1;G1EMY2;D6MJC0;E2GJN8;E0X9M7;D7NP77;D9U3H6;D9IFQ2;D7NST0;E3SWQ0;D7NR21;D7GL12;D6MJL2;D6MJB9;C7FDW9;D6BPR2;D5M8A2;D5M8A0;D5M899;D5G2K8;D5FZP5;E5DCR4;A0A0A7C4X5;E7BYD5;A0A3S6RGV1;E3SWN8;E3SWN9;E3SWP0;E3SWP2;G1EMY1;G1EMY0;G1EMW3;G0WVE0;F1CCP5;D5FIE3;D5FIE1;D5FIE0;D5FID5;D0VE56;C8XTM4;C8CJD9;C6L819;B3V8R3;B2NJ37;B2NJ36;B1GVZ5;Q7YQ32;A0A0A7C3M0;A0A2I4PZU3;A0A2U9N4R3;F4YZX3;F4YZX2;F4YZX1;C0LAC0;B2NJ39;B0LUU5;A7X5L2;A7X5I8;A7UHG8;A7UHG1;A7UHF9;A1Z0K9;C5IAX3;A0N0W0;A0A650AIA2;A0A5K1TTT4;A0A5K1TTQ1;A0A5K1TTP8;A0A5K1TTE5;A0A5K1TTC8;A0A5K1TT84;A0A5A4LJE1;A0A0G2R1H8;A0A343J4W1;A0A858LH42;B2ZCY0;D5FIF0;F4YZW5;D5FUG7;F4YZW4;F4YZW3;F4YUA8;F4YUA4;F2X658;F2X654;F2VNW9;F2VNW1;F2VNV6;F2VNV5;F1CCP7;F1CCP1;F1CCN9;F1CCN6;F1CCN5;F1CCN4;F1CCN2;F1CCL9;F1CCL8;D5FZP4;A0A2I4PZW1;F4NBN6;F2VNW6;F6KS25;A0A0E3DDT6;A0A0E3DDT9;A0A0E3DDU1;A0A1X9I4W5;A0A1S5QRD9;A0A1S5QRC9;A0A1M4NES4;A0A1C8DVY9;A0A1C8DVD4;A0A1C8DU75;A0A1C8DT37;A0A186VP34;A0A186VNP7;A0A0E3DCI6;A0A141AZJ5;A0A0N7A4R5;A0A0E3DDT8;A0A0E3DCN9;F8RHN0;A0A0E3DCP3;A0A0E3DDS2;A0A0E3DDS1;Q1G100;D9UAX4;A0A0E3DDC3;A0A0E3DDB4;A0A0E3DDA9;A0A0E3DDA3;A0A0E3DDA1;A0A0E3DD99;A0A0E3DD96;A0A0E3DCQ9;A0A0E3DCQ3;A0A0E3DCQ0;F6KS26;A0A0N7A4P6;A0A0N6W7L9;A0A0M3LBK3;A0A0G2R172;A0A0A7C4N7;A0A0A7C4K0;A0A0A7C3K2;A0A0A7C3G7;L0BXM6;A0A286MCG9;A0A288Q9D7;G0X8U8;G0X8U7;G0X8U6;G0WVE1;G0WVD8;G0WVD7;G0WVD6;F8SL06;A0A0A7C564;A0A0A7C9N9;A0A0A7CA40;A0A0E3DCI2;A0A0F6R9J4;A0A0E3DDV0;A0A0E3DDU7;A0A0E3DDU5;A0A0E3DDU3;A0A0N9M6E6;A0A0E3DCH9;A0A0A7CAL4;A0A0E3DCH6;F4YUA7;A0A0E3DCH4;A0A0E3DCH2;A0A0E3DCF4;A0A0A7CAZ5;A0A0E3DDS3;A0A0E3DDS4;L0BXK6;W8PC28;N0A0M7;R4S853;R4KXM4;M9PAH5;M9P9Y7;M9P9S5;M9P9R6;M9P9P9;M9P9P4;M9P9B1;M9P9A5;M9P8Q0;M9P8P2;M9P8N2;M9P9Y9;N0A2S4;N1NVA9;O19660;Q860S9;S4TZG6;R4QGJ7;Q9TQ40;Q9GJ37;Q9BCS7;Q8MGY6;W1I9X3;Q45G73;Q1JRP4;M9PNX4;Q9UM29;Q9TQ48;Q9BD24;Q45G74;R4KZR5;T1R352;L0BXQ5;S4TZL3;M4MGI2;D6MJB8;A0A0H5FTI8;A0A0E3DCJ0;F8RHL2;F8RHK7;W8XAA3;D5FZP1;B2ZGJ0;A0A6M8PHV7;A0A5K1TTB8;A0A2H4G4B9;A0A173H3B6;A0A0X7YLI6;U6EFL1;S4T710;S4T6L9;S4T6M1;S4T713;S4TZG3;S4TZE4;S4T759;S4T758;S4T716;R4S813;S4T706;S4T6Q8;S4T6U6;S4T6U3;S4T6U0;S4T6T7;S4T6R0;S4T6Q9;F8RHN1;A0A0E3DCP7;F8RHM9;M9P8Q2;E9ABY0;U3RCQ1;S4T6Q7;M4MD18;S0F3C0;M4YRG8;M9P9Q3;A0AQX7;M9P9Q8;M9P9S6;O78161;Q19A33;Q4A1S0;Q5QQ11;F1CCP8;F1CCP9;F2VNV9;C8XTM9;C8XTI7;A0A286MCH1;A0A288QDD2;A0A288QDD9;F6KS22;A0A288R1N0;A0A2H4FZR5;A0A2I4PYB9;A0A2I4PZX2;A0A2U7NGJ9;A0A5K1TTD6;A0A646RNT6;A0A8E4NFV7;Q7YPZ9;Q8HWG3;Q8HWL8;D0VE45;E2GJN6;E0X9M9;E0WMV5;D7R0V0;F4YZX4;C8XTK4;D7GN73;D5L9F2;D5L9F0;D5L9E9;D5L9E8;D5L9E7;D3JV08;D1G119;C9E1J2;Q8WLU1;C8XTN0;D5M8A3;F5BR65;A0A1L2BML6;S0F2K9;H2BDT5;E3SWP8;S0F2J8;F6KS27;Q9TQ64;Q9TNV3;Q9TNV2;Q9GJF7;Q9BD07;C8CHC6;A0A858LGH7;J7RFS4;J7JXR5;K4ULG7;W8Y519;A0PFK3;J7K3J3;J7K1E4;J7K1D9;I6NS51;V6AQ63;H6A2E9;W1I364;A0A1X9I4Y7;E2DHC2;D3JV17;G9I2P8;X5MPH0;K7WK01;L0BVT0;G1EMZ6;G0X8V1;G0X8V0;G0X8U9;F2X666;F2X662;F4YUB0;F4YZW7;F6KS30;F6KS31;F8RHJ4;F8RHJ9;F8RHL0;F8RHL8;G1EN19;G1EN15;V5NZ06;G1EN09;A5YVG9;A7E0V8;A7UNZ8;B1PL08;B3VTQ6;B5D5S9;C0MP09;C3VN82;F2VNW7;F2VPA0;F2X657;H2BDS5;G1EN05;G1EN08;G1EMZ7;G1EN10;H2AM04;S4T756;L0HQC7;G1EN13;J7GUA3;J7FR35;F1AQS2;D5FUG2;F8RHM3;F2VNV8;D6MKY5;F4NBM9;G1EMZ0;F2X668;F1CCR0;F1CCM0;D5FZP0;E1V2J9;E9NVH2;Q8MGY2;B2CR04;D9U3H9;C5NU26;A8D9Y3;D5FID4;A7L3U7;A0A514YDS7;A0A1S5QRE4;A0A0X7YK34;Q9GIL1;A0A0E3DCN2;A0A0E3DCI4;A0A0A7C3J1;A0A0A7C3I7;J7QWX7;A0A0A7C3F1;A0A096XJS0;Q29957;A0A0E3DD83;Q95386;Q9TP97;Q9TP96;F2VPA3;D7GL11;A0A2H4G0K1;G1EMX5;D1G118;D0ENM6;A0A0E3DCR5;A0A0E3DDR6;A0A0G4KC23;A0A0M3LD84;A0A0N7A4M2;U5Y3R0;F8SL07;M9P9Q4;G1EMZ4;G1EMZ9;G1EN17;H2BDT2;I6M557;J7FP09;J9PVC6;J9PWW5;L0HNF8;M9P993;M9P9X8;S0F3J7;M9PAH8;A0A0A7CAL0;A0A0A7C581;A0A0A7C4K6;A0A455JSD5;A0A678ZD75;A0A4V0NPB0;A0A4P2SUP5;A0A4P2SU54;A0A4P2STI3;A0A4P2STH6;A0A4P2ST41;A0A4P2SS12;A0A4P2SS10;A0A3S6RGH5;A0A0A7C3K3;A0A3S6RGD6;A0A1T4J301;A0A1P8VKA6;A0A1P8VKA1;A0A1L4A1B4;A0A1J0A2H0;Q9MYH1;H8WV96;A0A0A7C3D8;Q6BDC5;Q6DV47;Q6QE68;A0A186VP30;Q7YPZ4;Q861F8;Q8MGZ2;Q9BCM2;T1R3D1;M4MDE5;F8RHM2;F8RHL4;F4YZW8;A0A1S5QRD0;Q4U4M7;A0A224AUC9;A4URM3;A5PHT3;A7UHG7;C4R9G8;C5J434;C8ZLD6;C9E1I9;C9W8B4;Q6RCP7;Q2PZR1;Q6S5H9;G1EMW1;Q6T717;Q7YPZ8;Q9NPL1;R4L7W4;R4ZH04;A0A0U2ZSR0;A0A0X7YU73;A0A186VNN3;Q19K82;G1EMW2;Q1EIR2;B5BLW4;Q5JZX3;I6XJJ4;J7F7D3;M9P976;M9P9X3;N0A2R4;Q19K84;A0A186VNP3;Q29830",6.49430284138005,26.3304179558295,11.6822183948002,6.50272908144993e-13,5.11377101681418e-11,19.1591740737628,"A0A223G199;A0A7G2CUG3;A0A5K1TTE6;A0A223G166;A0A0A1I8N2;M1VED6;O19763;A0A7L4X6N3;A0A0A8LDW4;D7RIH3;A0A7R8ND44;A0A223G197;A0A223G181;A0A5B8IRV8;A0A223G1A2;A0A0A1I8N6;A0A0A1I9Q7;A0A7G2CTV6;A0A0A8LCK8;A0A0A8LCM8;A0A223G183;A0A8G0VK77;A0A6B9MYJ1;A0A5H2UFR3;A0A0A8LE23;A0A0A1I7H4;O19762;A0A7G2CV27;Q5K3W3;A0A0A8LCM2;A0A0A8LDZ0;Q5Y7B6;A0A7R8RIV0;A0A7R8NBZ3;A0A7R8NC36;A0A7G2CTU8;A0A7R8MID8;A0A7R8RJV8;A0A493QP84;Q9TQD9;A0A858LH89;A0A5K1TTE7;A0A1Z2R8A6;A0A0A0WDZ3;D7RIH2;A0A858LFY5;A0A0A8LCK0;A0A8A6C7D6;U3PQT7;A0A7R8RK78;A0A7R8MLF0;A0A6V7B7Q3;A0A7G2CW28;A0A5H2UFB1;Q95462;S6AU78;A0A7T3RIU3;A0A223G167;A0A3S6RGJ7;A0A678ZHR8;A0A678ZDD4;A0A678ZF99;A0A1S6M245;A0A1V0S7K4;A0A218N069;A0A4P2SS18;A0A3S6RJ32;A0A455JUG6;A0A455JW14;A0A4P2ST06;A0A493QP87;S6B6T3;S6AP21;A0A1Z2R877;A0A455JW54;A0A678ZDB8;A0A5H2UX46;A0A5H2UX30;A0A5H2UFD0;A0A4P2SUR6;S6BVM7;A0A858LFL6;A0A6C0SGG1;A0A6B7KR62;A0A7H0XMD1;M1UZ77;A0A223G188;A0A5P8DHY6;A0A678ZWC6;G9FJH9;A0A0A0WDY8;A0A6B7KVA8;A0A1Y6IM61;A0A6C6Y186;A0A223G1B6;A0A858B7U5;Q30147;A0A7S5GRT2;A0A858LFY9;A0A7L4X791;A0A346DAQ6;A0A1W2HC25;A0A5C1IZ18;A0A8F7CEF1;Q860I1;Q860E3;Q6TKG7;Q45FZ4;L0BXN7;A0A678ZI01;A0A5K1TT81;A0A1X9I584;A0A109NRH0;A0A0X7YVI4;A0A0X7YNI5;A0A0N7A545;A0A0N7A4Q3;A0A0M3LBN0;A0A0A7CA35;A0A678ZHU0;A0A224MKG6;A0A1P8W1S3;A0A3S6RGH4;A0A0A1IBA8;A0A7G2CUE8;A0A7R8NC96;A8K2X3;A0A1L7H746;A0A3S6RGF3;A0A0A8LC32;A0A0D6F956;A0A7G2CTH0;A0A0A8LC38;A0A7R8NC02;A0A8E4J6L3;A0A7R8RIW0;Q5Y7D1;A8K634;A0A8F6GU52;A0A098GK79;A0A5A4LLB2;A0A5K1TTS4;A0A5K1TTR7;A0A110BDC4;A0A493QP80;A0A224MKH6;A0A678ZV52;A0A5K1TTR4;A0A678ZWG1;A0A678ZV61;A0A678ZWM8;A0A6B7G4L1;A0A6B7HFT5;A0A5K1TTR2;A0A5K1TTR0;Q3LAA8;A0A455JVX9;A0A4P2ST04;A0A3S6RGH2;A0A3S6RGJ4;A0A4P2ST20;A0A4P2ST60;A0A4P2SU83;A0A5A4LI31;A0A4P2SUQ1;A0A4V0NPA3;A0A4V0NPA6;A0A4V0NPA9;A0A6B7G523;A0A5A4LIB4;A0A5A4LP99;A0A5A4LJA1;A0A455JW62;A0A1L7H722;A0A6B7G1X6;A0A6B7G378;A0A4P2SS45;B3VTQ1;B3V8R5;A0A288QYP1;A0A6B7G237;A0A6B7G1M6;A0A6B7G1K1;Q7YQA7;A0A0A7C4R2;A0A6B7G1B2;A0A6B7G2G9;A0A678ZWK8;A0A678ZWG9;A0A4P2STC7;A0A678ZWD6;A0A678ZV65;A0A090JX86;A0A678ZUS8;A0A678ZUE5;A0A678ZU66;A0A455JX38;A0A3S6RGC4;A0A4P2SRY9;A0A4P2SS17;A0A678ZWK2;A0A6B7G1W2;A0A455JTZ0;A0A858LG15;A0A1W6C2L1;A0A678ZDM3;A0A678ZHJ0;A0A678ZHR9;A0A678ZHW7;A0A678ZT84;A0A678ZI10;A0A678ZI30;A0A678ZI47;A0A678ZI79;A0A678ZSK4;A0A678ZEV2;A0A678ZET1;A0A678ZDP2;A0A678ZDP0;A0A3S6RGL8;A0A3S6RGK3;A0A678ZDJ7;A0A142J2X6;A0A1J0A2H4;A0A1J0A2H5;A0A678ZER1;A0A3S6RGB6;A0A3S6RIZ7;A0A1P8W1R2;A0A1L4A1C7;A0A1L7H6X3;A0A1L7H766;A0A1L7H7D6;A0A1P8VK90;A0A678ZHI0;A0A678ZHA9;A0A678ZH89;A0A455JSG1;A0A142FK32;A0A5H2UWG3;I6YAZ4;A0A6B7G4I9;F2RM38;A0A858BAG5;A0A858B8W2;A0A858B8C9;A0A6B7IDE0;A0A6B7ICN2;A0A6B7HH84;A0A1L6KTJ5;A0A1L7H7E9;A0A1W2G0D6;A0A8E4J4C7;A0A224AVS4;A0A3Q9VAK5;A0A678ZF72;A0A3S6RGM4;A0A3S6RGP6;A0A3S6RGP8;A0A3S6RGQ1;A0A3S6RGQ5;A0A3S6RIJ0;A0A3S6RIM0;A0A3S6RIQ5;A0A678ZF34;P01911;A0A5A4LVJ3;C8C9V7;V5RNU3;A0A5K1TTR3;Q3LAB0;Q3LAB1;Q3LAA9;Q3LAA3;Q3LAA5;A0A3S6RGI6;A0A5K1TTG6;T1R3A9;S0F2C9;R9R082;Q9XRW9;Q9MYG3;Q95354;Q29813;A0A5K1TTR6;Q3LA86;A0A2S0SYU3;A0A678ZDE7;A0A5H2UZ11;A0A5H2UZ39;A0A678ZDA8;A0A678ZDH7;A0A678ZUM6;A0A678ZDE8;A0A678ZDC9;A0A5H2UWZ6;A0A5H2UCT7;A0A455JU26;A0A1P8VK53;A0A1P8W1Q4;A0A7L4X703;A0A6B7G2A9;Q06RK2;A9Z190;A0A5H2UD49;M9P9Y2;L0BX08;M4YQI1;A0A5K1TTQ4;A0A5K1TTN4;M9P9P6;M9P8N8;A0A2I4PZX3;A0A2I4PZS4;A0A288Q9E4;A0A1D8MAM0;A0A1C8DV77;A0A0N7A6U0;A0A0N7A531;A0A0F7VK83;A0A0A7C3G9;J7F8N2;I6NWK5;G1EN04;E2D5U1;A0A5K1TTS9;A0A8E4J457;C9E869;D7GN77;D7GN78;D7NPQ6;F1AQS1;G1EMY6;F1CCM5;F2VNV4;F2X661;F4YUA9;F6KS28;G0WVD4;A0A5H2USI6;A0A5H2UFA2;F8RHK6;A8D9Z3;A0A2H4G0B8;A0A2U7N6X0;A0A3S6RH00;A0A3S6RJA0;A0A5K1TTB7;A0A5K1TTD7;A0A5K1TTF0;A0A5K1TTF5;A0A5K1TTJ5;A0A5K1TTN2;A0A5K1TTT2;A0A858B8L5;A0N0W2;A7UHG5;A7X5F1;A0A288QS08;A0A286MCJ0;A0A1S5QRB9;E5RV92;H6A2E6;Q7JGS8;Q7YQA2;A0A0A7C3K8;A0A0A7C9I8;A0A5K1TTA5;Q7YQA6;A9YTA3;Q9BCM3;Q9UM34;S0F3K2;B0RZ68;B0LUU3;B0LUD6;A0A2U7NN64;D0VE46;A0A5H2UR85;F6KS29;A0A0A7C3A8;A0A0A7CAY7;A0A678ZHE7;A0A5H2UX50;A0A5H2UX13;A0A5H2UWZ3;A0A5H2UWM0;A0A5H2UT97;A0A5H2UT30;A0A5H2UYZ6;A0A5H2USK1;A0A5H2USF0;A0A5H2URD7;A0A5H2URB4;A0A5H2URA1;A0A858B8E2;A0A858B8F5;A0A858B8E1;A0A4P2SRV9;Q7YQA8;A0A5K1TTP7;A0A3S6RIL5;A0A0M3LB28;A0A0F7VJG9;A0A0E3DCR8;A0A0E3DCE8;A0A6B7G1Z6;A0A218N059;A0A2S0SZ01;A0A224AUE3;A0A678ZI70;A0A5H2UCP1;A0A5H2UD11;A0A3S6RGI2;A0A5K1TTD9;A0A678ZUQ8;A0A5A4LP21;Q9BCQ0;A0A5H2UD58;A0A5H2UCN3;A0A5H2UCL2;A0A5A4M429;A0A5A4LVI2;A0A5A4LNR3;A0A5P8NK64;A0A1N7SXR2;A0A1N7SY11;A0A6M6AM45;A0A8G1GJT1;A0A8F7CE29;A0A7S8ZX88;A0A224MKK0;A0A0A8LE01;A0A0A8LCJ4;O02951;X5DNQ0;S6B225;D7RIH8;Q860S1;A0A6V7B690;A0A455QYV7;A0A7R8NC19;A0A224MM21;A0A7R8NC49;A0A5A4LJD1;A0A5H2UDB2;A0A5H2UFI8;A0A5H2UFP2;A0A7D5HNN3;A0A8A8SDN6;A0A5H2URG8;A0A7M4BGU9;Q95IE6;A0A1P8VKA4;A0A7G2CTJ8;Q9GJM1;A0A7R8NBZ9;Q9TQE1;A0A6M6CB69;A0A7D5I7W7;A0A6B7HFV1;A0A0A0WGI7;A0A858LGJ4;Q30143;A0A6M3T0B7;A0A678ZUF7;A0A7G2CV37;A0A0A8LFF3;Q30111;A0A7R8ND07;A0A6B7IDI0;A0A7T3RJ15;A0A346MPU0;A0A6C0R4F4;A0A4Y5US14;A0A1V1IGQ3;B7ZW57;A0A1P8W1R4;O19678;A0A346FLI1;F1CT76;E0Z0A8;A0A5C1YVC7;A0A5H2UFZ5;Q9TPB7;A0A5H2USD9;A0A6B7G4G9;A0A858B8N5;A0A5H2USM2;A0A678ZTF5;A0A6B9HC06;A0A6B7HFN5;A0A6B7G1R6;A0A6B7G4H4;A0A6B7G3B7;B9WPM5;A0A6B7G386;A0A6B7G219;A0A6B7G212;A0A6B7G1W9;A0A5A4LIA5;A0A5H2UWK7;A0A6B7G1D3;A0A678ZT36;B9WPM8;A0A4P2STJ1;A0A678ZWQ7;A0A678ZDR0;A0A678ZDN3;A0A678ZDK2;A0A678ZDC2;A0A678ZDU8;A0A678ZDX1;A0A678ZH56;A0A678ZHU6;C3W973;A0A678ZSI7;A0A678ZSR2;A0A678ZWE3;A0A6B7G1K8;A0A678ZDB9;A0A6B7HFW6;E7CYG1;A0A455R6A6;A0A5H2UDA3;A0A678ZU43;A0A5H2UT54;A0A3S6RJ16;A0A455JU34;A0A455JUD0;A0A4V0NPA5;A0A3S6RIX3;A0A3S6RGQ4;A0A3S6RGK2;A0A455JW68;A0A481SV23;A0A493QP78;A0A4P2STD3;A0A3S6RJ14;A0A4P2SRU9;A0A4P2SUL6;A0A4P2SSE7;A0A5H2UFI1;Q9MY00;A0A4P2SSL1;A0A5H2USM5;A0A286MCH0;A0A1X9I4Q6;A0A186VNG7;A0A1C8DV72;A0A1S5QRE3;A0A3S6RGE2;A0A3S6RGG0;A0A1S5QRD2;A0A1X9I4S5;A0A1S5QRC5;A0A1C8DWI9;A0A1C8DWG7;A0A1S6M229;A0A1C8DW07;A0A4P2SUJ3;A0A0N9R1G3;A0A1P8VKB3;Q9TQ63;A0A5H2UWY6;A0A0N7A4P8;A0A0N7A4L6;A0A0M3LBH9;A0A0M3LB92;A0A0E3DDT2;A0A0E3DDS7;A0A0E3DDR1;A0A0E3DDQ6;A0A0E3DD57;A0A0E3DCR2;A0A0N9Q860;A0A5K1TTP3;C8XTJ3;Q860E4;A0A0N9MR08;A0A0X7YJ88;A0A1C8DTN2;A0A141AZJ3;A0A1C8DTL8;C7FDW6;G0ZDX3;G0Z8G1;F8RHK5;F4YZW6;A0A6B9MT94;S4T6L5;C7EX09;C7FDW7;A0A8E4J5J4;C7FDW8;S0F2C7;C8CJC8;M9PAI9;U5ISB2;C8XTM6;C8XTL0;G1EMY8;A0A1J0A2H6;A0A1C8DTK8;A0A0X7YK30;A0A1C8DT30;A0A186VP36;A0A186VNM4;A0A1X9I5K2;A0A141R7G4;D3U4F2;A0A0X7YVJ2;C1KBK0;A0A0U5J6C8;C3VJ06;A0A1Z1XFZ4;A0A1L4A1I8;A0A1S6GL18;A0A3S6RIY4;G1EN16;A0A858LH34;D0RB87;A0A2S0SYV7;A0A858LGM5;A0A4P2SUK9;M9P9F3;J7K6R9;I6NXM9;G4XPM0;G1EN01;A0A5H2UX40;F8RHJ5;A0A5H2UTC9;A0A4V0NPB1;Q2PBC3;A0A5A4LI52;A0A5A4LIK6;A0A5A4LJR8;A0A5A4LJU7;A0A5A4LPI7;A0A5A4M400;A0A5H2UCQ9;A0A5H2UD68;O19502;Q6QUQ1;A0A5H2UFF3;Q6T713;A0A0A7C3F6;A0A060GZE9;U5IQQ1;T1WFE7;S0F2J6;R9WRP1;Q9TQ39;Q75NJ4;C0MQV9;A0A6B7G297;A0A678ZDS5;G9HRQ9;A0A1N7SXT9;A0A6B7L1P2;A0A6B7KXM5;A0A6B7HFP5;A0A6B7G2E0;A0A6B7G2C1;A0A5H2UFE6;A0A678ZUD1;A0A858LFP1;A0A3S8UVJ7;A0A3S6RGH7;A0A3S6RGI7;A0A3S6RGM2;A0A3S6RGM7;A0A3S6RGN1;A0A3S6RGN3;A0A3S6RGP4;A0A3S6RIK9;A0A455JUE8;A0A1N7SY41;F1CCL7;Q29648;A0A455JX53;A0A4P2ST31;A0A168GUL9;A0A6B7IDK9;A0A858B7F1;A0A3S6RGH6;A0A3S6RGH1;A0A218N039;A0A6B7G1F7;A0A6B7HFT9;A0A6B7G1J4;A0A6B7G1J9;A0A6B7G1U0;A0A6B7G2A4;A0A6B7G2E8;A0A6B7G4H8;A0A6B7HF60;A0A6B7HFQ0;A0A4P2SU66;A0A1S6M250;A0A6B7HFU2;A0A4P2ST48;A0A4P2SSZ8;A0A1D8MAI7;A0A1D8MAK1;A0A1L7H707;A0A678ZDY0;A0A1S6M227;A0A1P8VK61;A0A5H2UFL3;A0A1L7H6Y2;A0A0A7C4M5;A0A858B8H0;A7UHG9;D6PZY9;A0A1C8DVZ8;A0AQX8;G0Z8F9;P79604;P79605;B6ET91;A7UP05;A0A455JW35;A2VBX3;A0AQY0;A0A0A7C4J4;A0A0A7C9J6;A0A0A7CAY8;A0A0A7UWX2;A5YP91;A0A0A7C4T7;A0A2I4PZX8;A0A0A7C9M6;A0A5K1TT87;Q95388;Q9TQD8;Q9MYA0;Q6LBW8;A0A2I4PZZ9;A0A8F4JDK7;A0A3S6RGB5;A0A1C8DW50;A0A0A7C426;A0A0E3DDB7;A0A1C8DU92;A0A0M3LBB3;A0A0A7C3Y3;A0A0A7C3N5;A0A0A7C3L8;A0A0A7C3J8;A0A1X9I4N9;A0A858B7H7;A7UP03;C5J8E7;D5FZP3;A0A5K1TT95;C8XTJ7;A0A5K1TT72;Q29706;I2G7Y5;C8XTK7;A0A5K1TTM4;O77965;O19791;Q860T0;O98047;Q861B8;A0A5K1TTG7;O19592;Q7YP63;Q29687;A0A288R1Q1;A0A0E3DCK2;A0A0E3DCN4;F8RHL5;C6GZ76;D2SSL5;E2D5U3;E5D6L8;G9I1P7;F4NBN8;Q8HWN2;I7KP34;S4T6M2;A0A6C0NSJ1;Q29804;L0BVW9;O77962;Q29690;Q2LDE4;Q9BD27;A0A2I4PZW6;A0A2I4Q0C2;G9HWB7;A0A3S6RGP1;A0A5H2UCS7;A0A6B9Y1C8;A0A5H2UD42;A0A5H2UFC0;A0A5H2UFG1;A0A0A7C3H6;A0A5K1TTR5;A0A5A4LIN2;A0A7R8NCF0;Q29646;A0A5H2UR67;A0A455JW01;A0A5H2URG1;A0A4P2SU05;A0A455JVQ2;A0A4P2SUN6;F8R8N2;A0A3S6RIX6;A0A3S6RGL4;A0A7T8G1Q7;A0A4P2SRU1;A0A1J0A2H3;H2BDS9;H2DML4;J9Z200;L0BWW8;A0A2S0SYV5;M9PAI1;M4MD36;F8R1E3;A0A1D8MAL6;M4MGH8;A0A3P3ZK50;A0A4P2SSK4;A0A5A4LIL7;A0A5A4LK64;A0A2H4G0D0;A0A3S6RGH9;M9PAI0;Q3LAA6;M9P8N4;M9PAH9;H6SSQ5;A0A0A7C3J6;A0A2H4G4A8;A0A077XNE3;A0AQX9;A0AQY2;A0A455JX32;F2X659;A0A6F8ZCN4;A0A5Q0TKA1;A0A5K1TTQ7;A0A5K1TTE1;A0A5K1TTA8;A0A5A4LLE8;A0A5A4LK83;A0A563XNB9;A0A2U7N9F3;Q30165;O62887;Q30008;F2VNW5;M9PA40;M9P8N6;A0A5A4LPD0;M9P984;A7UP04;A4Q970;Q3LAA7;Q29649;Q29672;A0A5K1TTC2;A0A6V7B8E1;Q3LAC2;A0A0A7C9N5;A0A5K1TT74;A0A2P9DU00;A0A508SRK7;A0A0A7C4Y7;A0A286MCH2;A0A0A7CA37;F8RHN2;M9PAI8;M9PAJ1;M9PAJ2;M9PAK9;M9PAL7;M9PNR5;O19503;I6MHJ7;H8WV75;H8WV74;A0A0E3DD63;F8RHN3;F8SL10;G0WVD5;G0X8V2;G0Z6Y7;G0ZMN1;G1EMY5;G1EMZ2;G1EMZ5;M9PA07;M9P9R2;M9P9E3;M9P9B0;E2FZH3;E2GJN7;E2GLP8;E3Q0T2;E3SWQ5;F8RHM6;F8RHM7;D6BPR4;H9AWW8;I6NN36;I7APH6;J7F672;J7F8K6;J7FK30;J7FM92;M4MFA7;M4ML92;M4VJ78;M9P996;G1EN07;G1EN12;G1EN14;A0A286MCH3;A0A0A7C3C1;A0A0F7W6I7;E1Y6P8;E7BYD9;M9P9P2;A0A1S5QRD5;A0A1S5QRC6;A0A1L2BMN3;A0A1L2BMJ8;A0A1C8DVB4;A0A1C8DTM4;A0A1C8DT67;A0A180H713;A0A0N7A560;N1NTH0;A0A0A7CAY4;A0A0N7A4L1;A0A0G2R1T0;A0A0G2R177;A0A1X9I4N0;A0A0E3DDV4;G5EM96;A0A288QFD2;G8B1X6;G9HW14;H2BDS1;H2BDS4;H2BDS7;A0A0A7CAM1;H8WV73;A0A4P2SU46;A0A1L2BMK8;A0A455JX45;A0A6N0A1I3;A0A5K1TT65;Q30151;A0A5S8K798;A0A5S8K7D6;A0A2Z5WL90;A0A2U7N6G9;S0F2D1;A0A2I4PZT4;E1V2J4;E1U686;E1U683;Q9UM35;R4QU67;R9WSK7;R9WTI5;S0F3B6;S0F3B8;S5TPS8;S5TRF5;S5UF48;S5UGG7;A0A0X8XW04;A0A1L4A1B2;A0A1P8VK77;A0A1P8VKA8;A0A678ZV34;A0A1N7SY12;X5LKC7;A0A8E8PJ83;D5L9F4;A0A678ZIC0;R4QQZ7;Q9TQ42;A0A649ZUC7;Q9MY91;A0A224ATR1;D5FUG6;A0A896SZ78;A0A1X9I4P9;F2QL89;C0LAB8;A0A286MCG6;W1I840;W1I181;W0GCN6;T1R377;Q6RCP9;Q70I25;Q7YQA4;Q860S7;Q8HWG5;Q9BCS8;Q9BCT6;Q9GIL7;A0A345AMC4;A0A649ZUW1;E0YNM0;F4YUB1;F8RHJ2;F8RHK8;F8RHM1;F8RHM5;F1CCM2;F1AQS3;E7BYD6;E3SWR0;D5FZP6;D5FZP7;D5FZP8;D5L9F1;D5L9F5;A0A678ZDL1;D5M8A4;D6MJL1;D7NST1;D9U3I2;E0X9M8;F6KS21;F4YUA5;A0A896SZC5;F4NBM8;A0A5H2UYZ0;Q5ND94;Q5IFG9;Q5GMP5;F4NBM4;F1CCM3;F1CCN1;F1CCP2;F1CCP3;F1CCQ0;F2VP96;F2VP99;F2X655;F2X665;F2X669;F4NBM5;P79547;F4NBM6;F4NBM7;A0A0E3DD88;H2BDT4;A0A0E3DCR6;A0A678ZID1;A0A5K1TTS6;A0A5K1TTQ0;A0A678ZV46;A0A5K1TTD3;E3SWQ1;A0A678ZDT5;A0A678ZH43;A0A678ZHF9;A0A678ZHN1;A0A678ZT10;D3JV13;A0A0E3DCM5;A0A678ZDR5;A0A0E3DCF2;E3SGD4;A0A6B7G1C0;A0A858LEU4;A0A7S5GRG0;A0A6B7G2D0;A0A6B7G4Z6;A0A455JVQ9;A0A8F9SJ83;A0A678ZDI6;A0A678ZDG7;A0A678ZUU5;A0A493QP89;A0A3S6RGL3;A0A4P2SRW5;A0A6B7G231;A0A6B7G207;A0A6B7G1V5;A0A678ZUT6;A0A6B7G1N5;A0A678ZUZ6;A0A3S6RJ08;C8C9V6;A0A678ZSS7;A0A678ZDJ1;A0A678ZF66;C7FDW5;A0A5K1TTT8;A0A678ZDE4;F8RHM8;A0A6B7IAI2;A0A858LG05;C8CHC7;A0A5H2UX34;A0A3S6RIP8;A0A5H2UZ32;A0A455JU23;A0A455JW05;A0A455JW06;A0A455JW17;A0A493QP88;A0A5H2UTB2;A0A5H2UX24;A0A455JVR6;A0A678ZDG3;B7VF70;B9WPM1;B9WPM2;A0A288R105;F8LSY3;A0A0E3DCI8;B9WPM6;F8RHJ3;G1EMX3;A0A3S6RGL6;A0A3S6RGL5;A0A2S0SZ78;A0A2S0SYV9;E2DHC1;Q861B0;D3JV16;C6L820;B3V8R4;B2NJ35;B2CKL1;A7X5K1;A7UHG3;A0N0W3;A0AQZ0;A0A6H0Y7U9;A0A678ZV11;A0A678ZF24;A0A2I4PZR5;A0A2H4FZU2;A0A2C8CYP6;A0A1S6GL20;A0A1S6GL25;A0A4P2SS90;H2AM03;C8XTJ8;A0A186VNI1;A0A1C8DWG2;A0A1C8DXB5;A0A1L2BMJ3;D3U4F3;Q9UM38;Q9GJ28;D3UT98;A0A0E3DCH0;A0A0E3DCL0;A0A0N7A4R1;A0A141AZI5;A0A2H4FZP9;A0A2I4Q0D7;A0A2X0RD74;A0A5K1TTA4;A0A5K1TTL5;A0A6B7G1Y9;B3VTQ2;D5G2J6;D7NST2;E3SGD3;E9NVH4;F2VNU8;F2VNV3;F2VNX0;M9P9Y0;D0VE48;C8XTM3;C8XTM2;A0A1C8DT73;W1IA32;A0A186VNH1;D7NPQ7;D3K479;D3U4E7;A0A186VNF6;A0A3S6RJ23;V5JA18;D7NP76;D9UC11;D0VE34;E2D5U5;E3SGD1;E3SGD5;E3SWP3;A0A5K1TTC6;A0A0E3DCQ6;D3JV10;A0A0A7C418;C8XTM8;A0A024J4R7;D7GN74;D1G120;A0A0N7A4S0;A0A0M3LCK6;A0A090KNI6;D5FUG5;F2VS02;D6PZZ6;A0A4P2SSD7;A0A8F4GCF3;O19190;A0A5H2UCJ1;Q29726;O19517;A0A4P2SRW9;A0A223G178;A0A678ZDH3;A0A1G4NQW7;A0A6B7G1Y0;A0A678ZDD8;Q29635;A0A858LJ40;G1EMX4;A0A678ZWM1;A0A5H2UR75;M9PAL6;Q3LAC3;B6ETP3;B9WPQ6;A0A6B7HFA1;M9PAH4;Q29791;A0A089H0Q7;G1EMX9;G1EMX6;A0A1P8VK83;F8R8M9;G1EN21;H2BDR9;F8R8N1;H2DML3;G1EMW9;M4MEW2;F8RHL3;L0BVZ3;K7ZK48;J7K4T3;I6Z114;M9PAH3;I6M556;H8WV97;Q3LAA4;G1EMY4;F8RHJ6;G5EM93;M9PNP1;Q1G0Z8;G0WVD3;G1EMY3;G0Z8F8;G0ZMM9;M9P9X6;M9P8M9;F8SL11;M9P8M7;F8R8N0;G9I2P3;G9HW13;G9HW12;G9HW11;G9HRM4;G9I2P4;H8WV95;H8WV94;A0A1J0A2H9;A0A6B7HFP2;A0A678ZU54;B9WPM3;A0A678ZI19;B9WPM4;A0A455JVS4;A0A3S6RGM8;A0A3S6RGE5;A0A1L4A1D5;F0VRV6;A0A678ZUT2;A0A678ZDK4;A0A5H2UWH0;A0A678ZUR9;A0A4P2SS25;A0A3S6RJ03;A0A3S6RGI8;A0A0E3DDS0;A0A678ZFC5;M9P978;G0ZDX1;M9P979;H6A2E5;M9P8M8;G0ZMM8;M9PAH2;Q4A1G9;M9PAH1;M9PAH0;M9PA34;G1CD91;A0A6B7G3C5;M9P9P1;M9P9N9;M9P8N0;M9P9N8;A0A1L7H706;M9P8N1;M9P9N6;I6NVX3;A0A0E3DDR9;V5JAC9;A0A0A7CAZ6;A0A0K0PYY5;A0A0G2R1S9;A0A0G2R1I3;A0A0E3DDV2;A0A0E3DDT4;A0A0E3DDR3;A0A0N9MQ31;A0A0E3DD90;A0A0E3DCG7;A0A0A8R917;A0A0A7CA47;A0A2H4G2R1;A0A0A7CA42;A0A0A7C9J2;A0A0A7C521;A0A0A7C487;A0A0A7C439;A0A0A7C3E6;A0A0E3DCN6;A0A0X7YLJ3;A0A120N5Z9;A0A141AZH7;A0A0K2GUL9;A0A0N7A4N0;A0A0N7A4Q7;A0A0N9E6Q1;A0A0A0YRG7;A0A109NRH9;A0A0S2UQI5;A0A0P0FMW2;A0A0N7A6N9;A0A0N7A4N6;A0A1L2BMK7;A0A0M3LCZ3;A0A0M3LBG5;A0A0M3LB54;A0A0G2R131;A0A0E3DCG4;A0A0A7CA51;A0A0A7C9P2;A0A0A7C9M3;A0A0A7C446;A0A023NF12;A0A141AZK0;A0A0M3LCP1;A0A1C8DW15;A0A109W0S5;A0A2H4G471;A0A2H4G0E9;F6KS24;A0A0A7C412;A0A0A7C9G7;A0A0A7C5D1;A0A0A7C513;A0A0A7C506;D5FID6;D5FID3;A0A0A7C4N2;A0A0A7C4L3;A0A0A7C4I7;A0A0A7C4I2;A0A0A7C404;A0A2H4FZT6;A0A0A7C3Z8;A0A0A7C3Z0;A0A0A7C3X7;A0A0A7C3X0;A0A0A7C3W1;A0A0A7C4L9;A0A0N7A4P3;A0A0N7A6X5;Q5EGD8;M9P9X5;A0A0A7CA45;A0A0E3DCJ4;A0A0E3DDR2;Q5FY46;A0A2D1BYB4;A0A288QYM1;A0A288Q9G4;A0A1X9I6E6;A0A1X9I4R1;A0A1S5QRF2;A0A1S5QRE5;A0A1S5QRE2;A0A1S5QRD7;A0A1S5QRD3;A0A1L2BMM5;A0A1L2BMM0;A0A1C8DXA5;A0A1C8DW70;A0A0A7C4Y0;A0A1C8DV34;A0A186VP32;A0A186VNF7;W0HE50;A0A2I4PZS8;Q9UM36;A0A142LRG5;A0A186VNG2;A0A1C8DT28;G1EN20;I6NN89;H8WV83;H6A2E7;H2E2A8;H2BEB5;G9I2P6;G9HWB5;G9HWB4;G9HRM5;G4XPM1;G1EN11;A0A1C8DWI2;G1EN06;G1EMY9;G1EMY7;H2BDT1;F4YZX5;D9U3I3;E2D5U6;D7GN75;D9IFQ3;A0A2H4FZS5;I6NWK1;I6NWM5;I6TMU9;I6ZTP2;F2VPA2;F2VP97;S6DRI6;F1CCN3;E9NVH1;E9ABI6;E3SWQ9;E3SWQ6;E3SWQ3;E3SGD2;E2GJN9;S0F2C5;D7GN76;E2D5U8;E0WN75;F8RHL7;F8SL09;G0Z8G0;G0Z8G2;J7F7B7;J7F669;A0A2I4Q0F7;A0A2I4Q0C8;A0A2I4PZY9;D3U4E6;A0A0E3DDR7;D3JV11;D0EVN7;C9E868;C8XTM7;A0A1X9I4P1;C8XTK5;C8XTJ2;C8XTJ1;C8XTI6;C7FDX0;A7UNZ9;A4VAP8;A0AQZ3;A0AQZ1;A0A8F4G6P4;A0A7L7TRL4;C8XTK0;D7R0V1;A0A1T4J240;A0A1L2BMI4;D3U4E4;D3Y5Y3;A0A2I4PZY3;D6CJC9;A0A2I4PZW0;A0A2I4PZU7;A0A2I4PZU5;A0A2I4PZU0;A0A2I4PZR8;A0A2I4PZR1;A0A2H4G480;A0A2H4FZU5;A0A2H4FZT0;E1XUD4;A0A2H4FZS1;A0A288QYN0;A0A288QCL9;A0A288QA76;A0A286MCG8;A0A1X9I4W9;A0A1X9I4Q8;A0A2K8FWG2;A0A5K1TTD5;A0A5K1TTH5;A0A5K1TTK0;J9PW10;H2BDR8;G9HRN1;A0A0A7C3D5;A0A0A7C3E9;A0A0A7C3B2;A0A0A7C3E0;A0A0A7C3D0;A0A0A7C3C8;A0A0A7C3C4;A0A0A7C3C0;A0A0A7C3B6;A0A0E3DDR5;D5FID1;Q861H9;C8CJD1;Q95HN3;Q861G5;Q6PYB1;Q9BCP6;Q861G4;Q861H2;A0A5K1TT86;Q9GIX0;P79494;Q29905;A0A0A7C3E3;A0A0A7CAZ0;A0A0A7C3F5;D5FIF2;D5FIE8;D5FIE7;D5FIE6;D5FIE5;D5FIE4;D5FIE2;D5FID9;D5FID8;D5FID7;F0V6B9;D2DL45;D5FID2;D5FID0;D5FIC9;D5FIC8;D3U4F4;D3U4E9;D3U4E8;D3U4E3;D2DL44;C8XTI9;A0A5K1TT92;A0A5K1TTD4;D6CJD0;Q8WLR9;Q9TQ23;H8WV82;Q861A5;Q29732;Q860B8;Q8HWN3;A8WDP0;Q8MGY3;Q9MY02;Q9MY17;O19696;Q9MY01;Q3LTJ8;Q31644;Q3LTJ4;Q9MXZ4;Q9MXZ3;Q95381;Q3LRY0;O19723;Q3LTK0;Q9TQ83;Q9GIX7;Q05525;Q29691;Q9Y4H8;O19664;Q30130;Q9GJG1;Q29711;Q31645;C8CBI3;B7VU65;A0A5K1TT77;Q8HWN4;Q9BD47;Q9TP93;A5I890;P79486;O78048;O98046;Q99948;H8WV76;O19667;H8WV85;C1JJS3;D5FIE9;C7FDX1;G1EMY2;D6MJC0;E2GJN8;E0X9M7;D7NP77;D9U3H6;D9IFQ2;D7NST0;E3SWQ0;D7NR21;D7GL12;D6MJL2;D6MJB9;C7FDW9;D6BPR2;D5M8A2;D5M8A0;D5M899;D5G2K8;D5FZP5;E5DCR4;A0A0A7C4X5;E7BYD5;A0A3S6RGV1;E3SWN8;E3SWN9;E3SWP0;E3SWP2;G1EMY1;G1EMY0;G1EMW3;G0WVE0;F1CCP5;D5FIE3;D5FIE1;D5FIE0;D5FID5;D0VE56;C8XTM4;C8CJD9;C6L819;B3V8R3;B2NJ37;B2NJ36;B1GVZ5;Q7YQ32;A0A0A7C3M0;A0A2I4PZU3;A0A2U9N4R3;F4YZX3;F4YZX2;F4YZX1;C0LAC0;B2NJ39;B0LUU5;A7X5L2;A7X5I8;A7UHG8;A7UHG1;A7UHF9;A1Z0K9;C5IAX3;A0N0W0;A0A650AIA2;A0A5K1TTT4;A0A5K1TTQ1;A0A5K1TTP8;A0A5K1TTE5;A0A5K1TTC8;A0A5K1TT84;A0A5A4LJE1;A0A0G2R1H8;A0A343J4W1;A0A858LH42;B2ZCY0;D5FIF0;F4YZW5;D5FUG7;F4YZW4;F4YZW3;F4YUA8;F4YUA4;F2X658;F2X654;F2VNW9;F2VNW1;F2VNV6;F2VNV5;F1CCP7;F1CCP1;F1CCN9;F1CCN6;F1CCN5;F1CCN4;F1CCN2;F1CCL9;F1CCL8;D5FZP4;A0A2I4PZW1;F4NBN6;F2VNW6;F6KS25;A0A0E3DDT6;A0A0E3DDT9;A0A0E3DDU1;A0A1X9I4W5;A0A1S5QRD9;A0A1S5QRC9;A0A1M4NES4;A0A1C8DVY9;A0A1C8DVD4;A0A1C8DU75;A0A1C8DT37;A0A186VP34;A0A186VNP7;A0A0E3DCI6;A0A141AZJ5;A0A0N7A4R5;A0A0E3DDT8;A0A0E3DCN9;F8RHN0;A0A0E3DCP3;A0A0E3DDS2;A0A0E3DDS1;Q1G100;D9UAX4;A0A0E3DDC3;A0A0E3DDB4;A0A0E3DDA9;A0A0E3DDA3;A0A0E3DDA1;A0A0E3DD99;A0A0E3DD96;A0A0E3DCQ9;A0A0E3DCQ3;A0A0E3DCQ0;F6KS26;A0A0N7A4P6;A0A0N6W7L9;A0A0M3LBK3;A0A0G2R172;A0A0A7C4N7;A0A0A7C4K0;A0A0A7C3K2;A0A0A7C3G7;L0BXM6;A0A286MCG9;A0A288Q9D7;G0X8U8;G0X8U7;G0X8U6;G0WVE1;G0WVD8;G0WVD7;G0WVD6;F8SL06;A0A0A7C564;A0A0A7C9N9;A0A0A7CA40;A0A0E3DCI2;A0A0F6R9J4;A0A0E3DDV0;A0A0E3DDU7;A0A0E3DDU5;A0A0E3DDU3;A0A0N9M6E6;A0A0E3DCH9;A0A0A7CAL4;A0A0E3DCH6;F4YUA7;A0A0E3DCH4;A0A0E3DCH2;A0A0E3DCF4;A0A0A7CAZ5;A0A0E3DDS3;A0A0E3DDS4;L0BXK6;W8PC28;N0A0M7;R4S853;R4KXM4;M9PAH5;M9P9Y7;M9P9S5;M9P9R6;M9P9P9;M9P9P4;M9P9B1;M9P9A5;M9P8Q0;M9P8P2;M9P8N2;M9P9Y9;N0A2S4;N1NVA9;O19660;Q860S9;S4TZG6;R4QGJ7;Q9TQ40;Q9GJ37;Q9BCS7;Q8MGY6;W1I9X3;Q45G73;Q1JRP4;M9PNX4;Q9UM29;Q9TQ48;Q9BD24;Q45G74;R4KZR5;T1R352;L0BXQ5;S4TZL3;M4MGI2;D6MJB8;A0A0H5FTI8;A0A0E3DCJ0;F8RHL2;F8RHK7;W8XAA3;D5FZP1;B2ZGJ0;A0A6M8PHV7;A0A5K1TTB8;A0A2H4G4B9;A0A173H3B6;A0A0X7YLI6;U6EFL1;S4T710;S4T6L9;S4T6M1;S4T713;S4TZG3;S4TZE4;S4T759;S4T758;S4T716;R4S813;S4T706;S4T6Q8;S4T6U6;S4T6U3;S4T6U0;S4T6T7;S4T6R0;S4T6Q9;F8RHN1;A0A0E3DCP7;F8RHM9;M9P8Q2;E9ABY0;U3RCQ1;S4T6Q7;M4MD18;S0F3C0;M4YRG8;M9P9Q3;A0AQX7;M9P9Q8;M9P9S6;O78161;Q19A33;Q4A1S0;Q5QQ11;F1CCP8;F1CCP9;F2VNV9;C8XTM9;C8XTI7;A0A286MCH1;A0A288QDD2;A0A288QDD9;F6KS22;A0A288R1N0;A0A2H4FZR5;A0A2I4PYB9;A0A2I4PZX2;A0A2U7NGJ9;A0A5K1TTD6;A0A646RNT6;A0A8E4NFV7;Q7YPZ9;Q8HWG3;Q8HWL8;D0VE45;E2GJN6;E0X9M9;E0WMV5;D7R0V0;F4YZX4;C8XTK4;D7GN73;D5L9F2;D5L9F0;D5L9E9;D5L9E8;D5L9E7;D3JV08;D1G119;C9E1J2;Q8WLU1;C8XTN0;D5M8A3;F5BR65;A0A1L2BML6;S0F2K9;H2BDT5;E3SWP8;S0F2J8;F6KS27;Q9TQ64;Q9TNV3;Q9TNV2;Q9GJF7;Q9BD07;C8CHC6;A0A858LGH7;J7RFS4;J7JXR5;K4ULG7;W8Y519;A0PFK3;J7K3J3;J7K1E4;J7K1D9;I6NS51;V6AQ63;H6A2E9;W1I364;A0A1X9I4Y7;E2DHC2;D3JV17;G9I2P8;X5MPH0;K7WK01;L0BVT0;G1EMZ6;G0X8V1;G0X8V0;G0X8U9;F2X666;F2X662;F4YUB0;F4YZW7;F6KS30;F6KS31;F8RHJ4;F8RHJ9;F8RHL0;F8RHL8;G1EN19;G1EN15;V5NZ06;G1EN09;A5YVG9;A7E0V8;A7UNZ8;B1PL08;B3VTQ6;B5D5S9;C0MP09;C3VN82;F2VNW7;F2VPA0;F2X657;H2BDS5;G1EN05;G1EN08;G1EMZ7;G1EN10;H2AM04;S4T756;L0HQC7;G1EN13;J7GUA3;J7FR35;F1AQS2;D5FUG2;F8RHM3;F2VNV8;D6MKY5;F4NBM9;G1EMZ0;F2X668;F1CCR0;F1CCM0;D5FZP0;E1V2J9;E9NVH2;Q8MGY2;B2CR04;D9U3H9;C5NU26;A8D9Y3;D5FID4;A7L3U7;A0A514YDS7;A0A1S5QRE4;A0A0X7YK34;Q9GIL1;A0A0E3DCN2;A0A0E3DCI4;A0A0A7C3J1;A0A0A7C3I7;J7QWX7;A0A0A7C3F1;A0A096XJS0;Q29957;A0A0E3DD83;Q95386;Q9TP97;Q9TP96;F2VPA3;D7GL11;A0A2H4G0K1;G1EMX5;D1G118;D0ENM6;A0A0E3DCR5;A0A0E3DDR6;A0A0G4KC23;A0A0M3LD84;A0A0N7A4M2;U5Y3R0;F8SL07;M9P9Q4;G1EMZ4;G1EMZ9;G1EN17;H2BDT2;I6M557;J7FP09;J9PVC6;J9PWW5;L0HNF8;M9P993;M9P9X8;S0F3J7;M9PAH8;A0A0A7CAL0;A0A0A7C581;A0A0A7C4K6;A0A455JSD5;A0A678ZD75;A0A4V0NPB0;A0A4P2SUP5;A0A4P2SU54;A0A4P2STI3;A0A4P2STH6;A0A4P2ST41;A0A4P2SS12;A0A4P2SS10;A0A3S6RGH5;A0A0A7C3K3;A0A3S6RGD6;A0A1T4J301;A0A1P8VKA6;A0A1P8VKA1;A0A1L4A1B4;A0A1J0A2H0;Q9MYH1;H8WV96;A0A0A7C3D8;Q6BDC5;Q6DV47;Q6QE68;A0A186VP30;Q7YPZ4;Q861F8;Q8MGZ2;Q9BCM2;T1R3D1;M4MDE5;F8RHM2;F8RHL4;F4YZW8;A0A1S5QRD0;Q4U4M7;A0A224AUC9;A4URM3;A5PHT3;A7UHG7;C4R9G8;C5J434;C8ZLD6;C9E1I9;C9W8B4;Q6RCP7;Q2PZR1;Q6S5H9;G1EMW1;Q6T717;Q7YPZ8;Q9NPL1;R4L7W4;R4ZH04;A0A0U2ZSR0;A0A0X7YU73;A0A186VNN3;Q19K82;G1EMW2;Q1EIR2;B5BLW4;Q5JZX3;I6XJJ4;J7F7D3;M9P976;M9P9X3;N0A2R4;Q19K84;A0A186VNP3;Q29830","A0A223G199"
"O60635",-7.27849135558324,26.4768551076214,-11.6783296045272,6.55821868139042e-13,5.11377101681418e-11,19.1513108863739,"O60635","O60635"
"P12111;D9ZGF2;Q63HQ4",6.4674748196218,26.2758025717054,11.4420950980608,1.1026677173204e-12,8.30187762466895e-11,18.6697613683021,"P12111;D9ZGF2;Q63HQ4","P12111"
"P15144;B4DV63;B4DP01;B4DP96;B4DPH5;H0YLZ8;Q71E46;H0YMC1;Q8IVL7;H0YKT6",-8.56574498933558,29.9958677479606,-11.4355561755243,1.11874897083835e-12,8.30187762466895e-11,18.6563231110528,"P15144;B4DV63;B4DP01;B4DP96;B4DPH5;H0YLZ8;Q71E46;H0YMC1;Q8IVL7;H0YKT6","P15144"
"Q99828;A0A140VK09;A0A3B3ISY8",-6.65832870760655,26.1699721533349,-11.425269231764,1.14453587002489e-12,8.30187762466895e-11,18.6351702833877,"Q99828;A0A140VK09;A0A3B3ISY8","Q99828"
"H3BMA1;H3BUX1",-6.16552402702619,25.8447781288874,-11.4099168859674,1.1841585715835e-12,8.39406951083849e-11,18.6035743964967,"H3BMA1;H3BUX1","H3BMA1"
"O43653;H0YAA6",-6.88119151290686,26.7312428365834,-11.3446083831982,1.36906894305771e-12,9.48916896310446e-11,18.468801970026,"O43653;H0YAA6","O43653"
"A0A3S6RHN6;A0A583ZAW5",-6.00263016950759,26.1664478480505,-11.1039171977394,2.34764208010223e-12,1.5918034017041e-10,17.9669843238825,"A0A3S6RHN6;A0A583ZAW5","A0A3S6RHN6"
"O95466",6.21848493847222,25.313810015985,11.038284940803,2.72292960511633e-12,1.80698243369316e-10,17.8287413022641,"O95466","O95466"
"Q6PCB0;J3QLP3;J3QRR0",6.00767655971975,26.1432194979861,11.0092611919324,2.90798092403127e-12,1.88958177126115e-10,17.76741463633,"Q6PCB0;J3QLP3;J3QRR0","Q6PCB0"
"P12110;A0A384MDP3;Q9BUM6;Q7LCA7;Q6FHW5;C9JH44;H7C0M5",5.78857892630917,26.1051942600969,10.8063470140263,4.61858820875393e-12,2.9398727802252e-10,17.335337358149,"P12110;A0A384MDP3;Q9BUM6;Q7LCA7;Q6FHW5;C9JH44;H7C0M5","P12110"
"Q687X5;C9JS50",-6.47918490242252,26.079744261611,-10.7594867308499,5.14313856719529e-12,3.20828983821642e-10,17.2347252543932,"Q687X5;C9JS50","Q687X5"
"P18084;L7RT22;V9GZ57;H7C5U2;V9GYZ1;H7C4W1;H7C580;V9GYD8",5.98968045315657,25.8996881620916,10.7056043604357,5.82233454576983e-12,3.5517516870682e-10,17.1186499046373,"P18084;L7RT22;V9GZ57;H7C5U2;V9GYZ1;H7C4W1;H7C580;V9GYD8","P18084"
"O43278;B4DTF6;H3BVD9;B2RBU9;H3BTQ8;H3BMB6;H3BR01;H3BNW5;H3BSM2",-6.3999933908166,25.9851485038278,-10.698281452097,5.92148405667029e-12,3.5517516870682e-10,17.102842685282,"O43278;B4DTF6;H3BVD9;B2RBU9;H3BTQ8;H3BMB6;H3BR01;H3BNW5;H3BSM2","O43278"
"Q8N3R9;Q4VBP4;A8K5C5;Q658X5;G3V2H1;G3V2B0;P08908;Q5ZGX3;A8K5W4",-6.97052767398216,25.1471253465399,-10.6495466600551,6.62690123865511e-12,3.89986886101232e-10,16.9974488447766,"Q8N3R9;Q4VBP4;A8K5C5;Q658X5;G3V2H1;G3V2B0;P08908;Q5ZGX3;A8K5W4","Q8N3R9"
"Q92485;B4DW34;F8VWW8;B4DE65;B4DEC6;Q5T0Y8;F8VXS3",-5.45522487963944,26.1646859367875,-10.2968660039733,1.50995872863531e-11,8.72140976780282e-10,16.2245894814707,"Q92485;B4DW34;F8VWW8;B4DE65;B4DEC6;Q5T0Y8;F8VXS3","Q92485"
"Q59F20",5.37436500605369,26.0451904180183,10.2445561088899,1.70845478471259e-11,9.68849177003378e-10,16.1084318152867,"Q59F20","Q59F20"
"B2R7Y0;H7C004;H7BYS2;E9PDK7;Q6LDR6",-5.32328911380489,25.9499910517496,-10.1651325151086,2.0622330886968e-11,1.14071166232654e-09,15.9313090297828,"B2R7Y0;H7C004;H7BYS2;E9PDK7;Q6LDR6","B2R7Y0"
"Q12913;A0A8V8TP51;Q9NPR5;E9PPH3;E9PJ83",5.42996580880978,25.9114633643987,10.1547288777007,2.11383129045865e-11,1.14071166232654e-09,15.9080401268935,"Q12913;A0A8V8TP51;Q9NPR5;E9PPH3;E9PJ83","Q12913"
"P01903;B0UXD8;A0A1V0E3V4;A0A0G2JMH6;A0A0G2JH46;Q30118;B4DVL4;Q7YPT8;Q59GE3;B4DLJ8;B4DW37;B4E2U4;Q67AF0;A0A346MPT6;Q08AS3;Q08AS4;Q67AF5;Q30085;A0A896YBD6;A0A5P8NK25;A0A7D7L7R7;A0A2K9UYT9;Q29885;A0A8E4NGV0;Q67AF3;Q67AF6;Q67AF2;A0A5P8NFL4;L8EB08;A0A8G0VL53;B7ZW51;A0A7G8KPP6;I7L1P1;Q67AE8;Q76NI6;A0A8F5FTG8;A0A346ASF5;A0A345F7E0;A0A345F7D7;A0A8F7GNE3;A0A4Y5R8Q2;A0A1W2HC18;A0A5P8NFE2;A0A1U9X7T6;A0A1U9X7S6;A0A140TA34;A0A0U4C4L3;L8E864;A0A7D3V690;A0A6H1PSA9;A0A649ZUV0;Q29882;Q2LIQ8;Q2LIR1;A0A5J6D2Z6;Q5Y7C3;A0A482LU68;Q30069;O19697;Q5Y7H0;A0A0F6R8Y9;A0A6B7IAL1;Q67AG4;O19704;Q67AG3;Q67AG2;Q67AG1;A0A6B7HFD7;A0A5H2UEZ6;A0A1W2PP70;A0A6B7HG10;A0A3S6RHR1;A0A6B7HHG1;A0A6B7HFM0;A0A650AP24;H6X377;A0A7T8GE76;A0A7T8GDZ4;A0A4Y5QRV8;A0A6M8DQ68;A0A6G8IQY1;A0A6B7IC72;Q861G0;A0A6G8IQL3;P01906;A0A6B7HHD8;Q67AF4;Q67AG5;A0A6B7HG83;Q67AF7;Q67AF1;Q67AF8;Q67AF9;A0A4P8NGF6;Q67AG0;A0A5A4LJP2;A0A858B8H4;A0A5A4LKR4;A0A6B7IDI5;A0A8E4J4A3;Q67AC5;Q67AC6;Q67AC7;Q67AE3;Q67AE6;Q67AE5;A0A678ZWG2;Q67AE7;A0A678ZWF7;Q67AG6;Q67AE4;A0A6B7G4C3;A0A1U9X7T9;Q67AE9",5.59179163816666,26.2765593488946,10.1532577053652,2.12123361381659e-11,1.14071166232654e-09,15.9047484179665,"P01903;B0UXD8;A0A1V0E3V4;A0A0G2JMH6;A0A0G2JH46;Q30118;B4DVL4;Q7YPT8;Q59GE3;B4DLJ8;B4DW37;B4E2U4;Q67AF0;A0A346MPT6;Q08AS3;Q08AS4;Q67AF5;Q30085;A0A896YBD6;A0A5P8NK25;A0A7D7L7R7;A0A2K9UYT9;Q29885;A0A8E4NGV0;Q67AF3;Q67AF6;Q67AF2;A0A5P8NFL4;L8EB08;A0A8G0VL53;B7ZW51;A0A7G8KPP6;I7L1P1;Q67AE8;Q76NI6;A0A8F5FTG8;A0A346ASF5;A0A345F7E0;A0A345F7D7;A0A8F7GNE3;A0A4Y5R8Q2;A0A1W2HC18;A0A5P8NFE2;A0A1U9X7T6;A0A1U9X7S6;A0A140TA34;A0A0U4C4L3;L8E864;A0A7D3V690;A0A6H1PSA9;A0A649ZUV0;Q29882;Q2LIQ8;Q2LIR1;A0A5J6D2Z6;Q5Y7C3;A0A482LU68;Q30069;O19697;Q5Y7H0;A0A0F6R8Y9;A0A6B7IAL1;Q67AG4;O19704;Q67AG3;Q67AG2;Q67AG1;A0A6B7HFD7;A0A5H2UEZ6;A0A1W2PP70;A0A6B7HG10;A0A3S6RHR1;A0A6B7HHG1;A0A6B7HFM0;A0A650AP24;H6X377;A0A7T8GE76;A0A7T8GDZ4;A0A4Y5QRV8;A0A6M8DQ68;A0A6G8IQY1;A0A6B7IC72;Q861G0;A0A6G8IQL3;P01906;A0A6B7HHD8;Q67AF4;Q67AG5;A0A6B7HG83;Q67AF7;Q67AF1;Q67AF8;Q67AF9;A0A4P8NGF6;Q67AG0;A0A5A4LJP2;A0A858B8H4;A0A5A4LKR4;A0A6B7IDI5;A0A8E4J4A3;Q67AC5;Q67AC6;Q67AC7;Q67AE3;Q67AE6;Q67AE5;A0A678ZWG2;Q67AE7;A0A678ZWF7;Q67AG6;Q67AE4;A0A6B7G4C3;A0A1U9X7T9;Q67AE9","P01903"
"Q53FA7;B4DMQ7;H7BZH6",-5.86989993296416,26.4815287450182,-9.97156616867289,3.27358258570793e-11,1.73056001437678e-09,15.4958018835151,"Q53FA7;B4DMQ7;H7BZH6","Q53FA7"
"Q96AC1;A8K6S3;H0YJ34;A0A0U1RRM8;G3V3J0;G3V281;G3V5R2;H0YJB6;G3V379;A0A8V8TN73",5.65013809420427,25.078133619915,9.91552652831066,3.74558065129357e-11,1.94707767523077e-09,15.3687004739522,"Q96AC1;A8K6S3;H0YJ34;A0A0U1RRM8;G3V3J0;G3V281;G3V5R2;H0YJB6;G3V379;A0A8V8TN73","Q96AC1"
"Q16348;Q86UE9;B4DXJ3;B4DL92",-5.58409393570107,25.9739374475144,-9.88403113436992,4.0408530657246e-11,2.06613454295e-09,15.2970661555956,"Q16348;Q86UE9;B4DXJ3;B4DL92","Q16348"
"Q16270",5.53507697296751,26.0600952755723,9.85260696321986,4.35921699939192e-11,2.19296739050055e-09,15.2254497465523,"Q16270","Q16270"
"Q9NX84;Q9H329;Q59GC2",-5.18436198701125,25.5351133391017,-9.83552592136115,4.54291378636191e-11,2.24910287296235e-09,15.1864612629401,"Q9NX84;Q9H329;Q59GC2","Q9NX84"
"Q13228;V9HWG1;B4DPI7;A6PVX1;H0Y532;Q9H8A8;F2Z2W8;F8WCR4;C9JVL0;F8WBA9",-5.50580622549955,25.4232053260832,-9.80743578320487,4.86239464628888e-11,2.36965764090235e-09,15.1222513458506,"Q13228;V9HWG1;B4DPI7;A6PVX1;H0Y532;Q9H8A8;F2Z2W8;F8WCR4;C9JVL0;F8WBA9","Q13228"
"O95274;Q5JPJ9;B2RBR3;A8K4E0",-5.39543218971471,25.5754434093332,-9.76993823804497,5.32501187423477e-11,2.55518646703665e-09,15.0363580981226,"O95274;Q5JPJ9;B2RBR3;A8K4E0","O95274"
"D5FWD0",-5.77278148917866,26.1777109239507,-9.73818551382164,5.7518342912922e-11,2.68836108428632e-09,14.9634637146845,"D5FWD0","D5FWD0"
"O95832;A5JSJ9;B4DLC3;Q7Z4X9",-5.13742361784241,25.7992288122344,-9.73653642439099,5.77493403806296e-11,2.68836108428632e-09,14.9596738983648,"O95832;A5JSJ9;B4DLC3;Q7Z4X9","O95832"
"P21266;Q6FGJ9;Q59EJ5;A4UJ43;B4E2J2",5.79100906904554,26.1572625488644,9.72685979954841,5.91240405567355e-11,2.70631126734225e-09,14.9374277906713,"P21266;Q6FGJ9;Q59EJ5;A4UJ43;B4E2J2","P21266"
"Q9NXI0",-5.32629811905398,27.3899976309526,-9.72170265351039,5.98703037661478e-11,2.70631126734225e-09,14.9255661698515,"Q9NXI0","Q9NXI0"
"P21589;Q6NZX3;Q53Z63;B2RBH2;H0Y7R7;B3KQK1;Q96B60;H0Y3X5",5.11588184943362,28.9631624166471,9.62152163824418,7.6441687425831e-11,3.40602318687381e-09,14.6943758615125,"P21589;Q6NZX3;Q53Z63;B2RBH2;H0Y7R7;B3KQK1;Q96B60;H0Y3X5","P21589"
"P25815",-7.0084903276209,27.790715071838,-9.43380710084158,1.2125803407932e-10,5.32681420131549e-09,14.2572360503541,"P25815","P25815"
"O60487",-4.87164564300907,25.3960204840153,-9.4126139207991,1.2777913810775e-10,5.5051449029647e-09,14.2075592262008,"O60487","O60487"
"P29317;B4DL04;Q96HF4",5.09903353539291,27.4352458109042,9.40924721742105,1.28847572272018e-10,5.5051449029647e-09,14.1996616368544,"P29317;B4DL04;Q96HF4","P29317"
"Q7Z7D3;Q5T2L0",-4.89683705184345,25.6874748693145,-9.36059842187145,1.45346209018087e-10,6.12614629631641e-09,14.0853569727813,"Q7Z7D3;Q5T2L0","Q7Z7D3"
"P21980;V9HWG3;B4DIT7;B4DTN7;A2A299;Q6DKH2;A2A2A0;P49221;B4DU73;B4YUQ3;B4YUQ2;B4YUQ1;B2R7D1;A0A994J576",5.81224247385794,26.8196014678091,9.292441367275,1.72163785506184e-10,7.09659780735549e-09,13.9246351977848,"P21980;V9HWG3;B4DIT7;B4DTN7;A2A299;Q6DKH2;A2A2A0;P49221;B4DU73;B4YUQ3;B4YUQ2;B4YUQ1;B2R7D1;A0A994J576","P21980"
"P15941;A0A0C4DGW3;A5YRU5;A5YRU8;B4DWK6;B1AVQ7;A6ZID5;A0A0A0MSH4;B6ECA3;A5YRV2;A0A087WVJ0;A0A0A0MRB3;A5YRV0;A6ZIE2;A0A087X0L2;Q7Z546;A6ZID6;B6ECB3;A6ZID7;A6ZIE3;A6ZIF0;A6ZIE6;A6ZIE7;A0A384NPK6;A6ZIE4;Q7Z549;A6ZIE5;B6ECB2;Q7Z551;A5YRU7;Q7Z536;B6ECB1;A0A087WZZ6;B6ECB0;A5YRU9;A0A087X061;A6ZIE1;B6EC96;B6ECA9;V9GZ38;Q7Z542;Q14877",-5.44150349646561,31.3156510670905,-9.29067753574262,1.72921267508502e-10,7.09659780735549e-09,13.9204668983097,"P15941;A0A0C4DGW3;A5YRU5;A5YRU8;B4DWK6;B1AVQ7;A6ZID5;A0A0A0MSH4;B6ECA3;A5YRV2;A0A087WVJ0;A0A0A0MRB3;A5YRV0;A6ZIE2;A0A087X0L2;Q7Z546;A6ZID6;B6ECB3;A6ZID7;A6ZIE3;A6ZIF0;A6ZIE6;A6ZIE7;A0A384NPK6;A6ZIE4;Q7Z549;A6ZIE5;B6ECB2;Q7Z551;A5YRU7;Q7Z536;B6ECB1;A0A087WZZ6;B6ECB0;A5YRU9;A0A087X061;A6ZIE1;B6EC96;B6ECA9;V9GZ38;Q7Z542;Q14877","P15941"
"B2RC75;A0A0G2JMP8;A0A0G2JMM6;A0A087WVI4;Q7Z404;A0A140VJX7;A0A0G2JPL6;A0A0G2JP95;A0A087WT65;A0A0G2JNC6;C9JFU4",-5.58133120105355,25.1675334900369,-9.22679037458625,2.02780733958832e-10,8.2139364833454e-09,13.7691826698313,"B2RC75;A0A0G2JMP8;A0A0G2JMM6;A0A087WVI4;Q7Z404;A0A140VJX7;A0A0G2JPL6;A0A0G2JP95;A0A087WT65;A0A0G2JNC6;C9JFU4","B2RC75"
"Q8NI35;A0A2R8Y549;A5PKX9;A0A0U1RR46;A0A0U1RQT2;A0A2R8Y5I3;A0A0U1RRD7;A0A0U1RQR3;A0A0U1RQW4",-5.67377168407513,25.446475755256,-9.15696026648253,2.41494106150683e-10,9.58315574085775e-09,13.6031457018185,"Q8NI35;A0A2R8Y549;A5PKX9;A0A0U1RR46;A0A0U1RQT2;A0A2R8Y5I3;A0A0U1RRD7;A0A0U1RQR3;A0A0U1RQW4","Q8NI35"
"P53985;B4DKS0;B2R6A5;Q5T8R5;Q5T8R3;Q5T8R4",-4.90439746184609,25.7630071968892,-9.15159365367882,2.44765158092468e-10,9.58315574085775e-09,13.5903560002437,"P53985;B4DKS0;B2R6A5;Q5T8R5;Q5T8R3;Q5T8R4","P53985"
"P08133;A0A0S2Z2Z6;A8K3Q7;B7Z582;Q6ZP35;E7EMC6;A0A0S2Z301;E5RJF5;E5RK63;E5RI05;E5RFF0;E5RJR0;E5RIU8;H0YC77",4.80648815412603,27.4196592119475,9.14990991315839,2.45800724356723e-10,9.58315574085775e-09,13.5863424498219,"P08133;A0A0S2Z2Z6;A8K3Q7;B7Z582;Q6ZP35;E7EMC6;A0A0S2Z301;E5RJF5;E5RK63;E5RI05;E5RFF0;E5RJR0;E5RIU8;H0YC77","P08133"
"P09104;Q6FHV6;A8K3B0;F5H0C8;F5H1C3;P13929;U3KQP4;U3KQQ1;Q9NPL4",5.64117164485037,25.2436543021051,9.13158891129729,2.57362243937453e-10,9.91003504741873e-09,13.5426438355117,"P09104;Q6FHV6;A8K3B0;F5H0C8;F5H1C3;P13929;U3KQP4;U3KQQ1;Q9NPL4","P09104"
"P35625;B4DNZ4",5.13178052409711,26.0492756987324,9.10123773837527,2.77751313184075e-10,1.0564711534404e-08,13.470143922569,"P35625;B4DNZ4","P35625"
"P32970;A0A0U5JA32;M0QZW2",-4.88480985459574,24.7237935229507,-9.08498456986294,2.89340303014025e-10,1.08462129582196e-08,13.4312649254908,"P32970;A0A0U5JA32;M0QZW2","P32970"
"A0A0S4XRK4;A0A6B7HFQ5;A0A7R9KAW1;A0A6B7HGP1;A0A0U5Q0A7;A0A2U3QLJ8;E5FQ49;D5H3T1;A0A4P6N0H4;A0A4P9D212;A0A5H2USY9;A0A649XVV9;A0A7U3K2F4;A0A7S5GRP8;A0A159AYQ3;A0A6C0SHE8;A0A3S6RF51;C5IWY8;A0A6B9KNQ2;A0A678ZVS0;A0A5H2UTD1;Q8MHN8;A0A2U3QLI7;A0A6B7HHS8;A0A455JVC5;Q8MHP7;A0A1M4NF67;A0A2D1WBC6;D3YLL2;X2J3V4;W8YM39;E9ABI2;I2GAD7;Q75NJ3;A0A583ZB57;C8ZLL1;A0A346HFZ6;D7GN81;A0A4V0NP53;E3Q1L4;I6Z8E6;Q6L6P9;A0A1S5UX46;D2KZ30;B1B727;B1Q4R7;F6IQT6;A0A0U5Q0C2;I1VXL9;A0A286R104;U5YKE3;Q4W6C5;I3VB20;H2D5G1;D7GN80;A0A1W1B640;A0A7T8G1R2;A0A2P9FIL8;A0A8F7CGG9;A0A858B812;A0N0E2;Q8MGT5;A0A649WAY7;A0A6B9VS25;A0A5H2UTC5;A0A7U3K2F9;A0A2I6J4C7;A0A5A4LJC8;A0A4D6NZ34;A0A3S6RFC1;A0A678ZM30;A0A6B7HGI4;A0A6C0SDM4;A0A7T4WRR9;A0A678ZZ45;A0A858LKI8;B6E278;A0A0U2S4I2;A0A1D8MAN2;A0A0U2XL24;A0A5H2UFB6;A0A6B7FUZ1;A0A7L4X6X5;A0A678ZMU7;A0A5H2UUD6;A0A5H2UI33;A0A3G5BD33;A0A142J248;Q9MY98;D2DKV6;B5TM11;Q95IZ1;Q1HHB9;R9RI97;Q5MD70;O46852;C1KJK7;A0A1T4J273;G0X8Q0;T1WF44;A0A288QES5;Q9UQT7;V6BQS2;A0A5H2UUU7;A0A1C8DS91;B6DZR3;B8YCR5;D5FHG3;A2BCQ4;F6IB65;A0A0A7V3H7;D2XUR3;Q7YNX8;Q45FD6;Q861A8;Q7YP22;A0A0A7C8V2;A1E127;B6DX29;F2VP62;H9C3I8;M9P977;D6MJG3;G9HRN7;G1EP24;Q7YNY1;B2ZES7;Q30176;M9P8Y5;Q8SNB2;G1EP25;A0A0A7UZB1;A0A060VG38;U5YEJ8;M9P9B8;A0A186VNI2;Q95J08;Q9TQK6;Q95J09;A0A0X7YTT3;A0A1S5QQR9;Q95J04;A0A1S5QQS3;F8R129;G0X8R1;A0A2U7NMY0;D5L9A6;U5YBQ1;A0A288QER7;U5YEL4;A0A1S5QQS1",-4.63746610120683,25.8340697680498,-9.08120257832792,2.9210704985266e-10,1.08462129582196e-08,13.4222125703848,"A0A0S4XRK4;A0A6B7HFQ5;A0A7R9KAW1;A0A6B7HGP1;A0A0U5Q0A7;A0A2U3QLJ8;E5FQ49;D5H3T1;A0A4P6N0H4;A0A4P9D212;A0A5H2USY9;A0A649XVV9;A0A7U3K2F4;A0A7S5GRP8;A0A159AYQ3;A0A6C0SHE8;A0A3S6RF51;C5IWY8;A0A6B9KNQ2;A0A678ZVS0;A0A5H2UTD1;Q8MHN8;A0A2U3QLI7;A0A6B7HHS8;A0A455JVC5;Q8MHP7;A0A1M4NF67;A0A2D1WBC6;D3YLL2;X2J3V4;W8YM39;E9ABI2;I2GAD7;Q75NJ3;A0A583ZB57;C8ZLL1;A0A346HFZ6;D7GN81;A0A4V0NP53;E3Q1L4;I6Z8E6;Q6L6P9;A0A1S5UX46;D2KZ30;B1B727;B1Q4R7;F6IQT6;A0A0U5Q0C2;I1VXL9;A0A286R104;U5YKE3;Q4W6C5;I3VB20;H2D5G1;D7GN80;A0A1W1B640;A0A7T8G1R2;A0A2P9FIL8;A0A8F7CGG9;A0A858B812;A0N0E2;Q8MGT5;A0A649WAY7;A0A6B9VS25;A0A5H2UTC5;A0A7U3K2F9;A0A2I6J4C7;A0A5A4LJC8;A0A4D6NZ34;A0A3S6RFC1;A0A678ZM30;A0A6B7HGI4;A0A6C0SDM4;A0A7T4WRR9;A0A678ZZ45;A0A858LKI8;B6E278;A0A0U2S4I2;A0A1D8MAN2;A0A0U2XL24;A0A5H2UFB6;A0A6B7FUZ1;A0A7L4X6X5;A0A678ZMU7;A0A5H2UUD6;A0A5H2UI33;A0A3G5BD33;A0A142J248;Q9MY98;D2DKV6;B5TM11;Q95IZ1;Q1HHB9;R9RI97;Q5MD70;O46852;C1KJK7;A0A1T4J273;G0X8Q0;T1WF44;A0A288QES5;Q9UQT7;V6BQS2;A0A5H2UUU7;A0A1C8DS91;B6DZR3;B8YCR5;D5FHG3;A2BCQ4;F6IB65;A0A0A7V3H7;D2XUR3;Q7YNX8;Q45FD6;Q861A8;Q7YP22;A0A0A7C8V2;A1E127;B6DX29;F2VP62;H9C3I8;M9P977;D6MJG3;G9HRN7;G1EP24;Q7YNY1;B2ZES7;Q30176;M9P8Y5;Q8SNB2;G1EP25;A0A0A7UZB1;A0A060VG38;U5YEJ8;M9P9B8;A0A186VNI2;Q95J08;Q9TQK6;Q95J09;A0A0X7YTT3;A0A1S5QQR9;Q95J04;A0A1S5QQS3;F8R129;G0X8R1;A0A2U7NMY0;D5L9A6;U5YBQ1;A0A288QER7;U5YEL4;A0A1S5QQS1","A0A0S4XRK4"
"P05106;L7UUZ7;A0A5E4DMZ9;H3BM21;B4DTY9;L7UW06;I3L4X8;Q2YFE1;F1C630;A7U833;F1C634;F1C633;F1C632;Q1PBM2;F2X0V0;L7WKL1",4.83281290250002,25.9372198163507,9.07068348161404,2.99945258416385e-10,1.10062266000083e-08,13.3970237526605,"P05106;L7UUZ7;A0A5E4DMZ9;H3BM21;B4DTY9;L7UW06;I3L4X8;Q2YFE1;F1C630;A7U833;F1C634;F1C633;F1C632;Q1PBM2;F2X0V0;L7WKL1","P05106"
"P47895;B2R5T2;H0Y2X5;B4DYU3;Q7Z3A2;H0YNQ3;B4E0M6;H0YKF9;O94788;H0YLT1;H0YMG7;B4DH89",-5.20207382304132,25.5028042000888,-9.06103080008048,3.07326709377647e-10,1.11204384664578e-08,13.3738955051814,"P47895;B2R5T2;H0Y2X5;B4DYU3;Q7Z3A2;H0YNQ3;B4E0M6;H0YKF9;O94788;H0YLT1;H0YMG7;B4DH89","P47895"
"Q6UXY8;B7Z946;F5GYU8;B7Z5K3;H3BN68;B3KY88;B3KSM9;B3KUQ8",-4.99712459260543,25.7264662822179,-9.05735187421919,3.10188568958584e-10,1.11204384664578e-08,13.3650770792927,"Q6UXY8;B7Z946;F5GYU8;B7Z5K3;H3BN68;B3KY88;B3KSM9;B3KUQ8","Q6UXY8"
"Q9Y5Y6;B2RAF9;Q8WVC1;B4DYI7",-4.69179042133339,25.0929827063566,-9.01327682701253,3.46667143405363e-10,1.2286986594106e-08,13.25927607722,"Q9Y5Y6;B2RAF9;Q8WVC1;B4DYI7","Q9Y5Y6"
"Q14CE1;Q8IZP9;Q499H0;A8K4P7",-4.84156402370891,25.4893729215813,-9.00658773406388,3.52574304466601e-10,1.23559466924869e-08,13.2431944730466,"Q14CE1;Q8IZP9;Q499H0;A8K4P7","Q14CE1"
"P01591;D6RD17;D6RHJ6",-5.3016785254261,25.504706242135,-8.95006922918811,4.06774251372468e-10,1.40969876670081e-08,13.107056694267,"P01591;D6RD17;D6RHJ6","P01591"
"Q9P2B2;Q9H3U3",-4.56961626069048,28.3594263933989,-8.83331704562898,5.47288335208116e-10,1.87581573353199e-08,12.8243707113565,"Q9P2B2;Q9H3U3","Q9P2B2"
"B3KQM8",-4.91497872351255,25.3072081546049,-8.76382420232663,6.53558548743007e-10,2.20767501106371e-08,12.6551791347458,"B3KQM8","B3KQM8"
"Q14134;Q53G41;Q0P6H7;B7Z5V8;B7Z8U9;E9PRL4;B7Z5V5;H0YD78;E9PIQ2;H0YF27;E9PPX1;E9PM74;E9PI31;E9PLI4;E9PJ94;E9PJD4",-4.86543365380207,25.447283904307,-8.76101767231075,6.58267957771481e-10,2.20767501106371e-08,12.6483316085021,"Q14134;Q53G41;Q0P6H7;B7Z5V8;B7Z8U9;E9PRL4;B7Z5V5;H0YD78;E9PIQ2;H0YF27;E9PPX1;E9PM74;E9PI31;E9PLI4;E9PJ94;E9PJD4","Q14134"
"B4E2S3;Q14699;Q8N5I0;G3XAJ6;B4DVC8;C9JHG2;Q5JB43;Q9BRA3;B4E1H7;C9JRN3;C9JWQ9;F8WAR1;U3KPZ2",4.7890938286741,27.1303274600935,8.74773570817121,6.81029278771945e-10,2.25971310690393e-08,12.6159102139724,"B4E2S3;Q14699;Q8N5I0;G3XAJ6;B4DVC8;C9JHG2;Q5JB43;Q9BRA3;B4E1H7;C9JRN3;C9JWQ9;F8WAR1;U3KPZ2","B4E2S3"
"P18510;A0A8Q3WMN6",-4.72512065998498,25.8547987618651,-8.72916881979024,7.14199969785538e-10,2.3448312692222e-08,12.5705458780477,"P18510;A0A8Q3WMN6","P18510"
"Q9ULI3;A0A994J6K3;H7C4K2",4.62316369282928,25.5900664516408,8.66714788893773,8.37440274238873e-10,2.72080855765734e-08,12.418652858835,"Q9ULI3;A0A994J6K3;H7C4K2","Q9ULI3"
"P07996;A0PJG0;A8MZG1;A0A0B6XK25;P35442;Q6MZL6;A0A7I2YQ86;A0A7I2V585;A0A7I2YQT6;A0A3B3ITK0",4.47664946858148,25.3055028825342,8.55050900213397,1.13124522378171e-09,3.63747819894345e-08,12.1315109477044,"P07996;A0PJG0;A8MZG1;A0A0B6XK25;P35442;Q6MZL6;A0A7I2YQ86;A0A7I2V585;A0A7I2YQT6;A0A3B3ITK0","P07996"
"A0A7R8C2E8",5.76332485140972,26.775208484579,8.53985121847168,1.16286311958341e-09,3.70098986732719e-08,12.1051771905958,"A0A7R8C2E8","A0A7R8C2E8"
"R4GN18",4.90614243116867,25.4485685704474,8.51821408594486,1.22985260182973e-09,3.86871514671135e-08,12.051665645183,"R4GN18","R4GN18"
"A0A386RVB5;A0A3G2FPF6",5.13233898027124,25.8176397793214,8.51492639700975,1.24037035803506e-09,3.86871514671135e-08,12.0435289478629,"A0A386RVB5;A0A3G2FPF6","A0A386RVB5"
"M9P9U0;A0A0A7C8J0",5.42365863292747,27.3104873063719,8.46488277012196,1.41227732518806e-09,4.36128017550649e-08,11.9194874805539,"M9P9U0;A0A0A7C8J0","M9P9U0"
"P42892;A0A3B3ISF9;B4DKB2;E9PN99;E9PHZ1",4.5855098008282,25.9170838111425,8.45829228025872,1.4366595672831e-09,4.39307959838823e-08,11.9031255209898,"P42892;A0A3B3ISF9;B4DKB2;E9PN99;E9PHZ1","P42892"
"P22413;B2RBY8;E9PE72;Q7Z3P5;A0A3B3ISN7;Q9NS95;A0A3B3IST7",5.49312108524154,26.8651231828706,8.45044732701982,1.46624285984018e-09,4.40304581787406e-08,11.8836411757787,"P22413;B2RBY8;E9PE72;Q7Z3P5;A0A3B3ISN7;Q9NS95;A0A3B3IST7","P22413"
"Q9BZQ8;H0Y7M9;REV__Q9UHV5;REV__A0A087WVW6",4.89851396966829,25.6143801392457,8.44994648025306,1.46815250099039e-09,4.40304581787406e-08,11.8823969388821,"Q9BZQ8;H0Y7M9;REV__Q9UHV5;REV__A0A087WVW6","Q9BZQ8"
"Q5K634",-4.8001611835436,25.6671480570685,-8.41510535606659,1.60741275127859e-09,4.77478130594086e-08,11.7957556877805,"Q5K634","Q5K634"
"Q99102;E9PDY6;A0A0G2JNM3;A0A0G2JNJ5;A0A0G2JMX1;E7ENC5;A0A0G2JPA4;A0A0G2JM16;A0A0G2JQC1;A0A0G2JR97;A0A0G2JSC3;A0A0G2JRU8;A0A0G2JS65;E7EWN1;A0A0G2JRT1;A0A0G2JQK9;A0A0G2JN54;A0T3F4;E7ETT5;A0A0G2JRK4;E7EQT2;A0A0G2JQN9;A0A0G2JRJ6;A0A0G2JS19;A0A0G2JR43;A0A0G2JQI2;E7ERK0;A0A0G2JRV5;A0A0G2JRW3;A0A0G2JRW6;E7EUL9;H0Y2Y1;E7EW47;A0A0G2JRE6;A0A0G2JRS2;A0A0G2JRY3;A0A0G2JRD8;A0A0G2JSB4;A0A0G2JSD9;A0A0G2JRC8",-6.10368033557066,23.712205790949,-8.40833148737488,1.63601380026814e-09,4.79052014250728e-08,11.7788909468576,"Q99102;E9PDY6;A0A0G2JNM3;A0A0G2JNJ5;A0A0G2JMX1;E7ENC5;A0A0G2JPA4;A0A0G2JM16;A0A0G2JQC1;A0A0G2JR97;A0A0G2JSC3;A0A0G2JRU8;A0A0G2JS65;E7EWN1;A0A0G2JRT1;A0A0G2JQK9;A0A0G2JN54;A0T3F4;E7ETT5;A0A0G2JRK4;E7EQT2;A0A0G2JQN9;A0A0G2JRJ6;A0A0G2JS19;A0A0G2JR43;A0A0G2JQI2;E7ERK0;A0A0G2JRV5;A0A0G2JRW3;A0A0G2JRW6;E7EUL9;H0Y2Y1;E7EW47;A0A0G2JRE6;A0A0G2JRS2;A0A0G2JRY3;A0A0G2JRD8;A0A0G2JSB4;A0A0G2JSD9;A0A0G2JRC8","Q99102"
"P11169;Q59F54;B7Z5A7;B7Z966;Q8TDB8;B7Z5J8",4.35406267377406,25.7834879769205,8.40597902810243,1.64606736189416e-09,4.79052014250728e-08,11.7730325778088,"P11169;Q59F54;B7Z5A7;B7Z966;Q8TDB8;B7Z5J8","P11169"
"Q6ZVX7",-4.56146325909361,25.2660074881353,-8.40302323766714,1.65878863543054e-09,4.79052014250728e-08,11.7656706221738,"Q6ZVX7","Q6ZVX7"
"P08294;A0A140VJU8;B2R9V7;Q16867;M0R1V4",5.06701188509929,26.1246095673832,8.36976609895345,1.80902007841342e-09,5.1764528665793e-08,11.6827530136507,"P08294;A0A140VJU8;B2R9V7;Q16867;M0R1V4","P08294"
"Q06481;A0A140VJE9;B4DTV1;B4E3I5;B4DKY3",4.58856170361619,26.3851871240474,8.32139398065383,2.05266363418619e-09,5.82023443184247e-08,11.5618742194557,"Q06481;A0A140VJE9;B4DTV1;B4E3I5;B4DKY3","Q06481"
"P50453;A0A024QZT4;Q6N0A8",4.88038006238073,26.3485465867167,8.306527468393,2.13407023239695e-09,5.99654509445595e-08,11.5246582067473,"P50453;A0A024QZT4;Q6N0A8","P50453"
"B4DE59;K7EMS3",4.27530967105844,25.1417969536554,8.27029955983102,2.34650219077144e-09,6.53458958305011e-08,11.4338385388886,"B4DE59;K7EMS3","B4DE59"
"P11166;B3KVN0;B4DKW1;Q59GX2;A0A6Q8PFI8;B4DDR6",4.32884766314694,28.4264360218693,8.23437648878548,2.57844488191311e-09,7.11696423600618e-08,11.3436033298113,"P11166;B3KVN0;B4DKW1;Q59GX2;A0A6Q8PFI8;B4DDR6","P11166"
"Q14315;Q59H94;B3KM41",4.43085379043034,25.5531209527231,8.20764259167251,2.76610752146425e-09,7.56797312232193e-08,11.2763346220931,"Q14315;Q59H94;B3KM41","Q14315"
"Q96JB6",4.9145364834133,26.5982465795686,8.16450657795325,3.09872096986031e-09,8.40427017825591e-08,11.1675867465186,"Q96JB6","Q96JB6"
"P31944;B2CIS9;A9UFC0",-4.78581036273455,26.1338026647331,-8.14559407213031,3.2571328016019e-09,8.75775621396236e-08,11.1198268535096,"P31944;B2CIS9;A9UFC0","P31944"
"A8MQ03",-4.65954620733845,25.5532054531844,-8.05892604453792,4.09553856763244e-09,1.0917935720039e-07,10.9003383276658,"A8MQ03","A8MQ03"
"Q8NFJ5;A8K556;A0A3B3ITN8;H0YFN2;F5GWG3",-4.37147884521447,30.9300085246626,-8.02612297297811,4.46753347143228e-09,1.18086753367773e-07,10.8169975611847,"Q8NFJ5;A8K556;A0A3B3ITN8;H0YFN2;F5GWG3","Q8NFJ5"
"P18827;Q53H42;E9PHH3;H7C1K4;B4DRQ9",-4.22688293646559,25.2372346206284,-8.00553520610806,4.71839472323702e-09,1.236695221998e-07,10.7646171892166,"P18827;Q53H42;E9PHH3;H7C1K4;B4DRQ9","P18827"
"P16671;E7EU05;A4D1B1;B3KUB8;D9IX63;D9IX64;D9IX65;B7Z6C3;E9PLT1;E7EX47;A0A0A1ED81;E7ERZ9;E7EWI4;A0A0H3WDK6;A0A0S2Z3J6;E9PC45;E7EVU1;A0A0S2Z452;A0A0G3VR70;E9PJX8;A0A0G3VPD9;A0A0G3VQ57;A0A0H3WDH4;A0A0H3WC42;A0A516AFI0;V5M404;A0A0G3VSQ7;A0A0A1EAI1;Q9BZN2;A0A2D1WBA2;Q9BZN1;Q9BQA7",-5.43008701998445,26.1426592398857,-7.99425435997741,4.86188408615604e-09,1.26368470539339e-07,10.7358916944434,"P16671;E7EU05;A4D1B1;B3KUB8;D9IX63;D9IX64;D9IX65;B7Z6C3;E9PLT1;E7EX47;A0A0A1ED81;E7ERZ9;E7EWI4;A0A0H3WDK6;A0A0S2Z3J6;E9PC45;E7EVU1;A0A0S2Z452;A0A0G3VR70;E9PJX8;A0A0G3VPD9;A0A0G3VQ57;A0A0H3WDH4;A0A0H3WC42;A0A516AFI0;V5M404;A0A0G3VSQ7;A0A0A1EAI1;Q9BZN2;A0A2D1WBA2;Q9BZN1;Q9BQA7","P16671"
"P30838;Q6PKA6;C9JMC5;E9PNN6;I3L3I9;A8MYB8;Q8N9T9;B3KSJ6;C9JKT2;I3L4E5;I3L1H6;I3L3W9;J3QS00;E9PJV0;I3L1M4",-4.54530816820109,25.5259058516865,-7.96307345205335,5.2820371826298e-09,1.36154330352251e-07,10.6564037704878,"P30838;Q6PKA6;C9JMC5;E9PNN6;I3L3I9;A8MYB8;Q8N9T9;B3KSJ6;C9JKT2;I3L4E5;I3L1H6;I3L3W9;J3QS00;E9PJV0;I3L1M4","P30838"
"X5D2K4;A0A649UPT4;A0A583ZB92;A0A8E4NFJ6;A0A4P2SR03",-4.23354059922038,25.1173647595458,-7.93928440792778,5.62729632541166e-09,1.43865059335729e-07,10.5956718989499,"X5D2K4;A0A649UPT4;A0A583ZB92;A0A8E4NFJ6;A0A4P2SR03","X5D2K4"
"A0A142CHG9;P09471;Q8N6I9;B3KP89;H3BTM2;A0A1W2PP87;A0A1W2PRJ7;A0A1W2PS82;A0A1W2PP38;A0A1W2PRE1;A0A1W2PQK2;A0A087WTB6;A0A6Q8PGR1",4.42713010809079,26.3596697335481,7.92494333095604,5.84644127830448e-09,1.48252441845786e-07,10.559023526628,"A0A142CHG9;P09471;Q8N6I9;B3KP89;H3BTM2;A0A1W2PP87;A0A1W2PRJ7;A0A1W2PS82;A0A1W2PP38;A0A1W2PRE1;A0A1W2PQK2;A0A087WTB6;A0A6Q8PGR1","A0A142CHG9"
"P36269;B4DND4;B4DEL3;H7C1X2",4.17026128578754,25.107329539725,7.92170607156311,5.89709920900072e-09,1.48331068007042e-07,10.5507469709799,"P36269;B4DND4;B4DEL3;H7C1X2","P36269"
"P55287;H3BUU9;B4DMA7;Q96CZ9;Q59EQ1",4.46688145731751,25.4952697271822,7.90866321663849,6.1057644424825e-09,1.52351034368823e-07,10.5173867463111,"P55287;H3BUU9;B4DMA7;Q96CZ9;Q59EQ1","P55287"
"Q4LE53;P29323;B4DSE0;B1AKC9;B4DQP7;Q6NVW1;E2I6F7",4.72804477948891,25.7089764421034,7.88045158906957,6.58317965066556e-09,1.62959820082745e-07,10.4451513913238,"Q4LE53;P29323;B4DSE0;B1AKC9;B4DQP7;Q6NVW1;E2I6F7","Q4LE53"
"Q02487;Q63HM4;A0A3B3ISU0;A9X9L0;A9X9K9;A8K2P8;B4DLJ5;Q68DY8;A9X9L1",-4.52255988848587,25.6852854325274,-7.87614842397959,6.65926876890324e-09,1.63545348741805e-07,10.4341239356361,"Q02487;Q63HM4;A0A3B3ISU0;A9X9L0;A9X9K9;A8K2P8;B4DLJ5;Q68DY8;A9X9L1","Q02487"
"P23743;G3V4E1;B4E0C6;F8W1H7;H0YJH4;G3V327;C9JM35;F8W1M3;F8VNZ9;G3V4I3;H0YJE7;O75484;F8VWX8;G3V312",-4.45139566342241,25.1387555581357,-7.83634526641536,7.4069080452869e-09,1.80485517134765e-07,10.3320068002809,"P23743;G3V4E1;B4E0C6;F8W1H7;H0YJH4;G3V327;C9JM35;F8W1M3;F8VNZ9;G3V4I3;H0YJE7;O75484;F8VWX8;G3V312","P23743"
"Q9BS40;H7C5A4",-5.32304426193853,27.9948255444962,-7.82468666731716,7.64166722599026e-09,1.83410998784337e-07,10.3020564909345,"Q9BS40;H7C5A4","Q9BS40"
"Q9ULV0;A0A8V8TM52;Q7Z7A5;B3KSA2;B4E147;A0A8I5KRA4;Q59FF5;Q14782;A0A8I5KRL5;H0YM93;B4DVH2;A0A8I5QJF6",-4.21488492142117,25.4640972645808,-7.82454454978878,7.64457513368507e-09,1.83410998784337e-07,10.3016912884416,"Q9ULV0;A0A8V8TM52;Q7Z7A5;B3KSA2;B4E147;A0A8I5KRA4;Q59FF5;Q14782;A0A8I5KRL5;H0YM93;B4DVH2;A0A8I5QJF6","Q9ULV0"
"Q6ICS0;Q59EP1",4.05648532834602,25.0888437785597,7.81547970007106,7.83239783342512e-09,1.86482815591244e-07,10.2783916662287,"Q6ICS0;Q59EP1","Q6ICS0"
"Q9BXJ4;E9PGA6;Q59G48;A0A3B0J698;B3KXI7",4.26169565682018,24.9744763582133,7.75376159361204,9.24230932799378e-09,2.18384566621308e-07,10.119470124497,"Q9BXJ4;E9PGA6;Q59G48;A0A3B0J698;B3KXI7","Q9BXJ4"
"Q9Y2J8;B4DIU3;Q6ZWF8",-4.20753508257238,25.1860827069889,-7.73537001743014,9.71047509231747e-09,2.27721592578483e-07,10.0720166297604,"Q9Y2J8;B4DIU3;Q6ZWF8","Q9Y2J8"
"O00622;B4DI61;Q6FI18;Q53FA4;Q9UID7",5.05294903898214,26.8941940582052,7.70830336638185,1.04437113262502e-08,2.43089071840107e-07,10.0021002541741,"O00622;B4DI61;Q6FI18;Q53FA4;Q9UID7","O00622"
"P43121;B2R642;B3KXZ9",4.14720468646942,25.6783120951801,7.69327029469302,1.08750232459218e-08,2.51253314844668e-07,9.96322720576548,"P43121;B2R642;B3KXZ9","P43121"
"Q9UQC9;B4DKU6",-3.94342137706382,24.6979284670429,-7.68590795479156,1.10928171535364e-08,2.54400711043235e-07,9.94417879775534,"Q9UQC9;B4DKU6","Q9UQC9"
"O43150;Q53RS3;A0A286YFG8;Q53RT9;Q8N282",4.24221899017079,25.6663179759356,7.66570543212866,1.17135067454831e-08,2.66674653570524e-07,9.89187354586683,"O43150;Q53RS3;A0A286YFG8;Q53RT9;Q8N282","O43150"
"Q6ZN28",-4.62428957177367,25.7070620489567,-7.65917894782267,1.1921476278419e-08,2.69442641394121e-07,9.87496500653892,"Q6ZN28","Q6ZN28"
"Q01469;E7DVW5;I6L8B7;A8MUU1",-3.97968588535628,29.0511475630802,-7.64487760813471,1.23904154440246e-08,2.78026660215199e-07,9.83789466824775,"Q01469;E7DVW5;I6L8B7;A8MUU1","Q01469"
"P20908;Q59EE7;B2ZZ86;Q96HC0;H7BY82;P12107;Q59HB5",5.27235704620434,27.202631325931,7.63871730801849,1.25981471329422e-08,2.80668720768905e-07,9.82191858408006,"P20908;Q59EE7;B2ZZ86;Q96HC0;H7BY82;P12107;Q59HB5","P20908"
"P32320;Q71UE9",4.0746340295547,25.3782901372099,7.60559847015078,1.37771788275204e-08,3.04759012503803e-07,9.73594568226385,"P32320;Q71UE9","P32320"
"A8K2U0;H0YGG5;Q6ZWK7;H0YH14",-4.31936914609964,25.3964414227755,-7.58924429276853,1.44001487724221e-08,3.162962255013e-07,9.69344075144159,"A8K2U0;H0YGG5;Q6ZWK7;H0YH14","A8K2U0"
"Q16625;A0A0G2JMZ8;A8K3T2;A0A7P0T9T6;A0A0G2JPF2;A0A7P0TB95",-4.00085501518753,25.3250570616983,-7.54445712706301,1.62568159825389e-08,3.54580482863908e-07,9.57686529182007,"Q16625;A0A0G2JMZ8;A8K3T2;A0A7P0T9T6;A0A0G2JPF2;A0A7P0TB95","Q16625"
"P07476;B4DU44;B4DWR5",-4.35980638228827,25.1895904521188,-7.51045398772741,1.78274791848256e-08,3.84826066178829e-07,9.48819165880308,"P07476;B4DU44;B4DWR5","P07476"
"O15247;A6PVS0;Q86YM0",-4.29747773537347,25.7892230798777,-7.50915851332168,1.78902788060052e-08,3.84826066178829e-07,9.48481046511335,"O15247;A6PVS0;Q86YM0","O15247"
"P12109;A0A384P5H7;Q8TBN2;A0A087X0S5;A0A804HJ28;B4DRR8;B4DQV1",3.81699460964921,27.3635951652515,7.50017898550059,1.83317929393781e-08,3.91622343684386e-07,9.4613681345555,"P12109;A0A384P5H7;Q8TBN2;A0A087X0S5;A0A804HJ28;B4DRR8;B4DQV1","P12109"
"Q9GZM7;F6SDV2;B4DVG5;B4DK04;B4DNS5",4.35025121120421,28.7949637367149,7.48536151279143,1.90846927458688e-08,4.04933038601121e-07,9.42266318088944,"Q9GZM7;F6SDV2;B4DVG5;B4DK04;B4DNS5","Q9GZM7"
"P25942;A0A0S2Z3C7;A0A0S2Z349;A0A8Q3WKP3;A0A8Q3SI60;Q09LL4;Q6P2H9;A0A087X1D0;H0YE23",4.05163229302237,25.3666877524746,7.47739035818153,1.95026358664906e-08,4.11004873429622e-07,9.40183037670431,"P25942;A0A0S2Z3C7;A0A0S2Z349;A0A8Q3WKP3;A0A8Q3SI60;Q09LL4;Q6P2H9;A0A087X1D0;H0YE23","P25942"
"Q9H6S3;A0A3B3ISQ4;B4DFD2;E9PLH1;E9PNT0;H0YD62;H0YF37;E9PN68;E9PLN2;E9PNY4;E9PM34",-4.07034759773494,28.633998267564,-7.46905005128831,1.99498917936536e-08,4.176088087544e-07,9.38002439577912,"Q9H6S3;A0A3B3ISQ4;B4DFD2;E9PLH1;E9PNT0;H0YD62;H0YF37;E9PN68;E9PLN2;E9PNY4;E9PM34","Q9H6S3"
"Q9NQ84;A8MXZ4;A0A0C4DFY5;J9JIE0",-5.63456403261765,25.7819783984113,-7.45494348736749,2.07302128100207e-08,4.31050225029697e-07,9.34312288274106,"Q9NQ84;A8MXZ4;A0A0C4DFY5;J9JIE0","Q9NQ84"
"P15313;B4DWH7;C9JL73;Q71UA2;C9JNS9;C9JZ02;V5NR16",-4.09120253453894,26.2853945029469,-7.44712292306437,2.11760996100986e-08,4.37405660158261e-07,9.32265445733493,"P15313;B4DWH7;C9JL73;Q71UA2;C9JNS9;C9JZ02;V5NR16","P15313"
"A8K430;P05062;A0A3B3IS80;Q8NHT3;A0A3B3ITZ0",4.11389017875171,25.2217918876166,7.38031069809447,2.54054367254056e-08,5.2131287596408e-07,9.14748564793076,"A8K430;P05062;A0A3B3IS80;Q8NHT3;A0A3B3ITZ0","A8K430"
"P14209;B2R932;A8MQT7",-4.06275648998105,25.0677270136036,-7.34689718980443,2.78328617793493e-08,5.67390169214317e-07,9.05967935468696,"P14209;B2R932;A8MQT7","P14209"
"Q96AP7;F8WDW9;C9JIE7",3.69924441321978,25.2516357058341,7.31372729897032,3.04757040950323e-08,6.17231955015621e-07,8.97238114032171,"Q96AP7;F8WDW9;C9JIE7","Q96AP7"
"Q6FI13;A3KPC7;A0A0U1RRH7;A0A0U1RR32;B2R5B3;P0C0S8;A4FTV9;P20671;Q96KK5;Q16777;Q9BTM1;Q99878;B2R5B6;B4E0B3;H0YFX9;A0A3B3IS11;REV__Q6N028;REV__H0Y672;REV__E7EQ67;V9GZN0",4.44700067810138,30.3418748851228,7.31129812931041,3.06789833017008e-08,6.17340315600031e-07,8.96598278418449,"Q6FI13;A3KPC7;A0A0U1RRH7;A0A0U1RR32;B2R5B3;P0C0S8;A4FTV9;P20671;Q96KK5;Q16777;Q9BTM1;Q99878;B2R5B6;B4E0B3;H0YFX9;A0A3B3IS11;REV__Q6N028;REV__H0Y672;REV__E7EQ67;V9GZN0","Q6FI13"
"Q86UK0;B3KVV3",-4.07650097019991,24.9418295153499,-7.27862408402865,3.35508568112008e-08,6.70802066629072e-07,8.8798525623153,"Q86UK0;B3KVV3","Q86UK0"
"P09496;F8WF69;C9J8P9",3.8674240078866,27.0867366009228,7.27240828031336,3.41273458112412e-08,6.77982112008033e-07,8.86345318816255,"P09496;F8WF69;C9J8P9","P09496"
"Q59FZ8;B7ZB56;Q8N8M3;B4DH47;O76041;B0YJ47;A0A6Q8PF21;B7Z6B9;B7Z6N8;B7Z6P9;B3KUC9;Q6P516;H0Y3P5;A0A8I5KS37;Q9Y5Z1;Q14215;H7BZD5;A0A8I5QJN4;H0Y786;Q96MF8",-4.22396178262425,25.0117756913478,-7.26931062518266,3.44183822980361e-08,6.79436293592245e-07,8.85527884195669,"Q59FZ8;B7ZB56;Q8N8M3;B4DH47;O76041;B0YJ47;A0A6Q8PF21;B7Z6B9;B7Z6N8;B7Z6P9;B3KUC9;Q6P516;H0Y3P5;A0A8I5KS37;Q9Y5Z1;Q14215;H7BZD5;A0A8I5QJN4;H0Y786;Q96MF8","Q59FZ8"
"A0A345F7A5",-4.00301108655944,24.8184444848202,-7.24260897042738,3.70338874790589e-08,7.26469780170972e-07,8.7847697726119,"A0A345F7A5","A0A345F7A5"
"Q07157;A9CQZ8;A0A087X0K9;G3V1L9;A0A0G2JNH2;A0A7I2V5U5;G5E9E7;Q6MZU1;Q68DX9;B4DZK4;H0Y3R8;H0YKB1;Q9H317",-3.7586331312435,25.6247251141629,-7.23884188175451,3.74187818347062e-08,7.29432378390304e-07,8.7748156072796,"Q07157;A9CQZ8;A0A087X0K9;G3V1L9;A0A0G2JNH2;A0A7I2V5U5;G5E9E7;Q6MZU1;Q68DX9;B4DZK4;H0Y3R8;H0YKB1;Q9H317","Q07157"
"O75351;A8K4G7;A8K5D8;K7EKZ3;Q6PJZ4;K7EL71;Q6PIW4;B3KNH6",-4.55464794408816,27.2015767155841,-7.22759388263631,3.85923457746369e-08,7.47636810379456e-07,8.74508405015599,"O75351;A8K4G7;A8K5D8;K7EKZ3;Q6PJZ4;K7EL71;Q6PIW4;B3KNH6","O75351"
"O95471;K7EP40;F5H496;I3L3X1;A0A384ME58;I3L3M4;K7EL87",-3.80904327971897,28.0355273774139,-7.22163162212641,3.92294928754453e-08,7.55288816534036e-07,8.72931820391396,"O95471;K7EP40;F5H496;I3L3X1;A0A384ME58;I3L3M4;K7EL87","O95471"
"P06702;B2R4M6",-4.07099132924974,30.5087893297535,-7.21094051897524,4.0398827545538e-08,7.73030325856031e-07,8.70103770688321,"P06702;B2R4M6","P06702"
"P19823;Q5T985;A2RTY6;B4DM79;Q5T987",-4.34111267291399,26.0991692841455,-7.16923533303379,4.53085857025387e-08,8.61691943940355e-07,8.59059192736995,"P19823;Q5T985;A2RTY6;B4DM79;Q5T987","P19823"
"P27105;B4E2V5;B4DZK8;F8VSL7;B4E310",-3.80598309455215,29.9607948429619,-7.16670892409962,4.56247610821147e-08,8.62446241303733e-07,8.58389496988111,"P27105;B4E2V5;B4DZK8;F8VSL7;B4E310","P27105"
"Q96H20;D6RJ86;D6RFY6",-3.86877087677223,24.8961407670635,-7.13393311385343,4.9935341372895e-08,9.38242950253371e-07,8.4969477667203,"Q96H20;D6RJ86;D6RFY6","Q96H20"
"P10915;D6RBS1;D6RC59;D6RAK7;D6RBX9;D6RFI7;D6RG04",3.81018863142549,24.8602109124622,7.10808962767073,5.36238207053812e-08,1.00151315437176e-06,8.42830504833015,"P10915;D6RBS1;D6RC59;D6RAK7;D6RBX9;D6RFI7;D6RG04","P10915"
"P02792;A0A384MDR3;Q6S4P3;B1Q3B3;B1Q3B4;B1Q387;Q4FCH6",4.02013414190445,25.3589927814457,7.09059512254779,5.62763943123627e-08,1.04175883317575e-06,8.38179555909517,"P02792;A0A384MDR3;Q6S4P3;B1Q3B3;B1Q3B4;B1Q387;Q4FCH6","P02792"
"P05109",-4.22935730252304,31.2165503417453,-7.08950066376098,5.64466953532229e-08,1.04175883317575e-06,8.37888478504085,"P05109","P05109"
"Q96S97;B4DG42;C9JZL8;A0A499FIY8;C9JC07;A0A494C017;C9JJV6",3.6538763890738,28.6374223570389,7.08077471184887,5.7823303561328e-08,1.06088755181048e-06,8.35567286941981,"Q96S97;B4DG42;C9JZL8;A0A499FIY8;C9JC07;A0A494C017;C9JJV6","Q96S97"
"P05067;A0A218KGR2;A0A140VJC8;E9PG40;B4DGD0;B4DJT9;A0A0A0MRG2;H7C0V9;B4DQM1;B4DM00;B4DMD5;B7Z313;H7C2L2",3.89771722083527,26.4877829106735,7.07466094268387,5.88080456874508e-08,1.07264499707111e-06,8.33940459253214,"P05067;A0A218KGR2;A0A140VJC8;E9PG40;B4DGD0;B4DJT9;A0A0A0MRG2;H7C0V9;B4DQM1;B4DM00;B4DMD5;B7Z313;H7C2L2","P05067"
"Q7Z304;B4E320;A0A0G2JQ91;B4E1Y9",3.94090088081197,25.201837042891,7.06703746171311,6.00598113199677e-08,1.08910785759872e-06,8.3191132927638,"Q7Z304;B4E320;A0A0G2JQ91;B4E1Y9","Q7Z304"
"Q93077;Q7L7L0;P04908;Q08AJ9",4.00731345285644,25.4333675388877,7.06093667257302,6.10809858023016e-08,1.09951099349611e-06,8.30287029566384,"Q93077;Q7L7L0;P04908;Q08AJ9","Q93077"
"P08582;A0A8Q3WLY9;Q53XS6;C9JVN1",3.68431757872994,28.6444633356584,7.05941428238389,6.13385421187315e-08,1.09951099349611e-06,8.29881638051181,"P08582;A0A8Q3WLY9;Q53XS6;C9JVN1","P08582"
"Q9UK22;A0A286YF37;R4GNH2",-3.78038630246941,24.6744831605404,-7.04027903051286,6.46712865098218e-08,1.15262710070934e-06,8.2478401228039,"Q9UK22;A0A286YF37;R4GNH2","Q9UK22"
"O14939;Q86YQ7;B7Z905;I3L1F3;Q59FT5;I3L222;I3L381;I3L4R5;I3L3I7",-4.07114207337044,24.2708305905938,-7.03816218407712,6.50510739311724e-08,1.15280852040527e-06,8.24219838412241,"O14939;Q86YQ7;B7Z905;I3L1F3;Q59FT5;I3L222;I3L381;I3L4R5;I3L3I7","O14939"
"Q99715;D6RGG3;B9EJB8;H0Y4P7;H0Y5N9;H0Y991",3.99627052040347,25.2904001728267,7.01027230060716,7.02711988764563e-08,1.23828174743315e-06,8.16782171450303,"Q99715;D6RGG3;B9EJB8;H0Y4P7;H0Y5N9;H0Y991","Q99715"
"Q96NE9;B3KX30;B2RE19;Q5HYC4;H0YJC1;H0YJ19;G3V2L4",3.73134528670265,24.9821627077011,6.98381059959684,7.56163379625843e-08,1.32498515789495e-06,8.09717584353934,"Q96NE9;B3KX30;B2RE19;Q5HYC4;H0YJC1;H0YJ19;G3V2L4","Q96NE9"
"A0A804HK76;A0A804HJC2;H7C5L4;A0A0C4DGA1",3.62407499208618,25.4899728500209,6.96953177201515,7.86698911862716e-08,1.37078989167587e-06,8.05902383819519,"A0A804HK76;A0A804HJC2;H7C5L4;A0A0C4DGA1","A0A804HK76"
"Q9Y5J5",-3.73030420165961,25.454283812464,-6.95492484585671,8.19229891095768e-08,1.41954335018206e-06,8.01997266733055,"Q9Y5J5","Q9Y5J5"
"Q5T601;A0PJH0;A0A0C4DH10;Q8TDT4;H7C570;H7C4N3",-4.2141335647591,24.712244162307,-6.92633363627981,8.86905074844617e-08,1.52831874499467e-06,7.94346951838077,"Q5T601;A0PJH0;A0A0C4DH10;Q8TDT4;H7C570;H7C4N3","Q5T601"
"P98088;T1S9D5;O75372;T1R7N1;T1R7M6;T1R7A8;T1R7Q9;T1R7N3;Q14887;Q14889",4.39352642557257,25.6476106985765,6.90708677487758,9.35626111431797e-08,1.60341639645922e-06,7.89192119226559,"P98088;T1S9D5;O75372;T1R7N1;T1R7M6;T1R7A8;T1R7Q9;T1R7N3;Q14887;Q14889","P98088"
"Q96FQ6",-3.67442643614527,30.9724817087003,-6.84266172543481,1.11933354053786e-07,1.90410424518086e-06,7.7190942249103,"Q96FQ6","Q96FQ6"
"Q9BW04",-4.93969372448418,26.6249294921467,-6.84139412440403,1.12329330270368e-07,1.90410424518086e-06,7.71568948844587,"Q9BW04","Q9BW04"
"A0A2R8YDI5;O94823;Q2YDW8;B4DHG1",-3.76611324762033,24.9618353412504,-6.78925221438913,1.29908366255649e-07,2.19018483433172e-06,7.57549771167187,"A0A2R8YDI5;O94823;Q2YDW8;B4DHG1","A0A2R8YDI5"
"O14828;Q6FHJ5",3.60168505020425,25.0259261961145,6.78073115331876,1.3303529075278e-07,2.23084447235441e-06,7.55256169118417,"O14828;Q6FHJ5","O14828"
"Q13444;Q59GF2;B7Z390",-3.95870609545262,24.6037411012601,-6.7653763706105,1.38863587987715e-07,2.31612583386997e-06,7.51121334580455,"Q13444;Q59GF2;B7Z390","Q13444"
"O76070;Q6FHG5;A9XXE1;F8W754;Q16143;G4Y815;G4Y816",-3.74517944473143,24.8650733181243,-6.76342928845658,1.39620888288883e-07,2.31636994985653e-06,7.5059684618544,"O76070;Q6FHG5;A9XXE1;F8W754;Q16143;G4Y815;G4Y816","O76070"
"Q15172",-3.75249292574867,24.2717962743872,-6.75643853083851,1.4237449332714e-07,2.34955579199657e-06,7.48713429473529,"Q15172","Q15172"
"P05187;B2R7C7;P10696;P09923;B4DNF3",-4.17246884853759,25.2320170563404,-6.7389316379836,1.49513977440717e-07,2.44452623269935e-06,7.43994713683728,"P05187;B2R7C7;P10696;P09923;B4DNF3","P05187"
"P08670;V9HWE1;B0YJC4;Q53HU8;B3KRK8;B0YJC5;A0A1B0GTT5;B3KWQ6;P41219;H7C5W5;A0A1B0GVG8;A0A1X7SBR3;A0A1W2PR46;P14136;B4DJW0;B4E192;A0A7R6M6U0;E7EMV2;A5YM63;E7ESP9;B3KXJ0;Q5RLN2;B4DJT7;P07197;Q59EM6;A0A1W2PRT3;F8W835;B4DE66;B3KQI5;B4DR43;Q16352;P07196;Q8TCR7",3.52227024110501,29.3805529010418,6.73849437709665,1.49696861316311e-07,2.44452623269935e-06,7.43876818562763,"P08670;V9HWE1;B0YJC4;Q53HU8;B3KRK8;B0YJC5;A0A1B0GTT5;B3KWQ6;P41219;H7C5W5;A0A1B0GVG8;A0A1X7SBR3;A0A1W2PR46;P14136;B4DJW0;B4E192;A0A7R6M6U0;E7EMV2;A5YM63;E7ESP9;B3KXJ0;Q5RLN2;B4DJT7;P07197;Q59EM6;A0A1W2PRT3;F8W835;B4DE66;B3KQI5;B4DR43;Q16352;P07196;Q8TCR7","P08670"
"O75674;J3KQU4;I3L4I4;B4E1N0;B4E1M9;I3L367;I3NI44;I3L4G0;I3L3T4;I3L1G1;B4DUW5;I3L1Q1;I3L4N3;I3L3M3;I3L0N2",-3.53396281694463,26.2821586565294,-6.73471079773512,1.5128882316114e-07,2.4576554137479e-06,7.42856605294529,"O75674;J3KQU4;I3L4I4;B4E1N0;B4E1M9;I3L367;I3NI44;I3L4G0;I3L3T4;I3L1G1;B4DUW5;I3L1Q1;I3L4N3;I3L3M3;I3L0N2","O75674"
"O14745;B2R6A3;J3QRP6;B3KSV9;J3QRA3",-3.64954521906483,28.9914470475764,-6.72562696716908,1.55181196404464e-07,2.49818960889961e-06,7.40406655010935,"O14745;B2R6A3;J3QRP6;B3KSV9;J3QRA3","O14745"
"P42685;B2R8C2;Q9H3Y6;H2E272;B4E058;H7C074",-3.85500024285189,26.6158038326235,-6.72515552259868,1.55385951948228e-07,2.49818960889961e-06,7.40279482552854,"P42685;B2R8C2;Q9H3Y6;H2E272;B4E058;H7C074","P42685"
"A0A140VJJ9;P19440;E7ET76;A6NGU5;P36268;Q6NZY2;E7ETR7;B5MC34;A2VCM7;Q6ISU8;A0A494C1J8;B5MC36;Q14390;B5MD39;E7ESL5;Q9UEN8;A0A494C0N1;A0A494C1E1;E7EM62;E7ENJ5;E7EVF8;E7ETU4;Q9BX51;E7ETJ6",3.45606261224628,25.6427208577605,6.72094749112499,1.57225716892454e-07,2.51480518455161e-06,7.39144268782082,"A0A140VJJ9;P19440;E7ET76;A6NGU5;P36268;Q6NZY2;E7ETR7;B5MC34;A2VCM7;Q6ISU8;A0A494C1J8;B5MC36;Q14390;B5MD39;E7ESL5;Q9UEN8;A0A494C0N1;A0A494C1E1;E7EM62;E7ENJ5;E7EVF8;E7ETU4;Q9BX51;E7ETJ6","A0A140VJJ9"
"P23469;A8K2Z9;B4DUE5;S4R2Y5;Q8TE48;Q69YS2;S4R448;Q5VWH6;B4DRZ3;Q5VWH5;Q96P81",3.56468415341333,25.3243584590481,6.71531349362296,1.59723479050503e-07,2.54172209774754e-06,7.37624101383084,"P23469;A8K2Z9;B4DUE5;S4R2Y5;Q8TE48;Q69YS2;S4R448;Q5VWH6;B4DRZ3;Q5VWH5;Q96P81","P23469"
"A0A3S6HTB9;A0A3Q8B178;Q8WXI7;A0AA34QW05;A0AAA9YHI4;A0AA34QVW0;M0R2S7;B3KY80;M0QZZ9;M0R2Y5",-3.63333483151015,24.7123451347974,-6.68694380789964,1.72924499030796e-07,2.73782493643174e-06,7.29964777088701,"A0A3S6HTB9;A0A3Q8B178;Q8WXI7;A0AA34QW05;A0AAA9YHI4;A0AA34QVW0;M0R2S7;B3KY80;M0QZZ9;M0R2Y5","A0A3S6HTB9"
"O95049;Q2VPE5;Q96KB4;K7ESC0",-3.9963118024318,24.8732087203692,-6.66669279000961,1.83018200687577e-07,2.88299882800279e-06,7.24492694769709,"O95049;Q2VPE5;Q96KB4;K7ESC0","O95049"
"P00738;A0A0C4DGL8;J3QR68;H0Y300;Q6NSB4;P00739;Q6PEJ8;B3KP77;J3QLC9;Q14552;J3KTC3;H3BS21",-3.51007830604539,24.5575097384106,-6.65819731900988,1.87428150668346e-07,2.93763016047523e-06,7.2219596635706,"P00738;A0A0C4DGL8;J3QR68;H0Y300;Q6NSB4;P00739;Q6PEJ8;B3KP77;J3QLC9;Q14552;J3KTC3;H3BS21","P00738"
"Q9H4G4;Q5VZR0;A0A087WUM5;B4DQC5",3.70800991507388,25.0121614974453,6.63520444634263,1.99910427628897e-07,3.11760311887264e-06,7.15976541204382,"Q9H4G4;Q5VZR0;A0A087WUM5;B4DQC5","Q9H4G4"
"P80188;X6R8F3;B2ZDQ1",-3.90698613844667,25.3429863067923,-6.62469443860439,2.05892871199804e-07,3.19492470284671e-06,7.13132028181775,"P80188;X6R8F3;B2ZDQ1","P80188"
"A0A678ZLB0",-3.54996647248372,24.4157257335895,-6.6005751627205,2.20315643832082e-07,3.40180442134784e-06,7.06600382910384,"A0A678ZLB0","A0A678ZLB0"
"Q16719;A8K7T0;Q53F63;A8K4D5;Q53SX6;Q53SY0;B8ZZA3;A0A087X297;A0A087WYM2;F8WEP1;A0A087WYQ7",-3.82944135754152,25.2477203934138,-6.57430922777093,2.37187349253089e-07,3.64427262226791e-06,6.99481438943566,"Q16719;A8K7T0;Q53F63;A8K4D5;Q53SX6;Q53SY0;B8ZZA3;A0A087X297;A0A087WYM2;F8WEP1;A0A087WYQ7","Q16719"
"P02751;H0Y7Z1;A6YID2;A6YID6;A6YID4;A6YID5;A6YID3;O95617;A6YID7",3.53842274994988,29.6216842632296,6.55480374753976,2.50556848099308e-07,3.83081769226345e-06,6.94190828470092,"P02751;H0Y7Z1;A6YID2;A6YID6;A6YID4;A6YID5;A6YID3;O95617;A6YID7","P02751"
"Q9UQN3;B2RE76;A0A087WW88;C9J0A7",-3.97827494796961,26.9370048310449,-6.55188401311035,2.52622645171581e-07,3.84356112336664e-06,6.93398599280663,"Q9UQN3;B2RE76;A0A087WW88;C9J0A7","Q9UQN3"
"P03956;B4DN15;Q5TZP0;Q53G96;Q53FK3;Q53G75;B4DW26;Q53G95;Q96DZ4;A5GZ69",4.21901189088316,25.6217815489061,6.53887194324472,2.62040449938406e-07,3.96749593863052e-06,6.89867047663612,"P03956;B4DN15;Q5TZP0;Q53G96;Q53FK3;Q53G75;B4DW26;Q53G95;Q96DZ4;A5GZ69","P03956"
"P26006;B4E0H8;A0A140VJM0;Q59F03;D6R9X8;B4DDT0;K7EMU3;H0YA49;H0YA32",3.55554486897546,31.1473160215557,6.49905915416465,2.93118885124632e-07,4.41660774253009e-06,6.79052514799015,"P26006;B4E0H8;A0A140VJM0;Q59F03;D6R9X8;B4DDT0;K7EMU3;H0YA49;H0YA32","P26006"
"A0A678ZLK8;B4DJI3;Q29926;Q9UM27",-3.97567894051774,24.7014913948961,-6.4867022555675,3.03503110063298e-07,4.53615964498716e-06,6.75693197724866,"A0A678ZLK8;B4DJI3;Q29926;Q9UM27","A0A678ZLK8"
"O00468",3.42626529297742,29.9327406768345,6.48616613578246,3.03961964027674e-07,4.53615964498716e-06,6.75547420256518,"O00468","O00468"
"O95816;B3KM36;B3KN59",3.3210349116724,24.7406194814229,6.44728092947621,3.3918272225785e-07,5.0325550701303e-06,6.64967653474018,"O95816;B3KM36;B3KN59","O95816"
"P00750;B8ZX62;B4DRD3;A0A7I2YQ93;B4DV92;E7ESF4;B4DNJ1;B4DN26;A0A7I2V6D6;A0A7I2V268;E5RHG4;E5RGA1;H0YBH9;Q5HYM8;Q8NG20;Q6LBF5",3.73342507694119,25.7287362984666,6.44595714795563,3.40451785763865e-07,5.0325550701303e-06,6.64607262565618,"P00750;B8ZX62;B4DRD3;A0A7I2YQ93;B4DV92;E7ESF4;B4DNJ1;B4DN26;A0A7I2V6D6;A0A7I2V268;E5RHG4;E5RGA1;H0YBH9;Q5HYM8;Q8NG20;Q6LBF5","P00750"
"Q6UX06;B4DV64",-3.34196450635401,24.9080783100623,-6.43896312882325,3.47236760604598e-07,5.10863894493275e-06,6.62702947857616,"Q6UX06;B4DV64","Q6UX06"
"P62805;B2R4R0;Q0VAS5;Q6B823",3.55592798697397,30.7951160050684,6.41293225751713,3.7371231974173e-07,5.47234143321341e-06,6.55611828034464,"P62805;B2R4R0;Q0VAS5;Q6B823","P62805"
"Q9H788;H0YAT1",-3.77763261833541,24.6670609423853,-6.40123247633994,3.86267347465593e-07,5.62975633993077e-06,6.52422890989778,"Q9H788;H0YAT1","Q9H788"
"Q71UI9;P0C0S5;C9J0D1;A0A494C189;C9J386",3.57512431924795,25.5313936992802,6.36845001102304,4.23762682329654e-07,6.14751537761019e-06,6.4348180416056,"Q71UI9;P0C0S5;C9J0D1;A0A494C189;C9J386","Q71UI9"
"O60218",-3.47046463195292,25.241191584269,-6.33491251495642,4.6593063323622e-07,6.72795206048042e-06,6.34326152457639,"O60218","O60218"
"A0A1C3PH90;A0A1L2BM19",4.60618629835309,25.9508835665187,6.33311965656775,4.6830059957601e-07,6.73101184367546e-06,6.33836464864856,"A0A1C3PH90;A0A1L2BM19","A0A1C3PH90"
"P05556;H7C4K3;A0A7I2V2F9;E7EUI6;A0A7I2V348;C9JPK5;A0A7I2V5Z8;A0A7I2V5T3;E7EQW5;H7C4N8;Q5T3E6;E9PLR6;Q5T3E5;E9PQJ2;C9JNE0",3.32073568701624,31.3351558290412,6.32296602585545,4.81954070287851e-07,6.89548048269636e-06,6.3106272247066,"P05556;H7C4K3;A0A7I2V2F9;E7EUI6;A0A7I2V348;C9JPK5;A0A7I2V5Z8;A0A7I2V5T3;E7EQW5;H7C4N8;Q5T3E6;E9PLR6;Q5T3E5;E9PQJ2;C9JNE0","P05556"
"Q8WU03",-3.45485512725674,24.8046721034859,-6.31804389386553,4.88716710525947e-07,6.96030785447684e-06,6.29717828609862,"Q8WU03","Q8WU03"
"P57735",-3.41501344725424,24.8695721146778,-6.31238473074654,4.96610433889559e-07,7.04058156046152e-06,6.28171329146077,"P57735","P57735"
"Q96FZ5;F8WDZ3;Q8NDQ0",3.39501412705089,25.3599904449635,6.30442139058315,5.07936605598589e-07,7.16857137041628e-06,6.25994755983774,"Q96FZ5;F8WDZ3;Q8NDQ0","Q96FZ5"
"Q9GZP8",4.137475639863,26.1668599641934,6.29127426143242,5.27209081026515e-07,7.38426375065526e-06,6.22400304270453,"Q9GZP8","Q9GZP8"
"P55085",3.37231856019676,25.2172004682571,6.2907753940056,5.27954734336686e-07,7.38426375065526e-06,6.22263887942684,"P55085","P55085"
"Q92738;X6RAB3",-3.54966101613117,24.9151837868039,-6.27123545650094,5.58013636818798e-07,7.76984166624032e-06,6.16919229068342,"Q92738;X6RAB3","Q92738"
"Q4VNC1;B7WPN9;H0Y4Z2;B3KU47;H7C1P5;F8W9W3",-3.29462696330874,25.0989149806453,-6.26926249136703,5.61143117070095e-07,7.77869058729611e-06,6.16379420782964,"Q4VNC1;B7WPN9;H0Y4Z2;B3KU47;H7C1P5;F8W9W3","Q4VNC1"
"P06493;Q5H9N4;A0A024QZP7;I6L9I5;E5RIU6;B7Z3D6;Q9NYV4;A0A2R8YF61;H0YLT2;J3QSD7;A0A2R8Y7W5;B3KX76;A0A2R8YD28;B5BU53;B2R9L6;B4DK59;E7EUK8;Q9BVE2;A0A2R8Y4Z0;G3V317;Q8IWB3;Q14004;F8VYH9;Q9BWF9;A0A2R8YEB7;F8VZZ0;F8VXD2;F8VTV8;F8VWX7;F8VZ51;A0A2R8Y644;Q96Q40;P11802;O94921;P50750;Q6LC83",3.81827951626395,26.0235843582304,6.26028762352631,5.75603897283254e-07,7.9438431664888e-06,6.1392352240026,"P06493;Q5H9N4;A0A024QZP7;I6L9I5;E5RIU6;B7Z3D6;Q9NYV4;A0A2R8YF61;H0YLT2;J3QSD7;A0A2R8Y7W5;B3KX76;A0A2R8YD28;B5BU53;B2R9L6;B4DK59;E7EUK8;Q9BVE2;A0A2R8Y4Z0;G3V317;Q8IWB3;Q14004;F8VYH9;Q9BWF9;A0A2R8YEB7;F8VZZ0;F8VXD2;F8VTV8;F8VWX7;F8VZ51;A0A2R8Y644;Q96Q40;P11802;O94921;P50750;Q6LC83","P06493"
"Q6ZVM7;F5H3S6;B7Z2U2;B7Z8F0;B7Z671;K7ENB0",-3.67953865501239,25.660947545608,-6.25307961663813,5.87489648808823e-07,8.07215953583576e-06,6.11950695592127,"Q6ZVM7;F5H3S6;B7Z2U2;B7Z8F0;B7Z671;K7ENB0","Q6ZVM7"
"P05121;B7ZAB0;B7Z4X6;B7Z1D9;A0A5B9RUH0",3.40999301673345,26.1530551150586,6.24846784493483,5.95223886513574e-07,8.14255834226244e-06,6.10688263765234,"P05121;B7ZAB0;B7Z4X6;B7Z1D9;A0A5B9RUH0","P05121"
"Q9NQW6;A8K5D9;B4DSL6;C9JJT6;H7C3S1;H7C1C2;H7C1K5",3.45474158629448,24.9533044632601,6.23956691386615,6.10442997704157e-07,8.31428694252955e-06,6.08251289355789,"Q9NQW6;A8K5D9;B4DSL6;C9JJT6;H7C3S1;H7C1C2;H7C1K5","Q9NQW6"
"Q6PCB8;D6RDX7",-3.1938672244331,24.4466030460412,-6.22975012310659,6.27683782051346e-07,8.51193789660064e-06,6.05562921117702,"Q6PCB8;D6RDX7","Q6PCB8"
"P48960;B4DTS6;B3KUI0;B4E336;K7EPE8;K7EKV5;K7EPP8;Q7Z618",3.33856024868301,28.5737348928677,6.2218968406776,6.41829186599937e-07,8.66608325976279e-06,6.0341178685655,"P48960;B4DTS6;B3KUI0;B4E336;K7EPE8;K7EKV5;K7EPP8;Q7Z618","P48960"
"Q13151",-3.52161945765718,24.2734191161388,-6.21747032917091,6.49943509708325e-07,8.73781813267355e-06,6.0219911054112,"Q13151","Q13151"
"P48729;V9HW00;U3KPX3;A0A590UJ43;A0A5F9W493;B4E1D9;Q05DL3;D6REM4;Q6PJ06;B4DER9;A0A590UK94;H0Y9X2;U3KQK7;E7ETM0;B4DFH4;Q8N752;E5RG27;D6RGE5;A0A590UJQ7;U3KQ83",-3.56952031565735,25.2425082888862,-6.21333409093649,6.57619223142922e-07,8.8025876966544e-06,6.01065835518226,"P48729;V9HW00;U3KPX3;A0A590UJ43;A0A5F9W493;B4E1D9;Q05DL3;D6REM4;Q6PJ06;B4DER9;A0A590UK94;H0Y9X2;U3KQK7;E7ETM0;B4DFH4;Q8N752;E5RG27;D6RGE5;A0A590UJQ7;U3KQ83","P48729"
"Q99808;A0A220K8H0;A0A0S2C6M1",3.47119556536953,27.7714518868057,6.21184454396198,6.60405745757336e-07,8.8025876966544e-06,6.00657690582897,"Q99808;A0A220K8H0;A0A0S2C6M1","Q99808"
"P31947",-3.28288503076408,30.7350225141508,-6.20962807733421,6.64574189813904e-07,8.8204548852322e-06,6.0005033727106,"P31947","P31947"
"Q9UNF1;Q5H909;Q5H907;B4DX55;B4DWM5;B4DNG7;Q9BX89;Q9BX88;Q9Y5V3;A0A087X070;Q12816;Q9BX91;G5E9N2;Q9BX90;B4DS47;B4DK08;Q9NVY3",3.29339945129678,25.0700938201796,6.20404476396326,6.75192564052961e-07,8.92341359017452e-06,5.98520257137573,"Q9UNF1;Q5H909;Q5H907;B4DX55;B4DWM5;B4DNG7;Q9BX89;Q9BX88;Q9Y5V3;A0A087X070;Q12816;Q9BX91;G5E9N2;Q9BX90;B4DS47;B4DK08;Q9NVY3","Q9UNF1"
"P01040;C9J0E4",-3.24852690580749,24.4673838233705,-6.18162360182556,7.19584930228452e-07,9.46998057967317e-06,5.92373734449789,"P01040;C9J0E4","P01040"
"O95171;Q8WW87;F2Z2X8",-3.4671383422143,24.3201875235221,-6.17995670825147,7.23000515529656e-07,9.47495213418906e-06,5.91916639618828,"O95171;Q8WW87;F2Z2X8","O95171"
"Q8IYJ3;A0A087X1N4;A8KAH3;Q8N880;Q8TEH0",-3.67698183849003,24.6713581446756,-6.16839267576534,7.47150477653937e-07,9.75047004101518e-06,5.8874505204316,"Q8IYJ3;A0A087X1N4;A8KAH3;Q8N880;Q8TEH0","Q8IYJ3"
"Q92633;Q6GPG7;Q5VZX0;B4DQ18;B1AP63",3.67910694115393,25.17659692315,6.16141795422076,7.62107835692027e-07,9.88465725588874e-06,5.86831720436506,"Q92633;Q6GPG7;Q5VZX0;B4DQ18;B1AP63","Q92633"
"O15162;C9J7K9;H7C5I5;C9J9P4;C9J0H3;C9JE06",-3.79971930018458,26.8528479174408,-6.16065085462564,7.63771208294064e-07,9.88465725588874e-06,5.86621267526321,"O15162;C9J7K9;H7C5I5;C9J9P4;C9J0H3;C9JE06","O15162"
"O00421;B2R8C0;C9JP23",3.30132149905953,24.8959604221596,6.15326433057004,7.79976597715711e-07,1.00526735879145e-05,5.84594588340944,"O00421;B2R8C0;C9JP23","O00421"
"A0A3B3IRI3;A0A3B3IRV6;U3KQJ2;A0A3B3IU26;B1AN86",-3.38972395309135,26.2575728428017,-6.14876618037914,7.90014521015611e-07,1.01264924586816e-05,5.83360235369733,"A0A3B3IRI3;A0A3B3IRV6;U3KQJ2;A0A3B3IU26;B1AN86","A0A3B3IRI3"
"O60669;B4DWX9;F8W0N3;F8VS95",-3.15909057832512,24.2737280458775,-6.14779556052107,7.92197550470764e-07,1.01264924586816e-05,5.83093867209483,"O60669;B4DWX9;F8W0N3;F8VS95","O60669"
"Q8IUC4;B3KX27;A8MT19;K7EL35",-3.29611826271001,24.4795988518015,-6.14237712306653,8.04496415328117e-07,1.02417319159526e-05,5.81606769623767,"Q8IUC4;B3KX27;A8MT19;K7EL35","Q8IUC4"
"Q6WKZ4;Q4JIW2;E7EX40;B3KRW2;Q7L804;Q8NF43;Q6WKZ5;Q6WKZ3;Q67C35",-3.81031925145829,25.1380712677078,-6.10525059937504,8.94107197919087e-07,1.13362615866245e-05,5.71412380463298,"Q6WKZ4;Q4JIW2;E7EX40;B3KRW2;Q7L804;Q8NF43;Q6WKZ5;Q6WKZ3;Q67C35","Q6WKZ4"
"O15230;O75079;A0A087WYH7;A0A075B783;Q566Q1",3.25992473968899,29.3424343533579,6.07783866419299,9.6666965835638e-07,1.22066504632128e-05,5.63880052592942,"O15230;O75079;A0A087WYH7;A0A075B783;Q566Q1","O15230"
"O95084;B3KQQ9;E9PRR2;B7ZB43;B4E201",3.51867769865653,25.0721989273678,6.07471472167316,9.75307127443339e-07,1.2266060203612e-05,5.6302136211321,"O95084;B3KQQ9;E9PRR2;B7ZB43;B4E201","O95084"
"Q9UI12;G3V126;B4E054;B3KUZ7;Q8TF11;E5RG49;E5RHH0;E5RK31;E5RJG1;H0YB41",-3.3386905545247,25.1019537041866,-6.0645981399556,1.00381603004266e-06,1.2573904408446e-05,5.60240183445932,"Q9UI12;G3V126;B4E054;B3KUZ7;Q8TF11;E5RG49;E5RHH0;E5RK31;E5RJG1;H0YB41","Q9UI12"
"Q9HCH5;A0A0U1RR07;A0A8J9FM55;A0A0U1RQH1;Q9BQS1;E9PPL3;E9PQL8;E9PS29;Q6ZSE3;A0A0U1RRJ3;E9PIB5;E9PRW5",-3.59883745846043,24.7982442639879,-6.0453656170796,1.06035024572539e-06,1.322892966567e-05,5.54951277445551,"Q9HCH5;A0A0U1RR07;A0A8J9FM55;A0A0U1RQH1;Q9BQS1;E9PPL3;E9PQL8;E9PS29;Q6ZSE3;A0A0U1RRJ3;E9PIB5;E9PRW5","Q9HCH5"
"O75367;D6RCF2;A0A994J4J7;A0A8I5KRC6;A0A8I5KS04;A0A7I2V4D9;A0A7I2YQB9;A0A7I2YQR8;B4DJC3;A0A7I2V6E9;A0A7I2V2N7;A0A7I2V423",3.57653005815263,25.935128569647,6.0430031816277,1.06751232823324e-06,1.32652229153764e-05,5.54301466221286,"O75367;D6RCF2;A0A994J4J7;A0A8I5KRC6;A0A8I5KS04;A0A7I2V4D9;A0A7I2YQB9;A0A7I2YQR8;B4DJC3;A0A7I2V6E9;A0A7I2V2N7;A0A7I2V423","O75367"
"P19838;D6RH30;A0A494C1E9;A0A494C157;D6RC45;A0A510GAH8",-3.64063558250162,25.5634106746369,-6.03892322410782,1.07999628300592e-06,1.3314664856337e-05,5.53179159087465,"P19838;D6RH30;A0A494C1E9;A0A494C157;D6RC45;A0A510GAH8","P19838"
"Q7LBR1;B2RA72",-3.48921074064348,28.2393789715723,-6.03891261944211,1.08002892229986e-06,1.3314664856337e-05,5.53176241853126,"Q7LBR1;B2RA72","Q7LBR1"
"P33778;Q16778;P23527;P06899;Q8N257;Q6DRA6;Q6DN03",3.4841504591376,30.9623356203246,6.03411756318708,1.09488952639134e-06,1.3362840575995e-05,5.51857106370498,"P33778;Q16778;P23527;P06899;Q8N257;Q6DRA6;Q6DN03","P33778"
"Q6P1N0;Q9NX28;A0A7P0Z4M5;K7EMP1;Q9H8P7;Q24K25;K7EJY5",-3.71358983024617,25.3901230392343,-6.03363355666849,1.09640093292936e-06,1.3362840575995e-05,5.51723947433685,"Q6P1N0;Q9NX28;A0A7P0Z4M5;K7EMP1;Q9H8P7;Q24K25;K7EJY5","Q6P1N0"
"A0AA49Q0K6;B3KY81;Q9H7S7",-5.30635698090209,25.6064813476153,-6.03350915658161,1.09678973627917e-06,1.3362840575995e-05,5.5168972251036,"A0AA49Q0K6;B3KY81;Q9H7S7","A0AA49Q0K6"
"Q9NRQ2;B2R720;E9PHR9;A8K9V0;C9J916;C9J6E1",-3.14297463757604,24.6841154875084,-6.02939388441531,1.10973030401398e-06,1.34678942343175e-05,5.50557480970481,"Q9NRQ2;B2R720;E9PHR9;A8K9V0;C9J916;C9J6E1","Q9NRQ2"
"A0A494C0G5;A0A087X208;A0A494C1I6;Q5XG79;B3KMM7;Q15952",3.27953319048992,28.1775687408229,6.00143098825215,1.20182840645659e-06,1.45290806191399e-05,5.4286152904575,"A0A494C0G5;A0A087X208;A0A494C1I6;Q5XG79;B3KMM7;Q15952","A0A494C0G5"
"Q5VW32;F5GXQ0;B7Z953;B7Z1V1;Q5VW33",-3.29862200572733,28.1979950413788,-5.99350942141304,1.22929145732951e-06,1.48037067776477e-05,5.40680583810512,"Q5VW32;F5GXQ0;B7Z953;B7Z1V1;Q5VW33","Q5VW32"
"B7ZLD8;P16144;B7ZLD5;Q59H46;B4E3N0;Q2VP98;J3QRK0;J3QQL2;J3KSH9",3.14764109692404,28.5429066724782,5.9866880239711,1.25344625883901e-06,1.50365341589187e-05,5.38802266938062,"B7ZLD8;P16144;B7ZLD5;Q59H46;B4E3N0;Q2VP98;J3QRK0;J3QQL2;J3KSH9","B7ZLD8"
"P13928;B4DQE1;B4DTB3;A0A087WTN9;A0A075B765;Q5T2P7;B4DLF6",-3.22642383200467,24.9982122085146,-5.95179427815989,1.38468873013656e-06,1.65472955911722e-05,5.29190261208075,"P13928;B4DQE1;B4DTB3;A0A087WTN9;A0A075B765;Q5T2P7;B4DLF6","P13928"
"H0Y9E9;A0A087WZ65;H0Y3A4;H0YA66;A0A087WTE8;A0A087WVC2;B1AQT0;A0A087WWI5;A0A5F9ZGS7;A0A5F9ZI36;A0A5F9ZI69;A0A5F9ZHQ3;A0A5F9ZGX8;A0A5F9ZHR2;A0A5F9ZI73;A0A5F9ZHJ4;A0A5F9ZI15;A0A5F9ZHJ6;A0A5F9ZHE2;A0A5F9ZI08;A0A5F9ZHA1;A0A5F9ZHL5;A0A5F9ZHL3;A0A5F9ZGS5;A0A5F9ZHN0;A0A5F9ZH17;A0A5F9ZI18;A0A5F9ZI56;A0A5F9ZGY1;A0A5F9ZH39;A0A5F9ZHG3;A0A5F9ZHQ5;A0A994J7V8;A0A5F9ZHC9;A0A5F9ZI81;A0A5F9ZH70;A0A5F9ZH03;A0A5F9ZH35;A0A5F9ZH58;A0A5F9ZHM6;H0YAH5;A0A5F9ZHY6;A0A5F9ZI45;A0A5F9ZH34;A0A5F9ZGZ1;B7Z636;A0A5F9ZH38;A0A5F9ZHL9;E9PHW9;A0A5F9ZI53;A0A5F9ZI16;A0A5F9ZI41;E9PCH6;B7Z2H4;A0A5F9ZH10;A0A669KB19;A0A5F9ZH18;B7Z651;A0A0U1RQN6;A0A5F9ZH99;H0Y8Y2;A0A5F9ZHV4;H0Y931;Q7Z344;B7Z678;A0A5K1VW73;A0A087X0B4;D6RHY3;H0YAG3",-3.35359799971074,24.7115970753153,-5.93527046274138,1.45158119927041e-06,1.7280464734826e-05,5.24636381905549,"H0Y9E9;A0A087WZ65;H0Y3A4;H0YA66;A0A087WTE8;A0A087WVC2;B1AQT0;A0A087WWI5;A0A5F9ZGS7;A0A5F9ZI36;A0A5F9ZI69;A0A5F9ZHQ3;A0A5F9ZGX8;A0A5F9ZHR2;A0A5F9ZI73;A0A5F9ZHJ4;A0A5F9ZI15;A0A5F9ZHJ6;A0A5F9ZHE2;A0A5F9ZI08;A0A5F9ZHA1;A0A5F9ZHL5;A0A5F9ZHL3;A0A5F9ZGS5;A0A5F9ZHN0;A0A5F9ZH17;A0A5F9ZI18;A0A5F9ZI56;A0A5F9ZGY1;A0A5F9ZH39;A0A5F9ZHG3;A0A5F9ZHQ5;A0A994J7V8;A0A5F9ZHC9;A0A5F9ZI81;A0A5F9ZH70;A0A5F9ZH03;A0A5F9ZH35;A0A5F9ZH58;A0A5F9ZHM6;H0YAH5;A0A5F9ZHY6;A0A5F9ZI45;A0A5F9ZH34;A0A5F9ZGZ1;B7Z636;A0A5F9ZH38;A0A5F9ZHL9;E9PHW9;A0A5F9ZI53;A0A5F9ZI16;A0A5F9ZI41;E9PCH6;B7Z2H4;A0A5F9ZH10;A0A669KB19;A0A5F9ZH18;B7Z651;A0A0U1RQN6;A0A5F9ZH99;H0Y8Y2;A0A5F9ZHV4;H0Y931;Q7Z344;B7Z678;A0A5K1VW73;A0A087X0B4;D6RHY3;H0YAG3","H0Y9E9"
"Q7L7X3;A0A994J797;J3QS76",-3.35415963839408,28.0049832035929,-5.91855756974698,1.52254910965637e-06,1.80563903917042e-05,5.20029037693214,"Q7L7X3;A0A994J797;J3QS76","Q7L7X3"
"B4DUA3;B4DTT4",-3.28235154716795,24.4802698203112,-5.91265179230514,1.54845322623828e-06,1.82940364115045e-05,5.18400636827379,"B4DUA3;B4DTT4","B4DUA3"
"P15559;Q3B792;B4DLR8;H3BNV2;H3BRK3;Q53G81;B4DQP5",-3.41246716686063,24.7011600989879,-5.90192210186355,1.59665637241202e-06,1.87923442473701e-05,5.15441718370761,"P15559;Q3B792;B4DLR8;H3BNV2;H3BRK3;Q53G81;B4DQP5","P15559"
"O00182;B3KWW5;B4DJD7;Q6DKI2;Q3B8N2;J3QS92;J3KSY2;J3KSA0;J3QSH0;J3KS82;B4DWP7;J3KT17;J3QR96;B4DKP4",-3.43649723383665,24.5903186762253,-5.88478044070158,1.67681828141343e-06,1.96616399237913e-05,5.10713473883464,"O00182;B3KWW5;B4DJD7;Q6DKI2;Q3B8N2;J3QS92;J3KSY2;J3KSA0;J3QSH0;J3KS82;B4DWP7;J3KT17;J3QR96;B4DKP4","O00182"
"P58107;A0A075B730",-3.75748908209647,23.9009159659094,-5.87898104203403,1.70484568662772e-06,1.99154071033403e-05,5.09113504364097,"P58107;A0A075B730","P58107"
"Q562R1",-7.9282636981737,27.1890156093226,-5.87676006506809,1.71570363442627e-06,1.99674613275206e-05,5.08500729480434,"Q562R1","Q562R1"
"P49006",3.11097902642997,28.8264896245041,5.86234504020047,1.78788713496576e-06,2.07301857767964e-05,5.0452304866383,"P49006","P49006"
"P50452;B2R9H3;A0A1B0GU38;C9JVA8;C9JTJ8;H7BXK7",-3.16434165108762,25.4373012701745,-5.8560960687671,1.82012085877684e-06,2.10257665130554e-05,5.0279842763135,"P50452;B2R9H3;A0A1B0GU38;C9JVA8;C9JTJ8;H7BXK7","P50452"
"B4DNW8;O15296;I3L1D5;B4DU98;A8K9R4",-3.30025633994285,24.6248536883251,-5.85125908146775,1.84547204073504e-06,2.12399531182752e-05,5.01463378110132,"B4DNW8;O15296;I3L1D5;B4DU98;A8K9R4","B4DNW8"
"P12532;F8WCN3;B4DH34;E9PCP8;B4DGR9;B4DF55;B4DFE8;C9JSQ1;B4DKA2;C9J6W7;C9J8F6;B4DF72;C9JT96;C9J995;B4DFA3;B4DJW9;C9JJX8;B7Z9T7;B4DEL4;B2R8A3;B3KVA7;P17540;D6R998;D6RHV3",-3.74189220748434,29.0127763267784,-5.84474318127739,1.88018496960267e-06,2.155991514776e-05,4.9966477797823,"P12532;F8WCN3;B4DH34;E9PCP8;B4DGR9;B4DF55;B4DFE8;C9JSQ1;B4DKA2;C9J6W7;C9J8F6;B4DF72;C9JT96;C9J995;B4DFA3;B4DJW9;C9JJX8;B7Z9T7;B4DEL4;B2R8A3;B3KVA7;P17540;D6R998;D6RHV3","P12532"
"Q9P1F3;Q5SZC9",-4.15439240119947,25.7655667000428,-5.82439694066002,1.99286201068572e-06,2.27682659755632e-05,4.94047421935933,"Q9P1F3;Q5SZC9","Q9P1F3"
"O43598;H0Y8X4",3.13831540191708,24.6582495447573,5.82020689496451,2.01689666489465e-06,2.29587616708263e-05,4.92890391143939,"O43598;H0Y8X4","O43598"
"P55290;B7Z9B1;B7Z3H7",-3.11062302108787,24.5137662072427,-5.80356230761317,2.11528581645681e-06,2.3991187132832e-05,4.88293503101796,"P55290;B7Z9B1;B7Z3H7","P55290"
"J3QSU6;F5H7V9",3.01068400560208,25.0771478111826,5.79567624640427,2.16357261459337e-06,2.44499383511476e-05,4.86115162687103,"J3QSU6;F5H7V9","J3QSU6"
"P04233;U6FVB0;A9YLN4;M1VPF6;E7EQJ3;H0YBZ8;H0YBZ2;B4DUJ2",3.07129940971713,24.6221260486071,5.78387853436416,2.23788763863012e-06,2.51984532306402e-05,4.82855881647215,"P04233;U6FVB0;A9YLN4;M1VPF6;E7EQJ3;H0YBZ8;H0YBZ2;B4DUJ2","P04233"
"Q9HCS5;Q8NEH8;Q8N8X1",-3.23083924431169,24.866254215577,-5.76277619870784,2.3772719702998e-06,2.66716232926801e-05,4.77024797981815,"Q9HCS5;Q8NEH8;Q8N8X1","Q9HCS5"
"Q96CX2;A0A140VJM4;B3KY04",3.24596137560915,25.0404958830341,5.7489449700034,2.47333086122588e-06,2.76498887317689e-05,4.73202042424454,"Q96CX2;A0A140VJM4;B3KY04","Q96CX2"
"P49441;Q6IBG4;B5BU62;B3KSH8;E7ET59;E7EUX4;E7ENF2;X5DRF6;C9J173;B8ZZF6;C9J128;C9J2Z6;X5DP77;A0A0S2Z3X1",-3.02992669827486,24.6884977608764,-5.74157006138766,2.52613482810125e-06,2.80993712814469e-05,4.71163455035912,"P49441;Q6IBG4;B5BU62;B3KSH8;E7ET59;E7EUX4;E7ENF2;X5DRF6;C9J173;B8ZZF6;C9J128;C9J2Z6;X5DP77;A0A0S2Z3X1","P49441"
"P17301;E7ESP4;E7EMF1;E9PB77;Q71V33;D6RG08;A0A0X8AZ85;Q16183;F1C629;F1C627;G3LGR5",3.03416118463698,29.8503918336629,5.74047200082511,2.53409319490903e-06,2.80993712814469e-05,4.70859911275101,"P17301;E7ESP4;E7EMF1;E9PB77;Q71V33;D6RG08;A0A0X8AZ85;Q16183;F1C629;F1C627;G3LGR5","P17301"
"P46939;A8K8Z1;H0Y337;Q5T097;Q6LBS5;A0A0D9SG57;A0A0A0MSM3;Q5T098",3.20590401718244,24.6649064219408,5.73958158059417,2.54056514952485e-06,2.80993712814469e-05,4.70613763885671,"P46939;A8K8Z1;H0Y337;Q5T097;Q6LBS5;A0A0D9SG57;A0A0A0MSM3;Q5T098","P46939"
"Q92626;H7C1W1;C9J4I9;H7C300",2.90134275973611,26.1124530406054,5.73589789939596,2.5675166746491e-06,2.82971184036415e-05,4.69595420719521,"Q92626;H7C1W1;C9J4I9;H7C300","Q92626"
"Q9BRG1;K7EKV4;K7ENE3;K7EP45",-3.1666077120843,25.6492775088868,-5.71948706125891,2.6911200988708e-06,2.95549422125987e-05,4.65058154930876,"Q9BRG1;K7EKV4;K7ENE3;K7EP45","Q9BRG1"
"A0A8C8KBL6;C9JXX7",2.96467481178786,29.3289968182943,5.69817762252368,2.86058430507366e-06,3.13058331492096e-05,4.59165264704574,"A0A8C8KBL6;C9JXX7","A0A8C8KBL6"
"O60443;C9JSR4;A4FTY0;A4FVA8;A8K410",3.1464189071155,25.1117559482692,5.69238011749986,2.90851671848745e-06,3.17191036537145e-05,4.57561792029103,"O60443;C9JSR4;A4FTY0;A4FVA8;A8K410","O60443"
"Q9UGT4;A0A140VJW3",-2.94276699590004,24.6832897050787,-5.68003032591133,3.01332859898356e-06,3.27476372830304e-05,4.54145764659256,"Q9UGT4;A0A140VJW3","Q9UGT4"
"P29034;R4GN49;Q5RHS7",-3.1412941363175,29.8938798806161,-5.66337211066593,3.16074075784164e-06,3.4230383415653e-05,4.49537325422117,"P29034;R4GN49;Q5RHS7","P29034"
"P15311;Q6NUR7;V9HW42;B2R6J2;B7Z5V2;B7Z437;J7M2B1;Q9UK20;Q9UJZ8;B7Z9R6;Q9UJZ6;Q9UJZ7;Q9UJU1;Q9UJZ2",-3.0823642495805,31.2524928854909,-5.66193991800228,3.17374769535474e-06,3.42523150927731e-05,4.49141079056988,"P15311;Q6NUR7;V9HW42;B2R6J2;B7Z5V2;B7Z437;J7M2B1;Q9UK20;Q9UJZ8;B7Z9R6;Q9UJZ6;Q9UJZ7;Q9UJU1;Q9UJZ2","P15311"
"Q13451;Q53GX4;Q2TA84;B7Z8G2;B7Z7Z8;Q6ZR21",-3.53671584024693,25.2342869725768,-5.65587887340398,3.22939077396373e-06,3.47326545654927e-05,4.47464103101674,"Q13451;Q53GX4;Q2TA84;B7Z8G2;B7Z7Z8;Q6ZR21","Q13451"
"Q14195;Q8IXW6;Q6DEN2;A0A140VK07;H0YBT4;D6RF19;B4DLZ4",-3.00786508297335,24.5313689373445,-5.64720635547634,3.31071620315981e-06,3.54849616414276e-05,4.4506441661431,"Q14195;Q8IXW6;Q6DEN2;A0A140VK07;H0YBT4;D6RF19;B4DLZ4","Q14195"
"O60784;B4DKQ5;B4DJ44;B0QY01;B3KUU1;B3KUF5;V9GYF4;B0QY02;Q6UW50;F8WE29;V9GZ68;H7BYN7;F8WB30;F8WAW7;F8WBB0",-3.64140592309924,24.6173440529048,-5.64507249724558,3.33103942544149e-06,3.55805204381919e-05,4.44473948567035,"O60784;B4DKQ5;B4DJ44;B0QY01;B3KUU1;B3KUF5;V9GYF4;B0QY02;Q6UW50;F8WE29;V9GZ68;H7BYN7;F8WB30;F8WAW7;F8WBB0","O60784"
"Q9NZT1;Q53H37",-4.12913127596957,25.7445952319352,-5.64142407864271,3.36607814746343e-06,3.5832074204568e-05,4.4346435440472,"Q9NZT1;Q53H37","Q9NZT1"
"Q9Y446;E9PKC4;E9PQ15;E9PK71;E9PRW6;E9PJR7;H0YEY5",-3.20412140624731,26.4786756360931,-5.62748122902333,3.5034257583123e-06,3.71672957148846e-05,4.39605775614523,"Q9Y446;E9PKC4;E9PQ15;E9PK71;E9PRW6;E9PJR7;H0YEY5","Q9Y446"
"Q9H2K8;A8K0J3;G3V1Q8;B3KPH9;Q9P0C6;H0YF68;F5GWV8;F5H5C7;F5H3L7;F5H5E0",-3.23628576139795,26.7291385486183,-5.62192574034615,3.55970634831818e-06,3.76363528827268e-05,4.38068207560642,"Q9H2K8;A8K0J3;G3V1Q8;B3KPH9;Q9P0C6;H0YF68;F5GWV8;F5H5C7;F5H3L7;F5H5E0","Q9H2K8"
"P16104;Q96QV6",3.20009325272228,24.6659776647834,5.59519473962797,3.84346016802651e-06,4.04991630543064e-05,4.30669023961875,"P16104;Q96QV6","P16104"
"Q8WXH0;D4YW74;G3V5X4;A0A0C4DGK3;G3V4T3;Q7Z362;G3V3D4;Q6MZP0;A0A669KBH2;Q68DP1;Q5BKU8;Q5JV20;F8WAI0;B7Z9Y6;B4E3R1;A0A5F9ZHB2;A0A5F9ZH87;A0A1W2PRN9",-4.09323783409468,26.0250688293167,-5.57789779793594,4.03905750199287e-06,4.24169035310295e-05,4.25880410655625,"Q8WXH0;D4YW74;G3V5X4;A0A0C4DGK3;G3V4T3;Q7Z362;G3V3D4;Q6MZP0;A0A669KBH2;Q68DP1;Q5BKU8;Q5JV20;F8WAI0;B7Z9Y6;B4E3R1;A0A5F9ZHB2;A0A5F9ZH87;A0A1W2PRN9","Q8WXH0"
"Q14677;A0A0S2Z4Y4;A0A0S2Z5H3;H0YD52",-3.49186430077375,24.6804853829337,-5.57316992896323,4.0942384407231e-06,4.28521130758904e-05,4.24571411838924,"Q14677;A0A0S2Z4Y4;A0A0S2Z5H3;H0YD52","Q14677"
"Q02809;B4DGN8;B2R5M9;B4DHT1;Q5JXB7;Q5JXB8",3.04570454947546,25.463048692424,5.56742300644232,4.16233265691205e-06,4.34191155749454e-05,4.22980213432318,"Q02809;B4DGN8;B2R5M9;B4DHT1;Q5JXB7;Q5JXB8","Q02809"
"B3KTQ2;A0A8Q3SIU8",5.47141143253292,29.4451461393919,5.548314338689,4.39702377004279e-06,4.57143904625449e-05,4.176890202549,"B3KTQ2;A0A8Q3SIU8","B3KTQ2"
"P58335;A0A7P0TAR4;J3KPY9;A4FUA5;A0A7P0Z4A8;Q32Q26;A0A0C4DG84",3.30038304961736,25.2720187586333,5.52268779169045,4.73273925209388e-06,4.90412416188731e-05,4.10592109252237,"P58335;A0A7P0TAR4;J3KPY9;A4FUA5;A0A7P0Z4A8;Q32Q26;A0A0C4DG84","P58335"
"P11047;Q6NVY8;R4GNC7;Q9Y6N6;Q8N2D6;REV__B3KPD3;REV__Q9NQS7",2.94395767737148,29.1175919829814,5.51719340996071,4.80799929551298e-06,4.96561251745198e-05,4.09070394521148,"P11047;Q6NVY8;R4GNC7;Q9Y6N6;Q8N2D6;REV__B3KPD3;REV__Q9NQS7","P11047"
"Q9H9H4;F5H4M0;F5H1F6",-3.05893299320643,27.7228445009138,-5.51406980295779,4.85131917543608e-06,4.98436354001869e-05,4.08205267643485,"Q9H9H4;F5H4M0;F5H1F6","Q9H9H4"
"Q01973;A2VCQ3",2.9881860572328,24.9526335309353,5.51358222214171,4.85811643528593e-06,4.98436354001869e-05,4.08070224133647,"Q01973;A2VCQ3","Q01973"
"Q12929;A0A2R8Y4W2;A0A2R8YE63;B4E3T6;F5H0R8;F5H3Q6;F5GYM8;F5H1B5;H0YFG1;F5H2B8",-3.23279505735246,25.4166567163559,-5.50684272100546,4.95305449887957e-06,5.06510720721487e-05,4.06203577738495,"Q12929;A0A2R8Y4W2;A0A2R8YE63;B4E3T6;F5H0R8;F5H3Q6;F5GYM8;F5H1B5;H0YFG1;F5H2B8","Q12929"
"Q9BWS2",-2.97948463241937,28.5444022837542,-5.49642318118852,5.10350678857976e-06,5.20190773646414e-05,4.03317558805046,"Q9BWS2","Q9BWS2"
"P21462;B2RC44",3.13080543474419,25.0422792602227,5.46701257602957,5.5533583188142e-06,5.64199498253469e-05,3.95170744111941,"P21462;B2RC44","P21462"
"Q969X1;C9JEN3;C9IYT2;F8WDY4;C9IZ27;C9JW19;C9JWV9;B4DUD2;Q1MW40;B4DNZ1;C9JM62;C9JAK9;C9JN47;C9JI44;C9JDV0;C9JAP5",-4.22618580333428,27.712649835391,-5.46545575393907,5.57824887686972e-06,5.64481585830672e-05,3.94739477876227,"Q969X1;C9JEN3;C9IYT2;F8WDY4;C9IZ27;C9JW19;C9JWV9;B4DUD2;Q1MW40;B4DNZ1;C9JM62;C9JAK9;C9JN47;C9JI44;C9JDV0;C9JAP5","Q969X1"
"P01033;Q5H9A7;Q6FGX5;B3KQF4;H0Y789;Q58P21;Q5H9B5;Q5H9B4",3.45343113977838,26.0813880868795,5.46365620404841,5.60715952781949e-06,5.64481585830672e-05,3.94240969416193,"P01033;Q5H9A7;Q6FGX5;B3KQF4;H0Y789;Q58P21;Q5H9B5;Q5H9B4","P01033"
"B7Z8V4;B7ZKV6;B7Z447;Q9UIV8;A0A0A0MQW3;B7Z8T4;F8WE70;B7Z4X7;Q92661;H7BZS9;C9JL93",-3.03501759827901,24.4428874236079,-5.4634532584815,5.61042935580341e-06,5.64481585830672e-05,3.94184749591596,"B7Z8V4;B7ZKV6;B7Z447;Q9UIV8;A0A0A0MQW3;B7Z8T4;F8WE70;B7Z4X7;Q92661;H7BZS9;C9JL93","B7Z8V4"
"Q9UK76;J3KT51;J3KSH8",2.83249774770184,24.5220667521103,5.45966299666924,5.67184980468195e-06,5.68826351794308e-05,3.93134768177431,"Q9UK76;J3KT51;J3KSH8","Q9UK76"
"Q86VN1;Q59H03;A0A3B3ISW7",-3.00883956549698,24.848822373789,-5.41948033058639,6.36593008345089e-06,6.36388972124466e-05,3.8200276031619,"Q86VN1;Q59H03;A0A3B3ISW7","Q86VN1"
"P04920;Q9UEY4;Q9UEY5;Q9UEY6;Q99654;Q59GF1;Q6PJY3;Q8TAG3;A0A7I2V5T6;C9J722;C9J035;C9J9M9;H7C1Z2;E9PCP1",-3.1228578575886,24.7572104747057,-5.4178611554548,6.39561606195334e-06,6.37313945598481e-05,3.81554175168619,"P04920;Q9UEY4;Q9UEY5;Q9UEY6;Q99654;Q59GF1;Q6PJY3;Q8TAG3;A0A7I2V5T6;C9J722;C9J035;C9J9M9;H7C1Z2;E9PCP1","P04920"
"O75936;A8K243;E9PKC9",-3.20307995945331,24.4436570817872,-5.41588160202939,6.43209768794632e-06,6.38908047410974e-05,3.81005747590492,"O75936;A8K243;E9PKC9","O75936"
"Q9H8M9;B8ZZF5;C9J5M4",2.89152650941529,24.8629048622806,5.3762273494786,7.20843582152957e-06,7.13749565947643e-05,3.70019520640049,"Q9H8M9;B8ZZF5;C9J5M4","Q9H8M9"
"P33121;E7EPM6;B4E0R0;A8K9T3;H0Y9Z9;A0A994J7S4;B7Z3Z9;D6RER0;Q108N1;H0Y9U7;Q108N2;D6RG07;Q9ULC5;B4DX30;A0A8C8KCK5;A0A8C8L3F5",-3.48946165544109,24.7354732194834,-5.37453904240249,7.24349584367582e-06,7.14951377734964e-05,3.69551772380194,"P33121;E7EPM6;B4E0R0;A8K9T3;H0Y9Z9;A0A994J7S4;B7Z3Z9;D6RER0;Q108N1;H0Y9U7;Q108N2;D6RG07;Q9ULC5;B4DX30;A0A8C8KCK5;A0A8C8L3F5","P33121"
"A0A172Q3A8;P15328;O14597;Q9NP04;Q6LDL1;A0A650DF42;A0A650DF39;A0A650DF38;Q96QD1",-3.18206346774264,26.5866786812906,-5.37207851510942,7.2948980490981e-06,7.17753533600535e-05,3.68870079691013,"A0A172Q3A8;P15328;O14597;Q9NP04;Q6LDL1;A0A650DF42;A0A650DF39;A0A650DF38;Q96QD1","A0A172Q3A8"
"P25445;A0A8Q3SJI5;Q59FU8;A0A8Q3SIR6;A0A8Q3WLI5;Q6ICT6;A0A1B0QZF0;E6Y7C3;A0A8Q3WLK1;B6VNV5;A0A8Q3WM13;A0A087WTM9;A0A8V8TKN4;F0UWG7;E6Y7C4;A0A8Q3WLK6;K9J972;A0A8Q3SIY4;S5PSV7;Q8IUB7;Q8IUB6;S5PZ57;A0A8Q3WLL4;A0A8V8TKJ0",-2.88516029584555,25.4155402399389,-5.342948723642,7.93191986966489e-06,7.77976668977509e-05,3.6079972199017,"P25445;A0A8Q3SJI5;Q59FU8;A0A8Q3SIR6;A0A8Q3WLI5;Q6ICT6;A0A1B0QZF0;E6Y7C3;A0A8Q3WLK1;B6VNV5;A0A8Q3WM13;A0A087WTM9;A0A8V8TKN4;F0UWG7;E6Y7C4;A0A8Q3WLK6;K9J972;A0A8Q3SIY4;S5PSV7;Q8IUB7;Q8IUB6;S5PZ57;A0A8Q3WLL4;A0A8V8TKJ0","P25445"
"O75828;V9HW40;Q53F60",3.25815885698936,25.6489880822217,5.33980433575657,8.0039294203026e-06,7.82578553665323e-05,3.5992859125164,"O75828;V9HW40;Q53F60","O75828"
"P19971;E5KRG5;B2RBL3;C9JGI3;A0A494C0L6;A0A494C1N7;B4DVR2;A0A494BZZ4;A0A494C0A4;A0A494C1L9;A0A0S2Z3P7;A0A0S2Z488;A0A494C0L3;B3KQ24",-2.93325823906214,27.5741529699887,-5.33417971051341,8.13437475631653e-06,7.92847339529726e-05,3.58370339270978,"P19971;E5KRG5;B2RBL3;C9JGI3;A0A494C0L6;A0A494C1N7;B4DVR2;A0A494BZZ4;A0A494C0A4;A0A494C1L9;A0A0S2Z3P7;A0A0S2Z488;A0A494C0L3;B3KQ24","P19971"
"O94760;B2R644;B4E3V1;B4DYP1;B4DGT0",2.88584858801513,25.965481005409,5.30077130357556,8.95422171092282e-06,8.70037928858825e-05,3.49115232836388,"O94760;B2R644;B4E3V1;B4DYP1;B4DGT0","O94760"
"Q5VT79;B4DTF2;A0A075B752;A0A087WUP0",-3.08823256766337,27.1434383029406,-5.29254557721585,9.16845896050745e-06,8.88087686267787e-05,3.46836597678542,"Q5VT79;B4DTF2;A0A075B752;A0A087WUP0","Q5VT79"
"P30825;B2R728;A0A0A8K9B7;P52569;Q5JR49;A0A1W2PR06",2.9836172978136,26.1161558208212,5.28857478527903,9.27370499691347e-06,8.95501111002264e-05,3.45736658270345,"P30825;B2R728;A0A0A8K9B7;P52569;Q5JR49;A0A1W2PR06","P30825"
"Q9H0E2;Q6FIE9;Q8N8J5;F2Z2Y8;B3KR28;Q59FB9;E7EN89;E9PQ25;E9PNS3;E9PP67",-2.82248591001168,27.2993359349234,-5.28693071463623,9.31763416369275e-06,8.96966078906102e-05,3.45281242791075,"Q9H0E2;Q6FIE9;Q8N8J5;F2Z2Y8;B3KR28;Q59FB9;E7EN89;E9PQ25;E9PNS3;E9PP67","Q9H0E2"
"Q8IXQ6;B7Z5L6;Q59ER9;Q63HJ7;G5E9U8;Q658Y0",-3.00843870092184,24.1964546623427,-5.26164885483442,1.00199735379479e-05,9.61609152764907e-05,3.38278417570538,"Q8IXQ6;B7Z5L6;Q59ER9;Q63HJ7;G5E9U8;Q658Y0","Q8IXQ6"
"P46976;C9JQ42;B2R5R5;G5E9W8;B4DSX6;C9J8R8;C9J7C7",-2.81127861874422,24.1840138153027,-5.25543044946444,1.02006872223728e-05,9.75949185477937e-05,3.36556099394342,"P46976;C9JQ42;B2R5R5;G5E9W8;B4DSX6;C9J8R8;C9J7C7","P46976"
"A8K0D8;Q8IZF2;B4DTV3;B4DLD2;Q4G0K7;Q8NGA9",2.74885627830775,25.1495841005114,5.24643010501435,1.04680347949472e-05,9.98464847872794e-05,3.34063357683838,"A8K0D8;Q8IZF2;B4DTV3;B4DLD2;Q4G0K7;Q8NGA9","A8K0D8"
"Q96J84;Q5W0G0;B4DN67;Q5W0F9",2.81521695109719,24.5087060681228,5.22589916395025,1.11043997001855e-05,0.000105593361783166,3.2837754516951,"Q96J84;Q5W0G0;B4DN67;Q5W0F9","Q96J84"
"P17931;Q86TY5;A0A024R693;Q59FR8;Q6FGL0;G3V3R6",-2.87436971609317,29.7396505807552,-5.21849173314194,1.13433694179384e-05,0.000107353945831103,3.26326308865027,"P17931;Q86TY5;A0A024R693;Q59FR8;Q6FGL0;G3V3R6","P17931"
"P50281;K4RH61;A0A7P0TAG0;B2R6P3;A0A7P0TAV6;P51511;Q9Y5R2;A0A7P0TBK8;Q7KZY0;Q2PW48;Q86VV6",2.68391918777959,26.106754900326,5.21803151888066,1.13583847785393e-05,0.000107353945831103,3.26198871291278,"P50281;K4RH61;A0A7P0TAG0;B2R6P3;A0A7P0TAV6;P51511;Q9Y5R2;A0A7P0TBK8;Q7KZY0;Q2PW48;Q86VV6","P50281"
"Q9Y4K0;W6I206;W8QRJ0;H0YAR1;B4DDQ4;E5RHH3;E5RFY0;E5RJL2;E5RI22;H0YAP6",3.09569606109237,28.7790376984993,5.21050821422249,1.16066828360777e-05,0.000109191718667273,3.24115652486997,"Q9Y4K0;W6I206;W8QRJ0;H0YAR1;B4DDQ4;E5RHH3;E5RFY0;E5RJL2;E5RI22;H0YAP6","Q9Y4K0"
"Q8WUJ3;H0YL56",2.8044018564925,24.7444658854722,5.21002412824177,1.16228440517905e-05,0.000109191718667273,3.23981611589069,"Q8WUJ3;H0YL56","Q8WUJ3"
"Q5VUB5;B3KMX9;Q9Y438",3.09933625532934,24.3955944320959,5.19924314579991,1.19886528204565e-05,0.000112290114555567,3.20996528089926,"Q5VUB5;B3KMX9;Q9Y438","Q5VUB5"
"Q9BYG5",2.76217750103107,24.5424179384506,5.19628888538017,1.20908869096763e-05,0.00011290861159066,3.20178579490598,"Q9BYG5","Q9BYG5"
"Q96IM8;Q96AI1",-3.98063117530983,25.0930834059355,-5.19006963054741,1.23089645608935e-05,0.000114601971538588,3.18456706605193,"Q96IM8;Q96AI1","Q96IM8"
"Q9Y5L3",-2.81777943338963,24.5515991580049,-5.18869387599481,1.23577336830309e-05,0.000114713605230278,3.18075823726879,"Q9Y5L3","Q9Y5L3"
"P04792;V9HW43;A0A6Q8PFK8;A0A6Q8PGK1;A0A6Q8PHJ6;B4DL87;A0A6Q8PFE7;A0A6Q8PF43;A0A6Q8PHA6;A0A6Q8PH65;A0A6Q8PGY2;A0A8E9ZT92;C9J3N8;A0A8E9ZUD7",-2.78939603610135,30.7474678985686,-5.18133271715509,1.26219784582191e-05,0.000116818845137048,3.16037926816332,"P04792;V9HW43;A0A6Q8PFK8;A0A6Q8PGK1;A0A6Q8PHJ6;B4DL87;A0A6Q8PFE7;A0A6Q8PF43;A0A6Q8PHA6;A0A6Q8PH65;A0A6Q8PGY2;A0A8E9ZT92;C9J3N8;A0A8E9ZUD7","P04792"
"O75976;B7Z843;J3QQJ4;J3QRJ9",3.05195845472867,24.3670079599248,5.17062395923354,1.30165047096906e-05,0.000120113840797411,3.13073476651665,"O75976;B7Z843;J3QQJ4;J3QRJ9","O75976"
"A0A0S2IKY1;A0A0U5PYZ0;A0A5H2UYS1;A0A0N9MQ43;A0A858LHP8;A0A5H2UYS7;A0A4P2SS00;A0A2S1B6U6;A0A1C3PH98;A0A0S4XQR6;X5MPH3;A0A6B7HGN4;A0A7S5L7I4;A0A3S6RFI0;J7SBK9;F6IQV6;D9UB11;A0A7L7TXC4;A0A0U5PU71;A0A3S6RF48;U5YKF4;A0A2H4FZC2;Q5FZM6;G1END6;I6QU03;E7DZZ8;Q000J8;A0A7L4X6Y0;K9LC23;E2GJG4;A0A2H4FZD1;D7NPL4;C6K4I3;C6K4J0;C9E1D6;D5FHR2;W0NPY2;V6BQN7;G9I2K1;F8SWL5;A0A2U7N3A5;A0A2I4PZ63;A0A2I4PZ38;A0A2I4PZ18;A0A186VMY9;A0A0E3DD61;E0YTH1;A7L5K9",-3.62120578327495,24.6231471465373,-5.16142419488463,1.33652604921333e-05,0.000122968281637061,3.10526962938081,"A0A0S2IKY1;A0A0U5PYZ0;A0A5H2UYS1;A0A0N9MQ43;A0A858LHP8;A0A5H2UYS7;A0A4P2SS00;A0A2S1B6U6;A0A1C3PH98;A0A0S4XQR6;X5MPH3;A0A6B7HGN4;A0A7S5L7I4;A0A3S6RFI0;J7SBK9;F6IQV6;D9UB11;A0A7L7TXC4;A0A0U5PU71;A0A3S6RF48;U5YKF4;A0A2H4FZC2;Q5FZM6;G1END6;I6QU03;E7DZZ8;Q000J8;A0A7L4X6Y0;K9LC23;E2GJG4;A0A2H4FZD1;D7NPL4;C6K4I3;C6K4J0;C9E1D6;D5FHR2;W0NPY2;V6BQN7;G9I2K1;F8SWL5;A0A2U7N3A5;A0A2I4PZ63;A0A2I4PZ38;A0A2I4PZ18;A0A186VMY9;A0A0E3DD61;E0YTH1;A7L5K9","A0A0S2IKY1"
"Q9UKS6;B4DUI2;A0A0C4DGG1;E9PIY1;E9PNM9;B4DV80;E9PJ75;E9PJ33;H0YDM6",-2.82325896427262,27.6712158450849,-5.15921768868757,1.34502858905948e-05,0.000123386593214015,3.09916227333381,"Q9UKS6;B4DUI2;A0A0C4DGG1;E9PIY1;E9PNM9;B4DV80;E9PJ75;E9PJ33;H0YDM6","Q9UKS6"
"Q12923;Q59H55;Q4W5F5;Q6AWB9;D6R9M4;D6R9X4",-2.81068835394511,24.1261782808495,-5.15391814445772,1.36567118975807e-05,0.000124629209301784,3.08449422733556,"Q12923;Q59H55;Q4W5F5;Q6AWB9;D6R9M4;D6R9X4","Q12923"
"P35240;A0A5K1VW66;B7Z4B6;A0A5F9ZHA0",-2.85114163804032,24.6601997707759,-5.15369026654158,1.36656587307502e-05,0.000124629209301784,3.08386352376617,"P35240;A0A5K1VW66;B7Z4B6;A0A5F9ZHA0","P35240"
"P54819;F8W1A4;A0A140VK93;F8VZG5;A0A5F9ZHP2;F8VY04;A0A5K1VW67;B4DLK2;G3V213;F8VPP1;A0A8Q3SHW4",-2.82418629058554,26.9958310312081,-5.14369958973387,1.40637162850065e-05,0.000127885513390482,3.05621335957373,"P54819;F8W1A4;A0A140VK93;F8VZG5;A0A5F9ZHP2;F8VY04;A0A5K1VW67;B4DLK2;G3V213;F8VPP1;A0A8Q3SHW4","P54819"
"P09488;X5DR03;X5D932;E7EWW9;Q03013;X5DNN9;B9ZVX7;A0A140VKE3;H3BRM6;A6NNT0",2.86363862070436,24.5234962833767,5.12632348057716,1.478380867021e-05,0.00013404273035577,3.00812955350944,"P09488;X5DR03;X5D932;E7EWW9;Q03013;X5DNN9;B9ZVX7;A0A140VKE3;H3BRM6;A6NNT0","P09488"
"O00212;E9PIG5;A0A0B6XJZ9",-2.74081003560141,24.6459436567949,-5.12518886586364,1.48320893271216e-05,0.000134090685829833,3.00499009397312,"O00212;E9PIG5;A0A0B6XJZ9","O00212"
"Q9H7Z7;A0A7I2V5X6;A0A7I2V5T7;B3KPZ2;X6RJ95;A6NHH0;B4DWP1;A0A7I2V308;A0A7I2YQ70",-2.79752246425233,24.6218842729043,-5.12332251001801,1.49118500734952e-05,0.000134422139824369,2.99982599820326,"Q9H7Z7;A0A7I2V5X6;A0A7I2V5T7;B3KPZ2;X6RJ95;A6NHH0;B4DWP1;A0A7I2V308;A0A7I2YQ70","Q9H7Z7"
"Q9BU68;A0A140VJT1",-2.84198099352844,24.311194303969,-5.11728197236083,1.51729466596563e-05,0.000136381615652645,2.98311287122246,"Q9BU68;A0A140VJT1","Q9BU68"
"P10909;A0A384NKS6;B4DW11;H0YAS8;H0YC35;E7ERK6;H0YLK8;E5RG36;E5RGB0;E5RH61;E5RJZ5;E7ETB4;Q8IWM0;Q8IWL5",-2.64477059069828,25.8959339857158,-5.1085350727755,1.55591333276974e-05,0.00013945096795715,2.95891359577821,"P10909;A0A384NKS6;B4DW11;H0YAS8;H0YC35;E7ERK6;H0YLK8;E5RG36;E5RGB0;E5RH61;E5RJZ5;E7ETB4;Q8IWM0;Q8IWL5","P10909"
"Q9UK41;Q548N1;E9PQR7;A0A0S2Z5H5;E9PM90;E9PR04;Q71MH5;E9PLM9",-2.75402421812236,29.0309104791514,-5.10023856260227,1.59344976111487e-05,0.00014194438460424,2.93596250156384,"Q9UK41;Q548N1;E9PQR7;A0A0S2Z5H5;E9PM90;E9PR04;Q71MH5;E9PLM9","Q9UK41"
"A0A0S2Z3S5;A0A590UK28;Q5FWY2;A0A804HIH4;A0A590UJY2;O60726;O75633;O75632;P38405;Q8N2B4;A8K1Y9;A0A590UJC9;B4DHG7;A2A2R6;A0A087WZE5",3.03067817893225,25.1473781736067,5.09954508089971,1.5966279608089e-05,0.00014194438460424,2.93404418085426,"A0A0S2Z3S5;A0A590UK28;Q5FWY2;A0A804HIH4;A0A590UJY2;O60726;O75633;O75632;P38405;Q8N2B4;A8K1Y9;A0A590UJC9;B4DHG7;A2A2R6;A0A087WZE5","A0A0S2Z3S5"
"Q9Y5Z4;Q05DB4;Q5THN1;C9IZA0",-3.01195228711399,26.5650024912672,-5.09937981315688,1.59738630958924e-05,0.00014194438460424,2.93358701666522,"Q9Y5Z4;Q05DB4;Q5THN1;C9IZA0","Q9Y5Z4"
"Q5T749",2.69430257246555,24.7260351572242,5.09655549575264,1.610401703551e-05,0.00014269440094817,2.92577451248314,"Q5T749","Q5T749"
"O60603;B3KWR9;A0A0S2Z4S4;K9MV98;A0A0S2Z4L7;A0A2R8Y4N9;D2JYJ1;D2JYJ0;D2JYJ4;D2JYJ3;D2JYJ2;C6KIA9;C6KIA6",-2.71531178105974,24.3318554334199,-5.08221556985892,1.6781358870458e-05,0.000148274952739259,2.88611196906561,"O60603;B3KWR9;A0A0S2Z4S4;K9MV98;A0A0S2Z4L7;A0A2R8Y4N9;D2JYJ1;D2JYJ0;D2JYJ4;D2JYJ3;D2JYJ2;C6KIA9;C6KIA6","O60603"
"P49419;A0A1B0GW77;A0A1B0GTG2;A0A1B0GTY9;A0A1B0GW82;A0A1B0GUA1;A0A1B0GTJ4;A0A1B0GV49;A0A0J9YWF7;A0A1B0GUY0;H0YHM6;F8VVF2;A0A1B0GVU0;F8WDY6;A0A0J9YWM6;F8WD33;A0A1B0GW65;A0A0J9YWK1",-3.19050177348477,24.2546062196089,-5.07335728723447,1.72139068767694e-05,0.000151349135042218,2.86161439708086,"P49419;A0A1B0GW77;A0A1B0GTG2;A0A1B0GTY9;A0A1B0GW82;A0A1B0GUA1;A0A1B0GTJ4;A0A1B0GV49;A0A0J9YWF7;A0A1B0GUY0;H0YHM6;F8VVF2;A0A1B0GVU0;F8WDY6;A0A0J9YWM6;F8WD33;A0A1B0GW65;A0A0J9YWK1","P49419"
"O14976;Q59HA5;B4DS37;Q86U72;Q6P490;D6RF16;D6RC24;D6RAQ7;D6RE78;D6RAW3;Q6ZTD0;H0Y8H5;B3KUQ6",-3.54250527740748,24.7655882424624,-5.07310603641151,1.72263363065044e-05,0.000151349135042218,2.86091960202784,"O14976;Q59HA5;B4DS37;Q86U72;Q6P490;D6RF16;D6RC24;D6RAQ7;D6RE78;D6RAW3;Q6ZTD0;H0Y8H5;B3KUQ6","O14976"
"O00534;A8K6N3;B4DHS6;B2RC43",-2.77581776041265,24.6754591183972,-5.0656021735187,1.76017100914946e-05,0.000154072097505256,2.84016984402908,"O00534;A8K6N3;B4DHS6;B2RC43","O00534"
"Q59E97;O00214;E9PN19;Q96QS7;F6V2D4;B4DJG2;B1ANM0;H7BXD8;Q5T3P9;E9PJ77;E9PRN3",-3.6283416882564,26.3450195134862,-5.0649433215715,1.76350557259944e-05,0.000154072097505256,2.83834807390226,"Q59E97;O00214;E9PN19;Q96QS7;F6V2D4;B4DJG2;B1ANM0;H7BXD8;Q5T3P9;E9PJ77;E9PRN3","Q59E97"
"P62760;Q4ZFX3;E7ER47;Q53RT2;E9PE24",-2.89720277111245,26.2689010430217,-5.05822625034378,1.79786358479017e-05,0.000156226047895616,2.81977579887231,"P62760;Q4ZFX3;E7ER47;Q53RT2;E9PE24","P62760"
"Q60FE5;Q60FE6;A6NDY9",2.70385188429648,28.5554714143556,5.05816550263047,1.79817733871517e-05,0.000156226047895616,2.8196078426848,"Q60FE5;Q60FE6;A6NDY9","Q60FE5"
"Q10471;B7Z6K2;A0A1L7NY50;A0A1L7NY41;B7Z462",-2.81955632894677,24.3066696046562,-5.05468571256971,1.81624147575308e-05,0.000157357143413163,2.80998709034679,"Q10471;B7Z6K2;A0A1L7NY50;A0A1L7NY41;B7Z462","Q10471"
"O14879;Q5T765;A0A7P0T855;A0A7P0T7D6;B4DLS7",2.76632891417058,24.69335076102,5.04734216113693,1.85495930624175e-05,0.000160266428702715,2.78968545886358,"O14879;Q5T765;A0A7P0T855;A0A7P0T7D6;B4DLS7","O14879"
"Q53EL6;B4DKX4;B2R6E2;Q5VZS7",-2.84896155814939,24.7745809156757,-5.02454634699048,1.9804692757208e-05,0.000170177766246557,2.72667831119237,"Q53EL6;B4DKX4;B2R6E2;Q5VZS7","Q53EL6"
"P98160;Q59EG0;Q2VPA1;A0A0U1RQT3;A0A3B3IT11;H0Y5A9;H7BYA5",2.80571113228391,30.1614268639867,5.02452553273145,1.98058766102918e-05,0.000170177766246557,2.72662079034669,"P98160;Q59EG0;Q2VPA1;A0A0U1RQT3;A0A3B3IT11;H0Y5A9;H7BYA5","P98160"
"Q68CZ2;C9JHU5;A0A994J537;E9PCX8;A0A994J7F3;Q8NDL6;Q59GW4;A0A994J4W0;A0A994J7T8;Q9H8D5;A0A0A7M2D8;Q0VG55;E9PF55;C9JWN9;E9PGF5;Q0VG54;B2RU35;A0A994J515;A0A494C067;Q9HBL0;C9JTD0;Q9UFN8;Q6PJM3;H0Y4U1;Q59G71;A0A2R8Y4T1;A7E2A6;F8VV64;Q9H757;B3KYA3;Q63HR2;A0A0A7M2A0",2.99135119457488,24.5517954812842,5.01040604742207,2.06254307917513e-05,0.000176732743515034,2.68760522880236,"Q68CZ2;C9JHU5;A0A994J537;E9PCX8;A0A994J7F3;Q8NDL6;Q59GW4;A0A994J4W0;A0A994J7T8;Q9H8D5;A0A0A7M2D8;Q0VG55;E9PF55;C9JWN9;E9PGF5;Q0VG54;B2RU35;A0A994J515;A0A494C067;Q9HBL0;C9JTD0;Q9UFN8;Q6PJM3;H0Y4U1;Q59G71;A0A2R8Y4T1;A7E2A6;F8VV64;Q9H757;B3KYA3;Q63HR2;A0A0A7M2A0","Q68CZ2"
"P09211;V9HWE9;A8MX94;C7DJS1;A0A087X2E9;Q5D6A5;A0A2R8Y5E5;B2C310;A0A3B6XSH2;A0A087X243",-2.67500371437406,31.7693097027657,-5.00912395981595,2.07015024287316e-05,0.000176898591986887,2.68406291872207,"P09211;V9HWE9;A8MX94;C7DJS1;A0A087X2E9;Q5D6A5;A0A2R8Y5E5;B2C310;A0A3B6XSH2;A0A087X243","P09211"
"O94813;A0A087WYV5;X6R3P0;B3KNE2;H0Y9Z6;H0Y968;E9PCX4;F5H0U4",2.76067852295196,25.280227677296,5.00734174537302,2.08077135945734e-05,0.000177320378965777,2.67913891141341,"O94813;A0A087WYV5;X6R3P0;B3KNE2;H0Y9Z6;H0Y968;E9PCX4;F5H0U4","O94813"
"P00533;Q2TTR7;A8K2T7;A9CB80;C9JYS6;B7Z2I3;F2YGG7;E7BSV0;Q504U8;Q59FL8;Q68GS6;A0A2D3C335;Q147T7;A0A2D3C337;Q75MF2;A2VCQ7;I3WA72;I3WA73;A0A8V8TPW8;I3WA68;F1JTL6;A0A1Y0B9F1;A0A1Y0B9F8;A0A068JD88;A0A1Y0B9F6;B6RC65;B6RC66;A0A1Y0B9F4;Q9H3C8;E2I6F5;Q9H3D0",2.66096413050353,28.1484132695048,4.99503243679827,2.15562706761042e-05,0.000182794723305273,2.64513373435178,"P00533;Q2TTR7;A8K2T7;A9CB80;C9JYS6;B7Z2I3;F2YGG7;E7BSV0;Q504U8;Q59FL8;Q68GS6;A0A2D3C335;Q147T7;A0A2D3C337;Q75MF2;A2VCQ7;I3WA72;I3WA73;A0A8V8TPW8;I3WA68;F1JTL6;A0A1Y0B9F1;A0A1Y0B9F8;A0A068JD88;A0A1Y0B9F6;B6RC65;B6RC66;A0A1Y0B9F4;Q9H3C8;E2I6F5;Q9H3D0","P00533"
"P22532;Q15515;Q9BYE4;Q96RM1",-3.02934583875544,25.2568108402378,-4.99485401705907,2.15673158628857e-05,0.000182794723305273,2.64464088778014,"P22532;Q15515;Q9BYE4;Q96RM1","P22532"
"Q96CS7;B4DJB7;A0A0A0MSE9;B7WPA5;A0A0A0MSI4",-3.01181964653918,25.0511740475578,-4.99340026056748,2.16575220787439e-05,0.000183061819413556,2.64062524685153,"Q96CS7;B4DJB7;A0A0A0MSE9;B7WPA5;A0A0A0MSI4","Q96CS7"
"Q8WU90;B7Z592;F8WB26",3.16963444742651,25.0154219499446,4.9890195390428,2.19316281670212e-05,0.000184388607168884,2.62852515700892,"Q8WU90;B7Z592;F8WB26","Q8WU90"
"P32004;Q7Z3Z9;A8K139;Q86SE4;H3BLW5;Q7Z2J6;Q7Z2I3;E9PHJ4;E7EMY4;E7EVM4;E7EPI4;H0Y5C3;Q7Z2J0",2.7251934175751,24.7768527918898,4.989002099189,2.19327262775427e-05,0.000184388607168884,2.628476987698,"P32004;Q7Z3Z9;A8K139;Q86SE4;H3BLW5;Q7Z2J6;Q7Z2I3;E9PHJ4;E7EMY4;E7EVM4;E7EPI4;H0Y5C3;Q7Z2J0","P32004"
"Q8WVJ2;E5RFP0",3.79226487195908,24.9744279940278,4.98748123009676,2.20286997600727e-05,0.000184697619762545,2.62427636158742,"Q8WVJ2;E5RFP0","Q8WVJ2"
"P07305",3.00204993312587,24.9392933623914,4.97549091600933,2.28001458324887e-05,0.000190653230164965,2.59116288946947,"P07305","P07305"
"Q16720;A0A994J581;A0A994J5M1;A1L3B5;A0A804HKZ0;A2VBC8;A0A994J7W3;A1X4Q0;A0A2R8Y535",2.89404090003379,25.1829874427351,4.97191649872345,2.30352877967008e-05,0.000191957220010801,2.58129275197353,"Q16720;A0A994J581;A0A994J5M1;A1L3B5;A0A804HKZ0;A2VBC8;A0A994J7W3;A1X4Q0;A0A2R8Y535","Q16720"
"Q8WXF1;X6RDA4;B4DWI8",-3.71110375627438,24.3044352541102,-4.97125334144562,2.307917842387e-05,0.000191957220010801,2.57946162289062,"Q8WXF1;X6RDA4;B4DWI8","Q8WXF1"
"Q9UNN8;A0A0U1RQQ4;A0A0U1RRC4",-2.57234790978327,24.338923320035,-4.96518534438127,2.34846745787555e-05,0.000194810372370049,2.56270745423899,"Q9UNN8;A0A0U1RQQ4;A0A0U1RRC4","Q9UNN8"
"Q9UQB8;B4DMV0;I3L3C5",-2.69571870300652,27.2863168519062,-4.96288717850564,2.36400971084465e-05,0.000195193300959064,2.55636251169278,"Q9UQB8;B4DMV0;I3L3C5","Q9UQB8"
"O14684",-2.95898314168106,24.434019891109,-4.96265286113129,2.36560012063245e-05,0.000195193300959064,2.55571560551584,"O14684","O14684"
"P99999;C9JFR7;G4XXL9;Q6LER6;CON__P62894",-2.80243696421595,26.4447621474054,-4.94391952618911,2.49626198208972e-05,0.000205431164172503,2.50400504025827,"P99999;C9JFR7;G4XXL9;Q6LER6;CON__P62894","P99999"
"P17252;Q2TSD3;L7RSM7;Q59FI5;A0A169TED2;J3KRN5;Q7Z727;P05771;P05129;H3BV73;B7Z3V9;A0A804HHY0;B2R5T1;B7Z3W6;A0A804HIU5",2.76505740675276,25.5611460304956,4.92670326799176,2.6226714296323e-05,0.000215266110237451,2.45649767410062,"P17252;Q2TSD3;L7RSM7;Q59FI5;A0A169TED2;J3KRN5;Q7Z727;P05771;P05129;H3BV73;B7Z3V9;A0A804HHY0;B2R5T1;B7Z3W6;A0A804HIU5","P17252"
"Q8NBI5;E9PS74;B0AZP8;A8K2X6;H0YD64;B4DV87",3.00380628684238,27.0166866434054,4.91215552465702,2.73444333107172e-05,0.000223851148283798,2.4163660316866,"Q8NBI5;E9PS74;B0AZP8;A8K2X6;H0YD64;B4DV87","Q8NBI5"
"O75874;A0A024R3Y6;V9HW78;B2R5M8;Q6FIA4;Q6FI37;Q0QER2;C9J4N6;B4DXS4;C9JLU6;C9JJE5;A0A0A0U6N4",-2.67475194833776,28.2426990087734,-4.90975749061823,2.75331774010982e-05,0.000224806231188548,2.40975186929562,"O75874;A0A024R3Y6;V9HW78;B2R5M8;Q6FIA4;Q6FI37;Q0QER2;C9J4N6;B4DXS4;C9JLU6;C9JJE5;A0A0A0U6N4","O75874"
"O75348;A0A7I2V4K4;A0A7I2V3Q6;A0A7I2V375;O95670;A0A7I2V2N1;A0A7I2YQH3;F2Z307",-2.61766666631453,26.0633532477831,-4.89869562913354,2.84207636501329e-05,0.000231447419908001,2.37924557792947,"O75348;A0A7I2V4K4;A0A7I2V3Q6;A0A7I2V375;O95670;A0A7I2V2N1;A0A7I2YQH3;F2Z307","O75348"
"O00515;Q63HQ8;E9PDI4;Q6IPJ9;A0A0J9YVY2;A0A0J9YYF6;A0A0J9YW63",-2.8004368926024,24.6100797595861,-4.89526340486018,2.87019076606866e-05,0.000233128255191879,2.36978161084335,"O00515;Q63HQ8;E9PDI4;Q6IPJ9;A0A0J9YVY2;A0A0J9YYF6;A0A0J9YW63","O00515"
"P09382;A0A384MR27;F8WEI7;A0A0B6XK00",2.58122633363753,31.0286142502297,4.87209028548423,3.06739052599126e-05,0.000248498468845889,2.30590206801601,"P09382;A0A384MR27;F8WEI7;A0A0B6XK00","P09382"
"Q6P1M3;J3QRV5;B3KX47;B4DVR9;A0PJJ0;J3QLD8;J3KRE1;J3QLV4;J3QRZ8;J3QL58;J3QSA6",-2.99783146679461,25.1826292378017,-4.85276516104218,3.24211409215513e-05,0.000261972897757302,2.25265438678103,"Q6P1M3;J3QRV5;B3KX47;B4DVR9;A0PJJ0;J3QLD8;J3KRE1;J3QLV4;J3QRZ8;J3QL58;J3QSA6","Q6P1M3"
"A0A2X0SFQ7;P11274;B4E065;Q12843;Q12844;A9UEZ6;A9UF07;A9UEZ7;A9UEZ5;A9UEZ8;A9UF00;A9UF02;A9UF06;A9UF05;A9UF01;A9UF03;A9UF04;E7E8T7;A9UF08;A9UEZ9;A9UEZ4;Q6QME9;H0Y554;A0A127KQ99;A2RQD6;Q13746;J7M832;A2RQD7;Q8TDA2;Q6QJE4;B0ZRR0;A9YD18;B4DLK4;Q6QJE6;J7M5B9;Q6QJE8;Q6QJE5;I3L1U8;Q6QJE9;Q6QJE3;Q6QJE7",-3.21584825579308,25.8614135297483,-4.84111053305194,3.35223699133415e-05,0.000270171244857138,2.22055284103223,"A0A2X0SFQ7;P11274;B4E065;Q12843;Q12844;A9UEZ6;A9UF07;A9UEZ7;A9UEZ5;A9UEZ8;A9UF00;A9UF02;A9UF06;A9UF05;A9UF01;A9UF03;A9UF04;E7E8T7;A9UF08;A9UEZ9;A9UEZ4;Q6QME9;H0Y554;A0A127KQ99;A2RQD6;Q13746;J7M832;A2RQD7;Q8TDA2;Q6QJE4;B0ZRR0;A9YD18;B4DLK4;Q6QJE6;J7M5B9;Q6QJE8;Q6QJE5;I3L1U8;Q6QJE9;Q6QJE3;Q6QJE7","A0A2X0SFQ7"
"Q15334;A0AAA9YHJ2;A0PJG1",3.06116625085493,26.1589646659373,4.82987441631508,3.46192622685488e-05,0.0002782924716897,2.18961223051925,"Q15334;A0AAA9YHJ2;A0PJG1","Q15334"
"O43520;A0A2R8Y5C5;A0A3B3IRQ1;O60312;Q8TF62;H0YMP8",-3.0586695083054,25.7919127496405,-4.82597265545341,3.50084511105296e-05,0.00028069758101219,2.1788699655486,"O43520;A0A2R8Y5C5;A0A3B3IRQ1;O60312;Q8TF62;H0YMP8","O43520"
"O60313;E5KLK0;E5KLM1;E5KLJ9;E5KLM0;C9JMB8;A0A2R8YE78;E5KLM2;A0A2R8Y3X5;E5KLL9;A0A2R8YDM2;A0A2R8YFD1;A0A2R8YGE5;A0A2R8YD53;A0A2R8Y4Q3;A0A2R8Y4G4;A0A2R8YE54;Q6PEK6;H7C141;H7C3G2",-2.7839870970829,25.0021768277595,-4.81753236814487,3.58652945079196e-05,0.000286830393769747,2.1556357357646,"O60313;E5KLK0;E5KLM1;E5KLJ9;E5KLM0;C9JMB8;A0A2R8YE78;E5KLM2;A0A2R8Y3X5;E5KLL9;A0A2R8YDM2;A0A2R8YFD1;A0A2R8YGE5;A0A2R8YD53;A0A2R8Y4Q3;A0A2R8Y4G4;A0A2R8YE54;Q6PEK6;H7C141;H7C3G2","O60313"
"Q9NQC3;Q6IPN0;Q53R94;Q53SY1;A6XGP7;H7C106;Q3LIF4;A0A0U1RQR6",2.80397299687514,27.3662935573655,4.79672072606744,3.80682024694816e-05,0.000303669369571133,2.09836644003788,"Q9NQC3;Q6IPN0;Q53R94;Q53SY1;A6XGP7;H7C106;Q3LIF4;A0A0U1RQR6","Q9NQC3"
"Q13183;B3KRN0;J3QL78;B4E1M6;B4E1Q2;Q4VAR9",-2.75971753473497,24.4295905917975,-4.78741886583911,3.90958096870609e-05,0.00031103353282525,2.07277934623409,"Q13183;B3KRN0;J3QL78;B4E1M6;B4E1Q2;Q4VAR9","Q13183"
"O76054;B2RAW8;B3KRD8;B7Z3Z8;H7C417;Q9UDX4;C9JZI9;Q6XCI7;Q6ISB2;F8WEE7;C9JTM4;B4DNV5;Q495V9;B5MC44;B3KYA6",-3.09286527409136,24.4139010182369,-4.78657111408494,3.91908234691643e-05,0.00031103353282525,2.07044769646655,"O76054;B2RAW8;B3KRD8;B7Z3Z8;H7C417;Q9UDX4;C9JZI9;Q6XCI7;Q6ISB2;F8WEE7;C9JTM4;B4DNV5;Q495V9;B5MC44;B3KYA6","O76054"
"Q08174;B4E2D8;A8K0E7;B4DUA8;H0Y9F5;D6RBG2",-2.53731203917567,24.6412952276083,-4.7814830007101,3.97659276913004e-05,0.000314266306689127,2.05645446533537,"Q08174;B4E2D8;A8K0E7;B4DUA8;H0Y9F5;D6RBG2","Q08174"
"Q96EY5;E9PQA6;A8K0C2;E9PLZ8;M0QZK6;E9PLL0;E9PJW8",-2.58071761017467,27.2269325636089,-4.78118669102977,3.9799676544471e-05,0.000314266306689127,2.05563961723993,"Q96EY5;E9PQA6;A8K0C2;E9PLZ8;M0QZK6;E9PLL0;E9PJW8","Q96EY5"
"Q9P253;H0YMC9;H0YLM6",-2.53587188721782,24.3508276481059,-4.77691338446306,4.02895718677918e-05,0.00031733124913041,2.04388877777373,"Q9P253;H0YMC9;H0YLM6","Q9P253"
"P29966;Q6NVI1;Q05C82",2.54218019270467,30.4199925263904,4.77457443872477,4.05602434652814e-05,0.00031865843669575,2.03745764849045,"P29966;Q6NVI1;Q05C82","P29966"
"P62745;B4DMJ8",-2.69243240490637,24.324205426818,-4.77235977089003,4.08181985499104e-05,0.000319879299691383,2.03136859839022,"P62745;B4DMJ8","P62745"
"Q9NVM1",-2.64153867080117,24.3663973275327,-4.75532616232035,4.28574553415824e-05,0.000335018554412019,1.98454814968271,"Q9NVM1","Q9NVM1"
"P28065;A2ACR1;A0A0G2JJA7;A0A1U9X8E3;A0A1U9X8E2;A0A1U9X8D7;A2ACR0;A0A0G2JJQ0;B4DZW2;A0A0G2JJ13;A0A0G2JHI2",3.40162492517281,24.7581235612048,4.73780480909473,4.50607283018405e-05,0.000351361028933602,1.93640985513618,"P28065;A2ACR1;A0A0G2JJA7;A0A1U9X8E3;A0A1U9X8E2;A0A1U9X8D7;A2ACR0;A0A0G2JJQ0;B4DZW2;A0A0G2JJ13;A0A0G2JHI2","P28065"
"P20020;Q59H63;A0A2R8Y4R4;A0A994J4Z0;Q58F24;A0A0U1RQU3;A1X4P8;H0YHH6;Q3L582;A1X4P7;F8W1V5;A1X4P9",2.54208345235781,27.905880463117,4.73678494616734,4.51923840613091e-05,0.000351508842611529,1.93360860465889,"P20020;Q59H63;A0A2R8Y4R4;A0A994J4Z0;Q58F24;A0A0U1RQU3;A1X4P8;H0YHH6;Q3L582;A1X4P7;F8W1V5;A1X4P9","P20020"
"P46821;A2BDK6;Q5H9P1;Q05BW8;D6RA32;Q86X89;Q32NB7;Q6PJD3;A5D6X1;Q4VBY4;D6RA40;A5D8X6;D6RCL2;D6RGJ3;P78559;E9PGC8",2.87086494283948,24.4977713655858,4.7344478479569,4.54955265538941e-05,0.000352986436123372,1.92718961914416,"P46821;A2BDK6;Q5H9P1;Q05BW8;D6RA32;Q86X89;Q32NB7;Q6PJD3;A5D6X1;Q4VBY4;D6RA40;A5D8X6;D6RCL2;D6RGJ3;P78559;E9PGC8","P46821"
"P31151;Q86SG5",-2.78488763833423,27.550243645149,-4.73010366905025,4.60643812036469e-05,0.00035651316370763,1.91525919915872,"P31151;Q86SG5","P31151"
"P36404;Q53YD8;V9GYD0;B4DGG0",2.57660919404662,24.0759969483348,4.72292600938442,4.70197875599947e-05,0.000363006726236692,1.89555045772503,"P36404;Q53YD8;V9GYD0;B4DGG0","P36404"
"P53990;A8K5S3;B4DLP1;B4DXC9",-2.61608376828195,28.4716103041101,-4.70659457450364,4.92675848516765e-05,0.000379421227536739,1.85072228951793,"P53990;A8K5S3;B4DLP1;B4DXC9","P53990"
"Q6UWP8;K7ESC4",-3.11360281888269,24.4385641034834,-4.69798988815589,5.04944871759921e-05,0.000387912082517042,1.82711206058322,"Q6UWP8;K7ESC4","Q6UWP8"
"Q8WUM4;Q4W4Y1;A0A3B3IT07;C9IZF9;F8WEQ7;F8WBR8;F8WDK9",-2.51642116512026,30.1451887370085,-4.69553136149152,5.08505748388001e-05,0.000389687820447709,1.82036728861434,"Q8WUM4;Q4W4Y1;A0A3B3IT07;C9IZF9;F8WEQ7;F8WBR8;F8WDK9","Q8WUM4"
"Q99816;F5H442;L0L6B6;Q86SI0;J3QRU6;J3QKS4",-2.60307027942783,28.440250985338,-4.68787819507589,5.19750763844614e-05,0.000397329076576312,1.79937468823112,"Q99816;F5H442;L0L6B6;Q86SI0;J3QRU6;J3QKS4","Q99816"
"P22223;B4DLF0;J3QR60",-2.57252302227529,24.4932927493788,-4.68556792362799,5.23193558688272e-05,0.000398983058569369,1.79303859827915,"P22223;B4DLF0;J3QR60","P22223"
"P06454;Q15202;Q15204;Q53S24;Q86YS2;V9HVW6;Q8TBK9;B8ZZQ6;H7C2N1;Q15200;B8ZZA1;B8ZZW7;Q7Z4R6;Q7KZ52;Q15203;Q9NYD3;Q15254;Q9UMZ1;V9HVW7",2.61526146710012,25.3750377081213,4.68217646800418,5.28288586699174e-05,0.000401885878515786,1.78373810536485,"P06454;Q15202;Q15204;Q53S24;Q86YS2;V9HVW6;Q8TBK9;B8ZZQ6;H7C2N1;Q15200;B8ZZA1;B8ZZW7;Q7Z4R6;Q7KZ52;Q15203;Q9NYD3;Q15254;Q9UMZ1;V9HVW7","P06454"
"P13473;B4E2S7;A0A9L9PXQ4;B7Z2R9",3.39688502163972,26.2278410478085,4.68048871751798,5.30842435386534e-05,0.000402846120674112,1.7791101023723,"P13473;B4E2S7;A0A9L9PXQ4;B7Z2R9","P13473"
"Q92820;A0A7I2YQQ3;A8K335;B4DVI2;A0A7I2V5P2;A0A7I2V5X9",2.70342068874115,24.7485891411231,4.66794295133147,5.50214217559953e-05,0.000416533530235314,1.74471591086571,"Q92820;A0A7I2YQQ3;A8K335;B4DVI2;A0A7I2V5P2;A0A7I2V5X9","Q92820"
"Q9UN37;I3L4J1;Q9UF30;Q9NXK5;Q49AN7",-2.59895209831632,26.3519523949768,-4.66135339187317,5.6066839703945e-05,0.000423420031565628,1.72665616220155,"Q9UN37;I3L4J1;Q9UF30;Q9NXK5;Q49AN7","Q9UN37"
"B4E2V3",-2.71866906248119,24.6226196506156,-4.65906774645954,5.64340358158041e-05,0.000425163665964959,1.72039288060078,"B4E2V3","B4E2V3"
"Q9Y6W3;Q7Z479;B2RAM2;H7C1B7;H7C0F1",-2.70690544308961,25.4033545819555,-4.65635449754038,5.68730258819214e-05,0.000427438476447501,1.71295845467146,"Q9Y6W3;Q7Z479;B2RAM2;H7C1B7;H7C0F1","Q9Y6W3"
"Q96PD2;B7Z7Y3;Q14089;C9JIW6",2.54461583229856,24.9989928601711,4.65393515049374,5.72673201748422e-05,0.000429367239483973,1.70632988849198,"Q96PD2;B7Z7Y3;Q14089;C9JIW6","Q96PD2"
"Q9Y6W5;Q05BU7;B4E3J5;Q8NBU0",-2.79489033945303,25.8708529177718,-4.64789404884478,5.826375038976e-05,0.000435790497519572,1.68978067949918,"Q9Y6W5;Q05BU7;B4E3J5;Q8NBU0","Q9Y6W5"
"Q13442;F8WBW6",2.90063623562122,24.6218775826175,4.63813483908153,5.99099038278054e-05,0.000447031076648146,1.66305295713406,"Q13442;F8WBW6","Q13442"
"O95477;B7XCW9;B2RUU2;A0A7I2V5U0;Q6ZNR3;Q59HC0;A5D8U6;B1AMI2",2.64861596146374,24.2579289780299,4.63245238345944,6.08895647001279e-05,0.000453256688066107,1.647494346049,"O95477;B7XCW9;B2RUU2;A0A7I2V5U0;Q6ZNR3;Q59HC0;A5D8U6;B1AMI2","O95477"
"Q8TCZ2;A0A0S2Z5R8;A0A0U1RQT8;A0A024RC16",2.74113320763327,25.7363068730854,4.62443478843047,6.2298880550818e-05,0.000462643353423812,1.62554721370217,"Q8TCZ2;A0A0S2Z5R8;A0A0U1RQT8;A0A024RC16","Q8TCZ2"
"Q86VI3;A2RRC9;F2Z2E2",2.50350967073975,24.7096151584289,4.61985735737135,6.31179460121681e-05,0.000467612526394186,1.61301979447696,"Q86VI3;A2RRC9;F2Z2E2","Q86VI3"
"P54289;A0A994J595;Q9UIU0;A0A994J5M8;Q9UDQ3;H0Y715;B7Z658;Q9UDU5;E7ERK3",2.53935019772674,25.088817610549,4.6145227255766,6.40859813647113e-05,0.000473659184541551,1.59842259078089,"P54289;A0A994J595;Q9UIU0;A0A994J5M8;Q9UDQ3;H0Y715;B7Z658;Q9UDU5;E7ERK3","P54289"
"P21741;E9PPJ5;E9PLM6",3.41408897759361,24.8831128447594,4.61337528134373,6.4296115064907e-05,0.000474088848433676,1.59528318287556,"P21741;E9PPJ5;E9PLM6","P21741"
"O95861;V9HWF9;A6NF51;B7Z9J7;F8VVW8;F8VZG4;F8W1J0;F8VRY7",-2.50867638026265,27.3115662384711,-4.60398761716282,6.60411474004585e-05,0.000485396242036111,1.56960328432562,"O95861;V9HWF9;A6NF51;B7Z9J7;F8VVW8;F8VZG4;F8W1J0;F8VRY7","O95861"
"Q96FX8",-2.58143183798374,24.3692820756846,-4.60345854767336,6.61408794053694e-05,0.000485396242036111,1.56815627160706,"Q96FX8","Q96FX8"
"Q8N9U0;H0YJ73",-2.52084682293665,24.1876297705484,-4.59816830802664,6.71463591789551e-05,0.000491618531171739,1.55368888957126,"Q8N9U0;H0YJ73","Q8N9U0"
"O14896;G0Z349;A0A8Q3SJ75;B2R762;B1AJU4;A0A2R8YHF3;A0A8Q3WL17",-2.6164545977587,24.3401349928865,-4.59118906220068,6.84960668320685e-05,0.000500326071309652,1.53460672975623,"O14896;G0Z349;A0A8Q3SJ75;B2R762;B1AJU4;A0A2R8YHF3;A0A8Q3WL17","O14896"
"P78324;B4DP97;Q5TFQ8;H3BQ21;Q2QD20;O00241;H3BTT9;H3BU43;H3BSK5;H3BUA5;H3BRP9;H3BV43;H3BML4;H9KV29;A2RRP5",-2.52432617843842,24.8574357918332,-4.58313525568767,7.00870238784388e-05,0.000510750998777688,1.51259258130717,"P78324;B4DP97;Q5TFQ8;H3BQ21;Q2QD20;O00241;H3BTT9;H3BU43;H3BSK5;H3BUA5;H3BRP9;H3BV43;H3BML4;H9KV29;A2RRP5","P78324"
"P07942;G3XAI2;A0A7I2V4J9;A0A7I2V5X5;A0A7I2V2T9;A0A7I2V3I5;A0A7I2V682;A0A7I2V3J7;Q8TAS6;A0A7I2V2J0;A0A7I2V5R0;A0A7I2V407;E7EPA6;A0A7I2V2R2;C9J296;A0A7I2V5T9",2.49653352297863,28.4241598905188,4.58024808410536,7.06662297814291e-05,0.000513771493445868,1.50470241109523,"P07942;G3XAI2;A0A7I2V4J9;A0A7I2V5X5;A0A7I2V2T9;A0A7I2V3I5;A0A7I2V682;A0A7I2V3J7;Q8TAS6;A0A7I2V2J0;A0A7I2V5R0;A0A7I2V407;E7EPA6;A0A7I2V2R2;C9J296;A0A7I2V5T9","P07942"
"Q10589;A0A024R7H5;B4E0Z6;A0A7P0T9F9",3.06387174961588,27.0070441700638,4.57874498394672,7.09696468332169e-05,0.000514777508076287,1.50059501488979,"Q10589;A0A024R7H5;B4E0Z6;A0A7P0T9F9","Q10589"
"O43175;V9HW79;A0A286YF22;A0A2C9F2M7;B3KSC3;A0A286YFA2;Q9UMY2;A0A286YFL2;Q8N5M8;A0A286YFM8;Q9UMY3;A0A286YF78;A0A286YFB2;A0A286YFC8;A0A286YER3;A0A286YFE1;A0A286YF34;Q96RV6;A0A286YFK5;A0A286YFF3;Q96RV5;Q96RV7",-2.67150933146399,25.3525309549077,-4.57038708814058,7.26804711935982e-05,0.000522814073481828,1.47776026399912,"O43175;V9HW79;A0A286YF22;A0A2C9F2M7;B3KSC3;A0A286YFA2;Q9UMY2;A0A286YFL2;Q8N5M8;A0A286YFM8;Q9UMY3;A0A286YF78;A0A286YFB2;A0A286YFC8;A0A286YER3;A0A286YFE1;A0A286YF34;Q96RV6;A0A286YFK5;A0A286YFF3;Q96RV5;Q96RV7","O43175"
"Q14644;B7Z3G9",2.50307904309064,24.6247940926766,4.57010842326395,7.27382110525926e-05,0.000522814073481828,1.47699904135548,"Q14644;B7Z3G9","Q14644"
"Q9ULZ3;B2RAZ4;H3BP42",-3.03994789097296,25.5789936545385,-4.56985356493388,7.27910579358361e-05,0.000522814073481828,1.47630285747442,"Q9ULZ3;B2RAZ4;H3BP42","Q9ULZ3"
"Q92599;A0A087X142;B7ZVZ1;A6NMH6;A6NFQ9;F8W8I8;C9JV02;A0A0A0MRP8;C9J4G8",-2.50912325279034,26.3065726290747,-4.56960830938798,7.28419495187813e-05,0.000522814073481828,1.47563291131423,"Q92599;A0A087X142;B7ZVZ1;A6NMH6;A6NFQ9;F8W8I8;C9JV02;A0A0A0MRP8;C9J4G8","Q92599"
"O00592;Q96N83;B7ZKQ8",2.35111008597348,28.5759529055081,4.56925311102913,7.29157172057055e-05,0.000522814073481828,1.47466265353538,"O00592;Q96N83;B7ZKQ8","O00592"
"P22676;H3BN14;A0A140VK08;A6NER6;H3BMN5;P05937;B7Z380",2.59601494140121,25.5378267521878,4.56750647336111,7.32795374472045e-05,0.000524217608481263,1.46989173618735,"P22676;H3BN14;A0A140VK08;A6NER6;H3BMN5;P05937;B7Z380","P22676"
"P13866;A4QPH0",-2.70127201902638,24.380352656255,-4.55005955606891,7.70138290601437e-05,0.000549670784527662,1.42225302820549,"P13866;A4QPH0","P13866"
"O14493;B3KW38;Q75L80;B3KX18;P56747;O95484",-2.46496471816745,27.8989285112312,-4.54721570123873,7.76401324031238e-05,0.000552875737363797,1.41449091425213,"O14493;B3KW38;Q75L80;B3KX18;P56747;O95484","O14493"
"Q6ZNJ1;H0Y764;A0A494C1V1;H7C3Y7;B4DVX0;B4DDY6;H7C408;Q8TET5",-2.45977628037617,23.7970626930122,-4.53874005478564,7.95367985436597e-05,0.000565091741817026,1.39136228050378,"Q6ZNJ1;H0Y764;A0A494C1V1;H7C3Y7;B4DVX0;B4DDY6;H7C408;Q8TET5","Q6ZNJ1"
"O14737;K7EQA1;K7ESJ4;Q3HM38;X6R2P6;Q59GR9",2.34895060986276,26.0349895388322,4.53203798221275,8.10689969375449e-05,0.000574668639655006,1.37307887236714,"O14737;K7EQA1;K7ESJ4;Q3HM38;X6R2P6;Q59GR9","O14737"
"Q6XQN6;G5E977;C9J8U2;H0YF31;A0A087WUT5;Q8WY82;H0YDA6",-2.64676544760343,25.1567387758846,-4.51573992305042,8.49179916193873e-05,0.00060058779106773,1.32863772814585,"Q6XQN6;G5E977;C9J8U2;H0YF31;A0A087WUT5;Q8WY82;H0YDA6","Q6XQN6"
"Q9NRX5",2.31900379983026,24.378649943318,4.5050969211461,8.75285326369128e-05,0.000617650437317943,1.29963245711589,"Q9NRX5","Q9NRX5"
"P10398;A0A024R178;Q96II5;A0A0S2Z3F2;B4DV85;Q59HC8;B4DMG5",2.40873873707629,24.3971746250929,4.49835555199783,8.92229926300602e-05,0.000627968276945889,1.28126682929963,"P10398;A0A024R178;Q96II5;A0A0S2Z3F2;B4DV85;Q59HC8;B4DMG5","P10398"
"P19883;Q6FHE1;H0YA75;H0YAF9",2.27153762007806,24.2924212507105,4.49768474031706,8.93933680551377e-05,0.000627968276945889,1.27943960619089,"P19883;Q6FHE1;H0YA75;H0YAF9","P19883"
"Q4LE33",2.53333566211447,27.0729135124224,4.48154437835625,9.35912122033315e-05,0.000655979754746496,1.23549037734564,"Q4LE33","Q4LE33"
"O75531;B2R4V4",2.4621098003269,27.4056043967845,4.48054358143373,9.38578304925672e-05,0.00065637348274959,1.23276625474293,"O75531;B2R4V4","O75531"
"Q14689;A0A494C143;Q96NX2;Q8N7L2",-2.67063839219971,24.4109354600711,-4.47279149641389,9.5948638709839e-05,0.000669493968984313,1.21166938788842,"Q14689;A0A494C143;Q96NX2;Q8N7L2","Q14689"
"O43294;H3BQC4;H3BSN4;I3L209;H3BS04;H3BN49",2.53529463051817,24.7123302544121,4.46917279616063,9.69403414936562e-05,0.000674903850711414,1.20182370420565,"O43294;H3BQC4;H3BSN4;I3L209;H3BS04;H3BN49","O43294"
"P78539;V9HW11",2.4907819095915,24.5437978330832,4.46063372422805,9.93208296853815e-05,0.000689936899306693,1.17859690413019,"P78539;V9HW11","P78539"
"A0A994J5B1;O43491;E9PHY5;E9PK52;E9PII3;Q59FD8;I6L9B1;A0A2R8Y5B3;H0Y5B0;Q6R5J7;E9PQD2;Q6ZSX4;E9PQN0;E9PRG1;E9PIG0;B4DJ76;E9PJP4;E9PMV8;E9PPC9;Q9UG62;O60642;E9PMG5;E9PN54;Q9H1C6",2.84618865768582,25.5934670191491,4.45779387740738,0.000100125248085973,0.000693979219511443,1.17087426643394,"A0A994J5B1;O43491;E9PHY5;E9PK52;E9PII3;Q59FD8;I6L9B1;A0A2R8Y5B3;H0Y5B0;Q6R5J7;E9PQD2;Q6ZSX4;E9PQN0;E9PRG1;E9PIG0;B4DJ76;E9PJP4;E9PMV8;E9PPC9;Q9UG62;O60642;E9PMG5;E9PN54;Q9H1C6","A0A994J5B1"
"O60266;B3KNM3;B3KVJ0;B7ZLX9;A0A0A0MSC1;U3KQ91;C9JLX3;H7C1A6;Q8NBM1;C9J969;C9JYB5",-2.52422124603242,24.3399069473909,-4.44479303517111,0.000103890900603735,0.000718482747190797,1.13553233645027,"O60266;B3KNM3;B3KVJ0;B7ZLX9;A0A0A0MSC1;U3KQ91;C9JLX3;H7C1A6;Q8NBM1;C9J969;C9JYB5","O60266"
"Q9NZZ3",-2.46781577107329,28.0961569142487,-4.43472212060228,0.000106903835344713,0.000737683766460528,1.10816933621502,"Q9NZZ3","Q9NZZ3"
"Q5T2T1;B3KQ45;S4R337;U5GXS2",-2.3910406119432,24.0719849179318,-4.42894130836933,0.000108672137860932,0.000748230459135202,1.09246831964428,"Q5T2T1;B3KQ45;S4R337;U5GXS2","Q5T2T1"
"Q8IZ21;A0A0J9YVR0",-2.40382490775916,23.8320616423988,-4.40316970264613,0.000116913638340598,0.000801501338875404,1.02252209156262,"Q8IZ21;A0A0J9YVR0","Q8IZ21"
"P16444;Q6I9V1;A0A140VJI3;H3BQS5;H3BP43",-2.44194022350985,24.1992058901412,-4.4031411980496,0.000116923087267813,0.000801501338875404,1.0224447744578,"P16444;Q6I9V1;A0A140VJI3;H3BQS5;H3BP43","P16444"
"P16333;B2R6S4;A0A0S2Z4Y3;A0A0S2Z4E4;H7C5C7;C9JVV5;C9J869;A0A0S2Z4D7;C9K098",-2.57818713544951,25.2025175741744,-4.38864708245916,0.000121826728187735,0.000833284134249003,0.983143896449843,"P16333;B2R6S4;A0A0S2Z4Y3;A0A0S2Z4E4;H7C5C7;C9JVV5;C9J869;A0A0S2Z4D7;C9K098","P16333"
"P17936;A6XND0;A6XND1;B4DP07;Q6ZSD0;B3KRZ1;B4DN53;A6XNC9;B3KTQ0;B3KWK7;B3KTS0;B3KVY6;H0Y5K2;H0Y485;B3KPF0;B3KVF9;C9JMX4;B3KRJ8;B3KTS7",4.4141578466593,25.382412866271,4.37285861385324,0.000127399533526504,0.00086949484697848,0.940364635083465,"P17936;A6XND0;A6XND1;B4DP07;Q6ZSD0;B3KRZ1;B4DN53;A6XNC9;B3KTQ0;B3KWK7;B3KTS0;B3KVY6;H0Y5K2;H0Y485;B3KPF0;B3KVF9;C9JMX4;B3KRJ8;B3KTS7","P17936"
"P41240;B2R6Q4;A8K3B6;B4DMZ0;Q53EL3;B5BU52;B4DP99;H3BU69;H3BUM9;P42679;K7ENL8;K7ES68;Q16176;K7EQY5;F1T0G6;B2RDR6",-3.16080087897438,25.1650125060039,-4.36939020052692,0.000128657084477686,0.00087616036350634,0.930971308673726,"P41240;B2R6Q4;A8K3B6;B4DMZ0;Q53EL3;B5BU52;B4DP99;H3BU69;H3BUM9;P42679;K7ENL8;K7ES68;Q16176;K7EQY5;F1T0G6;B2RDR6","P41240"
"P02511;V9HW27;E9PNH7;A0A024R3B9;E9PJL7;A0A140G961;C3VMY8;E9PRA8;B4DIA6;E9PS12",-2.23976354568668,23.5904987000775,-4.36854624951189,0.000128964926761801,0.000876343369433674,0.928685922620532,"P02511;V9HW27;E9PNH7;A0A024R3B9;E9PJL7;A0A140G961;C3VMY8;E9PRA8;B4DIA6;E9PS12","P02511"
"P43353;Q59F10;A0A087X2D4;Q9BUJ8;B4DSX1;P48448;A0A087WUF8",-2.41233857742187,26.476381914102,-4.35674846993682,0.000133345217887705,0.000903881547144489,0.896748037948583,"P43353;Q59F10;A0A087X2D4;Q9BUJ8;B4DSX1;P48448;A0A087WUF8","P43353"
"P98196;Q6PJ25;H0Y547;E9PEJ6;Q659C3;H0Y8F0;A0A087WVE8",-2.45292957528926,25.1141947522449,-4.35608170506051,0.000133597112290352,0.000903881547144489,0.894943594558365,"P98196;Q6PJ25;H0Y547;E9PEJ6;Q659C3;H0Y8F0;A0A087WVE8","P98196"
"P38159;H0Y6E7;H3BT71;H3BR27;Q96E39;H3BNC1;A0A1B0GUK8;B4E352;Q2VIN3;Q8N7X1;O75526;A8K8A6",-3.01016058899001,25.1967707541753,-4.34543214760311,0.00013768459946578,0.000928506382845237,0.866131285893321,"P38159;H0Y6E7;H3BT71;H3BR27;Q96E39;H3BNC1;A0A1B0GUK8;B4E352;Q2VIN3;Q8N7X1;O75526;A8K8A6","P38159"
"P61421;B2R7M1;F5GYQ1;B7Z6L9;J3QL14;B7Z788;H3BQB4;H3BSG7;H3BQJ1",-2.27561323403613,25.7459255808747,-4.34505359550799,0.000137832143397674,0.000928506382845237,0.865107402131316,"P61421;B2R7M1;F5GYQ1;B7Z6L9;J3QL14;B7Z788;H3BQB4;H3BSG7;H3BQJ1","P61421"
"Q7LG56;H0YAV1;Q6AI41",-2.6222527943693,24.0040656376001,-4.32902928056501,0.00014422289692238,0.000969463826510568,0.821784082464005,"Q7LG56;H0YAV1;Q6AI41","Q7LG56"
"Q4QQP8;Q1WWL2;A4QPA1",-3.35963218975144,24.8112724823945,-4.32805390756428,0.000144621193263015,0.000970050541478157,0.819148223370341,"Q4QQP8;Q1WWL2;A4QPA1","Q4QQP8"
"A0A024R798;A0A088QF11;A0A088QCU6;K7ESF5;B3KX31;A0A0S2YRM7;K7EMN3",-2.40858740394486,30.0805161452892,-4.32314307543546,0.000146643087915622,0.000980506630370965,0.80587917157578,"A0A024R798;A0A088QF11;A0A088QCU6;K7ESF5;B3KX31;A0A0S2YRM7;K7EMN3","A0A024R798"
"P15924;Q4LE79;B4E2A0;B4DKX6;B4DWT7;G1UI31;A0A804HL18;Q6ZP16",-2.36864129995913,27.0881011604671,-4.32245055025454,0.000146930449394829,0.000980506630370965,0.804008245022169,"P15924;Q4LE79;B4E2A0;B4DKX6;B4DWT7;G1UI31;A0A804HL18;Q6ZP16","P15924"
"Q9Y5S2;H0YLY0;Q86TR8;Q86XZ8;A0A0U1RRC3;Q09013;B4DZE2;B4DM55;E5KR07;E5KR05;E5KR06;X5D8Z6;X5DNJ6;I6L989;Q59FU6",-2.40563646409333,26.6858226295811,-4.32198690179821,0.000147123149411225,0.000980506630370965,0.802755689962643,"Q9Y5S2;H0YLY0;Q86TR8;Q86XZ8;A0A0U1RRC3;Q09013;B4DZE2;B4DM55;E5KR07;E5KR05;E5KR06;X5D8Z6;X5DNJ6;I6L989;Q59FU6","Q9Y5S2"
"P62979;A0A248RGE3;Q5RKT7;B2RDW1;P62987;J3QTR3;Q3MIH3;M0R1V7;Q49A90;M0R1M6;Q8WYN9;M0R2S1;J3QSA3;F5GZ39",-2.29030107893188,33.3658498843001,-4.31128768660198,0.000151639813288219,0.00100845325724085,0.773860055496691,"P62979;A0A248RGE3;Q5RKT7;B2RDW1;P62987;J3QTR3;Q3MIH3;M0R1V7;Q49A90;M0R1M6;Q8WYN9;M0R2S1;J3QSA3;F5GZ39","P62979"
"P49841;A0A7I2YQK0;Q6FI27;B5BUC0;A0A3B3ITW1;A0A7I2V3J4;A0A7I2V2I5;A0A7I2V5G5;Q86TM2;A0A7I2V606;A0A7I2V3Z5;A0A7I2V4X3;A0A7I2V3G9;A0A7I2YQU1;A0A7I2V2K7;A0A7I2YQB0;A0A7I2V4X2",-2.27000032161084,24.467895186822,-4.30803664334838,0.000153039128919944,0.00101559370872618,0.765083127813593,"P49841;A0A7I2YQK0;Q6FI27;B5BUC0;A0A3B3ITW1;A0A7I2V3J4;A0A7I2V2I5;A0A7I2V5G5;Q86TM2;A0A7I2V606;A0A7I2V3Z5;A0A7I2V4X3;A0A7I2V3G9;A0A7I2YQU1;A0A7I2V2K7;A0A7I2YQB0;A0A7I2V4X2","P49841"
"O76027",-2.40321006003464,24.1552783268728,-4.29685231412808,0.000157951033392173,0.00104596448651844,0.734900163463528,"O76027","O76027"
"Q9BY43;H0YIN6",-2.3329616495399,26.6458971515172,-4.29352339452146,0.000159442804760605,0.00105360616111934,0.725919978290915,"Q9BY43;H0YIN6","Q9BY43"
"P36543;Q53Y06;C9J8H1;Q96A05;A0A140VKA8",-2.24153907864587,26.7765790209449,-4.29250126816773,0.000159903625542643,0.00105441735320826,0.723162987622562,"P36543;Q53Y06;C9J8H1;Q96A05;A0A140VKA8","P36543"
"P15151;B3KSS4;A8K4I1;A0A0C4DG49;A0A0A0MSA9;A0A9L9PX39;A0A9L9PXN8;A0A9L9PY64;A0A9L9PXB8",2.3653799143448,27.4991402244984,4.28396400943524,0.000163804235338122,0.00107785951480929,0.700141365602305,"P15151;B3KSS4;A8K4I1;A0A0C4DG49;A0A0A0MSA9;A0A9L9PX39;A0A9L9PXN8;A0A9L9PY64;A0A9L9PXB8","P15151"
"Q9Y6B6;D6RD69;Q53F37;D6R9R5;Q9H029;X1WI22;D6RAA2;Q5SQT8;D6RDB2",-2.33599785306936,24.0976438312021,-4.27990713447791,0.000165690514922968,0.00108797624430471,0.689205350839906,"Q9Y6B6;D6RD69;Q53F37;D6R9R5;Q9H029;X1WI22;D6RAA2;Q5SQT8;D6RDB2","Q9Y6B6"
"P16949;B5BU83;A2A2D0;Q96CE4;A0A140VJW2;Q59G27;B7Z4K3",2.49820331974435,26.512076937909,4.27762654627713,0.000166760276860264,0.00109270021749404,0.683058702001329,"P16949;B5BU83;A2A2D0;Q96CE4;A0A140VJW2;Q59G27;B7Z4K3","P16949"
"Q93063;Q6NUL1;A0A804HL74;A0A804HJW9;A0A804HLF7;A0A804HKG2;B7Z431;A0A804HKG8;A0A804HIU8;A0A804HHX4",2.49981072423132,24.2170038758069,4.2702000357864,0.000170291237339669,0.00111218868063688,0.663048135767891,"Q93063;Q6NUL1;A0A804HL74;A0A804HJW9;A0A804HLF7;A0A804HKG2;B7Z431;A0A804HKG8;A0A804HIU8;A0A804HHX4","Q93063"
"Q96I34;A0A087WWZ0",-2.5562521143451,24.2764560390379,-4.26987460057325,0.00017044764005913,0.00111218868063688,0.662171447190791,"Q96I34;A0A087WWZ0","Q96I34"
"O75355;A0A3B3IT06",-2.65472031346004,25.3225422471456,-4.26402426108418,0.000173283550521596,0.00112833276425231,0.646413967183837,"O75355;A0A3B3IT06","O75355"
"Q15847;Q5TBU5;Q5TBU2",-2.64484326116061,26.1419743604616,-4.26214158686899,0.000174206011998427,0.00113197614879811,0.641344217481898,"Q15847;Q5TBU5;Q5TBU2","Q15847"
"Q9UEI6;K7EKE8;Q7Z457;Q7Z458",2.31994579602977,25.8684034788919,4.25703349742068,0.000176733282003037,0.00114446515840788,0.627591639715851,"Q9UEI6;K7EKE8;Q7Z457;Q7Z458","Q9UEI6"
"P61769;B4E0X1;H0YLF3;F5H6I0;A6XND9;A6XMH4;A6XMH5",2.19970538228994,30.2890360045127,4.25677550252303,0.000176861880844052,0.00114446515840788,0.626897142135237,"P61769;B4E0X1;H0YLF3;F5H6I0;A6XND9;A6XMH4;A6XMH5","P61769"
"Q15399;Q6FI64;Q5FWG5;D1CS44;D1CS43;D1CS38;D1CS36;D1CS35;D1CS34;D1CS42;A8KAB7;D6RAP2",-2.21420055446183,23.8668843966363,-4.23360810182709,0.000188793465065045,0.00121914454976786,0.56457453510803,"Q15399;Q6FI64;Q5FWG5;D1CS44;D1CS43;D1CS38;D1CS36;D1CS35;D1CS34;D1CS42;A8KAB7;D6RAP2","Q15399"
"Q5JWF2;A0A7I2V5R6;P63092;A0A0S2Z3H8;B0AZR9;A0A590UJQ9;A0A0A0MR13;Q14455;A0A590UJS2;H0Y7E8;Q5JWD1;A0A590UJX3;A0A590UK00;A0A590UJX6",2.40877119230289,29.1355512725545,4.22221894929216,0.000194946222613001,0.00125627534778915,0.533967306847868,"Q5JWF2;A0A7I2V5R6;P63092;A0A0S2Z3H8;B0AZR9;A0A590UJQ9;A0A0A0MR13;Q14455;A0A590UJS2;H0Y7E8;Q5JWD1;A0A590UJX3;A0A590UK00;A0A590UJX6","Q5JWF2"
"Q9NP79;A0A087WY55;Q9C063;Q5TGM0",-2.26913384289829,27.6853526842401,-4.22014354600616,0.000196088488537276,0.00126103091906756,0.528392075446264,"Q9NP79;A0A087WY55;Q9C063;Q5TGM0","Q9NP79"
"O00204",-2.38319898287268,24.0932080893716,-4.21678357710459,0.000197951738401098,0.0012703939754589,0.519367522556272,"O00204","O00204"
"Q9Y3B8;H0YG54;H0YGR4;F5GYG5;H0YF66;F5H784",2.14796687055287,25.8422360400562,4.20536313252057,0.000204416085479419,0.00130918638729016,0.488706829200032,"Q9Y3B8;H0YG54;H0YGR4;F5GYG5;H0YF66;F5H784","Q9Y3B8"
"Q9UIW2;B4DE20;Q6ZTY7;B3KY38;A0A804HKL4;Q9NSM6",2.21197759069493,26.8120552550374,4.20266635672716,0.000205972612317101,0.00131645200372344,0.481469810860687,"Q9UIW2;B4DE20;Q6ZTY7;B3KY38;A0A804HKL4;Q9NSM6","Q9UIW2"
"P23470;B7Z3T1;O60420",2.17179240742855,26.7770177020418,4.20119258887363,0.000206828164694746,0.00131921686233724,0.477515332598153,"P23470;B7Z3T1;O60420","P23470"
"O14841;A7E261;A0A087WY99;Q9HBQ9",-2.2720673741207,24.036166452205,-4.19624733729,0.000209724614466926,0.00133496137249458,0.464248599447245,"O14841;A7E261;A0A087WY99;Q9HBQ9","O14841"
"Q99426;A0A494C0X0;K7EK42;K7EP07;K7EL99;K7EQH0;K7ER04",2.35208696469365,26.3839104452984,4.18471323238284,0.000216636150474697,0.00137614695179344,0.433321367105982,"Q99426;A0A494C0X0;K7EK42;K7EP07;K7EL99;K7EQH0;K7ER04","Q99426"
"Q460N5;H7C5R8;H7C4Y3;A0A3B3ITD5;Q8N546",-2.4051127179704,24.0038674619246,-4.17418723796062,0.000223138836627894,0.00141457323463903,0.40511644785412,"Q460N5;H7C5R8;H7C4Y3;A0A3B3ITD5;Q8N546","Q460N5"
"P09758",-2.23437640025276,30.9129904729423,-4.16913295671155,0.000226329081514763,0.00143188723173336,0.391579824968359,"P09758","P09758"
"Q8NEG4",-2.37663159459311,24.2902939444169,-4.16599037809929,0.000228335233782541,0.00144165504892256,0.383165381552534,"Q8NEG4","Q8NEG4"
"Q92747;V9HVZ6;Q53GB6;A0A0K0K1L3;Q59GQ0",-3.37485489278865,24.990984884806,-4.1526333453856,0.000237058922950496,0.00149371066804565,0.34741977872693,"Q92747;V9HVZ6;Q53GB6;A0A0K0K1L3;Q59GQ0","Q92747"
"P14923;A0A0S2Z487;A0A0S2Z495;C9J826;C9JK18;C9JKY1;C9JTX4;Q7KZ86;C9JPI2;K7ERP3",-2.16595715668229,29.6338345756895,-4.14422343874411,0.000242718778268122,0.00152629005931103,0.324929126239758,"P14923;A0A0S2Z487;A0A0S2Z495;C9J826;C9JK18;C9JKY1;C9JTX4;Q7KZ86;C9JPI2;K7ERP3","P14923"
"Q9P265;Q96IB4;Q7Z3H2;H0YIU5;H0Y7Q3",-2.21042436052602,27.2704079056242,-4.13630633864749,0.000248168228070635,0.00155741791418976,0.303767541760535,"Q9P265;Q96IB4;Q7Z3H2;H0YIU5;H0Y7Q3","Q9P265"
"O95858;H7C285",2.2521771931802,26.9503900718472,4.13281273312719,0.000250610988276675,0.00156958970368464,0.294432961180748,"O95858;H7C285","O95858"
"P01023",-2.55989180991802,24.2780334937573,-4.13113129238443,0.000251795072774459,0.00157384535467643,0.289941071356565,"P01023","P01023"
"P45877;A8K2Q6;B4E200",-2.71525306946009,23.9596816460649,-4.11978847388135,0.000259927623395139,0.00162142851473888,0.259652231690553,"P45877;A8K2Q6;B4E200","P45877"
"Q16774;Q6IBG8;Q658U3;Q96IN2;B1ANH5;B1ANH0;B1ANG9;A0A9L9PY08",-2.35738134683454,24.2426627690093,-4.10278636994986,0.000272603154144161,0.00169710426701724,0.214294081671991,"Q16774;Q6IBG8;Q658U3;Q96IN2;B1ANH5;B1ANH0;B1ANG9;A0A9L9PY08","Q16774"
"Q9Y5K8;G3V2S6;Q9H3H0;G3V2V6;H0YJH8;Q8N5Z9;Q6PJ05;H0YJ55;H0YJS0;Q9NW63;G3V559",-2.56117993115924,25.097999133754,-4.09529781045226,0.000278376800625725,0.00172959609791163,0.194332592844387,"Q9Y5K8;G3V2S6;Q9H3H0;G3V2V6;H0YJH8;Q8N5Z9;Q6PJ05;H0YJ55;H0YJS0;Q9NW63;G3V559","Q9Y5K8"
"O00560;B4DQ93;B4DHN5;E9PBU7",-2.20945121299919,31.1469094660765,-4.09381358392407,0.000279535305578367,0.00173334118906347,0.190377447618218,"O00560;B4DQ93;B4DHN5;E9PBU7","O00560"
"Q9Y624;Q6FIB4;B7Z5W1;Q9Y5B2",-2.18516593415583,28.1496614927622,-4.08693145343899,0.000284969262670055,0.00176353002037282,0.17204328838053,"Q9Y624;Q6FIB4;B7Z5W1;Q9Y5B2","Q9Y624"
"P03973",-2.40283591495864,28.1949423168168,-4.08409508667608,0.000287238837678355,0.00177285726874039,0.164489658807988,"P03973","P03973"
"Q92623",-2.36040562728888,24.3687933721836,-4.08296276885969,0.000288149830782355,0.00177285726874039,0.161474554951467,"Q92623","Q92623"
"P06213;Q86WY9;Q2MKP2;Q2MKP0;Q2MKN9;Q2PJC1;A4ZPI6;Q4U0V1;Q2MKP1",2.31792709095156,24.9863821980399,4.08222420359023,0.000288745562238107,0.00177285726874039,0.159508051165623,"P06213;Q86WY9;Q2MKP2;Q2MKP0;Q2MKN9;Q2PJC1;A4ZPI6;Q4U0V1;Q2MKP1","P06213"
"Q9NXU5;A8K4C1;A0A0B4J222",-2.35776905305417,24.5889084767225,-4.08221861113541,0.000288750077755729,0.00177285726874039,0.15949316107868,"Q9NXU5;A8K4C1;A0A0B4J222","Q9NXU5"
"F8VV59;B7Z9C2;F8W118;F8VRJ2",2.47574226798868,24.6419924413744,4.07954416017167,0.000290917470947984,0.00178265538681093,0.152373010798278,"F8VV59;B7Z9C2;F8W118;F8VRJ2","F8VV59"
"Q8TD43;B4DIX5;M0R3H6;M0QZ19",-2.36049310083601,24.7630298290566,-4.07457599828045,0.000294986160473369,0.00180404281277733,0.139149851534563,"Q8TD43;B4DIX5;M0R3H6;M0QZ19","Q8TD43"
"P50454;B4DN87;A8K259;E9PJH8;E9PKH2;E9PR70;E9PPV6;Q9NPA9;E9PNX1;E9PK86;E9PMI5;E9PIG2;E9PRS3;E9PLA6;H0YEP8;E9PQ34",2.37946359691551,25.097959854904,4.07179334302925,0.000297289365174259,0.00181457050876422,0.131745589201684,"P50454;B4DN87;A8K259;E9PJH8;E9PKH2;E9PR70;E9PPV6;Q9NPA9;E9PNX1;E9PK86;E9PMI5;E9PIG2;E9PRS3;E9PLA6;H0YEP8;E9PQ34","P50454"
"Q9P289;Q8NBY1;Q499L9;B4E0Y9;Q9NWX4;Q96SR7;C9JJV0",-2.27417254705841,26.4432303144186,-4.06408760331535,0.000303759886893709,0.00185044352972945,0.111249197649981,"Q9P289;Q8NBY1;Q499L9;B4E0Y9;Q9NWX4;Q96SR7;C9JJV0","Q9P289"
"O43490;B3KQS1;B3KNF4;A0A0A0N0M1;B0AZU8;D6RIF3;H0Y9D4;H0Y9Q5;A0A0A0N0N1",-2.57078817813604,24.3713430913543,-4.04934172761738,0.000316529455691729,0.0019244744099464,0.0720579088250775,"O43490;B3KQS1;B3KNF4;A0A0A0N0M1;B0AZU8;D6RIF3;H0Y9D4;H0Y9Q5;A0A0A0N0N1","O43490"
"P29972;Q6JSD7;Q6JSD8;A0A494C1U4;B4DW35;A0A494C115;B4DPF5;B4DVA2;B4E3E3;B4DNW4;B4F4P6;B2R6P2;A0A0M7BEW0;A0A024RA31;B4E220;K7N7A8",2.36482341051531,24.4174908483086,4.02636212592227,0.000337485618928588,0.00204789425182542,0.0110657541584702,"P29972;Q6JSD7;Q6JSD8;A0A494C1U4;B4DW35;A0A494C115;B4DPF5;B4DVA2;B4E3E3;B4DNW4;B4F4P6;B2R6P2;A0A0M7BEW0;A0A024RA31;B4E220;K7N7A8","P29972"
"P12277;V9HWH2;V9HW77;A0A0S2Z471;B4DP56;G3V4N7;G3V461;H0YJG0",2.12326777552573,24.2998776826978,4.02184927058165,0.000341758039341712,0.00206979286350835,-0.000900227290037137,"P12277;V9HWH2;V9HW77;A0A0S2Z471;B4DP56;G3V4N7;G3V461;H0YJG0","P12277"
"Q71DI3",2.83493449762814,29.3635804057724,4.0204697026496,0.000343074654399514,0.00207374001370559,-0.0045574039116465,"Q71DI3","Q71DI3"
"Q9UKY7;A0A8I5KX85;H0Y8K3;D6RFH2;D6RDN0;D6R9V8",2.41724901184581,24.6197999516248,4.01822965959619,0.00034522307531829,0.00208269008107881,-0.0104948716613329,"Q9UKY7;A0A8I5KX85;H0Y8K3;D6RFH2;D6RDN0;D6R9V8","Q9UKY7"
"P46531;A0A7P0T8W1;A0A7P0TB20;A0A7P0T8U6;A0A7P0TAK8;A0A7P0TA56;A0A7P0TBG2;A0A7P0Z4H9",2.01498454781978,24.2340628715938,4.01349450369488,0.000349808038475333,0.00210616013729878,-0.0230426602661931,"P46531;A0A7P0T8W1;A0A7P0TB20;A0A7P0T8U6;A0A7P0TAK8;A0A7P0TA56;A0A7P0TBG2;A0A7P0Z4H9","P46531"
"P63165;B8ZZJ0;B9A032;A0A5P8PBC0;B8ZZN6;G2XKQ0",-2.37467683441476,24.4208021929093,-4.01282206680034,0.000350463966418103,0.00210616013729878,-0.0248242077115322,"P63165;B8ZZJ0;B9A032;A0A5P8PBC0;B8ZZN6;G2XKQ0","P63165"
"Q6IAA8;B4DUK2;F5GX19;F5H3Y3;H0YFI1;F5H479",2.52776563862093,24.6489382339542,4.01130218325222,0.000351950979141271,0.00211102904604158,-0.0288506436840343,"Q6IAA8;B4DUK2;F5GX19;F5H3Y3;H0YFI1;F5H479","Q6IAA8"
"Q8IVB5;B3KY58",2.14745297647021,24.1879172799851,4.00897442172246,0.000354240389985817,0.00212068287210319,-0.0350164061126224,"Q8IVB5;B3KY58","Q8IVB5"
"Q8N3D4;E9PIH6;H0YDZ9;A0A0U1RQH4",2.11193238163598,24.6631732305521,4.00515038337305,0.000358033138922237,0.00213928229942233,-0.0451431740112849,"Q8N3D4;E9PIH6;H0YDZ9;A0A0U1RQH4","Q8N3D4"
"Q7L1W4;B3KRU1;Q53GZ4;Q658W7;Q659A9;E9PJ89;Q5VWA0;E9PJS7;E9PL08;E9PMF9",-2.07815558733944,24.3206206120038,-4.00429351710551,0.000358888434595096,0.00214029259560632,-0.0474119187197299,"Q7L1W4;B3KRU1;Q53GZ4;Q658W7;Q659A9;E9PJ89;Q5VWA0;E9PJS7;E9PL08;E9PMF9","Q7L1W4"
"Q9BUL8;C9J5C3;C9JSA3;C9JND6;C9J6F3;H7C5M9;C9J363;C9J932;F8WDF3",-2.22625152979796,28.8127111376755,-4.00214131575194,0.000361045528631523,0.00214904771717885,-0.0531097094236781,"Q9BUL8;C9J5C3;C9JSA3;C9JND6;C9J6F3;H7C5M9;C9J363;C9J932;F8WDF3","Q9BUL8"
"Q8WV41;H3BPR3",-2.33701396682125,23.8990326112115,-3.99891954128685,0.000364298384628097,0.0021642793555334,-0.0616373923725,"Q8WV41;H3BPR3","Q8WV41"
"P52292;A0A7I2V3Z3;A0A7I2V351;A0A7I2V487;Q7Z726;A8K7D9;A0A7I2YQE1;J3QLL0;J3KS65;J3QL07",2.13123114815908,24.836030570191,3.98301912173339,0.000380777335894629,0.00225787929782386,-0.103693612579252,"P52292;A0A7I2V3Z3;A0A7I2V351;A0A7I2V487;Q7Z726;A8K7D9;A0A7I2YQE1;J3QLL0;J3KS65;J3QL07","P52292"
"P29350;B4DTD7;B4DPS0;Q53EL0;Q53XS4;F5GY79;F5H0N8;F5H5H9;F5H1Z8",-2.23633058767584,24.2094567439624,-3.98183524766725,0.000382033075565138,0.00226102687417015,-0.106822892371676,"P29350;B4DTD7;B4DPS0;Q53EL0;Q53XS4;F5GY79;F5H0N8;F5H5H9;F5H1Z8","P29350"
"P63173;J3KT73;J3QL01;J3KSP2",-2.21452820216015,23.7145680385853,-3.97800078112571,0.000386128208106626,0.002279353622106,-0.11695640932174,"P63173;J3KT73;J3QL01;J3KSP2","P63173"
"O43633;M0R1T5;M0R1L7;M0QXX8",-2.21393348963019,29.2315234680724,-3.9775697339894,0.000386591236323846,0.002279353622106,-0.118095370130147,"O43633;M0R1T5;M0R1L7;M0QXX8","O43633"
"P61457;Q6FGB3;Q6LEE1;Q6LEE0;Q6LEE2",-2.1764300772799,24.5636407933864,-3.97217933740634,0.000392427673552446,0.00230939983737751,-0.132335278968385,"P61457;Q6FGB3;Q6LEE1;Q6LEE0;Q6LEE2","P61457"
"Q9NW97;B1AP03;Q9BSA0",-2.27060879787173,24.7464651731254,-3.97032797882287,0.000394452059280227,0.00231694156854054,-0.137224676994412,"Q9NW97;B1AP03;Q9BSA0","Q9NW97"
"Q9HC07;B3KNQ2;V9GY93;D6RBL0;D6RD79",-2.54065429091431,24.570107165985,-3.96803751655113,0.000396970738244796,0.00232735288079985,-0.143272766328765,"Q9HC07;B3KNQ2;V9GY93;D6RBL0;D6RD79","Q9HC07"
"P00973;A0A7P0T854;Q3ZM02;A0A7P0T879;A0A7P0TBG0;S4R3A5;H0YIB8;S4R467;A0A7P0Z4N8;A0A7P0Z4B6;A0A6Q8PHR1;A0A7P0T8E1;A0A7P0Z444;F8VPW7;A0A7P0TB35;A0A7P0T960;B4DTS8;A0A7P0T9Q4;A0A7P0T8F9;B4DWE7;A0A7P0T9J4;F8VUC8;A0A7P0TAY6;Q1P9K4",-2.27123702494269,24.4512377786499,-3.96723168342905,0.000397860600944594,0.00232819364792906,-0.145400356156763,"P00973;A0A7P0T854;Q3ZM02;A0A7P0T879;A0A7P0TBG0;S4R3A5;H0YIB8;S4R467;A0A7P0Z4N8;A0A7P0Z4B6;A0A6Q8PHR1;A0A7P0T8E1;A0A7P0Z444;F8VPW7;A0A7P0TB35;A0A7P0T960;B4DTS8;A0A7P0T9Q4;A0A7P0T8F9;B4DWE7;A0A7P0T9J4;F8VUC8;A0A7P0TAY6;Q1P9K4","P00973"
"P19827;B7Z539;B7Z549;F8WAS2;H7C0N0;Q9P1C5;B7Z8B6",-2.87955545897586,25.0007986330312,-3.96460489521753,0.00040077487873699,0.00234085551831587,-0.152334770664079,"P19827;B7Z539;B7Z549;F8WAS2;H7C0N0;Q9P1C5;B7Z8B6","P19827"
"Q53EZ4;H0Y432",2.24641265608854,24.6700560022367,3.96121396653391,0.000404567839073776,0.00235859269172169,-0.161284324619483,"Q53EZ4;H0Y432","Q53EZ4"
"O75165;B3KN02;A0A3B3IRM0;Q8N7A5;H0YA63;Q0D2M7;H0Y8Q2",-2.30557454988743,24.0031165386269,-3.95365555333405,0.000413149254819986,0.00240412784661107,-0.18122440565228,"O75165;B3KN02;A0A3B3IRM0;Q8N7A5;H0YA63;Q0D2M7;H0Y8Q2","O75165"
"A1L4H1;M0QZ17",2.11958960789698,24.5033996807748,3.95107171756251,0.000416123456575478,0.00241692562580804,-0.18803817919268,"A1L4H1;M0QZ17","A1L4H1"
"P98172",-2.20380883316667,24.4025325968884,-3.94919294403605,0.000418299219619627,0.00242504696281341,-0.192991775085943,"P98172","P98172"
"P05161",2.41455069561151,26.5385810290465,3.94720852807948,0.00042060941143951,0.0024339160561778,-0.198223108002916,"P05161","P05161"
"P51991;B4E3E6;A0A7I2V2R3;A0A7I2V5D8;B4DDB6;A0A384NL63;A0A7I2V4G0;A0A7I2V402;A0A7I2V4J6;Q65ZQ3;Q8NFG3;H7C1J8;B4E036;Q66K53",-2.50050732802652,25.2833297965016,-3.94246242785934,0.000426185410888895,0.00246161536400457,-0.210731468053357,"P51991;B4E3E6;A0A7I2V2R3;A0A7I2V5D8;B4DDB6;A0A384NL63;A0A7I2V4G0;A0A7I2V402;A0A7I2V4J6;Q65ZQ3;Q8NFG3;H7C1J8;B4E036;Q66K53","P51991"
"P02786;A8K6Q8;A0A8V8TLM6;A0A8V8TM41;A0A8V8TLK7;G3V0E5;B7Z2I6;A0A8V8TM46;A0A8V8TLN0;A0A8V8TN37;A0A8V8TND0;A0A8V8TLK4;F8WBE5",2.12382942054407,27.0417140126054,3.93462245869095,0.000435555041800181,0.00251108350346537,-0.231383344082691,"P02786;A8K6Q8;A0A8V8TLM6;A0A8V8TM41;A0A8V8TLK7;G3V0E5;B7Z2I6;A0A8V8TM46;A0A8V8TLN0;A0A8V8TN37;A0A8V8TND0;A0A8V8TLK4;F8WBE5","P02786"
"Q15057;A0A0U1RQT1;H7C3K3;C9J8L1",-1.98537077791347,23.5029848934804,-3.93261442044537,0.000437987098033291,0.00252044604938346,-0.23667078431511,"Q15057;A0A0U1RQT1;H7C3K3;C9J8L1","Q15057"
"E7EVJ5;Q96F07;A0A8V8TNU3;B7Z8N7;B7Z4I3;H7C229;B7Z3H2;E7EW33;B7Z217;Q9NSN1;A0A087WWZ1;A0A087WTQ3;A0A087WVE1;Q14650;A0A0G2JRF5;A0A087WZL7;A0A087WWY5;A0A087WV63",-2.04058708642612,23.8966179724205,-3.92407196665825,0.000448482646770062,0.00257609093052638,-0.259154656521313,"E7EVJ5;Q96F07;A0A8V8TNU3;B7Z8N7;B7Z4I3;H7C229;B7Z3H2;E7EW33;B7Z217;Q9NSN1;A0A087WWZ1;A0A087WTQ3;A0A087WVE1;Q14650;A0A0G2JRF5;A0A087WZL7;A0A087WWY5;A0A087WV63","E7EVJ5"
"Q9NR12;D6RAN1;D6RF83;H7BYK4;D6RH06",2.21096410049375,24.7594767077937,3.92044866288564,0.000453008277442717,0.00259730297305852,-0.268686542692746,"Q9NR12;D6RAN1;D6RF83;H7BYK4;D6RH06","Q9NR12"
"Q14624;B2RMS9;B7ZKJ8;B7Z8Q7;Q68DH2;B7Z551;B7Z544;Q59FS1;H7C0L5",-2.03709959662961,24.1686827223968,-3.91724742294338,0.000457043865468025,0.0026156326906326,-0.277105755091651,"Q14624;B2RMS9;B7ZKJ8;B7Z8Q7;Q68DH2;B7Z551;B7Z544;Q59FS1;H7C0L5","Q14624"
"P07948;A8K379;B4DQ79;E5RJ37",-2.104625040218,27.613021698194,-3.91471936736013,0.000460255633119137,0.00262918923021719,-0.283752944865435,"P07948;A8K379;B4DQ79;E5RJ37","P07948"
"P52272;Q7KYM9;Q59ES8;M0R019;M0R2T0;B4DEG4;M0QZM1;M0R0N3;Q6P2D7;M0QYQ7;M0R0Y6;M0R2I7;M0QYL3;M0QY96",-2.24070389252966,27.2970076463483,-3.91071956557611,0.000465382301385773,0.00265361498724356,-0.294267080917628,"P52272;Q7KYM9;Q59ES8;M0R019;M0R2T0;B4DEG4;M0QZM1;M0R0N3;Q6P2D7;M0QYQ7;M0R0Y6;M0R2I7;M0QYL3;M0QY96","P52272"
"Q99653;H0YKE7;F5GX29;H0YNG9;B4DSB5;H0YLY7;H0YLX1",-2.13024867564964,28.1124041834754,-3.90748658588846,0.000469566865286106,0.00266852333415361,-0.302762968985567,"Q99653;H0YKE7;F5GX29;H0YNG9;B4DSB5;H0YLY7;H0YLX1","Q99653"
"Q9GZS3;H0YN81;H0YMF9;H0YL19;H3BQA8;H0YM76;H0YLA1;B4E387",-2.16651806269568,23.9907403692279,-3.9073780228416,0.000469708018740088,0.00266852333415361,-0.303048220487484,"Q9GZS3;H0YN81;H0YMF9;H0YL19;H3BQA8;H0YM76;H0YLA1;B4E387","Q9GZS3"
"O75340;Q53FC3;A0A024QZ42;A0A087WZ38;A0A6Q8PH81;H0Y9X3;D6RA21;Q86W51;B4DHG2",-2.14957156832326,28.3186193519671,-3.90079709206399,0.000478342424492303,0.0027126364036209,-0.320334954958495,"O75340;Q53FC3;A0A024QZ42;A0A087WZ38;A0A6Q8PH81;H0Y9X3;D6RA21;Q86W51;B4DHG2","O75340"
"Q92828;A8K9S3",-2.35547646905031,23.6718233451273,-3.8971753814334,0.000483160203417183,0.00273498489012377,-0.329844402962185,"Q92828;A8K9S3","Q92828"
"P11387;B9EG90;A0A7P0T852",2.13319066823139,24.1484544614657,3.89294703231609,0.000488844974150631,0.00276215122169532,-0.340943051489892,"P11387;B9EG90;A0A7P0T852","P11387"
"P38606;A0A994J738;B7Z2V6;A0A994J477;C9JVW8;C9JA17",-2.07872359975261,27.3397282158006,-3.88834710906798,0.000495103526026706,0.00279245551117052,-0.353012548196439,"P38606;A0A994J738;B7Z2V6;A0A994J477;C9JVW8;C9JA17","P38606"
"Q96BJ8;F8W9E7;I3L4D1",-2.21510047773812,24.6448886368439,-3.88577848967145,0.000498632320982627,0.00280728196596537,-0.359750181465323,"Q96BJ8;F8W9E7;I3L4D1","Q96BJ8"
"P15153;B1AH77;B1AH80;B1AH78",2.10659209446235,28.6787610386027,3.8849750664904,0.000499741107481916,0.00280845498060558,-0.361857306000038,"P15153;B1AH77;B1AH80;B1AH78","P15153"
"A0A384MR03;B7ZLE5;Q6MZF4;B4DU16;Q9UQS6;Q6PJE5;B4DN21;B4DTH2;Q7L553;Q9H382;H0Y4K8;O95608",2.42264116060802,26.7895618240315,3.87464005148592,0.000514220777511111,0.00288463058463517,-0.388949990552949,"A0A384MR03;B7ZLE5;Q6MZF4;B4DU16;Q9UQS6;Q6PJE5;B4DN21;B4DTH2;Q7L553;Q9H382;H0Y4K8;O95608","A0A384MR03"
"Q9H4L5;C9J8P4;C9JEF2;C9JZ19",2.00887036832033,24.6122791675658,3.85525235122055,0.00054249680311467,0.00303778730505324,-0.439709213032089,"Q9H4L5;C9J8P4;C9JEF2;C9JZ19","Q9H4L5"
"Q3LXA3;A0A140VJH7;H0YCY6;Q9UFX5;I3L252;A0AUP5;E9PQR1;E9PJG8",-2.19338338460864,24.009625532608,-3.85448250102858,0.000543650375164737,0.00303879125472906,-0.441723014095479,"Q3LXA3;A0A140VJH7;H0YCY6;Q9UFX5;I3L252;A0AUP5;E9PQR1;E9PJG8","Q3LXA3"
"B4DT81;A0A1V0E3X2;A0A1V0E3T9;A0A3G2C0L7;A0A140T9V0;A0A0G2JH66;A0A140T8X0;Q861E9;Q861F0;B3KUD8;A0A1V0E3U1;A0A1V0E3U3;A0A1V0E3V1;A0A1V0E3V5;A0A1V0E3U0;A0A1V0E3W4;D0EV57;A0A0G2JPA3;Q54A71;B4DQ99;A0A140T9B7;Q6DU28;A0A1V0E3W8;A0A346MPT4;Q5JZ47;Q6DU20;Q5JZ48;P30511;B7Z760;B4DYG3;A0A140T9W7;A0A140T9W3;A0A140T9D9;A0A140T9C2;A0A140T939;Q6ZUW0;A0A140T9X6;A0A0G2JNV5;A0A890BYI6;A0A140T9J8;A0A0D9SFW8;A0A140T908;A0A140T9P9;A0A140T925;A0A140T9A3;A0A140T9K3;A0A140T9M4;O78094",-2.58349052731761,24.3107867062784,-3.85160472893303,0.000547983776604214,0.00305753380899561,-0.44924959583276,"B4DT81;A0A1V0E3X2;A0A1V0E3T9;A0A3G2C0L7;A0A140T9V0;A0A0G2JH66;A0A140T8X0;Q861E9;Q861F0;B3KUD8;A0A1V0E3U1;A0A1V0E3U3;A0A1V0E3V1;A0A1V0E3V5;A0A1V0E3U0;A0A1V0E3W4;D0EV57;A0A0G2JPA3;Q54A71;B4DQ99;A0A140T9B7;Q6DU28;A0A1V0E3W8;A0A346MPT4;Q5JZ47;Q6DU20;Q5JZ48;P30511;B7Z760;B4DYG3;A0A140T9W7;A0A140T9W3;A0A140T9D9;A0A140T9C2;A0A140T939;Q6ZUW0;A0A140T9X6;A0A0G2JNV5;A0A890BYI6;A0A140T9J8;A0A0D9SFW8;A0A140T908;A0A140T9P9;A0A140T925;A0A140T9A3;A0A140T9K3;A0A140T9M4;O78094","B4DT81"
"O15327;D6RJC3;E7EQN9;B7Z4Z0;E9PHC0;B7Z6T2;E9PCZ3;E9PG59;B7Z864",-2.18103388711378,24.2163688409503,-3.84805714295856,0.000553372210226721,0.00308208557803061,-0.458525421136882,"O15327;D6RJC3;E7EQN9;B7Z4Z0;E9PHC0;B7Z6T2;E9PCZ3;E9PG59;B7Z864","O15327"
"B2RDE8",-2.11552342433112,26.4817103012065,-3.84476829395939,0.000558413816965246,0.00309867416462478,-0.467122157674304,"B2RDE8","B2RDE8"
"A0A1K1TAX7;A0A1X9PQR1;A0A140DJC6;A2VBB7;A0A1G4HPX8;A0A3S6RIL4;A0A2X0SEH8;A0A2X0SEA0;A0A2U9AEP5;A0A2H4RNB2;A0A3S6RII1;A0A5A4LJF8;C6K6H8;A0A678ZVT8;A0A678ZP18;A0A6B7FTL0;W8YMX3;C8CH44;Q29767;D9UB13;A0A4P2SR38;A0A2X0U3W0;A0A5A4LLP9;A0A8E4J675;A0A678ZIV9;A0A6B7FTH5;A0A8E4NF65;A0A5H2UIW4;A0A858LGH1;A0A7S5GRM1;A0A6C1HXN5;A0A6C0SHC7;A0A6C0RRE3;A0A6B9VU45;A0A6B9KKX1;A0A493QP63;A0A5H2UI97;A0A060VG64;W0GCL4;M4WJD1;M4QG06;K7X3R1;L7QJN1;W0GCP1;Q1MW39;I7L1P5;A0A1C3PHG1;W8NT44;V9W407;A9QVM5;A0A6C0SE99;R4NA36;R4NK37;E3WH36;R9YI90;S0F2B2;J7S4C5;A0A0F7DDK1;M5A7P5;D7GM37;A0A140DJC8;K0P2R8;A0A3G2I6K2;V5NX26;A0A0N9MQY3;A0A7D9FXH0;A0A7D8VHG5;A0A3S6RI29;A0A6B9VR91;A0A6C1HXF0;A0A2X0SY22;F4YTF0;Q9BD03;A0A6B9VRG3;A0A5H2UIX5;C7FNH8;A0A6C1HZB6;F4NBV4;A0A1C3PHI2;A0A140HMA1;A0A2X0SR54;D9UC13;A0A0N9QV50;A0A1B1XVD8;F4YTE8;F4NBU9;F4NBU8;F4NBU6;F4NBV9;F4NBW0;A0A6C0SGM6;A0A0S2C2H6;F4NBV2;F4NBW1;A0A060D4S6;A0A6C0TEL6;A0A4P8UKL8;A0A1D3TZL8;D9UAZ1;F4NBV0;F4NBV3;G9HZ40;U6BN49;A0A2U3T1H9;A0A2H4RK95;A0A8F4WDF0;A0A7R8NDB0;F4NBV5;D6CIB8;U6BQQ7;F4NBV7;U6BQQ4;U6BN85;F4YTF1;A0A858B7M8;F4NBU5;F4NBV8;A0A6V6XYZ0;D9UAY7;A4GWZ2;D9UAX7;A0A1B1UZB6;A0A1B1UZB5;F4YTF3;A0A0N9M6K3;Q45XP6;A0A0K2GUY1;I1VH01;H3K396;A0A1P8SNK2;A0A2P1IUQ8;A0A2R4LVN5;I6ZW80;I6YW25;A0A1B1VTC3;D9UAX8;D1MZU1;B2DG09;D9UAZ2;F4YTE9;U3N7V6;U5XVD3;H7CHW5;I3TBB4;A2VC08;I6YAZ9;B0FYW2;B2CY72;A0A2U3RUC9;A0A0S4L2T4;A0A0U3DVR8;A0A0H4KBH8;A0A2I8B359;L7QJN0;A0A375B7F9;A0A7T5V8A2;A0A5A4LHE7;A0A6C2E140;A0A8E4J417;A0A858LFS2;A0A6B7IF38;A0A6B7IDX7;A0A6S7YNT9;A0A2X0SE40;A0A3G2FPW9;H9BAN3;A0A411CX17;D9UAX9;A0A0G3EHC5;Q9GJ51;J9PVD7;B4DUK6;Q9BD30;Q9MY60;Q9TQ31;C5J016;Q29948;E2D5Q4;Q2A122;Q3BJY4;A0A2I4Q019;Q701N6;Q860R9;I2B2Z7;M9P8R1;Q861A3;Q861B4;Q8WLQ8;Q9TQH4;Q001P4;M9P8G6;A0A2R8F594;M1FYE8;K7P5W5;K4RGV3;K4JDJ3;J9UMV8;J9PWN8;J7K6P4;J7F576;I7C4J7;E2DH96;D7NQW7;D9IFR4;R9QZB2;T1WFD5;Q2VCE3;F6KRS7;G1EPN4;G1EMP5;G1ENJ8;G1EPL1;G1EPM1;G1EPM8;G9HRL9;G1EPW3;G1EPW9;G0Z8C4;H9BQ85;H9C5G5;G0ZDU0;F8SKW0;I3UI75;F6KRU6;Q7YP30;F4YU35;F2X675;F2X5W1;F2X5U4;F2VNN1;F2VNM0;F1CCS0;E7BY96;E3SG95;I1V1W9;I6NXL3;A0A186VN53;Q58P07;E5DCN0;D5FZS7;D3XDF0;D3XDE4;D3U4B9;D3U4A0;D3U3Z0;D3U3K5;D2DL24;O19643;A0A583ZBF8;Q9TQI7;D1G115;C9WER0;A0A4P2STI2;C9WCX6;C9WCT1;A0A3P3ZK47;C9E1F7;C6KF03;C5J015;F4YU46;A0A2R8F588;B2YGA3;A4ZY85;A1KR26;A0A5A4LHD8;A0A4U8Z804;T1WFE0;D4HPA1;D5FZT9;Q4L1J7;D7NNU7;A0A2I4PZE6;A0A2I4PZE4;A0A2H4V0S8;A0A2H4FZ94;A0A238HDG5;A0A2R8F5U0;A0A1X9I3Y5;A0A1S5QR02;A0A1C8DSZ3;A0A141AZA4;A0A348AXW9;A0A0X8XX10;A0A0U5LBR3;A0A0U5G6P0;A0A0S4L385;A0A0A7C7V8;A0A0A7C7I2;A0A0A7C7E4;A0A0A7C4G0;A0A090DD11;A0A077GZU2;A0A068B6U4;A0A060AJM7;C9E1F8;O19591;U3RF82;D1G0T1;A0A1X9I4A6;G0ZDU6;D4HPA2;A0A0E3DD79;Q95IG3;Q9GIN2;Q9MY80;Q4GX11;C5J021;A0A0K0KS49;Q95IF7;Q9MYC8;D7NSR6;Q9MYE7;D3UW30;A0A7S5GRL7;A9YQ97;B2YG98;T1WE94;Q861G8;Q9GJM6;Q95IC3;D3Y5Y9;Q50HZ4;D5FHX3;A0A0A7C667;Q001P3;Q9MY55;C7E564;C9E1G2;C9WCS3;C9WCW1;D0VE39;G0WVB2;N0A2P1;I6QU24;D5FI02;G9HW84;A0A186VN15;A0A0A7C7M9;A0A1M4NF29;A0A186VNN6;A0A0A7C796;Q9MY95;M9PAK1;A0A0U2QFR8;A0A0A7C423;A0A125RA13;M4MGG8;K7P5F7;G1EPR9;C7FDR4;A0A0A7C5K2;A0A1L2BM87;D5FZT5;I6TN07;F4YU47;D7NQW8;D5FZT2;D5FHY8;D3U490;Q6B7S7;Q9UIP1;Q9GIM0;B9VJF5;O19563;U5YES9",-3.27640543814708,25.1068521706173,-3.84408218006864,0.000559471224927755,0.00309867416462478,-0.468915280975912,"A0A1K1TAX7;A0A1X9PQR1;A0A140DJC6;A2VBB7;A0A1G4HPX8;A0A3S6RIL4;A0A2X0SEH8;A0A2X0SEA0;A0A2U9AEP5;A0A2H4RNB2;A0A3S6RII1;A0A5A4LJF8;C6K6H8;A0A678ZVT8;A0A678ZP18;A0A6B7FTL0;W8YMX3;C8CH44;Q29767;D9UB13;A0A4P2SR38;A0A2X0U3W0;A0A5A4LLP9;A0A8E4J675;A0A678ZIV9;A0A6B7FTH5;A0A8E4NF65;A0A5H2UIW4;A0A858LGH1;A0A7S5GRM1;A0A6C1HXN5;A0A6C0SHC7;A0A6C0RRE3;A0A6B9VU45;A0A6B9KKX1;A0A493QP63;A0A5H2UI97;A0A060VG64;W0GCL4;M4WJD1;M4QG06;K7X3R1;L7QJN1;W0GCP1;Q1MW39;I7L1P5;A0A1C3PHG1;W8NT44;V9W407;A9QVM5;A0A6C0SE99;R4NA36;R4NK37;E3WH36;R9YI90;S0F2B2;J7S4C5;A0A0F7DDK1;M5A7P5;D7GM37;A0A140DJC8;K0P2R8;A0A3G2I6K2;V5NX26;A0A0N9MQY3;A0A7D9FXH0;A0A7D8VHG5;A0A3S6RI29;A0A6B9VR91;A0A6C1HXF0;A0A2X0SY22;F4YTF0;Q9BD03;A0A6B9VRG3;A0A5H2UIX5;C7FNH8;A0A6C1HZB6;F4NBV4;A0A1C3PHI2;A0A140HMA1;A0A2X0SR54;D9UC13;A0A0N9QV50;A0A1B1XVD8;F4YTE8;F4NBU9;F4NBU8;F4NBU6;F4NBV9;F4NBW0;A0A6C0SGM6;A0A0S2C2H6;F4NBV2;F4NBW1;A0A060D4S6;A0A6C0TEL6;A0A4P8UKL8;A0A1D3TZL8;D9UAZ1;F4NBV0;F4NBV3;G9HZ40;U6BN49;A0A2U3T1H9;A0A2H4RK95;A0A8F4WDF0;A0A7R8NDB0;F4NBV5;D6CIB8;U6BQQ7;F4NBV7;U6BQQ4;U6BN85;F4YTF1;A0A858B7M8;F4NBU5;F4NBV8;A0A6V6XYZ0;D9UAY7;A4GWZ2;D9UAX7;A0A1B1UZB6;A0A1B1UZB5;F4YTF3;A0A0N9M6K3;Q45XP6;A0A0K2GUY1;I1VH01;H3K396;A0A1P8SNK2;A0A2P1IUQ8;A0A2R4LVN5;I6ZW80;I6YW25;A0A1B1VTC3;D9UAX8;D1MZU1;B2DG09;D9UAZ2;F4YTE9;U3N7V6;U5XVD3;H7CHW5;I3TBB4;A2VC08;I6YAZ9;B0FYW2;B2CY72;A0A2U3RUC9;A0A0S4L2T4;A0A0U3DVR8;A0A0H4KBH8;A0A2I8B359;L7QJN0;A0A375B7F9;A0A7T5V8A2;A0A5A4LHE7;A0A6C2E140;A0A8E4J417;A0A858LFS2;A0A6B7IF38;A0A6B7IDX7;A0A6S7YNT9;A0A2X0SE40;A0A3G2FPW9;H9BAN3;A0A411CX17;D9UAX9;A0A0G3EHC5;Q9GJ51;J9PVD7;B4DUK6;Q9BD30;Q9MY60;Q9TQ31;C5J016;Q29948;E2D5Q4;Q2A122;Q3BJY4;A0A2I4Q019;Q701N6;Q860R9;I2B2Z7;M9P8R1;Q861A3;Q861B4;Q8WLQ8;Q9TQH4;Q001P4;M9P8G6;A0A2R8F594;M1FYE8;K7P5W5;K4RGV3;K4JDJ3;J9UMV8;J9PWN8;J7K6P4;J7F576;I7C4J7;E2DH96;D7NQW7;D9IFR4;R9QZB2;T1WFD5;Q2VCE3;F6KRS7;G1EPN4;G1EMP5;G1ENJ8;G1EPL1;G1EPM1;G1EPM8;G9HRL9;G1EPW3;G1EPW9;G0Z8C4;H9BQ85;H9C5G5;G0ZDU0;F8SKW0;I3UI75;F6KRU6;Q7YP30;F4YU35;F2X675;F2X5W1;F2X5U4;F2VNN1;F2VNM0;F1CCS0;E7BY96;E3SG95;I1V1W9;I6NXL3;A0A186VN53;Q58P07;E5DCN0;D5FZS7;D3XDF0;D3XDE4;D3U4B9;D3U4A0;D3U3Z0;D3U3K5;D2DL24;O19643;A0A583ZBF8;Q9TQI7;D1G115;C9WER0;A0A4P2STI2;C9WCX6;C9WCT1;A0A3P3ZK47;C9E1F7;C6KF03;C5J015;F4YU46;A0A2R8F588;B2YGA3;A4ZY85;A1KR26;A0A5A4LHD8;A0A4U8Z804;T1WFE0;D4HPA1;D5FZT9;Q4L1J7;D7NNU7;A0A2I4PZE6;A0A2I4PZE4;A0A2H4V0S8;A0A2H4FZ94;A0A238HDG5;A0A2R8F5U0;A0A1X9I3Y5;A0A1S5QR02;A0A1C8DSZ3;A0A141AZA4;A0A348AXW9;A0A0X8XX10;A0A0U5LBR3;A0A0U5G6P0;A0A0S4L385;A0A0A7C7V8;A0A0A7C7I2;A0A0A7C7E4;A0A0A7C4G0;A0A090DD11;A0A077GZU2;A0A068B6U4;A0A060AJM7;C9E1F8;O19591;U3RF82;D1G0T1;A0A1X9I4A6;G0ZDU6;D4HPA2;A0A0E3DD79;Q95IG3;Q9GIN2;Q9MY80;Q4GX11;C5J021;A0A0K0KS49;Q95IF7;Q9MYC8;D7NSR6;Q9MYE7;D3UW30;A0A7S5GRL7;A9YQ97;B2YG98;T1WE94;Q861G8;Q9GJM6;Q95IC3;D3Y5Y9;Q50HZ4;D5FHX3;A0A0A7C667;Q001P3;Q9MY55;C7E564;C9E1G2;C9WCS3;C9WCW1;D0VE39;G0WVB2;N0A2P1;I6QU24;D5FI02;G9HW84;A0A186VN15;A0A0A7C7M9;A0A1M4NF29;A0A186VNN6;A0A0A7C796;Q9MY95;M9PAK1;A0A0U2QFR8;A0A0A7C423;A0A125RA13;M4MGG8;K7P5F7;G1EPR9;C7FDR4;A0A0A7C5K2;A0A1L2BM87;D5FZT5;I6TN07;F4YU47;D7NQW8;D5FZT2;D5FHY8;D3U490;Q6B7S7;Q9UIP1;Q9GIM0;B9VJF5;O19563;U5YES9","A0A1K1TAX7"
"Q9H444;P59074",-2.0797334421696,29.2615193506082,-3.84378265005115,0.000559933459613255,0.00309867416462478,-0.469698053346145,"Q9H444;P59074","Q9H444"
"Q6DT37",-2.00560030041415,24.0683354776175,-3.84352941905857,0.000560324536341256,0.00309867416462478,-0.47035981476252,"Q6DT37","Q6DT37"
"P04156;Q86XR1;Q6SES1;Q53YK7;A2A2V1;O75942;B4DJ65;D4P3Q7;Q540C4;B4DI53;A0A6J4EE43;B4DDS1;A1YVW6;Q6FGR8;B2R5Q9;Q6FGN5;B2NI04;X6RKS3;B3KQX7;B2NI05;Q5U0K3",-2.04384417459864,27.3880258260896,-3.84228516288454,0.000562249976133217,0.00310381889479558,-0.473611180235028,"P04156;Q86XR1;Q6SES1;Q53YK7;A2A2V1;O75942;B4DJ65;D4P3Q7;Q540C4;B4DI53;A0A6J4EE43;B4DDS1;A1YVW6;Q6FGR8;B2R5Q9;Q6FGN5;B2NI04;X6RKS3;B3KQX7;B2NI05;Q5U0K3","P04156"
"P21926;B4DPP0;A6NNI4;A0A2R8Y478;A0A7I2V3T7;G8JLH6;A0A087WU13;F5GXT1;A0A7I2V3T0;Q56CY1;B4DK09",-2.0338296068251,33.0089885440316,-3.83852129579523,0.000568113805534208,0.00312419171433303,-0.483444370803065,"P21926;B4DPP0;A6NNI4;A0A2R8Y478;A0A7I2V3T7;G8JLH6;A0A087WU13;F5GXT1;A0A7I2V3T0;Q56CY1;B4DK09","P21926"
"P14866;A0A384N6C7;A0A3B3ITJ4;Q6NTA2;B2R959;M0QXS5;A0A9L9PXI4;M0R076;M0R1W6;B4DPK8;B4DVF8;B7WPG3;Q8WVV9;C9IYN3;H7C464;A0A0S2Z6K1;V9GYK2;M0QYL7;A0A0S2Z5U3;A8K894",-2.24353778582872,25.9718692349543,-3.83830484147283,0.000568452833872696,0.00312419171433303,-0.484009763458937,"P14866;A0A384N6C7;A0A3B3ITJ4;Q6NTA2;B2R959;M0QXS5;A0A9L9PXI4;M0R076;M0R1W6;B4DPK8;B4DVF8;B7WPG3;Q8WVV9;C9IYN3;H7C464;A0A0S2Z6K1;V9GYK2;M0QYL7;A0A0S2Z5U3;A8K894","P14866"
"A0A8V8TPN2;A8K6N9;Q5SWX3;Q13555;A0A2Q3DQE3;A0A8V8TQ60;Q8WU40;H0Y6G2;B3KY86;H7BXS4;B3KTH7;A0A804CJ50;A0A8V8TQ77;Q13280;A0A8V8TQS2;Q59FI6;A0A8V8TQW6",-2.05046816491282,24.3505641079833,-3.83799054543499,0.000568945461282835,0.00312419171433303,-0.484830705736148,"A0A8V8TPN2;A8K6N9;Q5SWX3;Q13555;A0A2Q3DQE3;A0A8V8TQ60;Q8WU40;H0Y6G2;B3KY86;H7BXS4;B3KTH7;A0A804CJ50;A0A8V8TQ77;Q13280;A0A8V8TQS2;Q59FI6;A0A8V8TQW6","A0A8V8TPN2"
"Q9UMD9;D3DRA2;A0A3B3ITM2;B4DTI2;B4DT99;A2A2Y8;A0A3B3IUC2",-2.06923998119952,24.2676770421726,-3.83480289589404,0.000573965374459571,0.0031462179313522,-0.493155567013233,"Q9UMD9;D3DRA2;A0A3B3ITM2;B4DTI2;B4DT99;A2A2Y8;A0A3B3IUC2","Q9UMD9"
"Q6PIU2;A0A0A0MTJ9;H7C046",2.01492137059008,24.0159599661521,3.83113303996605,0.000579798187173426,0.0031726149926209,-0.502736844195456,"Q6PIU2;A0A0A0MTJ9;H7C046","Q6PIU2"
"P26012;Q9BUG9;Q59FN1",-2.12052997506436,24.5628784501022,-3.82963991213978,0.000582187855087341,0.00317723378368916,-0.506634214690833,"P26012;Q9BUG9;Q59FN1","P26012"
"P27708;F8VPD4;Q53SY7;H7C2E4;G1UI39;H7BZB3;Q53SZ4;H7C3Z5",2.31612769602975,24.929944738795,3.82933338832844,0.000582679616630394,0.00317723378368916,-0.507434240713003,"P27708;F8VPD4;Q53SY7;H7C2E4;G1UI39;H7BZB3;Q53SZ4;H7C3Z5","P27708"
"Q92600;D5MQE1;B2RE59;B4DJE1",-2.30898434684526,24.261586133448,-3.82360691425579,0.000591941540797691,0.00322210412870506,-0.522376292431508,"Q92600;D5MQE1;B2RE59;B4DJE1","Q92600"
"P30044;V9HW35",-2.03979512484106,29.5603062732509,-3.82271721388119,0.000593393358801271,0.00322437959251074,-0.524697094761221,"P30044;V9HW35","P30044"
"Q92696;Q6FHF7;H0YLH3;B4E069;H0YMG5;H0YLG7;H0YKZ8;Q7Z2Z4;H0YKP6",-2.06455484124906,25.4257427601622,-3.80856314152963,0.000616962504606669,0.00334661922064035,-0.561593289783965,"Q92696;Q6FHF7;H0YLH3;B4E069;H0YMG5;H0YLG7;H0YKZ8;Q7Z2Z4;H0YKP6","Q92696"
"Q9HAS3",-2.1483894292118,24.2548810788843,-3.80254284987659,0.000627261835971614,0.00339657928193657,-0.577272365242003,"Q9HAS3","Q9HAS3"
"Q96CN7;Q9Y3B5;D6RGE2",-2.35247146480275,24.1958413699067,-3.7955227502216,0.000639483354887814,0.00345675664453222,-0.595544413129034,"Q96CN7;Q9Y3B5;D6RGE2","Q96CN7"
"O14908;A8K2I7;K7EM11;K7ESN1;K7ELJ2;Q8TF64;K7EJ33;K7EIT0;A0A2R8Y651",-2.05345678225349,28.7631701516277,-3.79288833992083,0.000644129313476071,0.0034758465895015,-0.602398264407759,"O14908;A8K2I7;K7EM11;K7ESN1;K7ELJ2;Q8TF64;K7EJ33;K7EIT0;A0A2R8Y651","O14908"
"Q8N5I2;Q5T370;Q5T371;F2Z3I4",-2.04503739526881,27.9787898413362,-3.78036779593689,0.000666663559725269,0.00359123254366686,-0.634949682434057,"Q8N5I2;Q5T370;Q5T371;F2Z3I4","Q8N5I2"
"Q99933;A0A0S2Z3K4;J3QTA2;F1LLU6;A0A0S2Z3F5",-2.15408343277224,23.7650425571818,-3.77750161046934,0.000671929099063682,0.00361335665513728,-0.642395973397848,"Q99933;A0A0S2Z3K4;J3QTA2;F1LLU6;A0A0S2Z3F5","Q99933"
"O60701;E7ER95;E7ER83;Q9NQ82;E7ETF4;Q9NQ81;E7EV97;D6RHF4;Q9NY20;E9PBD2",2.2830622339254,25.0785991129644,3.76659911571121,0.00069233096792373,0.00371666142677128,-0.670702139190628,"O60701;E7ER95;E7ER83;Q9NQ82;E7ETF4;Q9NQ81;E7EV97;D6RHF4;Q9NY20;E9PBD2","O60701"
"Q5T0Z8",-2.04545174294059,23.9610987510358,-3.76536088902996,0.000694685865005341,0.00372289555489976,-0.6739151097199,"Q5T0Z8","Q5T0Z8"
"Q8IWE2;B4DL61;B4E1Z8;B3KSS5",1.95781611552204,25.8866211942248,3.75840094993016,0.00070806832755935,0.00378365789227997,-0.691967852356655,"Q8IWE2;B4DL61;B4E1Z8;B3KSS5","Q8IWE2"
"P25311;A0A140VK00;C9JEV0;A0JLQ0;H7BZJ8",-2.01825997846264,24.5692672191909,-3.75820422517814,0.000708450211315006,0.00378365789227997,-0.692477944899504,"P25311;A0A140VK00;C9JEV0;A0JLQ0;H7BZJ8","P25311"
"Q14116;B0YJ28;Q96KJ8",-2.16145303755154,24.1126374824074,-3.75679938579134,0.000711183132229696,0.00379176100756311,-0.6961203100756,"Q14116;B0YJ28;Q96KJ8","Q14116"
"P68366;C9JEV8;C9JQ00;C9JJQ8;C9JDL2",-2.03770198252481,27.3085095936394,-3.74825784107543,0.000728021772591614,0.00387491451998847,-0.718255674040281,"P68366;C9JEV8;C9JQ00;C9JJQ8;C9JDL2","P68366"
"Q14512",2.49298210215848,26.5865427434997,3.73822130351288,0.000748303807455151,0.00397356936581209,-0.744242062872554,"Q14512","Q14512"
"Q9NQY0;Q53HW0;H7BYV6;E5RHU4;Q8NF35",-1.89672200221588,24.3147844699184,-3.73783024560096,0.000749105093651012,0.00397356936581209,-0.745254070740839,"Q9NQY0;Q53HW0;H7BYV6;E5RHU4;Q8NF35","Q9NQY0"
"Q9BXI6;B7ZVY9;A7E244;B5MD46;F8WCD1;B3KSB3;H7C1Q1;H7C471;H0Y5R9;F8W9Y7;F8WDN6",-1.99242922000985,26.2758481610649,-3.72591778587983,0.000773918011177885,0.00409821778754469,-0.776063515832314,"Q9BXI6;B7ZVY9;A7E244;B5MD46;F8WCD1;B3KSB3;H7C1Q1;H7C471;H0Y5R9;F8W9Y7;F8WDN6","Q9BXI6"
"P46459;K7EQD6;A0A384MTI6;A0A994J5X9;A0A994J5X2;B7Z5J7;I3L0N3;A0A994J5K9;A0A994J5C5;B4DSK5;B7Z9U2;B4DH19;A0A994J855;B4DGR3;A0A994J5Y2;A0A994J7T3;Q96D47;I3L0L3;I3L2G1;I3L4Q9;A0A0J9YXN6;A0A994J5C9;A0A0G2JRU0",-2.08113205199107,26.25187396993,-3.72409169529679,0.000777791641971405,0.00411174937509968,-0.780783197217344,"P46459;K7EQD6;A0A384MTI6;A0A994J5X9;A0A994J5X2;B7Z5J7;I3L0N3;A0A994J5K9;A0A994J5C5;B4DSK5;B7Z9U2;B4DH19;A0A994J855;B4DGR3;A0A994J5Y2;A0A994J7T3;Q96D47;I3L0L3;I3L2G1;I3L4Q9;A0A0J9YXN6;A0A994J5C9;A0A0G2JRU0","P46459"
"Q9NUM4;A0A994J7D5;C9JZ87;A0A994J4F8;A0A994J4C4;Q8N353;F2Z3N7;A0A994J4M3",1.94663032134656,24.4250034550145,3.71337559538703,0.00080090627137895,0.00422677945927402,-0.808462715116095,"Q9NUM4;A0A994J7D5;C9JZ87;A0A994J4F8;A0A994J4C4;Q8N353;F2Z3N7;A0A994J4M3","Q9NUM4"
"Q99714;A0A0S2Z410;A0A804HHW5;Q5H928;A0A0S2Z434",1.94427281052167,24.0597959217764,3.71228047824177,0.00080330571800519,0.0042322813082064,-0.811289731384224,"Q99714;A0A0S2Z410;A0A804HHW5;Q5H928;A0A0S2Z434","Q99714"
"Q92870;H0YAJ5;G5E9Y1;Q5I0G1;B4E2F2;A8K1C3;A0A0S2Z3A2;A0A0S2Z3A0;B4DJ88;D6RD19;B7Z327;B7Z1P0;Q8TEY4;A0A075B7G8;B7Z1H5;B7Z4M6;D6RAJ4;B7Z4M9;H0YA92;B7Z9K0;O00213;B7Z3G1;B7Z1L0;B7Z2A2;V9GY97;D6RGD4",1.97255507147955,23.7197529707389,3.70908428940884,0.000810348736286397,0.00426218837854515,-0.819538848054484,"Q92870;H0YAJ5;G5E9Y1;Q5I0G1;B4E2F2;A8K1C3;A0A0S2Z3A2;A0A0S2Z3A0;B4DJ88;D6RD19;B7Z327;B7Z1P0;Q8TEY4;A0A075B7G8;B7Z1H5;B7Z4M6;D6RAJ4;B7Z4M9;H0YA92;B7Z9K0;O00213;B7Z3G1;B7Z1L0;B7Z2A2;V9GY97;D6RGD4","Q92870"
"O95164",-2.17145810475295,24.5114896651341,-3.70821811317791,0.000812267730715976,0.00426508931330493,-0.821773929585927,"O95164","O95164"
"Q5ZPR3;A0A0C4DGH0;B4DK26;A8K9J6;A8K6Q6;H0YL10;H0YN29;H0YK40;H0YK59;H0YLT8;H0YN85",1.98046089751984,26.1420534096821,3.70683275242426,0.00081534615463085,0.00427405824587163,-0.825348313409757,"Q5ZPR3;A0A0C4DGH0;B4DK26;A8K9J6;A8K6Q6;H0YL10;H0YN29;H0YK40;H0YK59;H0YLT8;H0YN85","Q5ZPR3"
"O43852;Q6IAW5;B3KQF5;B3KNG6;B3KQK3;H0Y875",2.41431378632041,24.8900719192194,3.70451259695662,0.00082052721735136,0.00429400065590418,-0.831333462368327,"O43852;Q6IAW5;B3KQF5;B3KNG6;B3KQK3;H0Y875","O43852"
"A0A1P7ZIM8;Q8WWI1;B7Z8W3;J3KP06;F8WD26;F8J2B5;E9PMS6;E9PMT2;A0A8V8TKQ1;A0A0A0MTE2;E9PMP7;H0Y424;H0YDG6;H0YDQ3;E9PJ10;H0YE95;E9PK58;E9PLU6;U3KQE6;E9PRJ0;E9PRE3;E9PMJ6",-2.20067042341623,25.2865581517392,-3.70013628959381,0.000830387058923476,0.00433832032961863,-0.842618941146339,"A0A1P7ZIM8;Q8WWI1;B7Z8W3;J3KP06;F8WD26;F8J2B5;E9PMS6;E9PMT2;A0A8V8TKQ1;A0A0A0MTE2;E9PMP7;H0Y424;H0YDG6;H0YDQ3;E9PJ10;H0YE95;E9PK58;E9PLU6;U3KQE6;E9PRJ0;E9PRE3;E9PMJ6","A0A1P7ZIM8"
"Q04721;Q6IQ50;Q9UFD5;D2WEZ3;A0A1W2PQQ5;Q13560",2.00645275011886,25.01738336477,3.69801601632609,0.000835205364785319,0.00435619654308597,-0.848084848544969,"Q04721;Q6IQ50;Q9UFD5;D2WEZ3;A0A1W2PQQ5;Q13560","Q04721"
"G5EA09",-2.01477037414801,29.2800596471403,-3.68647968454014,0.000861901496908694,0.00448793116670821,-0.877804150753244,"G5EA09","G5EA09"
"P09914",2.34135573183353,24.1799923825444,3.67836235956485,0.000881180756446258,0.00458067129892646,-0.898694696926756,"P09914","P09914"
"P07741;H3BQZ9;H3BQB1;H3BQF1;H3BSW3;Q12898",-2.00005402136427,27.7899357949814,-3.67695371933182,0.000884568768294471,0.00459063226008395,-0.902318171687828,"P07741;H3BQZ9;H3BQB1;H3BQF1;H3BSW3;Q12898","P07741"
"O14618;J3KNF4;E9PP76;E9PK03",1.91564080995792,24.1881257346764,3.67460131562478,0.000890254915085594,0.00461246691055144,-0.908368140360682,"O14618;J3KNF4;E9PP76;E9PK03","O14618"
"Q96BX8;Q6AI16",2.15181975968841,25.3035411637339,3.66336494978743,0.000917908450393181,0.00474785482052459,-0.937245848523037,"Q96BX8;Q6AI16","Q96BX8"
"Q59FD5;B7Z613;B7Z248;Q13491;C9JZE8;C9J8H8",-2.22652848419669,24.3907758605446,-3.66153266132726,0.000922496240736244,0.00476368505770918,-0.941951681678582,"Q59FD5;B7Z613;B7Z248;Q13491;C9JZE8;C9J8H8","Q59FD5"
"P08621;A8KAQ5;M0QYR1",-2.20954247423501,24.1823586022084,-3.65721042542364,0.000933406878885558,0.00481205959544472,-0.953048842948129,"P08621;A8KAQ5;M0QYR1","P08621"
"Q96G03;B4DN40;E7ENQ8;Q4W5D6;E9PD70;H0Y921",-2.08825564099307,26.9784923784098,-3.65046767281633,0.000950678210804523,0.004893012111385,-0.970350565284295,"Q96G03;B4DN40;E7ENQ8;Q4W5D6;E9PD70;H0Y921","Q96G03"
"O00762;Q5TZN3;B2R4U3;A0A0A0MSE8",2.07025514605591,24.3755192247132,3.64062387219903,0.000976450896111913,0.00501738112845644,-0.995587454997938,"O00762;Q5TZN3;B2R4U3;A0A0A0MSE8","O00762"
"A5YM53;P06756;L7RXH0;A0A8V8TKG0;A0A8V8TLW4;A0A8V8TKI2;A0A8V8TLW9;A0A8V8TKT8;A0A8V8TLN8;A0A8V8TKF7;A0A8V8TKU8;B4DYQ7;A0A8V8TKH9;A0A8V8TLP3;H7BZG1",1.91795719307538,28.9651285998799,3.6380411572378,0.000983324359925693,0.0050443892740267,-1.00220449609395,"A5YM53;P06756;L7RXH0;A0A8V8TKG0;A0A8V8TLW4;A0A8V8TKI2;A0A8V8TLW9;A0A8V8TKT8;A0A8V8TLN8;A0A8V8TKF7;A0A8V8TKU8;B4DYQ7;A0A8V8TKH9;A0A8V8TLP3;H7BZG1","A5YM53"
"P01008;A0A0K0Q2Z1;A0A2S0BDD1;Q8TCE1;A0A3S8NFS6;A0A3Q8Q4D0;A0A2U8KGL5;Q8IZZ8",-2.0773811797511,24.4221038059015,-3.63471775931064,0.000992238123433034,0.00508175813955276,-1.01071652905,"P01008;A0A0K0Q2Z1;A0A2S0BDD1;Q8TCE1;A0A3S8NFS6;A0A3Q8Q4D0;A0A2U8KGL5;Q8IZZ8","P01008"
"A0A140VJI5;Q9BVJ7",-2.07188186133503,24.2426535339284,-3.62984086342562,0.00100546062337693,0.00514103554805351,-1.02320198603257,"A0A140VJI5;Q9BVJ7","A0A140VJI5"
"P50995;Q5T0G8;B4DPJ2;B7Z6L0;H0Y6E1;P27216;E5RIN3;Q6FHB6;Q53FB5;A8K2L6",-2.00290779553236,29.0940016272409,-3.62514100461021,0.00101836476100623,0.0051984937636308,-1.03522803672791,"P50995;Q5T0G8;B4DPJ2;B7Z6L0;H0Y6E1;P27216;E5RIN3;Q6FHB6;Q53FB5;A8K2L6","P50995"
"O75312;H7C0E5;B4DVT8;H7BZM7",2.15705327866636,24.7782615642423,3.62101646472297,0.0010298214916768,0.00524838763486919,-1.04577694820542,"O75312;H7C0E5;B4DVT8;H7BZM7","O75312"
"Q8IZ07;B4DYP5;Q3ZTS7;B4DDL0;H0YIN8;Q9Y5A3;S4R3D2;B3KMT9;Q6ZTN6;B3KT78;F8W150;S4R3U2;B3KND9",-2.32205814343762,25.0388021425013,-3.6169606647942,0.00104120911471948,0.0052977670943068,-1.05614547122198,"Q8IZ07;B4DYP5;Q3ZTS7;B4DDL0;H0YIN8;Q9Y5A3;S4R3D2;B3KMT9;Q6ZTN6;B3KT78;F8W150;S4R3U2;B3KND9","Q8IZ07"
"P19634;B2RAH2;B4DTZ6;B1ALD5;Q9UBY0",-2.08897431613864,26.5941028696203,-3.61153702588087,0.00105662823065959,0.00536746490460465,-1.07000370955536,"P19634;B2RAH2;B4DTZ6;B1ALD5;Q9UBY0","P19634"
"G8JLA2;Q6IBG5;F8VZU9;F8W180;P14649;F8VXL3;H0YI43;F8W1I5;A0A8Q3SIC5;B4E368;A0A8Q3SI90",-2.3561573718979,24.1654576583009,-3.60976095069888,0.00106172546228721,0.0053845881575184,-1.07454008064267,"G8JLA2;Q6IBG5;F8VZU9;F8W180;P14649;F8VXL3;H0YI43;F8W1I5;A0A8Q3SIC5;B4E368;A0A8Q3SI90","G8JLA2"
"P27695;Q5TZP7;G3V3M6;G3V5M0;G3V359;G3V3C7;G3V5Q1;A0A0C4DGK8;G3V5D9;H7C4A8;G3V3Y6",-2.16444008503447,24.7812310748713,-3.60630951387497,0.00107169913831748,0.0054099255152465,-1.08335307150163,"P27695;Q5TZP7;G3V3M6;G3V5M0;G3V359;G3V3C7;G3V5Q1;A0A0C4DGK8;G3V5D9;H7C4A8;G3V3Y6","P27695"
"O75110;Q2NLD0;B4DR18;A0A0A0MR22;O43861;B3KSI8;Q6ZS89;I2FK91",-1.95532420210093,24.2053313170582,-3.60586623308607,0.00107298665667298,0.0054099255152465,-1.0844847156429,"O75110;Q2NLD0;B4DR18;A0A0A0MR22;O43861;B3KSI8;Q6ZS89;I2FK91","O75110"
"B4DHD2",-3.56168554409175,24.5106513349409,-3.60585476193862,0.0010730199947545,0.0054099255152465,-1.08451399941564,"B4DHD2","B4DHD2"
"A0A7L7TMQ7;F2XI28;A0A223FL67;A0A858B865;A0A583ZAV5;A0A0S4XQV4;A0A4P2SRY5;A0A2P9FIH2;A0A2H4WPZ8;A0A173ADJ6;A0A346HFZ7;B2DFW8;Q95IG6;Q1EPW2;M4RCG9;M4R8V2;Q1EJP6;A0A077YIJ7;M4VSN7;Q860B4",1.98823132570766,31.8917837202092,3.60563479390222,0.00107365947224674,0.0054099255152465,-1.08507553107174,"A0A7L7TMQ7;F2XI28;A0A223FL67;A0A858B865;A0A583ZAV5;A0A0S4XQV4;A0A4P2SRY5;A0A2P9FIH2;A0A2H4WPZ8;A0A173ADJ6;A0A346HFZ7;B2DFW8;Q95IG6;Q1EPW2;M4RCG9;M4R8V2;Q1EJP6;A0A077YIJ7;M4VSN7;Q860B4","A0A7L7TMQ7"
"Q8N1B4;B3KMF7;A0A1U9X8S4;B4DS44;Q4VXZ2;B4E225;B4DTZ4;O60838",-3.03481021497248,24.8607778399723,-3.58852376946549,0.0011245517049679,0.00565722059321755,-1.12871473518978,"Q8N1B4;B3KMF7;A0A1U9X8S4;B4DS44;Q4VXZ2;B4E225;B4DTZ4;O60838","Q8N1B4"
"Q27J81;A0A6Q8PHA2;A0A6Q8PH71;A0A6Q8PHG2;A0A6Q8PGN3;A0A6Q8PF44;A0A6Q8PFW4;A0A6Q8PH25;A0A6Q8PF29;A0A0A0MQU1;A0A6Q8PHS8;A0A6Q8PGC7;A0A087X118;A0A6Q8PH63;A0A6Q8PH59;A0A6Q8PFN5;A0A6Q8PGU8;A0A6Q8PFB9;A0A6Q8PGY8;A0A6Q8PH52;A0A6Q8PFY4;A0A6Q8PG64;A0A6Q8PFJ1;A0A6Q8PGX4;A0A6Q8PF91;A0A6Q8PEY5;A0A6Q8PEY8",2.6789468598682,25.6680267567843,3.58596053684581,0.00113237388259785,0.00568739797072897,-1.13524477947028,"Q27J81;A0A6Q8PHA2;A0A6Q8PH71;A0A6Q8PHG2;A0A6Q8PGN3;A0A6Q8PF44;A0A6Q8PFW4;A0A6Q8PH25;A0A6Q8PF29;A0A0A0MQU1;A0A6Q8PHS8;A0A6Q8PGC7;A0A087X118;A0A6Q8PH63;A0A6Q8PH59;A0A6Q8PFN5;A0A6Q8PGU8;A0A6Q8PFB9;A0A6Q8PGY8;A0A6Q8PH52;A0A6Q8PFY4;A0A6Q8PG64;A0A6Q8PFJ1;A0A6Q8PGX4;A0A6Q8PF91;A0A6Q8PEY5;A0A6Q8PEY8","Q27J81"
"Q70E73;C9K0J5;C9J164",1.8748570974025,24.03258345895,3.58522786689212,0.00113461942904336,0.00568806748318124,-1.1371109736546,"Q70E73;C9K0J5;C9J164","Q70E73"
"Q8N335;C9JM46;C9JFA7;C9K0P5;B3KWN2",-1.96313161480668,24.8603297798269,-3.5847278001961,0.00113615455018336,0.00568806748318124,-1.13838461326262,"Q8N335;C9JM46;C9JFA7;C9K0P5;B3KWN2","Q8N335"
"P13667;A0A090N8Y2;A0A499FI48;C9JMN9",2.21986739688577,26.4783428322432,3.5797458045252,0.00115155871596841,0.00575594813318182,-1.1510695731745,"P13667;A0A090N8Y2;A0A499FI48;C9JMN9","P13667"
"P08648;B2R627;A8K6A5;H0YIV7",1.84323575430166,28.4755193516753,3.57664052084511,0.00116126227577743,0.00579516326103966,-1.15897254646342,"P08648;B2R627;A8K6A5;H0YIV7","P08648"
"P10644;B2R5T5;Q68DQ4;K7EM13;K7EPB2;K7EK41;K7EIE5;Q15300;K7EJ40;K7EMZ6;A6YCE1;K7EMU2;Q6NS41;C9JSK5;B4DM81;A8K099;Q96P62;H7BYW5;K7EQK3;K7EPR5;A6YCE2;P31321;X6RAV4;K7EKR1",2.34580801992857,25.3114977587369,3.5696577711812,0.00118337243403132,0.00589606808585253,-1.17673363170541,"P10644;B2R5T5;Q68DQ4;K7EM13;K7EPB2;K7EK41;K7EIE5;Q15300;K7EJ40;K7EMZ6;A6YCE1;K7EMU2;Q6NS41;C9JSK5;B4DM81;A8K099;Q96P62;H7BYW5;K7EQK3;K7EPR5;A6YCE2;P31321;X6RAV4;K7EKR1","P10644"
"Q8NG11;H7BXY6;A6NEP9;Q8N2P5",-1.88162573864447,28.8789915657269,-3.56420200542718,0.00120093065159039,0.00597216665071603,-1.19060099115295,"Q8NG11;H7BXY6;A6NEP9;Q8N2P5","Q8NG11"
"P00749;E7ET40;B2R7F2;B4DNJ4;Q59GZ8;Q96SE8;S4R3G7",-1.89591361260727,28.8049525042849,-3.56372572781854,0.00120247536282452,0.00597216665071603,-1.19181117743654,"P00749;E7ET40;B2R7F2;B4DNJ4;Q59GZ8;Q96SE8;S4R3G7","P00749"
"B4DP94;P49795;Q6I9S5",2.02072925065428,25.0772853866929,3.54517886509376,0.00126414679651451,0.00626847990195353,-1.23888625994391,"B4DP94;P49795;Q6I9S5","B4DP94"
"P12004;Q6FI35;Q6FHF5;B4DUA2",1.8626232678212,26.970257288665,3.5435270340742,0.00126978548711837,0.00627765563991577,-1.24307402690451,"P12004;Q6FI35;Q6FHF5;B4DUA2","P12004"
"Q8NC42;F8WCD0;Q53SV6",2.0557108692039,23.9465004950103,3.54345770785394,0.00127002267033884,0.00627765563991577,-1.24324976715475,"Q8NC42;F8WCD0;Q53SV6","Q8NC42"
"P21964;A0A140VJG8;A0A7I2V370;B8XPJ7;B8XPJ8;E7EMS6;E7EUU8;A0A7I2V3G7;H7BZ45;F8WBW9;A0A4D6GKQ6;A0A4D6GI41;A0A4D6GI32;A0A286SD53;A3F6Y9",-2.29340626705899,24.5880550051287,-3.53970647408962,0.00128292072313545,0.00633137616370169,-1.25275695052164,"P21964;A0A140VJG8;A0A7I2V370;B8XPJ7;B8XPJ8;E7EMS6;E7EUU8;A0A7I2V3G7;H7BZ45;F8WBW9;A0A4D6GKQ6;A0A4D6GI41;A0A4D6GI32;A0A286SD53;A3F6Y9","P21964"
"O00625",-1.99168673212021,23.6262008740754,-3.5385880315772,0.00128679077746356,0.00634044302513248,-1.25559074855436,"O00625","O00625"
"P17096;B4DWA0;A0A994J705;Q5T6U8;A0A994J434;A0A669KAX1;Q6IPL9;Q6ZP45",1.96014976609557,25.6557075216005,3.5263190687994,0.00132999220086776,0.00654297425001033,-1.28665240723954,"P17096;B4DWA0;A0A994J705;Q5T6U8;A0A994J434;A0A669KAX1;Q6IPL9;Q6ZP45","P17096"
"Q9UHR4",-2.08375996899577,25.7814147358171,-3.52507780166381,0.00133444026093489,0.00655451838402509,-1.28979247481296,"Q9UHR4","Q9UHR4"
"Q8N684;F5H669;B4DGF8;J3QT54;F5H6M0;F5H047",-2.99697246921435,24.4973102418195,-3.51747078923508,0.0013620156407594,0.00667944462818959,-1.30902613114249,"Q8N684;F5H669;B4DGF8;J3QT54;F5H6M0;F5H047","Q8N684"
"O15020;A0A087WYQ1;A4QPE4",-1.98600853738176,23.7480432810019,-3.51453013960711,0.00137282241890927,0.00672187303701416,-1.3164566757447,"O15020;A0A087WYQ1;A4QPE4","O15020"
"Q96CF2",-2.27750945863844,24.1378472465021,-3.50687834139428,0.00140133227088459,0.00685071371926179,-1.33577938250984,"Q96CF2","Q96CF2"
"G3V5T0;A0A0C4DFM0;O43708;A0A0A0MR33;G3V267;B2RDN1;G3V4T6;H0YJN8;Q59FU9",1.85830839150483,24.1993068775347,3.5043472362249,0.00141088821696249,0.00688015578689728,-1.34216718197446,"G3V5T0;A0A0C4DFM0;O43708;A0A0A0MR33;G3V267;B2RDN1;G3V4T6;H0YJN8;Q59FU9","G3V5T0"
"Q96K17;Q6PJ77;E9PL10",-2.24932993121001,24.1969194615428,-3.50411543598515,0.00141176649683048,0.00688015578689728,-1.34275208422459,"Q96K17;Q6PJ77;E9PL10","Q96K17"
"Q01844;A0A0D9SFL3;B0QYK0;C9JGE3;H7BY36",-2.18210083730452,24.3332109035006,-3.50332115873103,0.00141477998255832,0.00688408543775258,-1.34475616348445,"Q01844;A0A0D9SFL3;B0QYK0;C9JGE3;H7BY36","Q01844"
"Q9H201;I6L9I8;A4QMU9;B4DK18;D6RBR6;D6RFG3;D6REL6;B4DIQ9;B4DUG9;D6R907;D6RBI9",-1.97639119814711,23.5663765953834,-3.49207027447965,0.00145813900378149,0.00708401176447735,-1.3731233056903,"Q9H201;I6L9I8;A4QMU9;B4DK18;D6RBR6;D6RFG3;D6REL6;B4DIQ9;B4DUG9;D6R907;D6RBI9","Q9H201"
"Q8TBX8;B3KWP7;F8VNT5;B3KQV3;F8VU68;H0YIJ6",-2.16597544201623,25.0219207711485,-3.48650198953399,0.00148007026450716,0.00716940774480116,-1.3871485318021,"Q8TBX8;B3KWP7;F8VNT5;B3KQV3;F8VU68;H0YIJ6","Q8TBX8"
"A5D8V6;F5H4Q5;B4DYD9",-2.15951538719385,24.8357054505239,-3.48644061743244,0.00148031375044949,0.00716940774480116,-1.3873030612519,"A5D8V6;F5H4Q5;B4DYD9","A5D8V6"
"O95372;A0A140VJC9;Q5QPQ0;Q5QPQ1;Q5QPQ3;Q5QPQ2;Q5QPN9;Q5QPN5",-2.67254127659513,26.1439503155878,-3.48250936389395,0.00149599133804082,0.00723410385015399,-1.39719920432896,"O95372;A0A140VJC9;Q5QPQ0;Q5QPQ1;Q5QPQ3;Q5QPQ2;Q5QPN9;Q5QPN5","O95372"
"P30085;A0A8V8TMN5;B4DDL4;Q5T0D2;B4DFW6;A0A494BXC7",-1.90771845412791,27.9501059127025,-3.48139043462213,0.00150048278350665,0.00723537900701505,-1.40001501913048,"P30085;A0A8V8TMN5;B4DDL4;Q5T0D2;B4DFW6;A0A494BXC7","P30085"
"Q9H4A4;Q7RU04;A6NKB8;C9JMZ3;A0A087WU27;A0A087WUS4;H7C2T3",-1.88385132325011,28.0155508792108,-3.48128800609184,0.00150089458721986,0.00723537900701505,-1.4002727640242,"Q9H4A4;Q7RU04;A6NKB8;C9JMZ3;A0A087WU27;A0A087WUS4;H7C2T3","Q9H4A4"
"Q12965;Q4KMR3;O00160;H0YLJ4;H0YNQ8;Q6ZNI9;H0YLE5;B0I1T1;Q4LE34;Q14779;H0YN00;B4DVP3;Q92827",-1.90879818679662,25.6024967858917,-3.47658186218782,0.00151993328515808,0.00731585172285194,-1.41211154170751,"Q12965;Q4KMR3;O00160;H0YLJ4;H0YNQ8;Q6ZNI9;H0YLE5;B0I1T1;Q4LE34;Q14779;H0YN00;B4DVP3;Q92827","Q12965"
"Q2PPJ7;H7C1F9",-2.05803742539241,24.2292413694432,-3.46985344777467,0.00154755845879219,0.00743734180735415,-1.42902569574382,"Q2PPJ7;H7C1F9","Q2PPJ7"
"P19256;Q9BRW0;B1AMW1;Q16393;H0YDI1;Q14748",1.84927054198171,28.8774729161461,3.45760210912734,0.00159910859466702,0.00767326108733296,-1.45978757905837,"P19256;Q9BRW0;B1AMW1;Q16393;H0YDI1;Q14748","P19256"
"P31949;V9HWH9;B2R5H0",-1.86370859980168,31.590231253727,-3.44440247221619,0.00165650187677476,0.0079364506200622,-1.49287810369381,"P31949;V9HWH9;B2R5H0","P31949"
"B4DR80;Q5U0E6;Q6P0Y1;Q9Y6E0;Q6FG81;B4DT57;H0Y630;B4DMR0;Q5JV98;Q5JV99",-1.91392172282412,27.6267465541632,-3.43611949388169,0.00169352589074335,0.00810139149268178,-1.51361492202892,"B4DR80;Q5U0E6;Q6P0Y1;Q9Y6E0;Q6FG81;B4DT57;H0Y630;B4DMR0;Q5JV98;Q5JV99","B4DR80"
"O43570;B3KUB4",1.77342570815689,26.417873743722,3.43302715037615,0.00170755178692952,0.00815597859637545,-1.52135117817557,"O43570;B3KUB4","O43570"
"Q86SQ4;B4DSK4;H0YFM8;H0YGP2",-1.9994527215682,24.8926529759296,-3.43132700351417,0.00171531074765109,0.00818051104269687,-1.52560321890707,"Q86SQ4;B4DSK4;H0YFM8;H0YGP2","Q86SQ4"
"Q96NY7",1.98175936625426,23.9224471267039,3.4284820004082,0.00172837054982943,0.00823021029758472,-1.53271647007602,"Q96NY7","Q96NY7"
"Q9Y223;Q6QNY7;Q6QNY5;A0A7I2SU25;Q6QNY6",1.90374694672443,24.4929923329957,3.4248610728849,0.00174513081444576,0.00829735214978097,-1.54176600315281,"Q9Y223;Q6QNY7;Q6QNY5;A0A7I2SU25;Q6QNY6","Q9Y223"
"P02749;B4DPN0;D9IWP9;A0A384NKM6;J3KS17;J3QRN2;J3QLI0",-2.39498727535238,24.3247759814036,-3.42156643914347,0.00176051674040055,0.00835776516485435,-1.54999641264174,"P02749;B4DPN0;D9IWP9;A0A384NKM6;J3KS17;J3QRN2;J3QLI0","P02749"
"P37173;A3QNQ0;D2JYI1;A0A8A3P3K3;B4E2S6;W8DYI2;W8DXL6;A0A0S2Z539;W8DY43;A0A0S2Z4H5;W8DXU8",2.06317231235959,24.4436531977542,3.41811743882335,0.0017767635468077,0.00842207523175262,-1.55860872411291,"P37173;A3QNQ0;D2JYI1;A0A8A3P3K3;B4E2S6;W8DYI2;W8DXL6;A0A0S2Z539;W8DY43;A0A0S2Z4H5;W8DXU8","P37173"
"O00194;K7ES41;K7EJ38;H3BUD9;H3BS49;H3BVH7",-1.94884273882857,27.0839318995769,-3.41131710936362,0.0018092212079924,0.00856291494344205,-1.5755782587016,"O00194;K7ES41;K7EJ38;H3BUD9;H3BS49;H3BVH7","O00194"
"C9JYN0;A0A994J5W6",2.13689599481328,26.2536831736332,3.40926444777779,0.00181913015818139,0.00859676812631479,-1.58069753978569,"C9JYN0;A0A994J5W6","C9JYN0"
"E9PFN4;B5M450;Q9Y6M7;H7C3C4",1.91066254639968,24.0819408531354,3.40461275852733,0.0018417793541265,0.00869063510668769,-1.59229368218011,"E9PFN4;B5M450;Q9Y6M7;H7C3C4","E9PFN4"
"P05783;B2RA03;F8VZY9;I6L965;CON__H-INV:HIT000015463",1.87132112831803,26.5328170936951,3.40114239058902,0.00185885325867118,0.00875795062506858,-1.60094035472949,"P05783;B2RA03;F8VZY9;I6L965;CON__H-INV:HIT000015463","P05783"
"O95630;A0A804HHV2;A0A140VK54;A0A804HJS0;A0A804HHU9;A0A804HIJ2;A0A804HL27;A0A804HKA6;A0A804HII8;F5H5B9;A0A804HJC8;A0A804HI64;A0A804HIF8;C9JK83;A0A804HIV0;A0A804HJ64;C9JEK5;A0A804HKL2;A0A804HL38;A0A804HJD9;A0A804HJE8",-1.90371529532321,26.5134970834109,-3.39911515142947,0.00186889749669831,0.00879199289924889,-1.60598955726864,"O95630;A0A804HHV2;A0A140VK54;A0A804HJS0;A0A804HHU9;A0A804HIJ2;A0A804HL27;A0A804HKA6;A0A804HII8;F5H5B9;A0A804HJC8;A0A804HI64;A0A804HIF8;C9JK83;A0A804HIV0;A0A804HJ64;C9JEK5;A0A804HKL2;A0A804HL38;A0A804HJD9;A0A804HJE8","O95630"
"P31146;Q59G88;H3BTU6;H3BRY3;H3BRJ0;H3BNA2;H3BU76;B4DJS1;Q6ZW98;H3BSL1",-1.94631797270014,24.4582504410448,-3.39734125732205,0.00187772934504254,0.00882023769154773,-1.61040666138452,"P31146;Q59G88;H3BTU6;H3BRY3;H3BRJ0;H3BNA2;H3BU76;B4DJS1;Q6ZW98;H3BSL1","P31146"
"Q7Z699;H0YMN8",1.80103868387316,24.4547909694964,3.39448099718538,0.0018920546585715,0.00887416312794661,-1.61752672277786,"Q7Z699;H0YMN8","Q7Z699"
"Q8TE77;E9PIT5;A0A087WWG1",-2.0149098633195,24.841319494418,-3.376018983103,0.00198708193404393,0.00930586869712166,-1.66341981461342,"Q8TE77;E9PIT5;A0A087WWG1","Q8TE77"
"P48509;K4DIA7;A0A6M5CDG2;E9PMR4;Q53FU5;A0A6M5CII8;A0A6M5CH24;E9PRJ3;E9PJC8;E9PLZ6;K4DIB7;E9PP93;E9PK37;E9PSA1;E9PJE8;Q6ZNZ0",1.74149973222255,31.9190045470324,3.3749492517353,0.00199272650080561,0.00931831177812998,-1.66607552391775,"P48509;K4DIA7;A0A6M5CDG2;E9PMR4;Q53FU5;A0A6M5CII8;A0A6M5CH24;E9PRJ3;E9PJC8;E9PLZ6;K4DIB7;E9PP93;E9PK37;E9PSA1;E9PJE8;Q6ZNZ0","P48509"
"P08069;C9J5X1;P14616;Q3B833;H0YMJ5;H0YNR0",1.68096953654353,25.161410778018,3.37385261222641,0.00199852905897958,0.00933145529185226,-1.66879764202401,"P08069;C9J5X1;P14616;Q3B833;H0YMJ5;H0YNR0","P08069"
"Q99584",-1.80507095238199,28.6839099847423,-3.36316878058645,0.00205591639051016,0.00958505713303615,-1.69529654054791,"Q99584","Q99584"
"Q9Y597;B4DJX2;B7ZAF7;B3KP80;H0Y566;H0Y5P8;B3KVX8;B2R6W9;M0R2P6;M0R0S1;B4DLI0;M0R204;Q8TBC3;M0QZF4;M0R0S2;M0R0E3;M0QYB1;B4DUV2;B4DUW2",-2.0551201394482,25.5065806219611,-3.3593183297255,0.00207698458744252,0.00966882825109436,-1.7048374145352,"Q9Y597;B4DJX2;B7ZAF7;B3KP80;H0Y566;H0Y5P8;B3KVX8;B2R6W9;M0R2P6;M0R0S1;B4DLI0;M0R204;Q8TBC3;M0QZF4;M0R0S2;M0R0E3;M0QYB1;B4DUV2;B4DUW2","Q9Y597"
"P62140;V9HW04;A0A8V8TQ71;B4DJ75;A0A8V8TRH9;B7ZB67;H0Y3Y6;B4E163;C9JP48;C9J9S3;A0A8V8TR83",-1.78270432881297,27.9340166606208,-3.35540149170448,0.00209862889180509,0.0097550275909688,-1.71453769612725,"P62140;V9HW04;A0A8V8TQ71;B4DJ75;A0A8V8TRH9;B7ZB67;H0Y3Y6;B4E163;C9JP48;C9J9S3;A0A8V8TR83","P62140"
"O95834;K7EIK7;B7Z2F5;C9JRL6;B7Z872;A0A0C4DGQ7;B7Z918;K7EII6;K7EKG3;K7EKU5;K7EQR0;K7ERY9;K7ELI8;K7EIM1;F8W717;A0A3B3IU69;B3KXA3;A0A669KBD4;O00423;B7Z650;K7ERR2;Q6ZMW3;G3V500;G3V3N9;K7ELB2",-1.80307986640769,26.5938447488456,-3.35391526528102,0.00210689832783541,0.00977076987680821,-1.71821707750107,"O95834;K7EIK7;B7Z2F5;C9JRL6;B7Z872;A0A0C4DGQ7;B7Z918;K7EII6;K7EKG3;K7EKU5;K7EQR0;K7ERY9;K7ELI8;K7EIM1;F8W717;A0A3B3IU69;B3KXA3;A0A669KBD4;O00423;B7Z650;K7ERR2;Q6ZMW3;G3V500;G3V3N9;K7ELB2","O95834"
"A0A678ZK12",-2.27767909054589,23.9983505531911,-3.35366732932258,0.00210828089999741,0.00977076987680821,-1.71883080878972,"A0A678ZK12","A0A678ZK12"
"O15427;J3QQV2;J3KTM6;Q53G91;J3QSC3;J3QQS9;J3KTI8;J3QRA0;J3QRP8",1.83981381587426,30.4596006412861,3.35237106990168,0.00211552347516173,0.00978978890063716,-1.72203918399467,"O15427;J3QQV2;J3KTM6;Q53G91;J3QSC3;J3QQS9;J3KTI8;J3QRA0;J3QRP8","O15427"
"Q96EN8",-1.77368121299201,24.0813304874632,-3.34919466510516,0.00213337218727272,0.00985775978089422,-1.72989872254087,"Q96EN8","Q96EN8"
"Q9UEW8;X5DP03;A0A8V8TKT5;X5D2U3;X5D7P8;Q6E0B2;X5D2Y0",-1.91841429149095,24.2584798617971,-3.3485120117568,0.00213722696980224,0.00986096289765267,-1.73158740251683,"Q9UEW8;X5DP03;A0A8V8TKT5;X5D2U3;X5D7P8;Q6E0B2;X5D2Y0","Q9UEW8"
"Q13630;A0A140VKC8;E9PKL9;B3KU96;E9PP14;A0A0J9YX13;E9PLH9;B4DZW9;E9PP60;H0YE90",-1.73048382131275,27.397807243533,-3.34582125051537,0.00215248634544958,0.00991669853981868,-1.7382420092784,"Q13630;A0A140VKC8;E9PKL9;B3KU96;E9PP14;A0A0J9YX13;E9PLH9;B4DZW9;E9PP60;H0YE90","Q13630"
"K7EN83",-2.20157974110386,24.1600033591114,-3.34380006195476,0.00216401734737391,0.00995511815111979,-1.74323906647967,"K7EN83","K7EN83"
"Q9ULC3",1.84170242776322,26.3998327609976,3.33998495718593,0.00218594467727275,0.0100411803363972,-1.75266752005028,"Q9ULC3","Q9ULC3"
"O75962;A0A2X0SFJ0;E7EWP2;A0A8V8TLX5;B4E3M5;F5H228;E7EPJ7;A0A994J7G8;A0A804HII1;A0A804HLI0;H7BXZ5;A0A1S5UZ29;C9IZQ6;A0A804HKT9;O60229;A0A804HLF3;A0A804HI91;A0A804HJC5;A0A804HIP9;A0A804HIN3;A0A804HIK8;A0A804HIY9;A0A804HJX0;A0A804HJ49;A0A804HI42;A0A8V8TNC6;H7C1X7;A0A804HKU9;A0A804HLC8",2.12800480993868,24.6274681577018,3.3383334837684,0.0021955025761836,0.0100702537281127,-1.75674735639035,"O75962;A0A2X0SFJ0;E7EWP2;A0A8V8TLX5;B4E3M5;F5H228;E7EPJ7;A0A994J7G8;A0A804HII1;A0A804HLI0;H7BXZ5;A0A1S5UZ29;C9IZQ6;A0A804HKT9;O60229;A0A804HLF3;A0A804HI91;A0A804HJC5;A0A804HIP9;A0A804HIN3;A0A804HIK8;A0A804HIY9;A0A804HJX0;A0A804HJ49;A0A804HI42;A0A8V8TNC6;H7C1X7;A0A804HKU9;A0A804HLC8","O75962"
"P43007;Q9P2X2;Q53F03;B2R7N6;B7Z9M1;B7Z561",1.94579359132926,24.895373746787,3.32880007607109,0.00225146667665768,0.0103057676305356,-1.78028076289814,"P43007;Q9P2X2;Q53F03;B2R7N6;B7Z9M1;B7Z561","P43007"
"Q9H5V8;A0A172Q398;A0A0Y0BS51",1.77413948783166,30.0731761780782,3.32846517195798,0.00225345736583048,0.0103057676305356,-1.78110691682558,"Q9H5V8;A0A172Q398;A0A0Y0BS51","Q9H5V8"
"P27482",-3.22814931430943,24.8666247641078,-3.32778174125814,0.00225752496149518,0.0103092538139143,-1.7827927101484,"P27482","P27482"
"P16403;P10412;P16402;Q4VB24;B2R984;A3R0T8;A3R0T7;Q02539;P22492;A1L407",2.22797110425792,25.9375248001163,3.32547234511657,0.00227132208833742,0.0103570958969655,-1.78848803024682,"P16403;P10412;P16402;Q4VB24;B2R984;A3R0T8;A3R0T7;Q02539;P22492;A1L407","P16403"
"Q9BRT3;J3KTI2",-1.97782598188063,24.0296637057011,-3.31573307834545,0.00233040349682858,0.0106109905205961,-1.81248640413599,"Q9BRT3;J3KTI2","Q9BRT3"
"P25705;V9HW26;K7ERX7;B4DGW3;K7EK77;K7ESA0;K7EQH4;K7EJP1;K7ENJ4",-2.06102237481876,24.1399444029569,-3.30837906941711,0.00237598961483789,0.0108027866015735,-1.83058564177645,"P25705;V9HW26;K7ERX7;B4DGW3;K7EK77;K7ESA0;K7EQH4;K7EJP1;K7ENJ4","P25705"
"Q9BYF1;B2RCJ5;A0A8S0M502;A0A7I2V2E9;A0A7I2V3N4;A0A7I2V4H0;A0A7I2V3X6;A0A7I2V5W5",-1.80692421544329,23.9593538293321,-3.3015530175507,0.00241906773159047,0.0109826379255177,-1.84736873468273,"Q9BYF1;B2RCJ5;A0A8S0M502;A0A7I2V2E9;A0A7I2V3N4;A0A7I2V4H0;A0A7I2V3X6;A0A7I2V5W5","Q9BYF1"
"P40123;E9PDI2;B7Z4M3;B7Z385;Q5JPJ8;F8WDB9;F8WEW0",1.81525736314934,24.4769700168729,3.29798151466587,0.00244190444940532,0.0110702034559523,-1.85614346633198,"P40123;E9PDI2;B7Z4M3;B7Z385;Q5JPJ8;F8WDB9;F8WEW0","P40123"
"O60888;C9IZG4;C9IZQ5",1.80480467968813,25.6648530801851,3.29302501775957,0.00247393984152391,0.0111991558283208,-1.86831357563385,"O60888;C9IZG4;C9IZQ5","O60888"
"Q9BV57;A0A0G2JQN5",1.97149467206753,24.2445563442818,3.29103011495094,0.00248694693359486,0.0112417209940324,-1.87320940433164,"Q9BV57;A0A0G2JQN5","Q9BV57"
"O43143;B4E0S6",-2.16138724665285,25.2753442906256,-3.29032907372228,0.0024915333872542,0.0112461543196032,-1.87492954677393,"O43143;B4E0S6","O43143"
"A0A0S2Z345;Q04771;A0A0S2Z2Y3;A0A804HJQ0;D3DPA4;A0A0B5HR54;Q53SV1;A0A804HHZ2;Q53SF4",2.06150170414068,24.8717743179626,3.28386443512625,0.00253421120052185,0.0114191264862567,-1.89078367289765,"A0A0S2Z345;Q04771;A0A0S2Z2Y3;A0A804HJQ0;D3DPA4;A0A0B5HR54;Q53SV1;A0A804HHZ2;Q53SF4","A0A0S2Z345"
"H7BYY1;Q1ZYL5;F5H7S3;B7Z722;B7Z596;D9YZV7;H0YKJ4;H0YK48;A0A494BZZ2;Q59GR8;H0YN06;Q07413",-1.80062928093493,27.0298137959572,-3.28341909578502,0.00253717686918112,0.0114191264862567,-1.8918752987231,"H7BYY1;Q1ZYL5;F5H7S3;B7Z722;B7Z596;D9YZV7;H0YKJ4;H0YK48;A0A494BZZ2;Q59GR8;H0YN06;Q07413","H7BYY1"
"Q8N3F8;Q641Q8;H0Y6J8;B0QY86;B0QY91;A0A7P0T9P2;Q68D58;A0A7P0Z4L3;A0A7P0T8A6",-2.15649546884544,23.7333543349706,-3.27951524071898,0.0025633167668215,0.0115201512906574,-1.9014415221142,"Q8N3F8;Q641Q8;H0Y6J8;B0QY86;B0QY91;A0A7P0T9P2;Q68D58;A0A7P0Z4L3;A0A7P0T8A6","Q8N3F8"
"O75608;A0A087X1K9;Q6IAQ1;B4DJV9;E5RGR0;B4DP64;E5RJ48;E5RI35",-1.8023241705327,26.1160838507503,-3.27767362687065,0.0025757374775193,0.0115542514457839,-1.90595244655187,"O75608;A0A087X1K9;Q6IAQ1;B4DJV9;E5RGR0;B4DP64;E5RJ48;E5RI35","O75608"
"O00499;B7Z6Y2;Q8WWH9;Q9BTH3;B7Z2Z2",1.80298832746512,24.4491562835493,3.27729278471165,0.00257831324343238,0.0115542514457839,-1.90688514727449,"O00499;B7Z6Y2;Q8WWH9;Q9BTH3;B7Z2Z2","O00499"
"E9PL57;Q86V88;Q15843;F8VSA6;E9PS38;S4R3E9",2.19212371725497,25.5886770661899,3.2767012157287,0.00258231912248968,0.01155560020523,-1.90833382631561,"E9PL57;Q86V88;Q15843;F8VSA6;E9PS38;S4R3E9","E9PL57"
"P50443",-2.08761072459081,26.1417212111812,-3.27578914694478,0.00258850699215354,0.0115666952844225,-1.91056712684026,"P50443","P50443"
"O95486;B4E205",-1.97233609187118,23.9575304903055,-3.27286538977642,0.00260843894576991,0.0116390859397087,-1.91772427997399,"O95486;B4E205","O95486"
"Q8WUF5;Q6ZNZ8;A7YME7",-1.85623165636412,24.5212430536592,-3.27094826090367,0.00262158820792344,0.0116694773710649,-1.92241563087093,"Q8WUF5;Q6ZNZ8;A7YME7","Q8WUF5"
"P48060;B4E3S5;F6VVE8",1.93811142138932,24.4315214367659,3.27078181684021,0.00262273281087416,0.0116694773710649,-1.92282286975203,"P48060;B4E3S5;F6VVE8","P48060"
"Q9Y2Q3;Q2NLC8;E9PFN5;Q6FII1;B3KTA6;C9JNT3",-1.91940063630719,24.5238084038863,-3.26747980625487,0.00264553929259791,0.0117541838370554,-1.93089986618762,"Q9Y2Q3;Q2NLC8;E9PFN5;Q6FII1;B3KTA6;C9JNT3","Q9Y2Q3"
"Q9HD42;B4DXN3;A0A6Q8PF35;F8VUA2;F8VVT7;A0A6Q8PG85;F5H875;A0A6Q8PGM8;A0A6Q8PFF9;A0A6Q8PFX8;A0A6Q8PHU0;A0A6Q8PGI9;A0A6Q8PF26;A0A6Q8PFF8",-1.79300387584005,27.8459572418714,-3.25674494097416,0.00272100332177732,0.0120722750506735,-1.95713137151192,"Q9HD42;B4DXN3;A0A6Q8PF35;F8VUA2;F8VVT7;A0A6Q8PG85;F5H875;A0A6Q8PGM8;A0A6Q8PFF9;A0A6Q8PFX8;A0A6Q8PHU0;A0A6Q8PGI9;A0A6Q8PF26;A0A6Q8PFF8","Q9HD42"
"P16083;Q5TD07;B3KPX6;Q5TD05;Q59EN2;A2A2U4",2.10814410761752,25.5878226484832,3.25193510672874,0.00275548025318922,0.0122078734512744,-1.96887119402646,"P16083;Q5TD07;B3KPX6;Q5TD05;Q59EN2;A2A2U4","P16083"
"P36405",1.73267300166029,26.7052713746435,3.25071512063315,0.00276429139050614,0.0122295387900548,-1.97184760809844,"P36405","P36405"
"Q4VC31;C9JQ41;H7C525",-1.91419903752946,24.7917494456256,-3.24906607007696,0.00277624424808988,0.0122650223934736,-1.97586996353112,"Q4VC31;C9JQ41;H7C525","Q4VC31"
"Q9BUT1;A8K5M0;D6R9U8;D6RIR6;B3KY19;D6RFG2;D6RBF6;D6R9P2",-1.84925215728319,26.6506349492273,-3.24332527680377,0.00281824246903186,0.0124329536929425,-1.98986522089856,"Q9BUT1;A8K5M0;D6R9U8;D6RIR6;B3KY19;D6RFG2;D6RBF6;D6R9P2","Q9BUT1"
"P48426;H7BXS3;B4DH09",1.80679746614514,26.3680898197758,3.24090622008851,0.00283612117908849,0.0124941553073121,-1.99575897584603,"P48426;H7BXS3;B4DH09","P48426"
"Q13310;Q6IQ30;B1ANR0;A0A7I2V4L7;A0A7I2V5W9;A0A7I2V598;H0Y5F5;Q53GL4;H0YEU6;Q3B867;Q147Y3;Q15164;Q59GZ7;H0YEQ8;A0A7I2V4V6;H0YCC8;B1ANR1",1.80247761107288,24.7722959192201,3.23883937894251,0.00285148267484516,0.012544110666914,-2.00079291738886,"Q13310;Q6IQ30;B1ANR0;A0A7I2V4L7;A0A7I2V5W9;A0A7I2V598;H0Y5F5;Q53GL4;H0YEU6;Q3B867;Q147Y3;Q15164;Q59GZ7;H0YEQ8;A0A7I2V4V6;H0YCC8;B1ANR1","Q13310"
"Q9BST9;A0A1W2PPZ2",-1.85571535622333,25.0395337932735,-3.23190624137028,0.00290359573088394,0.0127553733586296,-2.01766773898204,"Q9BST9;A0A1W2PPZ2","Q9BST9"
"Q9HBH0;V9GY67;A8K0B7;F5GXB1;V9GYQ1;V9GYB3",-1.71394822444302,26.9646551461857,-3.22682438556829,0.00294237091069722,0.012907531463382,-2.03002552818475,"Q9HBH0;V9GY67;A8K0B7;F5GXB1;V9GYQ1;V9GYB3","Q9HBH0"
"P04040;A0A384P5Q0;B4DWK8;Q8TAK2",1.73936415253544,24.3354478849803,3.22309853400434,0.00297111373052789,0.013015314221231,-2.03907985587123,"P04040;A0A384P5Q0;B4DWK8;Q8TAK2","P04040"
"A0A2I8B379;A0A0G2R0T3;U3RHD5;Q8HWN5;G0KXG2;D6MKT2;D3U4A2;C8CJB0;A0A2U7N3C7;A0A1S5QR00;A0A0E3DDA7;U5YEE4;U5YBK3",1.70085612955474,29.3652037301924,3.22054743573639,0.00299094864046069,0.013083827222436,-2.04527643680051,"A0A2I8B379;A0A0G2R0T3;U3RHD5;Q8HWN5;G0KXG2;D6MKT2;D3U4A2;C8CJB0;A0A2U7N3C7;A0A1S5QR00;A0A0E3DDA7;U5YEE4;U5YBK3","A0A2I8B379"
"A0A4P8JD53;A0A7G7XYL7;A0A6N0A4J9",1.71747049234015,24.4618619824545,3.20289802773721,0.00313168162485557,0.0136802730923312,-2.08808088484501,"A0A4P8JD53;A0A7G7XYL7;A0A6N0A4J9","A0A4P8JD53"
"P80723;U3KQP0",1.74145546762941,30.103215056778,3.1978285851988,0.00317326010612256,0.0138425150643304,-2.10035427046555,"P80723;U3KQP0","P80723"
"Q96KN1;A8K9V9",-1.76622972860523,25.1448750484374,-3.18680658180227,0.00326548714401233,0.0142249363158861,-2.12700600882225,"Q96KN1;A8K9V9","Q96KN1"
"P06396;A0A0A0MS51;B7Z9A0;A0A8V8TND7;B7Z6N2;A0A0A0MT01;A0A384MEF1;B7Z4U6;B3KS49;A0A0U1RQL8;V9H1C1;Q69YR8;Q5T0H8;REV__B4DX11;REV__H0YJM7",-1.68603762107353,23.637301937349,-3.18589588038448,0.0032732208949837,0.0142387391512611,-2.12920609293071,"P06396;A0A0A0MS51;B7Z9A0;A0A8V8TND7;B7Z6N2;A0A0A0MT01;A0A384MEF1;B7Z4U6;B3KS49;A0A0U1RQL8;V9H1C1;Q69YR8;Q5T0H8;REV__B4DX11;REV__H0YJM7","P06396"
"O60503;I3NI20;I3L342",1.68713812078236,24.4526743513663,3.18523783856216,0.00327881991953031,0.0142432302632522,-2.13079560482944,"O60503;I3NI20;I3L342","O60503"
"P23193;B7Z4W0;A0A384MTX4;Q15560;B7Z4S1;A0A0A0MT58;Q6IB64",-3.44792933347734,24.7672419567814,-3.18096046705808,0.00331543792316762,0.0143822682647563,-2.14112370194776,"P23193;B7Z4W0;A0A384MTX4;Q15560;B7Z4S1;A0A0A0MT58;Q6IB64","P23193"
"P16070;A0A385KNS5;A8K309;B4DN59;H0Y2P0;H0YD13;H0YE40;B4E2X0;H0YDW7;H0Y5E4;A0A1Z1VXF2;H0YCV9;J3KN83;H0YDX6;H0YD17;E9PKC6;C1PHC3;Q86UZ1;H0YEV3;H0YEU1;H0YD90;H0YF08;C1PHC4",1.66750890102201,31.5061059107789,3.18009106452109,0.00332292834709935,0.014394740992504,-2.14322210961245,"P16070;A0A385KNS5;A8K309;B4DN59;H0Y2P0;H0YD13;H0YE40;B4E2X0;H0YDW7;H0Y5E4;A0A1Z1VXF2;H0YCV9;J3KN83;H0YDX6;H0YD17;E9PKC6;C1PHC3;Q86UZ1;H0YEV3;H0YEU1;H0YD90;H0YF08;C1PHC4","P16070"
"Q16890;E9PNK6;E9PPQ1;J3KNE7;E9PNQ9",-1.75524550458508,24.218578091295,-3.17641255964008,0.0033547999985754,0.0145126507566667,-2.15209746714984,"Q16890;E9PNK6;E9PPQ1;J3KNE7;E9PNQ9","Q16890"
"Q5VZK9;A0A140VJN1;B2RTQ5;A0A8V8TRE2;A0A0U1RQQ1;Q8IW66;A0A0U1RR91",-2.07323318807288,24.6271526928129,-3.17260923859535,0.00338805974952379,0.0146362304138015,-2.16126859739815,"Q5VZK9;A0A140VJN1;B2RTQ5;A0A8V8TRE2;A0A0U1RQQ1;Q8IW66;A0A0U1RR91","Q5VZK9"
"Q03252;A0A384NPH0;A0A0A7M1X5",-1.67910309540324,24.3234095972632,-3.16913837628808,0.00341868656606351,0.0147481098195741,-2.1696332701994,"Q03252;A0A384NPH0;A0A0A7M1X5","Q03252"
"Q15382;Q6NZ61;A8K005;A0A090N900;C9J931;C9J469;F8WBL3",1.683064906518,26.3491331048771,3.1684983851549,0.00342436260205795,0.0147521919279264,-2.17117513007318,"Q15382;Q6NZ61;A8K005;A0A090N900;C9J931;C9J469;F8WBL3","Q15382"
"Q9H0H5;B2RE34;A0A2X0U4T9;F8VRD2;H0YIK5;Q9H9L9;F8VWX0;F8VVE5;F8VWY4;F8VV47;F8VZ66;F8W0L1;F8VS54;Q9BZ74;F8VVY0;F8VXH1;F8W1E5;F8VV39;F8VUW9;F8VV37;F8VQZ5;F8VZ41;F8VYH6;F8VQF5;F8W1T4",1.80627003730231,24.8810230044822,3.16640816725503,0.0034429632952979,0.0148118655421161,-2.17620977641111,"Q9H0H5;B2RE34;A0A2X0U4T9;F8VRD2;H0YIK5;Q9H9L9;F8VWX0;F8VVE5;F8VWY4;F8VV47;F8VZ66;F8W0L1;F8VS54;Q9BZ74;F8VVY0;F8VXH1;F8W1E5;F8VV39;F8VUW9;F8VV37;F8VQZ5;F8VZ41;F8VYH6;F8VQF5;F8W1T4","Q9H0H5"
"O95980;A8K9D8;B2RCE6",1.90374174807154,23.7773227275535,3.16320520476922,0.00347165334212904,0.0149147200745186,-2.18392143181755,"O95980;A8K9D8;B2RCE6","O95980"
"Q9NR45;V9HW39;Q5TBR0;Q9P0B2",-1.72314369594415,27.2426149491858,-3.15768747765546,0.0035216130697558,0.0151085435551146,-2.19719708389804,"Q9NR45;V9HW39;Q5TBR0;Q9P0B2","Q9NR45"
"Q9Y266;A0A0A0MSU9;Q9H2R7;A0A0A0MSS4",1.64807842210834,27.1868058703146,3.15678825371541,0.00352981970273399,0.015122950072565,-2.1993595140252,"Q9Y266;A0A0A0MSU9;Q9H2R7;A0A0A0MSS4","Q9Y266"
"Q9Y376;Q7Z4X0;Q53RN7",-1.71593656088564,28.9225940364498,-3.15120220751503,0.00358120986169946,0.015322076212127,-2.21278575017425,"Q9Y376;Q7Z4X0;Q53RN7","Q9Y376"
"O00154;K7EKP8;B4DUX0;B7Z957;Q6ZUV0",1.66373640982902,26.5494569018922,3.14888006001263,0.00360278222541398,0.01539325720694,-2.21836357894704,"O00154;K7EKP8;B4DUX0;B7Z957;Q6ZUV0","O00154"
"Q96JJ3;Q5JVZ5;B4DRL5;Q5JVZ4;B7Z1S8;B4DZ20;Q5JVZ8;Q5JW01;H0YCM7",1.75512932814414,24.3693577071362,3.14670557036221,0.00362309513380035,0.015458869661181,-2.22358485066375,"Q96JJ3;Q5JVZ5;B4DRL5;Q5JVZ4;B7Z1S8;B4DZ20;Q5JVZ8;Q5JW01;H0YCM7","Q96JJ3"
"O94907;I1W660",1.71436988300294,24.6561364817686,3.14056396176243,0.00368105792217434,0.0156847263104669,-2.23832191537479,"O94907;I1W660","O94907"
"P35367;B2R782;A8K7Z2",1.81522104559228,24.039506075872,3.13174608033875,0.00376582571898505,0.0160240251262133,-2.25945529183041,"P35367;B2R782;A8K7Z2","P35367"
"Q99805;B3KSG9;A0A024QYR8",-1.93402246385656,24.3346527280256,-3.1305971916222,0.00377700614274978,0.0160284110616265,-2.26220655287185,"Q99805;B3KSG9;A0A024QYR8","Q99805"
"Q14210",-2.20068225321901,24.0574699367396,-3.13058403292562,0.00377713437970358,0.0160284110616265,-2.26223806122484,"Q14210","Q14210"
"P19075;Q53GA9",2.22130121411336,25.2142235343702,3.12880035678307,0.00379455547487582,0.0160804599539914,-2.26650843000693,"P19075;Q53GA9","P19075"
"Q9BXF6;A0A1B0GTL5;Q2Z1P3;Q53T28;Q9UFM0",1.76005236907764,24.2124851734098,3.12314360425762,0.00385031233437121,0.0162946053879292,-2.28004327558296,"Q9BXF6;A0A1B0GTL5;Q2Z1P3;Q53T28;Q9UFM0","Q9BXF6"
"Q08431;H0YKB5;B4E396;A0A8Q3SI86;A0A8Q3WKS4;A0A8Q3SIX6;A0A8Q3SIZ9;H0YKS8",1.6238487957063,32.4149554279874,3.12111400848761,0.00387050693027641,0.0163578741402874,-2.28489641774667,"Q08431;H0YKB5;B4E396;A0A8Q3SI86;A0A8Q3WKS4;A0A8Q3SIX6;A0A8Q3SIZ9;H0YKS8","Q08431"
"Q14247;Q53HG7;A0A384MDY8;B3KRK4;B4E358;Q76MU0;H0YEV2;H0YCD9;A0A0B6XJY7",-1.71303094546955,26.3388452148048,-3.11229330347739,0.00395945075777472,0.0167111324945864,-2.30596960571867,"Q14247;Q53HG7;A0A384MDY8;B3KRK4;B4E358;Q76MU0;H0YEV2;H0YCD9;A0A0B6XJY7","Q14247"
"Q96QD8;A8K6H9;F8VUY8",1.85978563748615,25.5546909936247,3.11072856184102,0.00397543067071002,0.0167559030566818,-2.30970467220255,"Q96QD8;A8K6H9;F8VUY8","Q96QD8"
"A0A1Y0BRN3;A0A1Y0BRN0;A0A0A0MRM8;Q9UM54;A0A590UJ40;A0A0D9SGC1;A0A590UKB0;A0A590UJ75;A0A590UK22;A0A590UK86;A0A590UJY4;A0A5F9ZI03;A0A590UK71;A0A590UJW9;Q14784;Q5JVM0;A0A590UJ48",-1.65583437849373,27.2025763816105,-3.10733397654479,0.00401030910169382,0.0168800999840527,-2.31780428992971,"A0A1Y0BRN3;A0A1Y0BRN0;A0A0A0MRM8;Q9UM54;A0A590UJ40;A0A0D9SGC1;A0A590UKB0;A0A590UJ75;A0A590UK22;A0A590UK86;A0A590UJY4;A0A5F9ZI03;A0A590UK71;A0A590UJW9;Q14784;Q5JVM0;A0A590UJ48","A0A1Y0BRN3"
"P55795;A0A384MDT2;B4DFK9;B4DP00;H0YAQ2",-1.86631164881733,23.5275957631429,-3.10606045120562,0.00402346917908243,0.0169126689616686,-2.320841799454,"P55795;A0A384MDT2;B4DFK9;B4DP00;H0YAQ2","P55795"
"P09497;D6RJD1;H0Y9Q6",-1.6792580760557,27.8023707753648,-3.10431842613012,0.00404153709196527,0.0169657526108206,-2.32499569836835,"P09497;D6RJD1;H0Y9Q6","P09497"
"Q96BW5;A0A0A0MSI3",-1.69293179411122,24.6455787288618,-3.09833632745449,0.00410417157668961,0.017205525736149,-2.33925100101296,"Q96BW5;A0A0A0MSI3","Q96BW5"
"P11908;B2R860;A0A140VK41;D3YTJ7;A6NMS2;H7C540",1.99195515677395,25.2166822843099,3.09706703598491,0.0041175796797766,0.0172385651291587,-2.34227388848958,"P11908;B2R860;A0A140VK41;D3YTJ7;A6NMS2;H7C540","P11908"
"P08572;B4DH43;A0A3B3IS47;A0A087WY39;A0A3B3ITQ8",1.94597148031989,25.320357475833,3.09324458166188,0.00415821008720759,0.0173853314504028,-2.35137340383899,"P08572;B4DH43;A0A3B3IS47;A0A087WY39;A0A3B3ITQ8","P08572"
"H3BUI0;H3BMU1;H3BQF7;B4DM80;F5GXM3;B4DHF3;H3BRE2;H3BPP6",-2.46665180098064,24.6969490817515,-3.0896038823588,0.00419726280239425,0.0175251173770652,-2.36003483125182,"H3BUI0;H3BMU1;H3BQF7;B4DM80;F5GXM3;B4DHF3;H3BRE2;H3BPP6","H3BUI0"
"P10114;F6U784",-1.97102484191058,24.1174056344147,-3.08678589154892,0.00422772971472429,0.0176287285831886,-2.3667353559395,"P10114;F6U784","P10114"
"A2BDE7;Q8WV24;B4E2D4;R4GND3",2.11138039950097,25.6802849060912,3.0843690495,0.00425402693801142,0.0177146996257111,-2.3724795123055,"A2BDE7;Q8WV24;B4E2D4;R4GND3","A2BDE7"
"Q9BTW9;A0A804HJY5;A0A804HKT8;J3KR97;A0A804HLF8;A0A804HL62;A0A804HHW7;A0A804HLI2;A0A804HJ32;A0A804HI57;A0A804HIN6;A0A804HJ57;A0A804HIU1;A0A804HI02;I6L959;A0A804HJU6;A0A804HIC0;B4DE53;A0A0J9YVR1;A0A0J9YWI5;A0A804HKB9;A0A804HL21;I3L439;I3L4D2;I3L3H4;I3L131;I3L143;A0A804HJL5;I3L0V3;I3L163;A0A1J1DRW2;I3L1S3;A0A804HJ99;A0A0J9YVU1;A0A804HK36",1.70848749210314,24.2133621338768,3.08154122571604,0.00428499336545594,0.0178198590758095,-2.37919748620119,"Q9BTW9;A0A804HJY5;A0A804HKT8;J3KR97;A0A804HLF8;A0A804HL62;A0A804HHW7;A0A804HLI2;A0A804HJ32;A0A804HI57;A0A804HIN6;A0A804HJ57;A0A804HIU1;A0A804HI02;I6L959;A0A804HJU6;A0A804HIC0;B4DE53;A0A0J9YVR1;A0A0J9YWI5;A0A804HKB9;A0A804HL21;I3L439;I3L4D2;I3L3H4;I3L131;I3L143;A0A804HJL5;I3L0V3;I3L163;A0A1J1DRW2;I3L1S3;A0A804HJ99;A0A0J9YVU1;A0A804HK36","Q9BTW9"
"O95716;A0A024R7G2;B2R8W8;P20336;A0A024R7I7;M0R257;B4DE50;S4R3Q3",-1.76490645379184,25.970291826748,-3.0759782449253,0.00434653779045994,0.0180517328474628,-2.3924039171992,"O95716;A0A024R7G2;B2R8W8;P20336;A0A024R7I7;M0R257;B4DE50;S4R3Q3","O95716"
"Q15437;B4DRA5;A0A2R8YFH5;B4DJW8;Q5QPE2;B4DS04;Q5QPE1;A0A2R8Y633;A0A2R8Y7S7;A0A2R8YF30",-1.7616021618436,24.7123587063695,-3.07382280184743,0.00437060892467019,0.0181275654734658,-2.3975175587197,"Q15437;B4DRA5;A0A2R8YFH5;B4DJW8;Q5QPE2;B4DS04;Q5QPE1;A0A2R8Y633;A0A2R8Y7S7;A0A2R8YF30","Q15437"
"O43795;E9PDF6;B0I1S9;E7EQD9;Q05CR5;B3KQI2;C9JYW1;H7C2Y7;C9JUP5;A0A0U1RRI3;Q14777;C9K0I9;Q8N1T3;Q13871;A0A140TA25",-1.62169376135734,28.1142074293601,-3.07042445797581,0.00440881770071362,0.0182617561866212,-2.40557609148846,"O43795;E9PDF6;B0I1S9;E7EQD9;Q05CR5;B3KQI2;C9JYW1;H7C2Y7;C9JUP5;A0A0U1RRI3;Q14777;C9K0I9;Q8N1T3;Q13871;A0A140TA25","O43795"
"Q9HDC9;H0Y512",1.59006000964935,25.5890991626905,3.06672373511414,0.00445078705617092,0.0184111469869988,-2.41434635118473,"Q9HDC9;H0Y512","Q9HDC9"
"Q9UIQ6;B2RAK1",1.70497166249199,25.7202797012311,3.06346751311936,0.00448802895645539,0.0185406123379925,-2.42205861171198,"Q9UIQ6;B2RAK1","Q9UIQ6"
"Q15678;A8K6H6;B4DNZ0;Q6PJC3;Q16825;E2J9M0;Q8WX29",-1.95303246388201,24.1726771543839,-3.0586291833405,0.00454391259319811,0.0187466446801388,-2.43351009671533,"Q15678;A8K6H6;B4DNZ0;Q6PJC3;Q16825;E2J9M0;Q8WX29","Q15678"
"Q00839;A0A1W2PPS1;B4DLR3;A0A1X7SBS1;B3KX72;A0A1W2PP35;Q96BA7;A0A994J6V2;Q5RI18;A0A1W2PPH7;A0A1W2PPL4;A0A1W2PP34;A0A1W2PQL0;Q7Z4Q5;A0A1W2PQD4;A0A1W2PQ74;A0A1W2PRZ7;A0A1W2PP22;Q9UEL2;A0A1W2PPE9",-1.75991278739995,26.2149418436997,-3.05256618787736,0.00461487424393219,0.019014257287747,-2.44784669926532,"Q00839;A0A1W2PPS1;B4DLR3;A0A1X7SBS1;B3KX72;A0A1W2PP35;Q96BA7;A0A994J6V2;Q5RI18;A0A1W2PPH7;A0A1W2PPL4;A0A1W2PP34;A0A1W2PQL0;Q7Z4Q5;A0A1W2PQD4;A0A1W2PQ74;A0A1W2PRZ7;A0A1W2PP22;Q9UEL2;A0A1W2PPE9","Q00839"
"Q9H7C9;E9PR47;E9PIQ4;E9PNP3;E9PJP1;E9PLK9;K4DI89",1.76431355975083,24.2409191996298,3.04523341147087,0.00470210301770907,0.0193359461316025,-2.46516576699366,"Q9H7C9;E9PR47;E9PIQ4;E9PNP3;E9PJP1;E9PLK9;K4DI89","Q9H7C9"
"Q52LW3;A0A2X0U4J5;F8VWZ8",1.91537371492917,24.257968637897,3.04496305130568,0.00470534886626685,0.0193359461316025,-2.46580390155127,"Q52LW3;A0A2X0U4J5;F8VWZ8","Q52LW3"
"O43813;Q6FHH6;Q53TN2;B2R602;E9PHS0;F8WDS9;B4DGM7;H7C2E3",-1.59950122473805,26.4950443311546,-3.04417806244677,0.00471478521610229,0.0193492303802935,-2.46765655079244,"O43813;Q6FHH6;Q53TN2;B2R602;E9PHS0;F8WDS9;B4DGM7;H7C2E3","O43813"
"A0A024RCM3;Q13838;Q5STU3;A0A0G2JJZ9;B4DP52;F6WLT2;A0A140T9X3;F6TRA5;A0A0A0MT12;O00148;F6S4E6;Q59G92;B4DX78;F6UJC5;A0A140T996;A0A140TA18;A0A140T9X9;A0A140T9K1;A0A140T973;B4DIJ6;B4DIZ8;F6R6M7;A0A140T9L4;H0Y400;A0A0G2JJL7;K7EQN7;Q7KYK3;K7EPJ3;F6QYI9;A0A0G2JHN7;K7EN69;F6S2B7;F6U6E2;Q69YT6;H0YCC6;B4DH55;K7ENP6;A0A286SD52;F6SXL5;K7EIL8;K7EL56;A0A140T9K2;A0A286SD68;A0A140T9N3;A0A286SD59;A0A286SD63;A0A286SD64;A0A286SD65;A0A286SD67;B4DF34",-1.66102828235001,26.8104433876146,-3.03451097932464,0.00483247488114886,0.0198061618321988,-2.49045101696946,"A0A024RCM3;Q13838;Q5STU3;A0A0G2JJZ9;B4DP52;F6WLT2;A0A140T9X3;F6TRA5;A0A0A0MT12;O00148;F6S4E6;Q59G92;B4DX78;F6UJC5;A0A140T996;A0A140TA18;A0A140T9X9;A0A140T9K1;A0A140T973;B4DIJ6;B4DIZ8;F6R6M7;A0A140T9L4;H0Y400;A0A0G2JJL7;K7EQN7;Q7KYK3;K7EPJ3;F6QYI9;A0A0G2JHN7;K7EN69;F6S2B7;F6U6E2;Q69YT6;H0YCC6;B4DH55;K7ENP6;A0A286SD52;F6SXL5;K7EIL8;K7EL56;A0A140T9K2;A0A286SD68;A0A140T9N3;A0A286SD59;A0A286SD63;A0A286SD64;A0A286SD65;A0A286SD67;B4DF34","A0A024RCM3"
"Q13501;E7EMC7;E3WH17;E9PFW8;B4E3V2;E3W990;B4DE82;C9JRJ8;Q13502;D6RBF1;C9J6J8",1.75414226911315,25.882976746772,3.0320736028161,0.0048625849793354,0.0199034154206655,-2.49619213726064,"Q13501;E7EMC7;E3WH17;E9PFW8;B4E3V2;E3W990;B4DE82;C9JRJ8;Q13502;D6RBF1;C9J6J8","Q13501"
"Q9NTX5;H0Y5L2;H0Y525;J3KP84;E9PPG7;E9PRU6;F2Z2D6;E9PJS8;E9PLY6;H0YCS9",-1.59102017555927,25.207709482122,-3.02782707340585,0.0049154698198024,0.020093512933111,-2.50618875618364,"Q9NTX5;H0Y5L2;H0Y525;J3KP84;E9PPG7;E9PRU6;F2Z2D6;E9PJS8;E9PLY6;H0YCS9","Q9NTX5"
"Q13867;K7ESE8;J3KSD8;K7ES02;B4DXF3;J3KS79;K7ENH5",1.8301494468003,25.3260540221359,3.02589285795809,0.0049397382126237,0.0201662872842583,-2.51073955334274,"Q13867;K7ESE8;J3KSD8;K7ES02;B4DXF3;J3KS79;K7ENH5","Q13867"
"A0A0S2Z377;E5RK69",1.83302407848586,24.501686752687,3.0239384596808,0.00496437517069363,0.0202403740619522,-2.5153362588427,"A0A0S2Z377;E5RK69","A0A0S2Z377"
"Q9BQL6;Q49AC8;Q54A15;B2RAX1",-1.76031199118232,23.6099596195696,-3.02036461703568,0.00500972818621992,0.0203986190767884,-2.52373775772189,"Q9BQL6;Q49AC8;Q54A15;B2RAX1","Q9BQL6"
"Q9HD67;A0A0A0MQX1;Q69YP8;B7ZA23;B7Z3D4;Q8NCI3;E9PEW5;D6RGD1;B4DIJ5;B4E0P0;E9PCN3;Q6IPD7",1.76256544553592,24.2428534551561,3.01054187939224,0.00513641252593237,0.0208871847045412,-2.54680191004645,"Q9HD67;A0A0A0MQX1;Q69YP8;B7ZA23;B7Z3D4;Q8NCI3;E9PEW5;D6RGD1;B4DIJ5;B4E0P0;E9PCN3;Q6IPD7","Q9HD67"
"Q8NEY1;A0A0A0MRJ3;A0A8I5KSE4;Q659D6;A4FUT7;H7BZD9;A8MYI2;H0Y6F6",-1.68601008856054,23.389952727246,-3.00967882838384,0.00514768720501738,0.0209057765526682,-2.54882645719807,"Q8NEY1;A0A0A0MRJ3;A0A8I5KSE4;Q659D6;A4FUT7;H7BZD9;A8MYI2;H0Y6F6","Q8NEY1"
"P42226;A0A494C0T4;A8K4S9;B2R680;A0A1W2PNW1;Q9BQD2;H0YJH6;B4DQB3;B7ZAC1;B4DR42;G3V568;G3V370;G3V5K5;G3V2L2;G3V5I8;G3V2H4;G3V2M3;Q5FBW6;H0YIY2",-1.85022701105431,25.0150654012937,-3.00623172337324,0.00519295352270811,0.021062187304716,-2.55690956863861,"P42226;A0A494C0T4;A8K4S9;B2R680;A0A1W2PNW1;Q9BQD2;H0YJH6;B4DQB3;B7ZAC1;B4DR42;G3V568;G3V370;G3V5K5;G3V2L2;G3V5I8;G3V2H4;G3V2M3;Q5FBW6;H0YIY2","P42226"
"Q969E2;K7EJJ4;C9JWM2",2.01801408747914,27.061938440199,3.00485713456997,0.0052111091200611,0.0211083757733384,-2.5601314483489,"Q969E2;K7EJJ4;C9JWM2","Q969E2"
"P07108;B8ZWD1;A0A024RAF2;B8ZWD9;B8ZWD8",-1.63321028140072,27.9105291934971,-3.00424757653764,0.00521917939850848,0.0211136453228897,-2.56155992879756,"P07108;B8ZWD1;A0A024RAF2;B8ZWD9;B8ZWD8","P07108"
"Q8TDB6",-1.98566175409714,24.1513055462403,-3.00174521911592,0.00525243368510673,0.0212026478365105,-2.56742248806703,"Q8TDB6","Q8TDB6"
"B7Z938;Q5D044;Q16363;A0A0A0MTC7;A0A0A0MQS9;Q05CF9;E5RFQ2;H0YAQ5;H0Y351;A0A494C139;H0YAP9",1.63051909493429,24.1250901826675,3.00156951743251,0.00525477613902616,0.0212026478365105,-2.56783402546806,"B7Z938;Q5D044;Q16363;A0A0A0MTC7;A0A0A0MQS9;Q05CF9;E5RFQ2;H0YAQ5;H0Y351;A0A494C139;H0YAP9","B7Z938"
"P55210;B4DUB5;A0A5F9ZHZ6;B4DWA2;A0A0A0MRL7;Q5SVL2",-1.93804104256265,23.4827294317277,-2.99729847471899,0.00531202283243548,0.0214059421374241,-2.57783387497337,"P55210;B4DUB5;A0A5F9ZHZ6;B4DWA2;A0A0A0MRL7;Q5SVL2","P55210"
"Q9Y237;H0Y4T6;J3KMW3;H0Y610;H0Y8P6;A0A494C021",1.64989451762192,25.0271540020489,2.99613089521109,0.00532777488116133,0.0214417159410867,-2.58056620444507,"Q9Y237;H0Y4T6;J3KMW3;H0Y610;H0Y8P6;A0A494C021","Q9Y237"
"P37235;Q6FGY1;Q68CP5;E9PC71;P84074;O75544;Q5U068;P61601;H7BZC1;B2RB70;E5RGA9;Q59GU4;C9JW46",1.66539028175147,26.9344923242258,2.99239228924037,0.00537851113233843,0.0216180105950562,-2.58931128386378,"P37235;Q6FGY1;Q68CP5;E9PC71;P84074;O75544;Q5U068;P61601;H7BZC1;B2RB70;E5RGA9;Q59GU4;C9JW46","P37235"
"Q15046;Q6ZTI3;H3BVA8;J3KRL2;H3BPV7",-1.84413242799054,25.515140871593,-2.98449700502067,0.00548716358013301,0.0220263361730178,-2.60775989870928,"Q15046;Q6ZTI3;H3BVA8;J3KRL2;H3BPV7","Q15046"
"P06576;Q0QEN7;V9HW31;H0YH81;F8W079;F8W0P7;H0YI37",-2.12613196460705,24.0851948577139,-2.9827270090242,0.0055118050521956,0.0220968122850875,-2.61189214637858,"P06576;Q0QEN7;V9HW31;H0YH81;F8W079;F8W0P7;H0YI37","P06576"
"Q9NR28;Q502X2;A0A0S2Z5U7;K7X1S0;A0A0S2Z5P6;Q53HB7;H7BZK7;A0A2U3TZH2;H7BZQ7",-2.01968051513161,24.5729758917658,-2.97488570240362,0.0056222342981278,0.0225105889292177,-2.6301824553616,"Q9NR28;Q502X2;A0A0S2Z5U7;K7X1S0;A0A0S2Z5P6;Q53HB7;H7BZK7;A0A2U3TZH2;H7BZQ7","Q9NR28"
"P35813;B2R8E4;B5BUD5;E9PKB5;E9PJN3;E9PL75",-1.69022634846871,24.2971347873002,-2.97410738473948,0.00563330877479552,0.0225260129084452,-2.631996493483,"P35813;B2R8E4;B5BUD5;E9PKB5;E9PJN3;E9PL75","P35813"
"P37108;H0YLA2",-1.74597425962656,25.1165759424146,-2.96980479412483,0.00569490229916654,0.0227431501550582,-2.64201993064851,"P37108;H0YLA2","P37108"
"Q13033;A0AV58;G3V3G7;G3V340",-1.96689148793534,24.7720577541404,-2.96730991643907,0.00573090864489536,0.0228464651451879,-2.64782842987784,"Q13033;A0AV58;G3V3G7;G3V340","Q13033"
"Q03001;E7ETB9;A0A7P0T890;F8W9J4;Q5T0V7;F6QMI7;E9PHM6;A0A494C1D7;A0A0U1RQJ2;B4DSS9;Q6P0N6;B4DGY0;A0A494C073;Q9HDA7;A0A494C1U5;H0YC82;H0YAT7",-1.73803909167074,31.0154691536707,-2.96699821004648,0.00573542231762812,0.0228464651451879,-2.64855394736932,"Q03001;E7ETB9;A0A7P0T890;F8W9J4;Q5T0V7;F6QMI7;E9PHM6;A0A494C1D7;A0A0U1RQJ2;B4DSS9;Q6P0N6;B4DGY0;A0A494C073;Q9HDA7;A0A494C1U5;H0YC82;H0YAT7","Q03001"
"P02686;J3QQK6;J3KS94;J3QL64;B7Z3Y6;H7BYR8;A8K1H8;A8MZH3;J3QKL5;B4DF42;H0YEA2;H0YF02;E9PKX9;E9PMR5;E9PNZ1;F8WEU6;F5H7N4;J3KT34;E9PLQ9;E9PJ72;E9PQE7;E9PSE2;E9PLU9",1.88562090893003,24.0525320707961,2.9653518225914,0.00575931867227417,0.022912391503601,-2.65238533111441,"P02686;J3QQK6;J3KS94;J3QL64;B7Z3Y6;H7BYR8;A8K1H8;A8MZH3;J3QKL5;B4DF42;H0YEA2;H0YF02;E9PKX9;E9PMR5;E9PNZ1;F8WEU6;F5H7N4;J3KT34;E9PLQ9;E9PJ72;E9PQE7;E9PSE2;E9PLU9","P02686"
"Q93100;A0A8Q3WM21;A0A8V8TNH3;I3L3F2;H3BV13;I3NHZ9;H3BQ89;B4DQ16",-1.69838906597547,23.5313828866313,-2.96192535299341,0.00580935391928545,0.0230820062092373,-2.66035548382615,"Q93100;A0A8Q3WM21;A0A8V8TNH3;I3L3F2;H3BV13;I3NHZ9;H3BQ89;B4DQ16","Q93100"
"P07384;B2RDI5;B4DWH5;B4DS85;E9PLX0;E9PJJ3;E9PLC9;E9PMC6;E9PJA6;E9PSA6;E9PQB3;E9PL37;E9PRM1;E9PIA9",-1.59512774707952,28.6211364208878,-2.9578801026585,0.00586895367478466,0.0232699742820556,-2.66975843568257,"P07384;B2RDI5;B4DWH5;B4DS85;E9PLX0;E9PJJ3;E9PLC9;E9PMC6;E9PJA6;E9PSA6;E9PQB3;E9PL37;E9PRM1;E9PIA9","P07384"
"Q9Y696;Q6FIC5;B4DWC4;B3KTR3;Q9NVF8",-1.55112724172014,30.3855934776078,-2.95770248456072,0.00587158376401979,0.0232699742820556,-2.6701711367446,"Q9Y696;Q6FIC5;B4DWC4;B3KTR3;Q9NVF8","Q9Y696"
"Q15758;Q71UA6;Q59ES3",1.53349844495192,29.237728581314,2.95174898799869,0.00596038737033498,0.0235919393503487,-2.6839963681929,"Q15758;Q71UA6;Q59ES3","Q15758"
"Q96N66;B4DDH8;M0R1Z5;A9C4B8",1.87214754392981,23.9057206015754,2.94544490672403,0.00605580233750143,0.0239392236890583,-2.69861896571982,"Q96N66;B4DDH8;M0R1Z5;A9C4B8","Q96N66"
"Q9Y490;B4DGF3",1.63085773206727,28.6088147200637,2.94176708513899,0.0061121319739761,0.0241313159833309,-2.70714184810625,"Q9Y490;B4DGF3","Q9Y490"
"P14324;Q14329;A0A087X090",-1.59550785075071,28.8789668970877,-2.93393240340224,0.0062337814884931,0.0245804860462832,-2.72527802812185,"P14324;Q14329;A0A087X090","P14324"
"Q96CC6;B3KPT2;B4E3N5;B4E3Q0",-1.79556281299899,24.0079301876718,-2.93140275512528,0.0062735449688922,0.0247060438863318,-2.73112806543104,"Q96CC6;B3KPT2;B4E3N5;B4E3Q0","Q96CC6"
"O43390;Q0VGD6;Q6MZS5;A0A6Q8PEX7;B2R7W4;B4DMB1;A0A6Q8PH31;B4DT28;A0A6Q8PHG0;B4DMD1;A0A6Q8PH35;A0A286YEZ8;Q7Z334",-1.69239118068467,25.6243047824309,-2.92931761694299,0.00630650100867233,0.0248045102724451,-2.73594802150477,"O43390;Q0VGD6;Q6MZS5;A0A6Q8PEX7;B2R7W4;B4DMB1;A0A6Q8PH31;B4DT28;A0A6Q8PHG0;B4DMD1;A0A6Q8PH35;A0A286YEZ8;Q7Z334","O43390"
"Q9BPX5;A0A024R897;B3KPC7",-2.28420090167261,25.4661484025352,-2.92788894898384,0.0063291756167066,0.024862340993083,-2.7392493934314,"Q9BPX5;A0A024R897;B3KPC7","Q9BPX5"
"B4E2N5",-1.70614805467598,23.6592641821797,-2.92669303730309,0.0063482152236107,0.0249057651351469,-2.74201222082681,"B4E2N5","B4E2N5"
"P04626;X5DNK3;J3QLU9;B4DTR1;F5H1T4;B4DLA2;J3KTI5;Q9UK79;J3QRJ7;Q4H1F2;X5DQX2;J3QRX1;Q4H1F1;B2RDI6;B4DZC4;G3V4P9;H3BLT0;J3KPI6;B4DGF4;Q9NP09;H0YCF5;Q16584;M0R0A7;E2I6F8;J3QL83;J3KRI9;J3QLV2;E9PRQ2;Q4ZG14;Q02779;P80192;Q5TCX8;E9PLB1",-1.58370921357482,26.0646361631344,-2.92554984320164,0.00636646603176131,0.0249459893882708,-2.74465267008722,"P04626;X5DNK3;J3QLU9;B4DTR1;F5H1T4;B4DLA2;J3KTI5;Q9UK79;J3QRJ7;Q4H1F2;X5DQX2;J3QRX1;Q4H1F1;B2RDI6;B4DZC4;G3V4P9;H3BLT0;J3KPI6;B4DGF4;Q9NP09;H0YCF5;Q16584;M0R0A7;E2I6F8;J3QL83;J3KRI9;J3QLV2;E9PRQ2;Q4ZG14;Q02779;P80192;Q5TCX8;E9PLB1","P04626"
"B3KY44;F8W1P7;B7Z9M2;A0A2R8YD71;P49281;A0A2R8Y5Q7;A0A0X8GKR4",-1.9188747642472,24.380121341118,-2.92493508411913,0.00637630095843483,0.0249531777783667,-2.74607234858185,"B3KY44;F8W1P7;B7Z9M2;A0A2R8YD71;P49281;A0A2R8Y5Q7;A0A0X8GKR4","B3KY44"
"O95361;B3KMJ2;B2RB95;H0Y626;Q59EB2;B3KP96;B4DE22;K7ENN8;K7EL43;Q309B1;J3QL38;J3QKY5",-1.7280503790042,25.5851010339044,-2.92255413068973,0.00641452687758799,0.0250713149513746,-2.75156917171328,"O95361;B3KMJ2;B2RB95;H0Y626;Q59EB2;B3KP96;B4DE22;K7ENN8;K7EL43;Q309B1;J3QL38;J3QKY5","O95361"
"O15173;U3KPU8;U3KQM0",1.8195543257391,24.7285167246157,2.91761306322302,0.0064945457806959,0.0253523007384111,-2.7629684536837,"O15173;U3KPU8;U3KQM0","O15173"
"Q96SB4;A8K8B2;H3BLV9;P78362;Q9UPE1;H7C2I2;H7C521;A8MPP7;A8MPY5;H7C5L6;E7ETV6;Q59GF4;C9J2M4;A0A994J591",1.60723160038897,24.8253820121868,2.91404956367752,0.00655283856968562,0.0255478793735618,-2.77118291595907,"Q96SB4;A8K8B2;H3BLV9;P78362;Q9UPE1;H7C2I2;H7C521;A8MPP7;A8MPY5;H7C5L6;E7ETV6;Q59GF4;C9J2M4;A0A994J591","Q96SB4"
"O15212;Q5STK2;I7HJT1;A2AB88",1.6282838196942,26.1431771982173,2.91339297349625,0.0065636329370713,0.0255580163929156,-2.77269585210589,"O15212;Q5STK2;I7HJT1;A2AB88","O15212"
"P25686;C9JRD2;C9JXB9;A8K0R1;C9J1G2;E7ETU0;C9JX00;B4DF16;B4DJY6",-1.66842857327271,23.73987918326,-2.90501865866321,0.00670278522199822,0.0260673155952774,-2.79197541776767,"P25686;C9JRD2;C9JXB9;A8K0R1;C9J1G2;E7ETU0;C9JX00;B4DF16;B4DJY6","P25686"
"Q0JRZ9;H7BXJ4;A0JLQ4;H0YAE2;B4DEU7",-1.65069112335533,24.5932256735591,-2.90323720029574,0.0067327433283706,0.0261512159915167,-2.79607271050355,"Q0JRZ9;H7BXJ4;A0JLQ4;H0YAE2;B4DEU7","Q0JRZ9"
"P17813;Q5T9B9;A8K2X4;F5GX88;B7Z6Y5;Q96CG0;B4DYI8;B4DTC8;Q53G87",-1.79091437057757,23.6888588727957,-2.90240424100548,0.00674679412705756,0.0261731976147917,-2.79798800235797,"P17813;Q5T9B9;A8K2X4;F5GX88;B7Z6Y5;Q96CG0;B4DYI8;B4DTC8;Q53G87","P17813"
"P02795;Q8TE66;H3BSP9",1.56203871466489,28.0678246335795,2.89891921743839,0.00680588146033783,0.026369620217135,-2.80599804334293,"P02795;Q8TE66;H3BSP9","P02795"
"Q9BZG1;Q6NXT3;C9JBG0;B4DNC0;Q96PJ7;K7EIF2;H7C0Y7;V9GY61;K7EJW7",1.59093287754961,26.9939689729927,2.89315116452117,0.00690474890817842,0.0267194936037326,-2.81924349821143,"Q9BZG1;Q6NXT3;C9JBG0;B4DNC0;Q96PJ7;K7EIF2;H7C0Y7;V9GY61;K7EJW7","Q9BZG1"
"Q8WVY7",-2.05513526629448,25.688537826914,-2.89114732320653,0.00693941118877679,0.0268203512983827,-2.82384152248919,"Q8WVY7","Q8WVY7"
"Q5K651;C9JKF1;B3KWI8;B3KWI1;Q8IVG5;B4E2J8",-1.76627401603186,23.8938692286095,-2.88959948423377,0.00696629765741902,0.0268721989043671,-2.82739196665045,"Q5K651;C9JKF1;B3KWI8;B3KWI1;Q8IVG5;B4E2J8","Q5K651"
"P30046;Q53Y51;A6NHG4;B4DJQ7;J3KQ18;A0A0F7RPW6;B5MC82;B4E259;H7C342;A0A0F7RQT4",-1.5646188594969,28.1348334190713,-2.88938348847922,0.00697005736249855,0.0268721989043671,-2.82788733362508,"P30046;Q53Y51;A6NHG4;B4DJQ7;J3KQ18;A0A0F7RPW6;B5MC82;B4E259;H7C342;A0A0F7RQT4","P30046"
"A8K7N0;P50914;E7EPB3;A0PJ62;B7Z6S8;A8K3Q9",-1.84074946000874,23.5649396341297,-2.88602100220092,0.00702883297485537,0.0270433375636108,-2.8355961882223,"A8K7N0;P50914;E7EPB3;A0PJ62;B7Z6S8;A8K3Q9","A8K7N0"
"Q86UP2;G3V4Y7;H0YJZ8;G3V5P0;B3KWP6;B7Z6P3;G3V5G2;H0YJV5",-1.70545382078392,25.462242275364,-2.88585264832655,0.00703178799746341,0.0270433375636108,-2.83598202339779,"Q86UP2;G3V4Y7;H0YJZ8;G3V5P0;B3KWP6;B7Z6P3;G3V5G2;H0YJV5","Q86UP2"
"P42574;C9JXR7;Q5HYI3;A8MVM1",-1.78715507569203,23.7895366542738,-2.88087845890988,0.00711962667686848,0.0273474330112719,-2.84737615382656,"P42574;C9JXR7;Q5HYI3;A8MVM1","P42574"
"O00506;A0A024R4B2;B4E185;Q96BA2;B4DVS7;A0A0S2Z4Y2;B3KRS6;Q5CZ67;H7C279;B4DMA5;C9JDH9;C9J232;C9JCC0;C9J6L2;B4DZ52;E7EM58;C9JN58",-1.62785517386362,24.3663516144711,-2.87237382098716,0.00727220526389925,0.0278961419662246,-2.86683138852039,"O00506;A0A024R4B2;B4E185;Q96BA2;B4DVS7;A0A0S2Z4Y2;B3KRS6;Q5CZ67;H7C279;B4DMA5;C9JDH9;C9J232;C9JCC0;C9J6L2;B4DZ52;E7EM58;C9JN58","O00506"
"Q02388;Q59F16;C9JBL3",1.91790167956124,27.3744472126914,2.87192372495649,0.00728036536085504,0.0278961419662246,-2.86786011576769,"Q02388;Q59F16;C9JBL3","Q02388"
"Q96KB5;V9HWH0;E5RIE1;E5RFX4",1.76711522992535,24.3721523433516,2.86548675853787,0.00739801174332266,0.0283121455551207,-2.88256219144044,"Q96KB5;V9HWH0;E5RIE1;E5RFX4","Q96KB5"
"Q93096;B5BU78;A0A0D9SGK2;A0A3B3ISR8",-1.98728078864574,25.1053707138642,-2.85621270402997,0.00757065676088007,0.0289373510259619,-2.90371096595908,"Q93096;B5BU78;A0A0D9SGK2;A0A3B3ISR8","Q93096"
"Q14573;Q59ES2;A6H8K3",2.10658539105804,25.6115630478633,2.85015679777366,0.00768542882621153,0.0293400887502494,-2.91749973925551,"Q14573;Q59ES2;A6H8K3","Q14573"
"A0A7L7TR74",-2.18092052594113,24.0787300664734,-2.84813017816081,0.0077242011500328,0.0294520579302596,-2.92211041309796,"A0A7L7TR74","A0A7L7TR74"
"Q8NBS9;A0A024QZV0;Q86UY0;Q6EHZ3;Q658S9",1.51406004497787,25.6683161821022,2.84728906471347,0.00774034682262933,0.029477584541857,-2.92402343851066,"Q8NBS9;A0A024QZV0;Q86UY0;Q6EHZ3;Q658S9","Q8NBS9"
"Q86X10;A2A2F0;B3KWL5;A0A0J9YW54;B4E2E8;Q6MZJ2;G1UI28",-1.82546288227488,24.7215166092645,-2.846709581551,0.00775148878313395,0.0294840164812132,-2.92534122337513,"Q86X10;A2A2F0;B3KWL5;A0A0J9YW54;B4E2E8;Q6MZJ2;G1UI28","Q86X10"
"B7Z4C7",-1.81724741256694,24.3405001816353,-2.84445945194012,0.0077948959156106,0.029582035893385,-2.93045670685825,"B7Z4C7","B7Z4C7"
"Q59EF6;B4E1R7;B3KUH9;Q6ZVC6",2.37623309092083,27.5178827880092,2.84439061288272,0.00779622747815404,0.029582035893385,-2.93061316995391,"Q59EF6;B4E1R7;B3KUH9;Q6ZVC6","Q59EF6"
"P25116;B4DLS3;Q16292",1.59052259612281,24.4893157867081,2.84297022191342,0.00782375000063536,0.0296316565382,-2.93384106383492,"P25116;B4DLS3;Q16292","P25116"
"Q14C86;F8W9S7;B4DGD8;C9IZ08;B4DK42;B3KN67;B0QZ65;H0Y7I9;B3KTX2;H0Y4E7;C9IZX9;B3KMM3",1.66906365985788,24.5624758077072,2.84273557078803,0.00782830554263444,0.0296316565382,-2.93437422803999,"Q14C86;F8W9S7;B4DGD8;C9IZ08;B4DK42;B3KN67;B0QZ65;H0Y7I9;B3KTX2;H0Y4E7;C9IZX9;B3KMM3","Q14C86"
"Q9Y3U8;J3QSB5;J3KTD3",-2.02300101356212,27.1916865788664,-2.83588374472375,0.00796243100556905,0.030074512893442,-2.94993142882683,"Q9Y3U8;J3QSB5;J3KTD3","Q9Y3U8"
"Q96IU4;B4DNR3;V9HW87;B4DQI4;F8W9U3;B4DKK0",-1.98615864798558,25.8030889110913,-2.83577447972808,0.0079645872555252,0.030074512893442,-2.95017934101183,"Q96IU4;B4DNR3;V9HW87;B4DQI4;F8W9U3;B4DKK0","Q96IU4"
"Q96AE4;B4DT31;B4E0X8;A0A1Z1G4M2;A0A384MDX9;E9PEB5;A0A994J3Q8;C9JSZ1;B4DWL1;Q59FU3;Q6PJY1",-1.56440604819873,25.1881900516806,-2.83215556680483,0.00803631383133899,0.0303086612333087,-2.95838719112471,"Q96AE4;B4DT31;B4E0X8;A0A1Z1G4M2;A0A384MDX9;E9PEB5;A0A994J3Q8;C9JSZ1;B4DWL1;Q59FU3;Q6PJY1","Q96AE4"
"Q53TN4",1.63425090635725,28.8597735523152,2.83061238040738,0.00806708365994124,0.0303879636900444,-2.96188535488512,"Q53TN4","Q53TN4"
"Q9ULF5;E7ENT5;E7EV45",1.45655782376665,26.6826798565085,2.82811684093381,0.00811707665223376,0.0305393993707082,-2.96754001193776,"Q9ULF5;E7ENT5;E7EV45","Q9ULF5"
"Q86TI2;A0A2R8YF65;A0A8V8TR99;M0R2A8;M0R2G6",1.70622430829102,25.4656151942238,2.82753749494038,0.00812872415886659,0.0305463742789216,-2.96885234080767,"Q86TI2;A0A2R8YF65;A0A8V8TR99;M0R2A8;M0R2G6","Q86TI2"
"I6TRR8;P15056;D7PBN4;D7RF68;H7C560;A0A2U3TZI2;A0A2R8Y8E0;A0A1W6S962;H7C4S5;A0A2R8Y492;A0A8I5KWF7;E5FF37;A0A2R8Y679;A0A2R8YDP5",1.87240368998786,25.3464382852424,2.82399099408977,0.00820036755550177,0.0307785155302167,-2.97688243095134,"I6TRR8;P15056;D7PBN4;D7RF68;H7C560;A0A2U3TZI2;A0A2R8Y8E0;A0A1W6S962;H7C4S5;A0A2R8Y492;A0A8I5KWF7;E5FF37;A0A2R8Y679;A0A2R8YDP5","I6TRR8"
"P28827;B4DGA3;E7EPS8;Q49AC9;J3KT55",1.83435027179016,24.3661121667307,2.82308976779934,0.00821866751941502,0.0308101249916532,-2.97892207897492,"P28827;B4DGA3;E7EPS8;Q49AC9;J3KT55","P28827"
"Q32MZ4;A0A0F7NGI8;B4DPC0;Q05D04;C9JTC6;C9JSU1;A0A8V8TLX7",1.56954327831653,25.4084163177018,2.81218210251041,0.00844321301797834,0.0316139032449873,-3.00357809727771,"Q32MZ4;A0A0F7NGI8;B4DPC0;Q05D04;C9JTC6;C9JSU1;A0A8V8TLX7","Q32MZ4"
"Q9NUQ6;F8W6C2;C9IZC3;C9J8M7;F2Z2S1;C9JKE4;F8VZ02;F8VT91;C9JGM8;C9JW67;B8ZZZ7",-1.69237934481964,23.4268758296711,-2.80905012359714,0.00850874314674131,0.0318210669960265,-3.01064740657959,"Q9NUQ6;F8W6C2;C9IZC3;C9J8M7;F2Z2S1;C9JKE4;F8VZ02;F8VT91;C9JGM8;C9JW67;B8ZZZ7","Q9NUQ6"
"P23919;Q6FGU2;Q53F55;H7C312;H7BZ20",1.43758498658165,24.3158009946572,2.8064209533919,0.00856412077795908,0.0319898116244962,-3.01657824434751,"P23919;Q6FGU2;Q53F55;H7C312;H7BZ20","P23919"
"P52788;B4DE40;H7C2R7",1.50451141260617,26.6410219459424,2.80301592694376,0.00863634212096423,0.0322209941091955,-3.02425440455355,"P52788;B4DE40;H7C2R7","P52788"
"A0A140VKE1;A0A7I2YQ74;A0A087WYS1;A0A7I2V676;C9JNZ1;C9JVG3;A0A7I2V4T0;C9JWG0;C9JQU9;C9JUW1;A0A7I2V2Q3;C9JTZ5;F2Z3H1;C9J3M0;F2Z3P4;F8WC70",-1.52012835845687,28.6660338729143,-2.80234074320785,0.00865073054105173,0.032236115361458,-3.02577586282962,"A0A140VKE1;A0A7I2YQ74;A0A087WYS1;A0A7I2V676;C9JNZ1;C9JVG3;A0A7I2V4T0;C9JWG0;C9JQU9;C9JUW1;A0A7I2V2Q3;C9JTZ5;F2Z3H1;C9J3M0;F2Z3P4;F8WC70","A0A140VKE1"
"Q13443;A0A7I2V3W3;A0A7I2V4B3;A0A7I2YQ97;A0A7I2V2Z6;A0AVL1;A0A7I2V5N8;F8WC54;A0A7I2V2E1;A0A7I2V3B5;A0A7I2V3C1;B4DDM8;A0A7I2V303;A0A0J9YY58;A0A7I2V5Q0",-1.55366404706641,28.320335396222,-2.79956249982241,0.00871017261490951,0.0324188882886668,-3.03203408718703,"Q13443;A0A7I2V3W3;A0A7I2V4B3;A0A7I2YQ97;A0A7I2V2Z6;A0AVL1;A0A7I2V5N8;F8WC54;A0A7I2V2E1;A0A7I2V3B5;A0A7I2V3C1;B4DDM8;A0A7I2V303;A0A0J9YY58;A0A7I2V5Q0","Q13443"
"Q96DB5;E5RH53;H0YB83;H0YC67;H0YB03;H0YC27;H0YBD9;E5RGC8;H0YAP5",-1.47655465011812,25.0889236967606,-2.79503213127936,0.00880792367472678,0.0327436399779175,-3.04223128712828,"Q96DB5;E5RH53;H0YB83;H0YC67;H0YB03;H0YC27;H0YBD9;E5RGC8;H0YAP5","Q96DB5"
"Q92688;Q53F35;Q1AHP8",-1.54525856056603,26.6180722203203,-2.79268497074801,0.00885897110734529,0.0328942034331071,-3.04751057853898,"Q92688;Q53F35;Q1AHP8","Q92688"
"Q14103;A0A994J4R1;H0Y8G5;H0YA96;A0A994J440;D6RAF8;D6RF44;D6RD83;B4E0W4;A0A994J4B1",-1.5453642421252,28.5994295485519,-2.7907355065362,0.00890157966415594,0.033013111739004,-3.05189337355101,"Q14103;A0A994J4R1;H0Y8G5;H0YA96;A0A994J440;D6RAF8;D6RF44;D6RD83;B4E0W4;A0A994J4B1","Q14103"
"Q14185;B2RUU3;A0A2X0U2H5;A0A096LNH6",-1.62946906784319,24.137396839597,-2.78515784006487,0.00902455036487723,0.0334294211259526,-3.06442312811905,"Q14185;B2RUU3;A0A2X0U2H5;A0A096LNH6","Q14185"
"Q86TV6;A0A0C4DGK5;B3KX34;H0YJS2;G3V3H1;H0YK02;G3V3E4;Q6PIF1",1.67860159520719,24.3160132897372,2.78395365528844,0.00905130687222543,0.0334887617253513,-3.06712628218441,"Q86TV6;A0A0C4DGK5;B3KX34;H0YJS2;G3V3H1;H0YK02;G3V3E4;Q6PIF1","Q86TV6"
"P55209;F8VY35;F5H4R6;F8W0J6;B7Z2V4;H0YIV4;F8VUX1;F8W020;F8W543;F8VXI6;H0YH88;H0YHC3;B7Z5H0;F8VVB5;B7Z4K9",1.54311507700266,28.266008191649,2.78026052165148,0.00913383056371894,0.0337410465623633,-3.07541231329092,"P55209;F8VY35;F5H4R6;F8W0J6;B7Z2V4;H0YIV4;F8VUX1;F8W020;F8W543;F8VXI6;H0YH88;H0YHC3;B7Z5H0;F8VVB5;B7Z4K9","P55209"
"O60925;E5RGS4",1.83169963823067,24.3545347538335,2.77969524888378,0.00914652363186863,0.0337410465623633,-3.07668000216827,"O60925;E5RGS4","O60925"
"Q5T5C0;Q14DD4;H0Y332;Q3B794;F6VFW0;A0A9L9PXY2;Q3LIE1;B3KXX0;A0A9L9PY07",-1.52761934579332,24.0584097350838,-2.77945391003375,0.00915194786526429,0.0337410465623633,-3.07722118562807,"Q5T5C0;Q14DD4;H0Y332;Q3B794;F6VFW0;A0A9L9PXY2;Q3LIE1;B3KXX0;A0A9L9PY07","Q5T5C0"
"P07602;B4DEK5;Q53FJ5;Q59EN5;Q5BJH1;B4DRB7",-1.98126450872305,24.6122660072672,-2.77553855231484,0.00924036940405434,0.0340268148420844,-3.08599717483419,"P07602;B4DEK5;Q53FJ5;Q59EN5;Q5BJH1;B4DRB7","P07602"
"P52209;B4E2U0;B4DL86;B4DV68;K7EPF6;A9Z1X1;K7EM49;K7ELN9;K7EMN2",-1.53691443648564,28.7596517668864,-2.77411351421845,0.00927274929675801,0.0341057842648446,-3.08918947140493,"P52209;B4E2U0;B4DL86;B4DV68;K7EPF6;A9Z1X1;K7EM49;K7ELN9;K7EMN2","P52209"
"Q6ZUM4;E9PIR1;A0A0G2JRG8;A0A0G2JNY3;A0A0C4DGE6;E9PNX6;E9PNT2;A0A8I5KVA8;B7Z6T0;A0A0G2JP16",-1.73634573743014,24.1448876756294,-2.77249791854261,0.00930958741621871,0.0341720872959091,-3.09280746725789,"Q6ZUM4;E9PIR1;A0A0G2JRG8;A0A0G2JNY3;A0A0C4DGE6;E9PNX6;E9PNT2;A0A8I5KVA8;B7Z6T0;A0A0G2JP16","Q6ZUM4"
"Q14653;M0QYT9;E2GIM7;E2GIM5;M0QXC8;M0R205;M0QZB8;M0QZB7;Q96GL3;M0R0R8;M0R0X9;E2GIM8;E2GIM9",1.5577911448669,25.001502085299,2.77236220571352,0.00931268810565012,0.0341720872959091,-3.09311132813829,"Q14653;M0QYT9;E2GIM7;E2GIM5;M0QXC8;M0R205;M0QZB8;M0QZB7;Q96GL3;M0R0R8;M0R0X9;E2GIM8;E2GIM9","Q14653"
"P29279;B3KWK5;B3KRV6;Q6FHL8;Q5M8T4;B2RCP7",2.44165699157863,24.5866966218286,2.76956983917827,0.00937670128344612,0.0343665467721133,-3.0993614705348,"P29279;B3KWK5;B3KRV6;Q6FHL8;Q5M8T4;B2RCP7","P29279"
"P04083;Q5TZZ9;A0A4D5RA86;A0A4D5RAA5;A0A4D5RAA2;A0A4D5RAB7;A0A4D5RAG0;A0A4D5RAJ5;A0A4D5RAI5;A0A4D5RAU4;A0A4D5RAH8;B4DL19;Q5T3N1;A0A4D5RAH1;A0A4D5RAD4;A0A4D5RA95;Q5T3N0;A0A4D5RAT3;A0A4D5RBL6;A0A4D5RBR8;A0A4D5RBT3;A0A4D5RAS2;A0A4D5RBK2;A0A4D5RAI2;A0A4D5RAD9;A0A4D5RBH8;Q05BR2;A0A4D5RAH0;A0A4D5RAB9;A0A4D5RAF4",-1.50737491583105,32.1874038074066,-2.7683518740814,0.0094047510124134,0.034401853777977,-3.1020864629927,"P04083;Q5TZZ9;A0A4D5RA86;A0A4D5RAA5;A0A4D5RAA2;A0A4D5RAB7;A0A4D5RAG0;A0A4D5RAJ5;A0A4D5RAI5;A0A4D5RAU4;A0A4D5RAH8;B4DL19;Q5T3N1;A0A4D5RAH1;A0A4D5RAD4;A0A4D5RA95;Q5T3N0;A0A4D5RAT3;A0A4D5RBL6;A0A4D5RBR8;A0A4D5RBT3;A0A4D5RAS2;A0A4D5RBK2;A0A4D5RAI2;A0A4D5RAD9;A0A4D5RBH8;Q05BR2;A0A4D5RAH0;A0A4D5RAB9;A0A4D5RAF4","P04083"
"O95490;B1ALU1;A0A6I8PRM6;B1ALU3;A0A6I8PTT2;A0A8I5KUX3;A0A6I8PRJ0;A0A6I8PIV6;A0A6I8PLG0;A0A6I8PRQ0;A0A6I8PUE4;H0Y5C0;B3KVU1;A0A6I8PU30;H0Y3V3",-1.49688586060804,25.5441583474488,-2.76802387136326,0.00941231831169302,0.034401853777977,-3.10282019206703,"O95490;B1ALU1;A0A6I8PRM6;B1ALU3;A0A6I8PTT2;A0A8I5KUX3;A0A6I8PRJ0;A0A6I8PIV6;A0A6I8PLG0;A0A6I8PRQ0;A0A6I8PUE4;H0Y5C0;B3KVU1;A0A6I8PU30;H0Y3V3","O95490"
"P15121;Q59EL5;E9PCX2;E9PEF9;O15289",1.46874629677365,28.1915595557157,2.76771610602426,0.00941942389432266,0.034401853777977,-3.10350860385437,"P15121;Q59EL5;E9PCX2;E9PEF9;O15289","P15121"
"Q8NEZ2;B3KW95;H0YBN0;E5RG91;E5RJ10;E5RHB8;E5RJX6",-1.57284956861383,24.5740734878082,-2.76661846509174,0.00944480672116222,0.034454213056497,-3.10596344398145,"Q8NEZ2;B3KW95;H0YBN0;E5RG91;E5RJ10;E5RHB8;E5RJX6","Q8NEZ2"
"A0A5H2UUW4",-1.50860433825734,23.5002295162834,-2.75942423839808,0.00961276199605443,0.0350259400300161,-3.12203873245993,"A0A5H2UUW4","A0A5H2UUW4"
"Q15819;A0M8W4;G3V113;H0YBX6",1.86197205703287,24.637485943116,2.75865068023099,0.009630986630968,0.0350513970851683,-3.12376573750269,"Q15819;A0M8W4;G3V113;H0YBX6","Q15819"
"Q9Y2D5;B4E2K2;C9JVY5;B1ALY0;C9JZH4;C9JA33",2.30164168908797,24.5486274407536,2.75737503230374,0.00966111078505303,0.035082359261341,-3.12661304945072,"Q9Y2D5;B4E2K2;C9JVY5;B1ALY0;C9JZH4;C9JA33","Q9Y2D5"
"P63096;A0A3B3ITM0;A0A3B3IUA8",-1.53031176584278,28.7080664598465,-2.75733785938459,0.00966198993443152,0.035082359261341,-3.12669600951738,"P63096;A0A3B3ITM0;A0A3B3IUA8","P63096"
"O15144;Q53R19;Q9BXV5;H7C3F9;C9JTV5;G5E9J0;G5E9S7",-1.4436301561972,28.9045281201689,-2.75626416035727,0.00968741548642454,0.0351337777932071,-3.12909193145582,"O15144;Q53R19;Q9BXV5;H7C3F9;C9JTV5;G5E9J0;G5E9S7","O15144"
"Q01105;A0A8I5KS71;Q5VXV3;A0A8J8YYJ1;B2RCX0;A0A0C4DFV9;P0DME0;A0A8I5KTZ2",-1.51273530845769,26.9659818620228,-2.75317443016821,0.00976093054578231,0.0353592826623636,-3.13598344103085,"Q01105;A0A8I5KS71;Q5VXV3;A0A8J8YYJ1;B2RCX0;A0A0C4DFV9;P0DME0;A0A8I5KTZ2","Q01105"
"Q96CV9;B7ZA56;B4E184;A0A0S2Z500;A0A0S2Z5I6;A0A087WY28",1.83395036232985,24.6197520278278,2.75045163148689,0.0098261467515174,0.0355542363317666,-3.14205268789241,"Q96CV9;B7ZA56;B4E184;A0A0S2Z500;A0A0S2Z5I6;A0A087WY28","Q96CV9"
"P08758;V9HWE0;D6RBL5;D6RBE9;E9PHT9;B4DNG6;D6RCN3",1.45633330923089,30.8749633182469,2.73872191858396,0.010111775781621,0.0365453402814321,-3.16815753315171,"P08758;V9HWE0;D6RBL5;D6RBE9;E9PHT9;B4DNG6;D6RCN3","P08758"
"Q5T0N5;A0A075B6Q2;B4DKY5;B7Z9L6;B4DSW1;B4DSI7",-1.51905426300116,24.4475281418276,-2.73682545116016,0.0101586779301669,0.0366723570187392,-3.17237187636428,"Q5T0N5;A0A075B6Q2;B4DKY5;B7Z9L6;B4DSW1;B4DSI7","Q5T0N5"
"Q6IQ22;A0A3B3ITT1",1.44906289702358,24.7359764643431,2.73428194045409,0.0102219011123236,0.0368579301379622,-3.17802132047315,"Q6IQ22;A0A3B3ITT1","Q6IQ22"
"P07910;G3V2Q1;G3V4C1;B2R5W2;B4DY08;G3V4W0;B2R603;A8K9A4;G3V576;B3KX96;G3V575;B4DMJ1;G3V5X6;G3V251;G3V3K6;B4DSU6;G3V555;B4DQQ2;O60812;G3V5V7;G3V2D6;G3V4M8;P0DMR1;B2RXH8;B7ZW38;A0A0G2JNQ3;A0A0G2JPF8;Q6PKD2;G3V2H6;Q569J8",-1.52417677740465,25.2651732369175,-2.73211453069901,0.0102760652218063,0.0370104473750737,-3.18283289772996,"P07910;G3V2Q1;G3V4C1;B2R5W2;B4DY08;G3V4W0;B2R603;A8K9A4;G3V576;B3KX96;G3V575;B4DMJ1;G3V5X6;G3V251;G3V3K6;B4DSU6;G3V555;B4DQQ2;O60812;G3V5V7;G3V2D6;G3V4M8;P0DMR1;B2RXH8;B7ZW38;A0A0G2JNQ3;A0A0G2JPF8;Q6PKD2;G3V2H6;Q569J8","P07910"
"P07437;Q5SU16;A0A384NYT8;Q5JP53;B7ZAF0;B4DY90;Q6LC01;Q5ST81;B7ZAK1;B4DQN9;B4E052;Q9BUU9;B4DMU8;B4DXZ5;Q96B85;Q1KSF8;B4DMJ5;Q6P602;A4UCT2;A4UCU2",1.45313594787423,30.1880750393347,2.72763900108689,0.0103887582117257,0.0373731682380304,-3.19276112889869,"P07437;Q5SU16;A0A384NYT8;Q5JP53;B7ZAF0;B4DY90;Q6LC01;Q5ST81;B7ZAK1;B4DQN9;B4E052;Q9BUU9;B4DMU8;B4DXZ5;Q96B85;Q1KSF8;B4DMJ5;Q6P602;A4UCT2;A4UCU2","P07437"
"O95394;H0Y987;A0A8V8TMH7;B3KN28;A0A8V8TLT8;A0A494C1Q4;A0A494C0G1;A0A8V8TNH4;A0A087WT27;A0A494C1E2;J3KN95;A0A8V8TMI1;A0A8V8TM25;A0A494C099;H0Y8I3;A0A494C163;A0A8V8TNM1;D6RIS6;D6RCQ8;A0A8V8TNG4;A0A8V8TNT6;D6RF77;D6RCD1;D6RC77",1.74358452186772,24.7224616779177,2.72697852025475,0.0104054862785809,0.0373845723034592,-3.19422546426369,"O95394;H0Y987;A0A8V8TMH7;B3KN28;A0A8V8TLT8;A0A494C1Q4;A0A494C0G1;A0A8V8TNH4;A0A087WT27;A0A494C1E2;J3KN95;A0A8V8TMI1;A0A8V8TM25;A0A494C099;H0Y8I3;A0A494C163;A0A8V8TNM1;D6RIS6;D6RCQ8;A0A8V8TNG4;A0A8V8TNT6;D6RF77;D6RCD1;D6RC77","O95394"
"P00491;V9HWH6;Q8N7G1;G3V5M2;A0A8V8TL37;G3V2H3;Q9P1G4;G3V393",-1.43276603077145,27.7470740902939,-2.7265678356212,0.0104159003949041,0.0373845723034592,-3.19513587459927,"P00491;V9HWH6;Q8N7G1;G3V5M2;A0A8V8TL37;G3V2H3;Q9P1G4;G3V393","P00491"
"Q9H0M0;A8K9T5;H0YBA4",-1.67791504349135,24.1691409120505,-2.72245677161517,0.0105206855364569,0.0377172622852976,-3.20424475181331,"Q9H0M0;A8K9T5;H0YBA4","Q9H0M0"
"Q15836;Q6FGG2;P63027;K7ENK9;K7EKX0;J3QRU4;F8WCA0;L7N2F9;P23763;F5GZV7;A8K0D3;B4DZX9;B4DJY5",1.46565439870524,27.9546150033837,2.71780004920673,0.0106405656567698,0.0381032425757348,-3.21455257647375,"Q15836;Q6FGG2;P63027;K7ENK9;K7EKX0;J3QRU4;F8WCA0;L7N2F9;P23763;F5GZV7;A8K0D3;B4DZX9;B4DJY5","Q15836"
"P27701;Q6LET0;E9PJC7;H0YD57",-1.48295644929909,29.9201317446069,-2.71526923298347,0.0107062504937819,0.0382944900115893,-3.22015013632656,"P27701;Q6LET0;E9PJC7;H0YD57","P27701"
"Q12905;B4DY09;F4ZW63;F4ZW62;Q53FG3;X6R6Z1;A0A0A0MRL0",-1.46318939741464,25.9980494804153,-2.71378546691575,0.010744935710296,0.0383888367473233,-3.22343039789694,"Q12905;B4DY09;F4ZW63;F4ZW62;Q53FG3;X6R6Z1;A0A0A0MRL0","Q12905"
"Q05209;B4E105;C9J1X8;F8WB51;H0YC15;C9JJC1",1.59685340718661,24.1033954853557,2.71294836990558,0.0107668182066373,0.0384230045612148,-3.22528054350382,"Q05209;B4E105;C9J1X8;F8WB51;H0YC15;C9JJC1","Q05209"
"Q8IUW5;D6RBN9",1.49144477872429,26.109053057285,2.7097606956723,0.0108505277190834,0.038677481092367,-3.23232273712731,"Q8IUW5;D6RBN9","Q8IUW5"
"P23352;A0A1B0RPQ5",1.63238004117998,23.6500087270871,2.70685962454009,0.01092723759483,0.0388769838057493,-3.23872738459335,"P23352;A0A1B0RPQ5","P23352"
"Q9NWV4",1.41710702026062,25.3675408177758,2.70670180609797,0.0109314250713825,0.0388769838057493,-3.23907567784931,"Q9NWV4","Q9NWV4"
"E9PN41;A8MVV6;J3KQ42;E9PPX8;O14817;E9PSH3;J3KNL1",1.36712932959373,27.2050928750185,2.70389469435372,0.0110061577884253,0.039098184672094,-3.24526868910964,"E9PN41;A8MVV6;J3KQ42;E9PPX8;O14817;E9PSH3;J3KNL1","E9PN41"
"Q14651;C9JAM8;C9J359;C9J0F3;C9JAM3;C9JVY2;C9JU08;C9JYI1",-1.47395275202604,25.8412988635441,-2.70296788095635,0.0110309363131732,0.0391416272591437,-3.24731255072254,"Q14651;C9JAM8;C9J359;C9J0F3;C9JAM3;C9JVY2;C9JU08;C9JYI1","Q14651"
"Q04864;A0A8V8TMU9;A0A8V8TPL7;B4E1P2;A0A8V8TMW2",-1.55485253900345,23.8005805359129,-2.70088130887086,0.0110869114624168,0.0392955418764523,-3.25191241158678,"Q04864;A0A8V8TMU9;A0A8V8TPL7;B4E1P2;A0A8V8TMW2","Q04864"
"Q6R327;D6R9S6;A0AA34QVX7;Q8N6M7;A0AA34QVL6",1.50612880223757,24.0087108562487,2.69675338426259,0.0111984287070989,0.0396457424942583,-3.26100604705016,"Q6R327;D6R9S6;A0AA34QVX7;Q8N6M7;A0AA34QVL6","Q6R327"
"Q99614;A0A804HHT7;A0A804HKI4;A0A804HKC5;Q53HD9;Q53GE7;A0A804HL30;A0A804HIB8;A0A804HJM4",-1.53846222280094,24.3661744276963,-2.69259607935574,0.0113117943741332,0.04000168554753,-3.2701557977843,"Q99614;A0A804HHT7;A0A804HKI4;A0A804HKC5;Q53HD9;Q53GE7;A0A804HL30;A0A804HIB8;A0A804HJM4","Q99614"
"P11413;A0A384NL00;A8K8D9;A0A8G1M3Q3;E7EUI8;Q2VF42;Q2Q9H2;B4DYA7;A0A8Q3SIN6;Q2Q9B7;A0A8Q3SIS5;A0A8Q3SJB9;A0A8Q3WL95;A0A4P8W0G4;A0A8Q3WL80;A0A8Q3WLT0;A0A8Q3WL93;Q0PHS1;E9PD92;A0A8Q3WL83;A0A8Q3WL90;A0A2H4QGB2;A7IZZ3;Q0PHS5;A0A2H4QGB8;A0A2H4QGB6;Q0PHS4;A2IBT6;Q0PHS3;Q0PHS2;Q0PHS6;B6ZHS6;A0A8Q3WLB9;A0A6G9IW12;I3V9R4",1.42842993799835,27.5491835173477,2.68962366597181,0.0113935030751737,0.0402450012360891,-3.27669243148359,"P11413;A0A384NL00;A8K8D9;A0A8G1M3Q3;E7EUI8;Q2VF42;Q2Q9H2;B4DYA7;A0A8Q3SIN6;Q2Q9B7;A0A8Q3SIS5;A0A8Q3SJB9;A0A8Q3WL95;A0A4P8W0G4;A0A8Q3WL80;A0A8Q3WLT0;A0A8Q3WL93;Q0PHS1;E9PD92;A0A8Q3WL83;A0A8Q3WL90;A0A2H4QGB2;A7IZZ3;Q0PHS5;A0A2H4QGB8;A0A2H4QGB6;Q0PHS4;A2IBT6;Q0PHS3;Q0PHS2;Q0PHS6;B6ZHS6;A0A8Q3WLB9;A0A6G9IW12;I3V9R4","P11413"
"Q9NQX4;Q9Y4I1;A0A8J8YWI7;F8WE88;A0A8I5KTF1;G3V394;A8CDT9;A0A8I5KYM3;A0A8I5KUG0;H0YMK3;A0A8I5KYS5;A0A8I5KRS2;A0A8I5KQ70;A0A8I5KVK9;A0A8I5KXS5;H0YM96;B4E268;A0A8I5KTM5;Q9P0E7;G3V3C9",-1.55079759629859,23.6719828841011,-2.68875703094575,0.0114174292219389,0.0402838933746916,-3.27859741409993,"Q9NQX4;Q9Y4I1;A0A8J8YWI7;F8WE88;A0A8I5KTF1;G3V394;A8CDT9;A0A8I5KYM3;A0A8I5KUG0;H0YMK3;A0A8I5KYS5;A0A8I5KRS2;A0A8I5KQ70;A0A8I5KVK9;A0A8I5KXS5;H0YM96;B4E268;A0A8I5KTM5;Q9P0E7;G3V3C9","Q9NQX4"
"P32455;B4DNS2;A0A7P0TAZ1;A0A348GSI6;Q9H0R5;H3BNS1",1.48543413317763,26.4252652270101,2.68595523548876,0.0114951017393318,0.0405121156214416,-3.28475356429487,"P32455;B4DNS2;A0A7P0TAZ1;A0A348GSI6;Q9H0R5;H3BNS1","P32455"
"P26447;Q5Q9Z3",1.44316538931092,30.2435688376183,2.67604944118674,0.0117736726119557,0.0414470483935549,-3.30648705785663,"P26447;Q5Q9Z3","P26447"
"Q9H3P7",-1.86362470810921,23.7618382784102,-2.67233418518642,0.0118797620932168,0.041739557911915,-3.3146256258384,"Q9H3P7","Q9H3P7"
"Q08334;A0A1B0GTI5;A0A1B0GU52;H0Y3Z8;H7C0Z5;B4DSX5;H2DF06;Q6ZVU9;F8WDX2",1.4812594464329,23.6288027802691,2.67220283049855,0.011883529152222,0.041739557911915,-3.31491324105642,"Q08334;A0A1B0GTI5;A0A1B0GU52;H0Y3Z8;H7C0Z5;B4DSX5;H2DF06;Q6ZVU9;F8WDX2","Q08334"
"P0CG30;P0CG29;Q6ICJ4;Q6IB75;G9J6Q6;G9J6Q5;G9J6Q4;B2R533",-1.50706941657628,23.9717537050776,-2.67106075511249,0.0119163290173534,0.0418076830203883,-3.31741356972082,"P0CG30;P0CG29;Q6ICJ4;Q6IB75;G9J6Q6;G9J6Q5;G9J6Q4;B2R533","P0CG30"
"P17612;A8K8B9;A0A8V8TL59;Q15136;K7ERP6;A0A7I2V5J4;B7Z708;A0A7I2YQ82",-1.4977427103434,25.5590415174631,-2.66672466793361,0.0120416270567328,0.0421587942742117,-3.3269004806567,"P17612;A8K8B9;A0A8V8TL59;Q15136;K7ERP6;A0A7I2V5J4;B7Z708;A0A7I2YQ82","P17612"
"Q96GM5;H0YHV1;B4DF50;F8VZ70;F8VUB0;A8K9I5;F8VRQ4",-1.54244585959707,23.5351724942031,-2.66666227756083,0.0120434388260092,0.0421587942742117,-3.32703691473115,"Q96GM5;H0YHV1;B4DF50;F8VZ70;F8VUB0;A8K9I5;F8VRQ4","Q96GM5"
"Q16775;B4DT01;H3BPQ4;H3BPK3;H3BQW8;H3BV79",-1.43491071014188,26.2191979712701,-2.66576694610966,0.0120694664878249,0.042202540331307,-3.32899459070018,"Q16775;B4DT01;H3BPQ4;H3BPK3;H3BQW8;H3BV79","Q16775"
"O60610;Q6URC4;A0A2R8Y5N1;A0RZB8;A0A1E1ERW3;B4DVR3;Q96IL1;Q7KZJ7;B4E2I7;A0A2R8YEF8;A0RZB7",-1.45572081738884,26.9580553454196,-2.65967567708893,0.0122479341301272,0.0427786187590894,-3.34230256063071,"O60610;Q6URC4;A0A2R8Y5N1;A0RZB8;A0A1E1ERW3;B4DVR3;Q96IL1;Q7KZJ7;B4E2I7;A0A2R8YEF8;A0RZB7","O60610"
"P08311",-1.39945888399301,23.0568146448222,-2.65754396930563,0.0123109676874112,0.0429506803322544,-3.34695537022277,"P08311","P08311"
"Q03135;Q2TNI1;A9XTE5;Q59E85;E9PCT5;C9JKI3;Q7Z4F3;A0A1I9UVK8;P56539",1.41948974730054,28.2734726373323,2.65451200054634,0.0124011405787836,0.0432169357153363,-3.35356915598306,"Q03135;Q2TNI1;A9XTE5;Q59E85;E9PCT5;C9JKI3;Q7Z4F3;A0A1I9UVK8;P56539","Q03135"
"P57088;D6RAA6;A6QKW0;H0Y8N0",1.56010115930983,24.11240492347,2.64545148965316,0.0126742736023195,0.0441194858991457,-3.3733052818445,"P57088;D6RAA6;A6QKW0;H0Y8N0","P57088"
"A0A8E4NFX1",2.20651132820232,24.3058786335998,2.64314270083573,0.0127447600333956,0.0443153919109933,-3.37832768831873,"A0A8E4NFX1","A0A8E4NFX1"
"Q15797;D6RAY1;D6REQ3;D6RDN7;D6RD62;D6RBH9",-1.59036455881991,25.8912422262443,-2.64035046078168,0.0128304918789908,0.0445638131075416,-3.38439810606418,"Q15797;D6RAY1;D6REQ3;D6RDN7;D6RD62;D6RBH9","Q15797"
"P59998;F8WCF6;F8WDD7;A0A0A6YYG9;Q9H7Z5;H7C0A3;F8WE39;R4GN08;F8WDW3",-1.41933428286802,29.4807378871846,-2.6373605908194,0.0129228845259031,0.0448347906966539,-3.39089372804172,"P59998;F8WCF6;F8WDD7;A0A0A6YYG9;Q9H7Z5;H7C0A3;F8WE39;R4GN08;F8WDW3","P59998"
"P07204;B3KVV1",1.36891220220141,27.1296236424518,2.63095864711691,0.0131227953132419,0.045477776202224,-3.4047867208484,"P07204;B3KVV1","P07204"
"Q99618;J3KMY0;B2R749;F5GX58;F8WDL1",1.47179614318166,24.240055659663,2.62739978400967,0.0132351624607473,0.0458162838125091,-3.41250072158519,"Q99618;J3KMY0;B2R749;F5GX58;F8WDL1","Q99618"
"Q16739",1.40219117010976,23.9015887552906,2.62446738467496,0.0133284190851623,0.0460879591204225,-3.41885190198917,"Q16739","Q16739"
"E9PN89",-2.19695746300218,25.1109487074098,-2.62257028824102,0.013389074815958,0.0462464278526831,-3.42295837946938,"E9PN89","E9PN89"
"Q9NQT8;E7ERX9;A0JLQ2;Q96L93;Q9P2P6;F2Z2F9;A0A1B0GTU3;A0A140VK74;A0A1B0GVS8",-1.48905939570109,25.1389806122826,-2.62115211908078,0.0134345847739805,0.0463522897235012,-3.42602694427456,"Q9NQT8;E7ERX9;A0JLQ2;Q96L93;Q9P2P6;F2Z2F9;A0A1B0GTU3;A0A140VK74;A0A1B0GVS8","Q9NQT8"
"P07203;A0A994J702;A0A994J430;Q7L4Q3;A0A2R8Y6B6;A0A994J4L4;A0A994J4K6;A0A994J707;A0A7I2YMD7;A0A7I2UQ36;A0A994J4E2;X5D926;A0A994J7E8",-1.53035533365338,27.4083512427108,-2.62025406630858,0.0134634779240768,0.0464006493317076,-3.42796956618675,"P07203;A0A994J702;A0A994J430;Q7L4Q3;A0A2R8Y6B6;A0A994J4L4;A0A994J4K6;A0A994J707;A0A7I2YMD7;A0A7I2UQ36;A0A994J4E2;X5D926;A0A994J7E8","P07203"
"Q15056;A0A7I2V4E4;A0A7I2V3D5;Q75MT8;A0A7I2V3E4;Q75MU1;B4DMV6;Q75MU2;A0A7I2V385;A4D198;A0A7I2V4V9",1.41087281949346,25.9273599772124,2.61611085322405,0.0135975248105285,0.0467940828378256,-3.43692651899759,"Q15056;A0A7I2V4E4;A0A7I2V3D5;Q75MT8;A0A7I2V3E4;Q75MU1;B4DMV6;Q75MU2;A0A7I2V385;A4D198;A0A7I2V4V9","Q15056"
"Q70UQ0;Q3B7K3",1.47853111290442,24.0544704636608,2.6157997037654,0.0136076412740968,0.0467940828378256,-3.4375988126002,"Q70UQ0;Q3B7K3","Q70UQ0"
"P62273;A0A087WTT6;A0A2R8Y851;A0A2R8Y6P7",-1.47257596184413,26.5772915047917,-2.61447294394506,0.0136508567491575,0.04689099361302,-3.44046494610241,"P62273;A0A087WTT6;A0A2R8Y851;A0A2R8Y6P7","P62273"
"O60488;Q8TAF6;A0A804HI36;B4DH39;H0Y9A0;D6RF95;D6RDA8",1.42658384629753,28.1416028236066,2.6135606180396,0.0136806469040418,0.0469416256256396,-3.44243526584224,"O60488;Q8TAF6;A0A804HI36;B4DH39;H0Y9A0;D6RF95;D6RDA8","O60488"
"P35637;Q59H57;B4DR70;A8K4H1;Q8TBR3;Q6IBQ5;H3BPE7;Q13344;Q70T18",1.48747542151044,25.0327703603268,2.60113910297411,0.0140922796923744,0.0483009014950721,-3.46921829724162,"P35637;Q59H57;B4DR70;A8K4H1;Q8TBR3;Q6IBQ5;H3BPE7;Q13344;Q70T18","P35637"
"O75822;H0YGJ7;H0YLP3",1.55675297847541,24.0760826190594,2.5947319523119,0.0143090559969636,0.04899006109169,-3.48300162854171,"O75822;H0YGJ7;H0YLP3","O75822"
"Q6GQQ9;Q5SZ59;Q8TE49;Q2KHS0;H0YN66;H0YMI7;X5D9E5",-1.55029985364864,24.2347508440898,-2.59375666696696,0.0143423224478234,0.0490501137223258,-3.48509780841197,"Q6GQQ9;Q5SZ59;Q8TE49;Q2KHS0;H0YN66;H0YMI7;X5D9E5","Q6GQQ9"
"O95347;B7ZLZ7;A8K984;B3KMB1;B3KM27;Q2KQ72;Q05BV1;A0A0C4DGE5;Q05D74;A0JLM9;Q32Q15;Q6IPS5;Q6P712;Q13497;Q5T821;Q7Z2X1",1.63120491873414,24.2980942168274,2.59258215384405,0.0143824793608639,0.0491335740706839,-3.48762152288282,"O95347;B7ZLZ7;A8K984;B3KMB1;B3KM27;Q2KQ72;Q05BV1;A0A0C4DGE5;Q05D74;A0JLM9;Q32Q15;Q6IPS5;Q6P712;Q13497;Q5T821;Q7Z2X1","O95347"
"Q9BYX2;B3KY99",1.48876007309178,24.2551244332905,2.59177951050272,0.0144099817150427,0.0491736684564749,-3.48934577022244,"Q9BYX2;B3KY99","Q9BYX2"
"O95865;V9HW53;A0A140T971;Q5SSV3;Q5SRR8;H0Y7N1",1.38921379675375,27.0029840735667,2.59104987566991,0.0144350246325434,0.0492052916162873,-3.49091288493433,"O95865;V9HW53;A0A140T971;Q5SSV3;Q5SRR8;H0Y7N1","O95865"
"Q8IV08;A0A8V8TQH6;A0A8V8TRD4;A0A8V8TQH4;B4DEL6;A0A8V8TPY8;M0R2E7;M0QY94;M0QX50;M0QX99;A0A0A0MS28;E2QRG1;M0R1F7",1.55355443282984,24.3844902175849,2.59006573800977,0.0144688664679456,0.0492326265453699,-3.49302617744441,"Q8IV08;A0A8V8TQH6;A0A8V8TRD4;A0A8V8TQH4;B4DEL6;A0A8V8TPY8;M0R2E7;M0QY94;M0QX50;M0QX99;A0A0A0MS28;E2QRG1;M0R1F7","Q8IV08"
"P48163;A8K168;B4DX99;Q8WVX2",-1.4986937781353,24.5082571108432,-2.58989883179071,0.0144746131907997,0.0492326265453699,-3.49338453355864,"P48163;A8K168;B4DX99;Q8WVX2","P48163"
"Q9P2G1;Q58F08;Q4VBX8;H7C2V2",-1.59839720733504,24.6886630991832,-2.58912492401217,0.0145012870757116,0.0492696235175866,-3.49504596051109,"Q9P2G1;Q58F08;Q4VBX8;H7C2V2","Q9P2G1"
"Q03405;M0R1I2;M0QYR6;Q9UPI5;M0R0H5;M0R0Y4;M0R2E9;M0QYS6;M0R383;M0QX27",-1.37484905162068,29.5391643086698,-2.58837847449893,0.0145270576103229,0.0493034740877009,-3.49664814020652,"Q03405;M0R1I2;M0QYR6;Q9UPI5;M0R0H5;M0R0Y4;M0R2E9;M0QYS6;M0R383;M0QX27","Q03405"
"P05026;Q6LEU2;A3KLL5;A0A8I5KNT2;B7Z9S8;A6NGH2;A0A8I5KX89;Q58I20",1.38028965820971,30.2183805634604,2.58685669106411,0.01457972705553,0.0494284442241283,-3.49991358481369,"P05026;Q6LEU2;A3KLL5;A0A8I5KNT2;B7Z9S8;A6NGH2;A0A8I5KX89;Q58I20","P05026"
"Q6P3W7;F8VSC5;A0A0U1RQQ9;Q9NWE9;H0YIK6",-1.45450051257741,24.1256457699016,-2.56999467955396,0.0151752539568397,0.0513915495020445,-3.53601391558048,"Q6P3W7;F8VSC5;A0A0U1RQQ9;Q9NWE9;H0YIK6","Q6P3W7"
"Q8N183;A0A0S2Z5U2;A0A0S2Z5U1;A0A7I2YQX2;D6RA56;A0PJB9;A0A7I2V3X5;A0A7I2V4Z7;A0A0S2Z5T4",-1.3608631195874,23.2161860089233,-2.56735487326874,0.0152704936471826,0.0516579931513693,-3.54165184924037,"Q8N183;A0A0S2Z5U2;A0A0S2Z5U1;A0A7I2YQX2;D6RA56;A0PJB9;A0A7I2V3X5;A0A7I2V4Z7;A0A0S2Z5T4","Q8N183"
"Q15102;A0A024R0L6;M0R389;M0R1K3;M0QXS6;M0R323;M0QZT2",1.61118618044659,27.0070087430589,2.5667169419602,0.0152935917344714,0.0516619377443385,-3.54301374491341,"Q15102;A0A024R0L6;M0R389;M0R1K3;M0QXS6;M0R323;M0QZT2","Q15102"
"Q9BUP3;E9PI87",-2.05114704437212,24.6543749064849,-2.56640806851395,0.0153047869431769,0.0516619377443385,-3.54367306915111,"Q9BUP3;E9PI87","Q9BUP3"
"Q9GZQ8;A6NCE7;H3BTL1;H6UMI0;Q658J6;Q9H492",1.58089700714896,23.9554501203486,2.55956802182718,0.0155546527428076,0.0524486074646669,-3.5582608192604,"Q9GZQ8;A6NCE7;H3BTL1;H6UMI0;Q658J6;Q9H492","Q9GZQ8"
"Q86V21;A0A5A4UB59;E7EW25;B4E296;Q9H7A6",-1.54552667086534,24.1236401711526,-2.55896584531465,0.0155768294214215,0.052466664109518,-3.55954387930416,"Q86V21;A0A5A4UB59;E7EW25;B4E296;Q9H7A6","Q86V21"
"Q14697;V9HWJ0;B4DJ30;F5H6X6;B4DSM6;B4DIW2;E9PKU7;B4DZ53;E9PNH1;Q9BS14",1.4220800408653,26.2984977621135,2.5556883992192,0.015698041836651,0.0528178991246109,-3.56652373604492,"Q14697;V9HWJ0;B4DJ30;F5H6X6;B4DSM6;B4DIW2;E9PKU7;B4DZ53;E9PNH1;Q9BS14","Q14697"
"Q9C004;A0A0C4DFS6;D6RB56;A0A5P8KPE6",1.40185848882425,23.9464217223116,2.54940515512754,0.0159328555104689,0.0535501900184833,-3.57988878591757,"Q9C004;A0A0C4DFS6;D6RB56;A0A5P8KPE6","Q9C004"
"Q06203;Q53H22;A8K4H7;Q59G63;D6RCC8;D6RE15",1.42187932711661,24.278899769045,2.54885479524899,0.0159535766992711,0.0535621159580481,-3.58105844057263,"Q06203;Q53H22;A8K4H7;Q59G63;D6RCC8;D6RE15","Q06203"
"Q6DD88;F5GWF8",1.37791035672724,26.0570586856201,2.54049091522615,0.0162715509702965,0.054531196295046,-3.59881369030711,"Q6DD88;F5GWF8","Q6DD88"
"Q541P7;Q59F17;Q96L35;P54760;B4DVT5;Q15375;Q9UF33;J3KR66;A0A0B4J1T8;A0A7P0TA58;A0A7P0TBL4;Q06187;Q9P0L3;A0A8Q3WL62;A0A8Q3SI35;A0A8Q3SHZ6;Q9P0M0;A0A8Q3WLZ5;A0A8Q3WKN1;U3NG26;Q3MS96;Q3MS92;Q9NPI2;Q9P0L5;Q9P0L6;Q9P0L7;Q5JY90",1.35596872624809,25.491972139992,2.54008043968436,0.0162873055361712,0.054531196295046,-3.59968409416526,"Q541P7;Q59F17;Q96L35;P54760;B4DVT5;Q15375;Q9UF33;J3KR66;A0A0B4J1T8;A0A7P0TA58;A0A7P0TBL4;Q06187;Q9P0L3;A0A8Q3WL62;A0A8Q3SI35;A0A8Q3SHZ6;Q9P0M0;A0A8Q3WLZ5;A0A8Q3WKN1;U3NG26;Q3MS96;Q3MS92;Q9NPI2;Q9P0L5;Q9P0L6;Q9P0L7;Q5JY90","Q541P7"
"O15143;A4D275;C9JEY1;C9K057;F8VXW2;C9JBJ7;C9JTT6;C9JM51",-1.40665204418792,28.4990660123468,-2.53988869506161,0.0162946697489525,0.054531196295046,-3.60009065292921,"O15143;A4D275;C9JEY1;C9K057;F8VXW2;C9JBJ7;C9JTT6;C9JM51","O15143"
"Q9NZT2;B3KMQ6;Q05BV5;Q6PK21;A0A0A0MRN5;V9H0E3;V9H0H8",1.3659955711563,23.7768635095087,2.53877807447664,0.0163373850060701,0.0546155453739899,-3.60244512539793,"Q9NZT2;B3KMQ6;Q05BV5;Q6PK21;A0A0A0MRN5;V9H0E3;V9H0H8","Q9NZT2"
"Q9UBP0;A0A2R8YGN6;A0A2R8YCL5;A0A2R8Y4I8;E5KRP6;A0A2U3TZR0;E5KRP5;A0A2R8Y481;A0A2R8YFW8;A0A2R8Y7K2;A0A2R8Y5N9;A0A2R8Y7W6;B4E267;A0A994J6X4;A0A2R8YEA0;A0A2R8YFC9",-1.43156321719175,23.9749067223409,-2.53372878947681,0.0165328873998384,0.0552099312634859,-3.61314098273426,"Q9UBP0;A0A2R8YGN6;A0A2R8YCL5;A0A2R8Y4I8;E5KRP6;A0A2U3TZR0;E5KRP5;A0A2R8Y481;A0A2R8YFW8;A0A2R8Y7K2;A0A2R8Y5N9;A0A2R8Y7W6;B4E267;A0A994J6X4;A0A2R8YEA0;A0A2R8YFC9","Q9UBP0"
"P56199;B4DTY8;A0A494C0F7",1.3279085134554,26.4801934632571,2.53049781332264,0.0166591147674919,0.0555719561067457,-3.61997786920071,"P56199;B4DTY8;A0A494C0F7","P56199"
"Q14847;C9J9W2;A8K1D2;B4DIC4;B4DJI4;Q9NPR7;F6S2S5;K7ESD6;J3KSN1",1.36409882126623,28.7127588958925,2.52767011093274,0.0167703143921256,0.0558831309711962,-3.62595675143449,"Q14847;C9J9W2;A8K1D2;B4DIC4;B4DJI4;Q9NPR7;F6S2S5;K7ESD6;J3KSN1","Q14847"
"Q99417;Q6IB68;A0A087WV05;A0A0D9SEI7",-1.61774621676174,23.5345324103014,-2.52523800194674,0.0168665032830059,0.0561436752824925,-3.63109570866625,"Q99417;Q6IB68;A0A087WV05;A0A0D9SEI7","Q99417"
"P62877",1.4167648550524,24.9698742944803,2.52361312918337,0.0169310489151184,0.0562639605082138,-3.63452720798081,"P62877","P62877"
"B2R6D4",-1.53924320137723,25.6077826905973,-2.52342046681466,0.0169387171905139,0.0562639605082138,-3.63493398785897,"B2R6D4","B2R6D4"
"P12273",1.53956568340362,23.5434518083861,2.52115296663695,0.0170292077899617,0.0565043607413729,-3.63971997705273,"P12273","P12273"
"Q59G96;Q9UQ16;B3KPF2;E5RHK8;H0YBC6;E5RIK2;A0A8I5KXV5",-1.42000871732936,23.0996754787579,-2.51722220923208,0.0171871293151109,0.0569677538085345,-3.64800992726925,"Q59G96;Q9UQ16;B3KPF2;E5RHK8;H0YBC6;E5RIK2;A0A8I5KXV5","Q59G96"
"P35573;G1UI17;A0A0S2A4E4;A0A0M4G3H8",-1.50823619408303,23.9778996977893,-2.51628492167148,0.0172249839675855,0.0570326167674089,-3.64998541415809,"P35573;G1UI17;A0A0S2A4E4;A0A0M4G3H8","P35573"
"P55957;B1PL87;A8ASI8;B3KT21;B2ZP79",-1.37657538727527,23.2525846863138,-2.51554511707492,0.0172549169082175,0.0570711408660979,-3.65154433358588,"P55957;B1PL87;A8ASI8;B3KT21;B2ZP79","P55957"
"Q96EB3",-1.33705915491368,23.1273094095403,-2.5042861291289,0.0177164036353624,0.0585354480282789,-3.67523224445096,"Q96EB3","Q96EB3"
"P08581;Q59EB3;B4DLF5;B4DPY6;A0PJF7;Q9UEJ3;B5A929;E6Y365",1.48617712985132,24.1920198618189,2.49889148965745,0.0179415153285865,0.0592164934495887,-3.6865573602511,"P08581;Q59EB3;B4DLF5;B4DPY6;A0PJF7;Q9UEJ3;B5A929;E6Y365","P08581"
"P02649;A0A0S2Z3D5;A0A346DBY2;J9ZVQ3;A0A0S2Z3V0;E9PEV4;E7ERP7;H0Y7L5;A0A0S2Z3J5;A0A0S2Z3B1;Q6LBZ1;D9ZB55;Q13791;Q8TCZ8;Q6LA97",1.69091803195193,25.8537330926352,2.49679837428108,0.0180295635804013,0.0594441953565241,-3.6909471685385,"P02649;A0A0S2Z3D5;A0A346DBY2;J9ZVQ3;A0A0S2Z3V0;E9PEV4;E7ERP7;H0Y7L5;A0A0S2Z3J5;A0A0S2Z3B1;Q6LBZ1;D9ZB55;Q13791;Q8TCZ8;Q6LA97","P02649"
"Q99829;B0QZ18;F2Z2V0;A6PVH9;Q59EI4;E7ENH5;Q5JX59;Q5JX58;Q5JX60;Q5JX44;Q5JX56;Q5JX55;Q5JX45;Q5JX52;Q5JX61;Q5JX54;E7EV27;Q5JX57;H0Y524;Q5JX53",1.37236036787446,27.5964239268429,2.49326384905988,0.0181791467678057,0.0598740852891088,-3.69835448780846,"Q99829;B0QZ18;F2Z2V0;A6PVH9;Q59EI4;E7ENH5;Q5JX59;Q5JX58;Q5JX60;Q5JX44;Q5JX56;Q5JX55;Q5JX45;Q5JX52;Q5JX61;Q5JX54;E7EV27;Q5JX57;H0Y524;Q5JX53","Q99829"
"P30048;A0A384MTR2;Q53HC2;A4UCS5",1.34342059261564,24.3760583358295,2.48779552309616,0.0184128153235809,0.0605797162386593,-3.70980084192607,"P30048;A0A384MTR2;Q53HC2;A4UCS5","P30048"
"B7ZLK2;B7ZLK1;Q86YS7;H0YFC4;H0YGU7",1.67408417262088,24.5932996364626,2.48091350592932,0.0187108086991293,0.0614952711618379,-3.72418274001924,"B7ZLK2;B7ZLK1;Q86YS7;H0YFC4;H0YGU7","B7ZLK2"
"P49327;A0A0U1RQF0;Q6PJJ3;A0A0U1RRG3;A0A1B0GTR5;Q13587;J3KTF0",-1.36634737327784,28.7815663696489,-2.47628303907956,0.0189137914912319,0.0620969638538447,-3.73384454708265,"P49327;A0A0U1RQF0;Q6PJJ3;A0A0U1RRG3;A0A1B0GTR5;Q13587;J3KTF0","P49327"
"Q15018",-1.32591542706739,23.820978982949,-2.47011128348178,0.0191874774216119,0.0629248881248788,-3.74670374432089,"Q15018","Q15018"
"P11021;V9HWB4;A0A7P0TB36;A0A7P0TAI0;B4DEF7",1.37153563971319,28.660876266915,2.46968948146786,0.0192063140413224,0.0629248881248788,-3.74758181414947,"P11021;V9HWB4;A0A7P0TB36;A0A7P0TAI0;B4DEF7","P11021"
"Q92597;Q597H1;B3KU62;Q53EU7;A0A7I2ST14;Q8N959;B7Z505;B3KWB2;B7Z5Z7;B7Z4H0;E7ESM1;E5RIM2;E5RIV1;E5RJY1;E5RGM5;E5RIR1;E5RK17;E5RH82;E5RI76;A0A6Q8PF16;A0A6Q8PHI0;C7SRP8;A0A6Q8PGJ1;C7SRP7;E5RG99;E5RJ98;A0A6Q8PF71;A0A6Q8PGD3;A0A6Q8PFR8;A0A6Q8PHF2",1.3495825718149,30.3590831813502,2.46434027994335,0.019446670314007,0.0636455033676684,-3.75870865062075,"Q92597;Q597H1;B3KU62;Q53EU7;A0A7I2ST14;Q8N959;B7Z505;B3KWB2;B7Z5Z7;B7Z4H0;E7ESM1;E5RIM2;E5RIV1;E5RJY1;E5RGM5;E5RIR1;E5RK17;E5RH82;E5RI76;A0A6Q8PF16;A0A6Q8PHI0;C7SRP8;A0A6Q8PGJ1;C7SRP7;E5RG99;E5RJ98;A0A6Q8PF71;A0A6Q8PGD3;A0A6Q8PFR8;A0A6Q8PHF2","Q92597"
"Q9UNF0;Q6FIA3;A0A0U1RR22;B0QYG7;B0QYG8;H0Y923",-1.37222266625571,27.8497177521318,-2.46154709558556,0.019573268761448,0.0639673815881665,-3.764512349072,"Q9UNF0;Q6FIA3;A0A0U1RR22;B0QYG7;B0QYG8;H0Y923","Q9UNF0"
"P23588;B4DEP6;E7EX17;B4DRM3;Q7Z5Y0;B4DS01;F8VX11;F8W0K0;F8VRU1;F8VYE9;F8VSC7;F8VP89",1.37990150512175,24.8431089785616,2.46106699515341,0.0195951047174561,0.0639673815881665,-3.76550946341207,"P23588;B4DEP6;E7EX17;B4DRM3;Q7Z5Y0;B4DS01;F8VX11;F8W0K0;F8VRU1;F8VYE9;F8VSC7;F8VP89","P23588"
"Q9BRA2;A0A140VJY7;I3L2R6;I3L0K2;I3L3M7",-1.28459878977328,28.1287518142646,-2.46081563599478,0.0196065459436637,0.0639673815881665,-3.76603145626313,"Q9BRA2;A0A140VJY7;I3L2R6;I3L0K2;I3L3M7","Q9BRA2"
"Q9HCM4;Q4ZG32;B4E3R4;Q53RT1;Q53T34",-1.40578172551343,25.4152238281141,-2.450985724697,0.0200588036333042,0.065374512572911,-3.78641712831049,"Q9HCM4;Q4ZG32;B4E3R4;Q53RT1;Q53T34","Q9HCM4"
"P10301;E9PQK5;E9PQC5",1.35402210809679,30.1237256380642,2.44922929755271,0.0201406120525817,0.065572618989564,-3.79005393429657,"P10301;E9PQK5;E9PQC5","P10301"
"O15126;A8K2G0;B4DP10;B4E2V7;A0A087WXB0;Q96AZ4;A0A087WU14;A0A087WTX8;A0A087WZA6",1.45863565605315,25.5154450899513,2.44659092502014,0.0202640722096453,0.0659057781250092,-3.79551358986991,"O15126;A8K2G0;B4DP10;B4E2V7;A0A087WXB0;Q96AZ4;A0A087WU14;A0A087WTX8;A0A087WZA6","O15126"
"O95425;A0A6I8PIX7;B4E3N7;B4E3H1;Q659E9;A0A0J9YWY6;B4DXQ4;A0A6I8PL75;Q569J5",1.37065521913878,23.8363181494927,2.44290853180115,0.0204375437041816,0.0663939922138181,-3.80312707232408,"O95425;A0A6I8PIX7;B4E3N7;B4E3H1;Q659E9;A0A0J9YWY6;B4DXQ4;A0A6I8PL75;Q569J5","O95425"
"P35221;A0A384MDY0;B4E2G8;G3XAM7;B4DU00;B4DKT9;B3KSR8;E5RIB1;E5RG03;E5RJ41;E5RGY6;E5RHV7;E5RGD2;E5RJL0;E5RIE0;E5RJP7;Q49AD3;E5RFM5;E5RGY7;E5RFK9;F6KRI5;A0A0A0MRI5;H0YBB8;E5RFM3;E5RFG3;B7Z259;A0A0A0MTJ6;E5RGU3;A0A087WZL6;E5RHJ5;E5RGG4;E5RJ43;Q16370;E5RGS1;A8K141;Q9UI47;A0A804HI07;E5RIT8;B9A010;E5RJZ2",-1.30903304092907,28.8906136320991,-2.44250242861729,0.0204567574599164,0.0663939922138181,-3.80396623465398,"P35221;A0A384MDY0;B4E2G8;G3XAM7;B4DU00;B4DKT9;B3KSR8;E5RIB1;E5RG03;E5RJ41;E5RGY6;E5RHV7;E5RGD2;E5RJL0;E5RIE0;E5RJP7;Q49AD3;E5RFM5;E5RGY7;E5RFK9;F6KRI5;A0A0A0MRI5;H0YBB8;E5RFM3;E5RFG3;B7Z259;A0A0A0MTJ6;E5RGU3;A0A087WZL6;E5RHJ5;E5RGG4;E5RJ43;Q16370;E5RGS1;A8K141;Q9UI47;A0A804HI07;E5RIT8;B9A010;E5RJZ2","P35221"
"Q14118",1.65921216272778,25.3208351688026,2.43658625742772,0.0207385453544452,0.0672385893560443,-3.81618065200749,"Q14118","Q14118"
"P26368;B5BU25",-1.41971705864357,25.812003168765,-2.43046231613345,0.0210339618341266,0.0680680317015773,-3.82880304479224,"P26368;B5BU25","P26368"
"Q9NP61;B7Z4Q0;H0Y6A0;B7Z6L2;B0QYV9;B0QYV8",-1.45820635544698,23.834514338423,-2.43037875141304,0.0210380194165824,0.0680680317015773,-3.8289751367402,"Q9NP61;B7Z4Q0;H0Y6A0;B7Z6L2;B0QYV9;B0QYV8","Q9NP61"
"O15194;H7C353;H7C2B9;H7C2S4",1.34728321722529,24.3023113001168,2.42712859259763,0.0211963904242797,0.068509369671843,-3.83566537175662,"O15194;H7C353;H7C2B9;H7C2S4","O15194"
"A0A2U7N9Q5;A0A0K0KRQ4",-1.39451312316394,29.804136918451,-2.42494496231132,0.0213034031743075,0.0687839694623862,-3.84015683792819,"A0A2U7N9Q5;A0A0K0KRQ4","A0A2U7N9Q5"
"Q9ULH1;A0A0A0MRE5;E5RHD7;H0YBF7;H0YBM4",1.35770677975219,23.888907326041,2.42390593230245,0.0213544957245449,0.0688458560334339,-3.84229304037804,"Q9ULH1;A0A0A0MRE5;E5RHD7;H0YBF7;H0YBM4","Q9ULH1"
"Q9NX46;B4DHV5;B7ZAN4",-1.48770303957048,25.1749030707899,-2.42365774495296,0.0213667164605207,0.0688458560334339,-3.8428032117932,"Q9NX46;B4DHV5;B7ZAN4","Q9NX46"
"Q969G5;E9PIE3",1.40495385644943,24.1819863921147,2.42054025879542,0.0215207660854027,0.0692706598765438,-3.84920847952013,"Q969G5;E9PIE3","Q969G5"
"O14907;A0A087X282",-1.52825011038782,26.6230723140782,-2.41901040683781,0.0215967334569183,0.0694435171671426,-3.85234971489548,"O14907;A0A087X282","O14907"
"Q15814",1.7958795115381,24.655349289391,2.41307982836002,0.0218935449604533,0.0703116586967454,-3.86451423034819,"Q15814","Q15814"
"G5E948;B7Z388;A0A0D9SEY1;B7Z3V5;E7EN19;V9HWH3;O95819;E7ENQ1;Q53TX8;H7C360;Q5MD60;E7EX83;H7C0P6;Q9UKE5;Q7Z4L4;C9J338;H7C3Z6;C9JYB8;E7ETN6;I3L1U1;A2RUB6;Q53TW0",1.29567061977519,26.2259607082181,2.41271729572727,0.0219118089943047,0.0703116586967454,-3.86525718386026,"G5E948;B7Z388;A0A0D9SEY1;B7Z3V5;E7EN19;V9HWH3;O95819;E7ENQ1;Q53TX8;H7C360;Q5MD60;E7EX83;H7C0P6;Q9UKE5;Q7Z4L4;C9J338;H7C3Z6;C9JYB8;E7ETN6;I3L1U1;A2RUB6;Q53TW0","G5E948"
"P78406;E9PPG9;E9PQ57;Q5J8M4;B0QZ36;B0QZ37",-1.26431198786588,23.7433948277545,-2.41092738890872,0.0220021865742952,0.0705291057813224,-3.86892420691796,"P78406;E9PPG9;E9PQ57;Q5J8M4;B0QZ36;B0QZ37","P78406"
"A0A494C1L5;P50851;A0A494BZW2;E9PEM5;Q59HC1;A0A8V8TM79;A0A494C0R9;B3KVI6;A0A8V8TLZ6;Q68D03;A0A8V8TKR0;A0A3B3IS13;H0Y9N9;A0A8V8TL26;Q5T321;A0A3B3IU76;Q8NFP9;H0YA17;B3KXQ8;Q6N008;A0A0D9SF28;A0A8I5KSX3;A0A8I5QKR1;A0A8I5KQL6;B3KVG9;A0A3B3ISK3",-1.34910865371528,24.9572461582277,-2.40593979334316,0.0222558210713418,0.0712688972500154,-3.87913266722212,"A0A494C1L5;P50851;A0A494BZW2;E9PEM5;Q59HC1;A0A8V8TM79;A0A494C0R9;B3KVI6;A0A8V8TLZ6;Q68D03;A0A8V8TKR0;A0A3B3IS13;H0Y9N9;A0A8V8TL26;Q5T321;A0A3B3IU76;Q8NFP9;H0YA17;B3KXQ8;Q6N008;A0A0D9SF28;A0A8I5KSX3;A0A8I5QKR1;A0A8I5KQL6;B3KVG9;A0A3B3ISK3","A0A494C1L5"
"Q9NWQ8",1.26905108232921,24.245185694386,2.4024288688972,0.0224359578042447,0.0717720537348093,-3.88631010974163,"Q9NWQ8","Q9NWQ8"
"Q9NV96;B4DIF5;B4DDK3;A0A669KBE6;A0A669KBF5;A0A669KB92;E5RG19;A0A669KBA0",-1.30050533607576,26.5922013933907,-2.40064075518675,0.022528211248434,0.0719933308236329,-3.88996284183819,"Q9NV96;B4DIF5;B4DDK3;A0A669KBE6;A0A669KBF5;A0A669KB92;E5RG19;A0A669KBA0","Q9NV96"
"P0DMV8;P0DMV9;A0A0G2JIW1;A8K5I0;A0A1U9X7W4;B4DNT8;Q59EJ3;B4DWK5;B4DFN9;B4DI39;B4E388;B4E1S9;B4DVU9;V9GZ37;B3KTT5;B4DNX1;B4E1T6;B4DNV4;Q9UQC1",-1.29824341744182,30.581194735497,-2.39972848173659,0.0225754108549907,0.072070323906567,-3.8918257076334,"P0DMV8;P0DMV9;A0A0G2JIW1;A8K5I0;A0A1U9X7W4;B4DNT8;Q59EJ3;B4DWK5;B4DFN9;B4DI39;B4E388;B4E1S9;B4DVU9;V9GZ37;B3KTT5;B4DNX1;B4E1T6;B4DNV4;Q9UQC1","P0DMV8"
"P53794",1.269420563933,24.4659224149997,2.39584401822213,0.0227773972129294,0.0726407994960396,-3.89975239952777,"P53794","P53794"
"P07814;V9GYZ6;Q3KQZ8;B4DKX5;H6WCP5;B4DP50;V9GZ76",-1.31871637778379,27.8192382821632,-2.39369055707845,0.0228900819504352,0.0729256032721219,-3.90414301287758,"P07814;V9GYZ6;Q3KQZ8;B4DKX5;H6WCP5;B4DP50;V9GZ76","P07814"
"P01833",-1.20929737128297,23.4448484083286,-2.39166667300803,0.0229964488246259,0.0731897182489878,-3.90826698166868,"P01833","P01833"
"P35241;B0YJ88;A0A2R8Y5S7;A0A2R8Y7M3;B7Z2S7;Q6PKD3;Q05CU6;E9PNV3;A0A2R8Y5P0;E9PQ82;Q9NST9;A0A2R8Y4H6;E9PKN5",-1.31476319715845,28.6787025381295,-2.38710192254162,0.023238007098538,0.073883123486585,-3.91755960501723,"P35241;B0YJ88;A0A2R8Y5S7;A0A2R8Y7M3;B7Z2S7;Q6PKD3;Q05CU6;E9PNV3;A0A2R8Y5P0;E9PQ82;Q9NST9;A0A2R8Y4H6;E9PKN5","P35241"
"Q9Y2G3;B4E3T1;H7C4W6;B4DKX1;B3KSJ2;A0A0C4DG94;Q7Z678;H0Y854",-1.36182467698879,24.6615190147597,-2.38479044144236,0.0233612052906088,0.0741991846246527,-3.92226054135227,"Q9Y2G3;B4E3T1;H7C4W6;B4DKX1;B3KSJ2;A0A0C4DG94;Q7Z678;H0Y854","Q9Y2G3"
"Q08345;A0A0G2JI85;A0A0G2JNZ7;A0A0A0MSX3;A0A1U9X7M1;A0A1U9X7L5;A0A1U9X7K3;A0A024RCQ1;H0Y9F4;Q16832;Q6ZNR9;A2ABM8;A0A140T972;Q6MZT2",-1.31107598143214,25.4300186673758,-2.38303404209922,0.0234552156194999,0.074421991370519,-3.92583050659324,"Q08345;A0A0G2JI85;A0A0G2JNZ7;A0A0A0MSX3;A0A1U9X7M1;A0A1U9X7L5;A0A1U9X7K3;A0A024RCQ1;H0Y9F4;Q16832;Q6ZNR9;A2ABM8;A0A140T972;Q6MZT2","Q08345"
"Q15435;C9J177;A0A140VK83;C9JD73;H7C003;B5MBZ8;H7C118;C9JRC4;H7C3Q5",-1.46760698962611,25.4112505429199,-2.38145727486102,0.0235399043189312,0.0746147983442546,-3.92903382763842,"Q15435;C9J177;A0A140VK83;C9JD73;H7C003;B5MBZ8;H7C118;C9JRC4;H7C3Q5","Q15435"
"P61158;B4DXW1;Q59FV6;B4DT29;B4DTI0;B4E1U3;F8WDR7;F8WEW2;F8WE84;Q9C0K3;A0A0A0MTI9;H7C4J1;C9IZN3",-1.31922722950493,29.3860986481636,-2.37985764253155,0.0236261052929962,0.0748120024455382,-3.93228211724332,"P61158;B4DXW1;Q59FV6;B4DT29;B4DTI0;B4E1U3;F8WDR7;F8WEW2;F8WE84;Q9C0K3;A0A0A0MTI9;H7C4J1;C9IZN3","P61158"
"Q9HC35;B5MBZ0;B4DIT9;B6EXY4;B6EXY5;I1X3U7;B3XZL9;B3XZM0;A9YLN7;C1PHA0;B6EXY3;C1PHA1;J7MA22",-1.29750870004931,24.8173555608445,-2.37705315761871,0.0237779266239535,0.0752163824950415,-3.93797342820938,"Q9HC35;B5MBZ0;B4DIT9;B6EXY4;B6EXY5;I1X3U7;B3XZL9;B3XZM0;A9YLN7;C1PHA0;B6EXY3;C1PHA1;J7MA22","Q9HC35"
"Q8ND76;B7Z8E4;B2RBH6",-1.26441353450573,26.9704635588776,-2.37648669908356,0.0238086994626968,0.0752374200852598,-3.93912241831696,"Q8ND76;B7Z8E4;B2RBH6","Q8ND76"
"O76071;B2RDJ6;B4DRZ6",1.43368998783482,24.41720088761,2.37559132471184,0.0238574145141169,0.0753150565481081,-3.9409381898873,"O76071;B2RDJ6;B4DRZ6","O76071"
"Q9NZW5;B8ZZG1;C9J4Q3;C9JGI8",1.3017904607493,23.9215375086926,2.36408051847607,0.0244918105325948,0.0772395925694268,-3.96423961490841,"Q9NZW5;B8ZZG1;C9J4Q3;C9JGI8","Q9NZW5"
"Q9Y2T2;B4DRN6;Q8NDP0;P53677;H0YBM0;E5RJ52;A0A384NYL6",-1.26136275145742,25.7871978885534,-2.35957575727696,0.024744226581083,0.0779568108145434,-3.97333743059626,"Q9Y2T2;B4DRN6;Q8NDP0;P53677;H0YBM0;E5RJ52;A0A384NYL6","Q9Y2T2"
"Q15654;F2ZC06;Q71V88;Q68D94;H7BZE2;F2ZC09",-1.47249136721682,25.1420823814989,-2.35816807351223,0.0248235866543236,0.0781279180371698,-3.97617793523363,"Q15654;F2ZC06;Q71V88;Q68D94;H7BZE2;F2ZC09","Q15654"
"Q9HD43",-1.48828593239666,23.7692468210728,-2.35693421833558,0.0248933368862742,0.0782364749644567,-3.97866671678183,"Q9HD43","Q9HD43"
"Q96CT7",1.352667701565,23.6073467455957,2.35667088690727,0.0249082461172509,0.0782364749644567,-3.97919776028777,"Q96CT7","Q96CT7"
"P61956;P55854;Q6EEV6;A8MUA9;A8MU27",1.26609296880921,28.539578802925,2.35579972100589,0.0249576273523574,0.0783127160080511,-3.98095429246764,"P61956;P55854;Q6EEV6;A8MUA9;A8MU27","P61956"
"Q13616;A0A590UJ21;A0A590UJ50;A0A090N7U0;B4DLA3;A0A590UJ56;A0A590UK34;B3KTW0;A0A590UJC4;A0A590UJR3;Q75MQ1;A0A590UJA0;A0A590UJM8;B3KU45;A0A590UJ59;A0A590UJ97",-1.28617946272286,25.4702627655904,-2.35172676581017,0.0251896801099378,0.0789614193596944,-3.98916064162525,"Q13616;A0A590UJ21;A0A590UJ50;A0A090N7U0;B4DLA3;A0A590UJ56;A0A590UK34;B3KTW0;A0A590UJC4;A0A590UJR3;Q75MQ1;A0A590UJA0;A0A590UJM8;B3KU45;A0A590UJ59;A0A590UJ97","Q13616"
"O75051;Q9HAE7;A4D1N7",1.21054167931619,24.1302143487559,2.34748628514997,0.0254333562772469,0.0796452191051537,-3.99769409303063,"O75051;Q9HAE7;A4D1N7","O75051"
"P60903;Q6FGE5",-1.20637533677053,31.9591837788875,-2.3456908263389,0.025537173886417,0.079890115698831,-4.00130402277487,"P60903;Q6FGE5","P60903"
"O43237;J3KRI4;B4E2E0;B4DHD8;J3KRZ2;H3BUM4;Q63HJ8;J3KSD2",-1.27069687284511,24.9984157145714,-2.34303905468386,0.0256912086291148,0.0802914626394881,-4.00663214511242,"O43237;J3KRI4;B4E2E0;B4DHD8;J3KRZ2;H3BUM4;Q63HJ8;J3KSD2","O43237"
"Q9UMY4;A0A087X0R6;Q3SYF1",1.5759264379781,24.7959812141442,2.34071282022461,0.0258270269108981,0.0806351320671583,-4.0113027348031,"Q9UMY4;A0A087X0R6;Q3SYF1","Q9UMY4"
"O14495;A0A286YF41;A0A286YEZ7;A0A286YES4",1.32518101461547,24.3702359342576,2.33888822672425,0.0259340118121488,0.0808881828420922,-4.01496388219886,"O14495;A0A286YF41;A0A286YEZ7;A0A286YES4","O14495"
"Q9NRY6;I3L3X5;B3KP67;B2RBF8;I3L161;I3NI29",-1.37211893737969,26.5498603832976,-2.33177706619948,0.0263548182778314,0.0821185596489072,-4.02921388477817,"Q9NRY6;I3L3X5;B3KP67;B2RBF8;I3L161;I3NI29","Q9NRY6"
"Q8N6T3;E5RHT6;F8W1U7;F8VWH9;E5RHH7;E5RHC5;Q53F62",-1.23479598461017,23.1029834173843,-2.32997122960637,0.026462659821661,0.0823431043106132,-4.03282778196797,"Q8N6T3;E5RHT6;F8W1U7;F8VWH9;E5RHH7;E5RHC5;Q53F62","Q8N6T3"
"Q96A59;J3KSM2;Q9BSH2",-1.60435440333748,23.7719722995927,-2.32968676855105,0.0264796837523389,0.0823431043106132,-4.03339687671448,"Q96A59;J3KSM2;Q9BSH2","Q96A59"
"O95373;B3KQG6;B3KNG9;E9PLJ0;E9PLB2",1.25716039569114,26.5799057979089,2.32818177583239,0.0265699171118101,0.0825414058483422,-4.03640697025236,"O95373;B3KQG6;B3KNG9;E9PLJ0;E9PLB2","O95373"
"Q13557;A0A8V8TN65;A0A8V8TN60;A0A8V8TPK3;A0A8V8TPY4;A0A8V8TNA7;D6R938;A0A8V8TN88;A0A8V8TNA1;E9PBG7;A0A994J516;A0A8V8TPJ8;A0A994J7X8;A0A8V8TND4;E9PF82;A0A994J5B0;B7Z2B0;H0Y9J2;A0A8V8TNN9;Q4G1A8;A0A8V8TPM4;Q92991;H0Y9C2;Q8IWE0;D6RFJ0;A0A5F9ZHR5;A8K161;A0A5F9ZHM9;Q7LDD5;Q9UQM7;A0A5F9ZH50;A0A804HIC9;A0A5K1VW76;A0A5F9ZHY2;A0A8V8TNR6;A0A5F9ZH21;A0A8V8TQ10;A0A8V8TNN4;E7EQE4;E9PBE8;A0A8V8TQ82;Q75LA8;E7ERS6;A0A804HLD1;A0A8V8TR72;A0A8V8TQU0;B4DVQ3;A0A8V8TPG1",-1.27355191012075,26.7338559796725,-2.32352140533005,0.0268511031803038,0.083293061123166,-4.04571944634652,"Q13557;A0A8V8TN65;A0A8V8TN60;A0A8V8TPK3;A0A8V8TPY4;A0A8V8TNA7;D6R938;A0A8V8TN88;A0A8V8TNA1;E9PBG7;A0A994J516;A0A8V8TPJ8;A0A994J7X8;A0A8V8TND4;E9PF82;A0A994J5B0;B7Z2B0;H0Y9J2;A0A8V8TNN9;Q4G1A8;A0A8V8TPM4;Q92991;H0Y9C2;Q8IWE0;D6RFJ0;A0A5F9ZHR5;A8K161;A0A5F9ZHM9;Q7LDD5;Q9UQM7;A0A5F9ZH50;A0A804HIC9;A0A5K1VW76;A0A5F9ZHY2;A0A8V8TNR6;A0A5F9ZH21;A0A8V8TQ10;A0A8V8TNN4;E7EQE4;E9PBE8;A0A8V8TQ82;Q75LA8;E7ERS6;A0A804HLD1;A0A8V8TR72;A0A8V8TQU0;B4DVQ3;A0A8V8TPG1","Q13557"
"Q9Y617;B4DHQ3;B4DHX7;A9LS35",-1.25507654007714,26.9518791561573,-2.32328755187695,0.0268652835812456,0.083293061123166,-4.0461863956433,"Q9Y617;B4DHQ3;B4DHX7;A9LS35","Q9Y617"
"P42677;Q71UM5;H0YMV8;A4D1G5;C9J1C5;C9JLI6",-1.99854348669692,27.4557336686306,-2.32242764418089,0.0269174849574468,0.0833720313627374,-4.04790314320135,"P42677;Q71UM5;H0YMV8;A4D1G5;C9J1C5;C9JLI6","P42677"
"Q12765;A0A090N7T9;C9K052;B8ZZP4;C9J7U9;B4DE46;B4DH22;B4DIV7",1.20721807495628,25.3894059243221,2.32077670228924,0.0270179640954404,0.0836002281881733,-4.05119789359483,"Q12765;A0A090N7T9;C9K052;B8ZZP4;C9J7U9;B4DE46;B4DH22;B4DIV7","Q12765"
"Q6NSD4",-1.2659042642247,23.1176307139472,-2.31880934060738,0.0271381442637143,0.083888872109539,-4.05512197964315,"Q6NSD4","Q6NSD4"
"P84077;A0A8V8TNZ5;A0A8V8TQC0;P61204;A0A8V8TNZ0;A0A8V8TQP8;B4DJC8;B4DN70;B4DEB9;F5H423;A0A8V8TP92;B4E190;A0A8V8TP99;F5H0C7;H0YGG7;A0A8V8TPG9",-1.38196682790481,30.7060725197717,-2.31835746229091,0.0271658163627539,0.0838912685499301,-4.05602296467568,"P84077;A0A8V8TNZ5;A0A8V8TQC0;P61204;A0A8V8TNZ0;A0A8V8TQP8;B4DJC8;B4DN70;B4DEB9;F5H423;A0A8V8TP92;B4E190;A0A8V8TP99;F5H0C7;H0YGG7;A0A8V8TPG9","P84077"
"Q9BZH6;B2RCJ6;Q9NVU3;Q659C9;Q9NWV7;B4DX09;S4R451;S4R3Z0",-1.41859335498355,24.1641033022912,-2.3163591781635,0.0272884934972236,0.0841867568920281,-4.06000580491665,"Q9BZH6;B2RCJ6;Q9NVU3;Q659C9;Q9NWV7;B4DX09;S4R451;S4R3Z0","Q9BZH6"
"O00339;H0YBJ4;A0A140VKH7;Q96AA0;H0YBN2;H0YBU5;Q8N2G3",1.25718371930498,23.9595531398758,2.3152734697406,0.0273553563947555,0.0843096409043896,-4.06216875619337,"O00339;H0YBJ4;A0A140VKH7;Q96AA0;H0YBN2;H0YBU5;Q8N2G3","O00339"
"Q9H2G2",-1.28680775889941,28.0063689563153,-2.31411634980695,0.0274267802405186,0.0844463253407478,-4.06447319278279,"Q9H2G2","Q9H2G2"
"Q9Y3E7;A0A140T963",-1.24537109380361,27.999979289271,-2.30755430400763,0.027835025648432,0.0856187820487766,-4.07752642833747,"Q9Y3E7;A0A140T963","Q9Y3E7"
"P15529;A0A8Q3WKS6;A0A8Q3WKR4;A0A8Q3WKR0;A0A8Q3WKW1;A0A8Q3WLU6;A0A8Q3WLA6;B4DL30;Q92494",-1.20641388653499,28.3229442066257,-2.30700894755416,0.0278691999891403,0.0856394431193385,-4.07861008329642,"P15529;A0A8Q3WKS6;A0A8Q3WKR4;A0A8Q3WKR0;A0A8Q3WKW1;A0A8Q3WLU6;A0A8Q3WLA6;B4DL30;Q92494","P15529"
"Q8N7R7;H7BZD2;H7C0P7",-1.2802853901499,26.0847847819534,-2.306027032137,0.0279308265849925,0.0857443386994012,-4.08056075334687,"Q8N7R7;H7BZD2;H7C0P7","Q8N7R7"
"Q13637;B2R5I8;P57729;Q7Z4W7;H0YEA4",1.36906965294183,24.6937576741484,2.30207657047095,0.0281800103240253,0.0863470670479952,-4.08840283813074,"Q13637;B2R5I8;P57729;Q7Z4W7;H0YEA4","Q13637"
"Q9Y4D7;H0YAB2;B4DRU3;H0YAM9;H0Y9D1;H0YA64",1.32529836624288,24.5394736981187,2.30203676983808,0.0281825310211155,0.0863470670479952,-4.08848179856133,"Q9Y4D7;H0YAB2;B4DRU3;H0YAM9;H0Y9D1;H0YA64","Q9Y4D7"
"Q9UHG3;Q584P1;B7Z3Y2;B7Z8A2;F8W8W4",1.42000191025532,24.5137629139865,2.30059278181353,0.0282741211193802,0.0864917290044717,-4.09134587613154,"Q9UHG3;Q584P1;B7Z3Y2;B7Z8A2;F8W8W4","Q9UHG3"
"P49748;B3KPA6;B4DEA8;Q53HR2;B3KPX1;G3V1M7;J3QRJ8;K7EQP4;A0A077H1I5;J3QKU9;K7EJW8;J3KSR4;B4DYY0",1.24052133813326,23.7382715117327,2.30041827630848,0.0282852079463165,0.0864917290044717,-4.09169191349241,"P49748;B3KPA6;B4DEA8;Q53HR2;B3KPX1;G3V1M7;J3QRJ8;K7EQP4;A0A077H1I5;J3QKU9;K7EJW8;J3KSR4;B4DYY0","P49748"
"Q8WUP2",-1.67023191859867,24.2159192858059,-2.29764097049099,0.0284621873976315,0.0869476615996205,-4.09719671452692,"Q8WUP2","Q8WUP2"
"Q8NDI1;A8K930;A0A140VK17;B5MC86;C9K0H9;C9IYU2;B3KM32;C9J268;H7C1E6;H7BZ98",1.23301325765026,24.4071255799303,2.29543306256737,0.0286035957219753,0.0872941438912337,-4.10156959408867,"Q8NDI1;A8K930;A0A140VK17;B5MC86;C9K0H9;C9IYU2;B3KM32;C9J268;H7C1E6;H7BZ98","Q8NDI1"
"Q16512;Q15523;K7EL10;K7EM57;K7EKY9;K7EN76",1.24484594691193,24.3164328845785,2.29364513430745,0.028718570399583,0.0875593558908107,-4.10510851287782,"Q16512;Q15523;K7EL10;K7EM57;K7EKY9;K7EN76","Q16512"
"Q5NKV8;B4DW82;Q15463",1.22402131374935,29.2559398471038,2.29232576219842,0.0288036814213013,0.0877144856423428,-4.10771875408417,"Q5NKV8;B4DW82;Q15463","Q5NKV8"
"Q6PCE3",-1.35254276642639,23.536547323733,-2.29198506026805,0.0288256966282146,0.0877144856423428,-4.10839262569646,"Q6PCE3","Q6PCE3"
"Q96GA7;F8VYZ3;H0YID3;H0YIA2",-1.48121571149419,23.6026965545963,-2.29061142096486,0.0289146115048524,0.087899291699449,-4.11110881977926,"Q96GA7;F8VYZ3;H0YID3;H0YIA2","Q96GA7"
"O94855;E9PDM8;B3KM89;Q49AI3;E9PC44;A8K6V0;Q9NWP5;Q4W5D3",1.3507454161193,23.7930200368163,2.28738847082525,0.0291242036483089,0.0884502348384375,-4.11747727884399,"O94855;E9PDM8;B3KM89;Q49AI3;E9PC44;A8K6V0;Q9NWP5;Q4W5D3","O94855"
"P02545;A0A6Q8PFJ0;A0A384MQX1;W8QEH3;A0A804HL68;Q5I6Y5;A0A6Q8PHQ9;Q3BDU5;Q8N519;Q5TCI8;A0A6Q8PF80;H0YAB0;A0A6Q8PGH0;B4DFR3;A0A6Q8PF59;A0A6Q8PFM1;W5X314;A0A6Q8PFF5",-1.24994546826117,29.2190524875175,-2.28256211350738,0.0294406310288023,0.0893242492012006,-4.12700218746608,"P02545;A0A6Q8PFJ0;A0A384MQX1;W8QEH3;A0A804HL68;Q5I6Y5;A0A6Q8PHQ9;Q3BDU5;Q8N519;Q5TCI8;A0A6Q8PF80;H0YAB0;A0A6Q8PGH0;B4DFR3;A0A6Q8PF59;A0A6Q8PFM1;W5X314;A0A6Q8PFF5","P02545"
"Q9H1C7",-1.75905146505657,24.6939806252886,-2.27655911637259,0.0298385263939523,0.0904435022572763,-4.13882936683432,"Q9H1C7","Q9H1C7"
"Q5VIR6;A0A7P0TAE0;A0A7P0T8P7;A0A7P0T874;A0A7P0Z461;A0A7P0T9B2;B1AA15;F6VX93;A0A7P0Z400;B1AA17;A0A7P0T9V8;A0A7P0TB80;A0A7P0Z4Q7;A0A7P0T8V1;E7EVT8;B1AA16;A0A7P0TAK4;B3KS06;A0A7P0TA79;A0A7P0Z4K0;A0A7P0TB16;I3L4P9;A0A7P0T7U9;A0A7P0TBJ8;I3L0S6;A0A7P0T9Z7;A0A7P0T9B6;A0A7P0T8S5;A0A7P0T8I9;A0A7P0T8K1;Q8NCR1;A0A7P0TA41;A0A7P0T8V9;I3L184;A0A7P0T8A5;A0A7P0TBK3;A0A7P0TA53;A0A7P0T805;A0A7P0TAF8;A0A7P0Z4M8",-1.24266314022328,23.4641255033076,-2.27318471065744,0.0300643135059762,0.0910394114807184,-4.14546798034092,"Q5VIR6;A0A7P0TAE0;A0A7P0T8P7;A0A7P0T874;A0A7P0Z461;A0A7P0T9B2;B1AA15;F6VX93;A0A7P0Z400;B1AA17;A0A7P0T9V8;A0A7P0TB80;A0A7P0Z4Q7;A0A7P0T8V1;E7EVT8;B1AA16;A0A7P0TAK4;B3KS06;A0A7P0TA79;A0A7P0Z4K0;A0A7P0TB16;I3L4P9;A0A7P0T7U9;A0A7P0TBJ8;I3L0S6;A0A7P0T9Z7;A0A7P0T9B6;A0A7P0T8S5;A0A7P0T8I9;A0A7P0T8K1;Q8NCR1;A0A7P0TA41;A0A7P0T8V9;I3L184;A0A7P0T8A5;A0A7P0TBK3;A0A7P0TA53;A0A7P0T805;A0A7P0TAF8;A0A7P0Z4M8","Q5VIR6"
"Q14542;Q96FB2",1.54133878407091,24.0681375284501,2.2716357501811,0.0301684716420886,0.0912662105253873,-4.1485129796681,"Q14542;Q96FB2","Q14542"
"Q9Y3P9;B7Z2B4",1.19998548346257,24.0170891056558,2.26882858109742,0.0303580654125405,0.0917507810287923,-4.15402765638873,"Q9Y3P9;B7Z2B4","Q9Y3P9"
"P55042;A8K3J8;Q92788;P55040;O75628;J3KRG9;J3KSM6",1.35489043814007,23.4472675473031,2.26648085184202,0.0305174523682066,0.0921432080701224,-4.15863604775434,"P55042;A8K3J8;Q92788;P55040;O75628;J3KRG9;J3KSM6","P55042"
"P40616;F8VYN9;B4DZG7;B4DR16;F8VP99;F8W1Z8;F8VP63",-1.48809074795991,24.0467793859271,-2.26545410144714,0.0305873948248882,0.0922650720104703,-4.16065040572331,"P40616;F8VYN9;B4DZG7;B4DR16;F8VP99;F8W1Z8;F8VP63","P40616"
"Q04760;X5DNM4;V9HW62",1.23578846041438,28.5893865902597,2.26336057460049,0.0307304536678088,0.0926070386375804,-4.16475563817208,"Q04760;X5DNM4;V9HW62","Q04760"
"P51580;Q9BS45;Q6I929",-1.54928105266445,23.5578245463796,-2.26194101001774,0.0308278004391531,0.0928107235228943,-4.16753775125337,"P51580;Q9BS45;Q6I929","P51580"
"Q07666;B4E043;B4DDX2;B2R7B5",-1.19168504210436,23.5509243350282,-2.25979015107522,0.0309758247186392,0.0931664390524935,-4.17175071488205,"Q07666;B4E043;B4DDX2;B2R7B5","Q07666"
"Q16881;A0A140VKC9;B7Z2S5;B2R5P6;A0A182DWI3;Q6ZR44;E9PIR7;E9PKD3;A0A0B4J225;E9PIZ5;E9PLT3;E9PKI4;E9PQI3;A0A182DWF3;Q59ET7;D3YTF8;E9PRI8;A0A182DWF2;Q17RE6;Q9NNW7;A0A096LPK7;A4FTY4;E7EWK1;Q6M1B7;A0A096LPD9;B3KUQ5",1.21872799748096,27.2544787505481,2.25773753226734,0.0311176841651585,0.093502945001088,-4.17576859150202,"Q16881;A0A140VKC9;B7Z2S5;B2R5P6;A0A182DWI3;Q6ZR44;E9PIR7;E9PKD3;A0A0B4J225;E9PIZ5;E9PLT3;E9PKI4;E9PQI3;A0A182DWF3;Q59ET7;D3YTF8;E9PRI8;A0A182DWF2;Q17RE6;Q9NNW7;A0A096LPK7;A4FTY4;E7EWK1;Q6M1B7;A0A096LPD9;B3KUQ5","Q16881"
"B4DVJ0;A0A0J9YYI8;K7ESF4;Q8N196",-1.20674054041859,30.6524989312071,-2.25607240641388,0.0312331925538434,0.0937596993026348,-4.17902606366482,"B4DVJ0;A0A0J9YYI8;K7ESF4;Q8N196","B4DVJ0"
"Q9UJU6;F8WBG8",-1.25771320469307,26.5935075806255,-2.25541433064138,0.0312789489632287,0.093768121585202,-4.1803129798084,"Q9UJU6;F8WBG8","Q9UJU6"
"Q6P597;K7EL76;K7ENJ3;K7ELP9",-1.31365738568995,23.5644444038177,-2.25516752254458,0.0312961252228905,0.093768121585202,-4.18079556241245,"Q6P597;K7EL76;K7ENJ3;K7ELP9","Q6P597"
"P43490;A0A7P0T9I9;A0A7P0T895;A0A7P0T931;A0A7P0T8L3;A0A7P0T973;A0A7P0T862;A0A7P0TAS5;A0A7P0T8D2;A0A0C4DFS8;B7Z8W6;A0A7P0TA73;A0A7P0TBB7;A0A7P0T941;A0A7P0Z466;A0A7P0Z4N0;A0A7P0T9F0;A0A7P0TB17;A0A7P0T8Z3;A0A7P0T8R4;A0A7P0TAI8;A0A7P0Z437;Q658Z1;A0A7P0Z4L4;C9JG65;C9JF35;A0A7P0TAZ2",1.2684372039502,28.5712033873375,2.25390584056412,0.0313840628042342,0.0938913237675066,-4.18326193454723,"P43490;A0A7P0T9I9;A0A7P0T895;A0A7P0T931;A0A7P0T8L3;A0A7P0T973;A0A7P0T862;A0A7P0TAS5;A0A7P0T8D2;A0A0C4DFS8;B7Z8W6;A0A7P0TA73;A0A7P0TBB7;A0A7P0T941;A0A7P0Z466;A0A7P0Z4N0;A0A7P0T9F0;A0A7P0TB17;A0A7P0T8Z3;A0A7P0T8R4;A0A7P0TAI8;A0A7P0Z437;Q658Z1;A0A7P0Z4L4;C9JG65;C9JF35;A0A7P0TAZ2","P43490"
"P13797;Q53GY0;B4DPW9;Q96HI1;B4DG31;B4DI60;B4DPU6;U3KQI3;A7E2S2;H7C4N2;F2Z2Z9",-1.20630937119628,29.0840338645571,-2.25371402808527,0.0313974513271912,0.0938913237675066,-4.18363680890518,"P13797;Q53GY0;B4DPW9;Q96HI1;B4DG31;B4DI60;B4DPU6;U3KQI3;A7E2S2;H7C4N2;F2Z2Z9","P13797"
"Q9NVE7;E9PHT6;B4DHW9;H0YA26;B4DZX1;H0Y9E4;Q7RTX2",1.24203535737424,24.1611785547593,2.25259500907182,0.031475661374768,0.0939626165843649,-4.18582334303273,"Q9NVE7;E9PHT6;B4DHW9;H0YA26;B4DZX1;H0Y9E4;Q7RTX2","Q9NVE7"
"Q8TBF2;J3QKK8;A0A0G2JSF1;A0A2P0CTH9;J3KRV9;A0A2P0CU24;A0A0A0MRV4;A0A0G2JRR6;J3KPF6;A0A2P0CTB1;J3KPF5;A0A0A0MT35",1.37646166151099,23.8125548885693,2.25251094883669,0.0314815435494265,0.0939626165843649,-4.18598756327332,"Q8TBF2;J3QKK8;A0A0G2JSF1;A0A2P0CTH9;J3KRV9;A0A2P0CU24;A0A0A0MRV4;A0A0G2JRR6;J3KPF6;A0A2P0CTB1;J3KPF5;A0A0A0MT35","Q8TBF2"
"A0A0U5KK83;A0A7R9KCU6;A0A223FL14;A0A223FKV7;A0A6B7FTE4;A0A3G8GE18;A0A3S6RF92;A0A3S6RI42;A0A3S6RI93;A0A6B7FT82;A0A6C0MBN4;A0A6B9HSE7;A0A858B934;Q5MAG5;A0A583ZB54;A0A5H2UHY2;A0A2I6J4D3;C5IWX6;Q8HWQ9;A0A6B7IEQ2;Q52YL7;A0A1W1B5Q4;A0A142J2H3;A0A678ZGF8;A0A142J2B6;A0A0S2IIV1;A0A142J2H4;A0A6B7HGF0;Q8HWQ8;A0A4P2SQP7;A0A6S7XU32;A0A678ZGX9;A0A678ZWJ0;E5FQ45;A0A5H2UI14;A0A2I6J488;A0A8F4G8Y5;A0A8F4JDU3;A0A6B7FUY5;A0A6C0SDI7;A0A5J6MBG1;A0A0F6TL23;A0A0S4XRB8;A0A3S6REY6;A0A5H2UZ10;A0A7R9KC13;A0A0S4XRF8;A0A6C2E3M9;A0A7R9PSX6;E3WH34;V5NE49;D2KZ54;M1JPA6;M4VMS3;A0A5H2UTD7;J7JQD3;A0A167RN49;G4XZE8;A0A192ZH27;F6IQU3;V9W2L5;D2KZ35;F6IQU0;D6CIC3;F6IQU4;F6IQU1;U5YJJ1;A0A7S5GS55;F6IQU2;S6A6J7;G9FTK1;B1B6Q5;L0N4J2;A0A0S4XRV1;A0A3G9HRF1;A0A6B9VT36;F8WS75;I7C6A9;F6IQT4;Q6F3H0;J7RT43;I7CT52;I7D6N7;M4RBI8;N1NT54;L7XEN4;C5J4N4;A0A1G4HPT4;F8KA50;A0A0K0KR21;A5JSF9;A0A4P2SR07;D3U769;A0A0K0KR83;E7BY88;A0A653HSE5;A0A5H2UV08;A0A288QEU7;A0A288Q8T6;A0A1L2BM48;A0A1C8DUG4;A0A141AZ62;A0A109V397;A0A0X7YIX8;A0A0N7A638;A0A0N7A472;A0A0N7A456;A0A0G2R0P0;D6MLL5;A5HKN9;D6MJ83;E5G6I5;E3T0V6;E3SWF6;E1U672;A8VYN6;C9E1E1;D2DKW9;D2DKZ5;D7NPB3;D3U773;A8VYN1;E9LXY2;G0KXI0;D5FHL5;F1AQL0;L7PFY9;Q5ENW2;Q2L8A6;Q09K11;M9TIS9;M1FWV4;L7PG25;K7P5F0;J7F7B9;I6MHG2;I6MHF2;G9HRP7;G1EP32;G0ZDS8;G1EP03;A7X588;T1R367;S5CRS6;E0WN54;F2RM39;Q9TPW4;M9P9L2;C5IZL9;A0A4E0U1N6;M9WP43;A0A2H4FZZ6;A0A1C8DV14;Q95IY9;Q9GIN0;A0A1C8DU74;A0A1C4HDM2;A0A1C8DS50;C1KBJ4;A0SY05;Q1G4P1;Q9MYF0;A0A2I4PZ01;A0A180H5Q0;C4PJK5;H6V075;I3QHQ7;K0D9I4;A0A0A7C400;A0A0A7C741;A0A0A7C783;A0A0A7C8I7;G9HW23;A0A0A7C3Y8;A0A096XJR7;D3U694;D6ML15;D3U695;D5FHI7;D5FHL9;D5FHR3;D5FHR6;D5FZI3;D5M8F5;D6C6A0;D6C6A1;D6C6A2;D5FHH5;K9LCM9;D6ML30;D7NQT9;K7P5F2;D6MJA5;I6QU07;I3VZ05;K9L7Q2;A0A2U7MZG2;A0A060VCV9;D7NPA5;G1END7;F8SKV4;F2X612;F2VP69;F2VNC6;F1AQL1;E9LY06;E5G0X6;K9LD65;M9P8U0;M9P8Z1;M9PNU7;M9PNU8;E2GJE4;E0WBW8;G0ZMF5;D6C6C9;A0A0A7C4J7;C5J019;L7PG18;A0A0A7C816;A0A2H4FZB0;V5JAD1;R4QIL1;G3DR85;A0A1C8DWJ7;A0A186VMV5;D5M8E7;C8XTN3;C7FDP6;Q38MU4;A0A0E3DC11",-1.49646910976338,23.3044153028638,-2.24948297200523,0.0316940886107015,0.094506560589654,-4.19190010850962,"A0A0U5KK83;A0A7R9KCU6;A0A223FL14;A0A223FKV7;A0A6B7FTE4;A0A3G8GE18;A0A3S6RF92;A0A3S6RI42;A0A3S6RI93;A0A6B7FT82;A0A6C0MBN4;A0A6B9HSE7;A0A858B934;Q5MAG5;A0A583ZB54;A0A5H2UHY2;A0A2I6J4D3;C5IWX6;Q8HWQ9;A0A6B7IEQ2;Q52YL7;A0A1W1B5Q4;A0A142J2H3;A0A678ZGF8;A0A142J2B6;A0A0S2IIV1;A0A142J2H4;A0A6B7HGF0;Q8HWQ8;A0A4P2SQP7;A0A6S7XU32;A0A678ZGX9;A0A678ZWJ0;E5FQ45;A0A5H2UI14;A0A2I6J488;A0A8F4G8Y5;A0A8F4JDU3;A0A6B7FUY5;A0A6C0SDI7;A0A5J6MBG1;A0A0F6TL23;A0A0S4XRB8;A0A3S6REY6;A0A5H2UZ10;A0A7R9KC13;A0A0S4XRF8;A0A6C2E3M9;A0A7R9PSX6;E3WH34;V5NE49;D2KZ54;M1JPA6;M4VMS3;A0A5H2UTD7;J7JQD3;A0A167RN49;G4XZE8;A0A192ZH27;F6IQU3;V9W2L5;D2KZ35;F6IQU0;D6CIC3;F6IQU4;F6IQU1;U5YJJ1;A0A7S5GS55;F6IQU2;S6A6J7;G9FTK1;B1B6Q5;L0N4J2;A0A0S4XRV1;A0A3G9HRF1;A0A6B9VT36;F8WS75;I7C6A9;F6IQT4;Q6F3H0;J7RT43;I7CT52;I7D6N7;M4RBI8;N1NT54;L7XEN4;C5J4N4;A0A1G4HPT4;F8KA50;A0A0K0KR21;A5JSF9;A0A4P2SR07;D3U769;A0A0K0KR83;E7BY88;A0A653HSE5;A0A5H2UV08;A0A288QEU7;A0A288Q8T6;A0A1L2BM48;A0A1C8DUG4;A0A141AZ62;A0A109V397;A0A0X7YIX8;A0A0N7A638;A0A0N7A472;A0A0N7A456;A0A0G2R0P0;D6MLL5;A5HKN9;D6MJ83;E5G6I5;E3T0V6;E3SWF6;E1U672;A8VYN6;C9E1E1;D2DKW9;D2DKZ5;D7NPB3;D3U773;A8VYN1;E9LXY2;G0KXI0;D5FHL5;F1AQL0;L7PFY9;Q5ENW2;Q2L8A6;Q09K11;M9TIS9;M1FWV4;L7PG25;K7P5F0;J7F7B9;I6MHG2;I6MHF2;G9HRP7;G1EP32;G0ZDS8;G1EP03;A7X588;T1R367;S5CRS6;E0WN54;F2RM39;Q9TPW4;M9P9L2;C5IZL9;A0A4E0U1N6;M9WP43;A0A2H4FZZ6;A0A1C8DV14;Q95IY9;Q9GIN0;A0A1C8DU74;A0A1C4HDM2;A0A1C8DS50;C1KBJ4;A0SY05;Q1G4P1;Q9MYF0;A0A2I4PZ01;A0A180H5Q0;C4PJK5;H6V075;I3QHQ7;K0D9I4;A0A0A7C400;A0A0A7C741;A0A0A7C783;A0A0A7C8I7;G9HW23;A0A0A7C3Y8;A0A096XJR7;D3U694;D6ML15;D3U695;D5FHI7;D5FHL9;D5FHR3;D5FHR6;D5FZI3;D5M8F5;D6C6A0;D6C6A1;D6C6A2;D5FHH5;K9LCM9;D6ML30;D7NQT9;K7P5F2;D6MJA5;I6QU07;I3VZ05;K9L7Q2;A0A2U7MZG2;A0A060VCV9;D7NPA5;G1END7;F8SKV4;F2X612;F2VP69;F2VNC6;F1AQL1;E9LY06;E5G0X6;K9LD65;M9P8U0;M9P8Z1;M9PNU7;M9PNU8;E2GJE4;E0WBW8;G0ZMF5;D6C6C9;A0A0A7C4J7;C5J019;L7PG18;A0A0A7C816;A0A2H4FZB0;V5JAD1;R4QIL1;G3DR85;A0A1C8DWJ7;A0A186VMV5;D5M8E7;C8XTN3;C7FDP6;Q38MU4;A0A0E3DC11","A0A0U5KK83"
"Q14738;B4DSD7;E9PFR3;A8K6Y2;Q59EF0;H0Y8C4;H7C5Q9;H0YJ35;B4DI74;G3V2U3",1.23477886185769,26.4828663879907,2.24875727362935,0.0317452193729819,0.0945686143498859,-4.19331629186615,"Q14738;B4DSD7;E9PFR3;A8K6Y2;Q59EF0;H0Y8C4;H7C5Q9;H0YJ35;B4DI74;G3V2U3","Q14738"
"Q96PY5;C9IZY8;B3KXD8",1.21957236141095,26.6223485308264,2.24794877232455,0.0318022715251937,0.0946481726021748,-4.19489367885286,"Q96PY5;C9IZY8;B3KXD8","Q96PY5"
"Q9BXK5;E9PDD6;Q86T62;F2Z2C3;A0A087WW80;Q8IZP5;A0A0A0MR90;A0A087WX97;F6VJB4;B2RB43;A0A087WTL4;H0Y3R5;B7Z238",-1.32650623593068,23.3088095297299,-2.24299447490949,0.0321538902061981,0.0954284233306578,-4.20455066405361,"Q9BXK5;E9PDD6;Q86T62;F2Z2C3;A0A087WW80;Q8IZP5;A0A0A0MR90;A0A087WX97;F6VJB4;B2RB43;A0A087WTL4;H0Y3R5;B7Z238","Q9BXK5"
"P53602;H3BP35;H3BRZ1;H3BVC4;H3BQ47;Q59G80",-1.45087433864038,24.7228390817007,-2.24298779322661,0.0321543667711143,0.0954284233306578,-4.20456367779334,"P53602;H3BP35;H3BRZ1;H3BVC4;H3BQ47;Q59G80","P53602"
"Q5T6V5;Q5T6V7;Q5T6V6",1.1679265244402,23.9332971322266,2.2429617086423,0.0321562272909655,0.0954284233306578,-4.2046144817934,"Q5T6V5;Q5T6V7;Q5T6V6","Q5T6V5"
"Q9UHW9;Q6NSI7;B3KXX3;A8K935;A0A6Q8PH21;Q9UP95;Q3ZCQ6;H0YKQ8;Q5HYC7;H0YMQ9;B4DF30;A7E2U9;B7Z1X6;A0A1B0GVB1;B7Z2T6;J3QSF2;A8K143;Q9H2X9;B7Z3I0",-1.32037389356206,25.0441701604862,-2.24213163626635,0.0322154839119669,0.0954632321288254,-4.20623096291249,"Q9UHW9;Q6NSI7;B3KXX3;A8K935;A0A6Q8PH21;Q9UP95;Q3ZCQ6;H0YKQ8;Q5HYC7;H0YMQ9;B4DF30;A7E2U9;B7Z1X6;A0A1B0GVB1;B7Z2T6;J3QSF2;A8K143;Q9H2X9;B7Z3I0","Q9UHW9"
"Q00577;Q2NLD4;Q2NLC9;Q56A79;Q5U0P9;A0A494C0H6",-1.27497062761474,27.2099381031058,-2.24194010537714,0.0322291707058843,0.0954632321288254,-4.2066038889481,"Q00577;Q2NLD4;Q2NLC9;Q56A79;Q5U0P9;A0A494C0H6","Q00577"
"Q08722;A0A2R8Y484;A0A0A1TSG4;H7BYS8",1.15961840593103,30.1854127642509,2.24051596774134,0.0323311034920766,0.0956742996127011,-4.20937608420769,"Q08722;A0A2R8Y484;A0A0A1TSG4;H7BYS8","Q08722"
"P61160;Q8IY98;B4DHK9;B4DWQ5;A0A1B0GWD0;A0A1B0GWH0",-1.21566544344882,29.7232567307427,-2.23844657703114,0.032479736468938,0.0960230313238083,-4.21340206674868,"P61160;Q8IY98;B4DHK9;B4DWQ5;A0A1B0GWD0;A0A1B0GWH0","P61160"
"P15927;Q5TEJ7;B2R7E8;B4DL94;Q5TEJ0;B4DUL2;B4DQD9",1.19812390221287,24.2643491531215,2.23696664568625,0.0325864078680939,0.0962204475657924,-4.21627962624672,"P15927;Q5TEJ7;B2R7E8;B4DL94;Q5TEJ0;B4DUL2;B4DQD9","P15927"
"P49366;Q5J8M5;M0R253;M0QX43;A0A3B3IU31;B4DU50;B4E3M2;M0R264;M0R0J4;M0QYZ7;M0R1T4;M0R1T2",1.26501642454036,24.05897933415,2.23666467707008,0.0326082119516007,0.0962204475657924,-4.21686660259668,"P49366;Q5J8M5;M0R253;M0QX43;A0A3B3IU31;B4DU50;B4E3M2;M0R264;M0R0J4;M0QYZ7;M0R1T4;M0R1T2","P49366"
"O94919",1.29877995770164,24.1288027099246,2.23222552156127,0.0329302628491272,0.0970789128794212,-4.22548901702547,"O94919","O94919"
"P49662;P51878;H0YD34;A0A7L9VVH0;E9PMT1",-1.19493895106196,23.2138182546745,-2.23066939728502,0.0330438302212431,0.0972351314754315,-4.22850865201737,"P49662;P51878;H0YD34;A0A7L9VVH0;E9PMT1","P49662"
"Q96AG4",1.45880430736524,24.7246839952302,2.23064512854193,0.0330456041564467,0.0972351314754315,-4.2285557331617,"Q96AG4","Q96AG4"
"Q8WUW1",-1.4116762459309,25.8225288366119,-2.22976236877083,0.0331101880156602,0.0973333425267145,-4.23026802913941,"Q8WUW1","Q8WUW1"
"A0A590UJ08;A0A590UJ25",1.21472994072855,28.292680366277,2.22755364585059,0.0332722775559377,0.0977177341779376,-4.23455017254155,"A0A590UJ08;A0A590UJ25","A0A590UJ08"
"Q01085;B4DHS3;Q59G49;Q49AS9;O15187;Q2TSD2;A8K5C4;F8WE16;E7ETJ9",-1.36864203285108,24.182925495836,-2.22557204987278,0.0334183045856101,0.0980542728151626,-4.23838937900075,"Q01085;B4DHS3;Q59G49;Q49AS9;O15187;Q2TSD2;A8K5C4;F8WE16;E7ETJ9","Q01085"
"O43157;B4DKZ3",-1.29490893993379,24.1245516933123,-2.22389450626086,0.0335423745312295,0.0983258140628806,-4.24163758379186,"O43157;B4DKZ3","O43157"
"A0A7P0TBF8",1.56710324335177,24.6716945875236,2.22345477772028,0.0335749648046256,0.0983289344841571,-4.24248873262017,"A0A7P0TBF8","A0A7P0TBF8"
"O75923;A0A8V8TMV5;B7Z2R1;A0A8V8TLV7;A0A8V8TN49;E5KVZ4;B7Z8G4;A0A8V8TLD2",1.25828128940593,23.3142887843604,2.21948034308892,0.0338708187368506,0.0991023298688902,-4.25017624262041,"O75923;A0A8V8TMV5;B7Z2R1;A0A8V8TLV7;A0A8V8TN49;E5KVZ4;B7Z8G4;A0A8V8TLD2","O75923"
"P59665;P59666;Q6EZE9",-1.3290214046035,22.9964958967821,-2.21843476175333,0.0339490383125751,0.0991798351167847,-4.25219700140994,"P59665;P59666;Q6EZE9","P59665"
"Q8NFF5;Q5T196;Q5T191;B3KQW9",-1.43374492387592,23.3428550824369,-2.21809485879837,0.0339745011844931,0.0991798351167847,-4.25285377224014,"Q8NFF5;Q5T196;Q5T191;B3KQW9","Q8NFF5"
"P16422;B5MCA4;C9JKY3",-1.17553647068048,28.166373088917,-2.21785201015604,0.0339927039884075,0.0991798351167847,-4.25332296734157,"P16422;B5MCA4;C9JKY3","P16422"
"Q96GG9;C9JVE2;C9J8R4;B4DM76;C9JRU6;C9J0B2;Q6PH85;C9JRE2;C9JAV2;H7C216",-1.21884808181333,24.9257889656733,-2.21660580279651,0.0340862514780571,0.0993598302430467,-4.25573011631999,"Q96GG9;C9JVE2;C9J8R4;B4DM76;C9JRU6;C9J0B2;Q6PH85;C9JRE2;C9JAV2;H7C216","Q96GG9"
"Q92692;Q7Z456",1.15888820389449,27.0363737768472,2.21568663299144,0.034155397415673,0.099468426274028,-4.25750494087037,"Q92692;Q7Z456","Q92692"
"Q9HAB3;A0A6Q8PG35;E9PKE4;B4E1F8;A0A6Q8PHF8;Q8TDT0;A0A6Q8PGB9",-1.80257357671384,24.8468362505761,-2.21472974731702,0.034227514091992,0.0995582974984837,-4.25935202675188,"Q9HAB3;A0A6Q8PG35;E9PKE4;B4E1F8;A0A6Q8PHF8;Q8TDT0;A0A6Q8PGB9","Q9HAB3"
"Q13643;Q96C98;Q9P100",1.2098362925052,24.0200599112614,2.21443047280787,0.0342500972157336,0.0995582974984837,-4.25992960110305,"Q13643;Q96C98;Q9P100","Q13643"
"P62081;A0A2R8Y623;B5MCP9;Q59FS3",-1.28233469543915,27.4554160203308,-2.20767878126028,0.0347631371658614,0.100955516592478,-4.27294480728421,"P62081;A0A2R8Y623;B5MCP9;Q59FS3","P62081"
"Q16186;B4DMP7;Q68E00;A0A087WX59;A0A087WUX6",-1.32635576085538,23.5004969550841,-2.20232242689539,0.0351750331092628,0.10205667745841,-4.28324977846325,"Q16186;B4DMP7;Q68E00;A0A087WX59;A0A087WUX6","Q16186"
"P39687;H0YN26;Q6PKH8;Q08AJ6;A0A384P5U2;Q3KPI8;O95626;O43423",-1.83923457028973,24.3036663420518,-2.19816582555643,0.0354976736327924,0.102789614315981,-4.29123407464948,"P39687;H0YN26;Q6PKH8;Q08AJ6;A0A384P5U2;Q3KPI8;O95626;O43423","P39687"
"Q15691;B4DM33;A2VCR0",1.19838532254107,27.1632684864416,2.19777148891182,0.0355284195977138,0.102789614315981,-4.29199097662354,"Q15691;B4DM33;A2VCR0","Q15691"
"P35580;A0A8I5KZ38;G1UI33;A0A8I5KSC2;A0A8I5KTT7;Q9UE82;Q9UMG3;A5XEH4",-1.19874098467638,25.9548367117806,-2.19771474796656,0.0355328455823234,0.102789614315981,-4.29209987884637,"P35580;A0A8I5KZ38;G1UI33;A0A8I5KSC2;A0A8I5KTT7;Q9UE82;Q9UMG3;A5XEH4","P35580"
"P49407;A8K103;H0YET9;E9PM35",1.33726150706784,23.8589433364519,2.19737352892173,0.0355594722176797,0.102789614315981,-4.29275473350051,"P49407;A8K103;H0YET9;E9PM35","P49407"
"Q96EP5;K7EQ02;K7EQ55;K7EK33;A0A0S2Z569;Q5IRN2",-1.42255440501497,23.6203268470399,-2.19393172947025,0.035829048555258,0.103472965225787,-4.29935597835875,"Q96EP5;K7EQ02;K7EQ55;K7EK33;A0A0S2Z569;Q5IRN2","Q96EP5"
"Q15121;B1AKZ5;B1AKZ4;Q6FHL9",1.57136119810183,24.7848500663961,2.19144498331426,0.0360249566208383,0.103942497410171,-4.30412078996825,"Q15121;B1AKZ5;B1AKZ4;Q6FHL9","Q15121"
"P10646;B2R8Y9;Q59EE5;C9JKV3;C9JP39;C9J103;C9JT76;C9JQ14",1.36822464880595,24.6230551536893,2.18943397128788,0.0361840856246597,0.104218564298658,-4.30797118345089,"P10646;B2R8Y9;Q59EE5;C9JKV3;C9JP39;C9J103;C9JT76;C9JQ14","P10646"
"Q9NX52;B7Z1Y9;B3KUN4",-1.25435307477004,24.444348924776,-2.18939134252252,0.0361874655772512,0.104218564298658,-4.30805277499751,"Q9NX52;B7Z1Y9;B3KUN4","Q9NX52"
"Q9NQ48;A0A8V8TP88;A0A7P0TAT3;H7C488",1.27839278063731,24.3098333750404,2.18481426641834,0.0365520187205373,0.105171352757708,-4.31680658349462,"Q9NQ48;A0A8V8TP88;A0A7P0TAT3;H7C488","Q9NQ48"
"P09012;M0R0G9;M0QXK2;M0R221;M0R2B8;B2R802;M0QZG7;M0R268",-1.36399956069048,25.4496110723817,-2.18433134439972,0.0365906730011155,0.105185538332239,-4.31772941002142,"P09012;M0R0G9;M0QXK2;M0R221;M0R2B8;B2R802;M0QZG7;M0R268","P09012"
"P14625;A0A7P0TAT8;V9HWP2;Q5CAQ5;H0YIV0;A0A7P0TAE1;A0A7P0T917;A0A7P0T823;A0A087WT78;A0A7P0TAY2;B4DU71;B4DHT9;Q59FC6;A0A7P0TBC2;Q96GW1;A0A7P0T885;A0A7P0T8R3;A0A7P0Z405;B4DQX3;Q58FF2;Q58FF3;F8W026",1.21218779584739,27.5443278580444,2.18354332853087,0.0366538261593076,0.1052700587393,-4.31923492822509,"P14625;A0A7P0TAT8;V9HWP2;Q5CAQ5;H0YIV0;A0A7P0TAE1;A0A7P0T917;A0A7P0T823;A0A087WT78;A0A7P0TAY2;B4DU71;B4DHT9;Q59FC6;A0A7P0TBC2;Q96GW1;A0A7P0T885;A0A7P0T8R3;A0A7P0Z405;B4DQX3;Q58FF2;Q58FF3;F8W026","P14625"
"Q9P206",-1.28213102584989,24.6544964062256,-2.18144638728251,0.0368223536669017,0.105656781128856,-4.32323924356445,"Q9P206","Q9P206"
"Q86TP1;A0A3B3ITN0",-1.18397763936461,23.1857348447364,-2.17986109434244,0.036950219825057,0.105797952857822,-4.32626465476618,"Q86TP1;A0A3B3ITN0","Q86TP1"
"P42765;A0A0B4J2A4;B2RB23;B3KNP8;K7EME0",-1.13517656161866,23.4464782000896,-2.17975797614393,0.036958550822663,0.105797952857822,-4.32646139247007,"P42765;A0A0B4J2A4;B2RB23;B3KNP8;K7EME0","P42765"
"Q9NYL9;Q5HYL6;H0YNJ8;H0YKU1;Q9NZR1;H0YNU8;Q4G0W6;G5EA42;A8K9L8",-1.1823996816395,26.7430768082133,-2.17957528469706,0.0369733147210728,0.105797952857822,-4.32680993014815,"Q9NYL9;Q5HYL6;H0YNJ8;H0YKU1;Q9NZR1;H0YNU8;Q4G0W6;G5EA42;A8K9L8","Q9NYL9"
"Q9NZQ7;Q0GN75",1.13827843825334,24.0818265140975,2.17868329911262,0.0370454746599259,0.105907273569486,-4.32851134908157,"Q9NZQ7;Q0GN75","Q9NZQ7"
"Q9Y4E8;F8VZG8;F8W0H4;Q2NL66;H0YI31;B4DN46;B7Z3J0;H0YI26;Q13107;H7C189;Q53H56;Q53FJ3",-1.32855832613913,23.3889681131952,-2.17693950796418,0.0371869072846457,0.106214252583159,-4.33183607789617,"Q9Y4E8;F8VZG8;F8W0H4;Q2NL66;H0YI31;B4DN46;B7Z3J0;H0YI26;Q13107;H7C189;Q53H56;Q53FJ3","Q9Y4E8"
"O15439;O75555;A0A2R8YDC1;Q59GY6;A0A2R8Y6V8;A8K2Q2;B7Z5H4;A0A5C0NTB8",1.14845819466924,24.2465172443764,2.17600677201923,0.0372627558135164,0.106333518190629,-4.33361364358035,"O15439;O75555;A0A2R8YDC1;Q59GY6;A0A2R8Y6V8;A8K2Q2;B7Z5H4;A0A5C0NTB8","O15439"
"Q66K14;A1L3A9;B9A6K8;E5RIN2;H0YB08;B3KQE0;B3KMA7;B3KW15;Q9BW24;G3V133;B3KM54",-1.38754706885623,24.0742744673253,-2.17459854506273,0.0373775320767663,0.106563548946466,-4.33629632461081,"Q66K14;A1L3A9;B9A6K8;E5RIN2;H0YB08;B3KQE0;B3KMA7;B3KW15;Q9BW24;G3V133;B3KM54","Q66K14"
"Q13618;Q53S54;B7Z600;H7C1L6;A0A087X1R9;H7C399",-1.17550157329362,25.725430462403,-2.17293403830944,0.037513602930453,0.106853815105099,-4.33946558442718,"Q13618;Q53S54;B7Z600;H7C1L6;A0A087X1R9;H7C399","Q13618"
"P32929",1.12118092184973,23.8088239282955,2.17203567738771,0.0375872260341727,0.106965837591774,-4.34117534786535,"P32929","P32929"
"Q9H2U2;D6R967;B4DFH3;H0Y9D8;B4DR66;A8K0P2;D6RGV9",-1.29098920169653,25.4647743859791,-2.16991219134644,0.0377617641245434,0.107364578217366,-4.345214718632,"Q9H2U2;D6R967;B4DFH3;H0Y9D8;B4DR66;A8K0P2;D6RGV9","Q9H2U2"
"P62241;Q5JR94;Q5JR95;Q9BS10",-1.13385272339552,28.9209541402882,-2.16504513899945,0.038164537065988,0.108410920864132,-4.35446209200363,"P62241;Q5JR94;Q5JR95;Q9BS10","P62241"
"Q6P5S8;P01834;Q7Z3Y4;Q6PIL8;Q6GMX0;V9HW34;Q6PJF2;Q5EFE6;Q0KKI6;P0DOX7;A0A5H1ZRQ3;Q8TCD0;A0A4P8J2G1;A0A4P8J4D6;S6B2C3;S6AWE3;S6B2A1;S6C4R6;S6AWD3;S6BGE9;S6AWF4;S6AWD6;S6B294;Q569I7",-1.07735214518908,23.1350723509869,-2.15988082548809,0.0385960934400272,0.1095370477156,-4.36425762455543,"Q6P5S8;P01834;Q7Z3Y4;Q6PIL8;Q6GMX0;V9HW34;Q6PJF2;Q5EFE6;Q0KKI6;P0DOX7;A0A5H1ZRQ3;Q8TCD0;A0A4P8J2G1;A0A4P8J4D6;S6B2C3;S6AWE3;S6B2A1;S6C4R6;S6AWD3;S6BGE9;S6AWF4;S6AWD6;S6B294;Q569I7","Q6P5S8"
"Q13177;A8K5M4;Q9Y6B5;Q13153;E9PM17;B7Z3K0;B3KNX7;A8KAN3;O75914;H7C1X3;H0YCG5;B7Z302;B2RCU6;H9XFB4;Q59FN2",1.2015692018177,26.2445819544114,2.15797121937689,0.0387567677165654,0.109872653209199,-4.36787536967716,"Q13177;A8K5M4;Q9Y6B5;Q13153;E9PM17;B7Z3K0;B3KNX7;A8KAN3;O75914;H7C1X3;H0YCG5;B7Z302;B2RCU6;H9XFB4;Q59FN2","Q13177"
"Q96IF1;H0YJL9;G3V5F5;G3V481",1.17396941966335,24.0728285749387,2.15763877986715,0.0387847999946546,0.109872653209199,-4.36850493570509,"Q96IF1;H0YJL9;G3V5F5;G3V481","Q96IF1"
"O60271;B4DS36;Q5JB53;A0A060L980;Q7Z5Q8;Q719J0;Q9UPT6;H0YBE9;A0A669KB35;E9PFH7;B7ZMF3;A0A087WYG2;A0A8I5KWZ2;Q68CV8;H0YBS5;G1UI24;D6RHI8",1.19483895635693,24.5842208552005,2.1548102796836,0.0390240389210893,0.110450070231286,-4.37385860123535,"O60271;B4DS36;Q5JB53;A0A060L980;Q7Z5Q8;Q719J0;Q9UPT6;H0YBE9;A0A669KB35;E9PFH7;B7ZMF3;A0A087WYG2;A0A8I5KWZ2;Q68CV8;H0YBS5;G1UI24;D6RHI8","O60271"
"Q9Y5X1;A0A7P0T8Z7;A0A7P0Z4A5;B2RAU5;A0A7P0T8S8;A0A7P0Z4A2;A0A7P0T8D4;A0A7P0T8Z2;A0A7P0T8C7;A0A7P0TBI9;B3KXH8;Q59ES5;A0A7P0T8M2;O95061",-1.19460753775619,25.9903900842434,-2.15185702158635,0.039275231562078,0.110961039276868,-4.37944289689562,"Q9Y5X1;A0A7P0T8Z7;A0A7P0Z4A5;B2RAU5;A0A7P0T8S8;A0A7P0Z4A2;A0A7P0T8D4;A0A7P0T8Z2;A0A7P0T8C7;A0A7P0TBI9;B3KXH8;Q59ES5;A0A7P0T8M2;O95061","Q9Y5X1"
"Q70J99;A0A8V8TNG5;B4DTQ6;K7EQ37;K7EN81;A0A8V8TNE8;A0A8V8TNT8;K7EN29;A0A8V8TPN4;K7EMK8;A0A8V8TQ40",1.17037381569761,24.0246343627836,2.15150913563701,0.0393049159549568,0.110961039276868,-4.38010034141335,"Q70J99;A0A8V8TNG5;B4DTQ6;K7EQ37;K7EN81;A0A8V8TNE8;A0A8V8TNT8;K7EN29;A0A8V8TPN4;K7EMK8;A0A8V8TQ40","Q70J99"
"Q53HC9;C9JVR6;A8MUM1",-1.09245057367397,23.2389884060089,-2.15143433454515,0.0393113011865786,0.110961039276868,-4.38024169238233,"Q53HC9;C9JVR6;A8MUM1","Q53HC9"
"B7Z4N1",-1.10161283891249,23.0084224919675,-2.14724990011374,0.0396699701080815,0.111872185142049,-4.3881432228642,"B7Z4N1","B7Z4N1"
"Q59E93",-1.46440576139068,23.7243404261338,-2.14630104190757,0.0397517054154971,0.112001417516654,-4.38993339115137,"Q59E93","Q59E93"
"A1L0T0;M0R026;M0R1B5;E9PL44;M0QZX5;E9PJS0;Q59GP4",-1.22098387577768,22.8899626711779,-2.14558917925217,0.0398131240959144,0.11207322568155,-4.39127604797704,"A1L0T0;M0R026;M0R1B5;E9PL44;M0QZX5;E9PJS0;Q59GP4","A1L0T0"
"Q15036;B4DTB8;B4DE48;B4DQ37;B4DLL7;F8WAZ0;B4DUG8;F8WFA0;F8WEG6;B7ZAQ8;B4DDM3",1.3563149222011,25.7612685658411,2.1427048238025,0.0400628477952343,0.11267450159904,-4.39671292333558,"Q15036;B4DTB8;B4DE48;B4DQ37;B4DLL7;F8WAZ0;B4DUG8;F8WFA0;F8WEG6;B7ZAQ8;B4DDM3","Q15036"
"Q12792;F8VS81;F8VRG3;F8W1Q9;F8W645",-1.15323342646393,26.8246753901605,-2.14134955299666,0.0401806656936533,0.112904050719373,-4.39926568370323,"Q12792;F8VS81;F8VRG3;F8W1Q9;F8W645","Q12792"
"Q8N4X5;F6QUH3;A0A8Q3SIY9;B7Z2Q0",-1.18904343382816,23.3820051660881,-2.13998605718507,0.0402995094297223,0.113081381164318,-4.40183273440648,"Q8N4X5;F6QUH3;A0A8Q3SIY9;B7Z2Q0","Q8N4X5"
"A0A1C7CYX9;Q59GB4;Q16555;Q53ET2;Q8NAN9;A9CQZ4;E5RFU4;A9CQZ2;Q14194;B3KV96;E9PD68;B3KXQ5;X5DQV1;X5DNI1;Q96I11;B3KT07",1.16837782987854,28.5962220660841,2.13979386807257,0.0403162859425207,0.113081381164318,-4.40219447145115,"A0A1C7CYX9;Q59GB4;Q16555;Q53ET2;Q8NAN9;A9CQZ4;E5RFU4;A9CQZ2;Q14194;B3KV96;E9PD68;B3KXQ5;X5DQV1;X5DNI1;Q96I11;B3KT07","A0A1C7CYX9"
"A0A2U3TZM4;A0A2R8YFN5",1.15196305991952,27.7908093120467,2.13581108226648,0.040665350427179,0.113927242864982,-4.409685445471,"A0A2U3TZM4;A0A2R8YFN5","A0A2U3TZM4"
"Q10567;C9J1E7;B4DG47;Q7Z3M8",-1.15288878214564,26.7785412115311,-2.13552064490393,0.0406909100838697,0.113927242864982,-4.41023130785381,"Q10567;C9J1E7;B4DG47;Q7Z3M8","Q10567"
"Q8WWY8;A2IBA6;B4DPK4;H7C2X1",-1.08834496752272,23.3860894395521,-2.13305263436181,0.0409086816695762,0.114376704401265,-4.41486759562263,"Q8WWY8;A2IBA6;B4DPK4;H7C2X1","Q8WWY8"
"P30566;A0A7P0Z472;A0A7P0T9A7;A0A096LNY6;X5D8S6;Q71UA4;A0A1B0GTJ7;A0A1B0GWJ0;A0A096LNY5;A0A0A6YY92;B4DP46;A0A384E0N4;A0A7P0T8E4;A0A1B0GTG9;A0A1B0GWF8;A8K4X6;X5D2Z4;X5DP48;A0A096LP92;B4DUM2;A0A096LNY4;A0A096LP72;A0A096LPA2;B4DEP1;X5D7V4;A0A1W2PRX2;X5D7W4",1.0931792565478,26.3287643711256,2.13273480102054,0.0409368016843134,0.114376704401265,-4.41546437426321,"P30566;A0A7P0Z472;A0A7P0T9A7;A0A096LNY6;X5D8S6;Q71UA4;A0A1B0GTJ7;A0A1B0GWJ0;A0A096LNY5;A0A0A6YY92;B4DP46;A0A384E0N4;A0A7P0T8E4;A0A1B0GTG9;A0A1B0GWF8;A8K4X6;X5D2Z4;X5DP48;A0A096LP92;B4DUM2;A0A096LNY4;A0A096LP72;A0A096LPA2;B4DEP1;X5D7V4;A0A1W2PRX2;X5D7W4","P30566"
"A0A1W2PNV4;E9PF58;Q75MY0;F8WFD3",-1.1642568296677,28.7580912741262,-2.13245630798872,0.0409614552152015,0.114376704401265,-4.41598723166644,"A0A1W2PNV4;E9PF58;Q75MY0;F8WFD3","A0A1W2PNV4"
"P10620;F5H7F6;F5H6X2;Q6LET6",-1.27873028973933,23.7180570036057,-2.13112244315279,0.0410797182545079,0.114604330264589,-4.41849079928386,"P10620;F5H7F6;F5H6X2;Q6LET6","P10620"
"O75882;B4DZ36",-1.15805058157123,25.6528755171253,-2.12721189546534,0.0414281847685791,0.115473197759784,-4.42582393288332,"O75882;B4DZ36","O75882"
"Q16513;B1AL79;Q9UHS4;H0Y5V5;H0Y429;Q6P5Z2;Q6P5W9",-1.16368158678027,26.3056930774029,-2.12404257052693,0.0417125242550698,0.116161931385324,-4.4317597933586,"Q16513;B1AL79;Q9UHS4;H0Y5V5;H0Y429;Q6P5Z2;Q6P5W9","Q16513"
"P34910;Q9BRW1;B2R732",1.29169098731828,23.5879144235603,2.12313703410395,0.041794082986987,0.116285231789842,-4.43345457685586,"P34910;Q9BRW1;B2R732","P34910"
"Q9UHV9;B1AQP2",1.16059198358209,26.8653324457362,2.12147378004473,0.0419442556601959,0.116599049379814,-4.43656609315314,"Q9UHV9;B1AQP2","Q9UHV9"
"P00390;V9HW90;A0A2R8YF59;H0YC68;A0A2I6B3H4;Q03504",-1.18416815926475,27.2097446518791,-2.11888407913699,0.0421790289829564,0.117147276400571,-4.4414071494898,"P00390;V9HW90;A0A2R8YF59;H0YC68;A0A2I6B3H4;Q03504","P00390"
"P46940;A4QPB0;A0A0J9YXZ5;H0YLE8;Q6P1N4;B4E2M0;Q5FWG8;Q05DN7;B4DNP4;Q96PA3;A0A087X225;H0YKA5;A0A087WWP1;E9PDT6;D6R939",-1.13759059997782,29.860712254091,-2.11564449748709,0.0424743589415519,0.117862567205249,-4.44745687891103,"P46940;A4QPB0;A0A0J9YXZ5;H0YLE8;Q6P1N4;B4E2M0;Q5FWG8;Q05DN7;B4DNP4;Q96PA3;A0A087X225;H0YKA5;A0A087WWP1;E9PDT6;D6R939","P46940"
"P62851",-1.15688186006583,27.5805067621525,-2.11496256882633,0.0425367587215613,0.117920416080853,-4.44872946474813,"P62851","P62851"
"O95352;B3KQM6;B2RB57;B4DQK1;H7C059;C9JE55;C9J415;C9JFF4;H7C2R3;H7BZ92;H7C2J8",-1.19107920576491,24.2287864768536,-2.11459070505696,0.0425708202972235,0.117920416080853,-4.44942329241217,"O95352;B3KQM6;B2RB57;B4DQK1;H7C059;C9JE55;C9J415;C9JFF4;H7C2R3;H7BZ92;H7C2J8","O95352"
"Q9H3K6;H3BTW0;H3BVE0;A0A087WZT3;H3BPT9;A0A0B4J295;A0A499FJE1",-1.17498635494097,25.5776678203953,-2.11344444513393,0.0426759663850027,0.118106778309515,-4.45156142665945,"Q9H3K6;H3BTW0;H3BVE0;A0A087WZT3;H3BPT9;A0A0B4J295;A0A499FJE1","Q9H3K6"
"P13987;E9PNW4;A0A2U3TZL5;Q6FHM9;A0A3Q8TLE1;A0A3G2LMK5;A0A3G2LMK3;A0A3G2LMJ8;H0YET2;A0A3G2LMK2;A0A494C0W4;A0A499FJN7;A0A494C059;E9PI80",-1.1221432623238,32.7406276941888,-2.10883152208986,0.0431014396131642,0.119178537370088,-4.46015725642296,"P13987;E9PNW4;A0A2U3TZL5;Q6FHM9;A0A3Q8TLE1;A0A3G2LMK5;A0A3G2LMK3;A0A3G2LMJ8;H0YET2;A0A3G2LMK2;A0A494C0W4;A0A499FJN7;A0A494C059;E9PI80","P13987"
"Q9Y496;J3KPF9;Q2UVF2;A0A087X011;E9PES4;B4DHG8;Q8IWH8;Q05CT3",-1.1340366437874,23.3073972546975,-2.10769252413211,0.0432070720786365,0.119333200146673,-4.46227754011599,"Q9Y496;J3KPF9;Q2UVF2;A0A087X011;E9PES4;B4DHG8;Q8IWH8;Q05CT3","Q9Y496"
"B4DP06;H7C1S2",-1.18851183660317,23.4639648957513,-2.10740370282497,0.0432338942499969,0.119333200146673,-4.46281505529655,"B4DP06;H7C1S2","B4DP06"
"Q03113;E9PC54;C9J2Y7;Q6ZQV4",1.1480385593215,24.4077811838491,2.1032816712262,0.0436183085481056,0.120287802264847,-4.47048044169313,"Q03113;E9PC54;C9J2Y7;Q6ZQV4","Q03113"
"P62318;H3BT13",-1.13484801527179,25.9050572640367,-2.10198045167679,0.0437402852719093,0.120509235176065,-4.47289788391591,"P62318;H3BT13","P62318"
"A0A7D8VGD0",1.82952337195445,27.1222428712925,2.10160136231887,0.043775877991177,0.120509235176065,-4.47360195687862,"A0A7D8VGD0","A0A7D8VGD0"
"Q12882",1.23851922730566,24.3252317259381,2.10029800139722,0.0438984463307831,0.120740082985637,-4.47602193291075,"Q12882","Q12882"
"Q6Q0C0;A0A994J4N1;B3KQY7;H3BR17",-1.19184473775855,24.3746510520492,-2.09734571386725,0.0441772041098945,0.121399735346926,-4.48149935944854,"Q6Q0C0;A0A994J4N1;B3KQY7;H3BR17","Q6Q0C0"
"Q9Y4X5;H3BSK4;H3BNB9;Q59FM8",-1.19370737506048,23.0315477284057,-2.093017234571,0.0445887351191982,0.122422768342235,-4.48951964960217,"Q9Y4X5;H3BSK4;H3BNB9;Q59FM8","Q9Y4X5"
"Q16790;A0A0S2Z3D0;A1ECK7;A0A0S2Z341",-1.37180418243887,26.0061725014795,-2.09178694568953,0.0447063222991791,0.122578631437956,-4.49179700532478,"Q16790;A0A0S2Z3D0;A1ECK7;A0A0S2Z341","Q16790"
"P29466;A0A8Q3SI67;A8K257;B2R8U9;A8K249;B4DKN4;B4DVD8;A0A8Q3SI00;A0A8Q3SIY2;G3V169;Q5FBZ0;A0A7L9VV54;A0A8I5KS59;Q5EG05;H0YEC7",-1.29109916654396,24.4521382335441,-2.09160114146003,0.0447241047054806,0.122578631437956,-4.49214085564126,"P29466;A0A8Q3SI67;A8K257;B2R8U9;A8K249;B4DKN4;B4DVD8;A0A8Q3SI00;A0A8Q3SIY2;G3V169;Q5FBZ0;A0A7L9VV54;A0A8I5KS59;Q5EG05;H0YEC7","P29466"
"O75477;B2RDK6;B0QZ43;B4DPN7",1.12169753765385,24.9091345187632,2.09034988827154,0.0448440189600913,0.12279938115586,-4.49445583643904,"O75477;B2RDK6;B0QZ43;B4DPN7","O75477"
"P13674;Q5VSQ6",1.2794500059257,24.5392273721274,2.08615205033864,0.0452483994540224,0.123798033243067,-4.50221480464437,"P13674;Q5VSQ6","P13674"
"Q9H0P0;A0A090N7U2;X6RM59",-1.24569765910915,23.648175288727,-2.07853649014231,0.0459902441079883,0.12571741575181,-4.51626098178244,"Q9H0P0;A0A090N7U2;X6RM59","Q9H0P0"
"Q9HCE7",-1.26292120855549,24.1514191943865,-2.07335605187274,0.0465009980506628,0.126899872588785,-4.52579376205336,"Q9HCE7","Q9HCE7"
"Q8NCA5;E9PH82;A0A8I5KR56;A0A8I5QKV5;A0A8I5KZA5;I6L9E8;Q05CT2;B3KTW4;B4DT23;B4DY25;A0A8I5KX90;A0A8I5KXK5",-1.09140880035179,23.3175052813386,-2.07332388112712,0.0465041854341073,0.126899872588785,-4.52585290516503,"Q8NCA5;E9PH82;A0A8I5KR56;A0A8I5QKV5;A0A8I5KZA5;I6L9E8;Q05CT2;B3KTW4;B4DT23;B4DY25;A0A8I5KX90;A0A8I5KXK5","Q8NCA5"
"Q16658;A0A384MEG1;B3KTA3;B3KTM9;C9JFC0;A0A0A0MSB2;C9JPH9",-1.13767475844005,26.8451194796998,-2.07277546674456,0.0465585503950965,0.126928047994369,-4.52686101105044,"Q16658;A0A384MEG1;B3KTA3;B3KTM9;C9JFC0;A0A0A0MSB2;C9JPH9","Q16658"
"Q12797;B8Y0L3;E5RHJ2;Q6PJH4;E5RG56;B3GQE5;E5RHK2;G3XAN5;E5RG29;B7ZM96;B4DQ07;A8K721",1.09574573864425,23.9339940040873,2.07211105065018,0.0466244898713991,0.126928047994369,-4.52808208481203,"Q12797;B8Y0L3;E5RHJ2;Q6PJH4;E5RG56;B3GQE5;E5RHK2;G3XAN5;E5RG29;B7ZM96;B4DQ07;A8K721","Q12797"
"O14763;D3DSR9;Q6FH58;B5BU36;B7Z588;B7Z3M7;Q7Z2I8",1.10395651751949,25.1929822536055,2.0719891573259,0.0466365960248628,0.126928047994369,-4.52830607020697,"O14763;D3DSR9;Q6FH58;B5BU36;B7Z588;B7Z3M7;Q7Z2I8","O14763"
"P52597;B4DKS8;A0A1B0GW42",-1.13331129157481,26.8467336187226,-2.06829466162514,0.047004842919667,0.127818748968127,-4.5350901951559,"P52597;B4DKS8;A0A1B0GW42","P52597"
"P07311;G3V2U7;G3V3F8;G3V597",1.08178744647595,24.6997666608415,2.06659797666108,0.047174816794026,0.128169210436034,-4.53820272740113,"P07311;G3V2U7;G3V3F8;G3V597","P07311"
"Q99650;H0Y8W9;H0YAD1;B4E1W9",1.12945405264442,24.4994458643946,2.06171946274848,0.0476665696192189,0.129392541899342,-4.54714152966111,"Q99650;H0Y8W9;H0YAD1;B4E1W9","Q99650"
"O43399;Q6FGS1;Q68E05;A0A087WYR3;Q53GA0;A0A087WZ51;Q5J908;B4DDV4",1.08354476438867,27.4662471461074,2.06118802442995,0.0477204104031469,0.129426052215144,-4.54811431096364,"O43399;Q6FGS1;Q68E05;A0A087WYR3;Q53GA0;A0A087WZ51;Q5J908;B4DDV4","O43399"
"Q13148;A0A0A0N0L3;B4DRW3;A0A087WYY0;A0A087X260;G3V162;B1AKP7;A0A087WX29;A0A087WV68;A0A0A0N0M3;A0A087WXQ5;A0A0A0N0N3;K7EJM5;A0A087WXV3;A0A087WX67;A0A087WW61;A0A087WZC9;A0A087WYE7;K7EL26;A0A0A0MSV7;K7EJ99;A0A087WZM1;A0A087WTZ4",-1.13744805854151,25.7176023781651,-2.06013116714319,0.0478276414363332,0.129604182137205,-4.55004829297467,"Q13148;A0A0A0N0L3;B4DRW3;A0A087WYY0;A0A087X260;G3V162;B1AKP7;A0A087WX29;A0A087WV68;A0A0A0N0M3;A0A087WXQ5;A0A0A0N0N3;K7EJM5;A0A087WXV3;A0A087WX67;A0A087WW61;A0A087WZC9;A0A087WYE7;K7EL26;A0A0A0MSV7;K7EJ99;A0A087WZM1;A0A087WTZ4","Q13148"
"Q9Y3C8",-1.18436232699554,25.4270133877697,-2.05875306477082,0.0479677856052609,0.129871113978133,-4.55256900854637,"Q9Y3C8","Q9Y3C8"
"O60291;K7EPJ5;B4DR12;K7EIM7;K7ERA1;K7EJN3;Q96PX1;Q9BTC5;A0A3B3ISM3",-1.12515940986824,25.7860182666429,-2.05786070220845,0.0480587260279133,0.130004480902915,-4.55420056804091,"O60291;K7EPJ5;B4DR12;K7EIM7;K7ERA1;K7EJN3;Q96PX1;Q9BTC5;A0A3B3ISM3","O60291"
"Q03169;A1A584;H0YLC0;B4DZH8;H0YKR7;H0YKI8;B7ZB31;B4E1C8;H0YL88;H0YKY9;H0YM45",-1.15687611052323,27.362010666626,-2.05421920038357,0.0484314068318429,0.130899096974452,-4.56085300208693,"Q03169;A1A584;H0YLC0;B4DZH8;H0YKR7;H0YKI8;B7ZB31;B4E1C8;H0YL88;H0YKY9;H0YM45","Q03169"
"Q8IWE4",1.12740994833378,24.956666333369,2.05003170491603,0.0488631098693846,0.131951549508754,-4.56849186445874,"Q8IWE4","Q8IWE4"
"Q9HCP0;U3KQB3;A0A0U1RQY7;Q8IXA3;A0A0U1RQT7;U3KQA5;B7Z7D1;Q9H5M4;A0A0U1RR14;A0A0U1RQK2;A0A087WWF5;A0A0U1RQH9;A0A087WXD7;A0A0U1RQK6;A0A0U1RQG9;A0A0U1RR31;A0A0U1RRH5",-1.17113028467949,23.4187984330271,-2.04904407284857,0.0489654204816696,0.132113448514124,-4.57029179162985,"Q9HCP0;U3KQB3;A0A0U1RQY7;Q8IXA3;A0A0U1RQT7;U3KQA5;B7Z7D1;Q9H5M4;A0A0U1RR14;A0A0U1RQK2;A0A087WWF5;A0A0U1RQH9;A0A087WXD7;A0A0U1RQK6;A0A0U1RQG9;A0A0U1RR31;A0A0U1RRH5","Q9HCP0"
"P35754",-1.05827926355875,26.8610288131672,-2.04780599385246,0.0490939416101208,0.132345725049237,-4.57254722254684,"P35754","P35754"
"Q9Y316;A8K3Y8;A0A1S5UZ25;Q2VIM3;B5MCI6",-1.10572898881374,23.694976583848,-2.04662222566586,0.0492171023872663,0.132450264271928,-4.57470274898163,"Q9Y316;A8K3Y8;A0A1S5UZ25;Q2VIM3;B5MCI6","Q9Y316"
"Q9BVG4;Q9P0N4;A6NDF3",1.12186645285708,25.4441505942067,2.04661694978343,0.04921765190483,0.132450264271928,-4.57471235373573,"Q9BVG4;Q9P0N4;A6NDF3","Q9BVG4"
"O43776;B4DN60;K7EMQ6;K7EPK2;K7EQ35;B4DF91;B4DGT6;K7EIU7",-1.11287486284115,27.5068307971268,-2.04252282116535,0.0496457127878589,0.133487050159769,-4.5821600647762,"O43776;B4DN60;K7EMQ6;K7EPK2;K7EQ35;B4DF91;B4DGT6;K7EIU7","O43776"
"O43684;B4DDM6;A0A140VJF3;J3QT28;J3QSX4",-1.17862304063862,25.02666751506,-2.04149877398507,0.0497532923928823,0.13366108438708,-4.58402116133246,"O43684;B4DDM6;A0A140VJF3;J3QT28;J3QSX4","O43684"
"Q30201;A0A097CKB2;F8W7W8;B4DV50;A0A097CK74;A0A097CKA4;A0A097CK88;A0A097CK87;A0A097CK82;Q86WL1;H7C4K4;Q9HC69;J9QF30;K0I859;K0IIP4;I1VA66;Q9UK37;Q9HC71;Q8MH46;I1VA72;Q9BXI5;I1VA60;Q6B0J5;I1VA65",1.18884446885792,24.6274352014362,2.04082757966297,0.0498239147683417,0.133735619761151,-4.58524060131095,"Q30201;A0A097CKB2;F8W7W8;B4DV50;A0A097CK74;A0A097CKA4;A0A097CK88;A0A097CK87;A0A097CK82;Q86WL1;H7C4K4;Q9HC69;J9QF30;K0I859;K0IIP4;I1VA66;Q9UK37;Q9HC71;Q8MH46;I1VA72;Q9BXI5;I1VA60;Q6B0J5;I1VA65","Q30201"
"Q8N392;A9UK01",-1.09988287183153,25.5427484495626,-2.04038774027982,0.0498702420029753,0.133744870857507,-4.58603954574148,"Q8N392;A9UK01","Q8N392"
"P21796;B4DEI3;B3KTS5;A0A1L1UHR1;C9JI87",-1.19839865500396,24.4762187567064,-2.03720266586171,0.050206849751235,0.134497309550889,-4.59182115992775,"P21796;B4DEI3;B3KTS5;A0A1L1UHR1;C9JI87","P21796"
"Q9Y2A7;A0A994J4I5;A0A994J6K9;B3KMK7;B3KM75;P55160;F8W050",-1.12721237379488,27.6881457865768,-2.03691780096317,0.0502370521406817,0.134497309550889,-4.59233791853542,"Q9Y2A7;A0A994J4I5;A0A994J6K9;B3KMK7;B3KM75;P55160;F8W050","Q9Y2A7"
"Q9GZU7;H7C270;A0AA34QVU0;A0AA34QW09",1.11856065437393,24.9851047317319,2.0356535361757,0.0503712867391645,0.134741032023546,-4.59463069308122,"Q9GZU7;H7C270;A0AA34QVU0;A0AA34QW09","Q9GZU7"
"Q07617",-1.19603091840026,24.0875188735117,-2.03202355186486,0.0507584569592383,0.135660348976748,-4.60120774303262,"Q07617","Q07617"
"Q9NQP4;E9PQY2;B2R548",1.35124987177309,23.9060145573689,2.02970831136684,0.0510067609803037,0.136207266693123,-4.60539798795717,"Q9NQP4;E9PQY2;B2R548","Q9NQP4"
"Q9BRF8;B3KSL3",-1.11645670406779,26.786529301155,-2.02926367571726,0.0510545689854948,0.136218306814164,-4.6062022969927,"Q9BRF8;B3KSL3","Q9BRF8"
"P01860;A0A5J6KJ24;A0A9H3ZR93;A0A9H4DHQ2;Q8NF17;Q6N030;Q5EBM2;Q86TT2;O95978",-1.17280063123934,23.2432158070105,-2.0235182061913,0.0516758794189023,0.137758177698766,-4.61658330167074,"P01860;A0A5J6KJ24;A0A9H3ZR93;A0A9H4DHQ2;Q8NF17;Q6N030;Q5EBM2;Q86TT2;O95978","P01860"
"P11279;B3KRY3;Q59FZ0",1.07894397537249,28.3175895687856,2.02037163369605,0.0520189508522017,0.138525155057844,-4.62225906842678,"P11279;B3KRY3;Q59FZ0","P11279"
"Q00169;V9HWC5;Q6NUL6;B4E1U1;I3L4H1;I3L471;I3L4U7;I3L459;I3L4C0;I3L3W1;I3L2X8",-1.05835029704599,26.6191601760234,-2.02006568528648,0.0520524147892894,0.138525155057844,-4.62281057670205,"Q00169;V9HWC5;Q6NUL6;B4E1U1;I3L4H1;I3L471;I3L4U7;I3L459;I3L4C0;I3L3W1;I3L2X8","Q00169"
"Q9Y4F9;F5GX51;B7Z5J9;A0A2R8YEE0;H3BP45;Q6WG69;F5H029;B7Z6D6;A0A2R8Y7B3;B7Z6U4;A0A2R8YF77",-1.25972058615455,23.8669066230839,-2.01705521840656,0.0523827008691228,0.13928528901176,-4.62823389975954,"Q9Y4F9;F5GX51;B7Z5J9;A0A2R8YEE0;H3BP45;Q6WG69;F5H029;B7Z6D6;A0A2R8Y7B3;B7Z6U4;A0A2R8YF77","Q9Y4F9"
"Q04837;Q567R6;A4D1U3;A0A0G2JLD8;E7EUY5;B7Z268;C9K0U8",1.08902671902191,25.9000459196488,2.0137659496442,0.052745674058169,0.140130968813824,-4.63415241792543,"Q04837;Q567R6;A4D1U3;A0A0G2JLD8;E7EUY5;B7Z268;C9K0U8","Q04837"
"Q16394;D7RTA7;H7C1H6",1.09215445431289,24.4882723756883,2.01089836312917,0.0530639107314569,0.140856457507586,-4.63930616028584,"Q16394;D7RTA7;H7C1H6","Q16394"
"Q13470;G9BXQ3;U3KPR9",-1.16495744779091,23.61822404648,-2.00714859202417,0.0534825867056283,0.14184709858406,-4.64603692122076,"Q13470;G9BXQ3;U3KPR9","Q13470"
"O75368;V9HW48;B0AZV6",-1.11283278999329,27.4464803763695,-2.00537862354606,0.0536812132331789,0.142252934642553,-4.64921063561342,"O75368;V9HW48;B0AZV6","O75368"
"Q15233;A0A7I2V4N2;A0A7I2V464;A0A7I2V4J2;A8K525;A0A0S2Z4Z9;A0A7I2V5Y7;A0A7I2V535;A0A7P0MRW0;C9JYS8;A0A7I2V4K9;C9IZL7;H7C367;C9J4X2;A0A0S2Z4E7",-1.19734381226874,23.5984125254533,-2.0032911874855,0.0539162957301239,0.14275460643655,-4.65295084102005,"Q15233;A0A7I2V4N2;A0A7I2V464;A0A7I2V4J2;A8K525;A0A0S2Z4Z9;A0A7I2V5Y7;A0A7I2V535;A0A7P0MRW0;C9JYS8;A0A7I2V4K9;C9IZL7;H7C367;C9J4X2;A0A0S2Z4E7","Q15233"
"Q14019;A0A384MTY2;H3BT58",1.04587166427297,28.0699923750527,2.00205765219295,0.0540556369049095,0.143002147164048,-4.65515964893737,"Q14019;A0A384MTY2;H3BT58","Q14019"
"Q9P287;B4E318;B4DUS0",1.13093179390027,23.5914099741623,1.99768058470878,0.0545526200513284,0.144167321360068,-4.66298894347311,"Q9P287;B4E318;B4DUS0","Q9P287"
"H6VRG2",1.029320153543,31.2154455080684,1.99726846098592,0.0545996188190031,0.144167321360068,-4.66372543487679,"H6VRG2","H6VRG2"
"Q96IG2;B3KVQ0;B2R6K2;J3KTA1;J3QKL3;B4DMM3",-1.12190341462087,24.385784792966,-1.99696059395499,0.0546347512114742,0.144167321360068,-4.66427553678001,"Q96IG2;B3KVQ0;B2R6K2;J3KTA1;J3QKL3;B4DMM3","Q96IG2"
"Q9H1E3;Q6IA16;Q8WYF8;B4DTY3",-1.00790274415136,25.9880673123972,-1.99655585178713,0.0546809686338445,0.144167321360068,-4.66499863769876,"Q9H1E3;Q6IA16;Q8WYF8;B4DTY3","Q9H1E3"
"Q13057;K7EN91;K7ES73;K7EP09;K7EPT0;K7ESK6;B4E1C0;K7EPC2;K7EQ60",-1.15413680304184,24.4677112627601,-1.99538861432349,0.0548144467513813,0.144397178562127,-4.66708336068073,"Q13057;K7EN91;K7ES73;K7EP09;K7EPT0;K7ESK6;B4E1C0;K7EPC2;K7EQ60","Q13057"
"Q9BZL1;A0A024R7B0;B2R4N3",-1.51477952896549,24.8311191997217,-1.99204509445629,0.055198369089299,0.14528583391521,-4.67304980723103,"Q9BZL1;A0A024R7B0;B2R4N3","Q9BZL1"
"O15145;B2R4D5;Q2LE71;B4DM63;C9JZD1;F8VR50",-1.05782288925133,28.5345878907565,-1.99151433040273,0.0552595301561731,0.145301914194018,-4.67399623793958,"O15145;B2R4D5;Q2LE71;B4DM63;C9JZD1;F8VR50","O15145"
"O60936;H3BM67;H3BUP2;H3BUN4;Q5TZN6;H3BQJ5;J3QLT7",-1.05192342498595,25.9308870440122,-1.99118377585991,0.0552976505765629,0.145301914194018,-4.67458556750843,"O60936;H3BM67;H3BUP2;H3BUN4;Q5TZN6;H3BQJ5;J3QLT7","O60936"
"P13807;Q53ER0;A8K6K7;B7Z255;B7Z806;B7Z6I6;M0QYU1;P54840",-1.09763647493814,24.4444002414551,-1.9903227687667,0.0553970520847555,0.145440576980095,-4.67612026180771,"P13807;Q53ER0;A8K6K7;B7Z255;B7Z806;B7Z6I6;M0QYU1;P54840","P13807"
"P60953;B4E1U9;A0A8Q3WLC5;A0A590UJK8;A0A8Q3SI43;B7ZAY4;B4DMH5;Q5JYX0;Q9UJM1;A0A494C1M1;Q9UJM0;A0A494BZX6;A0A3B3IRV0;A0A8Q3WKT2",-1.19249224963627,29.9752507164483,-1.98689873204363,0.0557938966612179,0.146359262982623,-4.68221835028834,"P60953;B4E1U9;A0A8Q3WLC5;A0A590UJK8;A0A8Q3SI43;B7ZAY4;B4DMH5;Q5JYX0;Q9UJM1;A0A494C1M1;Q9UJM0;A0A494BZX6;A0A3B3IRV0;A0A8Q3WKT2","P60953"
"Q12979;B7Z2X0;A0A0G2JQ41;B7Z7Z1;A0A1C7CYZ0;I3L4Y1;Q6ZT60;B7Z683;I3L2P5;A0A0G2JRJ1;I3L3W0;I3NI05;A0A0G2JQT5;I3L379;A0A0G2JQB5",1.04101881086803,25.7735409408251,1.98473458646787,0.0560459990010806,0.146839804997114,-4.6860684472466,"Q12979;B7Z2X0;A0A0G2JQ41;B7Z7Z1;A0A1C7CYZ0;I3L4Y1;Q6ZT60;B7Z683;I3L2P5;A0A0G2JRJ1;I3L3W0;I3NI05;A0A0G2JQT5;I3L379;A0A0G2JQB5","Q12979"
"P27797;Q53G71;V9HW88;K7EL50;A0A7P0T861;B4DHR1;K7EJB9;B4E2Y9;A0A0F7WAP3;A0A142IKA1;A0A142IK94",1.08432821165727,27.6875827379919,1.98446848682088,0.0560770656406483,0.146839804997114,-4.68654162545414,"P27797;Q53G71;V9HW88;K7EL50;A0A7P0T861;B4DHR1;K7EJB9;B4E2Y9;A0A0F7WAP3;A0A142IKA1;A0A142IK94","P27797"
"Q14166;Q9BR23;V9GY16",-1.0797607090543,26.0343758495763,-1.98411530316815,0.0561183223971015,0.146839804997114,-4.68716958088214,"Q14166;Q9BR23;V9GY16","Q14166"
"O00178;B0QY59;B2RDW9",-1.25010965263936,23.4610203384917,-1.98337191222004,0.0562052473875738,0.146943978710681,-4.68849103780521,"O00178;B0QY59;B2RDW9","O00178"
"G5E9Q6;B4DNH1;P35080;C9JQ45;C9J0J7;C9J2N0;C9J712;C9J5V8;F2Z3G0",-1.35168676477339,24.424457985948,-1.97979845999099,0.0566247349787511,0.147916707201612,-4.69483790249546,"G5E9Q6;B4DNH1;P35080;C9JQ45;C9J0J7;C9J2N0;C9J712;C9J5V8;F2Z3G0","G5E9Q6"
"Q13496;A8K6P5;A0A8I5QJL1;B7Z499;A0A8I5KZ76;A0A8I5KRS4;A0A8I5QJV9;A0A8I5KW93;B7Z8W1;A0A8I5KQR6;A0A8I5KVB1;A0A8I5KZ85;A0A6Q8PHS7;Q13614;A0A6Q8PGS5;C9JEX3;B4DDL6;A0A6Q8PHL9;A8K5G2;A0A8I5KYA6",-1.14384178368949,23.6604549904727,-1.97742793956125,0.056904515391111,0.148523166112866,-4.69904334951211,"Q13496;A8K6P5;A0A8I5QJL1;B7Z499;A0A8I5KZ76;A0A8I5KRS4;A0A8I5QJV9;A0A8I5KW93;B7Z8W1;A0A8I5KQR6;A0A8I5KVB1;A0A8I5KZ85;A0A6Q8PHS7;Q13614;A0A6Q8PGS5;C9JEX3;B4DDL6;A0A6Q8PHL9;A8K5G2;A0A8I5KYA6","Q13496"
"P61758;Q6FH24",1.04589594749358,26.3445948611457,1.97685248295869,0.0569726152278792,0.148576577672036,-4.70006365781273,"P61758;Q6FH24","P61758"
"P14314;K7ELL7;B4DJQ5;A0A0S2Z4D8;A0A0S2Z4W7;A0A0S2Z4A0;A2VCQ4;A0A0C4DGP4;K7EKX1;K7EJ70;K7EPW7;A0A7I2V2T6",1.07861173106991,26.1600329993755,1.97552438852333,0.0571300540333303,0.148862688830373,-4.7024175487796,"P14314;K7ELL7;B4DJQ5;A0A0S2Z4D8;A0A0S2Z4W7;A0A0S2Z4A0;A2VCQ4;A0A0C4DGP4;K7EKX1;K7EJ70;K7EPW7;A0A7I2V2T6","P14314"
"Q96KG9;E9PPN3;E9PS17;E9PK59;H0YCI6",1.05571022904163,23.8274356851606,1.97298209163509,0.0574324889272674,0.149525820504296,-4.70692006200997,"Q96KG9;E9PPN3;E9PS17;E9PK59;H0YCI6","Q96KG9"
"P45985;B7ZA62;B7Z9Y5;B4DH44",-1.20929721378555,23.5916129629131,-1.96841950653589,0.0579787613316724,0.150822148952032,-4.71498934793712,"P45985;B7ZA62;B7Z9Y5;B4DH44","P45985"
"P07355;A0A024R5Z7;V9HW65;H0YMW4;H0YN42;H0YMU9;H0YMD0;H0YM50;H0YL33;B3KRQ1;H0YKS4;H0YNB8;H0YNP5;H0YN28;B4DNH8;A0A7I2V4P4;H0YMM1;H0YKX9;H0YMT9;H0YLV6;H0YKZ7;H0YNA0;H0YKL9;H0YKV8;H0YMD9;H0YKN4;H0YLE2",-1.03154539498116,33.8653787823447,-1.9612529961618,0.0588459388434263,0.152918852723881,-4.72763467571722,"P07355;A0A024R5Z7;V9HW65;H0YMW4;H0YN42;H0YMU9;H0YMD0;H0YM50;H0YL33;B3KRQ1;H0YKS4;H0YNB8;H0YNP5;H0YN28;B4DNH8;A0A7I2V4P4;H0YMM1;H0YKX9;H0YMT9;H0YLV6;H0YKZ7;H0YNA0;H0YKL9;H0YKV8;H0YMD9;H0YKN4;H0YLE2","P07355"
"Q96C90;F5GXC4;F5H2U0;B5MC51",-1.11403605264982,23.8790502358318,-1.96095017750661,0.0588828285095803,0.152918852723881,-4.72816821310272,"Q96C90;F5GXC4;F5H2U0;B5MC51","Q96C90"
"P00813;F5GWI4;A0A8Q3WKY2;A0A8Q3SIG8;A0A8Q3WM84;A0A8Q3SI46;A0A8Q3SIC0;A0A8Q3WKZ4;A0A8Q3SIC7;A0A8Q3SIA9;A0A8Q3SIH0;A0A8Q3WKZ9;X5D767;A0A0S2Z381;A0A8Q3WL01;A0A8Q3SJ63;A0A8Q3WM09;A0A8Q3WKZ5;A0A8Q3WKZ6;A0A8Q3WKZ1;F5GXW0;A0A8Q3SI69;A0A8Q3WKX8;A0A8Q3WLK2;A0A8Q3WKW4;A0A8Q3SJ50;A0A8Q3SI64;A0A0S2Z3B9;A0A8Q3WL06;A0A0S2Z3T6;A0A8Q3WLJ0;A0A8Q3WM58;A0A8Q3WKX5",-1.19634811150061,23.5480311389638,-1.95833796379166,0.0592018876166854,0.153619540329818,-4.73276802995386,"P00813;F5GWI4;A0A8Q3WKY2;A0A8Q3SIG8;A0A8Q3WM84;A0A8Q3SI46;A0A8Q3SIC0;A0A8Q3WKZ4;A0A8Q3SIC7;A0A8Q3SIA9;A0A8Q3SIH0;A0A8Q3WKZ9;X5D767;A0A0S2Z381;A0A8Q3WL01;A0A8Q3SJ63;A0A8Q3WM09;A0A8Q3WKZ5;A0A8Q3WKZ6;A0A8Q3WKZ1;F5GXW0;A0A8Q3SI69;A0A8Q3WKX8;A0A8Q3WLK2;A0A8Q3WKW4;A0A8Q3SJ50;A0A8Q3SI64;A0A0S2Z3B9;A0A8Q3WL06;A0A0S2Z3T6;A0A8Q3WLJ0;A0A8Q3WM58;A0A8Q3WKX5","P00813"
"Q8NCW5;B4DP80;A0A7P0TAG8;A0A7P0T9Y2;Q5T3I4;Q6PGN4;Q5T3I3;A0A7P0Z426;A0A7P0TA18",-1.04008625905656,26.6668607834994,-1.95616128649628,0.059468897804935,0.15393243070504,-4.73659728195524,"Q8NCW5;B4DP80;A0A7P0TAG8;A0A7P0T9Y2;Q5T3I4;Q6PGN4;Q5T3I3;A0A7P0Z426;A0A7P0TA18","Q8NCW5"
"P19525;A0A7P0TAL9;Q8IW76;A0A7P0TBA9;B7ZKK7;Q05CP4;A0A7P0Z4M0;Q6PK38",-1.14482979524096,23.9567528012753,-1.95590608793895,0.0595002711951937,0.15393243070504,-4.73704601561395,"P19525;A0A7P0TAL9;Q8IW76;A0A7P0TBA9;B7ZKK7;Q05CP4;A0A7P0Z4M0;Q6PK38","P19525"
"J3KN01;H0Y8U8;A0A804HJ20;P55196;A0A1P7ZIN0;A8MQ02;G1UI22;Q5TIG5;H0Y948;H0Y7R8;Q96C95;H0Y8L4;E9PFY5;F8W9I4;H0YA98;H0Y9I0;Q1WD23",-1.05982900297908,27.1608991585888,-1.95589568793435,0.0595015500476901,0.15393243070504,-4.73706430171319,"J3KN01;H0Y8U8;A0A804HJ20;P55196;A0A1P7ZIN0;A8MQ02;G1UI22;Q5TIG5;H0Y948;H0Y7R8;Q96C95;H0Y8L4;E9PFY5;F8W9I4;H0YA98;H0Y9I0;Q1WD23","J3KN01"
"P14174;I4AY87;A6MUU8",-1.11810332616372,31.5513309208507,-1.95574662985006,0.059519881830804,0.15393243070504,-4.73732637896876,"P14174;I4AY87;A6MUU8","P14174"
"Q8IZP0;A0A0A0MRT6;B6VEX3;B6VEX4;B6VEX5;Q59G41;B4DKX2;B7Z9E9;B7Z5L1;B7Z612;B4DG63;Q53SH3;Q13802;H0Y6B5;B4DMM5;B4DSH8;B7ZAM8;B7Z617",-1.05049284293367,27.852012158153,-1.9549572406604,0.059617046123302,0.154055979170322,-4.73871404215186,"Q8IZP0;A0A0A0MRT6;B6VEX3;B6VEX4;B6VEX5;Q59G41;B4DKX2;B7Z9E9;B7Z5L1;B7Z612;B4DG63;Q53SH3;Q13802;H0Y6B5;B4DMM5;B4DSH8;B7ZAM8;B7Z617","Q8IZP0"
"P50895;A0A1A9C7B7;I7L574;I7KDP0;G0TQY6;A0A0A1TTQ0;A0A068W6H0;A0A087WXM8;D0AB07;A0A6B9LT91;A0A1Z1VXG4;A0A172M5V3;K7ENU8;A0A1Z1VXG5",1.41448069804836,23.9345371937289,1.95447068432835,0.0596770040455624,0.154083257962011,-4.73956914031625,"P50895;A0A1A9C7B7;I7L574;I7KDP0;G0TQY6;A0A0A1TTQ0;A0A068W6H0;A0A087WXM8;D0AB07;A0A6B9LT91;A0A1Z1VXG4;A0A172M5V3;K7ENU8;A0A1Z1VXG5","P50895"
"Q92734;A0A6Q8PG00;A0A6Q8PFY7;Q7Z426;A0A6Q8PF40;Q05BK6;A0A6Q8PGS4;A0A6Q8PG04;A0A6Q8PH27;A0A6Q8PH89;A0A6Q8PFC4;Q8TDJ5;C9JJP5;C9JUE0;Q7Z427;A0A6Q8PF51;C9JTY3",1.03858721177691,27.350244305091,1.9521860062532,0.0599592448096972,0.154683940911038,-4.74358213557404,"Q92734;A0A6Q8PG00;A0A6Q8PFY7;Q7Z426;A0A6Q8PF40;Q05BK6;A0A6Q8PGS4;A0A6Q8PG04;A0A6Q8PH27;A0A6Q8PH89;A0A6Q8PFC4;Q8TDJ5;C9JJP5;C9JUE0;Q7Z427;A0A6Q8PF51;C9JTY3","Q92734"
"P27824;A0A7P0TAE9;A0A7P0T937;A0A7P0TB65;A0A7P0Z4D6;A0A7P0T840;A0A7P0T8G1;A0A7P0T9L0;A0A7P0Z484;A0A7P0TAR9;D6RGY2;A0A7P0Z4H2;Q16094;A0A7P0TAN9;A0A7P0T8N1;D6RAU8;Q6ZP56;D6RAQ8;D6RFL1;D6RD16",1.11581816530999,27.6165445676532,1.94597346152892,0.0607325960257191,0.156549559507618,-4.75447590124009,"P27824;A0A7P0TAE9;A0A7P0T937;A0A7P0TB65;A0A7P0Z4D6;A0A7P0T840;A0A7P0T8G1;A0A7P0T9L0;A0A7P0Z484;A0A7P0TAR9;D6RGY2;A0A7P0Z4H2;Q16094;A0A7P0TAN9;A0A7P0T8N1;D6RAU8;Q6ZP56;D6RAQ8;D6RFL1;D6RD16","P27824"
"P34896;Q53ET7;Q9UMC9;B4DZB5",-1.09119775715259,23.198344301099,-1.94478044439713,0.0608820933031611,0.156805325361321,-4.75656477741487,"P34896;Q53ET7;Q9UMC9;B4DZB5","P34896"
"P00441;V9HWC9;H7BYH4;W8Q444;X5CN18;X5CHU1;A1YYW4;X5D5A9",1.17279125115097,25.5716905016927,1.94244012846381,0.0611762876747197,0.157433037341131,-4.76065958269111,"P00441;V9HWC9;H7BYH4;W8Q444;X5CN18;X5CHU1;A1YYW4;X5D5A9","P00441"
"Q8N142;B3KTV4",-1.09104137875608,23.0714557338486,-1.93959230546602,0.0615359437212288,0.158228036658296,-4.76563718107714,"Q8N142;B3KTV4","Q8N142"
"P14550;V9HWI0;Q5T621;V9GYG2;V9GYP9",-1.02752054412921,28.2114071796216,-1.93910696323749,0.0615974210724722,0.158255647714202,-4.76648492396618,"P14550;V9HWI0;Q5T621;V9GYG2;V9GYP9","P14550"
"P14635;E9PC90;H1UBN2;Q9BWU8;Q9BWV0;Q9BWU9;Q9BWU7;Q9BPX9;H0YA62;D6RHI0",1.10513967850046,23.8799889209692,1.92601604782636,0.0632758476304433,0.162370559974992,-4.78928820047222,"P14635;E9PC90;H1UBN2;Q9BWU8;Q9BWV0;Q9BWU9;Q9BWU7;Q9BPX9;H0YA62;D6RHI0","P14635"
"Q9H223;A8K9B9",-1.06440925072731,28.7613773616033,-1.92580541493114,0.063303174392302,0.162370559974992,-4.78965411822493,"Q9H223;A8K9B9","Q9H223"
"Q01628;E9PS44;H9NL12;H9NL19;H9NKY4;A0A7P0TB91;A0A7P0T8W2;R4GNG9;A0A7P0T9U8;A0A7P0TB46;A0A7P0TBF9;C9JQL5",-0.997321771553509,28.2909180771871,-1.92344256677349,0.0636104232916325,0.163024577030897,-4.79375678210087,"Q01628;E9PS44;H9NL12;H9NL19;H9NKY4;A0A7P0TB91;A0A7P0T8W2;R4GNG9;A0A7P0T9U8;A0A7P0TB46;A0A7P0TBF9;C9JQL5","Q01628"
"A0A804F729;A0A804F6T5;A0A4D6DDG8",-1.11805007959093,23.1486164561651,-1.92121458907461,0.0639013169179361,0.163635638314485,-4.79762165484141,"A0A804F729;A0A804F6T5;A0A4D6DDG8","A0A804F729"
"Q92841;A0A1X7SBZ2;A0A5H1ZRQ2;Q59F66;B4DZQ7;J3KRZ1;J3QSF1;A0A0U1RQJ0",-1.07477985356397,26.1150202674746,-1.92028109182986,0.0640235400462091,0.163744214957508,-4.79923994933908,"Q92841;A0A1X7SBZ2;A0A5H1ZRQ2;Q59F66;B4DZQ7;J3KRZ1;J3QSF1;A0A0U1RQJ0","Q92841"
"P61073;A0A8Q3WLL1;A0A8Q3WL10;A0A0U3FJG0;A0A0U3GXA9",1.14126490932716,23.8282955730039,1.92008900565549,0.0640487150523114,0.163744214957508,-4.79957287012169,"P61073;A0A8Q3WLL1;A0A8Q3WL10;A0A0U3FJG0;A0A0U3GXA9","P61073"
"P49792;A0A8V8TMN6;A0A8V8TLN4;A6NKT7;Q13073;A0A8V8TLA0;A0A8V8TL79;J3KNE0",-1.14330032748533,23.9771200563155,-1.91817664631132,0.0642998185281186,0.164139697005672,-4.80288591816885,"P49792;A0A8V8TMN6;A0A8V8TLN4;A6NKT7;Q13073;A0A8V8TLA0;A0A8V8TL79;J3KNE0","P49792"
"P35052;A0A384NPH9;H7C410;H7C024;Q53EX3;Q59GI7;C9J4Y6;H7BZE9;H7BZL4",0.988108589823774,25.1264991480465,1.91799789244093,0.0643233334006701,0.164139697005672,-4.80319546628723,"P35052;A0A384NPH9;H7C410;H7C024;Q53EX3;Q59GI7;C9J4Y6;H7BZE9;H7BZL4","P35052"
"P55786;E9PLK3;B7Z899;B7Z4B2;A0A7I2V3W8;A0A7I2V389;B3KU93;A0A8V8TQ95;B7Z1H4;B3KTP2;B7Z1V9;E9PPZ2;A6NEC2;B7Z6T6;A0A7I2V604;E9PP11;H0YDG0;A0A7I2V5D4;E9PPD4;B4DGH6;E9PJY4;H0YCQ5;A0A7I2YQS3;A0A7I2V5M8;E9PJF9;A0A7I2V3D7;E9PI82",-1.03338335221173,28.9646480019977,-1.91691211570658,0.0644663260946721,0.164139697005672,-4.80507522011587,"P55786;E9PLK3;B7Z899;B7Z4B2;A0A7I2V3W8;A0A7I2V389;B3KU93;A0A8V8TQ95;B7Z1H4;B3KTP2;B7Z1V9;E9PPZ2;A6NEC2;B7Z6T6;A0A7I2V604;E9PP11;H0YDG0;A0A7I2V5D4;E9PPD4;B4DGH6;E9PJY4;H0YCQ5;A0A7I2YQS3;A0A7I2V5M8;E9PJF9;A0A7I2V3D7;E9PI82","P55786"
"P78417;V9HWG9;B2R983;Q5TA02;Q5TA01",0.977957372810739,28.2875145306508,1.91674058602875,0.064488941049682,0.164139697005672,-4.80537210497076,"P78417;V9HWG9;B2R983;Q5TA02;Q5TA01","P78417"
"P51114;E9PFF5;B4DM21;A0A8V8TNP6;A0A0F7L0Q8;B4DXZ6;A0A0F7L1S3;A0A8V8TMQ1;A0A0F7KYT8;B4DM78;E7EU85;B4DGH9;C9JAJ4",1.21634775623209,24.1694175981639,1.91651413140059,0.0645188079793677,0.164139697005672,-4.80576402242967,"P51114;E9PFF5;B4DM21;A0A8V8TNP6;A0A0F7L0Q8;B4DXZ6;A0A0F7L1S3;A0A8V8TMQ1;A0A0F7KYT8;B4DM78;E7EU85;B4DGH9;C9JAJ4","P51114"
"Q86X83;F8WBW1;F8WC41",-1.05957470009178,23.02465856294,-1.91651144224712,0.064519162721691,0.164139697005672,-4.80576867623955,"Q86X83;F8WBW1;F8WC41","Q86X83"
"P08754",-1.03650521091359,30.624801269147,-1.91162152136253,0.0651670196512259,0.165652758184331,-4.8142226249506,"P08754","P08754"
"Q5T013;H0YB70;G4XUV3;J9JIE9;F6UJY1;H0YB18;Q5T017;F6UJY9;A0A0A0MTR5;E7EWH8",1.15939182495904,23.5180906229482,1.90658620126687,0.0658400118169653,0.167227196137716,-4.82291021733274,"Q5T013;H0YB70;G4XUV3;J9JIE9;F6UJY1;H0YB18;Q5T017;F6UJY9;A0A0A0MTR5;E7EWH8","Q5T013"
"Q9NR31;Q6FID4;Q5SQT9;Q8NG23;B2R679;H0Y5E8",1.3976191642608,24.770024738838,1.9061200460231,0.0659026181776607,0.167250013096927,-4.82371357831651,"Q9NR31;Q6FID4;Q5SQT9;Q8NG23;B2R679;H0Y5E8","Q9NR31"
"Q9NZH0;B7Z2X6;B7Z440;B7Z2G0;B7Z9M4;B7Z831",1.35128303772295,24.0930889766031,1.90392782073962,0.066197732352179,0.167862379842639,-4.82748953572576,"Q9NZH0;B7Z2X6;B7Z440;B7Z2G0;B7Z9M4;B7Z831","Q9NZH0"
"Q9UQ13;A0A8I5KUD9;A0A8I5QJS4;A0A8I5KUQ6;X6RI37;B4DDN9",-1.20793246867732,24.7459368301566,-1.90169758912868,0.0664991336828745,0.168489681524684,-4.83132744745623,"Q9UQ13;A0A8I5KUD9;A0A8I5QJS4;A0A8I5KUQ6;X6RI37;B4DDN9","Q9UQ13"
"Q15042;B9A6J2;A0A8J9AUI2;A0A8I5KRH8;A0A8I5KT44;A0A8I5KW23;C9J1R5;A0A8I5KWG9;A0A8I5KSB6",-1.22980544073718,24.2102647856125,-1.90084351471051,0.0666148697342393,0.168645924270367,-4.83279625040631,"Q15042;B9A6J2;A0A8J9AUI2;A0A8I5KRH8;A0A8I5KT44;A0A8I5KW23;C9J1R5;A0A8I5KWG9;A0A8I5KSB6","Q15042"
"Q13509;Q9BV28;Q53G92;B2RBD5;A0A0B4J269;Q3ZCR3;G3V2A3;G3V5W4;G3V2R8;G3V3R4;G3V2N6;G3V3J6;G3V3W7",-1.08444239637109,26.5977353474099,-1.89456044071436,0.0674716503334273,0.170676461792344,-4.84358564687524,"Q13509;Q9BV28;Q53G92;B2RBD5;A0A0B4J269;Q3ZCR3;G3V2A3;G3V5W4;G3V2R8;G3V3R4;G3V2N6;G3V3J6;G3V3W7","Q13509"
"P41226",1.06724243147057,23.6970834038674,1.89358271073932,0.0676058281160725,0.170877291648323,-4.84526208796732,"P41226","P41226"
"P30520;A0A024R5Q7;B4E1L0;G3V5D8;G3V232",-1.02252563929681,27.8394083468736,-1.89004528072264,0.0680932083057985,0.171969811097802,-4.8513217512599,"P30520;A0A024R5Q7;B4E1L0;G3V5D8;G3V232","P30520"
"P13861;A0A0S2Z472;A8KAH7;A0A024R2W3;A0A9L9PY56;A0A9L9PXM7;A0A9L9PXB4;H7C330;A0A9L9PY59;H7C1L0;A0A9L9PXP9;A0A9L9PXB0;C9J830;A0A0K0K1I3;H7C4A9;O60380",-1.03294257917663,26.4640233794579,-1.88811748915296,0.0683600888134815,0.17250413997512,-4.85462031647338,"P13861;A0A0S2Z472;A8KAH7;A0A024R2W3;A0A9L9PY56;A0A9L9PXM7;A0A9L9PXB4;H7C330;A0A9L9PY59;H7C1L0;A0A9L9PXP9;A0A9L9PXB0;C9J830;A0A0K0K1I3;H7C4A9;O60380","P13861"
"H7BXI1;A0A499FIX8;A0FGR8",1.0465222891427,25.5657931800483,1.88574020997234,0.0686904367278234,0.173197633107584,-4.85868431917803,"H7BXI1;A0A499FIX8;A0FGR8","H7BXI1"
"Q04446;Q59ET0;E9PGM4;B4DUF1;B4DNJ3",1.02363255834636,27.1153132046421,1.88301172874037,0.0690712824056875,0.174017229259563,-4.86334371883945,"Q04446;Q59ET0;E9PGM4;B4DUF1;B4DNJ3","Q04446"
"A0A1B0GTW6;Q9H4G0;A0A0C4DH22;Q7Z3C9",-1.0797551438658,26.5409903418575,-1.87900666518664,0.0696336090467604,0.175292354008754,-4.87017345566843,"A0A1B0GTW6;Q9H4G0;A0A0C4DH22;Q7Z3C9","A0A1B0GTW6"
"E7EQL5;E9PGG1;E7ETL8;E7EQU2;E7EV09",1.06671315397275,24.229727980842,1.87611390983308,0.0700422105201126,0.176178753719541,-4.87509923780768,"E7EQL5;E9PGG1;E7ETL8;E7EQU2;E7EV09","E7EQL5"
"Q6UWE0;A0A6Q8PGT8;A0A6Q8PFL5;A0A6Q8PGW1;A0A6Q8PG02;A0A6Q8PGF7;A0A6Q8PGB2;A0A6Q8PFT9;A0A6Q8PFI6;A0A6Q8PH70;A0A6Q8PFW1;A0A6Q8PFL1;A0A6Q8PHH6;A0A6Q8PF55",0.987634334489538,24.3768783617011,1.87512636928371,0.0701821721555481,0.17638855354807,-4.87677944442305,"Q6UWE0;A0A6Q8PGT8;A0A6Q8PFL5;A0A6Q8PGW1;A0A6Q8PG02;A0A6Q8PGF7;A0A6Q8PGB2;A0A6Q8PFT9;A0A6Q8PFI6;A0A6Q8PH70;A0A6Q8PFW1;A0A6Q8PFL1;A0A6Q8PHH6;A0A6Q8PF55","Q6UWE0"
"B3KUB6;H7C2K6;X6RC15;H0Y482;Q4VXN2;Q29RW3",-1.17840540092075,23.4004166185372,-1.87421705155956,0.0703112601943738,0.176508000906109,-4.87832594220371,"B3KUB6;H7C2K6;X6RC15;H0Y482;Q4VXN2;Q29RW3","B3KUB6"
"Q14156;A0A1B0GUZ7;A2VDI4;B4DG97;B4DZ89;A0PJL1;E5RJS1;Q9Y2G0;H7BXG9;E7ESK9;B3KT90",-1.00232634719409,27.5596835028668,-1.87399452993789,0.0703428807714954,0.176508000906109,-4.87870429932482,"Q14156;A0A1B0GUZ7;A2VDI4;B4DG97;B4DZ89;A0PJL1;E5RJS1;Q9Y2G0;H7BXG9;E7ESK9;B3KT90","Q14156"
"Q14980;Q4LE64;Q59HB8;F5H4J1;A8K394;Q7Z757;Q3SYK8;F5H6Y5;Q96HN5;H0YFY6;K4DIE0;Q9UPG3",-1.07805012306848,24.2378472670325,-1.8719821889782,0.0706293926624053,0.176971453365167,-4.88212429739503,"Q14980;Q4LE64;Q59HB8;F5H4J1;A8K394;Q7Z757;Q3SYK8;F5H6Y5;Q96HN5;H0YFY6;K4DIE0;Q9UPG3","Q14980"
"P31431;M1VE83;M1VKI3;B4E1S6;M1VRM8",0.994835826228925,26.1513971612212,1.87182648144712,0.07065160367116,0.176971453365167,-4.8823888027695,"P31431;M1VE83;M1VKI3;B4E1S6;M1VRM8","P31431"
"P63151;A0A140VJT0;Q56VW8;A0A590UJY3;A0A590UJJ1;Q66LE6;E5RFR9;E5RIY1;Q6PEG1;Q6IN90;Q00005;B3KMA9;H0YB06;Q59GC6;Q9Y2T4;Q9NZ48;E5RJV2;E5RHQ2",-0.977733492545209,26.3547976975021,-1.87150277898864,0.0706977976572612,0.176971453365167,-4.88293863065196,"P63151;A0A140VJT0;Q56VW8;A0A590UJY3;A0A590UJJ1;Q66LE6;E5RFR9;E5RIY1;Q6PEG1;Q6IN90;Q00005;B3KMA9;H0YB06;Q59GC6;Q9Y2T4;Q9NZ48;E5RJV2;E5RHQ2","P63151"
"Q9NZJ9;A0A024RBG1;B2RE29",0.994293160599113,23.7839486927609,1.86729105796506,0.0713012028477965,0.178328458815862,-4.89008560957854,"Q9NZJ9;A0A024RBG1;B2RE29","Q9NZJ9"
"O15511;B1ALC0;B3KTE1;Q6IPM3",-0.979365984593279,29.6463035968815,-1.86692223561472,0.071354253479383,0.178328458815862,-4.8907108649974,"O15511;B1ALC0;B3KTE1;Q6IPM3","O15511"
"P62328;A2VCK8;Q0P5T0;Q0P5U7;Q0P5Q0;Q0P5P4;Q0P5N8",-1.00719969544736,29.0434509597578,-1.86586359874948,0.0715067140301285,0.178566405972755,-4.89250500096937,"P62328;A2VCK8;Q0P5T0;Q0P5U7;Q0P5Q0;Q0P5P4;Q0P5N8","P62328"
"Q92882;A8K646",-1.05026194792699,27.1346958558901,-1.86464466952977,0.0716826058337242,0.178862438076309,-4.89456979263278,"Q92882;A8K646","Q92882"
"A0A383S3Z9",-1.17304667187149,23.1239988579871,-1.86150677038674,0.0721371163573637,0.179852650614402,-4.89988026727408,"A0A383S3Z9","A0A383S3Z9"
"P50148;A0A024R240;G9FP35;B1AM21;B7Z581;P19086;B4DEJ3;Q8N652;Q8IY73",-0.981881532562269,29.5697101469846,-1.85995227213844,0.0723631935839433,0.180272205102491,-4.90250841278375,"P50148;A0A024R240;G9FP35;B1AM21;B7Z581;P19086;B4DEJ3;Q8N652;Q8IY73","P50148"
"A6NI79;H0YBY5;Q7L2X4",-0.949767823119036,23.6565828014669,-1.85830857527367,0.0726029046985417,0.180725027737232,-4.90528546348816,"A6NI79;H0YBY5;Q7L2X4","A6NI79"
"P40939;E9KL44;H0YFD6;B4DDZ5;B4DRH6;A0A2R8Y4F5;A0A2R8Y688;A0A2R8YG21",-1.00142426855383,23.5254294095435,-1.85761108678854,0.0727048298126257,0.180749588913069,-4.90646329024698,"P40939;E9KL44;H0YFD6;B4DDZ5;B4DRH6;A0A2R8Y4F5;A0A2R8Y688;A0A2R8YG21","P40939"
"Q9UBN6",-0.932872837583322,23.3238640465385,-1.85744803891505,0.0727286739614945,0.180749588913069,-4.90673857327734,"Q9UBN6","Q9UBN6"
"Q9UKV8;A4FVC0;Q9H9G7;Q9HCK5;A8KA05;Q9NXV9;B4DY67;B4E1P5",-1.21289964218378,23.9343804764524,-1.85454412746414,0.0731544678700217,0.181461901522296,-4.9116381892379,"Q9UKV8;A4FVC0;Q9H9G7;Q9HCK5;A8KA05;Q9NXV9;B4DY67;B4E1P5","Q9UKV8"
"P35232;C9JZ20;Q6PUJ7;Q6FHP5;Q53FV0;A8K401;E7ESE2;E9PCW0;C9JW96;Q9BSE8",1.65392236619437,24.5250587027705,1.85441262209969,0.0731738007114285,0.181461901522296,-4.91185992674213,"P35232;C9JZ20;Q6PUJ7;Q6FHP5;Q53FV0;A8K401;E7ESE2;E9PCW0;C9JW96;Q9BSE8","P35232"
"Q96J02;A0A590UJW8;A0A8V8TKK4;A0A590UJQ1;A0A590UK44;B4DN85;Q59ER4;A0A590UK95;A0A1W2PNZ8;A0A590UIY0;A0A8V8TKI4;H0YBS9",-1.03735180998344,26.1903836649751,-1.85430362736617,0.0731898275457033,0.181461901522296,-4.91204369849686,"Q96J02;A0A590UJW8;A0A8V8TKK4;A0A590UJQ1;A0A590UK44;B4DN85;Q59ER4;A0A590UK95;A0A1W2PNZ8;A0A590UIY0;A0A8V8TKI4;H0YBS9","Q96J02"
"O43865;A0A024R0A8;Q2NKW8;Q6ZMM9;Q9BTL0;O43210;Q6ZMI1",-1.0064718226211,26.4785350869001,-1.84613832750493,0.0743990635187713,0.18431348619146,-4.9257863947648,"O43865;A0A024R0A8;Q2NKW8;Q6ZMM9;Q9BTL0;O43210;Q6ZMI1","O43865"
"F5GZG1;F5H823",-1.0582973809531,23.183319789242,-1.84493469348706,0.0745787549652479,0.184612013283022,-4.92780809073816,"F5GZG1;F5H823","F5GZG1"
"Q9BW34",1.26464225126362,24.3429085449688,1.84234756322641,0.0749662482768781,0.185424051051216,-4.93215002516411,"Q9BW34","Q9BW34"
"P84022;H3BQ00;Q59F45;H3BVD1;B7Z725;H0YNV1;H0YKE2;Q68DS8",1.08218992336233,25.7818806981554,1.84108941253758,0.0751553128912518,0.185744390576715,-4.93425979730931,"P84022;H3BQ00;Q59F45;H3BVD1;B7Z725;H0YNV1;H0YKE2;Q68DS8","P84022"
"B4E1Z4;A0A1U9X7I0;H7C5H1;A0A1U9X7H2;A0A1U9X7H4;A0A1U9X7H5;A0A1U9X7H6;A0A1U9X7H7;A0A1U9X7H8;P00751;A0A8V8TNU0;A0A7I6GV09;A0A7I6GV05;A0A8V8TMI9;A0A0G2JH38;D2KT85;D2KT84;A0A7R5SDN9;B4E1Z1;A0A678MA98;Q53GZ8;A0A1U9X8W4;A0A1U9X8X3;Q53HP3;A0A1U9X8X9;Q5JP69;B4DV48;A0A8Q3WKM6;P06681;A0A0G2JL69;Q8N6L6;C9JYQ5;A0A0G2JHM4;A2ABG0;A0A0G2JJ82;A0A7R5SDN4;A0A7R5SDM2;A0A0G2JK28;A0A0G2JI59;A0A0G2JIE7;H0Y3H6;A0A8Q3WKM9;Q95IG1;A0A8Q3WKN5;F2Z3N2;A0A8Q3WL70",-1.08237902903896,24.276654296818,-1.84000209919063,0.0753190341581047,0.186001637006436,-4.93608216701827,"B4E1Z4;A0A1U9X7I0;H7C5H1;A0A1U9X7H2;A0A1U9X7H4;A0A1U9X7H5;A0A1U9X7H6;A0A1U9X7H7;A0A1U9X7H8;P00751;A0A8V8TNU0;A0A7I6GV09;A0A7I6GV05;A0A8V8TMI9;A0A0G2JH38;D2KT85;D2KT84;A0A7R5SDN9;B4E1Z1;A0A678MA98;Q53GZ8;A0A1U9X8W4;A0A1U9X8X3;Q53HP3;A0A1U9X8X9;Q5JP69;B4DV48;A0A8Q3WKM6;P06681;A0A0G2JL69;Q8N6L6;C9JYQ5;A0A0G2JHM4;A2ABG0;A0A0G2JJ82;A0A7R5SDN4;A0A7R5SDM2;A0A0G2JK28;A0A0G2JI59;A0A0G2JIE7;H0Y3H6;A0A8Q3WKM9;Q95IG1;A0A8Q3WKN5;F2Z3N2;A0A8Q3WL70","B4E1Z4"
"Q969X5;B4E0N6;A0A8I5KS17",-1.04096125884532,23.3044518280484,-1.83840617843751,0.0755598913935009,0.186448814285071,-4.93875541880087,"Q969X5;B4E0N6;A0A8I5KS17","Q969X5"
"Q96RF0",-1.09977466184967,23.5640510463188,-1.83361692068932,0.0762866493549953,0.188093327540103,-4.9467665350471,"Q96RF0","Q96RF0"
"P62841;K7ELC2;K7EM56;A0A0B4J2B4;K7EJ78;S4R417;K7EQJ5;S4R456",-1.16456327746028,25.2859956326846,-1.83310901615041,0.0763640720760683,0.188135498266396,-4.94761513894627,"P62841;K7ELC2;K7EM56;A0A0B4J2B4;K7EJ78;S4R417;K7EQJ5;S4R456","P62841"
"Q9HB63;A8K3H6;A0A6I8PS14;B2RE43;F8W0I7",1.02721977421817,25.0839948116608,1.83202472260357,0.0765295818415979,0.188394448116767,-4.94942614006131,"Q9HB63;A8K3H6;A0A6I8PS14;B2RE43;F8W0I7","Q9HB63"
"P02788;E7EQB2;V9HWI4;A0A161I202;E7ER44;B3VMW0;A8K494;Q5EK51;B7ZAL5;B2MV14;Q19KS2;Q8IX02;C9JCF5;B4E1L2;A0A804HKN5",-1.26106415423828,23.7814877708422,-1.8314258723604,0.0766211235100545,0.188471044343738,-4.95042597949687,"P02788;E7EQB2;V9HWI4;A0A161I202;E7ER44;B3VMW0;A8K494;Q5EK51;B7ZAL5;B2MV14;Q19KS2;Q8IX02;C9JCF5;B4E1L2;A0A804HKN5","P02788"
"P42166;P42167;G5E972",-0.993133016562471,23.1544681392505,-1.83065810751645,0.0767386227899263,0.18861131952859,-4.95170745531201,"P42166;P42167;G5E972","P42166"
"P38919;I3L3H2",-0.993294899322244,25.3010654470202,-1.8296952355771,0.0768861990744648,0.188825240089178,-4.95331397553759,"P38919;I3L3H2","P38919"
"Q96TC7;H0YMB1;B3KUI4;H0YLG5",-0.979280063712736,23.3102364324935,-1.82396048095007,0.0777701795889667,0.190845940313129,-4.96286818239754,"Q96TC7;H0YMB1;B3KUI4;H0YLG5","Q96TC7"
"P01111;Q5U091",-1.62131878234086,25.8080846207766,-1.82177346805376,0.0781095742113602,0.191528114752541,-4.96650544527171,"P01111;Q5U091","P01111"
"P62256;H7C4M9;C9JZG9;C9JZY6;A4D1L5",-1.05929889898889,22.8680137405482,-1.82104168449466,0.0782234190147487,0.191562878243568,-4.96772170593307,"P62256;H7C4M9;C9JZG9;C9JZY6;A4D1L5","P62256"
"O43493;A0A5F9UY30",-0.998718147673358,23.4270200420498,-1.82089287004834,0.0782465876506269,0.191562878243568,-4.96796899491393,"O43493;A0A5F9UY30","O43493"
"P35268;Q7Z4W8;K7ERI7;K7EP65;K7EKS7;K7ELC4;K7EMH1;K7EJT5",-0.95840307164023,28.2252458700129,-1.81962883237529,0.0784436195203269,0.191894626889333,-4.97006882572467,"P35268;Q7Z4W8;K7ERI7;K7EP65;K7EKS7;K7ELC4;K7EMH1;K7EJT5","P35268"
"B2R7R4;A8K973;Q96C24;Q71SF7;B3KUZ4",-1.12848572103337,24.852880242139,-1.81399300155135,0.0793272643461225,0.193904182990248,-4.97941685156167,"B2R7R4;A8K973;Q96C24;Q71SF7;B3KUZ4","B2R7R4"
"P55145;A8K878;H7C2D6",1.07271752393685,23.8699258864058,1.80531437229205,0.0807045820192547,0.197116359685243,-4.99376623629924,"P55145;A8K878;H7C2D6","P55145"
"Q9UHB6;F8VQE1;B4DN52;Q53GG0;F8VS07;B3KTW2;F8VRN8",1.08562635839658,24.6342025845991,1.80224463484387,0.0811966073661628,0.198162925176105,-4.99882850655604,"Q9UHB6;F8VQE1;B4DN52;Q53GG0;F8VS07;B3KTW2;F8VRN8","Q9UHB6"
"P54252;D3VVP1;A0A0A0MS38;D3VVA7;D3VVM5;D3VVG9;D3VVD5;D3VVS9;D3VVS2;D3VVE0;D3VVE4;D3VVG2;D3VVH1;D3VVF8;D3VVH9;D3VVJ5;D3VVP7;D3VVQ0;D3VVC6;D3VVP6;D3VVE2;D3VVF4;D3VVL2;D3VVB0;D3VVP0;D3VVB5;D3VVB9;D3VVK0;D3VVQ4;D3VVK7;D3VVQ5;D3VVD8;D3VVN4;D3VVH5;D3VVS7;D3VVA9;D3VVS8;D3VVS0;D3VVR7;D3VVH7;D3VVT5;D3VVI9;D3VVD6;D3VVG7;D3VVJ2;D3VVH2;D3VVH8;D3VVI8;D3VVT4;D3VVP2;D3VVD7;D3VVP9;D3VVR2;G3V3R7;D3VVK5;D3VVK8;D3VVN7;D3VVI3;D3VVM7;D3VVM3;D3VVJ1;D3VVQ9;D3VVG8;D3VVG5;D3VVC7;D3VVL7;D3VVE9;D3VVQ1;F5H211;D3VVL4;D3VVF9;D3VVN1;E9PJN5;G3V526;D3VVR6;D3VVL5;D3VVI7;D3VVM4;D3VVK6;D3VVN5;G3V5H3;G3V4F4;D3VVJ0;G3V4F5;D3VVC3;D3VVS6;D3VVS4;G3V3S5;G3V4B1;D3VVK9;G3V390;D6R9I5;D3VVJ9;D3VVF1;D3VVC8;D3VVP3;D3VVP5;G3V3A6;D3VVN2;Q4VBR4;A0A2R8Y3X7;D3VVD3;D3VVQ6;D3VVQ8;D3VVB1;D3VVC9;D3VVQ2;D3VVB3;D3VVL3;G3V4U9;D3VVM6;D3VVJ8;D3VVP8;D3VVT6;D3VVG4;D3VVT0;D3VVK4;D3VVI2;D3VVD4;D3VVM2;D3VVI5;D3VVG0;D3VVR9;D3VVH4;D3VVB4;D3VVS1;D3VVK2;D3VVF6;D3VVL8;D3VVD1;D3VVN0;D3VVJ3;D3VVJ7;D3VVD2;D3VVL9;D3VVA8;D3VVC1;D3VVF5;D3VVE8;D3VVT1;G3V328;D3VVN3;D3VVP4;D3VVQ7;G3V2G1;D3VVR8;D3VVS5;D3VVH3;D3VVB8;D3VVM0;D3VVM8;D3VVL6;D3VVI1;D3VVI4;S4R399;D3VVT2;D3VVR0;D3VVE1;D3VVI0;G3V3T0;D3VVE7;D3VVG6;D3VVF2;D3VVE5;D3VVK3;D3VVF3;D3VVG1;D3VVL0;D3VVF0;D3VVC4;D3VVJ4;D3VVE6;D3VVM9;D3VVM1;C9JQV6;D3VVE3;D3VVR3;D3VVL1;D3VVR4;D3VVR5;D3VVD0;D3VVC5;D3VVK1;D3VVD9;D3VVB2;D3VVN9;D3VVF7;D3VVQ3;D3VVH0;D3VVC0;D3VVB6;D3VVC2",-0.978680410766131,23.1880017483512,-1.80149705443967,0.0813168173170789,0.198280522786105,-5.0000602805866,"P54252;D3VVP1;A0A0A0MS38;D3VVA7;D3VVM5;D3VVG9;D3VVD5;D3VVS9;D3VVS2;D3VVE0;D3VVE4;D3VVG2;D3VVH1;D3VVF8;D3VVH9;D3VVJ5;D3VVP7;D3VVQ0;D3VVC6;D3VVP6;D3VVE2;D3VVF4;D3VVL2;D3VVB0;D3VVP0;D3VVB5;D3VVB9;D3VVK0;D3VVQ4;D3VVK7;D3VVQ5;D3VVD8;D3VVN4;D3VVH5;D3VVS7;D3VVA9;D3VVS8;D3VVS0;D3VVR7;D3VVH7;D3VVT5;D3VVI9;D3VVD6;D3VVG7;D3VVJ2;D3VVH2;D3VVH8;D3VVI8;D3VVT4;D3VVP2;D3VVD7;D3VVP9;D3VVR2;G3V3R7;D3VVK5;D3VVK8;D3VVN7;D3VVI3;D3VVM7;D3VVM3;D3VVJ1;D3VVQ9;D3VVG8;D3VVG5;D3VVC7;D3VVL7;D3VVE9;D3VVQ1;F5H211;D3VVL4;D3VVF9;D3VVN1;E9PJN5;G3V526;D3VVR6;D3VVL5;D3VVI7;D3VVM4;D3VVK6;D3VVN5;G3V5H3;G3V4F4;D3VVJ0;G3V4F5;D3VVC3;D3VVS6;D3VVS4;G3V3S5;G3V4B1;D3VVK9;G3V390;D6R9I5;D3VVJ9;D3VVF1;D3VVC8;D3VVP3;D3VVP5;G3V3A6;D3VVN2;Q4VBR4;A0A2R8Y3X7;D3VVD3;D3VVQ6;D3VVQ8;D3VVB1;D3VVC9;D3VVQ2;D3VVB3;D3VVL3;G3V4U9;D3VVM6;D3VVJ8;D3VVP8;D3VVT6;D3VVG4;D3VVT0;D3VVK4;D3VVI2;D3VVD4;D3VVM2;D3VVI5;D3VVG0;D3VVR9;D3VVH4;D3VVB4;D3VVS1;D3VVK2;D3VVF6;D3VVL8;D3VVD1;D3VVN0;D3VVJ3;D3VVJ7;D3VVD2;D3VVL9;D3VVA8;D3VVC1;D3VVF5;D3VVE8;D3VVT1;G3V328;D3VVN3;D3VVP4;D3VVQ7;G3V2G1;D3VVR8;D3VVS5;D3VVH3;D3VVB8;D3VVM0;D3VVM8;D3VVL6;D3VVI1;D3VVI4;S4R399;D3VVT2;D3VVR0;D3VVE1;D3VVI0;G3V3T0;D3VVE7;D3VVG6;D3VVF2;D3VVE5;D3VVK3;D3VVF3;D3VVG1;D3VVL0;D3VVF0;D3VVC4;D3VVJ4;D3VVE6;D3VVM9;D3VVM1;C9JQV6;D3VVE3;D3VVR3;D3VVL1;D3VVR4;D3VVR5;D3VVD0;D3VVC5;D3VVK1;D3VVD9;D3VVB2;D3VVN9;D3VVF7;D3VVQ3;D3VVH0;D3VVC0;D3VVB6;D3VVC2","P54252"
"Q96JZ2;K7EP18;K7ES08;A0A087X0V9;Q96AS3",-1.03684426217658,23.7379794147222,-1.80115458665131,0.08137193625079,0.198280522786105,-5.00062442049738,"Q96JZ2;K7EP18;K7ES08;A0A087X0V9;Q96AS3","Q96JZ2"
"Q9BUF5;K7ESM5;B4DP54;B3KS31;B4E386;K7EL29;K7ESQ3;K7EQT3;K7EJ64;K7ERA8;K7EJZ4;K7ES63;K7EN98;K7EPE5",-1.02490458794195,28.2791707978196,-1.80037225994704,0.0814979681377471,0.198288260213891,-5.0019128058597,"Q9BUF5;K7ESM5;B4DP54;B3KS31;B4E386;K7EL29;K7ESQ3;K7EQT3;K7EJ64;K7ERA8;K7EJZ4;K7ES63;K7EN98;K7EPE5","Q9BUF5"
"P51648;J3QRD1;A0A5F9ZHI5;Q59H65;A0A5F9ZHN9;A0A5F9ZHZ9;A0A5F9ZI12;A0A5F9ZGX4;Q68D64;A0A5K1VW72;J3QKK9;K7EN73;J3KTG1;I3L0X1;A0A5F9ZHP6",-0.964284826347445,23.112184567477,-1.80034563559314,0.0815022602097492,0.198288260213891,-5.00195664458795,"P51648;J3QRD1;A0A5F9ZHI5;Q59H65;A0A5F9ZHN9;A0A5F9ZHZ9;A0A5F9ZI12;A0A5F9ZGX4;Q68D64;A0A5K1VW72;J3QKK9;K7EN73;J3KTG1;I3L0X1;A0A5F9ZHP6","P51648"
"Q07955;J3KTL2;Q59FA2;A0A2I7N9Y9;J3KSR8;B7Z570;A8K1L8;J3QQV5;J3KSW7",-1.06483734248762,24.7845292185078,-1.79916992258485,0.0816919869893698,0.198594939532225,-5.0038920104776,"Q07955;J3KTL2;Q59FA2;A0A2I7N9Y9;J3KSR8;B7Z570;A8K1L8;J3QQV5;J3KSW7","Q07955"
"I1SRC5;P01116;L7RSL8;Q14015;Q14014;A0A804HKM6;A0A221ZRZ5;A0A8I5KYH6;A0A221ZRZ4;Q92468;A0A8I5KQU3;G3V4K2;Q7KZ06;A0A8I5KR86;G3V5T7;A0A8I5KXN3;A0A221ZRZ1;Q96T27;Q71SP6;P78460",-0.960453161207685,29.5504597230098,-1.79017798913353,0.0831554908998231,0.201995308501985,-5.0186600231174,"I1SRC5;P01116;L7RSL8;Q14015;Q14014;A0A804HKM6;A0A221ZRZ5;A0A8I5KYH6;A0A221ZRZ4;Q92468;A0A8I5KQU3;G3V4K2;Q7KZ06;A0A8I5KR86;G3V5T7;A0A8I5KXN3;A0A221ZRZ1;Q96T27;Q71SP6;P78460","I1SRC5"
"Q15283;B4DVC0;Q59GE8;D6RBA9",0.951175671294937,25.1094233408128,1.78761490100111,0.0835767099965237,0.202860512435142,-5.02285857794618,"Q15283;B4DVC0;Q59GE8;D6RBA9","Q15283"
"P49354;B3KVN2;E9PQP6;H0YCW1;E9PPM9;E9PN85",-1.16883506180291,24.2320882802538,-1.78644801179028,0.0837690764976218,0.203073848132799,-5.02476842730378,"P49354;B3KVN2;E9PQP6;H0YCW1;E9PPM9;E9PN85","P49354"
"P10768;U3KQT1;A0A140VJJ2;X6RA14;H7BZT7",-1.00285538921676,27.2925029275355,-1.78629202716058,0.0837948196687761,0.203073848132799,-5.02502365104626,"P10768;U3KQT1;A0A140VJJ2;X6RA14;H7BZT7","P10768"
"P49023;A0A140VJQ8;A0A1B0GTU4;F5GZ78;B3KVL0;B4DRY6;A0A1B0GU60;Q59GS5;Q6ZQU7;F5H836;B4DNT9;Q9BTK0;A0A1B0GV30;REV__Q59FX6",0.999845571449175,26.6904722941163,1.78466146108105,0.0840643250125166,0.203495508771041,-5.02769052004015,"P49023;A0A140VJQ8;A0A1B0GTU4;F5GZ78;B3KVL0;B4DRY6;A0A1B0GU60;Q59GS5;Q6ZQU7;F5H836;B4DNT9;Q9BTK0;A0A1B0GV30;REV__Q59FX6","P49023"
"Q5VWZ2;B3KVW3",-0.928635216647542,22.9269165623469,-1.78445019159191,0.0840992981102505,0.203495508771041,-5.02803591700003,"Q5VWZ2;B3KVW3","Q5VWZ2"
"A0A0A7UXD1",-0.919498135580607,23.2323692138051,-1.77685240388075,0.0853652509292655,0.206398618332077,-5.0404352254139,"A0A0A7UXD1","A0A0A7UXD1"
"S5LQY8",-1.3269434061821,23.8297065356677,-1.77537460831838,0.0856133507336142,0.206838141702667,-5.04284194475544,"S5LQY8","S5LQY8"
"Q969P0;C9J8Z4;Q8NF83",-0.929182933293468,27.7074153775996,-1.77479584318982,0.0857106831505202,0.206913019153617,-5.04378407120356,"Q969P0;C9J8Z4;Q8NF83","Q969P0"
"A4D110",-0.954495997114687,23.6398084141218,-1.77393291112216,0.085855978774306,0.207103478574679,-5.04518830738269,"A4D110","A4D110"
"O94903;E5RFX7;B3KMP6;E5RG77;A8K520;H0YBG2",-1.06430867159313,23.7196910222903,-1.76827443480422,0.0868139004787407,0.209252361354863,-5.05438250375374,"O94903;E5RFX7;B3KMP6;E5RG77;A8K520;H0YBG2","O94903"
"Q6DKJ4;A0A0G2JQK5;I3L4V6;B4DNN6;A0A0C4DGI2",1.11043399987211,24.5328680460245,1.76773931505865,0.0869049572455623,0.209310086215374,-5.05525075859127,"Q6DKJ4;A0A0G2JQK5;I3L4V6;B4DNN6;A0A0C4DGI2","Q6DKJ4"
"O00220;F8U8C0;C1K3N4",0.94823528279758,24.2755248353671,1.76589703055633,0.0872190615705495,0.209904516233444,-5.05823830905485,"O00220;F8U8C0;C1K3N4","O00220"
"P61006;Q59EP4",0.944994437646283,27.9605575576795,1.76456616311924,0.0874465679339428,0.210289780559728,-5.06039493970598,"P61006;Q59EP4","P61006"
"Q9H1K6",-0.98743323925985,23.1888785464749,-1.76345950913021,0.087636128042787,0.210583269156743,-5.0621872310125,"Q9H1K6","Q9H1K6"
"Q02241;A0A2U3TZL8;H7BYN4;A0A7I2V5Y5;H0YME6;A0A2R8Y531;H0YMJ4",0.901798947028656,25.537687033696,1.76295675074094,0.0877223608948411,0.210585894514955,-5.06300117530997,"Q02241;A0A2U3TZL8;H7BYN4;A0A7I2V5Y5;H0YME6;A0A2R8Y531;H0YMJ4","Q02241"
"Q9P258;A5PLK7;A0A024RAC5",-1.16733089881879,23.4888490890941,-1.76266604779567,0.0877722548475285,0.210585894514955,-5.06347172466876,"Q9P258;A5PLK7;A0A024RAC5","Q9P258"
"Q99471;H3BPF6;H3BMQ1;A0A7I2V5H9;F8VNW6;A0A0D9SFR8;F8VQZ2",0.94825454215491,26.1622732505352,1.76091166310542,0.0880738732920385,0.211147125901513,-5.06631013566981,"Q99471;H3BPF6;H3BMQ1;A0A7I2V5H9;F8VNW6;A0A0D9SFR8;F8VQZ2","Q99471"
"P67809;Q6PKI6;Q7KZ24;H0Y449;A0JLU4;Q2VIK8;C9J5V9;Q59EB5;Q9Y2T7;B2RCC2;A0A384MDP4;A0A0D9SEI8;Q59HE1",0.943187490143654,27.1652889766268,1.75394492814481,0.0892802756705828,0.213874946095659,-5.0775588337707,"P67809;Q6PKI6;Q7KZ24;H0Y449;A0JLU4;Q2VIK8;C9J5V9;Q59EB5;Q9Y2T7;B2RCC2;A0A384MDP4;A0A0D9SEI8;Q59HE1","P67809"
"Q07812;Q8WXU1;Q5ZPJ1;I6LPK7;K4JQN1;A0A0C4MW46;A0A0C4MWS3;A0A0C4MVT1",0.910510987946193,25.4515687599463,1.75286790222877,0.0894680200737165,0.214100460215787,-5.07929458436822,"Q07812;Q8WXU1;Q5ZPJ1;I6LPK7;K4JQN1;A0A0C4MW46;A0A0C4MWS3;A0A0C4MVT1","Q07812"
"P06132;A0A494C085;A0A1B0GVZ4;A0A1B0GVN9;A0A494C0Q8;Q5T446;A0A494BZY8;B4DHV6;A0A494C007;H0Y5R6;A0A494C0S8;A0A494C0P4;Q71UD4;B4DEM5;A0A494C1D8;A0A494C1T3",0.95139402082085,25.1388601698536,1.75261758464385,0.0895117025076581,0.214100460215787,-5.0796978751528,"P06132;A0A494C085;A0A1B0GVZ4;A0A1B0GVN9;A0A494C0Q8;Q5T446;A0A494BZY8;B4DHV6;A0A494C007;H0Y5R6;A0A494C0S8;A0A494C0P4;Q71UD4;B4DEM5;A0A494C1D8;A0A494C1T3","P06132"
"Q9UPQ3;H7C0A7;H7C211;B2RZG9;X5D293;A0A0U1RRF1;E7EUN2;Q4ZG54;C9J8Z2;H7C4F1;Q53S93;Q4ZG22;C9J975;Q86ST5;E7ESL9;B4DUR6",-0.99514227042603,23.1236779756554,-1.7469858151716,0.0904992616682993,0.216296702791897,-5.08875887235516,"Q9UPQ3;H7C0A7;H7C211;B2RZG9;X5D293;A0A0U1RRF1;E7EUN2;Q4ZG54;C9J8Z2;H7C4F1;Q53S93;Q4ZG22;C9J975;Q86ST5;E7ESL9;B4DUR6","Q9UPQ3"
"P01861;Q6N093;P01859;Q6MZU6;Q68CN4;Q6MZX7;A0A4P8J6J1;A0A4P8J535;S6BGF5",-0.965912253726909,23.3141860839787,-1.74417728139592,0.090995177229824,0.217315434747183,-5.09326863379428,"P01861;Q6N093;P01859;Q6MZU6;Q68CN4;Q6MZX7;A0A4P8J6J1;A0A4P8J535;S6BGF5","P01861"
"Q9BUN8;B4E1G1;E5RGY0",-0.968128532630278,23.2280448170607,-1.7432079179595,0.0911668732086642,0.217332074067202,-5.09482379676792,"Q9BUN8;B4E1G1;E5RGY0","Q9BUN8"
"P35222;A0A2R8Y5A3;A0A2R8YCH5;A0A2R8Y543;A0A2R8Y804;B4DL06;A0A2R8Y750;B5BU28;A0A2R8Y7Z0;B4DGU4;A0A2R8Y5Z1;A0A2R8Y5C3;B4DSW9;A0A2R8Y6G0;A0A2R8Y815;A0A2R8YG06;G9GAG7;C9IZ65",-0.918167206420808,29.2682563613188,-1.74279786620001,0.0912395847208349,0.217332074067202,-5.09548143546095,"P35222;A0A2R8Y5A3;A0A2R8YCH5;A0A2R8Y543;A0A2R8Y804;B4DL06;A0A2R8Y750;B5BU28;A0A2R8Y7Z0;B4DGU4;A0A2R8Y5Z1;A0A2R8Y5C3;B4DSW9;A0A2R8Y6G0;A0A2R8Y815;A0A2R8YG06;G9GAG7;C9IZ65","P35222"
"Q9C0C2;A0A024R542;B3KXS7;Q86TK2;E9PKK0;E9PKE7;A0A2R8Y5C4",-1.01360658218642,25.1939768345437,-1.74272178071816,0.091253081784617,0.217332074067202,-5.09560344699996,"Q9C0C2;A0A024R542;B3KXS7;Q86TK2;E9PKK0;E9PKE7;A0A2R8Y5C4","Q9C0C2"
"Q9UGV2;B7Z341;F8WBF9;B7ZLZ9;B7Z323;Q5TH30;Q5TH29",0.927661803678919,26.9578305891147,1.74220621506857,0.0913445840879591,0.217332074067202,-5.0964300990422,"Q9UGV2;B7Z341;F8WBF9;B7ZLZ9;B7Z323;Q5TH30;Q5TH29","Q9UGV2"
"P20290;A0A7I2V5Y3",-0.963977357750124,23.110338347117,-1.74217264504087,0.0913505447586092,0.217332074067202,-5.096483917897,"P20290;A0A7I2V5Y3","P20290"
"P55060;A0A384NKW7;B4DM31;B4DUC5;B4DPS6;B4DS32;B4DM67",0.918563432826598,29.5349891529727,1.73871875958139,0.0919655686955102,0.218628512775378,-5.10201658584768,"P55060;A0A384NKW7;B4DM31;B4DUC5;B4DPS6;B4DS32;B4DM67","P55060"
"Q13751;A0A0S2Z3R6;B4DL55;X1WI29;Q5THA1;A0A0S2Z3Z3",-0.910489827669238,26.608885203224,-1.73782801094369,0.0921247465076183,0.218840125176894,-5.10344198868183,"Q13751;A0A0S2Z3R6;B4DL55;X1WI29;Q5THA1;A0A0S2Z3Z3","Q13751"
"P41227;F8W808;A8MWP7;Q9BSU3;B7Z9N2;B4DFG1;Q6P4J0;C9JN83;C9JW55;B4DKJ7;H0Y8T0",1.08720481363008,25.3612665189768,1.73463637015581,0.0926970030029747,0.220003043760219,-5.10854443306921,"P41227;F8W808;A8MWP7;Q9BSU3;B7Z9N2;B4DFG1;Q6P4J0;C9JN83;C9JW55;B4DKJ7;H0Y8T0","P41227"
"Q9H2H9;F8VX04;Q8NCD8;F8VX12",0.922889211516971,24.6243515670463,1.73431176725703,0.0927553711268637,0.220003043760219,-5.10906294169019,"Q9H2H9;F8VX04;Q8NCD8;F8VX12","Q9H2H9"
"P48147;B2RAH7;Q9UM02;A0A499FJL1",-0.93774932058955,26.4730785815847,-1.73316012184655,0.0929627026667549,0.220290222332242,-5.11090189529044,"P48147;B2RAH7;Q9UM02;A0A499FJL1","P48147"
"Q03154;A0A1B0GU86;V9HWA0;B4DNW0;C9JMV9;A0A1B0GW23;B4DPC3;A0A1B0GVA5;A0A1B0GV31;C9JYZ0;F8WC59",-0.967754014641656,24.9713685215374,-1.73285496666707,0.0930177052938641,0.220290222332242,-5.1113890008136,"Q03154;A0A1B0GU86;V9HWA0;B4DNW0;C9JMV9;A0A1B0GW23;B4DPC3;A0A1B0GVA5;A0A1B0GV31;C9JYZ0;F8WC59","Q03154"
"P49757;B2RCI6;G3V3Z8;Q86SW6;G3V3M5;Q86SW5;G3V3R1;B4DUD7;Q5D0E5",0.966422483580612,25.0053773989969,1.72934946017526,0.0936515211977304,0.221622985292656,-5.11697963515953,"P49757;B2RCI6;G3V3Z8;Q86SW6;G3V3M5;Q86SW5;G3V3R1;B4DUD7;Q5D0E5","P49757"
"Q9Y6Q5;Q53GI5;B3KN68;K7EPR4;K7EMG5;K7EJJ1",-1.035482128551,23.2931699923464,-1.72642927435468,0.094182277439795,0.222704039617223,-5.12162969457476,"Q9Y6Q5;Q53GI5;B3KN68;K7EPR4;K7EMG5;K7EJJ1","Q9Y6Q5"
"O15554;A0A7R6V2A8;A0A7R6V2A9;D1MQ09;D1MQ08;D1MQ10;M0R1J0;M0R2F1;M0QZ70;M0R2E8;A0A7R6V286",1.07873310194875,24.1441232552413,1.72605136496193,0.0942511485395109,0.222704039617223,-5.12223099998857,"O15554;A0A7R6V2A8;A0A7R6V2A9;D1MQ09;D1MQ08;D1MQ10;M0R1J0;M0R2F1;M0QZ70;M0R2E8;A0A7R6V286","O15554"
"P02794;Q6NS36;G3V192;G3V1D1;Q8TD27;E9PPQ4",0.898012408436074,28.3117629845058,1.72374490521718,0.0946724014481509,0.223530068218609,-5.12589854732795,"P02794;Q6NS36;G3V192;G3V1D1;Q8TD27;E9PPQ4","P02794"
"O95208;B7Z4W7;F6PQP6;E9PBC1;B3KMB3;I3L2B2;B7ZKM5;J3KSF8;J3KTF6;Q6NSL9;J3KSA6;J3KSC7;J3QLN2",-1.17386314690184,23.8827746443781,-1.72316904070318,0.0947778240927323,0.223594908701215,-5.12681361204938,"O95208;B7Z4W7;F6PQP6;E9PBC1;B3KMB3;I3L2B2;B7ZKM5;J3KSF8;J3KTF6;Q6NSL9;J3KSA6;J3KSC7;J3QLN2","O95208"
"Q9NVZ3;Q53FE5;B4DUR7;F6SKB8;D6RAN6;H0Y970;D6RB24",0.983342969108318,24.8873073458684,1.72243310637581,0.0949126940297564,0.223594908701215,-5.12798266625089,"Q9NVZ3;Q53FE5;B4DUR7;F6SKB8;D6RAN6;H0Y970;D6RB24","Q9NVZ3"
"P46777;A0A2R8Y6J3;B3KTM6;A2RUM7;Q59GX9;Q5T7N0;A0A2R8Y4A2;Q9BUV4",-0.923438551255394,27.4017112013525,-1.72242092613556,0.0949149275794835,0.223594908701215,-5.12800201148109,"P46777;A0A2R8Y6J3;B3KTM6;A2RUM7;Q59GX9;Q5T7N0;A0A2R8Y4A2;Q9BUV4","P46777"
"Q7L8J4;Q96MW4;B4DSF1",-0.943943632844483,23.3997219880211,-1.7210550083718,0.0951656828185679,0.224016426197067,-5.13017071256604,"Q7L8J4;Q96MW4;B4DSF1","Q7L8J4"
"P46776;E9PJD9;Q6NZ52;Q9BQQ5;E9PLL6;E9PLX7",-0.902736789357206,28.2441392748776,-1.71994813417605,0.0953692907491305,0.224268997670808,-5.13192708575356,"P46776;E9PJD9;Q6NZ52;Q9BQQ5;E9PLL6;E9PLX7","P46776"
"Q6NZ67;Q6P582;H7C173;H7C202;B8ZZ87;H7BZ50;A0A494C0V9",-0.903668683083442,23.2127764233837,-1.71969021351858,0.0954167874027454,0.224268997670808,-5.13233621726162,"Q6NZ67;Q6P582;H7C173;H7C202;B8ZZ87;H7BZ50;A0A494C0V9","Q6NZ67"
"Q7L576;X5D2F4;B3KWV6;A0A087WVZ5;A0A0G2JR96;A0A0G2JQT1;B3KWT5;A0A0G2JQH3;A0A0G2JRX2;A0A087WU52;A0A0G2JRV9;A0A087WWL1;H0YL50",-0.928394804046455,27.5975460982999,-1.71919430531679,0.0955081657948434,0.224314735778702,-5.13312271914744,"Q7L576;X5D2F4;B3KWV6;A0A087WVZ5;A0A0G2JR96;A0A0G2JQT1;B3KWT5;A0A0G2JQH3;A0A0G2JRX2;A0A087WU52;A0A0G2JRV9;A0A087WWL1;H0YL50","Q7L576"
"Q08945;E9PPZ7;E9PMD4",-0.973982252918944,22.9888636471555,-1.71799986544869,0.0957285605920701,0.224663190734888,-5.13501631394919,"Q08945;E9PPZ7;E9PMD4","Q08945"
"O95749;A0A2R8Y551;A0A2R8Y4N4;A0A2R8YE82;C9J6G3;C9J7M1",-0.950428778354024,23.7411621170749,-1.7151253948238,0.0962607005802412,0.225742199330656,-5.13956888947043,"O95749;A0A2R8Y551;A0A2R8Y4N4;A0A2R8YE82;C9J6G3;C9J7M1","O95749"
"Q14011;Q6ZR81;K7EQR7;K7ER40;Q53XX5;K7EPM4;K7EMY9;K7EJV1;B4E2A3;K7ELT6;K7EJV5;K7ELV6;K7ENX8;D6W5Y5;K7EQL0;K7EIF7;K7ENN6;K7EQX4",-0.955188575186025,23.0070810832136,-1.71315963708296,0.0966260412381596,0.226428717221503,-5.14267863355055,"Q14011;Q6ZR81;K7EQR7;K7ER40;Q53XX5;K7EPM4;K7EMY9;K7EJV1;B4E2A3;K7ELT6;K7EJV5;K7ELV6;K7ENX8;D6W5Y5;K7EQL0;K7EIF7;K7ENN6;K7EQX4","Q14011"
"Q7Z4W1;J3KS22;A0A384NY14;J3QS36;J3KRZ4;J3KSZ5;J3QL34;J3QS45",-0.989515229336217,23.7794382102702,-1.71269700279256,0.096712191765331,0.226460455042093,-5.1434100739227,"Q7Z4W1;J3KS22;A0A384NY14;J3QS36;J3KRZ4;J3KSZ5;J3QL34;J3QS45","Q7Z4W1"
"P78356;A0A087WT35;S4R320",0.975322285912103,24.8857121207583,1.71180266283546,0.096878916017295,0.226553013521455,-5.14482359388237,"P78356;A0A087WT35;S4R320","P78356"
"Q08211;Q58F26;Q6PJK6;B3KU66",-0.971858032144116,26.1537334983026,-1.71170577404854,0.0968969926379033,0.226553013521455,-5.14497669177217,"Q08211;Q58F26;Q6PJK6;B3KU66","Q08211"
"O14786;E9PEP6;Q5JWQ6",1.11380901082516,23.9281527719012,1.71124097729349,0.096983749484075,0.226586003476277,-5.14571103658885,"O14786;E9PEP6;Q5JWQ6","O14786"
"P62993;A0A384ME16;Q6ICN0;B0LPF3;B3KR50;J3KT38;J3QRL5;J3QLF6",-0.8963579770301,27.4105613573646,-1.70886763692356,0.0974277623616864,0.227452987130314,-5.14945817684331,"P62993;A0A384ME16;Q6ICN0;B0LPF3;B3KR50;J3KT38;J3QRL5;J3QLF6","P62993"
"Q9Y3C6",0.941661607461867,26.2969704024025,1.70792903125353,0.0976038295553437,0.227693600884904,-5.15093890755496,"Q9Y3C6","Q9Y3C6"
"Q9H0X4;H7C2U8",-1.03595581024452,25.1676891633039,-1.70573127108472,0.0980171370049533,0.228486883646076,-5.15440343605597,"Q9H0X4;H7C2U8","Q9H0X4"
"Q58FF6",-0.985544018524667,23.1086374941919,-1.70083332615533,0.0989435133088582,0.230474098588744,-5.16211125792774,"Q58FF6","Q58FF6"
"Q9UBF6;F8WEU8;B2R4X4",1.11015774941027,23.8062969357173,1.6977136209457,0.0995373727743903,0.231684377375614,-5.16701114230033,"Q9UBF6;F8WEU8;B2R4X4","Q9UBF6"
"Q8TCT9;A0A0S2Z5V7;A0A3B3IUB5;A0A0C4DGU3;A0A075B6F6;A0A0S2Z6F0;A0A3B3IT72",-1.16483957806051,24.4000913831606,-1.69671398149554,0.0997282913488056,0.231955660489877,-5.16857962663519,"Q8TCT9;A0A0S2Z5V7;A0A3B3IUB5;A0A0C4DGU3;A0A075B6F6;A0A0S2Z6F0;A0A3B3IT72","Q8TCT9"
"B1APZ0;P50150",-0.954797380137364,22.9061334210146,-1.694761876651,0.100102001902645,0.232651374019635,-5.17164037354094,"B1APZ0;P50150","B1APZ0"
"P49189;B4DE91;B4DX14;B4DYY1",-0.917197155153051,27.1114335657414,-1.69423322701703,0.10020340772306,0.232713647571277,-5.17246875293916,"P49189;B4DE91;B4DX14;B4DYY1","P49189"
"P00568;Q6FGX9;Q53EY8;Q5T9B7;H0YID2;Q9Y6K8",-0.932074639342815,26.847788570283,-1.69370633374885,0.100304562074265,0.232750530219485,-5.17329416734679,"P00568;Q6FGX9;Q53EY8;Q5T9B7;H0YID2;Q9Y6K8","P00568"
"Q96RU3;B7ZL14;A0A994J3U5;A0A994J4A3;H0Y7W6;B7ZL13;A0A994J6U4;A0A994J3V8;A0A8V8TQ35;B4DEQ5",0.912938154007172,24.6648634718181,1.69337333636853,0.100368535795193,0.232750530219485,-5.17381572097523,"Q96RU3;B7ZL14;A0A994J3U5;A0A994J4A3;H0Y7W6;B7ZL13;A0A994J6U4;A0A994J3V8;A0A8V8TQ35;B4DEQ5","Q96RU3"
"P08243;F8WEJ5;C9JT45;C9J057;C9JLN6;C9JM09",0.971532832024707,25.1952505045827,1.69253840916617,0.100529087629046,0.232949646593606,-5.17512304362455,"P08243;F8WEJ5;C9JT45;C9J057;C9JLN6;C9JM09","P08243"
"Q6NSJ5;M0QZ48;M0R3C1;M0R2K8;M0R2D8",-0.922597339483008,25.4115242583903,-1.69091786289553,0.100841322237424,0.233499691209001,-5.17765895900456,"Q6NSJ5;M0QZ48;M0R3C1;M0R2K8;M0R2D8","Q6NSJ5"
"A0A0A8LE16;A0A223G192;A0A7R8MIE9;A0A223G1A7;A0A5K1TTE4;A0A812I873;A0A5K1TTN8;A0A0A1I7H6;A0A223G1D0;A0A223G1A0;A0A0A1I8N5;A0A0A8LDZ3;A0A0A1I7P2;A0A5H2UG68;A0A0A0WC94;A0A0A0WB92;A0A858B7G7;Q95379;Q30162;A0A223G1C7;A9JJF6;Q95IT4;A0A6M3SL20;A0A0A0WC87;A0A7T3RIT8;A0A223G194;A0A7R8MIF0;A0A7R8NC37;U3PSS5;A0A223G189;A0A5A4M3Z0;M1VK08;U3PXU1;A0A897ZHC2;A0A6B7IAI5;A0A410JA32;A0A6B7IBB0;A0A6B7IBA2;A0A6B7HFU1;A0A6N0A1R6;A0A649ZV73;A0A5A4LP63;A0A7T3V8B9;A0A7G7Y1V0;A0A858LN26;A0A649ZUA1;A0A1W2HC16;A0A7T5Y1J2;A0A7G2CXH1;A0A5H2USN3;A0A5A4LJT6;A0A223G176;Q4ZJJ2;A0A3S6RGH0;A0A6B9MMG6;A0A6V7B663;A0A678ZWF4;A0A7S5GSU6;D7RII0;D7RIG0;A0A678ZHB7;A0A678ZH98;A0A3S6RGH3;A0A4V0NPA4;A0A0A8LC21;A0A678ZU79;A0A3S6RGK9;A0A455JX43;A0A7R8NC45;A0A7G2CUD2;A0A6V7B669;A0A6V7B8D4;A0A3S6RGF1;A0A224MM52;A0A346FLH8;A0A212PCH3;A0A212PCH7;A0A6G7AFF1;A0A5Q0TWI6;A0A5C1IZ51;A0A8E4NFW3;A0A5B9R3U1;A0A4P2SS31;A0A1W2HC13;A0A024F8S6;A0A1W2HC27;A0A1W2HC15;A0A5A4LI39;A0A3S6RIK2;B2RG89;A0A896SZE2;A0A173ADS8;A0A173ADR7;A0A173ADR5;B5B9V7;A0A173ADW6;B3GV31;A0A7L7TMK3;A0A896SZ69;A0A6N0A1R2;A0A024F9V3;A0A649ZVL5;A0A858LJY0;A0A858LG24;A0A6B7G1H1;A0A346XQV5;A0A1W2HC10;A0A8F4G8Y8;A0A8F9WB44;A0A4P2STE7;A0A678ZHS6;A0A6B7G2B6;A0A6B7G2D5;A0A6B7G359;A0A678ZH65;A0A678ZDZ5;A0A5H2URE5;A0A5A4LVE2;A0A6B7G4I6;A0A6B7G505;A0A6B7HH51;A0A6M8PWY5;A0A6B7G1E1;A0A678ZV69;A0A678ZT69;A0A1P8W1S2;A0A5K1TTR9;A0A858B8P1;A0A3S6RGM0;A0A3S6RJ18;A0A858LEW0;A0A455JU16;A0A4P2SS30;A0A678ZI56;A0A6B7G1M7;A0A678ZSH2;A0A142J2X1;A0A896SZE9;A0A7T5V901;A0A649ZUZ7;A0A6B7L1A2;A0A455JSF3;A0A7L7TUX2;A0A6B7G1C6;A0A2K4N7V5;A0A1W1B5Z1;A0A1W6C2M5;A0A5K1TTS2;A0A6B7G1L9;A0A1P8W1R0;A0A858LH19;A0A1C4HDY7;A0A6B7G1I0;A0A858LH58;B2RG88;A0A5K1TTR8;A0A858LJ51;A0A6B7G1K6;A0A455JX28;Q30154;A0A6B7G2E2;Q56FP5;A0A5P8I3Z3;A0A224MKJ1;A0A7G2CV48;A0A455R3B4;A0A4Y5RU89;A0A6V7B9F8;Q13750;A0A5K1TTM9;A0A4E9DJJ3;A0A7R8NCK0;A0A2U7N6G4;Q860Z2;A0A2I4PZV9;A0A1X9I503;A0A0M3LBC3;A0A4D6PFE0;A0A0A1IBB2;A0A0A7C9H1;A0A090MHY8;I7ARY2;A0A5K1TTJ6;A0A223G1A1;Q29971;A0A2Z4LKS3;A0A0A8LDW7;A0A6N0A367;A0A173ADY0;Q30164;A0A7U3NFF6;A0A7G2CUY8;Q31637;A0A678ZUS6;A0A678ZDY9;A0A5K1TT62;A0A5K1TTC1;A0A288R119;F8RHJ0;A0A109V4E1;A0A2U7NH26;A0A288R0Y9;A0A110BGJ6;A0A125T5E1;A0A141AZI0;A0A288QSA1;A0A288QFG8;A0A1L2BMJ4;A0A288QFF8;A0A1L2BML8;A0A286MCI8;A0A3S6RGW6;A0A1L2BMT9;A0A2H4FZQ8;A0A1X9I652;A0A2U7NH21;A0A0S2UQ63;S0F3B4;S0F2D2;Q5EEQ8;A0A0E3DCK6;A0A4P2SU73;A0A678ZWQ4;A0A120GWC7;A0A1X9I5E6;A0A2H4G0J5;A0A0X7YLF3;A0A0X7YU64;A0A0A7CAN4;A0A5A4LVH1;A0A2H4FZZ2;A0A2H4FZY0;A0A2H4FZU4;A0A238HDH5;A0A678ZUW9;A0A2U9AEQ3;A0A2H4G4H7;F5A501;A0A3S6RGV0;A0A3S6RGV6;A0A3S6RGV7;A0A3S6RGV9;A0A3S6RGW1;A0A3S6RGW3;A0A2H4V0T3;A0A2H4G4F0;A0A2I4PZS5;A0A1Z1N327;A0A1L2BMV3;A0A1S5QRC7;F2X651;A0A1S5QRD8;A0A678ZF87;A0A678ZUY2;A0A3Q8TLI9;A0A1X9I562;A0A678ZWI2;A0A1X9I6P2;A0A1X9I4M4;A0A2I4PZT2;A0A2I4PZT5;A0A2I4PZT6;A0A2I4Q0B7;A0A2R4LVN1;A0A2U7MWQ3;A0A2U7MWQ4;A0A2U7MZA4;A0A2U7MZV1;A0A2U7N9V7;A0A2U7NEG4;F8RHI9;A0A1X9I6P7;A0A0N7A6Y8;A0A2U7NIE0;A0A3S6RIN1;A0A1X9I5D5;A1Z1P0;F1CCN8;A0A141AZI3;A0A5K1TTP4;A0A7L4X6L8;A0A678ZVF4;A0A678ZG60;A0A5K1TTB9;A0A5K1TTC3;A0A5K1TTD8;A0A5K1TTH1;A0A5K1TTI7;A0A5K1TTP2;A0A678ZG81;A0A1L2BMK3;A0A678ZL86;A0A678ZWD7;A0A678ZHS4;A0A678ZHU5;A0A678ZWE7;A0A678ZKA9;A0A455JU00;A0A3S6RGX2;A0A3S6RGW8;A0A6B7HHG5;A0A678ZYU3;A0A5K1TTA7;A0A3S6RGX1;A0A3S6RGZ3;A0A3S6RIV4;A0A3S6RIV9;A0A3S6RIW4;A0A3S6RIW8;A0A3S6RJ76;A0A455JW93;A0A3S6RJ81;A0A3S6RJ83;A0A3S6RJ90;A0A455JSN5;A0A455JU77;A0A455JU83;A0A455JUK7;A0A455JUL2;A0A455JVZ5;A0A455JW59;A0A5H2UZL8;A0A5K1TT94;A0A858B8J6;A0A160YIW4;A0A5H2URC4;A0A0K0KRS0;A0A160YHF6;A0A141AZJ4;A0A141AZI7;A0A0E3DDS8;A0A5H2URA7;A0A0N7A4R3;A0A0G2R182;A0A0G2R187;A0A0G2R1I0;A0A0N7A4M3;A0A180H5P8;A0A0N7A4N3;A0A0N7A4Q5;A0A0N7A4Q9;A0A5K1TT76;E9LIR7;S4T6U9;D2SSL7;A0A0E3DDS6;A0A0N7A6S8;A0A1L2BMI9;A0A1L2BMI8;A0A1C8DXC2;A0A1C8DWH4;A0A180H5X1;A0A180H767;A0A186VNH9;A0A0A7C9L9;A0A0A7C5A5;A0A0A7C4W1;A0A0A7C3I1;A0A5H2UFU1;A0A5A4LJ90;A0A5H2UFW2;A0A3S6RJ25;A0A3S6RJ06;A0A1B1UZK3;A0A1C8DT44;A0A1C8DT57;A0A1C8DTL5;A0A1C8DU83;A0A1C8DVX4;A0A1C8DW83;S4T6M5;A0A5H2UT62;S4T718;E2DHB9;C9WEW4;L0BX34;I6NXN7;C9WEW5;C9WEW6;C9WEW7;C9WEW8;E3SWP6;M9P8P4;I6NWR3;C9WEW2;C9WEW9;C9WEX0;I1V1W8;H8WUJ3;H6A2E2;H2BDR6;C9WEX2;C9WEV7;G9I2P2;C9WEW3;D2D3I3;G9HWC9;A0A678ZTC6;A0A678ZUI2;J9PWN0;A0A3S6RGQ7;A0A3S6RGK5;A0A3S6RGP2;A0A3S6RGK0;A0A678ZF04;A0A3S6RGJ9;A0A678ZUA3;A0A5H2UWJ7;M9P8P8;A0A678ZDS1;A0A678ZHD9;A0A5H2UFD5;C9WEX1;C9WEV5;C9WEX3;Q30179;M9P975;L7UUL9;Q3LAB7;G9HWC6;A0A678ZF14;C9WEW0;C9WEY3;C9WEY4;B2ZSE3;D0VE52;D2D3G7;D2D3G8;D2D3H3;D2D3H4;C9WEW1;B2G3D1;C9WEX5;A7UMH3;C9WEV8;B1GVZ9;A7UHG6;D0VE59;A7DZ95;A0A8A3WS00;A0A8E4J472;A0PFV9;C9WEY0;B8Y6B1;G9HW10;C9WEX6;G1EN24;G1EMV9;G1EMV6;G0ZDX8;O19729;G0ZDX7;G0ZDX6;D3JV18;I6NXN2;K4ULZ0;C0MNB7;C9WEV6;C9WEV4;C9E1J1;C6L825;C6L821;C9WEX8;C9WEX9;C4RA90;C0MQC3;A0A678ZUP9;A0A5H2UD77;T1R361;R4S4G5;M9PA10;N1NSC9;N1NTA9;N1NTC1;N1NVB1;O19742;O78167;O78216;A0A4P2SRY3;Q5TJ21;M9P9X4;Q7YPZ5;Q860I8;Q860Y8;Q8HWS6;Q8SNC3;Q8SND0;Q95IF1;Q9BCN3;Q9MYA1;M9P9Z7;M9P9N4;A0A493QP79;A0A4P2SSA0;U3RF91;U6EFS4;V5JAP2;V6BNZ6;X5MPH6;A0A5A4LLH8;A0A4P2SSM7;A0A5H2UCH0;A0A4P2SSC7;A0A4P2SS98;Q2YHL2;A0A4P2SS89;Q9TQ44;A0A6B7G4M7;A0A4P2SS58;A0A4P2SRZ2;A0A678ZWR8;R4L8Z3;Q9TQ50;Q9TQ47;Q9TQ38;F2X650;A0A6B7G4K3;A0A678ZDB2;D7GK38;D5G249;A0A678ZIB5;A0A678ZI86;D5FZP2;A0A0G2R124;D5FZN9;F1CCM9;G0WJF4;A0A678ZHZ1;D9U3H8;G0X8U4;A0A678ZUV5;G0Z5I8;M4QEN3;A0A678ZF92;M4ML87;A0A678ZFB5;A0A5H2UZ69;M1LFT9;D9IFR3;E1U685;F2VNW4;A0A678ZV74;A0A6B7G263;M9P8T5;A0A5H2UD25;A0A5K1TTQ9;A0A6B7G249;A0A6B7G1P4;A0A678ZSP9;F2VNW0;A0A6B7G1Q7;F2VNV7;K0PBG7;A0A678ZUS1;F2VNU9;F1CCQ7;F1CCP4;A0A5H2UWL2;F8RHJ1;D2D3I1;A0A5H2UX03;E3SWQ7;A0A3S6RGY9;A0A3S6RGY4;A0A3S6RGY0;A0A678ZK98;A0A678ZDF3;A0A678ZDV2;A0A678ZGG0;A0A7L4X6M0;A0A678ZH73;A0A678ZHM4;A0A678ZHV6;A0A678ZHV8;A0A678ZKC9;A0A5A4LKA4;A0A678ZSU5;A0A678ZVG0;A0A5H2UWT8;A0A678ZVG4;A0A5H2UTK3;A0A5H2UTI7;A0A5A4LHS2;A0A5A4LJN3;A0A678ZDC8;A0A678ZD32;A0A455JW28;A0A5H2UX07;A0A8E4J7T4;A0A5K1TTJ3;M9PAI7;V5JAR0;Q95HK4;Q6RCM2;G9I2P7;E9NVH3;E9NVF9;C9DA78;B5A8Y5;A0A5K1TTL8;A0A5K1TTK7;A0A8E4J5P0;A0A858LGC5;A0A8B6L7F5;A0A5H2UWV0;A0A5A4LK75;A0A5A4LM46;A0A858LJW9;A0A7S5L7K5;A0A6B7KQG9;A0A6B7KVG3;A0A678ZGG9;A0A5A4LVF9;A0A0E3DDR8;A0A3S6RGC3;A0A5H2UD85;A0A7S5L7D5;A0A858B7N5;A0A5A4LNS4;A0A858LF51;A0A858LFY4;A0A1B1CX58;A0A1B1CX56;A0A1B1CX54;A0A5A4LHR5;A0A858LGK5;A0A858LHB0;A0A678ZW46;A0A455JW74;A0A5H2UST8;A0A5H2USK7;A0A5A4LU70;A0A5A4M3H1;A0A0N7A4L2;A0A5K1TTT6;F5A3L2;Q9GIY6;Q9TP92;A0A4V0NPA8;A0A5H2UCM4;A0A5H2UD10;A0A5H2UDJ9;A0A5H2UDR3;A0A4P2SSR5;A0A4P2SS59;A0A5H2UFV2;A0A5H2URK8;A0A5H2URL3;A0A1B1CX44;F8SYK7;E9NVG4;A0A0A0WGJ3;A0A5K1TT66;O02969;A0A8E4J494;A0A8F5FUH6;A0A7S5L7Q9;A0A7G7XYL9;Q29955;A0A7L4X6T4;A0A8E4J478;A0A1B1CX42;A0A7L4X6Z3;A0A1B1CX41;A0A6B7ICM3;A0A173ADS1;Q861G2;Q8HWH1;A0A173ADS0;Q95HN2;A0A5K1TTM3;A0A0N7A551;K4Q1G1;A0A7S4PT42;A0A0G4PYK8;D7RIH6;A0A6V7B675;A0A0A8LDX0;A0A7R8RK57;A0A075M456;Q29903;A0A0A8LDW1;A0A5K1TT61;A0A4Y5RB73;Q9MXZ8;Q9MXZ7;A0A5J6WEE7;A0A1V1IGJ9;Q95IH1;A0A7G2CW37;A0A7G2CTI7;A0A1S5QRG6;A0A180H7E3;A0A223G1C4;A0A6B7G2G1;A0A3S6RGP9;A0A3S6RIP3;A0A493QP82;A0A3S6RGX9;A0A5H2UZ26;A0A678ZDI7;V6BPA6;A0A678ZDW4;A0A1B1CX38;A0A678ZEY5;A0A678ZH80;Q95HK5;A0A678ZHL3;A0A678ZWJ6;A0A1S6GL24;A0A0M4KNQ4;A0A1B1CX43;A0A3S6RGN6;K4RID0;A0A5K1TTF3;B2RG90;A0A7T3RIV1;O19679;A0A5B9R2W1;A0A482PHJ7;A0A4Y5R8N3;A0A6G6AE17;A0A1B1CX53;A0A858B7E3;A0A858LH80;A0A1B1CX47;A0A1B1CX51;A0A5K1TTJ7;A0A678ZWR1;B6ETR7;B3GV29;A0A678ZT49;A0A678ZI99;A0A858LHE6;A0A5H2UR92;A0A858LNC4;A0A5H2UFY6;A0A5H2UGC8;A0A3S6RGS0;A0A0P1GL35;A0A0Y0BU96;A0A6B7G2G3;A0A678ZWE6;A0A678ZV38;A0A678ZU92;A0A5H2UT90;A0A5H2UFT3;A0A3S6RGX5;A0A5H2UCK1;A0A4P2ST27;A0A4P2SSJ1;A0A493QP81;A0A3S6RIZ2;A0A3S6RGN2;A0A1G4P1H3;A0A4P2SRU6;A0A858LH68;A0A5H2UGE5;A0A3S6RGX4;A0A858LER4;A0A6B7IAH4;A0A678ZW31;A0A5H2UFR4;A0A5C1X5B9;A0A5H2UST2;A0A5A4LM62;A0A5H2UWU3;A0A5H2UXB8;A0A481SU51;A0A455JX72;A0A5A4LJ78;A0A5K1TT67;A0A455JX70;A0A3S6RJ68;A0A5A4LHH9;A0A4V0NPB7;A0A4U8YZ49;A0A4P2ST83;A0A4P2SSI6;A0A4P2SS72;A0A493QPA4;A0A8E4NFW8;A0A5H2URL8;A0A6B7G4J4;A0A6B7HG09;A0A6B7HG19;A0A6B7G272;A0A6B7G2H9;A0A678ZWP3;A0A678ZDG8;A0A5A4LI59;A0A6B7G365;A0A455JUD5;A0A6B7G0H4;A0A3S6RGK1;A0A3S6RGG8;A0A3S6RGE6;A0A4Y5QW06;A0A6B7HG21;A0A224AVR9;A0A6B7HFE3;A0A6B7G1L3;A0A493QP91;A0A678ZHY3;A0A678ZD95;A0A678ZW25;A0A6B7HG90;A0A678ZUR2;A0A1P8W1Q2;A0A678ZFA5;A0A678ZEW3;A0A678ZYW4;A0A4P2ST53;A0A5H2USL3;A0A5H2UD94;A0A6B7HG77;A0A678ZWE2;L7QJG9;S5UF40;S5TYJ0;M9P995;I7KJ78;V5NR41;L0BVK5;I7KLY6;J7F582;Q6Y1S2;O78054;M9PAH6;A0A866K416;O62870;O19804;O19504;N1NSB5;M9ZYZ0;M9PA03;Q0GB79;S5TRE6;O78212;Q2L4U2;M9PAI4;Q202I5;D7GK32;D2D3G5;D2U823;K7ZN81;Q8SNB5;Q53ZR8;Q30109;Q2LIR5;P79552;Q5IWM0;X2FP19;A0A223G193;Q860C0;A0A5K1TT71;A0A678ZU30;Q29737;A0A5H2UFJ4;A0A0A8LE04;A0A5H2UFS1;A0A0A8LC43;A0A678ZUJ6;X5CF47;A0A7S4PRE8;Q8WLU0;O62880;Q53YS1;J7FKX8;L0RH33;M4YNJ2;R9WRN8;M9P8N7;M9P989;K0P0J2;J7K483;Q9TQ62;Q30009;Q7YQ30;D4P2X3;S5TPR9;J7K7H4;Q9UIM7;Q30158;A0A5K1TTK3;D3U4E5;A0A141R7G5;D4P2X4;D5FUG3;A0A7D5HQY3;C9WEX4;B3GDG8;C8XTM0;C8XTJ6;C8CJD8;C8CJD4;C8CJD3;C8CHC3;C8C9W0;C6L829;C6H0Y3;C5NU25;C4PJL7;B3GDG7;A0A7S5L7L6;B2NJ28;A0A678ZHT4;A0A1S5QRE7;A0A1X9I570;A0A291NGL3;A0A3S6RGW4;A0A3S6RGX7;A0A6B7G1P9;A0A2H4G2R9;A0A3S6RGY2;A0A2H4G0C7;A0A2H4FZZ8;A0A3S6RGY6;A0A1X9I575;A0A455JW87;A0A288QYL1;A0A288QDF6;A0A5H2UFT4;A0A5K1TTF1;A0A1X9I6B7;A0A1X9I5H4;B2NJ27;A7UP00;A7UMH5;A0A2U8RMK0;A0A5K1TTK2;A0A0A7CAM6;A0A0A7C9I3;A0A0A7C9H9;A0A2I4PZS3;A0A0A7C4Q6;A0A0A7C468;A0A0X7YVK1;A0A0E3DDA6;A0A2H4G4A2;C9DSL5;C9WEY1;D0EVN8;D6PZZ5;D6BPR3;D5FUG4;A0A0A7CAZ9;A0A0G2R120;A1DS51;A0A0A1I7H5;A0N0W5;A0AQY1;A0A8F4JG82;A0A8F4G8A8;A0A8F4G6R1;A0A1C8DVA7;A0A090KNI9;A0A0A8LE18;A0A0N7A525;A0A0X7YLB5;E9L5Q4;A0A5K1TTE8;D7RIH5;Q5Y7D7;A0A5K1TTI4;A0A0N7A544;A0A346DAR0;A0A6B7G3D5;A0A678ZGA1;A0A3S6RGI0;A0A3S6RGF9;A0A678ZHK2;A0A5K1TTR1;A0A6B7G2F7;A0A5K1TTS3;A0A3S6RGG7;A0A5A4LID4;A0A858LFN3;A0A1L7H7D7;A0A3S6RGL9;A0A5K1TTS5;A0A4P2SSR1;A0A4V0NPB3;A0A5H2UFS2;A0A3S6RGK4;A0A5H2UXD3;A0A142J2X4;A0A4P2SS38;A0A678ZDJ9;B3GV30;A0A6C0SEC9;A0A1B1CX49;Q29973;A0A448W9H1;A0A6H1PSN1;A0A1Y5U1D4;A0A3G2CJ48;Q3LA85;A0A6B7G258;A0A1D8MAN0;A0A2L0RIN3;Q3LAB9;A0A6B7KQE7;A0A6B7HH72;A0A6B7HFU9;A0A678ZF81;A0A3S6RGK8;A0A678ZT22;A0A1W2HC85;A0A1B1CX45;A0A455JSH1;C0MQV5;A0A411LPL9;A0A5H2UGD6;A0A1B1CX57;A0A1B1CX55;A0A1B1CX50;A0A0A0RD54;A0A5P8NFE8;A0A6B7G2G5;F2X0U6;A0A4P2SRX3;A0A493QP83;A0A2R7Z5L0;A0A8E4NGU2;A0A493QP85;A0A4P2STB1;A0A6B7IBA3;A0A678ZWS1;A0A8E4NFA7;A0A6B7G0G1;A0A6B7HF69;A0A0A0REP8;A0A858LG13;A0A6B7IBC0;A0A3S6RJ22;A0A6B7HFN7;A0A8E4NGM4;A0A6B7IDJ4;A0A1B1CX48;A0A455JX33;A0A4P2SU14;A0A4P2SS32;A0A6B7G3A6;A0A5H2UZ02;A0A224ANN1;A0A7L4X6N4;A0A5H2UWF6;A0A0A8LDZ9;A0A4P2SRV6;A0A6N0A406;A0A7R8NFY3;A0A6B7IDH2;A0A678ZYV2;A0A678ZYZ0;A0A678ZG91;A0A5A4LMJ1;A0A678ZDW2;A0A858LG35;A0A5A4LIP2;G9FJH7;A0A678ZUQ3;A0A678ZF44;A0A678ZDN0;Q29888;A0A678ZDX4;A0A5A4LJ87;A0A858LG29;A0A678ZHG9;A0A2Z4LL32;A0A5H2USG8;Q2LIR3;A0A223G175;A0A173ADR4;A0A223G153;A0A6N0A226;A0A7L7TQY0;A0A5H2UZ83;A0A6B7G1I5;A0A5K1TTM6;A0A5H2UD34;Q29972;Q30104;A0A5A4LKQ5;A0A0A0WAE5;A0A678ZV77;A0A678ZDH9;A0A6B7IAJ8;A0A6H1PR42;A0A346DAQ5;A0A4D6DKR6;A0A678ZSW3;A0A482CVH5;A0A678ZV26;A0A8G1LTI4;A0A223G1B1;A0A678ZDT3;M1V8P6;A0A4P2SS69;A0A6B7G1U8;M1VK03;A0A896SZ77;A0A896SZ72;A0A455JVP3;A0A8F7CEZ1;A0A5H2UXC4;A0A024F8R0;Q30114;G9FJH8;A0A223G1B4;A0A678ZDY5;A0A8F4WI60;A0A5H2UZ62;A0A7S5GRG3;A0A858B8H7;B3KYW3;A0A223G195;A0A346MPT5;Q29696;A0A173ADR6;A0A678ZDQ1;A0A5P8DHY5;A0A5K1TT68;A0A6B7KXM1;Q13365;A0A678ZDN2;A0A2I4Q0E9;Q29789;A0A0S4L033;F4NBK8;A0A5K1TTH6;A0A5K1TTK6;D2K7S2;F8RHJ8;Q768U3;G1EMZ3;F8RHK4;E3SWP9;A0A0A7C9N1;F8RHJ7;H2BDS3;G9I2Q0;G9HWB3;C8XTL4;Q9GJE9;Q8SP68;Q45G75;V5JA83;F8RHK2;F8SL08;F2X656;G9I2P9;A0A0E3DDS9;A0A0E3DD66;Q9TQ49;A0A0A7C474;N1NTH4;N1NSC4;I6NXP1;H8WV99;S4T6M6;F8LSY0;A0AQY7;H2DLU4;F2X652;G9HWC7;S4T755;F2VNW3;H8WV56;A0A5K1TTQ2;G9HRN0;A0A1X9I4X8;A0A5A4LJC2;A0A3S4FM70;A0A3S6RGW5;F8R8M3;F4NBN7;A0A3S6RGY7;A0A3S6RJ87;A0A455JSP5;A0A4P2SSW0;F4NBL8;G9HRM9;A0A1L2BMT6;A0A1C8DW92;A0A5H2USU8;A0A5H2UTJ4;F4NBL0;A0A5H2UZL2;C8CJD0;F4NBK5;A0A2U7MW47;A0A1V1IFQ1;A0A1S5QRQ2;G8GLM3;A0A286MCG7;I6MHJ8;G9HRM8;G9HRM7;A0A1X9I574;A0A1X9I596;A0A1X9I5C0;A0A1X9I5D1;A0A1X9I5D9;A0A1X9I5I5;A0A1X9I571;A0A1X9I4X3;A0A1S5QRQ4;A0A1L2BMK6;A0A678ZVF7;A0A1S5QRE1;A0A1S5QRP1;S4T6R2;A0A1L2BML7;J7F4Z7;A0A678ZL59;A0A1S5QRD1;A0A186VNG3;A0A0A7C528;A0A0A7C4Z8;A0A0A7C4Q0;M9PAG9;F2VNV1;A0A6B7HFN6;F1CCM4;A0A186VNG1;A0A5K1TTK8;A0A5K1TTA3;A0A4V0NPB2;A0A0E3DDP8;A0A493QPA5;A0A3S6RIX4;A0A3S6RGV4;A0A858B8K1;A0A0A7CAL7;A0A0E3DDP3;A0A109VDZ1;A0A109NRH5;A0A2U7MW57;A0A2I4Q0B8;A0A0E3DDP7;A0A023VT86;A0A061CLB2;A0A0A7C3I5;A0A0A7C4B0;A3FP43;B3VTQ8;C1KJK6;G9HWC3;A0A0K0KRN5;A0A0N7A4Q0;F1CCP6;G9HWC1;A0A0G4KBX0;G0ZPP3;E9LT12;U3RHE3;A0A5K1TTD0;A0A288QRZ1;A0A1C8DV27;A0A0X7YJ96;A0A0X7YLA7;A0A0X7YLG2;A0A2U7N342;A0A109NRE3;A0A2U7MW44;A0A2H4FZR0;A0A288Q9F2;A0A1X9I6D1;A0A186VNF3;A0A1X9I577;A0A1X9I4Q1;A0A1S5QRF4;A0A1L2BMT2;H6VQN9;K0P0J3;A0A5K1TTF2;A0A186VP38;S4T761;A0A1X9I586;U5IQJ3;A0A141AZJ6;A0A141AZJ0;A0A120GWD1;A0A120GWC9;A0A0X7YRK7;A0A0X7YNH8;A0A0X7YLE6;A0A0N7A6U7;A0A0N7A6S5;A0A0N6W7L8;A0A0M3LD95;A0A0M3LBJ1;A0A0N7A4R6;A0A0M3LB62;A0A0N7A6L3;A0A0M3LB41;A0A0A7C572;F1CCQ1;A0A1X9I5Q0;A0A2H4G499;D2DL42;Q860I3;Q860I2;A0A5K1TTP5;A0A5K1TTC5;A0A2S0SYU9;Q9TPE2;Q5XWD6;Q95385;Q45KF7;A0A5K1TT78;M9P8P7;L0HR21;K0P2W4;O77978;S4T6L2;A0A5K1TTB1;A0A286MCI7;D5G251;A0A1B1RV16;D3U4F1;A0A2H4FZR9;A0A858LFM4;I7JI15;A0A6C6XEG6;A0A678ZLC2;I7JCR9;I6NWQ4;I6NS99;I6NVR5;D3JV09;I6M558;H8WV84;A0A6C6XED4;A0A1C8DU67;O62890;A0A5K1TT88;M9PAI2;C5MRD8;H8WV62;H8WV61;Q29715;A0A5K1TTA1;H8WV60;F4NBK9;Q30156;A0A5K1TTA2;Q9MY15;Q9MY12;Q9MXZ2;Q9MY08;Q9MXZ1;Q29727;Q29834;Q29802;E5RV95;E5RV99;O46698;N1NV01;R9RSI5;Q9TPX0;S0F2C4;Q9MYC2;Q9BCQ2;Q29890;I6NS92;Q4U0U6;Q9TQ46;Q7JFQ0;Q30123;Q29906;Q9MYD7;D3UTA6;Q8SP67;G1EMV7;G9HWD0;A0A2H4G000;D0VE58;D9IFQ9;G1EMV8;G8HT84;G9HRN2;E3SGD6;A0A1C8DV46;G9HRQ0;G9HRQ3;H9C8Y0;A7UP02;A0A2H4FZQ6;A0A180H5R4;Q58HT8;A0A2H4FZZ0;E7D850;D2D3I2;F8SY61;A0A141R7G0;A0AQY6;G9HWD1;C8C9V5;D2D3H7;D7R0U9;G5EM92;A0A5H2UD16;A0A288Q9G1;F8RHK0;A0A2I4PZX1;C9WEX7;F4YUA6;C8CJD7;A0A288Q9E0;F1CCM7;E0X9N0;E2D5U2;C8CJD5;A0A1M4NF52;H6A2E3;E7BYE0;D0V3Q2;E2D5U9;G0X8U5;A0A2H4FZN8;B2NJ32;A7UP09;E2GJP1;A0A288R0Z6;A7UP10;H8WV57;A0A223G179;I2CSG7;H8WV98;A0A5K1TTL9;H2E2A7;Q29821;G9HWC4;A0A5K1TTD2;F4NBL3;F2X649;D5FUG8;F2VNV0;A0A2U7MZ97;A0A678ZW40;A0A678ZTE6;A0A1B1CX46;A0A224ATS4;A0A6B7HG64;A0A2I4PZV2;A0A5A4LU61;A0A2I4PZS2;C8XTJ4;A0A678ZG49;A0A678ZGB0;A0A678ZGH9;A0A678ZUS4;A0A679KA51;M9P9R8;E9NVG9;J9PVP2;Q3LAC0;A0A678ZWC8;A0A5K1TTJ0;A0A6C6XED5;A0A5K1TTL3;M9P9Z4;A0A5H2UZK5;A0A858LGW3;A0A5K1TTK9;A8YQE8;B0LUY9;E9BVU5;A0A110BBD6;A0A5K1TTL2;A0A1J0A2G1;Q3LAB3;A0A5K1TTS0;A0A2I4PZT3;N0A0P5;M9P986;Q3LAB2;Q3LAB4;A0A1G4P1G7;A0A0N7A504;M1LQ10;L0BVZ5;I7C4J1;A0A0A7C9H6;I6NN92;I6NN61;A0A0A7UXE0;A0A0M3LBF4;A0A141R7G6;H6ULF5;A0A1C3L6E7;A0A1X9I615;A0A2I4PZW7;A0A2U7NHX3;A0A678ZWL5;A0A6H0Y7B6;A7DWG6;C9WEY2;C8CHC5;D2SSL6;A0A3S4EUT4;A0A858LN17;A0A186VNN8;R9USG0;A0A6B7G1F0;A0A5K1TT82;A0A5K1TT85;Q29769;Q30103;A0A223G1B2;A0A1X6WJP1;E2DHC0;E2GJP0;F1CCN7;H2BDS6;A0A455JU08;Q30178;V5TG83;A0A5K1TTB4;Q3LAB5;A0A5K1TTB3;A0A5K1TTB2;M9PAI5;J7F8K2;I6NWR0;I6NN95;Q3LAB8;D0VE51;W0HE86;C8C9W2;A7UHG4;A0A678ZW51;A0A1X9I5B4;Q702H0;G9HWC0;J7F573;L0BVW1;M4W203;M9P9B5;Q19K81;A0A1C8DT49;A0A2I4Q009;A0A5A4LMM3;A0A075M4J2;A0A6B7G577;A0A6B7G551;A0A5H2UZ77;A0A0A7CAK2;A0A6C0MF17;A0A6C0SEG3;A0A7D5IC26;A0A8F4JCY1;A0A649ZUZ6;F8TVY1;E9M4N7;A0A180H6P7;A0A180H6K7;Q9BCP8;I7AY81;G9FZ59;M1VNN5;G1EN22;D2DL43;A0A858LGZ0;A0A0N7A4P0;W0HIT3;M9P982;F4NBN9;D3KYL3;A0A5K1TTG9;A0A1S5QRE0;A0A125T1T6;A0A0A7C4R8;I6NS96;A0A513XAL6;C4PJL5;F8RHK3;Q3T976;L0BVR7;A0A288R1N7;A0A141AZI2;A0A0X7YL99;A0A0N7A564;A0A411LPI3;B5A8Y7;A0A0F7VKI0;M1V8P5;A0A1L7H755;Q8MGZ7;Q9MYB9;Q29736;Q29735;E5RV98;E5RV91;Q5ID26;A0A455QXU3;H8WV68;A0A6G7NUA5;Q9UEX9;Q8TB62;Q9MY16;Q30122;Q9MY11;Q29647;A0A0A8LDV5;Q30128;A0A0A8LE20;A0A455R0R3;Q9MY07;A0A075M2N1;Q9MY14;Q30127;Q3LTJ2;A0A4Y5UXW4;A0A6C0SGA4;Q860Y4;A0A078K598;A0A5K1TT80;Q861H3;Q9BCP9;A0A223G1C2;O77961;A0A7L4X6P2;Q0PGS7;A0A858LEN8;Q30110;A0A0A0WB88;A0A5K1TT83;A0A6B7HH81;Q14FK6;Q29725;P79550;O19786;A0A0A0WAE1;A0A8E4J5I6;Q29895;O46873;B3GDG6;A0A6B7HH40;D3U4F0;D5FZN8;D5FZP9;A0A1X9I554;A0A678ZDI2;A0A678ZDM4;A0A5H2UTC1;A0A678ZDT4;A0A678ZES1;A0A678ZTD7;A0A678ZWI8;A0A6B7G531;A0A5H2UCQ0;A0A4V0NPA7;A0A6B7HFQ1;A0A6B7KQD7;A0A6B7L183;A0A1S5QRQ1;A0A1L2BMU9;A0A1L2BMJ5;A0A1C8DWJ8;A0A6B7HHE4;A0A3S6RJ01;A0A6B7G2C5;A0A6B7G1A5;A0A455JSE3;A0A678ZUR6;A0A5H2UWJ2;A0A1X9I564;D6MJL3;A0A1X9I565;A0A0A7NZX2;I2G868;A0A858LH06;A0A678ZYX3;V9N2Y1;V9N2U6;S4T6R1;Q9TP94;Q95HL4;Q7JFU9;Q31624;N1NTH9;M9P8N5;A0A2H4V0T6;A0A2H4G2W3;A0A2H4G0E0;A0A2H4FZY7;A0A2D1CBP1;A0A288Q9N4;A0A286MCI9;A0A1X9I6N1;A0A1X9I631;A0A1X9I5N7;A0A678ZDL0;A0A455JUF4;A0A678ZDD7;A0A5H2UZ47;A0A455JWD3;I6Z8F2;A0A3S6RJ95;A0A3S6RGZ1;A0A3S6RGX3;A0A3S6RGX0;A0A2U7N3K4;A0A1C8DW79;A0A455JW82;A0A1X9I580;F2VNV2;M9PAJ0;M9P9S3;A0A7G7Y9G2;A0A6B7ICL9;A0A678ZDS8;M9P9A8;F8RHL1;F2VPA1;F2VP95;F1CCN0;D6MKY6;A0A678ZDP7;A0A455JWD9;A0A4P2SS76;A0A5H2UDS1;A0A5H2UFW9;A0A5H2UT74;A0A5H2UFQ2;A0A4P2SUS4;A0A4P2SU31;A0A3S6RIN7;A0A3S6RGP0;A0A1P8VK59;A0A5A4LLC8;A0A5A4LNV7;A0A068B7P5;A0A5H2USJ4;A0A0N7A556;A0A678ZKB9;A0A2I4Q025;A0A3S6RGW9;A0A678ZG69;A0A5K1TTQ8;A0A5K1TTP1;A0A4P2SS65;A0A5K1TTJ4;A0A5K1TTG4;A0A5K1TT96;A0A0X7YRL3;A0A186VNH4;Q6T718;A5I885;F4NBL5;D2D3H6;Q8MGZ9;D0VE50;A7X5H1;A7X5G4;A0A0E3DDV5;A8D9Z0;A7X5C9;F2VP98;I6NWQ7;A7UMH2;W6MVR4;A7X5D5;A8KQQ2;Q9MY29;Q9TQ45;Q9TQ57;S4TZL7;C5NU45;J7F509;H8WV67;C0LAB6;G4XPL9;A0A0A7C9P8;A0A1X9I4Y2;Q5NDA2;Q6DMR0;M9P9S7;M9P9A1;M9P9A0;K0P793;G1EN29;F8SY58;A0A5H2UD01;G5EM94;G9HRM6;F4NBL9;H2A3P4;Q860V5;F4NBL6;H2BDT7;D6CI38;D7RJ37;C0LAB9;W0HHN7;A0A6M8PDX6;Q9BCS6;A0A5K1TTC9;C9WEV9;A0A5K1TTT1;D2D3G3;D2D3H9;D7NR19;D9U3I0;E1U687;E7DVC3;F8SY63;A0A288QCM9;D7NPQ4;D7GN79;D2D3G6;A0A5K1TTM1;C0LAC2;B3GDG5;A0A5K1TTI1;A0A5K1TT98;H8WV91;A8C5I7;B3CL08;W0NT93;B2G3E5;B8Y6B0;A5HMQ3;B7U794;A0A180H6M0;A0A141AZJ1;A0A0X8XVS6;A0A2H4FZQ7;A0A2H4G2T0;U5IT82;A0A5K1TTE2;A2VBX2;A0A186VP43;A0A1C8DV97;I6NXN5;A0A1L2BMJ0;A0A1L2BMK5;A0A0A7C9G2;A0A7L4X8L9;A0A8E4J677;A0AQY4;Q5CC31;U3UA21;A0A1S5QRF9;A0A1S5QRE6;D2EAF6;A0A288QA70;A0A0A7C493;A0A2H4FZS0;A0A2H4FZS3;A0A0A7C547;A0A2I4PZU9;A0A180H6H8;A0A2U7NMP7;A0A0A7C4Z1;A0A2H4G491;A0A0A7C555;A0A2I4PZU1;A0A0A7CAZ3;A0A090KQC9;A0A1S5QRF3;A0A141AZJ7;M9PAJ3;A0A120GVV4;Q5DUF5;A0A180H738;Q546B9;Q4F6M7;Q0PH71;A0A288QA52;M9P9Z2;O78080;N1NSB9;O77963;A0A109NRG9;F8SY60;Q860E1;W0NTG8;K0P7G6;A0A858B7V6;W5REC0;E1U684;A0A1L2BML0;Q9TQ56;A0A7T3P0R9;Q9TQ52;D9U3H7;A0A0A7C460;Q8HWS9;Q7YQ99;K7XHD2;F8R1D4;I6NVY4;I6NSA1;A0A0X7YRL9;S0F2C6;A0A0N7A6S3;A0A0N7A4L8;A0A0N6W7L7;A0A5K1TTK1;A0A0G2R121;A0A1S5QRC1;A0A858LH50;E9NVG8;A0A2H4FZT5;A0A858LGN2;G4VV07;Q9GIY9;S4T757;A0A1L2BML5;S0F2C8;S0F2D5;A0A858LGY0;A0A858LN58;W8YE22;A0A6C0SH49;A0A1X9I4R4;A0A1X9I6C3;E5DCR3;A0A288QS17;A0A7M4BHC2;A0A2H4FZT2;A0A2I4PZR9;A0A2I4PZU8;A0A2I4PZV7;A0A2I4PZW4;A0A455JW64;A0A5K1TTB0;A0A5K1TTB6;A0A5K1TTF8;A0A5K1TTH4;Q8SNC2;A0A5K1TTL4;F8R1D9;A0A0M3LBL5;A0A6C0SHG7;A0A5K1TTN7;A0AQZ4;A0A6C0SDS3;A0T4C2;A0A1C8DVY1;A0A1X9I4Z5;A7UP01;Q7YQ27;A0A678ZDM1;A9YQ96;B2ZCX8;A0A2U7NH14;C7DRS1;A0A5K1TTQ3;W8YE16;G1EMW4;G1EMW6;A0A5K1TTP9;A0A5K1TTI8;A0A0A7C3L2;G1EMW5;A0A5K1TTJ8;A0A4P2SSQ1;G1EN25;G9HWC5;H8WV59;M9P8N9;E0WN74;F4NBK7;E3Q0T3;F8SY57;E3WHS7;E9NVF8;V5J9W1;F1CCQ8;S5UGF8;A0A5K1TT58;S4T6V1;B3VTQ4;F1CCQ6;F1CCQ9;F2X667;A0A5K1TTN6;F4NBK6;A0A288QAF4;D9UAX2;M9P9S9;A0A5K1TT97;A0A1X9I553;E9NVH6;C8CJD6;D2D3G9;D2D3H0;D2D3H1;D2D3H2;A0A5K1TTF6;I3TBB6;D2D3H8;F8RHL6;D2D3I0;D3JV14;D7NR20;I2G7Y7;H8WV89;H8WV64;Q6T714;D9IFR0;I6NN98;I6NNA1;S0F0E9;H8WV58;Q9TQ54;G4XPM2;A0A858B7G3;Q9TQ55;A0A455JVZ3;A0A2I4PZV4;A0A2I4Q0A5;A0A180H5S5;G1EN28;A0A075QB04;G1EN26;F1CCQ5;G0ZDX9;U6BZR3;G0X8U3;F8SY59;G1EMW0;M9PA02;F8RHM0;C8XTK6;C8XTL1;E3SGC8;F8R1D6;I6NVX7;Q95HK6;Q95HK7;H2DML5;H2BEB4;H2BDT8;H2BDT6;H2BDR5;G9HWC8;E3SWP4;G9HRM3;G8HT88;Q95IF0;G5EM95;Q9MY65;F4YZX0;F1CCM6;E3SWP5;C5E7P4;Q4U3X3;A0A2U7N340;A0A6B7KVF8;A0A8F5A6B1;C6L826;G8GB37;Q861C6;Q861A4;G8G269;G3CC12;G1EN23;G0ZMN2;G0ZDX5;E5RV97;F8SL12;F8RHM4;A0A5K1TT59;D5GWK8;Q3LTJ1;F8R8M2;F8R1E2;Q9MY04;A0A5K1TTP6;Q29786;Q9MY05;G8GB38;A0A0A7C597;I6NS68;H8WV66;A0A098CM30;H2BDT9;O77971;Q29719;Q30113;A0A5S8K7D1;A0A5P8NFE1;H2BDS2;Q14FK8;Q30157;G9HW15;G8GIE7;A0A223G196;G8GB41;G8GB40;G8GB39;F8R1E1;Q9MY06;A0A2U7N9T5;A0A186VNH5;A0A7S4PSP8;Q29728;A0A2H4FZV4;A0A182AUB3;I6NVY9;I7HB73;A0A0K2GUX6;Q7YPT7;A0A0K0KRD4;H8WV86;A0A0G2R123;A0A0F7W070;Q29799;A0A0F7IQ07;Q56FN8;A2BFX2;Q8WLS0;A0A7S4V2F4;Q29805;Q30129;A0A1L2BMK4;A0A0A8LDY6;A0A1S5QRF0;A0A0A8LDV8;F8R1E0;G8GB36;C5IZL0;C4PFX4;U5YLY3;B6DST2;A0A288Q9I0;A0A1X9I6K3;Q9MY10;A0A1X9I5P9;Q9MY09;A0A1X9I593;A0A1X9I572;A0A1X9I539;A0A1X9I514;A0A5K1TTA0;Q31641;A0A1X9I4Z7;Q30195;S5TYJ5;A0A0A7C4W9;L0BVP2;F8R1D8;I7B299;G1EMW7;G1EMW8;G1EMX0;K0P7G9;A0A5P8DHY3;A0A0N7A555;H6A2E4;G1EMX1;A7UNZ6;A0A5P8DHY1;I6NS89;A7UP06;A7X5I3;A0A5A4M3G6;G8GB45;A0A5K1TTC7;B2NJ38;L0BVN9;M9P981;F8R1D7;A0A5K1TTN3;A0A2U7NN38;A0A3Q9VBZ2;A0A411J0I0;A0A455JW60;A0A4E0VBE7;A0A4P2SS50;Q29869;M9P9Y3;N1NTB7;Q5DKQ6;M4YUW8;U5IRI6;A0A5K1TTH9;V5J9Z3;L0BXM1;A0A8F7CG09;A0A2U7MWL5;L0BXK2;L0BX03;B3VTQ5;Q29692;B6DST0;A0A2U7MWM4;Q29918;D9IFQ1;D6MJB7;A7DZ90;D5KXD1;D5G2K9;D5G2J5;D3JV07;D3JV06;D2D3G4;D0VE55;D0VE47;Q29632;C8XTL3;C8XTL2;C7C5G1;C6L828;Q29668;F8R1D5;D9U3I1;E3SWP7;U3PUN8;A0A5K1TT90;A0A2H4FZW5;I6NVY1;Q861G3;I7DEM0;A0A0A7C4P3;C6L822;Q9BCP7;Q9MY77;B8YM95;Q9BD34;F6KS23;F2X663;Q8SNC0;F2VS07;F1CCR1;E8ZWG7;A0A5K1TT91;A0A141AZI8;I7A6V4;Q0Z850;W0HE91;A0A678ZG79;L7SW87;A0A3S6RGJ6;A0A3S6RGI5;A0A3S6RGH8;A0A3S6RGG1;I7KSM4;A0A678ZDV4;A0A5K1TTJ1;A0A5K1TTT7;A0A5H2UWP1;A0A5H2UWI2;A0A5H2UFK3;A0A678ZGF1;A0A447ITR9;A0A678ZLG2;A0A5H2UDC1;A0A5H2UCR9;A0A5H2UCI1;A0A5A4LLG7;A0A4P2STG9;M9P988;A0A4P2SSN6;U5F074;E0WN73;T1R3B5;Q9BD02;A0A3S6RIY1;A0A455JSB7;A0A1S6M228;A0A6B7KYX5;A0A3S6RGK6;A0A3S6RGD3;A0A6B7HFV4;A0A6B7HF58;A0A6B7G569;A0A6B7G560;A0A6B7G1P2;A0A678ZV58;A0A678ZV42;A0A678ZI40;J7JWQ2;A0A6B9HD06;A0A6B7KQD8;A0A455JUG0;A0A6B7IC49;A0A6B7HH48;A0A1S6M247;A0A678ZF54;A0A678ZD65;A0A3S6RGJ2;A0A6B7HH37;A0A4P2SS37;A0A493QP90;A0A455JW39;A0A455JW11;A0A455JVT1;Q3LAC1;F4NBL1;A0AQY3;A0A0K0KSF3;O19599;A0A0A7C3H3;A0A0A7C431;M9P8P5;A0A0A7C9P5;N1NVB2;A0A0A7CAK6;A0A076JWY8;A0A0E3DCJ2;S5TRF0;A0A0E3DD60;A0A0F7W023;A0A0M3LB43;A0A6B7IB95;A0A0N7A4S7;A0A0N7G7C9;A0A090KJ20;A0A0N9QWI0;A0A186VNF2;A0A0A1ITX8;M9P8P1;A0A1C8DW60;L8BTX7;S4T6T5;I6TN34;K0P797;V9N336;A0A0A7C3G2;A0A0E3DCF0;A0A090KI61;A0A186VNQ2;Q95HK9;Q95HK8;A0A0D6E1J6;Q95HK3;Q8MH61;Q75NJ5;Q70IU8;A0A5K1TTS1;Q9TQ58;Q6T862;M9PAI6;M9PA05;Q3LAG4;A0A1W6C2L4;M9PA00;O19586;M9P9R5;M9P9Q6;G0YWD4;M9P974;A0A5K1TTN1;M9P8P6;A0A097P796;S5UGG1;A0A2K4N822;A0A3S6RIM5;A0A0A7CAY6;P79606;Q4F6M6;Q9TQ51;Q5NT90;Q5U8S4;Q6RCP8;A0A090MHZ3;Q6UB42;A0A1B1CX40;A0A678ZEZ4;A0A4P2SSA9;A0A142J2X5;A0A1D8MAK9;A0A1L7H6Z7;A0A5H2UWN5;A0A858LN47;A0A7D4XBS2;A0A6B7IC42;A0A6B7HFA4;A0A1G4P1F1;A0A678ZEX5;A0A3S6RGI4;A0A678ZEU1;A0A5H2UCU5;A0A5A4LIC4;A0A4P2SSQ6;Q1KLJ9;A0A6B7G1N7;M9P9Z5;L0HNE6;A0A4P2SS22;M4YNP5;M9P8Q3;L7UUQ7;A0A6B7IDF1;M4YUW9;A0A455JW21;D3Y5Y1;M9P9A3;M9P9B3;A0A0A7C4S3;A0A5K1TT70;A0A2H4FZR8;Q95HL8;Q99947;A0A5K1TTP0;O19547;A0A5K1TTM5;A0A5B8LE09;A0A141AZH9;A0A141AZJ8;A0A5K1TTM0;A0A2H4FZS9;A0A2H4G2S3;Q9TQ61;E0YTP3;O78037;Q29685;O78184;Q8HWT8;A0A141AZH8;W8SMC7;P79546;Q29713;Q29723;R9WU62;A0A2H4FZQ1;Q9TPW8;Q9TPW2;A0A2I4PZV0;A0A5K1TTG5;A0A2I4PZU4;Q9TQ70;U5XKZ8;A0A2I4PZU2;A0A5K1TTG1;A0A5K1TTF9;Q95384;A0A2I4PZT1;Q6WIG6;A0A0U4WP24;A0A120GWE6;A0A141AZH6;A0A186VNI0;D7R0W0;Q29816;A0A141R7G1;A0A186VP40;A0A1C8DT55;A0A1C8DT64;A0A1L2BMK2;A0A1S5QRF7;A0A5K1TTF4;A0A224AUH9;A0A288Q9E6;Q30124;A0A5H2UD19;A0A5K1TTH0;C8XTJ5;A0A2I4PZR7;D7NSS9;Q9Y454;A0A5B8LEA6;A0A4P2SSE5;A0A3S6RGZ8;A0A3S6RGY1;A0A4P2STN0;A0A4P2SUU4;Q9MXZ6;Q8WLQ7;Q9MXZ9;A0A158T3K8;F8SY65;C8XTL5;F8SL04;F1CCP0;Q31646;A0A4P2SUA6;Q31640;S5TPS4;Q31643;Q70Q10;V5JAA0;Q07122;W1I684;A0A0F6MTF4;A0A0K3AYW4;P79499;Q95HN0;S0F2K8;S4T707;T1WG71;Q29803;A0A1B0Z6G7;A0A493QPA3;F1C3G9;G1EMX8;Q14FK7;A0A0N7A6T9;Q29904;Q29902;H8WV88;Q9MY83;S0F2K3;A0A1L2BMK9;A0A2H4V0U7;A0A2U7NHX6;D7GK33;F1AQS4;A0A5K1TT93;U3RD04;Q29671;C8XTM5;A0A223G168;Q29717;D5L9F3;D5G250;D3JV15;D3JV12;E5RV96;A0A4E9DH72;D3GN37;A0A223G185;D2U824;C9E1J4;Q29919;A0A5K1TTG3;G1DUW3;A0A7S5GRC5;A0A2U7NGK5;L0BVW5;A0A5K1TTI3;B6ZLV2;F2X653;A0A0A7CA57;G0ZMN0;A0A224ANL3;F8SL05;G1EN27;K7QT37;M9P9A6;F8R1E5;M9P9S1;F8R1E4;G8HT85;F5BR66;H9BSP6;A0A1P8VK54;A0AQY5;A0A3S6RJ79;A0A8E4J4B0;A0A6B7G4G3;M9PA12;G9HWC2;D2D3H5;A0A0A7CAN0;A0A0E3DCK5;A0A1Z2RP37;G9HWB9;A0A1X9I548;G9HWB8;H9AB26;G9HRQ1;G8G268;G4VU14;A0A2H4FZX8;A0A2I4PZS1;G1EN00;A0A2U7MWP5;K0DF01;L0HR08;A0A0A7C3G1;A0A8E4J4F9;Q29798;Q0VUQ9;A0A8E4NGU6;F8RHK9;D7R0U4;A0A1L2BML1;A7XFV9;F4NBM1;H8WV70;A0A455JUE2;A7X5F9;H9C8X6;A0A6B7G1G3;A0A5H2USC3;A0A5A4LJW3;A0A5A4LJB2;A0A6B7HFW2;Q30119;Q6J8I8;Q6LBW7;M9P9Z0;S0F3B9;R9QZS7;M1KN83;M1Q0E9;Q9GJ59;M9P991;M9P9Q1;A0A224AV24;Q860S8;A0A3S6RIW3;Q9TQ53;A0A4Y5FSV2;A0A678ZWN4;Q9TQ43;Q9MY46;Q95HK2;N1NV03;G9I2P5;R4QIS9;F2X362;A0A0E3DDP5;A0A0E3DCG9;A0A0B5JAF5;A0A0A7V3J0;A0A0A7UZC1;A0A0A7EC03;A0A0A7CAQ4;A0A0A7C538;A0A0A7C480;A0A0A7C3H9;A0A096XJR4;A0A023VRX5;E1V2J7;E1Y6P7;E3SWQ2;E3SWQ4;A0A6B7HFN0;Q9BCP4;A0A5K1TTI6;A0A0M3LBA1;A0A5K1TT75;A0A2I4Q0C4;A0A0A7V3I5;A0A5K1TT79;Q31635;A0A2I4Q007;Q31638;A0A2I4PZX9;A0A2I4PZX4;A0A4P2STF5;A0A2I4PZW3;A0A2I4PZV3;A0A0N7A6K4;A0A0N6W7L6;A0A0M3LCM5;A0A385LUM2;A0A5K1TTI2;O19622;A0A8E4J4D4;F4NBL7;A0A858LJW3;M9P9Z8;A0A8E4J488;N1NRX2;A0A5K1TTJ2;H8WV93;N0AA59;H8WV92;H8WV90;B8ZHC3;C0LAB7;H8WV87;C5J8E6;C6H0J8;C8CJA6;H2BDS8;H2BDS0;F2X660;A0AQY8;E3SWQ8;C8CJC9;A0A0E3DDR4;F2VPA4;C8XTK3;C8XTJ0;F2X664;A0A6B9V1L8;A0A0E3DDQ9;A0A5K1TTK4;A0A5K1TTL0;A0A6H0Y7T9;A0A5K1TTL1;A0A0E3DDT0;A0A5K1TTQ6;A0A5K1TTT3;A0A5K1TTT5;A0A646RNK3;S0F3B5;Q29796",-1.010144879521,23.4665913407424,-1.68822205260884,0.101362525432132,0.234532430877462,-5.18187304573945,"A0A0A8LE16;A0A223G192;A0A7R8MIE9;A0A223G1A7;A0A5K1TTE4;A0A812I873;A0A5K1TTN8;A0A0A1I7H6;A0A223G1D0;A0A223G1A0;A0A0A1I8N5;A0A0A8LDZ3;A0A0A1I7P2;A0A5H2UG68;A0A0A0WC94;A0A0A0WB92;A0A858B7G7;Q95379;Q30162;A0A223G1C7;A9JJF6;Q95IT4;A0A6M3SL20;A0A0A0WC87;A0A7T3RIT8;A0A223G194;A0A7R8MIF0;A0A7R8NC37;U3PSS5;A0A223G189;A0A5A4M3Z0;M1VK08;U3PXU1;A0A897ZHC2;A0A6B7IAI5;A0A410JA32;A0A6B7IBB0;A0A6B7IBA2;A0A6B7HFU1;A0A6N0A1R6;A0A649ZV73;A0A5A4LP63;A0A7T3V8B9;A0A7G7Y1V0;A0A858LN26;A0A649ZUA1;A0A1W2HC16;A0A7T5Y1J2;A0A7G2CXH1;A0A5H2USN3;A0A5A4LJT6;A0A223G176;Q4ZJJ2;A0A3S6RGH0;A0A6B9MMG6;A0A6V7B663;A0A678ZWF4;A0A7S5GSU6;D7RII0;D7RIG0;A0A678ZHB7;A0A678ZH98;A0A3S6RGH3;A0A4V0NPA4;A0A0A8LC21;A0A678ZU79;A0A3S6RGK9;A0A455JX43;A0A7R8NC45;A0A7G2CUD2;A0A6V7B669;A0A6V7B8D4;A0A3S6RGF1;A0A224MM52;A0A346FLH8;A0A212PCH3;A0A212PCH7;A0A6G7AFF1;A0A5Q0TWI6;A0A5C1IZ51;A0A8E4NFW3;A0A5B9R3U1;A0A4P2SS31;A0A1W2HC13;A0A024F8S6;A0A1W2HC27;A0A1W2HC15;A0A5A4LI39;A0A3S6RIK2;B2RG89;A0A896SZE2;A0A173ADS8;A0A173ADR7;A0A173ADR5;B5B9V7;A0A173ADW6;B3GV31;A0A7L7TMK3;A0A896SZ69;A0A6N0A1R2;A0A024F9V3;A0A649ZVL5;A0A858LJY0;A0A858LG24;A0A6B7G1H1;A0A346XQV5;A0A1W2HC10;A0A8F4G8Y8;A0A8F9WB44;A0A4P2STE7;A0A678ZHS6;A0A6B7G2B6;A0A6B7G2D5;A0A6B7G359;A0A678ZH65;A0A678ZDZ5;A0A5H2URE5;A0A5A4LVE2;A0A6B7G4I6;A0A6B7G505;A0A6B7HH51;A0A6M8PWY5;A0A6B7G1E1;A0A678ZV69;A0A678ZT69;A0A1P8W1S2;A0A5K1TTR9;A0A858B8P1;A0A3S6RGM0;A0A3S6RJ18;A0A858LEW0;A0A455JU16;A0A4P2SS30;A0A678ZI56;A0A6B7G1M7;A0A678ZSH2;A0A142J2X1;A0A896SZE9;A0A7T5V901;A0A649ZUZ7;A0A6B7L1A2;A0A455JSF3;A0A7L7TUX2;A0A6B7G1C6;A0A2K4N7V5;A0A1W1B5Z1;A0A1W6C2M5;A0A5K1TTS2;A0A6B7G1L9;A0A1P8W1R0;A0A858LH19;A0A1C4HDY7;A0A6B7G1I0;A0A858LH58;B2RG88;A0A5K1TTR8;A0A858LJ51;A0A6B7G1K6;A0A455JX28;Q30154;A0A6B7G2E2;Q56FP5;A0A5P8I3Z3;A0A224MKJ1;A0A7G2CV48;A0A455R3B4;A0A4Y5RU89;A0A6V7B9F8;Q13750;A0A5K1TTM9;A0A4E9DJJ3;A0A7R8NCK0;A0A2U7N6G4;Q860Z2;A0A2I4PZV9;A0A1X9I503;A0A0M3LBC3;A0A4D6PFE0;A0A0A1IBB2;A0A0A7C9H1;A0A090MHY8;I7ARY2;A0A5K1TTJ6;A0A223G1A1;Q29971;A0A2Z4LKS3;A0A0A8LDW7;A0A6N0A367;A0A173ADY0;Q30164;A0A7U3NFF6;A0A7G2CUY8;Q31637;A0A678ZUS6;A0A678ZDY9;A0A5K1TT62;A0A5K1TTC1;A0A288R119;F8RHJ0;A0A109V4E1;A0A2U7NH26;A0A288R0Y9;A0A110BGJ6;A0A125T5E1;A0A141AZI0;A0A288QSA1;A0A288QFG8;A0A1L2BMJ4;A0A288QFF8;A0A1L2BML8;A0A286MCI8;A0A3S6RGW6;A0A1L2BMT9;A0A2H4FZQ8;A0A1X9I652;A0A2U7NH21;A0A0S2UQ63;S0F3B4;S0F2D2;Q5EEQ8;A0A0E3DCK6;A0A4P2SU73;A0A678ZWQ4;A0A120GWC7;A0A1X9I5E6;A0A2H4G0J5;A0A0X7YLF3;A0A0X7YU64;A0A0A7CAN4;A0A5A4LVH1;A0A2H4FZZ2;A0A2H4FZY0;A0A2H4FZU4;A0A238HDH5;A0A678ZUW9;A0A2U9AEQ3;A0A2H4G4H7;F5A501;A0A3S6RGV0;A0A3S6RGV6;A0A3S6RGV7;A0A3S6RGV9;A0A3S6RGW1;A0A3S6RGW3;A0A2H4V0T3;A0A2H4G4F0;A0A2I4PZS5;A0A1Z1N327;A0A1L2BMV3;A0A1S5QRC7;F2X651;A0A1S5QRD8;A0A678ZF87;A0A678ZUY2;A0A3Q8TLI9;A0A1X9I562;A0A678ZWI2;A0A1X9I6P2;A0A1X9I4M4;A0A2I4PZT2;A0A2I4PZT5;A0A2I4PZT6;A0A2I4Q0B7;A0A2R4LVN1;A0A2U7MWQ3;A0A2U7MWQ4;A0A2U7MZA4;A0A2U7MZV1;A0A2U7N9V7;A0A2U7NEG4;F8RHI9;A0A1X9I6P7;A0A0N7A6Y8;A0A2U7NIE0;A0A3S6RIN1;A0A1X9I5D5;A1Z1P0;F1CCN8;A0A141AZI3;A0A5K1TTP4;A0A7L4X6L8;A0A678ZVF4;A0A678ZG60;A0A5K1TTB9;A0A5K1TTC3;A0A5K1TTD8;A0A5K1TTH1;A0A5K1TTI7;A0A5K1TTP2;A0A678ZG81;A0A1L2BMK3;A0A678ZL86;A0A678ZWD7;A0A678ZHS4;A0A678ZHU5;A0A678ZWE7;A0A678ZKA9;A0A455JU00;A0A3S6RGX2;A0A3S6RGW8;A0A6B7HHG5;A0A678ZYU3;A0A5K1TTA7;A0A3S6RGX1;A0A3S6RGZ3;A0A3S6RIV4;A0A3S6RIV9;A0A3S6RIW4;A0A3S6RIW8;A0A3S6RJ76;A0A455JW93;A0A3S6RJ81;A0A3S6RJ83;A0A3S6RJ90;A0A455JSN5;A0A455JU77;A0A455JU83;A0A455JUK7;A0A455JUL2;A0A455JVZ5;A0A455JW59;A0A5H2UZL8;A0A5K1TT94;A0A858B8J6;A0A160YIW4;A0A5H2URC4;A0A0K0KRS0;A0A160YHF6;A0A141AZJ4;A0A141AZI7;A0A0E3DDS8;A0A5H2URA7;A0A0N7A4R3;A0A0G2R182;A0A0G2R187;A0A0G2R1I0;A0A0N7A4M3;A0A180H5P8;A0A0N7A4N3;A0A0N7A4Q5;A0A0N7A4Q9;A0A5K1TT76;E9LIR7;S4T6U9;D2SSL7;A0A0E3DDS6;A0A0N7A6S8;A0A1L2BMI9;A0A1L2BMI8;A0A1C8DXC2;A0A1C8DWH4;A0A180H5X1;A0A180H767;A0A186VNH9;A0A0A7C9L9;A0A0A7C5A5;A0A0A7C4W1;A0A0A7C3I1;A0A5H2UFU1;A0A5A4LJ90;A0A5H2UFW2;A0A3S6RJ25;A0A3S6RJ06;A0A1B1UZK3;A0A1C8DT44;A0A1C8DT57;A0A1C8DTL5;A0A1C8DU83;A0A1C8DVX4;A0A1C8DW83;S4T6M5;A0A5H2UT62;S4T718;E2DHB9;C9WEW4;L0BX34;I6NXN7;C9WEW5;C9WEW6;C9WEW7;C9WEW8;E3SWP6;M9P8P4;I6NWR3;C9WEW2;C9WEW9;C9WEX0;I1V1W8;H8WUJ3;H6A2E2;H2BDR6;C9WEX2;C9WEV7;G9I2P2;C9WEW3;D2D3I3;G9HWC9;A0A678ZTC6;A0A678ZUI2;J9PWN0;A0A3S6RGQ7;A0A3S6RGK5;A0A3S6RGP2;A0A3S6RGK0;A0A678ZF04;A0A3S6RGJ9;A0A678ZUA3;A0A5H2UWJ7;M9P8P8;A0A678ZDS1;A0A678ZHD9;A0A5H2UFD5;C9WEX1;C9WEV5;C9WEX3;Q30179;M9P975;L7UUL9;Q3LAB7;G9HWC6;A0A678ZF14;C9WEW0;C9WEY3;C9WEY4;B2ZSE3;D0VE52;D2D3G7;D2D3G8;D2D3H3;D2D3H4;C9WEW1;B2G3D1;C9WEX5;A7UMH3;C9WEV8;B1GVZ9;A7UHG6;D0VE59;A7DZ95;A0A8A3WS00;A0A8E4J472;A0PFV9;C9WEY0;B8Y6B1;G9HW10;C9WEX6;G1EN24;G1EMV9;G1EMV6;G0ZDX8;O19729;G0ZDX7;G0ZDX6;D3JV18;I6NXN2;K4ULZ0;C0MNB7;C9WEV6;C9WEV4;C9E1J1;C6L825;C6L821;C9WEX8;C9WEX9;C4RA90;C0MQC3;A0A678ZUP9;A0A5H2UD77;T1R361;R4S4G5;M9PA10;N1NSC9;N1NTA9;N1NTC1;N1NVB1;O19742;O78167;O78216;A0A4P2SRY3;Q5TJ21;M9P9X4;Q7YPZ5;Q860I8;Q860Y8;Q8HWS6;Q8SNC3;Q8SND0;Q95IF1;Q9BCN3;Q9MYA1;M9P9Z7;M9P9N4;A0A493QP79;A0A4P2SSA0;U3RF91;U6EFS4;V5JAP2;V6BNZ6;X5MPH6;A0A5A4LLH8;A0A4P2SSM7;A0A5H2UCH0;A0A4P2SSC7;A0A4P2SS98;Q2YHL2;A0A4P2SS89;Q9TQ44;A0A6B7G4M7;A0A4P2SS58;A0A4P2SRZ2;A0A678ZWR8;R4L8Z3;Q9TQ50;Q9TQ47;Q9TQ38;F2X650;A0A6B7G4K3;A0A678ZDB2;D7GK38;D5G249;A0A678ZIB5;A0A678ZI86;D5FZP2;A0A0G2R124;D5FZN9;F1CCM9;G0WJF4;A0A678ZHZ1;D9U3H8;G0X8U4;A0A678ZUV5;G0Z5I8;M4QEN3;A0A678ZF92;M4ML87;A0A678ZFB5;A0A5H2UZ69;M1LFT9;D9IFR3;E1U685;F2VNW4;A0A678ZV74;A0A6B7G263;M9P8T5;A0A5H2UD25;A0A5K1TTQ9;A0A6B7G249;A0A6B7G1P4;A0A678ZSP9;F2VNW0;A0A6B7G1Q7;F2VNV7;K0PBG7;A0A678ZUS1;F2VNU9;F1CCQ7;F1CCP4;A0A5H2UWL2;F8RHJ1;D2D3I1;A0A5H2UX03;E3SWQ7;A0A3S6RGY9;A0A3S6RGY4;A0A3S6RGY0;A0A678ZK98;A0A678ZDF3;A0A678ZDV2;A0A678ZGG0;A0A7L4X6M0;A0A678ZH73;A0A678ZHM4;A0A678ZHV6;A0A678ZHV8;A0A678ZKC9;A0A5A4LKA4;A0A678ZSU5;A0A678ZVG0;A0A5H2UWT8;A0A678ZVG4;A0A5H2UTK3;A0A5H2UTI7;A0A5A4LHS2;A0A5A4LJN3;A0A678ZDC8;A0A678ZD32;A0A455JW28;A0A5H2UX07;A0A8E4J7T4;A0A5K1TTJ3;M9PAI7;V5JAR0;Q95HK4;Q6RCM2;G9I2P7;E9NVH3;E9NVF9;C9DA78;B5A8Y5;A0A5K1TTL8;A0A5K1TTK7;A0A8E4J5P0;A0A858LGC5;A0A8B6L7F5;A0A5H2UWV0;A0A5A4LK75;A0A5A4LM46;A0A858LJW9;A0A7S5L7K5;A0A6B7KQG9;A0A6B7KVG3;A0A678ZGG9;A0A5A4LVF9;A0A0E3DDR8;A0A3S6RGC3;A0A5H2UD85;A0A7S5L7D5;A0A858B7N5;A0A5A4LNS4;A0A858LF51;A0A858LFY4;A0A1B1CX58;A0A1B1CX56;A0A1B1CX54;A0A5A4LHR5;A0A858LGK5;A0A858LHB0;A0A678ZW46;A0A455JW74;A0A5H2UST8;A0A5H2USK7;A0A5A4LU70;A0A5A4M3H1;A0A0N7A4L2;A0A5K1TTT6;F5A3L2;Q9GIY6;Q9TP92;A0A4V0NPA8;A0A5H2UCM4;A0A5H2UD10;A0A5H2UDJ9;A0A5H2UDR3;A0A4P2SSR5;A0A4P2SS59;A0A5H2UFV2;A0A5H2URK8;A0A5H2URL3;A0A1B1CX44;F8SYK7;E9NVG4;A0A0A0WGJ3;A0A5K1TT66;O02969;A0A8E4J494;A0A8F5FUH6;A0A7S5L7Q9;A0A7G7XYL9;Q29955;A0A7L4X6T4;A0A8E4J478;A0A1B1CX42;A0A7L4X6Z3;A0A1B1CX41;A0A6B7ICM3;A0A173ADS1;Q861G2;Q8HWH1;A0A173ADS0;Q95HN2;A0A5K1TTM3;A0A0N7A551;K4Q1G1;A0A7S4PT42;A0A0G4PYK8;D7RIH6;A0A6V7B675;A0A0A8LDX0;A0A7R8RK57;A0A075M456;Q29903;A0A0A8LDW1;A0A5K1TT61;A0A4Y5RB73;Q9MXZ8;Q9MXZ7;A0A5J6WEE7;A0A1V1IGJ9;Q95IH1;A0A7G2CW37;A0A7G2CTI7;A0A1S5QRG6;A0A180H7E3;A0A223G1C4;A0A6B7G2G1;A0A3S6RGP9;A0A3S6RIP3;A0A493QP82;A0A3S6RGX9;A0A5H2UZ26;A0A678ZDI7;V6BPA6;A0A678ZDW4;A0A1B1CX38;A0A678ZEY5;A0A678ZH80;Q95HK5;A0A678ZHL3;A0A678ZWJ6;A0A1S6GL24;A0A0M4KNQ4;A0A1B1CX43;A0A3S6RGN6;K4RID0;A0A5K1TTF3;B2RG90;A0A7T3RIV1;O19679;A0A5B9R2W1;A0A482PHJ7;A0A4Y5R8N3;A0A6G6AE17;A0A1B1CX53;A0A858B7E3;A0A858LH80;A0A1B1CX47;A0A1B1CX51;A0A5K1TTJ7;A0A678ZWR1;B6ETR7;B3GV29;A0A678ZT49;A0A678ZI99;A0A858LHE6;A0A5H2UR92;A0A858LNC4;A0A5H2UFY6;A0A5H2UGC8;A0A3S6RGS0;A0A0P1GL35;A0A0Y0BU96;A0A6B7G2G3;A0A678ZWE6;A0A678ZV38;A0A678ZU92;A0A5H2UT90;A0A5H2UFT3;A0A3S6RGX5;A0A5H2UCK1;A0A4P2ST27;A0A4P2SSJ1;A0A493QP81;A0A3S6RIZ2;A0A3S6RGN2;A0A1G4P1H3;A0A4P2SRU6;A0A858LH68;A0A5H2UGE5;A0A3S6RGX4;A0A858LER4;A0A6B7IAH4;A0A678ZW31;A0A5H2UFR4;A0A5C1X5B9;A0A5H2UST2;A0A5A4LM62;A0A5H2UWU3;A0A5H2UXB8;A0A481SU51;A0A455JX72;A0A5A4LJ78;A0A5K1TT67;A0A455JX70;A0A3S6RJ68;A0A5A4LHH9;A0A4V0NPB7;A0A4U8YZ49;A0A4P2ST83;A0A4P2SSI6;A0A4P2SS72;A0A493QPA4;A0A8E4NFW8;A0A5H2URL8;A0A6B7G4J4;A0A6B7HG09;A0A6B7HG19;A0A6B7G272;A0A6B7G2H9;A0A678ZWP3;A0A678ZDG8;A0A5A4LI59;A0A6B7G365;A0A455JUD5;A0A6B7G0H4;A0A3S6RGK1;A0A3S6RGG8;A0A3S6RGE6;A0A4Y5QW06;A0A6B7HG21;A0A224AVR9;A0A6B7HFE3;A0A6B7G1L3;A0A493QP91;A0A678ZHY3;A0A678ZD95;A0A678ZW25;A0A6B7HG90;A0A678ZUR2;A0A1P8W1Q2;A0A678ZFA5;A0A678ZEW3;A0A678ZYW4;A0A4P2ST53;A0A5H2USL3;A0A5H2UD94;A0A6B7HG77;A0A678ZWE2;L7QJG9;S5UF40;S5TYJ0;M9P995;I7KJ78;V5NR41;L0BVK5;I7KLY6;J7F582;Q6Y1S2;O78054;M9PAH6;A0A866K416;O62870;O19804;O19504;N1NSB5;M9ZYZ0;M9PA03;Q0GB79;S5TRE6;O78212;Q2L4U2;M9PAI4;Q202I5;D7GK32;D2D3G5;D2U823;K7ZN81;Q8SNB5;Q53ZR8;Q30109;Q2LIR5;P79552;Q5IWM0;X2FP19;A0A223G193;Q860C0;A0A5K1TT71;A0A678ZU30;Q29737;A0A5H2UFJ4;A0A0A8LE04;A0A5H2UFS1;A0A0A8LC43;A0A678ZUJ6;X5CF47;A0A7S4PRE8;Q8WLU0;O62880;Q53YS1;J7FKX8;L0RH33;M4YNJ2;R9WRN8;M9P8N7;M9P989;K0P0J2;J7K483;Q9TQ62;Q30009;Q7YQ30;D4P2X3;S5TPR9;J7K7H4;Q9UIM7;Q30158;A0A5K1TTK3;D3U4E5;A0A141R7G5;D4P2X4;D5FUG3;A0A7D5HQY3;C9WEX4;B3GDG8;C8XTM0;C8XTJ6;C8CJD8;C8CJD4;C8CJD3;C8CHC3;C8C9W0;C6L829;C6H0Y3;C5NU25;C4PJL7;B3GDG7;A0A7S5L7L6;B2NJ28;A0A678ZHT4;A0A1S5QRE7;A0A1X9I570;A0A291NGL3;A0A3S6RGW4;A0A3S6RGX7;A0A6B7G1P9;A0A2H4G2R9;A0A3S6RGY2;A0A2H4G0C7;A0A2H4FZZ8;A0A3S6RGY6;A0A1X9I575;A0A455JW87;A0A288QYL1;A0A288QDF6;A0A5H2UFT4;A0A5K1TTF1;A0A1X9I6B7;A0A1X9I5H4;B2NJ27;A7UP00;A7UMH5;A0A2U8RMK0;A0A5K1TTK2;A0A0A7CAM6;A0A0A7C9I3;A0A0A7C9H9;A0A2I4PZS3;A0A0A7C4Q6;A0A0A7C468;A0A0X7YVK1;A0A0E3DDA6;A0A2H4G4A2;C9DSL5;C9WEY1;D0EVN8;D6PZZ5;D6BPR3;D5FUG4;A0A0A7CAZ9;A0A0G2R120;A1DS51;A0A0A1I7H5;A0N0W5;A0AQY1;A0A8F4JG82;A0A8F4G8A8;A0A8F4G6R1;A0A1C8DVA7;A0A090KNI9;A0A0A8LE18;A0A0N7A525;A0A0X7YLB5;E9L5Q4;A0A5K1TTE8;D7RIH5;Q5Y7D7;A0A5K1TTI4;A0A0N7A544;A0A346DAR0;A0A6B7G3D5;A0A678ZGA1;A0A3S6RGI0;A0A3S6RGF9;A0A678ZHK2;A0A5K1TTR1;A0A6B7G2F7;A0A5K1TTS3;A0A3S6RGG7;A0A5A4LID4;A0A858LFN3;A0A1L7H7D7;A0A3S6RGL9;A0A5K1TTS5;A0A4P2SSR1;A0A4V0NPB3;A0A5H2UFS2;A0A3S6RGK4;A0A5H2UXD3;A0A142J2X4;A0A4P2SS38;A0A678ZDJ9;B3GV30;A0A6C0SEC9;A0A1B1CX49;Q29973;A0A448W9H1;A0A6H1PSN1;A0A1Y5U1D4;A0A3G2CJ48;Q3LA85;A0A6B7G258;A0A1D8MAN0;A0A2L0RIN3;Q3LAB9;A0A6B7KQE7;A0A6B7HH72;A0A6B7HFU9;A0A678ZF81;A0A3S6RGK8;A0A678ZT22;A0A1W2HC85;A0A1B1CX45;A0A455JSH1;C0MQV5;A0A411LPL9;A0A5H2UGD6;A0A1B1CX57;A0A1B1CX55;A0A1B1CX50;A0A0A0RD54;A0A5P8NFE8;A0A6B7G2G5;F2X0U6;A0A4P2SRX3;A0A493QP83;A0A2R7Z5L0;A0A8E4NGU2;A0A493QP85;A0A4P2STB1;A0A6B7IBA3;A0A678ZWS1;A0A8E4NFA7;A0A6B7G0G1;A0A6B7HF69;A0A0A0REP8;A0A858LG13;A0A6B7IBC0;A0A3S6RJ22;A0A6B7HFN7;A0A8E4NGM4;A0A6B7IDJ4;A0A1B1CX48;A0A455JX33;A0A4P2SU14;A0A4P2SS32;A0A6B7G3A6;A0A5H2UZ02;A0A224ANN1;A0A7L4X6N4;A0A5H2UWF6;A0A0A8LDZ9;A0A4P2SRV6;A0A6N0A406;A0A7R8NFY3;A0A6B7IDH2;A0A678ZYV2;A0A678ZYZ0;A0A678ZG91;A0A5A4LMJ1;A0A678ZDW2;A0A858LG35;A0A5A4LIP2;G9FJH7;A0A678ZUQ3;A0A678ZF44;A0A678ZDN0;Q29888;A0A678ZDX4;A0A5A4LJ87;A0A858LG29;A0A678ZHG9;A0A2Z4LL32;A0A5H2USG8;Q2LIR3;A0A223G175;A0A173ADR4;A0A223G153;A0A6N0A226;A0A7L7TQY0;A0A5H2UZ83;A0A6B7G1I5;A0A5K1TTM6;A0A5H2UD34;Q29972;Q30104;A0A5A4LKQ5;A0A0A0WAE5;A0A678ZV77;A0A678ZDH9;A0A6B7IAJ8;A0A6H1PR42;A0A346DAQ5;A0A4D6DKR6;A0A678ZSW3;A0A482CVH5;A0A678ZV26;A0A8G1LTI4;A0A223G1B1;A0A678ZDT3;M1V8P6;A0A4P2SS69;A0A6B7G1U8;M1VK03;A0A896SZ77;A0A896SZ72;A0A455JVP3;A0A8F7CEZ1;A0A5H2UXC4;A0A024F8R0;Q30114;G9FJH8;A0A223G1B4;A0A678ZDY5;A0A8F4WI60;A0A5H2UZ62;A0A7S5GRG3;A0A858B8H7;B3KYW3;A0A223G195;A0A346MPT5;Q29696;A0A173ADR6;A0A678ZDQ1;A0A5P8DHY5;A0A5K1TT68;A0A6B7KXM1;Q13365;A0A678ZDN2;A0A2I4Q0E9;Q29789;A0A0S4L033;F4NBK8;A0A5K1TTH6;A0A5K1TTK6;D2K7S2;F8RHJ8;Q768U3;G1EMZ3;F8RHK4;E3SWP9;A0A0A7C9N1;F8RHJ7;H2BDS3;G9I2Q0;G9HWB3;C8XTL4;Q9GJE9;Q8SP68;Q45G75;V5JA83;F8RHK2;F8SL08;F2X656;G9I2P9;A0A0E3DDS9;A0A0E3DD66;Q9TQ49;A0A0A7C474;N1NTH4;N1NSC4;I6NXP1;H8WV99;S4T6M6;F8LSY0;A0AQY7;H2DLU4;F2X652;G9HWC7;S4T755;F2VNW3;H8WV56;A0A5K1TTQ2;G9HRN0;A0A1X9I4X8;A0A5A4LJC2;A0A3S4FM70;A0A3S6RGW5;F8R8M3;F4NBN7;A0A3S6RGY7;A0A3S6RJ87;A0A455JSP5;A0A4P2SSW0;F4NBL8;G9HRM9;A0A1L2BMT6;A0A1C8DW92;A0A5H2USU8;A0A5H2UTJ4;F4NBL0;A0A5H2UZL2;C8CJD0;F4NBK5;A0A2U7MW47;A0A1V1IFQ1;A0A1S5QRQ2;G8GLM3;A0A286MCG7;I6MHJ8;G9HRM8;G9HRM7;A0A1X9I574;A0A1X9I596;A0A1X9I5C0;A0A1X9I5D1;A0A1X9I5D9;A0A1X9I5I5;A0A1X9I571;A0A1X9I4X3;A0A1S5QRQ4;A0A1L2BMK6;A0A678ZVF7;A0A1S5QRE1;A0A1S5QRP1;S4T6R2;A0A1L2BML7;J7F4Z7;A0A678ZL59;A0A1S5QRD1;A0A186VNG3;A0A0A7C528;A0A0A7C4Z8;A0A0A7C4Q0;M9PAG9;F2VNV1;A0A6B7HFN6;F1CCM4;A0A186VNG1;A0A5K1TTK8;A0A5K1TTA3;A0A4V0NPB2;A0A0E3DDP8;A0A493QPA5;A0A3S6RIX4;A0A3S6RGV4;A0A858B8K1;A0A0A7CAL7;A0A0E3DDP3;A0A109VDZ1;A0A109NRH5;A0A2U7MW57;A0A2I4Q0B8;A0A0E3DDP7;A0A023VT86;A0A061CLB2;A0A0A7C3I5;A0A0A7C4B0;A3FP43;B3VTQ8;C1KJK6;G9HWC3;A0A0K0KRN5;A0A0N7A4Q0;F1CCP6;G9HWC1;A0A0G4KBX0;G0ZPP3;E9LT12;U3RHE3;A0A5K1TTD0;A0A288QRZ1;A0A1C8DV27;A0A0X7YJ96;A0A0X7YLA7;A0A0X7YLG2;A0A2U7N342;A0A109NRE3;A0A2U7MW44;A0A2H4FZR0;A0A288Q9F2;A0A1X9I6D1;A0A186VNF3;A0A1X9I577;A0A1X9I4Q1;A0A1S5QRF4;A0A1L2BMT2;H6VQN9;K0P0J3;A0A5K1TTF2;A0A186VP38;S4T761;A0A1X9I586;U5IQJ3;A0A141AZJ6;A0A141AZJ0;A0A120GWD1;A0A120GWC9;A0A0X7YRK7;A0A0X7YNH8;A0A0X7YLE6;A0A0N7A6U7;A0A0N7A6S5;A0A0N6W7L8;A0A0M3LD95;A0A0M3LBJ1;A0A0N7A4R6;A0A0M3LB62;A0A0N7A6L3;A0A0M3LB41;A0A0A7C572;F1CCQ1;A0A1X9I5Q0;A0A2H4G499;D2DL42;Q860I3;Q860I2;A0A5K1TTP5;A0A5K1TTC5;A0A2S0SYU9;Q9TPE2;Q5XWD6;Q95385;Q45KF7;A0A5K1TT78;M9P8P7;L0HR21;K0P2W4;O77978;S4T6L2;A0A5K1TTB1;A0A286MCI7;D5G251;A0A1B1RV16;D3U4F1;A0A2H4FZR9;A0A858LFM4;I7JI15;A0A6C6XEG6;A0A678ZLC2;I7JCR9;I6NWQ4;I6NS99;I6NVR5;D3JV09;I6M558;H8WV84;A0A6C6XED4;A0A1C8DU67;O62890;A0A5K1TT88;M9PAI2;C5MRD8;H8WV62;H8WV61;Q29715;A0A5K1TTA1;H8WV60;F4NBK9;Q30156;A0A5K1TTA2;Q9MY15;Q9MY12;Q9MXZ2;Q9MY08;Q9MXZ1;Q29727;Q29834;Q29802;E5RV95;E5RV99;O46698;N1NV01;R9RSI5;Q9TPX0;S0F2C4;Q9MYC2;Q9BCQ2;Q29890;I6NS92;Q4U0U6;Q9TQ46;Q7JFQ0;Q30123;Q29906;Q9MYD7;D3UTA6;Q8SP67;G1EMV7;G9HWD0;A0A2H4G000;D0VE58;D9IFQ9;G1EMV8;G8HT84;G9HRN2;E3SGD6;A0A1C8DV46;G9HRQ0;G9HRQ3;H9C8Y0;A7UP02;A0A2H4FZQ6;A0A180H5R4;Q58HT8;A0A2H4FZZ0;E7D850;D2D3I2;F8SY61;A0A141R7G0;A0AQY6;G9HWD1;C8C9V5;D2D3H7;D7R0U9;G5EM92;A0A5H2UD16;A0A288Q9G1;F8RHK0;A0A2I4PZX1;C9WEX7;F4YUA6;C8CJD7;A0A288Q9E0;F1CCM7;E0X9N0;E2D5U2;C8CJD5;A0A1M4NF52;H6A2E3;E7BYE0;D0V3Q2;E2D5U9;G0X8U5;A0A2H4FZN8;B2NJ32;A7UP09;E2GJP1;A0A288R0Z6;A7UP10;H8WV57;A0A223G179;I2CSG7;H8WV98;A0A5K1TTL9;H2E2A7;Q29821;G9HWC4;A0A5K1TTD2;F4NBL3;F2X649;D5FUG8;F2VNV0;A0A2U7MZ97;A0A678ZW40;A0A678ZTE6;A0A1B1CX46;A0A224ATS4;A0A6B7HG64;A0A2I4PZV2;A0A5A4LU61;A0A2I4PZS2;C8XTJ4;A0A678ZG49;A0A678ZGB0;A0A678ZGH9;A0A678ZUS4;A0A679KA51;M9P9R8;E9NVG9;J9PVP2;Q3LAC0;A0A678ZWC8;A0A5K1TTJ0;A0A6C6XED5;A0A5K1TTL3;M9P9Z4;A0A5H2UZK5;A0A858LGW3;A0A5K1TTK9;A8YQE8;B0LUY9;E9BVU5;A0A110BBD6;A0A5K1TTL2;A0A1J0A2G1;Q3LAB3;A0A5K1TTS0;A0A2I4PZT3;N0A0P5;M9P986;Q3LAB2;Q3LAB4;A0A1G4P1G7;A0A0N7A504;M1LQ10;L0BVZ5;I7C4J1;A0A0A7C9H6;I6NN92;I6NN61;A0A0A7UXE0;A0A0M3LBF4;A0A141R7G6;H6ULF5;A0A1C3L6E7;A0A1X9I615;A0A2I4PZW7;A0A2U7NHX3;A0A678ZWL5;A0A6H0Y7B6;A7DWG6;C9WEY2;C8CHC5;D2SSL6;A0A3S4EUT4;A0A858LN17;A0A186VNN8;R9USG0;A0A6B7G1F0;A0A5K1TT82;A0A5K1TT85;Q29769;Q30103;A0A223G1B2;A0A1X6WJP1;E2DHC0;E2GJP0;F1CCN7;H2BDS6;A0A455JU08;Q30178;V5TG83;A0A5K1TTB4;Q3LAB5;A0A5K1TTB3;A0A5K1TTB2;M9PAI5;J7F8K2;I6NWR0;I6NN95;Q3LAB8;D0VE51;W0HE86;C8C9W2;A7UHG4;A0A678ZW51;A0A1X9I5B4;Q702H0;G9HWC0;J7F573;L0BVW1;M4W203;M9P9B5;Q19K81;A0A1C8DT49;A0A2I4Q009;A0A5A4LMM3;A0A075M4J2;A0A6B7G577;A0A6B7G551;A0A5H2UZ77;A0A0A7CAK2;A0A6C0MF17;A0A6C0SEG3;A0A7D5IC26;A0A8F4JCY1;A0A649ZUZ6;F8TVY1;E9M4N7;A0A180H6P7;A0A180H6K7;Q9BCP8;I7AY81;G9FZ59;M1VNN5;G1EN22;D2DL43;A0A858LGZ0;A0A0N7A4P0;W0HIT3;M9P982;F4NBN9;D3KYL3;A0A5K1TTG9;A0A1S5QRE0;A0A125T1T6;A0A0A7C4R8;I6NS96;A0A513XAL6;C4PJL5;F8RHK3;Q3T976;L0BVR7;A0A288R1N7;A0A141AZI2;A0A0X7YL99;A0A0N7A564;A0A411LPI3;B5A8Y7;A0A0F7VKI0;M1V8P5;A0A1L7H755;Q8MGZ7;Q9MYB9;Q29736;Q29735;E5RV98;E5RV91;Q5ID26;A0A455QXU3;H8WV68;A0A6G7NUA5;Q9UEX9;Q8TB62;Q9MY16;Q30122;Q9MY11;Q29647;A0A0A8LDV5;Q30128;A0A0A8LE20;A0A455R0R3;Q9MY07;A0A075M2N1;Q9MY14;Q30127;Q3LTJ2;A0A4Y5UXW4;A0A6C0SGA4;Q860Y4;A0A078K598;A0A5K1TT80;Q861H3;Q9BCP9;A0A223G1C2;O77961;A0A7L4X6P2;Q0PGS7;A0A858LEN8;Q30110;A0A0A0WB88;A0A5K1TT83;A0A6B7HH81;Q14FK6;Q29725;P79550;O19786;A0A0A0WAE1;A0A8E4J5I6;Q29895;O46873;B3GDG6;A0A6B7HH40;D3U4F0;D5FZN8;D5FZP9;A0A1X9I554;A0A678ZDI2;A0A678ZDM4;A0A5H2UTC1;A0A678ZDT4;A0A678ZES1;A0A678ZTD7;A0A678ZWI8;A0A6B7G531;A0A5H2UCQ0;A0A4V0NPA7;A0A6B7HFQ1;A0A6B7KQD7;A0A6B7L183;A0A1S5QRQ1;A0A1L2BMU9;A0A1L2BMJ5;A0A1C8DWJ8;A0A6B7HHE4;A0A3S6RJ01;A0A6B7G2C5;A0A6B7G1A5;A0A455JSE3;A0A678ZUR6;A0A5H2UWJ2;A0A1X9I564;D6MJL3;A0A1X9I565;A0A0A7NZX2;I2G868;A0A858LH06;A0A678ZYX3;V9N2Y1;V9N2U6;S4T6R1;Q9TP94;Q95HL4;Q7JFU9;Q31624;N1NTH9;M9P8N5;A0A2H4V0T6;A0A2H4G2W3;A0A2H4G0E0;A0A2H4FZY7;A0A2D1CBP1;A0A288Q9N4;A0A286MCI9;A0A1X9I6N1;A0A1X9I631;A0A1X9I5N7;A0A678ZDL0;A0A455JUF4;A0A678ZDD7;A0A5H2UZ47;A0A455JWD3;I6Z8F2;A0A3S6RJ95;A0A3S6RGZ1;A0A3S6RGX3;A0A3S6RGX0;A0A2U7N3K4;A0A1C8DW79;A0A455JW82;A0A1X9I580;F2VNV2;M9PAJ0;M9P9S3;A0A7G7Y9G2;A0A6B7ICL9;A0A678ZDS8;M9P9A8;F8RHL1;F2VPA1;F2VP95;F1CCN0;D6MKY6;A0A678ZDP7;A0A455JWD9;A0A4P2SS76;A0A5H2UDS1;A0A5H2UFW9;A0A5H2UT74;A0A5H2UFQ2;A0A4P2SUS4;A0A4P2SU31;A0A3S6RIN7;A0A3S6RGP0;A0A1P8VK59;A0A5A4LLC8;A0A5A4LNV7;A0A068B7P5;A0A5H2USJ4;A0A0N7A556;A0A678ZKB9;A0A2I4Q025;A0A3S6RGW9;A0A678ZG69;A0A5K1TTQ8;A0A5K1TTP1;A0A4P2SS65;A0A5K1TTJ4;A0A5K1TTG4;A0A5K1TT96;A0A0X7YRL3;A0A186VNH4;Q6T718;A5I885;F4NBL5;D2D3H6;Q8MGZ9;D0VE50;A7X5H1;A7X5G4;A0A0E3DDV5;A8D9Z0;A7X5C9;F2VP98;I6NWQ7;A7UMH2;W6MVR4;A7X5D5;A8KQQ2;Q9MY29;Q9TQ45;Q9TQ57;S4TZL7;C5NU45;J7F509;H8WV67;C0LAB6;G4XPL9;A0A0A7C9P8;A0A1X9I4Y2;Q5NDA2;Q6DMR0;M9P9S7;M9P9A1;M9P9A0;K0P793;G1EN29;F8SY58;A0A5H2UD01;G5EM94;G9HRM6;F4NBL9;H2A3P4;Q860V5;F4NBL6;H2BDT7;D6CI38;D7RJ37;C0LAB9;W0HHN7;A0A6M8PDX6;Q9BCS6;A0A5K1TTC9;C9WEV9;A0A5K1TTT1;D2D3G3;D2D3H9;D7NR19;D9U3I0;E1U687;E7DVC3;F8SY63;A0A288QCM9;D7NPQ4;D7GN79;D2D3G6;A0A5K1TTM1;C0LAC2;B3GDG5;A0A5K1TTI1;A0A5K1TT98;H8WV91;A8C5I7;B3CL08;W0NT93;B2G3E5;B8Y6B0;A5HMQ3;B7U794;A0A180H6M0;A0A141AZJ1;A0A0X8XVS6;A0A2H4FZQ7;A0A2H4G2T0;U5IT82;A0A5K1TTE2;A2VBX2;A0A186VP43;A0A1C8DV97;I6NXN5;A0A1L2BMJ0;A0A1L2BMK5;A0A0A7C9G2;A0A7L4X8L9;A0A8E4J677;A0AQY4;Q5CC31;U3UA21;A0A1S5QRF9;A0A1S5QRE6;D2EAF6;A0A288QA70;A0A0A7C493;A0A2H4FZS0;A0A2H4FZS3;A0A0A7C547;A0A2I4PZU9;A0A180H6H8;A0A2U7NMP7;A0A0A7C4Z1;A0A2H4G491;A0A0A7C555;A0A2I4PZU1;A0A0A7CAZ3;A0A090KQC9;A0A1S5QRF3;A0A141AZJ7;M9PAJ3;A0A120GVV4;Q5DUF5;A0A180H738;Q546B9;Q4F6M7;Q0PH71;A0A288QA52;M9P9Z2;O78080;N1NSB9;O77963;A0A109NRG9;F8SY60;Q860E1;W0NTG8;K0P7G6;A0A858B7V6;W5REC0;E1U684;A0A1L2BML0;Q9TQ56;A0A7T3P0R9;Q9TQ52;D9U3H7;A0A0A7C460;Q8HWS9;Q7YQ99;K7XHD2;F8R1D4;I6NVY4;I6NSA1;A0A0X7YRL9;S0F2C6;A0A0N7A6S3;A0A0N7A4L8;A0A0N6W7L7;A0A5K1TTK1;A0A0G2R121;A0A1S5QRC1;A0A858LH50;E9NVG8;A0A2H4FZT5;A0A858LGN2;G4VV07;Q9GIY9;S4T757;A0A1L2BML5;S0F2C8;S0F2D5;A0A858LGY0;A0A858LN58;W8YE22;A0A6C0SH49;A0A1X9I4R4;A0A1X9I6C3;E5DCR3;A0A288QS17;A0A7M4BHC2;A0A2H4FZT2;A0A2I4PZR9;A0A2I4PZU8;A0A2I4PZV7;A0A2I4PZW4;A0A455JW64;A0A5K1TTB0;A0A5K1TTB6;A0A5K1TTF8;A0A5K1TTH4;Q8SNC2;A0A5K1TTL4;F8R1D9;A0A0M3LBL5;A0A6C0SHG7;A0A5K1TTN7;A0AQZ4;A0A6C0SDS3;A0T4C2;A0A1C8DVY1;A0A1X9I4Z5;A7UP01;Q7YQ27;A0A678ZDM1;A9YQ96;B2ZCX8;A0A2U7NH14;C7DRS1;A0A5K1TTQ3;W8YE16;G1EMW4;G1EMW6;A0A5K1TTP9;A0A5K1TTI8;A0A0A7C3L2;G1EMW5;A0A5K1TTJ8;A0A4P2SSQ1;G1EN25;G9HWC5;H8WV59;M9P8N9;E0WN74;F4NBK7;E3Q0T3;F8SY57;E3WHS7;E9NVF8;V5J9W1;F1CCQ8;S5UGF8;A0A5K1TT58;S4T6V1;B3VTQ4;F1CCQ6;F1CCQ9;F2X667;A0A5K1TTN6;F4NBK6;A0A288QAF4;D9UAX2;M9P9S9;A0A5K1TT97;A0A1X9I553;E9NVH6;C8CJD6;D2D3G9;D2D3H0;D2D3H1;D2D3H2;A0A5K1TTF6;I3TBB6;D2D3H8;F8RHL6;D2D3I0;D3JV14;D7NR20;I2G7Y7;H8WV89;H8WV64;Q6T714;D9IFR0;I6NN98;I6NNA1;S0F0E9;H8WV58;Q9TQ54;G4XPM2;A0A858B7G3;Q9TQ55;A0A455JVZ3;A0A2I4PZV4;A0A2I4Q0A5;A0A180H5S5;G1EN28;A0A075QB04;G1EN26;F1CCQ5;G0ZDX9;U6BZR3;G0X8U3;F8SY59;G1EMW0;M9PA02;F8RHM0;C8XTK6;C8XTL1;E3SGC8;F8R1D6;I6NVX7;Q95HK6;Q95HK7;H2DML5;H2BEB4;H2BDT8;H2BDT6;H2BDR5;G9HWC8;E3SWP4;G9HRM3;G8HT88;Q95IF0;G5EM95;Q9MY65;F4YZX0;F1CCM6;E3SWP5;C5E7P4;Q4U3X3;A0A2U7N340;A0A6B7KVF8;A0A8F5A6B1;C6L826;G8GB37;Q861C6;Q861A4;G8G269;G3CC12;G1EN23;G0ZMN2;G0ZDX5;E5RV97;F8SL12;F8RHM4;A0A5K1TT59;D5GWK8;Q3LTJ1;F8R8M2;F8R1E2;Q9MY04;A0A5K1TTP6;Q29786;Q9MY05;G8GB38;A0A0A7C597;I6NS68;H8WV66;A0A098CM30;H2BDT9;O77971;Q29719;Q30113;A0A5S8K7D1;A0A5P8NFE1;H2BDS2;Q14FK8;Q30157;G9HW15;G8GIE7;A0A223G196;G8GB41;G8GB40;G8GB39;F8R1E1;Q9MY06;A0A2U7N9T5;A0A186VNH5;A0A7S4PSP8;Q29728;A0A2H4FZV4;A0A182AUB3;I6NVY9;I7HB73;A0A0K2GUX6;Q7YPT7;A0A0K0KRD4;H8WV86;A0A0G2R123;A0A0F7W070;Q29799;A0A0F7IQ07;Q56FN8;A2BFX2;Q8WLS0;A0A7S4V2F4;Q29805;Q30129;A0A1L2BMK4;A0A0A8LDY6;A0A1S5QRF0;A0A0A8LDV8;F8R1E0;G8GB36;C5IZL0;C4PFX4;U5YLY3;B6DST2;A0A288Q9I0;A0A1X9I6K3;Q9MY10;A0A1X9I5P9;Q9MY09;A0A1X9I593;A0A1X9I572;A0A1X9I539;A0A1X9I514;A0A5K1TTA0;Q31641;A0A1X9I4Z7;Q30195;S5TYJ5;A0A0A7C4W9;L0BVP2;F8R1D8;I7B299;G1EMW7;G1EMW8;G1EMX0;K0P7G9;A0A5P8DHY3;A0A0N7A555;H6A2E4;G1EMX1;A7UNZ6;A0A5P8DHY1;I6NS89;A7UP06;A7X5I3;A0A5A4M3G6;G8GB45;A0A5K1TTC7;B2NJ38;L0BVN9;M9P981;F8R1D7;A0A5K1TTN3;A0A2U7NN38;A0A3Q9VBZ2;A0A411J0I0;A0A455JW60;A0A4E0VBE7;A0A4P2SS50;Q29869;M9P9Y3;N1NTB7;Q5DKQ6;M4YUW8;U5IRI6;A0A5K1TTH9;V5J9Z3;L0BXM1;A0A8F7CG09;A0A2U7MWL5;L0BXK2;L0BX03;B3VTQ5;Q29692;B6DST0;A0A2U7MWM4;Q29918;D9IFQ1;D6MJB7;A7DZ90;D5KXD1;D5G2K9;D5G2J5;D3JV07;D3JV06;D2D3G4;D0VE55;D0VE47;Q29632;C8XTL3;C8XTL2;C7C5G1;C6L828;Q29668;F8R1D5;D9U3I1;E3SWP7;U3PUN8;A0A5K1TT90;A0A2H4FZW5;I6NVY1;Q861G3;I7DEM0;A0A0A7C4P3;C6L822;Q9BCP7;Q9MY77;B8YM95;Q9BD34;F6KS23;F2X663;Q8SNC0;F2VS07;F1CCR1;E8ZWG7;A0A5K1TT91;A0A141AZI8;I7A6V4;Q0Z850;W0HE91;A0A678ZG79;L7SW87;A0A3S6RGJ6;A0A3S6RGI5;A0A3S6RGH8;A0A3S6RGG1;I7KSM4;A0A678ZDV4;A0A5K1TTJ1;A0A5K1TTT7;A0A5H2UWP1;A0A5H2UWI2;A0A5H2UFK3;A0A678ZGF1;A0A447ITR9;A0A678ZLG2;A0A5H2UDC1;A0A5H2UCR9;A0A5H2UCI1;A0A5A4LLG7;A0A4P2STG9;M9P988;A0A4P2SSN6;U5F074;E0WN73;T1R3B5;Q9BD02;A0A3S6RIY1;A0A455JSB7;A0A1S6M228;A0A6B7KYX5;A0A3S6RGK6;A0A3S6RGD3;A0A6B7HFV4;A0A6B7HF58;A0A6B7G569;A0A6B7G560;A0A6B7G1P2;A0A678ZV58;A0A678ZV42;A0A678ZI40;J7JWQ2;A0A6B9HD06;A0A6B7KQD8;A0A455JUG0;A0A6B7IC49;A0A6B7HH48;A0A1S6M247;A0A678ZF54;A0A678ZD65;A0A3S6RGJ2;A0A6B7HH37;A0A4P2SS37;A0A493QP90;A0A455JW39;A0A455JW11;A0A455JVT1;Q3LAC1;F4NBL1;A0AQY3;A0A0K0KSF3;O19599;A0A0A7C3H3;A0A0A7C431;M9P8P5;A0A0A7C9P5;N1NVB2;A0A0A7CAK6;A0A076JWY8;A0A0E3DCJ2;S5TRF0;A0A0E3DD60;A0A0F7W023;A0A0M3LB43;A0A6B7IB95;A0A0N7A4S7;A0A0N7G7C9;A0A090KJ20;A0A0N9QWI0;A0A186VNF2;A0A0A1ITX8;M9P8P1;A0A1C8DW60;L8BTX7;S4T6T5;I6TN34;K0P797;V9N336;A0A0A7C3G2;A0A0E3DCF0;A0A090KI61;A0A186VNQ2;Q95HK9;Q95HK8;A0A0D6E1J6;Q95HK3;Q8MH61;Q75NJ5;Q70IU8;A0A5K1TTS1;Q9TQ58;Q6T862;M9PAI6;M9PA05;Q3LAG4;A0A1W6C2L4;M9PA00;O19586;M9P9R5;M9P9Q6;G0YWD4;M9P974;A0A5K1TTN1;M9P8P6;A0A097P796;S5UGG1;A0A2K4N822;A0A3S6RIM5;A0A0A7CAY6;P79606;Q4F6M6;Q9TQ51;Q5NT90;Q5U8S4;Q6RCP8;A0A090MHZ3;Q6UB42;A0A1B1CX40;A0A678ZEZ4;A0A4P2SSA9;A0A142J2X5;A0A1D8MAK9;A0A1L7H6Z7;A0A5H2UWN5;A0A858LN47;A0A7D4XBS2;A0A6B7IC42;A0A6B7HFA4;A0A1G4P1F1;A0A678ZEX5;A0A3S6RGI4;A0A678ZEU1;A0A5H2UCU5;A0A5A4LIC4;A0A4P2SSQ6;Q1KLJ9;A0A6B7G1N7;M9P9Z5;L0HNE6;A0A4P2SS22;M4YNP5;M9P8Q3;L7UUQ7;A0A6B7IDF1;M4YUW9;A0A455JW21;D3Y5Y1;M9P9A3;M9P9B3;A0A0A7C4S3;A0A5K1TT70;A0A2H4FZR8;Q95HL8;Q99947;A0A5K1TTP0;O19547;A0A5K1TTM5;A0A5B8LE09;A0A141AZH9;A0A141AZJ8;A0A5K1TTM0;A0A2H4FZS9;A0A2H4G2S3;Q9TQ61;E0YTP3;O78037;Q29685;O78184;Q8HWT8;A0A141AZH8;W8SMC7;P79546;Q29713;Q29723;R9WU62;A0A2H4FZQ1;Q9TPW8;Q9TPW2;A0A2I4PZV0;A0A5K1TTG5;A0A2I4PZU4;Q9TQ70;U5XKZ8;A0A2I4PZU2;A0A5K1TTG1;A0A5K1TTF9;Q95384;A0A2I4PZT1;Q6WIG6;A0A0U4WP24;A0A120GWE6;A0A141AZH6;A0A186VNI0;D7R0W0;Q29816;A0A141R7G1;A0A186VP40;A0A1C8DT55;A0A1C8DT64;A0A1L2BMK2;A0A1S5QRF7;A0A5K1TTF4;A0A224AUH9;A0A288Q9E6;Q30124;A0A5H2UD19;A0A5K1TTH0;C8XTJ5;A0A2I4PZR7;D7NSS9;Q9Y454;A0A5B8LEA6;A0A4P2SSE5;A0A3S6RGZ8;A0A3S6RGY1;A0A4P2STN0;A0A4P2SUU4;Q9MXZ6;Q8WLQ7;Q9MXZ9;A0A158T3K8;F8SY65;C8XTL5;F8SL04;F1CCP0;Q31646;A0A4P2SUA6;Q31640;S5TPS4;Q31643;Q70Q10;V5JAA0;Q07122;W1I684;A0A0F6MTF4;A0A0K3AYW4;P79499;Q95HN0;S0F2K8;S4T707;T1WG71;Q29803;A0A1B0Z6G7;A0A493QPA3;F1C3G9;G1EMX8;Q14FK7;A0A0N7A6T9;Q29904;Q29902;H8WV88;Q9MY83;S0F2K3;A0A1L2BMK9;A0A2H4V0U7;A0A2U7NHX6;D7GK33;F1AQS4;A0A5K1TT93;U3RD04;Q29671;C8XTM5;A0A223G168;Q29717;D5L9F3;D5G250;D3JV15;D3JV12;E5RV96;A0A4E9DH72;D3GN37;A0A223G185;D2U824;C9E1J4;Q29919;A0A5K1TTG3;G1DUW3;A0A7S5GRC5;A0A2U7NGK5;L0BVW5;A0A5K1TTI3;B6ZLV2;F2X653;A0A0A7CA57;G0ZMN0;A0A224ANL3;F8SL05;G1EN27;K7QT37;M9P9A6;F8R1E5;M9P9S1;F8R1E4;G8HT85;F5BR66;H9BSP6;A0A1P8VK54;A0AQY5;A0A3S6RJ79;A0A8E4J4B0;A0A6B7G4G3;M9PA12;G9HWC2;D2D3H5;A0A0A7CAN0;A0A0E3DCK5;A0A1Z2RP37;G9HWB9;A0A1X9I548;G9HWB8;H9AB26;G9HRQ1;G8G268;G4VU14;A0A2H4FZX8;A0A2I4PZS1;G1EN00;A0A2U7MWP5;K0DF01;L0HR08;A0A0A7C3G1;A0A8E4J4F9;Q29798;Q0VUQ9;A0A8E4NGU6;F8RHK9;D7R0U4;A0A1L2BML1;A7XFV9;F4NBM1;H8WV70;A0A455JUE2;A7X5F9;H9C8X6;A0A6B7G1G3;A0A5H2USC3;A0A5A4LJW3;A0A5A4LJB2;A0A6B7HFW2;Q30119;Q6J8I8;Q6LBW7;M9P9Z0;S0F3B9;R9QZS7;M1KN83;M1Q0E9;Q9GJ59;M9P991;M9P9Q1;A0A224AV24;Q860S8;A0A3S6RIW3;Q9TQ53;A0A4Y5FSV2;A0A678ZWN4;Q9TQ43;Q9MY46;Q95HK2;N1NV03;G9I2P5;R4QIS9;F2X362;A0A0E3DDP5;A0A0E3DCG9;A0A0B5JAF5;A0A0A7V3J0;A0A0A7UZC1;A0A0A7EC03;A0A0A7CAQ4;A0A0A7C538;A0A0A7C480;A0A0A7C3H9;A0A096XJR4;A0A023VRX5;E1V2J7;E1Y6P7;E3SWQ2;E3SWQ4;A0A6B7HFN0;Q9BCP4;A0A5K1TTI6;A0A0M3LBA1;A0A5K1TT75;A0A2I4Q0C4;A0A0A7V3I5;A0A5K1TT79;Q31635;A0A2I4Q007;Q31638;A0A2I4PZX9;A0A2I4PZX4;A0A4P2STF5;A0A2I4PZW3;A0A2I4PZV3;A0A0N7A6K4;A0A0N6W7L6;A0A0M3LCM5;A0A385LUM2;A0A5K1TTI2;O19622;A0A8E4J4D4;F4NBL7;A0A858LJW3;M9P9Z8;A0A8E4J488;N1NRX2;A0A5K1TTJ2;H8WV93;N0AA59;H8WV92;H8WV90;B8ZHC3;C0LAB7;H8WV87;C5J8E6;C6H0J8;C8CJA6;H2BDS8;H2BDS0;F2X660;A0AQY8;E3SWQ8;C8CJC9;A0A0E3DDR4;F2VPA4;C8XTK3;C8XTJ0;F2X664;A0A6B9V1L8;A0A0E3DDQ9;A0A5K1TTK4;A0A5K1TTL0;A0A6H0Y7T9;A0A5K1TTL1;A0A0E3DDT0;A0A5K1TTQ6;A0A5K1TTT3;A0A5K1TTT5;A0A646RNK3;S0F3B5;Q29796","A0A0A8LE16"
"P54753",-1.12123525244373,26.3045580725069,-1.68781009435729,0.101442370535666,0.234543182876754,-5.18251652754471,"P54753","P54753"
"P61225;Q5JQ44",-0.903754778610857,29.4832019209995,-1.68645519414877,0.101705345681707,0.234977017171292,-5.18463197354032,"P61225;Q5JQ44","P61225"
"Q8N8S7;A0A4D6J698;A8K2B4;A0A097PID1;A0A097PIC4;A0A0U1RRM6;A0A075B6E5;A0A0U1RQP7;A0A8Q3WLE0;Q6ZSB8;Q6ZT55;Q9UI08;A0A024R6K5",-0.914346054892984,25.7143348305511,-1.68537243732702,0.101915908930768,0.235289207960819,-5.18632150147029,"Q8N8S7;A0A4D6J698;A8K2B4;A0A097PID1;A0A097PIC4;A0A0U1RRM6;A0A075B6E5;A0A0U1RQP7;A0A8Q3WLE0;Q6ZSB8;Q6ZT55;Q9UI08;A0A024R6K5","Q8N8S7"
"P11216;Q59GM9;B4DSD8;H0Y4Z6;Q8TDG6",-0.914365594008192,28.9040470091343,-1.68370374304113,0.102241131604244,0.23586545079411,-5.18892356099799,"P11216;Q59GM9;B4DSD8;H0Y4Z6;Q8TDG6","P11216"
"Q05639;A0A9L9PYI8;A0A2U3TZH3;A0A9L9PXK0;Q59GP5;A0A2R8Y488;A0A2R8Y660;A0A4D5RA53;Q6NSH7;A0A4D5RAE1;A0A2R8YDN5;A0A4D5RA40;A0A4D5RA74;A0A4D5RAA6;A0A4D5RAC3;A0A4D5RAB0;A0A4D5RAB4;A0A6Q8PFK6;Q6NS35;A0A4D5RA70",0.891077460947368,23.1939733132307,1.6820636195292,0.102561629357227,0.236422850779959,-5.19147898527985,"Q05639;A0A9L9PYI8;A0A2U3TZH3;A0A9L9PXK0;Q59GP5;A0A2R8Y488;A0A2R8Y660;A0A4D5RA53;Q6NSH7;A0A4D5RAE1;A0A2R8YDN5;A0A4D5RA40;A0A4D5RA74;A0A4D5RAA6;A0A4D5RAC3;A0A4D5RAB0;A0A4D5RAB4;A0A6Q8PFK6;Q6NS35;A0A4D5RA70","Q05639"
"P61077;P62837;D6RFM0;D6RAH7;H9KV45;A0A087WY85;D6RAW0;D6RA11",-1.64567399473728,26.8576942338499,-1.68169206850505,0.10263435073936,0.236422850779959,-5.19205760000789,"P61077;P62837;D6RFM0;D6RAH7;H9KV45;A0A087WY85;D6RAW0;D6RA11","P61077"
"P04424;A0A024RDL8;A0A5F9ZHM8;A0A0S2Z316;B4DU69;A0A0S2Z3B0;A0A5F9ZHC6;F8W943;Q6XYD2;A0A5F9ZI35;H7C0S8",-0.93788194235546,24.9292019144298,-1.68022159641086,0.102922579210991,0.236911826242865,-5.19434651870928,"P04424;A0A024RDL8;A0A5F9ZHM8;A0A0S2Z316;B4DU69;A0A0S2Z3B0;A0A5F9ZHC6;F8W943;Q6XYD2;A0A5F9ZI35;H7C0S8","P04424"
"Q8N474;A8KAM5;Q05DS5;Q6ZSL4;Q9BZZ6",1.51627078023059,26.1023636251726,1.67806187047358,0.103347132385802,0.237710262359673,-5.19770530740423,"Q8N474;A8KAM5;Q05DS5;Q6ZSL4;Q9BZZ6","Q8N474"
"P61626;B2R4C5;F8VV32;A0A0B4J259",-1.10790712105506,24.1251475261686,-1.67768241998833,0.10342187432577,0.237710262359673,-5.19829505524104,"P61626;B2R4C5;F8VV32;A0A0B4J259","P61626"
"Q15181;V9HWB5;Q5SQT6",-0.880239587100974,29.122506270592,-1.67641805006734,0.103671247786891,0.238107968959729,-5.20025935893198,"Q15181;V9HWB5;Q5SQT6","Q15181"
"P49247;Q53R32",-0.941295881613534,22.7095771555211,-1.67512868094213,0.103926067720808,0.238517590302576,-5.20226123367176,"P49247;Q53R32","P49247"
"Q9NRR3",1.34527343763833,24.4494798282212,1.67184942911135,0.104576503162009,0.239833906884048,-5.20734683092704,"Q9NRR3","Q9NRR3"
"Q8IWW6;Q1RLN5;B3KR88;A0A2X0TVR3;H0Y5D8;Q9H6W9",0.985428351916443,23.49267785193,1.67075287854799,0.104794757425435,0.240157860697966,-5.20904555714084,"Q8IWW6;Q1RLN5;B3KR88;A0A2X0TVR3;H0Y5D8;Q9H6W9","Q8IWW6"
"Q15785;B4DXU3;Q6ZPD0",0.885249910666129,24.7124008593229,1.66890751370247,0.105162909503004,0.24082460700431,-5.21190221889091,"Q15785;B4DXU3;Q6ZPD0","Q15785"
"Q9UBN7;B4DZH6;A0A8V8TKY7;B4DZN1;A0A2R8Y559;A0A8V8TL08;A0A2R8YDE6;A0A2R8Y6Z9;A0A8V8TLA9;A0A8V8TM63;Q9NSW6;B3KNA1;B3KVK5;A0A8V8TMA5;A0A2R8YCS4;Q9NZS3;A0A2R8Y5Z4;C9J172;B4DJ18;A0A2R8Y758;A6NDI8;E7ER52;E7EP63;Q9BRX7;B3KT76",-0.9241659528989,23.1046327796235,-1.66778969076212,0.105386439283842,0.24115943076031,-5.21363135336286,"Q9UBN7;B4DZH6;A0A8V8TKY7;B4DZN1;A0A2R8Y559;A0A8V8TL08;A0A2R8YDE6;A0A2R8Y6Z9;A0A8V8TLA9;A0A8V8TM63;Q9NSW6;B3KNA1;B3KVK5;A0A8V8TMA5;A0A2R8YCS4;Q9NZS3;A0A2R8Y5Z4;C9J172;B4DJ18;A0A2R8Y758;A6NDI8;E7ER52;E7EP63;Q9BRX7;B3KT76","Q9UBN7"
"O43639;A0A0S2Z4M6;E7EPF5;Q53TG4;Q53T91;C9J0K5;E7ERP6;E9PEE2",-0.962390146235691,23.2425793851746,-1.66633014691593,0.105678897541222,0.241651379348293,-5.21588763608869,"O43639;A0A0S2Z4M6;E7EPF5;Q53TG4;Q53T91;C9J0K5;E7ERP6;E9PEE2","O43639"
"Q15628",-1.00036640106758,23.7962913379701,-1.66390976635821,0.106165372741335,0.242585932293204,-5.21962563259285,"Q15628","Q15628"
"Q8IUR0;M0QZQ8",-0.944344168706827,22.9602060104317,-1.66284587532516,0.106379793829985,0.242897933349725,-5.22126725640286,"Q8IUR0;M0QZQ8","Q8IUR0"
"Q9P2R3;B3KPZ0;Q5H9P4;B4DZ21;I3L3P8;K7EPT2",-0.980315244721968,25.2462495770214,-1.65855250897108,0.107248757799521,0.24459260175774,-5.22788318753405,"Q9P2R3;B3KPZ0;Q5H9P4;B4DZ21;I3L3P8;K7EPT2","Q9P2R3"
"P43487;A0A140VK94;B7Z6U1;B4DE76;F6WQW2;C9JXG8;C9JGV6;A0AA34QVZ7;B3KUP2;C9JIC6",1.31526432524286,27.0025729563583,1.65840443344963,0.10727883270426,0.24459260175774,-5.22811111239228,"P43487;A0A140VK94;B7Z6U1;B4DE76;F6WQW2;C9JXG8;C9JGV6;A0AA34QVZ7;B3KUP2;C9JIC6","P43487"
"O95833;Q6FGP1",-0.926616157872978,26.5912071408393,-1.65692992730217,0.107578694879606,0.245097114192469,-5.23037981580147,"O95833;Q6FGP1","O95833"
"Q9HBH5;Q53RX3;C9J2C7",-0.919565236554007,22.9774829119585,-1.6562161221598,0.107724107325594,0.245249263320094,-5.23147748514424,"Q9HBH5;Q53RX3;C9J2C7","Q9HBH5"
"A0A8V8TKT3;A0A087WZK4;Q9H4N7;A0A087WW97",-0.922322245501103,23.5078544459518,-1.6558287803779,0.107803082737841,0.245250047453921,-5.23207296314863,"A0A8V8TKT3;A0A087WZK4;Q9H4N7;A0A087WW97","A0A8V8TKT3"
"Q9UGK3;M0R0J5;M0R2W4",-0.99767885307406,23.4332373801053,-1.65535456371545,0.107899836579322,0.245291246567716,-5.23280183953317,"Q9UGK3;M0R0J5;M0R2W4","Q9UGK3"
"P29353;B4DL02;X6R6D0;Q5T182;Q59HB0;Q5T181;H0Y539;Q8NFT0;Q8NFT1;Q5T188;Q6S5L8;P98077;Q5T187",-0.865370640403842,25.1892104159763,-1.6516618630881,0.108655722416632,0.246829714652203,-5.2384715977286,"P29353;B4DL02;X6R6D0;Q5T182;Q59HB0;Q5T181;H0Y539;Q8NFT0;Q8NFT1;Q5T188;Q6S5L8;P98077;Q5T187","P29353"
"Q8IY22;B7Z942;A0A087WU05",-0.970558916611896,23.0999514676118,-1.65052668342462,0.108888971555089,0.24717955042236,-5.2402124225668,"Q8IY22;B7Z942;A0A087WU05","Q8IY22"
"Q5STZ8;Q8NE71;Q2L6I2;A0A1U9X609;Q59F96;H0YGW7;B4DNU2;A0A0G2JJB9;A0PJ72;A0A0G2JIC2;F5GYK6",0.878767325326173,25.6025592879012,1.64991911563979,0.109013981050212,0.247283350469535,-5.24114373121588,"Q5STZ8;Q8NE71;Q2L6I2;A0A1U9X609;Q59F96;H0YGW7;B4DNU2;A0A0G2JJB9;A0PJ72;A0A0G2JIC2;F5GYK6","Q5STZ8"
"P09972;A0A024QZ64;B7Z1N6;B7Z1Y2;B7Z3K9;B7Z3K7;A8MVZ9;B7Z1Z9;B7Z1L5;J3KSV6;J3QKP5;K7EKH5;C9J8F3;J3QKK1;B7Z1H6",-0.891387182030066,28.7849140346805,-1.64925106456089,0.109151572582207,0.24741551953772,-5.24216742072801,"P09972;A0A024QZ64;B7Z1N6;B7Z1Y2;B7Z3K9;B7Z3K7;A8MVZ9;B7Z1Z9;B7Z1L5;J3KSV6;J3QKP5;K7EKH5;C9J8F3;J3QKK1;B7Z1H6","P09972"
"O95825;C9K0F7;H7C3I5;A6NND8;A6NHJ8;A6NMA8;H7C3S0;H7C338;C9JQD0;C9JAL0;F8WF64;C9JZK8",-1.02353368223665,23.315513669114,-1.64555979291671,0.109914423637445,0.248963752596363,-5.24781749924773,"O95825;C9K0F7;H7C3I5;A6NND8;A6NHJ8;A6NMA8;H7C3S0;H7C338;C9JQD0;C9JAL0;F8WF64;C9JZK8","O95825"
"Q9UQ80;A8K6Y1;Q6PIN5;Q05D08;F8VR77;F8W0A3;H0YIN7;F8VZ69",-0.867821030047867,28.156936170732,-1.63923921536038,0.111230912298298,0.251641759164751,-5.25746754415207,"Q9UQ80;A8K6Y1;Q6PIN5;Q05D08;F8VR77;F8W0A3;H0YIN7;F8VZ69","Q9UQ80"
"Q13098;C9JFE4;A0A9L9PXT0;B4DND6",-1.0239789010201,24.8516718457599,-1.63874845551194,0.111333674529078,0.251641759164751,-5.25821551859907,"Q13098;C9JFE4;A0A9L9PXT0;B4DND6","Q13098"
"P63218;A0A804HLA8",0.858470247095422,30.3531847390974,1.63872412476559,0.111338771288027,0.251641759164751,-5.25825259657275,"P63218;A0A804HLA8","P63218"
"Q9HCE1;Q5JR04;A0A8I5KXC3;A0A8I5KZ07;B7Z700;B3KQ43;Q9H8T8;A0A8I5QKW4",-0.943304638579193,23.5294058379489,-1.63820988972963,0.111446537450196,0.251702932879914,-5.25903613883476,"Q9HCE1;Q5JR04;A0A8I5KXC3;A0A8I5KZ07;B7Z700;B3KQ43;Q9H8T8;A0A8I5QKW4","Q9HCE1"
"P56192;A8K492;B4DF61;B4E0E9;H0YIP0;H0YHV5;H0YIC2;H0YI94;F5H2V6;F8VS26;H0YHL6;F8W0M7;F8W0S4;F8VZZ9;H0YI27",-0.910456156128184,26.1559723682756,-1.6375015451133,0.111595123694743,0.251856143852317,-5.26011510932844,"P56192;A8K492;B4DF61;B4E0E9;H0YIP0;H0YHV5;H0YIC2;H0YI94;F5H2V6;F8VS26;H0YHL6;F8W0M7;F8W0S4;F8VZZ9;H0YI27","P56192"
"Q9Y5A9;B5BU99;Q8N3V9;Q96MZ5",-0.919721739692168,23.1931594841703,-1.63662664181934,0.111778874408036,0.252088437656302,-5.26144724687262,"Q9Y5A9;B5BU99;Q8N3V9;Q96MZ5","Q9Y5A9"
"P38117;M0QY67",0.930097305358618,24.3014011366171,1.63599294828904,0.111912121513505,0.252206580202761,-5.26241174308527,"P38117;M0QY67","P38117"
"O00429;B4DYR6;F8VUJ9;F8VZ52;A0A994J3M8;A0A994J402;A0A8V8TQT5;A0A994J6L8;A0A994J696;A0A994J3G5;Q32Q67;H0YI79;A0A994J6A0;A0A994J3G1;A0A994J3F1;B4DDQ3;B4DPZ9;A0A994J409;F8W1W3;A0A994J6L3;A0A994J691;F8VR28;A0A8V8TQV1;F8VYL3;A0A8V8TRA9;H0YHY4",-0.965380404428601,25.2312411756299,-1.63142436365712,0.11287665291502,0.254096262977463,-5.26935596418769,"O00429;B4DYR6;F8VUJ9;F8VZ52;A0A994J3M8;A0A994J402;A0A8V8TQT5;A0A994J6L8;A0A994J696;A0A994J3G5;Q32Q67;H0YI79;A0A994J6A0;A0A994J3G1;A0A994J3F1;B4DDQ3;B4DPZ9;A0A994J409;F8W1W3;A0A994J6L3;A0A994J691;F8VR28;A0A8V8TQV1;F8VYL3;A0A8V8TRA9;H0YHY4","O00429"
"P12429;D6RA82;D6RFG5;D6RCA8;D6RFJ9;D6RAZ8",-0.87051831042551,29.5828579909782,-1.63125015150337,0.112913568607491,0.254096262977463,-5.26962044314684,"P12429;D6RA82;D6RFG5;D6RCA8;D6RFJ9;D6RAZ8","P12429"
"Q14393;B4DZY7;Q658L2",-0.96933091411054,24.0162264156004,-1.63024846916199,0.113126019533546,0.254261067943581,-5.27114068019664,"Q14393;B4DZY7;Q658L2","Q14393"
"Q9Y6K5;A0A7P0Z4F5;A0A7P0Z4F1;A0A7P0T9J0;A8KA84;A0A7P0Z4D0;A0A7P0T9W6;A0A7P0T8S7;A0A7P0TAC0;A0A7P0T7V2;A0A7P0TAU8;A0A7P0TB73;A0A7P0TAS0;A0A7P0TAC8;A0A7P0T8J8;A0A7P0TAV3;A0A7P0TA50",-0.888297089454458,23.4813326475668,-1.62987682330908,0.113204927386821,0.254261067943581,-5.2717045217372,"Q9Y6K5;A0A7P0Z4F5;A0A7P0Z4F1;A0A7P0T9J0;A8KA84;A0A7P0Z4D0;A0A7P0T9W6;A0A7P0T8S7;A0A7P0TAC0;A0A7P0T7V2;A0A7P0TAU8;A0A7P0TB73;A0A7P0TAS0;A0A7P0TAC8;A0A7P0T8J8;A0A7P0TAV3;A0A7P0TA50","Q9Y6K5"
"Q9UBI1;R4GN54;B3KY73;R4GMW6;H0Y4W0;H0Y6Z9;R4GMX3;R4GN06;Q5T8Z1;R4GNF2;H0Y4E5;B7Z2U1",-0.828966135663261,24.4898430510837,-1.62954807179283,0.113274765811919,0.254261067943581,-5.27220319629821,"Q9UBI1;R4GN54;B3KY73;R4GMW6;H0Y4W0;H0Y6Z9;R4GMX3;R4GN06;Q5T8Z1;R4GNF2;H0Y4E5;B7Z2U1","Q9UBI1"
"Q9C0C9;K7ES11;K7EQ12",0.912718248871922,24.1451322272529,1.62936870921767,0.113312883758121,0.254261067943581,-5.27247523108364,"Q9C0C9;K7ES11;K7EQ12","Q9C0C9"
"O96019;Q6FI97;Q53FS0;O94805;C9JQT2;H7C5S0",0.850953656407359,24.9755749614501,1.62714365267218,0.113786632088481,0.255034422698677,-5.27584782864281,"O96019;Q6FI97;Q53FS0;O94805;C9JQT2;H7C5S0","O96019"
"Q8NBQ5;D6RCD0",1.09958938249105,23.7090012170939,1.62698220781206,0.113821069700724,0.255034422698677,-5.27609238576723,"Q8NBQ5;D6RCD0","Q8NBQ5"
"Q9Y2Z0;A8K7W3;A8K5T7;Q9P1S2;B4DYC6",1.07698255534205,26.6289462219248,1.62370686129675,0.114521590286714,0.256419842142327,-5.28104948699719,"Q9Y2Z0;A8K7W3;A8K5T7;Q9P1S2;B4DYC6","Q9Y2Z0"
"P0DP25;P0DP24;P0DP23;B4DJ51;Q9BRL5;B2RDW0;E7EMB3;A8K1M2;Q96HY3;G3V361;A0A590UJI2;M0QZ52;A0A590UJC0;F8WBR5;G3V226;G3V479",-0.85210162542964,32.225749295318,-1.61935080937097,0.115458757079922,0.25813719520184,-5.28762917828237,"P0DP25;P0DP24;P0DP23;B4DJ51;Q9BRL5;B2RDW0;E7EMB3;A8K1M2;Q96HY3;G3V361;A0A590UJI2;M0QZ52;A0A590UJC0;F8WBR5;G3V226;G3V479","P0DP25"
"P22626;A0A7I2V323;A0A7I2V4N1;A0A7I2V3P1;A0A7I2V3P7;A0A384NL58;A0A7I2V4S4;A0A024RA28;A0A7I2V4I6;I6L957;A0A087WUI2;A0A7I2V4N0;A0A7I2YQN4",-0.87512207229096,27.1296733068745,-1.61921128694546,0.115488878329706,0.25813719520184,-5.28783967716902,"P22626;A0A7I2V323;A0A7I2V4N1;A0A7I2V3P1;A0A7I2V3P7;A0A384NL58;A0A7I2V4S4;A0A024RA28;A0A7I2V4I6;I6L957;A0A087WUI2;A0A7I2V4N0;A0A7I2YQN4","P22626"
"Q53GA4",1.13737507807992,25.1732288140956,1.61898901019214,0.115536878647569,0.25813719520184,-5.28817499682118,"Q53GA4","Q53GA4"
"O75886",1.00617087762398,24.7123978619569,1.61740606721516,0.115879188550616,0.258716670786951,-5.29056185406,"O75886","O75886"
"P84090;G3V279",-0.833119997491334,25.7771764793652,-1.61694426509931,0.11597921017568,0.258754761472065,-5.29125781696713,"P84090;G3V279","P84090"
"Q9UL26;Q96IY7",0.896684980611507,26.4093869360454,1.61625000608247,0.116129713469452,0.258905344039471,-5.29230379125795,"Q9UL26;Q96IY7","Q9UL26"
"A0A2Z2GXL0;R4I4Z3;G0KXI8;D3U441",-0.921527309480101,23.7362363731912,-1.61575677105464,0.116236736007674,0.258958842577097,-5.29304667196661,"A0A2Z2GXL0;R4I4Z3;G0KXI8;D3U441","A0A2Z2GXL0"
"P00492;Q6LET3;A0A140VJL3;Q9NRG1;A0A0H3YEQ7",0.829035006836072,27.1976498771727,1.61504395811167,0.11639154631099,0.259118653064939,-5.29411993029357,"P00492;Q6LET3;A0A140VJL3;Q9NRG1;A0A0H3YEQ7","P00492"
"P09960;A0A140VK27;B4DVZ8;Q59ES1;Q49AK0;B4DEH5",-0.851775955146813,28.2394452496245,-1.61449101008723,0.116511753749991,0.259137504863022,-5.29495221073955,"P09960;A0A140VK27;B4DVZ8;Q59ES1;Q49AK0;B4DEH5","P09960"
"P48507",-0.927843666422735,23.2547264283539,-1.61424080093357,0.116566181251305,0.259137504863022,-5.29532873902096,"P48507","P48507"
"I7LL24",-0.863881058243322,23.6330000442127,-1.61199104240179,0.117056508055618,0.259678559288898,-5.29871208909445,"I7LL24","I7LL24"
"Q96FV2;A0A384NKK8;J3QL71;J3KT79;J3QR84;J3QQM9;J3QRJ1",-0.967463494961585,23.4134103448219,-1.61170994934954,0.117117890451183,0.259678559288898,-5.29913453780473,"Q96FV2;A0A384NKK8;J3QL71;J3KT79;J3QR84;J3QQM9;J3QRJ1","Q96FV2"
"P52566;F5H6Q0;F5H3P3;B2R4F3;F5H2R5;H0YGX7",-0.895949300075834,28.0377818603798,-1.61169697310172,0.117120724719083,0.259678559288898,-5.29915403802971,"P52566;F5H6Q0;F5H3P3;B2R4F3;F5H2R5;H0YGX7","P52566"
"Q14558;C9JNQ3;C9JKT9;C9JUN4;C9J168;B4DP31",0.847735055690141,23.7142213577898,1.61159688282131,0.117142588303777,0.259678559288898,-5.29930444555264,"Q14558;C9JNQ3;C9JKT9;C9JUN4;C9J168;B4DP31","Q14558"
"P51151;Q9NP90;A0A1B0GUI0",-0.81436279653062,26.4160617885907,-1.6104191123837,0.117400111353915,0.260064593261976,-5.30107371168431,"P51151;Q9NP90;A0A1B0GUI0","P51151"
"Q9Y5L0;B2R6H7;B3KMX1;B3KM69;E9PFH4;C9J7E5",-0.880384741172126,23.9880694562221,-1.60836951340062,0.117849373259332,0.260874517527221,-5.30415005292579,"Q9Y5L0;B2R6H7;B3KMX1;B3KM69;E9PFH4;C9J7E5","Q9Y5L0"
"B7SBB1;D2CVN5;O00170;A5JGZ4;D0EKE5;D5LTB3;D0EKE6;D0EKE4;C8CK05;C0JXB8;C0JXB9;C8CHN4;C8CK04;A0A804HKH9;A0A804HJ38;V9GYQ3;A0A804HIX8;A0A804HKL7;A0A804HKK3;E9PMH2;A0A804HKP8;A0A804HJ46;A7KS92;D0EKE7;A7KS94;A3RDS1;A7KS93;A7YDK1;E5L4L0;A7YDK7;B3TMT2",0.88850691818778,25.2512623982772,1.60688067033545,0.118176606420264,0.261413358457308,-5.30638265698988,"B7SBB1;D2CVN5;O00170;A5JGZ4;D0EKE5;D5LTB3;D0EKE6;D0EKE4;C8CK05;C0JXB8;C0JXB9;C8CHN4;C8CK04;A0A804HKH9;A0A804HJ38;V9GYQ3;A0A804HIX8;A0A804HKL7;A0A804HKK3;E9PMH2;A0A804HKP8;A0A804HJ46;A7KS92;D0EKE7;A7KS94;A3RDS1;A7KS93;A7YDK1;E5L4L0;A7YDK7;B3TMT2","B7SBB1"
"Q8N0X7;A8K6Q9;A0A024RDV9;B3KMI3;A0A0S2Z510;B4DXT5;B3KML8",-0.878991443624066,24.1981046035722,-1.60583427091448,0.118407041718679,0.261737465003941,-5.30795074811083,"Q8N0X7;A8K6Q9;A0A024RDV9;B3KMI3;A0A0S2Z510;B4DXT5;B3KML8","Q8N0X7"
"O14579;Q53HJ6;M0QXB4;Q7Z4Z1;M0R061",-0.968456646778538,25.3999862192419,-1.6048897015158,0.118615369474201,0.26201227860484,-5.30936550076118,"O14579;Q53HJ6;M0QXB4;Q7Z4Z1;M0R061","O14579"
"P17844;B5BUE6;J3KTA4;B4DN41;B4DNG2;A0A0G2JLI4;Q7Z2V5;Q59E92;A0A7I2V2S0;A0A7I2V507;A0A7I2V5F5;J3QRQ7;J3QR62;J3KTQ4;C1IK54;J3QR02;X6RLV5;J3QRN5;J3QLG9",0.908659169289969,24.0776478804886,1.60224777583571,0.119199655127458,0.263116577737115,-5.31331878045582,"P17844;B5BUE6;J3KTA4;B4DN41;B4DNG2;A0A0G2JLI4;Q7Z2V5;Q59E92;A0A7I2V2S0;A0A7I2V507;A0A7I2V5F5;J3QRQ7;J3QR62;J3KTQ4;C1IK54;J3QR02;X6RLV5;J3QRN5;J3QLG9","P17844"
"Q9Y5K5;B2RB07;Q5LJA5;Q5LJA9;Q5LJB0;B4DW59;B7Z9U9;H0Y6Y4;H0Y4K0;B4DKB3;H0Y636;H0Y4E0",-0.940574074221949,23.9659855558405,-1.600347110382,0.11962146558263,0.263860927264655,-5.31615946401991,"Q9Y5K5;B2RB07;Q5LJA5;Q5LJA9;Q5LJB0;B4DW59;B7Z9U9;H0Y6Y4;H0Y4K0;B4DKB3;H0Y636;H0Y4E0","Q9Y5K5"
"Q15223;Q6SYC1;A0A8V8TKI1",-0.913559126523687,23.6956145511851,-1.59607101293653,0.120574933434848,0.265776125359215,-5.32253998843213,"Q15223;Q6SYC1;A0A8V8TKI1","Q15223"
"P46782;M0R0F0;Q53G25;M0R0R2;M0QZN2;Q59EK8",-0.862373387944093,27.5059455083573,-1.59552480389417,0.120697173109164,0.265857685683251,-5.32335396784484,"P46782;M0R0F0;Q53G25;M0R0R2;M0QZN2;Q59EK8","P46782"
"P63104;D0PNI1;E7EX29;B0AZS6;E7ESK7;B7Z2E6;H0YB80;E9PD24;E7EVZ2;E5RIR4;Q2F831;E5RGE1;Q6LD62",-0.845228539016531,32.6820264010585,-1.59284148770268,0.12129916771017,0.266995133442499,-5.32734931500762,"P63104;D0PNI1;E7EX29;B0AZS6;E7ESK7;B7Z2E6;H0YB80;E9PD24;E7EVZ2;E5RIR4;Q2F831;E5RGE1;Q6LD62","P63104"
"Q02413",-1.20799701406605,24.1563092889714,-1.59141510507833,0.121620173929152,0.267512921357564,-5.32947082367418,"Q02413","Q02413"
"P62316;K7ERG4",-0.867011766661275,23.3303762309281,-1.5899968109177,0.121940050189206,0.268027495799953,-5.33157870700032,"P62316;K7ERG4","P62316"
"P68036;A8K4W8;A0A1B0GUS4;A0A8Q3WL22",-0.861760322124816,26.828829900514,-1.58781021768766,0.12243455643585,0.268924916565786,-5.33482532633575,"P68036;A8K4W8;A0A1B0GUS4;A0A8Q3WL22","P68036"
"P21283;A0A024R9I0;E7EV59;B7Z593",-0.837550948172254,25.2909960402625,-1.58388890838426,0.123325490266361,0.270434305540855,-5.3406381436112,"P21283;A0A024R9I0;E7EV59;B7Z593","P21283"
"P22612",-0.831081872122393,22.8449871291755,-1.58373274660837,0.123361080337719,0.270434305540855,-5.34086938036076,"P22612","P22612"
"Q15257;A0A804CD06;B4DZF8;A6PVN5;F6WIT2;Q5T949;B4DLX5;Q68CR8;A6PVN8;A6PVN6;A6PVN7;C9IZ76;B7ZBQ0;B7ZBP9;H0Y6E5;A0A6Q8PH23;B7ZBP7;B4DDQ6",-0.839988212083092,26.7797243075596,-1.58364159326561,0.12338185853948,0.270434305540855,-5.34100434685609,"Q15257;A0A804CD06;B4DZF8;A6PVN5;F6WIT2;Q5T949;B4DLX5;Q68CR8;A6PVN8;A6PVN6;A6PVN7;C9IZ76;B7ZBQ0;B7ZBP9;H0Y6E5;A0A6Q8PH23;B7ZBP7;B4DDQ6","Q15257"
"Q9NZ52;A8K6I6;A8K6M0;B7Z456;J3KSS7;J3QRS8;B7Z7R9;B7Z1E9;J3KTR5;B7Z9A2;J3KSG3;J3QRP3;J3QS87",-0.873723859752225,23.9084820612804,-1.57954720914696,0.124318122855812,0.272295101957359,-5.34705991588632,"Q9NZ52;A8K6I6;A8K6M0;B7Z456;J3KSS7;J3QRS8;B7Z7R9;B7Z1E9;J3KTR5;B7Z9A2;J3KSG3;J3QRP3;J3QS87","Q9NZ52"
"P62424;Q9BY74;Q5T8U2;Q5T8U3",-0.867269927022196,28.0640695958493,-1.57885568180866,0.12447682693643,0.272451384712088,-5.34808136781063,"P62424;Q9BY74;Q5T8U2;Q5T8U3","P62424"
"Q9Y295;Q9UFA5",0.909973672828357,24.8686485820773,1.57745259449263,0.124799341743606,0.272842839252444,-5.3501526952983,"Q9Y295;Q9UFA5","Q9Y295"
"P04818;Q53Y97;Q53FB7;A8K9A5",0.888814408685526,24.0974314720936,1.5769985887365,0.124903846081665,0.272842839252444,-5.35082259298278,"P04818;Q53Y97;Q53FB7;A8K9A5","P04818"
"O95786;B3KWW1;A0A7P0TB70;A0A7P0T9I8;B3KN51;A2A376;Q3B797",-0.880656086186335,22.9773905874526,-1.57693665986538,0.124918106589449,0.272842839252444,-5.35091395800762,"O95786;B3KWW1;A0A7P0TB70;A0A7P0T9I8;B3KN51;A2A376;Q3B797","O95786"
"A8K6W1;A0JNV7;Q9UHX3;Q53GP0;M0R0K5;B4DWB8;M0QY55;B4DQ88",-0.903235950876834,23.1077550448907,-1.57407159984038,0.125579307380673,0.274095073282239,-5.3551375129146,"A8K6W1;A0JNV7;Q9UHX3;Q53GP0;M0R0K5;B4DWB8;M0QY55;B4DQ88","A8K6W1"
"Q9NR19;Q68CU9;Q6DKJ3;Q96FY7;Q4G0E8;B3KUV2;Q9H9U4;F8WCJ4;C9IYL0;B4DEH9;C9JY31",-0.842980629422463,25.9771132081679,-1.57240216767888,0.12596589708663,0.274738195973556,-5.35759551347052,"Q9NR19;Q68CU9;Q6DKJ3;Q96FY7;Q4G0E8;B3KUV2;Q9H9U4;F8WCJ4;C9IYL0;B4DEH9;C9JY31","Q9NR19"
"P55039;A8MZF9;Q59FW9;J3QRI9;J3QKW7;J3QR71;B4DMP8;J3QL90;J3KRL5;B4DIG2;J3QKV7",0.889939957594549,24.2019604291981,1.57203897126409,0.126050130951638,0.274738195973556,-5.35812997481574,"P55039;A8MZF9;Q59FW9;J3QRI9;J3QKW7;J3QR71;B4DMP8;J3QL90;J3KRL5;B4DIG2;J3QKV7","P55039"
"Q15075;A8K7J3;Q05D76",-0.882794328981213,25.2885568992895,-1.56870186742669,0.126826239632719,0.276177693317173,-5.36303577440473,"Q15075;A8K7J3;Q05D76","Q15075"
"Q13049;Q5JVY0",-0.845219829140795,23.1656616881261,-1.56836710348913,0.126904310334533,0.276177693317173,-5.36352741395977,"Q13049;Q5JVY0","Q13049"
"O00410;H0Y8C6;B4E0R6;B3KWG6;E7ETV3;E7EX05;E7EQT5;E7EV12;E7EWK4;E7ESZ1;E7ETV8;C9JZD8;C9JQT6;Q9BVS9;H0Y3V4;C9J875;C9JXE0;C9JZ53;F8WF30;C9J583",0.850151201418189,26.6440054324355,1.56805893117471,0.126976214240727,0.276177693317173,-5.36397992175414,"O00410;H0Y8C6;B4E0R6;B3KWG6;E7ETV3;E7EX05;E7EQT5;E7EV12;E7EWK4;E7ESZ1;E7ETV8;C9JZD8;C9JQT6;Q9BVS9;H0Y3V4;C9J875;C9JXE0;C9JZ53;F8WF30;C9J583","O00410"
"Q08380;A0A0S2Z3Y1;B4DVE1;B3KP88;B4DDG4;B4DWA8;B4DI70;K7EP36;K7ESM3;K7EKQ5;K7ERZ6;K7EJD3;K7ES75;K7EN99;K7EJY8;K7EQT9",0.84537832099911,29.5608402071304,1.56540950487009,0.127595760741882,0.277331831187408,-5.36786711156097,"Q08380;A0A0S2Z3Y1;B4DVE1;B3KP88;B4DDG4;B4DWA8;B4DI70;K7EP36;K7ESM3;K7EKQ5;K7ERZ6;K7EJD3;K7ES75;K7EN99;K7EJY8;K7EQT9","Q08380"
"Q13185;A4D177;S4R2Y4;P83916;B8ZZ43;C9JMM0;K7ELA4;B5MD17;J3KS05;Q6IBN6",1.04783916431616,24.2799291251425,1.56464412234351,0.127775197481683,0.277528440769755,-5.36898902545249,"Q13185;A4D177;S4R2Y4;P83916;B8ZZ43;C9JMM0;K7ELA4;B5MD17;J3KS05;Q6IBN6","Q13185"
"Q9Y281;Q549N0;F8WDN3;G3V2U0",0.852010159455428,27.6359274495602,1.56406554304077,0.127910976497655,0.277630017881828,-5.36983680928919,"Q9Y281;Q549N0;F8WDN3;G3V2U0","Q9Y281"
"V6A6E5",-0.819427304039909,23.099472804347,-1.56303171799005,0.1281538839503,0.277963813658543,-5.37135099351133,"V6A6E5","V6A6E5"
"P06731;T2HVB7;A0A087WYX0;Q8N4D0;Q53G30;A0A024R0K5;T2HUW8;M0QX98;P78448;M0R3J1;Q68DM9",-0.943367020368804,23.5961217174499,-1.55786491894328,0.129373516395433,0.2804141748696,-5.37890572597207,"P06731;T2HVB7;A0A087WYX0;Q8N4D0;Q53G30;A0A024R0K5;T2HUW8;M0QX98;P78448;M0R3J1;Q68DM9","P06731"
"Q9UN86;A8K6V7;A0A7I2V3E2;A0A7I2YQD9;A0A7I2YQS2;D6RB17;D6RAC7;A0A7I2V3P9;A0A7I2V647;D6RBW8;D6RBR0;A0A7I2V3Z6;A0A7I2V2R0;D6RGJ4;D6R9A4;H0YAE3;A0A7I2YQL7;A0A7I2V382;A0A7I2V547;A0A7I2V3R7;A0A7I2V481",-1.03338024148529,24.114968361559,-1.55709130505229,0.129556940440585,0.280534929522793,-5.38003504534524,"Q9UN86;A8K6V7;A0A7I2V3E2;A0A7I2YQD9;A0A7I2YQS2;D6RB17;D6RAC7;A0A7I2V3P9;A0A7I2V647;D6RBW8;D6RBR0;A0A7I2V3Z6;A0A7I2V2R0;D6RGJ4;D6R9A4;H0YAE3;A0A7I2YQL7;A0A7I2V382;A0A7I2V547;A0A7I2V3R7;A0A7I2V481","Q9UN86"
"I3L1J9;Q9NP84",0.88753050612096,23.5627796508631,1.55687141016288,0.129609116204663,0.280534929522793,-5.38035596000901,"I3L1J9;Q9NP84","I3L1J9"
"A0A096LP69",-0.891491846829719,23.1301014521442,-1.55529824982533,0.129982888478506,0.281148841306837,-5.38265070350401,"A0A096LP69","A0A096LP69"
"P01011;B3KS79;G3V3A0;A0A977TIE0;A0A977TIE2;G3V595",-1.1388647470204,23.8395377591679,-1.55349996642317,0.1304112226234,0.281879836009968,-5.38527140685879,"P01011;B3KS79;G3V3A0;A0A977TIE0;A0A977TIE2;G3V595","P01011"
"P20645;Q6I9U3;Q53GY9;Q96AH2;F5GX30;B2R6S2;F5H4U1;F5GXE0;H0YGE9;F5GXU0;H0YGT2;F5H883",0.944690986004744,24.1463555454727,1.55214015515697,0.130735878810771,0.282189720948375,-5.38725139149857,"P20645;Q6I9U3;Q53GY9;Q96AH2;F5GX30;B2R6S2;F5H4U1;F5GXE0;H0YGE9;F5GXU0;H0YGT2;F5H883","P20645"
"P36542;B4DFE6;B4DL14;Q8TAS0",-0.892233500009816,22.9870140104104,-1.55183380660283,0.130809110473366,0.282189720948375,-5.38769725319336,"P36542;B4DFE6;B4DL14;Q8TAS0","P36542"
"Q13636;Q53EY4;J3QR51",1.01931408061066,24.162478847874,1.55176311580784,0.130826013623389,0.282189720948375,-5.38780012637521,"Q13636;Q53EY4;J3QR51","Q13636"
"Q9UHD1;E9PIZ4;E9PSD5;E9PPQ5;E9PL00;E9PIF7;E9PHZ2",1.01571062299544,24.6184555498667,1.55104930074607,0.130996796266079,0.282362824847202,-5.3888386857127,"Q9UHD1;E9PIZ4;E9PSD5;E9PPQ5;E9PL00;E9PIF7;E9PHZ2","Q9UHD1"
"Q4G0F5;H0YCI7",-0.838017036924391,23.8168721088032,-1.5504112989342,0.131149593732528,0.282426525175695,-5.3897665960027,"Q4G0F5;H0YCI7","Q4G0F5"
"P20338;Q53GC2;A0A0A1HAV9;A0A087WYT5",-0.829108731422529,25.4347396448149,-1.55016988145803,0.1312074494965,0.282426525175695,-5.39011762876648,"P20338;Q53GC2;A0A0A1HAV9;A0A087WYT5","P20338"
"O60502;H7C3X0;B3KMK2;B4DYV7",0.865167397763841,23.3467305228312,1.54522365800825,0.132397387581249,0.284791346114426,-5.39729940120382,"O60502;H7C3X0;B3KMK2;B4DYV7","O60502"
"O60637;H0YKJ9;B4DEK8;H0YMH8",-0.800833425416283,23.0395911444223,-1.54429324031078,0.132622199474761,0.285078318512597,-5.39864814928811,"O60637;H0YKJ9;B4DEK8;H0YMH8","O60637"
"Q00653;A0A1P8C958",0.979281905484406,24.7641057338855,1.54373288858783,0.13275774378837,0.285173142476533,-5.39946010892926,"Q00653;A0A1P8C958","Q00653"
"Q7Z406;M0QY43;B3KWH4",-0.844469292484906,23.1413941036224,-1.53975192434628,0.133723946083489,0.286974597388023,-5.40522134300238,"Q7Z406;M0QY43;B3KWH4","Q7Z406"
"Q9NY33;Q5JPB8;G3V1D3;G3V180;Q53HL4;Q53GT4;B4E357;E9PQ14;E9PPK9;E9PKK8;E9PNX5;E9PQF2",-0.820333547194597,27.7937470487803,-1.53952004843483,0.133780399038854,0.286974597388023,-5.40555652065993,"Q9NY33;Q5JPB8;G3V1D3;G3V180;Q53HL4;Q53GT4;B4E357;E9PQ14;E9PPK9;E9PKK8;E9PNX5;E9PQF2","Q9NY33"
"Q86VP6;A8K8U1;A0A0C4DGH5;B3KMG3;H0YH27;B3KM30;O75155;F5H6I6;A0A384MDT0;A0A3B3ISC4;F8WBB8",-0.830153607410605,28.0084419797542,-1.53811008220316,0.134124088446312,0.287330703366875,-5.4075937032658,"Q86VP6;A8K8U1;A0A0C4DGH5;B3KMG3;H0YH27;B3KM30;O75155;F5H6I6;A0A384MDT0;A0A3B3ISC4;F8WBB8","Q86VP6"
"Q15363;B4DP27;Q6FHT8;F5GX39;B4E020;E7EQ72",1.04638990743176,24.225518009309,1.5378811017394,0.134179971610717,0.287330703366875,-5.40792439376776,"Q15363;B4DP27;Q6FHT8;F5GX39;B4E020;E7EQ72","Q15363"
"Q9Y5M8;H7C4H2;Q549N5",-0.820678707164507,23.5737788703272,-1.53770576831416,0.134222774865514,0.287330703366875,-5.40817757945487,"Q9Y5M8;H7C4H2;Q549N5","Q9Y5M8"
"Q8NFH8",-0.88889629673163,22.9428957023962,-1.53530418610819,0.134810176055547,0.288390218873287,-5.41164303460381,"Q8NFH8","Q8NFH8"
"P41273;A0A0U5J8I0;B2RA14",-0.914508277911512,23.1339275545875,-1.53417396083565,0.135087337116576,0.288785061320493,-5.41327233154423,"P41273;A0A0U5J8I0;B2RA14","P41273"
"Q9UQE7;B0AZQ4;Q86VX4",0.805459571085976,24.4294658685215,1.53251707747125,0.13549448302714,0.28945704969976,-5.41565898441775,"Q9UQE7;B0AZQ4;Q86VX4","Q9UQE7"
"Q9H9Q2;A0A087X1P5;J3KQ34;B3KW51;Q53GQ2;J3KQ41;J3QT95;B3KV02;J3QT73;Q6ZTQ7;J3KQV6;J3QT67;J3QT66;J3QT50;J3QT43",-0.883701309600859,24.7429579735096,-1.5319028908692,0.135645659377512,0.289581664338439,-5.41654312643055,"Q9H9Q2;A0A087X1P5;J3KQ34;B3KW51;Q53GQ2;J3KQ41;J3QT95;B3KV02;J3QT73;Q6ZTQ7;J3KQV6;J3QT67;J3QT66;J3QT50;J3QT43","Q9H9Q2"
"Q658Y4;E7ER68;B4DUD8;G3V120;H0YBR6",-0.861755075156644,23.5039167186005,-1.52867076498683,0.13644346957189,0.291085623525803,-5.42119087355826,"Q658Y4;E7ER68;B4DUD8;G3V120;H0YBR6","Q658Y4"
"Q14574;A8K6T3;J3QRL9;Q9HAX1",-0.777344443524836,23.5459093477019,-1.52643743040344,0.136996956027689,0.292066647881314,-5.42439745665462,"Q14574;A8K6T3;J3QRL9;Q9HAX1","Q14574"
"P51812;A0A384MDW3;B4DKZ2;B4DG22;B1AXG1;B7ZB17;A0A2R8Y603;Q8TDJ4;Q7Z2J3",0.941832771685739,24.7895777490018,1.52038627007833,0.138505743440341,0.295081566796737,-5.43306538846824,"P51812;A0A384MDW3;B4DKZ2;B4DG22;B1AXG1;B7ZB17;A0A2R8Y603;Q8TDJ4;Q7Z2J3","P51812"
"P62906;Q1JQ76",-0.820572453560381,27.7190848893825,-1.51941964442463,0.138747999423647,0.295395911400926,-5.43444728443481,"P62906;Q1JQ76","P62906"
"A0A3B3IUA2;P55769;A0A3B3ISK4;Q6FHM6;B1AHD1",-1.55519878928476,24.6979785931417,-1.5182371706405,0.139044816599842,0.295825909259828,-5.43613673193353,"A0A3B3IUA2;P55769;A0A3B3ISK4;Q6FHM6;B1AHD1","A0A3B3IUA2"
"P61106;A0A994J451;X6RFL8;A0A994J4B9;A0A994J774",0.795118840195659,28.5148657410909,1.51699423882893,0.139357362071954,0.296201657905328,-5.43791133984951,"P61106;A0A994J451;X6RFL8;A0A994J4B9;A0A994J774","P61106"
"P24752;A0A140VJX1;A0A5F9ZHL1;A0A5F9ZHJ0;A0A5F9ZHD4;A0A5F9ZHJ7;A0A5F9ZI66;A0A5F9ZHH9;A0A5F9ZHL7;H0YEL7;E9PRQ6",0.832988678384705,25.1088318613821,1.5164433939285,0.139496057824412,0.296201657905328,-5.4386974145221,"P24752;A0A140VJX1;A0A5F9ZHL1;A0A5F9ZHJ0;A0A5F9ZHD4;A0A5F9ZHJ7;A0A5F9ZI66;A0A5F9ZHH9;A0A5F9ZHL7;H0YEL7;E9PRQ6","P24752"
"P62701;Q96IR1;B2R491;Q53HV1;P22090;Q8TD47;C9JEH7;A4FU11;Q496E4;B7Z1M6;Q53HI6",-0.820303827624439,28.3088276904688,-1.51640262441589,0.139506327496931,0.296201657905328,-5.43875558427,"P62701;Q96IR1;B2R491;Q53HV1;P22090;Q8TD47;C9JEH7;A4FU11;Q496E4;B7Z1M6;Q53HI6","P62701"
"P06730;D6RBW1;Q32Q75;X5D7E3;B7Z2T1;H0Y8J7",-0.905923641879969,25.3665965981689,-1.51405110361076,0.140099699298171,0.297259157898636,-5.44210844771532,"P06730;D6RBW1;Q32Q75;X5D7E3;B7Z2T1;H0Y8J7","P06730"
"P84103;A0A087X2D0;B2R6F3;Q16629;A0A0B4J1Z1;B4DEK2;C9JAB2",-0.822415830211355,23.2056113465868,-1.51216950909902,0.140575957074886,0.298066900147225,-5.44478805433428,"P84103;A0A087X2D0;B2R6F3;Q16629;A0A0B4J1Z1;B4DEK2;C9JAB2","P84103"
"Q0VDG4;F8W0M9;C9JID8;Q0VDG5",-0.822984868610995,23.3452606093056,-1.51118748470678,0.140825039153244,0.298392185542776,-5.44618543135107,"Q0VDG4;F8W0M9;C9JID8;Q0VDG5","Q0VDG4"
"A0A140VJG6;A7E2F7;Q9UDT6",-0.779265189818336,23.4111906876075,-1.50967787244151,0.141208633162062,0.299001851210095,-5.4483320190197,"A0A140VJG6;A7E2F7;Q9UDT6","A0A140VJG6"
"Q99615;A0A6I8PU73;Q59EH7;A0A6I8PUD4;A0A6I8PS32;A0A6I8PIK4;B7Z9W6;A0A6I8PRZ0;A0A6I8PU89;A8K4T2;A0A6I8PR89;K7ER44;A0A6I8PLE7;A0A6I8PUC2;B4DKK3;K7EPP7;K7EIH8;K7EK03;K7ESP1;K7EJV7;K7EN19;K7EJL5;K7ELJ8;K7EJE9;A0A6I8PR93",0.807799543002204,24.7302719276986,1.50784163932718,0.141676356504025,0.299788708233414,-5.45094055466796,"Q99615;A0A6I8PU73;Q59EH7;A0A6I8PUD4;A0A6I8PS32;A0A6I8PIK4;B7Z9W6;A0A6I8PRZ0;A0A6I8PU89;A8K4T2;A0A6I8PR89;K7ER44;A0A6I8PLE7;A0A6I8PUC2;B4DKK3;K7EPP7;K7EIH8;K7EK03;K7ESP1;K7EJV7;K7EN19;K7EJL5;K7ELJ8;K7EJE9;A0A6I8PR93","Q99615"
"Q15942;Q96AF9;Q28617;H0Y2Y8;B4DQR8;B4DY85;Q9BUS0;C9JJK5;H7C3D3;C9IZ41;H7C3R3",0.850463003567189,26.8630988497112,1.50676039572154,0.141952353060621,0.300086411263754,-5.45247528055221,"Q15942;Q96AF9;Q28617;H0Y2Y8;B4DQR8;B4DY85;Q9BUS0;C9JJK5;H7C3D3;C9IZ41;H7C3R3","Q15942"
"A6NLN1;P26599;A0A7I2V621;A0A0U1RRM4;A0A7I2V4H6;Q59H49;A0A6Q8PEX4;K7ES59;K7EKJ7;A0A0D9SF20;K7EK45;K7ELW5;A0A087WUW5;A0A087WU68",-0.818453765868881,27.7092476137755,-1.50653683836322,0.142009471954248,0.300086411263754,-5.45279248138923,"A6NLN1;P26599;A0A7I2V621;A0A0U1RRM4;A0A7I2V4H6;Q59H49;A0A6Q8PEX4;K7ES59;K7EKJ7;A0A0D9SF20;K7EK45;K7ELW5;A0A087WUW5;A0A087WU68","A6NLN1"
"Q9BZV1;K7EP32;K7EJ02",-0.977544766709489,25.0888266879541,-1.50589221318687,0.142174277300074,0.300135799427643,-5.45370689953108,"Q9BZV1;K7EP32;K7EJ02","Q9BZV1"
"P50502;B4E0U6;A0A140VKA6;Q0IJ56;Q1XBU6;B7ZA40;Q8NFI4;H7C3I1;Q3KNR6;Q8IZP2;F6VDH7;Q1XBU7;F8WAQ7",-0.81508327290641,28.6258411429878,-1.50560688550115,0.14224727354276,0.300135799427643,-5.45411153689993,"P50502;B4E0U6;A0A140VKA6;Q0IJ56;Q1XBU6;B7ZA40;Q8NFI4;H7C3I1;Q3KNR6;Q8IZP2;F6VDH7;Q1XBU7;F8WAQ7","P50502"
"A0A384MDW7;P30084",-0.888045249408204,23.8061453578327,-1.50531675874232,0.142321528487812,0.300135799427643,-5.45452291234715,"A0A384MDW7;P30084","A0A384MDW7"
"Q9Y666;A0A0G2JNW7;A0A0U1RR18;A0A0G2JQE3;H0YB78;B4DZD0",0.889246877221865,24.8122727373793,1.50399312657615,0.142660694538337,0.300647774503429,-5.45639884526671,"Q9Y666;A0A0G2JNW7;A0A0U1RR18;A0A0G2JQE3;H0YB78;B4DZD0","Q9Y666"
"Q8WVM8;A0A7I2V3B4;A0A7I2V5I2;A0A7I2V4B8;Q53GW1;A0A7I2V5Z4;A0A7I2V3G4;A0A7I2V4U2;A0A7I2V590;A0A7I2V4R0;A0A7I2V362;B7Z738;A0A7I2V320;G3V2M8;A0A7I2V2U5;B7Z5N7;A0A7I2YQR2;A0A7I2V448;A0A7I2V3C9;H0YIZ7;G3V5E2;A0A7I2V534;A0A7I2V5H5;J3KNG4;H0YJY1;A0A7I2V5R9;G3V5F3;A0A7I2V4B9;A0A7I2V414;A0A7I2V3Y3;G3V4I1;A0A7I2V321;H0YJS6;G3V363;A0A7I2YQQ1;G3V3K9;A0A7I2V5L2",-0.822851596153058,25.1078894800058,-1.50167085740681,0.143257322012719,0.301701274380601,-5.45968667145688,"Q8WVM8;A0A7I2V3B4;A0A7I2V5I2;A0A7I2V4B8;Q53GW1;A0A7I2V5Z4;A0A7I2V3G4;A0A7I2V4U2;A0A7I2V590;A0A7I2V4R0;A0A7I2V362;B7Z738;A0A7I2V320;G3V2M8;A0A7I2V2U5;B7Z5N7;A0A7I2YQR2;A0A7I2V448;A0A7I2V3C9;H0YIZ7;G3V5E2;A0A7I2V534;A0A7I2V5H5;J3KNG4;H0YJY1;A0A7I2V5R9;G3V5F3;A0A7I2V4B9;A0A7I2V414;A0A7I2V3Y3;G3V4I1;A0A7I2V321;H0YJS6;G3V363;A0A7I2YQQ1;G3V3K9;A0A7I2V5L2","Q8WVM8"
"P16298;Q5F2F8;B7Z781;B7Z6P2;Q5F2G0",0.890717686786992,23.9277281178341,1.50002281373398,0.143681946914233,0.302391357911938,-5.46201728437147,"P16298;Q5F2F8;B7Z781;B7Z6P2;Q5F2G0","P16298"
"P17812;A0A3B3IRI2;A0A8Q3WKZ7;B4E1E0;B4DMB5;A0A8Q3WL40;A0A3B3IRQ8;A0A3B3ITF6;A0A3B3ITB8;B7Z9C4;A0A3B3ISY3;Q9NRF8;A0A8Q3WL00;A0A8Q3WL12;A0A3B3ITH9",0.781294336648937,25.819072934844,1.49925623003432,0.1438798048286,0.302603581429806,-5.46310061154815,"P17812;A0A3B3IRI2;A0A8Q3WKZ7;B4E1E0;B4DMB5;A0A8Q3WL40;A0A3B3IRQ8;A0A3B3ITF6;A0A3B3ITB8;B7Z9C4;A0A3B3ISY3;Q9NRF8;A0A8Q3WL00;A0A8Q3WL12;A0A3B3ITH9","P17812"
"Q9NVD7;E9PS97;B7Z952;Q9HBI1;A0A087WZB5",0.795903785514767,26.3200989632775,1.49858454494596,0.144053349105439,0.302764417695327,-5.46404943650255,"Q9NVD7;E9PS97;B7Z952;Q9HBI1;A0A087WZB5","Q9NVD7"
"B2RDX5;P26639;Q53GX7;Q5M7Z9;B3KTN2;D6R9F8;D6RCA5;D6RDJ6;D6RBR8;D6RJ97;D6RHV7;D6RCS6",0.80859573928085,28.1336527824595,1.49772374475609,0.144276001318688,0.303011639440082,-5.46526486995468,"B2RDX5;P26639;Q53GX7;Q5M7Z9;B3KTN2;D6R9F8;D6RCA5;D6RDJ6;D6RBR8;D6RJ97;D6RHV7;D6RCS6","B2RDX5"
"Q9NZD2;F5H0U5;H0YFS9;F5GZ49;E7CEM8;I3P687",-0.772835083599023,26.2322452160548,-1.49711109688659,0.14443463556668,0.303011639440082,-5.46612955004659,"Q9NZD2;F5H0U5;H0YFS9;F5GZ49;E7CEM8;I3P687","Q9NZD2"
"P53992;B4DSN3;G5EA31;B7ZAY6",-0.826895687163244,26.0373685435915,-1.49700382405959,0.144462426369799,0.303011639440082,-5.46628092156543,"P53992;B4DSN3;G5EA31;B7ZAY6","P53992"
"P50479;A0A0S2Z4P0;A0A0S2Z4N4;C9J542",0.872963030682978,24.243807460739,1.49588174569123,0.144753376997872,0.303141018610731,-5.46786371311543,"P50479;A0A0S2Z4P0;A0A0S2Z4N4;C9J542","P50479"
"Q13188;A0A384MR07;A0A087WZ06;E5RFQ9;E5RIM6;Q8NBU1",-0.835239181415563,25.3161398600994,-1.49582911284964,0.144767036044299,0.303141018610731,-5.46793793128045,"Q13188;A0A384MR07;A0A087WZ06;E5RFQ9;E5RIM6;Q8NBU1","Q13188"
"O00478;A8K6Q7;Q53FI5;Q53FK5;C9JUV8;C9JQT8;A0A089GIA6;C9J877;C9JZT5;Q59F79;C9J3Q8;E9PJE9;C9JNZ3;C9JVU4;E9PRX1;Q7KYR6;E7EPR2;P78409;E9PFB8",0.800360723309566,26.6146151838606,1.49549198416811,0.144854550776618,0.303141018610731,-5.46841326679014,"O00478;A8K6Q7;Q53FI5;Q53FK5;C9JUV8;C9JQT8;A0A089GIA6;C9J877;C9JZT5;Q59F79;C9J3Q8;E9PJE9;C9JNZ3;C9JVU4;E9PRX1;Q7KYR6;E7EPR2;P78409;E9PFB8","O00478"
"A0A384MDZ8",-0.812361229850705,26.9363011387949,-1.4952673934944,0.144912875520551,0.303141018610731,-5.46872987770088,"A0A384MDZ8","A0A384MDZ8"
"Q9Y2H1;F5H7Z3;F5GY51;F5H5E6;F5H0V1;I3L0D0;F5H277",-0.903420944174432,23.2238705757602,-1.49274272999811,0.14556981306633,0.304311157475792,-5.47228613225083,"Q9Y2H1;F5H7Z3;F5GY51;F5H5E6;F5H0V1;I3L0D0;F5H277","Q9Y2H1"
"Q93009;B7Z855;B7ZAX6;A0A669KBL1;B7Z7T5;H3BND8;Q6U8A4;F5H2X1;B7Z842",-0.902269242814985,23.6019195938727,-1.48895977528551,0.14655864127971,0.306173075787954,-5.47760510570937,"Q93009;B7Z855;B7ZAX6;A0A669KBL1;B7Z7T5;H3BND8;Q6U8A4;F5H2X1;B7Z842","Q93009"
"Q96AT9;C9J6A7;B3KTW7;C9J9T0;C9IZU8;Q2QD12;V9GZS1;F8WBT4;C9JCL8;C9IYE8;E7ESZ6;C9J8S0",-0.825104401744852,24.7358415746948,-1.48812076059484,0.146778680170399,0.306418271227537,-5.47878321097727,"Q96AT9;C9J6A7;B3KTW7;C9J9T0;C9IZU8;Q2QD12;V9GZS1;F8WBT4;C9JCL8;C9IYE8;E7ESZ6;C9J8S0","Q96AT9"
"P54920;M0R0Y2;M0R2M1;M0R058;M0R0I4;M0R213;M0R027;Q9H115;B4DIV0;A0A087WZQ7;M0QZM9;M0QZN5;M0R031",-0.789867654991784,27.2490383428135,-1.48776334427692,0.146872496147858,0.306418271227537,-5.4792849039483,"P54920;M0R0Y2;M0R2M1;M0R058;M0R0I4;M0R213;M0R027;Q9H115;B4DIV0;A0A087WZQ7;M0QZM9;M0QZN5;M0R031","P54920"
"P54709;C9JA36;C9JXZ1;Q58I18;H7C547;F8WBY4;C9J6S2;H7C4L9",-0.780472701578461,29.1672126356971,-1.48579956388026,0.147388814868686,0.307289915491599,-5.48203953586059,"P54709;C9JA36;C9JXZ1;Q58I18;H7C547;F8WBY4;C9J6S2;H7C4L9","P54709"
"P09467;Q2TU34;A0A3B3IUC7;B2RE74;A8QID0;Q5VZC3;A0A804HJK9",0.756057612013542,23.5912043189065,1.48510206896061,0.147572550593571,0.307467458451135,-5.48301716795542,"P09467;Q2TU34;A0A3B3IUC7;B2RE74;A8QID0;Q5VZC3;A0A804HJK9","P09467"
"Q9Y287;A0A384MDP7;Q9NX12;Q7Z528;A0A3B3IUC0;A0A3B3ITP9;A0A3B3IU60;A0A3B3ISG3",-0.841764409612193,25.7722161239423,-1.48445823193096,0.147742314527561,0.307615673572404,-5.48391923895964,"Q9Y287;A0A384MDP7;Q9NX12;Q7Z528;A0A3B3IUC0;A0A3B3ITP9;A0A3B3IU60;A0A3B3ISG3","Q9Y287"
"P82979;F8VS12;Q567R9;A4D286;F8VZQ9;H0YHG0",-0.838915692815515,23.1579211211868,-1.48351409082908,0.147991544213651,0.307929036959558,-5.48524144983615,"P82979;F8VS12;Q567R9;A4D286;F8VZQ9;H0YHG0","P82979"
"H3BN98;Q15041;H3BPJ2;B7Z6R9;A8K522;H3BTX6;H3BS91",1.11572549196422,25.7122270842061,1.47973041924161,0.148993720543151,0.309807609582725,-5.49053294145218,"H3BN98;Q15041;H3BPJ2;B7Z6R9;A8K522;H3BTX6;H3BS91","H3BN98"
"P47756;B2R7T8;A0A384MR50;B1AK88;B4DWA6;B1AK87;B1AK85;Q7L4N0;A0A6I8PRV6;A0A6I8PIN8",-0.797457429406538,29.1425382276862,-1.47905318351588,0.14917367106149,0.3098519421075,-5.4914788260824,"P47756;B2R7T8;A0A384MR50;B1AK88;B4DWA6;B1AK87;B1AK85;Q7L4N0;A0A6I8PRV6;A0A6I8PIN8","P47756"
"P61020;Q6FI54;F8VUA5",-0.781738027809091,27.9917883679966,-1.47890252071346,0.149213727811948,0.3098519421075,-5.49168920349511,"P61020;Q6FI54;F8VUA5","P61020"
"P52907;A8K0T9",-0.777433441763499,29.7066922876852,-1.47725731246601,0.149651700133636,0.310294047235193,-5.49398527558047,"P52907;A8K0T9","P52907"
"P35613;B4DY23;A0A7P0TA85;Q54A51;B4DNE1;A0A7P0TB04;A0A087WUV8;I3L192;A0A7P0T8A7;R4GMX5;A8MZ77;A0A346RCR1;A0A346RCP0;R4GN83;A0A2R8YDZ0",0.8021999915082,31.1324889435166,1.47711921334338,0.149688510363067,0.310294047235193,-5.49417790764073,"P35613;B4DY23;A0A7P0TA85;Q54A51;B4DNE1;A0A7P0TB04;A0A087WUV8;I3L192;A0A7P0T8A7;R4GMX5;A8MZ77;A0A346RCR1;A0A346RCP0;R4GN83;A0A2R8YDZ0","P35613"
"Q13393;Q59EA4;H7C0L3;C9IY79;F8WBV7",-0.834111064916929,25.7959462110004,-1.4769820238161,0.149725085312269,0.310294047235193,-5.49436925547553,"Q13393;Q59EA4;H7C0L3;C9IY79;F8WBV7","Q13393"
"Q01970",-0.793858337023739,28.2713944399511,-1.47625668010263,0.149918581955241,0.31048874974661,-5.4953806872042,"Q01970","Q01970"
"Q9Y2L5;J3KSL8;A8K922;Q6PCC9;J3QSA1;J3QQJ5",-0.807238271506993,23.4083142872156,-1.47507963913208,0.150233001396634,0.310703575037785,-5.49702105724217,"Q9Y2L5;J3KSL8;A8K922;Q6PCC9;J3QSA1;J3QQJ5","Q9Y2L5"
"Q7Z3V4;B9EK57;F5H5T5;F5H6D6",-1.33338648580744,25.2377246156501,-1.47506935311208,0.150235751392849,0.310703575037785,-5.49703538724189,"Q7Z3V4;B9EK57;F5H5T5;F5H6D6","Q7Z3V4"
"P00367;E9KL48;B4DMF5;B4DMG8;B4E0N9;Q53GW3;B3KT18;A0A804HKE0;A0A804HJD7;A0A140VK14;Q59FQ4;P49448;Q14400;Q9BSD0;A0A804HJZ0;Q9UQV0;A0A804HIA0;A0A804HHS2;A0A804HHU3;A0A804HLC0",-0.816835064064424,25.0841074145731,-1.47474997169051,0.150321158939409,0.310703575037785,-5.49748029134027,"P00367;E9KL48;B4DMF5;B4DMG8;B4E0N9;Q53GW3;B3KT18;A0A804HKE0;A0A804HJD7;A0A140VK14;Q59FQ4;P49448;Q14400;Q9BSD0;A0A804HJZ0;Q9UQV0;A0A804HIA0;A0A804HHS2;A0A804HHU3;A0A804HLC0","P00367"
"P53384;I3L531",0.900571417688479,23.8875489061081,1.47194638983394,0.151072547303951,0.311979956562761,-5.50138214728214,"P53384;I3L531","P53384"
"Q9Y678;Q8WUI6;B3KW21;H0Y8X7;H0Y8G2;D6RG17",-0.833857802627357,26.7493113784876,-1.47169996474346,0.151138734968366,0.311979956562761,-5.5017247990567,"Q9Y678;Q8WUI6;B3KW21;H0Y8X7;H0Y8G2;D6RG17","Q9Y678"
"Q9H2M9;A0A8I5KWJ9;A0A8I5KRP1;A0A8I5KRK1;A0A8I5KYQ0;A0A8I5KZB3;A0A8I5QJC9;A0A8I5KY07;A0A8I5KSQ5;B3KNG8;A0A8I5QJG4;A0A8I5KUS2",-0.874757092967801,24.0952312986582,-1.47125611485279,0.151258007686614,0.312019660036078,-5.50234184265559,"Q9H2M9;A0A8I5KWJ9;A0A8I5KRP1;A0A8I5KRK1;A0A8I5KYQ0;A0A8I5KZB3;A0A8I5QJC9;A0A8I5KY07;A0A8I5KSQ5;B3KNG8;A0A8I5QJG4;A0A8I5KUS2","Q9H2M9"
"P07947;J3QRU1;B2RA70",-0.798701124845007,28.5842930997145,-1.46985767607276,0.151634292251364,0.312589132539328,-5.50428490762376,"P07947;J3QRU1;B2RA70","P07947"
"P53680;M0R0N4;X6R390;M0QYZ2;M0R1S0;M0QZ21",-0.774965069113694,26.262352069462,-1.46665334262797,0.152499316598095,0.314164708368202,-5.50873113248026,"P53680;M0R0N4;X6R390;M0QYZ2;M0R1S0;M0QZ21","P53680"
"P49184;Q5TZW2;A6QRJ0;E7ESG1;Q5HY40;E7EUJ0",-0.835473354038331,25.8086811468828,-1.46568542208332,0.1527613842341,0.314496869588224,-5.51007253002166,"P49184;Q5TZW2;A6QRJ0;E7ESG1;Q5HY40;E7EUJ0","P49184"
"O00442;A8K8K1;B4DSL0;A6NIC1",-0.877469633880764,23.758238509986,-1.46436530382226,0.153119389645771,0.315025973816068,-5.51190078307002,"O00442;A8K8K1;B4DSL0;A6NIC1","O00442"
"Q92542;A0A8V8TNV7;A0A8V8TNI9;A0A8V8TNI3;A0A8V8TPR8;B4DR82;Q5T209;A0A8V8TNU8;B4DJN0;A0A8V8TNV3;A0A8V8TNC8;A0A8V8TPQ8;H0Y3Z4;H0Y6T7;Q5T205;A0A8V8TQ51;Q5T210;A0A2R8YCK1",-0.761504164452379,28.8024555136256,-1.46254499526298,0.153614139856058,0.315509037524342,-5.51441941100554,"Q92542;A0A8V8TNV7;A0A8V8TNI9;A0A8V8TNI3;A0A8V8TPR8;B4DR82;Q5T209;A0A8V8TNU8;B4DJN0;A0A8V8TNV3;A0A8V8TNC8;A0A8V8TPQ8;H0Y3Z4;H0Y6T7;Q5T205;A0A8V8TQ51;Q5T210;A0A2R8YCK1","Q92542"
"O95248;A0A8I5KUE4;A0A8I5KU87;A0A8I5KXX8;A0A8J8YTQ8;A0A8I5KXN1;A0A8I5KR05;A0A8I5KTI7;A0A8I5KVF2;A0A8I5KTN1;A0A8I5KYG9;A0A8I5KY61;A0A8I5KT60;A0A8I5KXH4;Q59EX9;Q68CX1;A0A8I5KRX8;A0A8I5KS68;A0A8I5KUL5;A0A8I5KXX9;A0A8I5KZ29;A0A8I5KT25;H0Y5W8;A0A8I5QKN6;Q86TK5;A0A8I5KS97;A0A8I5QKT8;A0A8I5KVL6;A0A8I5KNQ5;A0A8I5KPS7;A0A8I5KX98;A0A8I5KWB4;A0A8I5KYT4;A0A8I5KUS0;A0A8I5QJN2;A0A8I5KW56;Q6PGN5;A0A8I5KWI8",-0.80050772695699,24.5062813855722,-1.46247258419717,0.153633847128694,0.315509037524342,-5.51451954462646,"O95248;A0A8I5KUE4;A0A8I5KU87;A0A8I5KXX8;A0A8J8YTQ8;A0A8I5KXN1;A0A8I5KR05;A0A8I5KTI7;A0A8I5KVF2;A0A8I5KTN1;A0A8I5KYG9;A0A8I5KY61;A0A8I5KT60;A0A8I5KXH4;Q59EX9;Q68CX1;A0A8I5KRX8;A0A8I5KS68;A0A8I5KUL5;A0A8I5KXX9;A0A8I5KZ29;A0A8I5KT25;H0Y5W8;A0A8I5QKN6;Q86TK5;A0A8I5KS97;A0A8I5QKT8;A0A8I5KVL6;A0A8I5KNQ5;A0A8I5KPS7;A0A8I5KX98;A0A8I5KWB4;A0A8I5KYT4;A0A8I5KUS0;A0A8I5QJN2;A0A8I5KW56;Q6PGN5;A0A8I5KWI8","O95248"
"B4E106",-0.762582830829778,23.1436193928348,-1.4623851136263,0.153657655658697,0.315509037524342,-5.51464049753567,"B4E106","B4E106"
"Q6J9G0;A0A0C5BIK5",1.0468110757773,22.5298022319598,1.45888075286071,0.154613926008767,0.317263707382463,-5.51948110018608,"Q6J9G0;A0A0C5BIK5","Q6J9G0"
"P27635;X1WI28;X5D2T3;B8A6G2;X5D2W5;A6QRI9",-0.87297291197418,27.8362123324369,-1.4577663728632,0.15491900971226,0.317631452038847,-5.52101828690787,"P27635;X1WI28;X5D2T3;B8A6G2;X5D2W5;A6QRI9","P27635"
"P52434;C9JLU1",-0.839799849896004,23.2833391529972,-1.45740472933348,0.155018119799518,0.317631452038847,-5.52151692203413,"P52434;C9JLU1","P52434"
"P04080;Q76LA1;A0A1W2PQG6;A0A1W2PS52",-0.835552191189944,29.2444708480964,-1.45711100349367,0.155098653881104,0.317631452038847,-5.52192183288169,"P04080;Q76LA1;A0A1W2PQG6;A0A1W2PS52","P04080"
"Q6PHR2;H3BPN6;H3BT78;H3BP85;B4DEJ1;B4DQN3;B4DDG2;B4DFS6",-0.939901533129312,23.2693843366439,-1.45598310745248,0.155408211301856,0.318056568930768,-5.52347601551243,"Q6PHR2;H3BPN6;H3BT78;H3BP85;B4DEJ1;B4DQN3;B4DDG2;B4DFS6","Q6PHR2"
"Q86U42;B4DEH8;G3V4T2;A0A7I2V383;H0YJH9",-0.924191492711124,23.522715607972,-1.45333369112777,0.156137293067362,0.319339158739083,-5.52712265627174,"Q86U42;B4DEH8;G3V4T2;A0A7I2V383;H0YJH9","Q86U42"
"Q04206;Q2TAM5;E9PKH5;B4E082;A0A087X0W8;Q96F54;E9PKV4;Q96CP1;E9PMD5;E9PI38;E9PQS6;E9PM47;E9PNK5;E9PNV4",0.777731211607954,25.444114907587,1.45125220818319,0.156711994155575,0.320304528028335,-5.52998354227417,"Q04206;Q2TAM5;E9PKH5;B4E082;A0A087X0W8;Q96F54;E9PKV4;Q96CP1;E9PMD5;E9PI38;E9PQS6;E9PM47;E9PNK5;E9PNV4","Q04206"
"P36959",-0.780975358448078,23.0741845142655,-1.44879613006435,0.157392283481463,0.321484303980801,-5.53335469720803,"P36959","P36959"
"P13611;Q59FG9;E9PF17;D6RGZ6;Q86W61;B7Z3R6;A0A1B1PFX2;B7Z638",0.839018021921774,27.3086325793683,1.44744698065553,0.157766970959366,0.322038731951742,-5.53520439142499,"P13611;Q59FG9;E9PF17;D6RGZ6;Q86W61;B7Z3R6;A0A1B1PFX2;B7Z638","P13611"
"O14980;A0A7I2V461;A0A7I2V2Y6;A0A7I2YQV4;A0A7I2V3W6;A0A7I2V2H0;A0A7I2V2S3;A0A7I2V3P3;A0A7I2V3N0;A0A7I2V6B9;A0A7I2V488;B7ZB16;B4DR01;A0A7I2V4A3;A0A7I2YQX3;B3KWD0;C9JKM9;C9J673;A0A7I2V2C5;A0A7I2V3J1;A0A7I2YQP1;F8WF71;A0A7P0Z4B7;C9IYM2",-0.812620026309663,26.500797336966,-1.44659710417965,0.158003363279826,0.322304769083472,-5.53636880780493,"O14980;A0A7I2V461;A0A7I2V2Y6;A0A7I2YQV4;A0A7I2V3W6;A0A7I2V2H0;A0A7I2V2S3;A0A7I2V3P3;A0A7I2V3N0;A0A7I2V6B9;A0A7I2V488;B7ZB16;B4DR01;A0A7I2V4A3;A0A7I2YQX3;B3KWD0;C9JKM9;C9J673;A0A7I2V2C5;A0A7I2V3J1;A0A7I2YQP1;F8WF71;A0A7P0Z4B7;C9IYM2","O14980"
"P39023;Q8TBW1;Q96QL0;Q9NY85;G5E9G0;B3KS36;B5MCW2;Q9BT63;H7C422;Q49AJ9;H7C3M2;B4DN06;F8WCR1;Q92901;B2R7Y3",-0.775917597140083,28.0825750343414,-1.44591158373801,0.158194245033795,0.322304769083472,-5.53730760563531,"P39023;Q8TBW1;Q96QL0;Q9NY85;G5E9G0;B3KS36;B5MCW2;Q9BT63;H7C422;Q49AJ9;H7C3M2;B4DN06;F8WCR1;Q92901;B2R7Y3","P39023"
"Q9NRW7;A0A8V8TM00;A0A2R8YD95;A0A8V8TNE7;A0A8V8TNR0;A0A8V8TMH2;A0A8V8TNQ5;A0A8V8TM05;A0A8V8TMF8;A0A8V8TMD1;A0A8V8TLW3;A0A8V8TNB6;A0A8V8TLX3;A0A8V8TNM6;A0A8V8TMG7;A0A8V8TM10;A0A8V8TMG3;A0A2R8YF01;A0A2R8YEX8;A0A8V8TMC6;A0A8V8TLX8;A0A2R8YE10;B7Z5E4;Q5T4Q0;A0A8V8TNG0;A0A1B0GXI6;B7Z1J7;A0A8V8TNF0;A0A8V8TNF5;A0A8V8TLZ5;A0A8V8TLU0;A0AR27;B7Z5D4;B7Z360;A0A2R8Y7W9;B7Z7G7;A0A2R8YDP1",-0.811825182554458,23.2959356779257,-1.44586468526927,0.158207310505545,0.322304769083472,-5.53737181738193,"Q9NRW7;A0A8V8TM00;A0A2R8YD95;A0A8V8TNE7;A0A8V8TNR0;A0A8V8TMH2;A0A8V8TNQ5;A0A8V8TM05;A0A8V8TMF8;A0A8V8TMD1;A0A8V8TLW3;A0A8V8TNB6;A0A8V8TLX3;A0A8V8TNM6;A0A8V8TMG7;A0A8V8TM10;A0A8V8TMG3;A0A2R8YF01;A0A2R8YEX8;A0A8V8TMC6;A0A8V8TLX8;A0A2R8YE10;B7Z5E4;Q5T4Q0;A0A8V8TNG0;A0A1B0GXI6;B7Z1J7;A0A8V8TNF0;A0A8V8TNF5;A0A8V8TLZ5;A0A8V8TLU0;A0AR27;B7Z5D4;B7Z360;A0A2R8Y7W9;B7Z7G7;A0A2R8YDP1","Q9NRW7"
"Q66K74;A8K940;M0QZ50;M0QXQ9;M0QY41;M0R1M7;M0R1J2",-1.0266760152103,24.5316285537751,-1.4454502562862,0.158322803764114,0.322329520196,-5.53793916018738,"Q66K74;A8K940;M0QZ50;M0QXQ9;M0QY41;M0R1M7;M0R1J2","Q66K74"
"Q05397;A0A8Q3WLM4;E7ESA6;Q658W2;H0YBP1;Q59GM6;Q59GN8;A0A059VC25;H0YBZ1;B4DH13;H0YB16;Q8N9D7;I6L996;E9PEI4;B4DWJ1;E5RHD8;H0YB99;E5RI03;E5RJI4;E5RJP0;E5RIK4;E5RGA6;E5RI29;E5RFW9;E5RI72;E5RG66;E5RH01;E5RH48;E5RG54;E5RH08",0.821847409914515,25.4187146813415,1.44373174310546,0.158802434314168,0.323095102821846,-5.54029024841764,"Q05397;A0A8Q3WLM4;E7ESA6;Q658W2;H0YBP1;Q59GM6;Q59GN8;A0A059VC25;H0YBZ1;B4DH13;H0YB16;Q8N9D7;I6L996;E9PEI4;B4DWJ1;E5RHD8;H0YB99;E5RI03;E5RJI4;E5RJP0;E5RIK4;E5RGA6;E5RI29;E5RFW9;E5RI72;E5RG66;E5RH01;E5RH48;E5RG54;E5RH08","Q05397"
"Q9H993;F5GZY1",-0.779668717289173,25.0716994010975,-1.43822404386407,0.160347386188223,0.326025748058063,-5.54780886219657,"Q9H993;F5GZY1","Q9H993"
"O75390;B4DJV2;B3KTN4;A0A0C4DGI3;F8W4S1;H0YIC4;Q0QEL2;F8VTT8;B7Z1E1;H0YH82;F8W642;F8VZK9;F8VPA1;F8VPF9;F8VX68;F8VRP1;F8VX07;F8W1S4",1.05824756444552,24.4467460687806,1.43733060279392,0.160599122697754,0.326324862341561,-5.54902614335006,"O75390;B4DJV2;B3KTN4;A0A0C4DGI3;F8W4S1;H0YIC4;Q0QEL2;F8VTT8;B7Z1E1;H0YH82;F8W642;F8VZK9;F8VPA1;F8VPF9;F8VX68;F8VRP1;F8VX07;F8W1S4","O75390"
"O75223;A0A090N7V5;M0QZK8;B3KMN7;B8ZZK2;H7BZK5;A0A0B4J1Y4",-0.80488985911029,25.6303853017243,-1.43626798050188,0.160898935461487,0.326721210745037,-5.55047306804406,"O75223;A0A090N7V5;M0QZK8;B3KMN7;B8ZZK2;H7BZK5;A0A0B4J1Y4","O75223"
"Q96GX9;B4DY17;S4R3D6",-0.828945033618911,23.2653778947479,-1.43388415299752,0.161573131771106,0.327677551723054,-5.55371561843304,"Q96GX9;B4DY17;S4R3D6","Q96GX9"
"Q9NZ32;Q86TY2;V9GYX7;Q05DQ7;B2RDG9;Q53HF6;Q53H79;G3V524;G3V2Q5;G3V5Y4;F6S9Y6;Q86SY7",-0.848019083999393,24.2951420604972,-1.43385984710241,0.161580017489598,0.327677551723054,-5.55374865577896,"Q9NZ32;Q86TY2;V9GYX7;Q05DQ7;B2RDG9;Q53HF6;Q53H79;G3V524;G3V2Q5;G3V5Y4;F6S9Y6;Q86SY7","Q9NZ32"
"O60664;A0A140VJN8;K7ERZ3;K7EL96;K7ER39",0.797439819543765,28.1065063222432,1.43189972559333,0.162136073766238,0.328488326951337,-5.55641130456422,"O60664;A0A140VJN8;K7ERZ3;K7EL96;K7ER39","O60664"
"Q6ZS17;A0A0A0MTL6;B4DZD8;H3BMG9;H3BSV5;Q05CS9;H3BSX9;H3BP86;H3BQI5",0.884279663584991,24.6389523003404,1.43170832161741,0.162190453191747,0.328488326951337,-5.55667113908669,"Q6ZS17;A0A0A0MTL6;B4DZD8;H3BMG9;H3BSV5;Q05CS9;H3BSX9;H3BP86;H3BQI5","Q6ZS17"
"P61313;B4DLP4;A0A2R8YEM3;E7EQV9;E7EX53;A0A2R8Y738;E7ENU7;E7ERA2;B4DEN1;A4D1Q5",-0.793777862302104,28.5856899869391,-1.43049285210965,0.162536114873197,0.32897478409442,-5.55832045348646,"P61313;B4DLP4;A0A2R8YEM3;E7EQV9;E7EX53;A0A2R8Y738;E7ENU7;E7ERA2;B4DEN1;A4D1Q5","P61313"
"P62166",0.813765998456347,24.4432927351798,1.42970556658915,0.162760318147177,0.329192996905103,-5.55938809620108,"P62166","P62166"
"Q7Z6B7;A0A2X0SFI2;G5EA48",-0.77217228631692,23.1819074017348,-1.42923918750121,0.162893248980214,0.329192996905103,-5.56002031339231,"Q7Z6B7;A0A2X0SFI2;G5EA48","Q7Z6B7"
"P21291;B4DY28;A0A384P5K2;Q9BTA4;B4E2T4;E9PS42;Q59EQ5;B3KVC9;Q6ZMS3;E9PND2;E9PP21;Q6AI18;Q6AWD1",-0.75435139310347,28.2690435379738,-1.42852743257524,0.163096284153127,0.329192996905103,-5.56098481112385,"P21291;B4DY28;A0A384P5K2;Q9BTA4;B4E2T4;E9PS42;Q59EQ5;B3KVC9;Q6ZMS3;E9PND2;E9PP21;Q6AI18;Q6AWD1","P21291"
"O95433;G3V438;H0YJG7;H0YJ63;G3V3W9;H0YJU2",0.742700943356056,26.28921166338,1.42826876593059,0.163170120945521,0.329192996905103,-5.56133522572037,"O95433;G3V438;H0YJG7;H0YJ63;G3V3W9;H0YJU2","O95433"
"P63244;E9KL35;J3KPE3;D6RAC2;H0YAF8;D6REE5;H0Y8W2;H0YAM7;D6RHH4;D6R9L0;D6R9Z1;D6RFX4;B4DVD2;D6RBD0;D6RFZ9;E9PD14;D6RAU2;H0Y8R5;D6RF23;B4E0C3;B4DWC6;D6RGK8;D6R909;D6RHJ5;H0Y9P0;D6RDI0;I3QNU9",-0.750952541738442,28.3180128875153,-1.42798885466514,0.1632500518211,0.329192996905103,-5.56171435780083,"P63244;E9KL35;J3KPE3;D6RAC2;H0YAF8;D6REE5;H0Y8W2;H0YAM7;D6RHH4;D6R9L0;D6R9Z1;D6RFX4;B4DVD2;D6RBD0;D6RFZ9;E9PD14;D6RAU2;H0Y8R5;D6RF23;B4E0C3;B4DWC6;D6RGK8;D6R909;D6RHJ5;H0Y9P0;D6RDI0;I3QNU9","P63244"
"P61962;B4DH46;A0A8I5QKQ1;A0A8I5KT41;A0A8I5KQ63;A0A087WWI6;A0A8I5KRG1;A0A8I5KX45;A0A8I5KXF0;A0A8I5KTU5",-0.932225795883525,23.9370998975611,-1.42789383176478,0.163277193399229,0.329192996905103,-5.56184304892131,"P61962;B4DH46;A0A8I5QKQ1;A0A8I5KT41;A0A8I5KQ63;A0A087WWI6;A0A8I5KRG1;A0A8I5KX45;A0A8I5KXF0;A0A8I5KTU5","P61962"
"P34741;E7ESK6;E9PBI9;B7Z5H2;B4DQ56;B4DT61;E5RJB8;E5RHU3",0.821549799550116,23.9317392773272,1.42610269885238,0.163789465912913,0.330012496241845,-5.5642674092476,"P34741;E7ESK6;E9PBI9;B7Z5H2;B4DQ56;B4DT61;E5RJB8;E5RHU3","P34741"
"P40818;A8K8N5;B4DUC6;B3KRK3",-0.764250575449243,23.73265889819,-1.42513123294857,0.164067840576259,0.330359970792351,-5.5655812084818,"P40818;A8K8N5;B4DUC6;B3KRK3","P40818"
"P18440;Q09LL5;Q400J6;Q6U7I7;Q9HAQ5;F5H5R8",-0.832147638604319,23.4811654632038,-1.42447598380622,0.164255813967483,0.330431659509988,-5.56646691746461,"P18440;Q09LL5;Q400J6;Q6U7I7;Q9HAQ5;F5H5R8","P18440"
"Q9UMS4;F5GY56;F5H2I0",-0.797779332606769,22.7475540269791,-1.42426865423445,0.164315326675214,0.330431659509988,-5.56674709337187,"Q9UMS4;F5GY56;F5H2I0","Q9UMS4"
"P49458;Q6P2S0;Q659G3;E9PE20;Q8WVW9",-0.766808941900017,26.3699963286348,-1.41818231557889,0.166069973341193,0.333745004414422,-5.57495598894597,"P49458;Q6P2S0;Q659G3;E9PE20;Q8WVW9","P49458"
"Q9BR76;Q9NSK3;A0A087WW53;F5H390;Q59F81;B4DIU2;F5H0D2",-0.780368003672439,27.5233364233956,-1.41558229697514,0.166824030437755,0.334831069667985,-5.57845335287025,"Q9BR76;Q9NSK3;A0A087WW53;F5H390;Q59F81;B4DIU2;F5H0D2","Q9BR76"
"P61353;E4W6B6;B2R4D8;K7ELC7;K7EQQ9;Q6LCU2;K7ERY7",-0.767570424473178,28.1550898946478,-1.41557862078434,0.166825098513642,0.334831069667985,-5.57845829384404,"P61353;E4W6B6;B2R4D8;K7ELC7;K7EQQ9;Q6LCU2;K7ERY7","P61353"
"P36578;Q59GY2;B4DMJ6;Q53G74;H3BM89;B4DFI6;B4DMJ2;H3BTP7;H3BU31;B4DP82",-0.795859124000025,28.1470168899457,-1.41063335791259,0.168266775397895,0.337507442100344,-5.58509477167527,"P36578;Q59GY2;B4DMJ6;Q53G74;H3BM89;B4DFI6;B4DMJ2;H3BTP7;H3BU31;B4DP82","P36578"
"Q96RS6;A0A7I2V457;E5RGX7",0.725770871498945,25.1826142811178,1.40978134031992,0.168516149012587,0.337790404093996,-5.5862361106978,"Q96RS6;A0A7I2V457;E5RGX7","Q96RS6"
"O60256;E7EPA1;B2R7R5;C9JDU5;C9JJS3;C9K0K7;C9JDH0;I3L4G9;E7EW35;I3L0S1",-0.748205346799729,23.373701949548,-1.40460507489305,0.170037425536075,0.340541402428205,-5.59315708123013,"O60256;E7EPA1;B2R7R5;C9JDU5;C9JJS3;C9K0K7;C9JDH0;I3L4G9;E7EW35;I3L0S1","O60256"
"Q15417;E9PDU6;Q9BWY6",0.771931803293111,27.1040795271389,1.40436946215498,0.170106926894243,0.340541402428205,-5.59347157732891,"Q15417;E9PDU6;Q9BWY6","Q15417"
"P34947;B2R7K0;B4DPB3;B4DWB2;P32298;B7Z340;A8K8M5",-0.803912014779083,23.3104139899614,-1.40378309310462,0.170279991741071,0.340609122093533,-5.59425406208922,"P34947;B2R7K0;B4DPB3;B4DWB2;P32298;B7Z340;A8K8M5","P34947"
"Q9H4A6;B3KQ71;B4DWL6;B3KS18;B4DDX1;B3KQJ9",-0.7720120304445,24.00139989755,-1.40351500424066,0.17035916334271,0.340609122093533,-5.59461171974215,"Q9H4A6;B3KQ71;B4DWL6;B3KS18;B4DDX1;B3KQJ9","Q9H4A6"
"Q15637;A0A9L9PXR5;H7C561;B4DJU4;A0A9L9PXE4;A0A7P0T9U7;C9J792;A0A9L9PXU0;Q14820;F8WEV5;B4DX42;B4DSE4",-0.779748185915132,23.77065142999,-1.39899490315196,0.171698392097982,0.343066806504552,-5.60063295228994,"Q15637;A0A9L9PXR5;H7C561;B4DJU4;A0A9L9PXE4;A0A7P0T9U7;C9J792;A0A9L9PXU0;Q14820;F8WEV5;B4DX42;B4DSE4","Q15637"
"B7Z2R3",0.777154256496598,23.0598529733566,1.39727115631718,0.172211280094653,0.343868728559507,-5.60292465989242,"B7Z2R3","B7Z2R3"
"A0A7I2YQN2;O60506;B2R8Z8;A0A7I2V4Z0;Q59GL1;A0AA34QW03;A0A7I2V5Q6;Q05CK9;A0A7I2V346;B7Z645;A0A7I2V309;A0A7I2V2F2;A0A7I2YQV8;F6UXX1;A0A7I2V4J0;B7Z213;A0A7I2V2F0;H0YAA0",-0.762737482173232,27.0758672390434,-1.39690548202248,0.172320238133539,0.343868728559507,-5.60341050144873,"A0A7I2YQN2;O60506;B2R8Z8;A0A7I2V4Z0;Q59GL1;A0AA34QW03;A0A7I2V5Q6;Q05CK9;A0A7I2V346;B7Z645;A0A7I2V309;A0A7I2V2F2;A0A7I2YQV8;F6UXX1;A0A7I2V4J0;B7Z213;A0A7I2V2F0;H0YAA0","A0A7I2YQN2"
"R4QU15",-0.751244274784135,23.1719445683665,-1.39521356113898,0.172825074939409,0.344655632184154,-5.60565696227625,"R4QU15","R4QU15"
"P36873;Q9UPN1;F8VYE8;F8VR82;F8W0W8;A0A087WYY5;B4DNE3;F8WE71;F8W1A0;C4TNW5;C4TNW6;F8W0V8",0.779495524832761,26.8954821467248,1.39460674584107,0.173006419303754,0.344796819046907,-5.6064620822825,"P36873;Q9UPN1;F8VYE8;F8VR82;F8W0W8;A0A087WYY5;B4DNE3;F8WE71;F8W1A0;C4TNW5;C4TNW6;F8W0V8","P36873"
"P35270;B4DSF0;Q9UEC5",-0.810123459364409,25.4461303809727,-1.39045817180963,0.174250203002092,0.347053884523324,-5.61195813406862,"P35270;B4DSF0;Q9UEC5","P35270"
"Q9HAU4;J3QRY2;J3QQM4;J3QLG1",0.810552399460768,23.6351425503254,1.38918663228736,0.174632822110558,0.347593983511698,-5.61363978926117,"Q9HAU4;J3QRY2;J3QQM4;J3QLG1","Q9HAU4"
"Q9NS86;B3KTN5;B4DWZ7",0.849393431668528,24.879282484337,1.38837876839975,0.174876258020919,0.347856536203602,-5.61470751328249,"Q9NS86;B3KTN5;B4DWZ7","Q9NS86"
"O00471;F8W9B8;B4E0U7;B4DHG4;Q658M3;G3V377",-0.783163287287653,25.3467199627899,-1.38609868495734,0.175564754777811,0.348954296313383,-5.61771806385753,"O00471;F8W9B8;B4E0U7;B4DHG4;Q658M3;G3V377","O00471"
"Q96A33;J3QR89",-0.790182922437552,23.522794388203,-1.38581061930344,0.175651890096829,0.348954296313383,-5.61809810643696,"Q96A33;J3QR89","Q96A33"
"O95831;A0A6Q8PFM5;A0A6Q8PG15;A0A6Q8PHJ9;A0A7I2PK44;A0A6Q8PHC0;A0A6Q8PFQ8;A0A6Q8PFS4;A0A6Q8PFA7;A0A7I2RLJ8;A0A6Q8PFW2;A0A6Q8PFE1;Q5RZA0;Q5RZ99;E9PMA0;A0A140VK04;A0A6Q8PF87;A0A6Q8PHJ4",-0.839654748926741,23.5260340520663,-1.38493771410482,0.175916136717183,0.349256798485611,-5.6192492977291,"O95831;A0A6Q8PFM5;A0A6Q8PG15;A0A6Q8PHJ9;A0A7I2PK44;A0A6Q8PHC0;A0A6Q8PFQ8;A0A6Q8PFS4;A0A6Q8PFA7;A0A7I2RLJ8;A0A6Q8PFW2;A0A6Q8PFE1;Q5RZA0;Q5RZ99;E9PMA0;A0A140VK04;A0A6Q8PF87;A0A6Q8PHJ4","O95831"
"O43617;A0A087WWM0;A6NKE1;A0A087WYS5",-0.880868040519761,25.7179030798927,-1.38372138426563,0.176284863391674,0.349640238715534,-5.6208523326658,"O43617;A0A087WWM0;A6NKE1;A0A087WYS5","O43617"
"O60884;T2DN57;A0A087WT48;T2DPK5;I3L320",-0.757167495999202,27.2033795753617,-1.38356118988349,0.176333470823833,0.349640238715534,-5.62106336475167,"O60884;T2DN57;A0A087WT48;T2DPK5;I3L320","O60884"
"Q8IVF2",0.839264790249739,25.486755479129,1.38228463307991,0.176721188146891,0.35018639506363,-5.62274426704694,"Q8IVF2","Q8IVF2"
"Q9Y3L5;A0A087X2C3",-0.721523055876244,27.3665564175912,-1.38182832879009,0.176859938933556,0.350238825100801,-5.62334477234285,"Q9Y3L5;A0A087X2C3","Q9Y3L5"
"Q16204;Q05CP8;Q15302;J7M8C2;J7MDF2;A0A2H4FYY8",-0.818638854313264,24.3052793710427,-1.38087285897619,0.177150749251074,0.350592123676459,-5.62460162265514,"Q16204;Q05CP8;Q15302;J7M8C2;J7MDF2;A0A2H4FYY8","Q16204"
"Q7KYR7;Q8WVV5;H7BYC3;C9IY66;C9JNC3;C9JAJ6;H7C542",0.734215898061155,26.6117084787767,1.3788007689091,0.17778270151622,0.351590608782876,-5.62732466941404,"Q7KYR7;Q8WVV5;H7BYC3;C9IY66;C9JNC3;C9JAJ6;H7C542","Q7KYR7"
"Q15040;H0YGT9;Q6IB81;B0QY55;B0QY57;B0QY56",-0.716578520799359,23.4069313717334,-1.37847987862604,0.177880724802622,0.351590608782876,-5.62774604618392,"Q15040;H0YGT9;Q6IB81;B0QY55;B0QY57;B0QY56","Q15040"
"Q9NPF4;G3V249;G3V445",-0.816080689316728,23.2257878196274,-1.37797168099074,0.17803605172539,0.351674759551293,-5.62841320832279,"Q9NPF4;G3V249;G3V445","Q9NPF4"
"P46108;L7RT18;A0A0S2Z3Q4;A0A0S2Z3K9;I3L297",-0.730425522971682,26.670873116859,-1.37732735760195,0.17823313667799,0.351841236264969,-5.62925876424966,"P46108;L7RT18;A0A0S2Z3Q4;A0A0S2Z3K9;I3L297","P46108"
"Q13620;A0A7P0T8P8;A0A7P0T954;K4DI93;A0A669KAX4;A0A7P0T9L3;A0A7P0T9C8;A0A7P0TAQ3;A0A804CL36;A0A7P0T9D0;A0A669KBG9;A0A7P0T9P5;A0A7P0TAF9;A0A7P0T9R8;A0A7P0Z4G9;A0A7P0T8W4;A0A7P0Z439;A0A7P0Z4E4",0.708487202616904,25.3435431435262,1.37508583755276,0.178920097117009,0.35297392973305,-5.6321976268324,"Q13620;A0A7P0T8P8;A0A7P0T954;K4DI93;A0A669KAX4;A0A7P0T9L3;A0A7P0T9C8;A0A7P0TAQ3;A0A804CL36;A0A7P0T9D0;A0A669KBG9;A0A7P0T9P5;A0A7P0TAF9;A0A7P0T9R8;A0A7P0Z4G9;A0A7P0T8W4;A0A7P0Z439;A0A7P0Z4E4","Q13620"
"P63172",-0.773220686080318,24.9668756820519,-1.37348332857382,0.179412484021346,0.35354075834385,-5.63429608895817,"P63172","P63172"
"Q9NRV9;F5GWX2;A0A3B3IRV5;H0YG71",0.750848840267196,27.4361254272119,1.37341299121388,0.17943412005717,0.35354075834385,-5.63438814518865,"Q9NRV9;F5GWX2;A0A3B3IRV5;H0YG71","Q9NRV9"
"P09913;A0A7P0TAT2;A0A7P0T8B3;B4DTZ5;Q8IZ03;Q05DN2;A0A087X279;A0A7P0T8R6",0.811860170834912,23.6169334717163,1.37274784804093,0.179638821173195,0.353720633358078,-5.63525846630992,"P09913;A0A7P0TAT2;A0A7P0T8B3;B4DTZ5;Q8IZ03;Q05DN2;A0A087X279;A0A7P0T8R6","P09913"
"Q9P0J7",-0.746205833100085,23.3053659282638,-1.36849159853013,0.180953014726724,0.356083566519024,-5.64081882833143,"Q9P0J7","Q9P0J7"
"Q15084;A0A384NPU5",0.729976647008669,26.5243562654849,1.36682430823952,0.181469856557765,0.356875461919085,-5.64299281411647,"Q15084;A0A384NPU5","Q15084"
"P12081;A0A6Q8PF47;E7ETE2;A0A6Q8PHA5;B4DDD8;A0A6Q8PFF2;B3KWE1;A0A6Q8PF07;B4E1C5;A0A6Q8PHE3;Q52NV4;B4DEA2;A0A6Q8PFN6;A0A6Q8PFG9;A0A6Q8PHQ0;A0A2R8Y5P7;B2R7G6;A0A2R8Y3N3;A0A2R8Y6I1;P49590;D6RJE6;A0A2R8Y5E8;D6RF05;A0A2R8Y4X6;D6RB22;A0A2R8YCI2;B4DDN8;B4DSY5;B4DQ67;A0A2R8YFR1",-0.725860791745291,26.968674927081,-1.36448291427687,0.182197601728896,0.358080856832028,-5.64604180847667,"P12081;A0A6Q8PF47;E7ETE2;A0A6Q8PHA5;B4DDD8;A0A6Q8PFF2;B3KWE1;A0A6Q8PF07;B4E1C5;A0A6Q8PHE3;Q52NV4;B4DEA2;A0A6Q8PFN6;A0A6Q8PFG9;A0A6Q8PHQ0;A0A2R8Y5P7;B2R7G6;A0A2R8Y3N3;A0A2R8Y6I1;P49590;D6RJE6;A0A2R8Y5E8;D6RF05;A0A2R8Y4X6;D6RB22;A0A2R8YCI2;B4DDN8;B4DSY5;B4DQ67;A0A2R8YFR1","P12081"
"O60684;B4DWX3;B4DII5;O15131;Q5TFJ7;A0A8V8TLL2;A0A8V8TL88;A0A8V8TMV2;G1UI19;S4R3E5",-0.772183964682139,25.9503280176141,-1.36097557399643,0.183291986930506,0.360004853423329,-5.65060045827123,"O60684;B4DWX3;B4DII5;O15131;Q5TFJ7;A0A8V8TLL2;A0A8V8TL88;A0A8V8TMV2;G1UI19;S4R3E5","O60684"
"P25398",-0.718089075931264,28.0108460803451,-1.35750098536713,0.184381182286587,0.361916241379398,-5.65510629497644,"P25398","P25398"
"Q96JG6;A7MD03;H0Y7Q2;Q5JPD9;C9JA29;Q9NXR2;Q75N11;B4DS55",-0.824628767971507,22.541949751801,-1.35640858456755,0.18472465842499,0.362362395992167,-5.65652080898918,"Q96JG6;A7MD03;H0Y7Q2;Q5JPD9;C9JA29;Q9NXR2;Q75N11;B4DS55","Q96JG6"
"P61513;C9J4Z3;M0R0A1;Q6P4E4;E9PEL3;M0R2L6;G5E9R3;A6NKH3",-0.748588742799484,27.0719581145599,-1.35518605712552,0.185109637959203,0.362889353107955,-5.6581026231873,"P61513;C9J4Z3;M0R0A1;Q6P4E4;E9PEL3;M0R2L6;G5E9R3;A6NKH3","P61513"
"Q00610;K7EJJ5;A0A8V8TQ14;A0A087WVQ6;A0A8V8TR47;A0A8V8TRF0;A0A8V8TQK1;A0A8V8TRE8;A0A8V8TQK3;A0A8V8TQ18;J3KRF5;J3KS13;A0A8V8TQK7;A4FU99;J3QL20;B7Z2Y4;A0A087WXH4;A0A087WV74;B7Z1Z7;F5H5N6;Q9H3B0",0.761852571397888,30.9458996553754,1.35451852403741,0.185320109772129,0.363056892097716,-5.65896580300052,"Q00610;K7EJJ5;A0A8V8TQ14;A0A087WVQ6;A0A8V8TR47;A0A8V8TRF0;A0A8V8TQK1;A0A8V8TRE8;A0A8V8TQK3;A0A8V8TQ18;J3KRF5;J3KS13;A0A8V8TQK7;A4FU99;J3QL20;B7Z2Y4;A0A087WXH4;A0A087WV74;B7Z1Z7;F5H5N6;Q9H3B0","Q00610"
"Q14165;F5H1S8;H0YG07;F5GX14",-0.758638497735319,23.0672372961686,-1.35417687471719,0.185427902889279,0.363056892097716,-5.65940744019843,"Q14165;F5H1S8;H0YG07;F5GX14","Q14165"
"P08708;H3BNC9;H0YN88;A0A075B716;H0YN73;A0A0J9YYC4;A4D1Q6",-0.801014441149025,26.8812453983784,-1.35286138175664,0.185843405652354,0.363540992446748,-5.66110700607287,"P08708;H3BNC9;H0YN88;A0A075B716;H0YN73;A0A0J9YYC4;A4D1Q6","P08708"
"Q6ZUX7",-0.817119807234917,27.5364605681114,-1.3526562366546,0.18590826641634,0.363540992446748,-5.66137191358598,"Q6ZUX7","Q6ZUX7"
"Q96A49;B2RBI2;Q53GS5;B4DHY7;B4E1C9",0.809517506752062,23.6700492106151,1.35199918864531,0.186116123520827,0.363588420915871,-5.66222013158947,"Q96A49;B2RBI2;Q53GS5;B4DHY7;B4E1C9","Q96A49"
"Q7Z478",0.730693897488436,23.8107922805942,1.35174690256681,0.186195982053584,0.363588420915871,-5.66254572392012,"Q7Z478","Q7Z478"
"Q12891",-0.73907156045383,23.1988438439906,-1.35106188909923,0.186412949889225,0.363588420915871,-5.66342950855429,"Q12891","Q12891"
"Q9NUP9;Q53FX5;G3V1D4;O14910;H0YIA8;H0YI92;Q9HAP6;J3KN23",-0.725509250806379,29.2244540720379,-1.35090597013578,0.186462362264794,0.363588420915871,-5.66363061519676,"Q9NUP9;Q53FX5;G3V1D4;O14910;H0YIA8;H0YI92;Q9HAP6;J3KN23","Q9NUP9"
"Q16643;A0A2Z6ATB6;D6R9W4;B3KSQ7;D6RFI1;D6RCR4;B7Z2Z0;D6R9Q9",0.684064734180911,25.9845984276663,1.35073870690956,0.186515381040524,0.363588420915871,-5.66384633095358,"Q16643;A0A2Z6ATB6;D6R9W4;B3KSQ7;D6RFI1;D6RCR4;B7Z2Z0;D6R9Q9","Q16643"
"Q99961;Q6FGM0;Q9UQD4;M0QYE0;M0R0I3;Q99962;M0R2K6;B7Z7W3;Q3V639;Q8IZ09;B7Z7M7;B7Z1K6",-0.729146451454966,27.276832809092,-1.34989406156059,0.186783293540219,0.363883255810083,-5.66493528982762,"Q99961;Q6FGM0;Q9UQD4;M0QYE0;M0R0I3;Q99962;M0R2K6;B7Z7W3;Q3V639;Q8IZ09;B7Z7M7;B7Z1K6","Q99961"
"P51809;B4DE96;B4DIH9;B2R6P4;B4DMB4",0.753847555254325,24.597292987565,1.34884431620189,0.187116676941642,0.364305190624833,-5.66628783162457,"P51809;B4DE96;B4DIH9;B2R6P4;B4DMB4","P51809"
"O60869",0.788908645691276,26.0219083203797,1.34674056134575,0.187786184868801,0.36538060549332,-5.6689955986228,"O60869","O60869"
"Q8IVM0",-0.740599019820706,23.1796401511127,-1.34583281205567,0.188075642871119,0.365715667154002,-5.67016281454715,"Q8IVM0","Q8IVM0"
"A0A897ZMV1;I6ZY88",-0.70611789060354,23.1671468265674,-1.34497403196022,0.188349803545668,0.366020583961956,-5.67126642098205,"A0A897ZMV1;I6ZY88","A0A897ZMV1"
"P21399;V9HWB7;Q9HBB2;Q59FI0;Q7Z2Y2",0.747748725444414,26.6221613172547,1.34373671137415,0.188745354605291,0.366353324252404,-5.67285538471262,"P21399;V9HWB7;Q9HBB2;Q59FI0;Q7Z2Y2","P21399"
"P56537;B7ZBH1;A0A0U1RQV5;F8WD20;B4DJH0;A0A0B4J1Y7;F8WDS6",0.758308955460631,27.9704933143562,1.34370361159149,0.188755944877721,0.366353324252404,-5.67289787352754,"P56537;B7ZBH1;A0A0U1RQV5;F8WD20;B4DJH0;A0A0B4J1Y7;F8WDS6","P56537"
"Q9H0W9;A0A087WT99;A8K718;E9PPB5;E9PJU8;E9PQS1;A0A024R3B0;A0A1W2PRB8;E9PR95;E9PSC3;E9PLC5;E9PLB3;E9PIP1",0.725404349607977,25.2897921640565,1.34049869347742,0.189783535872215,0.368118686806865,-5.67700749027328,"Q9H0W9;A0A087WT99;A8K718;E9PPB5;E9PJU8;E9PQS1;A0A024R3B0;A0A1W2PRB8;E9PR95;E9PSC3;E9PLC5;E9PLB3;E9PIP1","Q9H0W9"
"P13639;Q8TA90;B4DPU3;Q6PK56;B4DRE8;B4DMC6;Q6W6M8",-0.733567938807081,29.6763447541928,-1.33625066626689,0.191152232932706,0.370543079252399,-5.68244122684279,"P13639;Q8TA90;B4DPU3;Q6PK56;B4DRE8;B4DMC6;Q6W6M8","P13639"
"P05023;B7Z3V1;B7Z1N5;A0A0A0MT26;M0R116;P13637;A0A2R8YEY8;B7Z9V4;Q53ES0;B7Z1Q9;A0A0S2Z3W6;B3KRI1;B1AKY9;P50993;B7Z3F8;B2RAQ4;B3KX35;H0Y7C1;B4DIQ8;B3KV59;B3KSY7;B3KNQ8;Q13733;Q5TC01;Q5TC02;A0A2H4Y9T5;Q58I23;E9PRA5;Q5TC05;B4DHD7;B4E0R9;Q658V6;B4DRW5;A0A669K9X0;A0A384MR29;Q53FM3;P20648;A0A0S2Z3D3;M0QXF2;Q58I22;Q58I21",0.699819938658777,31.8498502536494,1.33494338287027,0.191574963638157,0.370791320761442,-5.68411031328569,"P05023;B7Z3V1;B7Z1N5;A0A0A0MT26;M0R116;P13637;A0A2R8YEY8;B7Z9V4;Q53ES0;B7Z1Q9;A0A0S2Z3W6;B3KRI1;B1AKY9;P50993;B7Z3F8;B2RAQ4;B3KX35;H0Y7C1;B4DIQ8;B3KV59;B3KSY7;B3KNQ8;Q13733;Q5TC01;Q5TC02;A0A2H4Y9T5;Q58I23;E9PRA5;Q5TC05;B4DHD7;B4E0R9;Q658V6;B4DRW5;A0A669K9X0;A0A384MR29;Q53FM3;P20648;A0A0S2Z3D3;M0QXF2;Q58I22;Q58I21","P05023"
"P62495;B7Z7P8;I3L492;D6RJE8;D6RCB3",-0.720182812769334,26.9361323004017,-1.3349386403025,0.191576498534113,0.370791320761442,-5.68411636575869,"P62495;B7Z7P8;I3L492;D6RJE8;D6RCB3","P62495"
"P36894;B5BUG9",0.745670042021246,23.8382461409525,1.3347519164663,0.191636937822201,0.370791320761442,-5.68435464783348,"P36894;B5BUG9","P36894"
"Q9NTJ5;A0A9L9PXK1;E9PGZ4;B4DVV3;A0A9L9PXW9;A0A9L9PXB9;A0A9L9PYD2;A0A5F9ZHN7;B3KX17;A0A9L9PYD8;A0A9L9PXC7;F8WDN7;A0A9L9PXJ6;A0A9L9PXW5",-0.769866386479737,23.0928009019186,-1.33035230240779,0.193065276722742,0.373116239598141,-5.68996050193196,"Q9NTJ5;A0A9L9PXK1;E9PGZ4;B4DVV3;A0A9L9PXW9;A0A9L9PXB9;A0A9L9PYD2;A0A5F9ZHN7;B3KX17;A0A9L9PYD8;A0A9L9PXC7;F8WDN7;A0A9L9PXJ6;A0A9L9PXW5","Q9NTJ5"
"Q9Y3I0;B4DNA0;B4DNG5;B4DXF1",-0.737352932929895,26.3235562843704,-1.33000990946898,0.193176778024628,0.373116239598141,-5.69039607768108,"Q9Y3I0;B4DNA0;B4DNG5;B4DXF1","Q9Y3I0"
"P62847;E7ETK0;A0A2R8Y849;A0A2R8YD14;A0A2R8Y8A0",-0.736034017402908,26.2983726571836,-1.32910714948813,0.193471002380473,0.373116239598141,-5.69154404674492,"P62847;E7ETK0;A0A2R8Y849;A0A2R8YD14;A0A2R8Y8A0","P62847"
"P13010;Q53T09;H7C0H9;C9JZ81;Q53TC2",0.782818455863335,24.5938606411795,1.32899266867812,0.193508338208677,0.373116239598141,-5.69168957342804,"P13010;Q53T09;H7C0H9;C9JZ81;Q53TC2","P13010"
"Q9HAV0;A0A6Q8PFE0;A0A6Q8PFV8;A8K3F6;A0A7I2S2S9;H7C5J5;A0A6Q8PFW8;A0A6Q8PG88;C9JD14;B4DLV5",0.726558791195583,30.5490907114108,1.32897325524233,0.19351467009691,0.373116239598141,-5.69171425045649,"Q9HAV0;A0A6Q8PFE0;A0A6Q8PFV8;A8K3F6;A0A7I2S2S9;H7C5J5;A0A6Q8PFW8;A0A6Q8PG88;C9JD14;B4DLV5","Q9HAV0"
"Q9P0V9;E7EW69;A8K7M3;E7EX04;B5ME97;Q9H9P7;Q59H84;B7Z371;Q9NSH2;B7Z277;F5H1F2;Q9Y3S8;F5GYV2;C9JEW2;C9JNR7;C9JEQ7",0.707761878076422,25.6971924622427,1.32865312564651,0.193619106610185,0.373116239598141,-5.69212113096081,"Q9P0V9;E7EW69;A8K7M3;E7EX04;B5ME97;Q9H9P7;Q59H84;B7Z371;Q9NSH2;B7Z277;F5H1F2;Q9Y3S8;F5GYV2;C9JEW2;C9JNR7;C9JEQ7","Q9P0V9"
"Q12933;E5KBQ3;B1AMX7;B1AMX8;B4DGI3;B1AMY1",-0.771990142163261,23.2691725380893,-1.32847903373663,0.193675919175822,0.373116239598141,-5.69234236284719,"Q12933;E5KBQ3;B1AMX7;B1AMX8;B4DGI3;B1AMY1","Q12933"
"Q86W92;F5GZP6;B4DFU8;A0A0A0MTP2;Q8ND30;F5H6Q7;F5H0E0;F5H495;H0YGH8;H0YFE4;B7Z2C0;Q68DV6;E9PP16;B7Z7G3;A0A804HJY3;A0A804HKA2",0.777401008142974,24.295744979309,1.32673563877976,0.194245560893977,0.373979704273682,-5.69455640409331,"Q86W92;F5GZP6;B4DFU8;A0A0A0MTP2;Q8ND30;F5H6Q7;F5H0E0;F5H495;H0YGH8;H0YFE4;B7Z2C0;Q68DV6;E9PP16;B7Z7G3;A0A804HJY3;A0A804HKA2","Q86W92"
"Q9Y5S9;A0A023T787;A0A0J9YW13",0.732001399388391,23.2858278685371,1.32637385984808,0.194363930948265,0.373979704273682,-5.69501552427795,"Q9Y5S9;A0A023T787;A0A0J9YW13","Q9Y5S9"
"P62280;M0QZC5;M0R1H5",-0.727156423322633,27.8466226207533,-1.32451837300951,0.194971898242235,0.374918218629797,-5.69736850031548,"P62280;M0QZC5;M0R1H5","P62280"
"M0QZL9",-0.731869433699202,23.2803906811657,-1.32363731548288,0.195261096526088,0.375242982171822,-5.69848475733966,"M0QZL9","M0QZL9"
"Q7Z434",-0.738531864618093,23.7066228963042,-1.32192067635758,0.195825513346793,0.375948723864934,-5.70065775396855,"Q7Z434","Q7Z434"
"Q14012;B5BU41;B0YIY3;H7C071;Q8IU85;C9JES6;Q5SQQ7",0.709946321004722,23.7779819681403,1.32178734001115,0.19586940566865,0.375948723864934,-5.70082643171335,"Q14012;B5BU41;B0YIY3;H7C071;Q8IU85;C9JES6;Q5SQQ7","Q14012"
"P08238;B4DMA2;B4DGL0;Q6PK50;Q9H6X9;A8K3W9;Q58FF7;O14942;Q58FG1;Q58FF4",0.693224665841434,31.3878414956934,1.31845391821227,0.196969176853649,0.377827098774005,-5.70503846059446,"P08238;B4DMA2;B4DGL0;Q6PK50;Q9H6X9;A8K3W9;Q58FF7;O14942;Q58FG1;Q58FF4","P08238"
"Q16787;B0YJ32;A0A0A0MSA0;A0A0A6YYF2;A0A0A0MTS5;A0A3B3ITG1;Q59HA6;K7EIP4;Q99533;O14637;K7ERM0;Q14732",-0.704791814468376,27.2397259598549,-1.31345382462428,0.198627701845195,0.380546714613693,-5.71133866051989,"Q16787;B0YJ32;A0A0A0MSA0;A0A0A6YYF2;A0A0A0MTS5;A0A3B3ITG1;Q59HA6;K7EIP4;Q99533;O14637;K7ERM0;Q14732","Q16787"
"O00481;B4DQ62;A8K547",0.824963654110917,24.0195044375825,1.31344394959804,0.198630987941998,0.380546714613693,-5.71135108207278,"O00481;B4DQ62;A8K547","O00481"
"Q15393;B3KQH1;A8K6V3;B3KM77",-0.708175081849603,25.0103388822908,-1.3126949006912,0.198880369266346,0.380790590387804,-5.71229304923924,"Q15393;B3KQH1;A8K6V3;B3KM77","Q15393"
"Q13907;A0A8Q3WKR8;C9JD53;Q9BXS1",-0.692256980768271,25.4039512691866,-1.31091654525351,0.199473399462693,0.3816303630507,-5.71452749971853,"Q13907;A0A8Q3WKR8;C9JD53;Q9BXS1","Q13907"
"P18433;B7Z4Q5;Q59EV9;A0A1S5UZ22;B7Z2A4;B7Z4F4;Q5JWG0",0.71778687582502,27.3824704504736,1.31064616694227,0.199563681351617,0.3816303630507,-5.71486698504698,"P18433;B7Z4Q5;Q59EV9;A0A1S5UZ22;B7Z2A4;B7Z4F4;Q5JWG0","P18433"
"P48506;B4E2I4;E1CEI4;Q14TF0;A0A2R8YEL6;A0A2R8Y648;A0A0C4DGB2",-0.811791910655433,24.7120800803065,-1.30739774489958,0.200650808801116,0.383474186673211,-5.71894079203392,"P48506;B4E2I4;E1CEI4;Q14TF0;A0A2R8YEL6;A0A2R8Y648;A0A0C4DGB2","P48506"
"P22102;Q3B7A7;Q59HH3;Q15374;F8WD69;B4DJ93;C9JBJ1;C9JTV6;C9JZG2;C9JKQ7;O14660;H7C366;Q71VH3;A0A140TA71",0.72639644504023,27.6008119261587,1.30409564931601,0.201760538363088,0.385358921711249,-5.72307264854893,"P22102;Q3B7A7;Q59HH3;Q15374;F8WD69;B4DJ93;C9JBJ1;C9JTV6;C9JZG2;C9JKQ7;O14660;H7C366;Q71VH3;A0A140TA71","P22102"
"P36871;B4DFP1;A0A3B3ITK7;B7Z6C2;B4DDQ8;Q9H1D2",0.69211360212525,28.1958431301652,1.30352642144169,0.201952311125155,0.38548914222727,-5.72378396964519,"P36871;B4DFP1;A0A3B3ITK7;B7Z6C2;B4DDQ8;Q9H1D2","P36871"
"P35611;E7EV99;E7ENY0;A0A804HL01;Q4TT76;Q96D30;H0Y9H2;B4DPW4;D6RF25;Q16155;P35612;D6RJE2;H0YFD8;H0YG19;D6RAH3;Q05DK5",0.757815547982442,26.5265442475569,1.30210298212781,0.20243247744093,0.386169356047865,-5.7255615184881,"P35611;E7EV99;E7ENY0;A0A804HL01;Q4TT76;Q96D30;H0Y9H2;B4DPW4;D6RF25;Q16155;P35612;D6RJE2;H0YFD8;H0YG19;D6RAH3;Q05DK5","P35611"
"A8K1J3;K7EQ16;B4DDJ7;K7ENJ0;K7ELW1",0.786257941674087,23.7614306875329,1.30120080286136,0.2027372593967,0.386514371673782,-5.72668723368069,"A8K1J3;K7EQ16;B4DDJ7;K7ENJ0;K7ELW1","A8K1J3"
"Q9BSD7;Q5TDF0;Q5TDE9",-0.73183216183957,23.628198025642,-1.30068851394424,0.202910481222245,0.386608302340979,-5.72732614336379,"Q9BSD7;Q5TDF0;Q5TDE9","Q9BSD7"
"Q8IX04;B7ZA76;B4DIA9;B4DWH4;A8MYV4",-0.711213787904075,24.1484928964289,-1.29948124583359,0.203319145594234,0.387100273783585,-5.72883091750521,"Q8IX04;B7ZA76;B4DIA9;B4DWH4;A8MYV4","Q8IX04"
"O15260;Q5T8U5;Q5T8U7;B7Z605;B7Z1G8;B7Z8F3;B7Z7A8",0.969168169419671,23.4224798297802,1.29919270079374,0.20341691206518,0.387100273783585,-5.72919038328444,"O15260;Q5T8U5;Q5T8U7;B7Z605;B7Z1G8;B7Z8F3;B7Z7A8","O15260"
"Q16537;Q86XZ2;Q58EX4;B7Z5X1;Q562F2;B5BTZ7;Q59EK0;B7Z7C0;Q15173",-0.782896148867888,25.6412108545041,-1.29835661075767,0.20370040352508,0.387403389387026,-5.73023157025524,"Q16537;Q86XZ2;Q58EX4;B7Z5X1;Q562F2;B5BTZ7;Q59EK0;B7Z7C0;Q15173","Q16537"
"Q86SF2;Q68VJ4;H0YAH3;H0YAK0",-0.70613446199992,23.5514796773814,-1.29671927631087,0.204256444808139,0.387740834642217,-5.73226881262025,"Q86SF2;Q68VJ4;H0YAH3;H0YAK0","Q86SF2"
"Q96RT1;A0A8V8TPC7;A0A8V8TN23;A0A8V8TML4;A0A8V8TML6;A0A8V8TP09;A0A8V8TML0;A0A8V8TP04;A0A8V8TPD2;Q1RMC9;H0YA04;A0A8V8TN18;V9HW13;B4DIP2;A0A8V8TP15;A0A8V8TN29;A0A8V8TMM1;B1AKT2",0.73337282395752,27.1686744865038,1.29649226800515,0.204333628497476,0.387740834642217,-5.73255108449244,"Q96RT1;A0A8V8TPC7;A0A8V8TN23;A0A8V8TML4;A0A8V8TML6;A0A8V8TP09;A0A8V8TML0;A0A8V8TP04;A0A8V8TPD2;Q1RMC9;H0YA04;A0A8V8TN18;V9HW13;B4DIP2;A0A8V8TP15;A0A8V8TN29;A0A8V8TMM1;B1AKT2","Q96RT1"
"O75054",-0.709666529486771,23.6254090665178,-1.29644075370063,0.204351146654481,0.387740834642217,-5.73261513342966,"O75054","O75054"
"P08590;P05976;Q53R15",-0.748509949909458,27.8983212291674,-1.29637032585776,0.204375098477654,0.387740834642217,-5.73270269432308,"P08590;P05976;Q53R15","P08590"
"P84243;K7EK07;B2R6Y1;B2R4P9;Q16695;K7EMV3;B4E380;A0A590UJJ6;B4DEB1;A8K4Y7;A0A1X8XL64;K7ES00;Q6TXQ4;Q6NXT2;K7EP01",-0.708352825196176,23.0749030268672,-1.29112458649642,0.206165149572772,0.390899149858648,-5.7392125905066,"P84243;K7EK07;B2R6Y1;B2R4P9;Q16695;K7EMV3;B4E380;A0A590UJJ6;B4DEB1;A8K4Y7;A0A1X8XL64;K7ES00;Q6TXQ4;Q6NXT2;K7EP01","P84243"
"O14617;A0A8V8TQW4;Q6PK82;A0A2R8Y4J3;B3KSV6;B0AZV8;A0A087WYN6;K7ELX8;Q9UEA9;K7ERW8",-0.724477775275577,25.4533067820699,-1.28974482244551,0.206637956914559,0.391336208005731,-5.74092093112069,"O14617;A0A8V8TQW4;Q6PK82;A0A2R8Y4J3;B3KSV6;B0AZV8;A0A087WYN6;K7ELX8;Q9UEA9;K7ERW8","O14617"
"P41252;Q59G75;A0A804HJN6;A0A804HL54;A0A0A0MSX9;A0A804HHW9;Q7Z3U5;A0A804HJ36;J3KR24;Q7Z355;A0A804HIV9;Q6P0M4;A0A804HK69;A0A804HKU1;B4DVX2;Q7L4K8;A0A804HIG2;Q9P1N9;A0A804HKW6;A0A0D9SFC1",-0.714827518958909,26.6670535628572,-1.28971963236382,0.206646596532683,0.391336208005731,-5.74095210474062,"P41252;Q59G75;A0A804HJN6;A0A804HL54;A0A0A0MSX9;A0A804HHW9;Q7Z3U5;A0A804HJ36;J3KR24;Q7Z355;A0A804HIV9;Q6P0M4;A0A804HK69;A0A804HKU1;B4DVX2;Q7L4K8;A0A804HIG2;Q9P1N9;A0A804HKW6;A0A0D9SFC1","P41252"
"O75396;A0A087X1A9;I1VE16",-0.823978603076281,23.9780206870767,-1.28841109241288,0.207095773900538,0.391948858492584,-5.74257071866191,"O75396;A0A087X1A9;I1VE16","O75396"
"O94979;A0A1S5UZ19;D6REX3;D6RHZ5;H7BXG7;H0YAB3;H0Y8V7;H0Y9K1;H0Y8W8;H0Y9T9;D6RE64;D6RCQ9;H0YAF5;D6RBT0;D6RHE8;H0Y9V3",-0.720315359864959,29.002136073353,-1.28736728816563,0.207454608938244,0.392254027482119,-5.74386080826009,"O94979;A0A1S5UZ19;D6REX3;D6RHZ5;H7BXG7;H0YAB3;H0Y8V7;H0Y9K1;H0Y8W8;H0Y9T9;D6RE64;D6RCQ9;H0YAF5;D6RBT0;D6RHE8;H0Y9V3","O94979"
"Q9UN36;G3V5L7;G3V578;H0YJT9;G3V4S9;Q8TDR6;A0A0U1RR50;G3V5H8;G3V2A6;G3V5S0;G3V392;G3V5G0;G3V2I9",-0.917224086645835,23.8255039017126,-1.28721052005759,0.207508542912952,0.392254027482119,-5.74405448477344,"Q9UN36;G3V5L7;G3V578;H0YJT9;G3V4S9;Q8TDR6;A0A0U1RR50;G3V5H8;G3V2A6;G3V5S0;G3V392;G3V5G0;G3V2I9","Q9UN36"
"P54687;F5H2F2;A0A087WYF2",0.755739539602104,23.6767763462147,1.28496954759303,0.2082806860781,0.39333892584522,-5.74682074351368,"P54687;F5H2F2;A0A087WYF2","P54687"
"B3KW93",0.78911287501932,23.8583706585582,1.28481304296586,0.208334692368164,0.39333892584522,-5.74701377144571,"B3KW93","B3KW93"
"Q8WWW0;Q8TEK8;A8K7M4;A0A1B0GTG4;A8K5F3;A0A075B763;Q59GG4",-0.718374793579123,23.5944857512303,-1.28382879441746,0.208674578823278,0.393742293617546,-5.74822722941558,"Q8WWW0;Q8TEK8;A8K7M4;A0A1B0GTG4;A8K5F3;A0A075B763;Q59GG4","Q8WWW0"
"P54852;M0QZ66;Q6IBD3;M0R122;M0QXN1",0.830120822110516,23.9798748800696,1.28164798764788,0.209429168804292,0.394927193168432,-5.75091292384379,"P54852;M0QZ66;Q6IBD3;M0R122;M0QXN1","P54852"
"Q9Y394;H0YJ66;H0YJR8;H0YJE4;Q659E8",-0.733437898612856,23.9144686536085,-1.27995624592918,0.210015961363095,0.395609087179461,-5.75299350445892,"Q9Y394;H0YJ66;H0YJR8;H0YJE4;Q659E8","Q9Y394"
"Q92536;H3BSB6;H3BPV6;H3BUR2;H3BUA4;A0AUM0;H3BNF5;Q68DB5;E7EPZ8",0.889179177429902,24.3471793738314,1.27987419552414,0.210044452827569,0.395609087179461,-5.75309435102405,"Q92536;H3BSB6;H3BPV6;H3BUR2;H3BUA4;A0AUM0;H3BNF5;Q68DB5;E7EPZ8","Q92536"
"Q969H8;M0QXF7;M0QYN0",0.830297736245615,23.8319180828172,1.27850825815478,0.210519196686245,0.396180688540452,-5.75477234536175,"Q969H8;M0QXF7;M0QYN0","Q969H8"
"Q04941",1.97531016847005,24.9827045663919,1.27827030713152,0.210601981917304,0.396180688540452,-5.75506449320157,"Q04941","Q04941"
"P61978;A0A994J4U9;A0A994J4S7;A0A994J782;Q5EC54;B4DFF1",-0.841844584567109,24.3742679917201,-1.27788792410507,0.210735068032475,0.396192089929649,-5.75553386722638,"P61978;A0A994J4U9;A0A994J4S7;A0A994J782;Q5EC54;B4DFF1","P61978"
"P62633;A0A0S2Z4Q3;A0A0S2Z4K2;Q6T598",0.678409390383447,25.8442161088752,1.27720500642005,0.21097291213616,0.39640030900764,-5.7563718328165,"P62633;A0A0S2Z4Q3;A0A0S2Z4K2;Q6T598","P62633"
"F4ZW66;Q12906;F4ZW64;A8K590;F4ZW65;Q59GP7;B4DFG4;B4DDF3;Q96SI9;K7EQR9;K7EKJ9;A0A0S2Z5K8;V9HWK4",-0.736331391783228,25.0409378890074,-1.2731808215176,0.212378576778788,0.398801192638797,-5.76130148380485,"F4ZW66;Q12906;F4ZW64;A8K590;F4ZW65;Q59GP7;B4DFG4;B4DDF3;Q96SI9;K7EQR9;K7EKJ9;A0A0S2Z5K8;V9HWK4","F4ZW66"
"P01857;Q6N089;Q7Z351;A0A0A0MS07;Q6PYX1;P0DOX5;Q6GMX6;S6B291;V9HW68;Q6N096;A8K008;Q6MZV7;Q5EFE5;Q6MZQ6;Q6N094;Q6N097;Q6N095;S6B2A6;S6BAM6;S6BAN1;S6BGE5;S6AWD9;S6BGE0;S6C4Q7;S6BAQ4;A0A4P8J3Z7;Q6ZP87;A0A0M3KKW6;S6BAP0;S6BGD4;A4F255;S6AWG0;S6AWF0;S6C4S4;S6C4R2;S6B2B6;S6C4S0;S6BAP4;A0A5C2GWT2;A0A7S5C127;Q9Y509;A0A5C2GME4",0.967215022833823,24.494009958624,1.27053141179141,0.213307892533839,0.400305244773191,-5.76453939178687,"P01857;Q6N089;Q7Z351;A0A0A0MS07;Q6PYX1;P0DOX5;Q6GMX6;S6B291;V9HW68;Q6N096;A8K008;Q6MZV7;Q5EFE5;Q6MZQ6;Q6N094;Q6N097;Q6N095;S6B2A6;S6BAM6;S6BAN1;S6BGE5;S6AWD9;S6BGE0;S6C4Q7;S6BAQ4;A0A4P8J3Z7;Q6ZP87;A0A0M3KKW6;S6BAP0;S6BGD4;A4F255;S6AWG0;S6AWF0;S6C4S4;S6C4R2;S6B2B6;S6C4S0;S6BAP4;A0A5C2GWT2;A0A7S5C127;Q9Y509;A0A5C2GME4","P01857"
"Q9BUZ4;Q2KJU5;C9JJ10;A0A0C4DFM9;B4DUU9;F6SA91;J3QS94;J9JIG0;Q2KJU6",-0.8402797443254,22.7361458131457,-1.26994043604359,0.213515604396724,0.400454101090429,-5.76526081017712,"Q9BUZ4;Q2KJU5;C9JJ10;A0A0C4DFM9;B4DUU9;F6SA91;J3QS94;J9JIG0;Q2KJU6","Q9BUZ4"
"Q9NQW7;Q5T6H7;B3KSI7;B4E2P4;Q5T6H2;B4DIS4;Q5T6H3",-0.674896356744725,26.7216464424368,-1.26748427119227,0.21438051957394,0.401706236957749,-5.76825587470815,"Q9NQW7;Q5T6H7;B3KSI7;B4E2P4;Q5T6H2;B4DIS4;Q5T6H3","Q9NQW7"
"P01876;Q8NCL6;Q9UP60;Q6N092;Q6MZW0;Q8WY24;Q96DK0;Q6ZW64;Q96K68;Q6N090;Q6MZX9;A0A0G2JMB2;Q6P089;Q6MZV6;Q7Z379;Q9NPP6;Q7Z374",-0.800720286254393,23.3977776242562,-1.26731334123528,0.214440809405146,0.401706236957749,-5.76846411372162,"P01876;Q8NCL6;Q9UP60;Q6N092;Q6MZW0;Q8WY24;Q96DK0;Q6ZW64;Q96K68;Q6N090;Q6MZX9;A0A0G2JMB2;Q6P089;Q6MZV6;Q7Z379;Q9NPP6;Q7Z374","P01876"
"Q9UHY1;B4DW31;F8W6G1",0.731892729416415,23.4285346558626,1.26649056826084,0.214731194471182,0.402008760837706,-5.7694661205711,"Q9UHY1;B4DW31;F8W6G1","Q9UHY1"
"P62857;B2R4R9",1.04201944185307,27.1277322283666,1.26478892079216,0.21533270774581,0.402662138534131,-5.77153659864658,"P62857;B2R4R9","P62857"
"Q9ULT0;G5E9G4;B3KPK7;H7C055;Q6P0M3;A0A8V8TMV0;H0Y3V7",-0.703542210736224,25.5039284941478,-1.26477285529799,0.215338392778112,0.402662138534131,-5.77155613438176,"Q9ULT0;G5E9G4;B3KPK7;H7C055;Q6P0M3;A0A8V8TMV0;H0Y3V7","Q9ULT0"
"O43815;Q3B874",-0.674489111235143,23.2849190177349,-1.26275080785919,0.21605483230292,0.403652398482347,-5.77401317214473,"O43815;Q3B874","O43815"
"Q96KP4;B4DV28;B4DPF1;Q9NW02;J3QKT2;Q9H7K8;A0A087WYZ1;J3KSV5;J3QRA8;Q9NUV1;J3QL02;J3QRD0;J3QKQ0;J3QLU1;J3QR27;J3QQN6;A0A087WVS2;J3KRD5;J3QRH4;J3KSS4;J3QRP4;J3KRJ8",-0.676276186514798,28.2509358430989,-1.26254795471693,0.216126805214979,0.403652398482347,-5.77425946841824,"Q96KP4;B4DV28;B4DPF1;Q9NW02;J3QKT2;Q9H7K8;A0A087WYZ1;J3KSV5;J3QRA8;Q9NUV1;J3QL02;J3QRD0;J3QKQ0;J3QLU1;J3QR27;J3QQN6;A0A087WVS2;J3KRD5;J3QRH4;J3KSS4;J3QRP4;J3KRJ8","Q96KP4"
"P49137",0.867509208974592,24.6713632887359,1.26097826795858,0.2166843469458,0.404451512940724,-5.77616411519518,"P49137","P49137"
"O43396;V9HW51;Q59G46;K7ER96;B2R960;K7EML9;K7EKG2;K7EPB7;K7EME7",-0.692003899082867,26.8890525624723,-1.25823310091306,0.21766201889796,0.406033395300681,-5.77948995004491,"O43396;V9HW51;Q59G46;K7ER96;B2R960;K7EML9;K7EKG2;K7EPB7;K7EME7","O43396"
"Q53SF7;A0A0X1KG75;B7Z2P5;A0A0D9SG04;A0A0B4J1Z0;C9JWZ0;C9JAU3;C9J5Y6;C9JK90;C9J8C4",-0.744571377540268,23.1135787382736,-1.25785477747693,0.217797016510993,0.406042375671122,-5.77994778572646,"Q53SF7;A0A0X1KG75;B7Z2P5;A0A0D9SG04;A0A0B4J1Z0;C9JWZ0;C9JAU3;C9J5Y6;C9JK90;C9J8C4","Q53SF7"
"P42356;B4DYG5;Q4LE69;A8MTF1;B4DQC6;B4DSG9;A4QPH2;B3KTM4;B4E041;B4DLU8;Q8N8J0;C9JLI1",-0.680836172579671,26.9316888406702,-1.25695730730331,0.218117514355264,0.406396969697771,-5.7810333808553,"P42356;B4DYG5;Q4LE69;A8MTF1;B4DQC6;B4DSG9;A4QPH2;B3KTM4;B4E041;B4DLU8;Q8N8J0;C9JLI1","P42356"
"Q06323;A0A384NQ35;A0A0K0K1L8;Q6FHU3;Q86SZ9;H0YLU2;H0YKK6",-0.663983550075741,28.1338632821428,-1.25530525574036,0.218708411863325,0.407235142037987,-5.78302990403145,"Q06323;A0A384NQ35;A0A0K0K1L8;Q6FHU3;Q86SZ9;H0YLU2;H0YKK6","Q06323"
"Q15386;B4DHJ9",0.695096462415954,23.7205246046804,1.25473669206464,0.218912051546289,0.407235142037987,-5.783716472113,"Q15386;B4DHJ9","Q15386"
"Q6L8Q7;F6T1Q0",0.633385406495087,24.4483397090654,1.25460547825248,0.21895906803389,0.407235142037987,-5.78387487929152,"Q6L8Q7;F6T1Q0","Q6L8Q7"
"O00764;V9HWC3;F2Z2Y4;G1UI32;A8MV33",-0.747857180389964,26.3529633243195,-1.2541636805399,0.219117428748574,0.407286805880097,-5.78440812740341,"O00764;V9HWC3;F2Z2Y4;G1UI32;A8MV33","O00764"
"Q2TAA2;A0A140VJL6;H7C5G1;Q6NVV8;Q05D21;Q6PCA9;F8WF34;C9JDY4;C9J5J2;C9JE02",0.762458295746605,24.4724931101929,1.25255293632296,0.219695524365062,0.408118130133787,-5.78635085474709,"Q2TAA2;A0A140VJL6;H7C5G1;Q6NVV8;Q05D21;Q6PCA9;F8WF34;C9JDY4;C9J5J2;C9JE02","Q2TAA2"
"P62244;B2R4W8;I3L3P7;A8K7H3;I3L246;H3BV27;H3BT37;I3L303;H3BVC7",-0.702401553902217,28.3585962147519,-1.25123272725005,0.220170202423775,0.408756465095092,-5.78794148653207,"P62244;B2R4W8;I3L3P7;A8K7H3;I3L246;H3BV27;H3BT37;I3L303;H3BVC7","P62244"
"P32969;Q53Z07;D6RAN4;A0A2R8Y5Y7;H0Y9V9;B4E1M5;B4DLV8;H0Y9R4;Q2NKY6",-0.682090017913076,28.0035059994082,-1.24886677986397,0.221022802950188,0.40963258939972,-5.79078827151874,"P32969;Q53Z07;D6RAN4;A0A2R8Y5Y7;H0Y9V9;B4E1M5;B4DLV8;H0Y9R4;Q2NKY6","P32969"
"S4R3N1;A8K012;B4DM50",-0.818892188284305,25.3771342003486,-1.24867037650644,0.221093690931813,0.40963258939972,-5.79102437183798,"S4R3N1;A8K012;B4DM50","S4R3N1"
"Q00341;A0A024R4E5;B2R5V9;H0Y394;Q6ZS03;B4DKR8;Q96CF6;Q6ZN49;Q2HJC8;H7C2D1;C9JIZ1;C9J5E5;C9JZI8;H7BZC3;C9JES8;C9JHZ8;C9JK79;C9JHS7;C9JT62;C9JHN6;C9JEJ8;C9JBS3;C9JQ82;C9JMQ6",-0.70702044365116,25.1234937237198,-1.24861877365668,0.221112318814156,0.40963258939972,-5.79108639907322,"Q00341;A0A024R4E5;B2R5V9;H0Y394;Q6ZS03;B4DKR8;Q96CF6;Q6ZN49;Q2HJC8;H7C2D1;C9JIZ1;C9J5E5;C9JZI8;H7BZC3;C9JES8;C9JHZ8;C9JK79;C9JHS7;C9JT62;C9JHN6;C9JEJ8;C9JBS3;C9JQ82;C9JMQ6","Q00341"
"P05386;Q7Z612;Q6ICQ4;Q6FG99",-0.676845291229775,27.7659351586321,-1.2484660651654,0.221167451282183,0.40963258939972,-5.79126994292862,"P05386;Q7Z612;Q6ICQ4;Q6FG99","P05386"
"O95163;B4E3I9;A0A6Q8PHF4;Q4LE38;Q8N516;A0A6Q8PFH9;A0A6Q8PG86;A0A6Q8PEX6;A0A6Q8PFB7;A0A6Q8PF66;A0A6Q8PGW3;B3KXE7;F5H2T0;A0A6Q8PHC9;A0A6Q8PHI5;A0A6Q8PH48;Q68DI5;A0A6Q8PFN8;A0A6Q8PHA0;A0A6Q8PGR0;A0A6Q8PF69;B3KMT0;B3KVS1",-0.773940930787266,23.6184281111664,-1.24660674710625,0.221839551365081,0.410633567185572,-5.79350307450262,"O95163;B4E3I9;A0A6Q8PHF4;Q4LE38;Q8N516;A0A6Q8PFH9;A0A6Q8PG86;A0A6Q8PEX6;A0A6Q8PFB7;A0A6Q8PF66;A0A6Q8PGW3;B3KXE7;F5H2T0;A0A6Q8PHC9;A0A6Q8PHI5;A0A6Q8PH48;Q68DI5;A0A6Q8PFN8;A0A6Q8PHA0;A0A6Q8PGR0;A0A6Q8PF69;B3KMT0;B3KVS1","O95163"
"O95757;Q53ZP9;A0A140VKE7;E9PDE8;B4DZR0;B4DXT2;B3KNM0;D6RJ96",-0.678255127199375,24.9614968019449,-1.24481750728857,0.222487767354963,0.411589173416448,-5.7956492010078,"O95757;Q53ZP9;A0A140VKE7;E9PDE8;B4DZR0;B4DXT2;B3KNM0;D6RJ96","O95757"
"Q5R3I4;B4DUE0;H7C089;H7C2L7;A9UJP8",-0.686522768285691,23.4041083294661,-1.24373343069937,0.222881204037356,0.411829527638875,-5.79694815597516,"Q5R3I4;B4DUE0;H7C089;H7C2L7;A9UJP8","Q5R3I4"
"O60568;Q9UG85;B3KQQ3;H7C2S8",0.672213939847314,23.6767050761185,1.24373187049202,0.222881770649061,0.411829527638875,-5.7969500246996,"O60568;Q9UG85;B3KQQ3;H7C2S8","O60568"
"Q9UH17;P31941;B7ZLZ1;A0A0K0MJ49;W0HJ78;B0QYD3",-0.667838160664953,23.143187896111,-1.24240364891617,0.22336452568798,0.412463609593538,-5.79854012186591,"Q9UH17;P31941;B7ZLZ1;A0A0K0MJ49;W0HJ78;B0QYD3","Q9UH17"
"P53367;Q8N8M9;B7ZA10;B4E273",0.657751571510861,24.9235885878378,1.24170143443745,0.223620069153719,0.412463609593538,-5.7993801663847,"P53367;Q8N8M9;B7ZA10;B4E273","P53367"
"P25325;A0A140VJX3;Q2VEU1;B1AH49;Q59HD5;Q2VEU0",-0.73362261086751,24.3698832385157,-1.24169705926282,0.223621662014323,0.412463609593538,-5.79938539896942,"P25325;A0A140VJX3;Q2VEU1;B1AH49;Q59HD5;Q2VEU0","P25325"
"P02679;A0A140VJJ6;C9JEU5;C9JC84;C9JPQ9;C9JU00;Q7Z664",-0.671795131724654,23.7486861570483,-1.24129839434354,0.22376683882952,0.412487452901462,-5.79986212097184,"P02679;A0A140VJJ6;C9JEU5;C9JC84;C9JPQ9;C9JU00;Q7Z664","P02679"
"Q96L92;A0A2R8Y871;A0A2R8Y8A7;A0A2R8YD75;H7C603;A0A2R8Y3S6;A0A5H1ZRP6",-0.779300300892409,24.1655031168088,-1.23915828488653,0.224547384015969,0.413681801976259,-5.80241889063364,"Q96L92;A0A2R8Y871;A0A2R8Y8A7;A0A2R8YD75;H7C603;A0A2R8Y3S6;A0A5H1ZRP6","Q96L92"
"P53675;A0A087WX41",-0.704136441953889,23.5711170806046,-1.23867869138442,0.224722581906129,0.413760172942867,-5.80299130966041,"P53675;A0A087WX41","P53675"
"Q2M389;B7ZKT9;A0A087X256;F8W1W1;F8VYH7",-0.801478579744767,23.4050413630431,-1.23712321725574,0.225291509137794,0.414562959882466,-5.80484646770619,"Q2M389;B7ZKT9;A0A087X256;F8W1W1;F8VYH7","Q2M389"
"O75190;B4DVN1;A0A0J9YX62;C9J2C4;B4DNN5;A7UJ17;Q49A72;A0A140VJI2;E9PH18;B4DMJ9;B4DNF1;F8WCZ4;C9JDX6;C9JDR7;C9JB42;C9J2P2;Q8NHS0;Q8WWF6;C9JN01",0.881652330513514,24.0187999955449,1.23459488085446,0.226218569230713,0.41602341829634,-5.80785742470312,"O75190;B4DVN1;A0A0J9YX62;C9J2C4;B4DNN5;A7UJ17;Q49A72;A0A140VJI2;E9PH18;B4DMJ9;B4DNF1;F8WCZ4;C9JDX6;C9JDR7;C9JB42;C9J2P2;Q8NHS0;Q8WWF6;C9JN01","O75190"
"P62249;M0R210;M0R3H0;M0R1M5;M0QX76;Q6IPX4;B4DP32",-0.660632791930222,28.0859906735293,-1.22989454680465,0.227949612702941,0.418959836193561,-5.81344016549782,"P62249;M0R210;M0R3H0;M0R1M5;M0QX76;Q6IPX4;B4DP32","P62249"
"A0A8I5KSB0;P04049;B4E0X2;A0A0S2Z559;L7RRS6;D7PBN3;A0A8I5KSV6;A0A0S2Z4L5;A0A8I5KTA5;H7C155;B4E1N6;A0A8I5QKZ6;A0A8I5KQV4;A0A8I5QKU8;A0A8I5KS16;A0A8I5KYC4;A0A8I5KYP5;A0A8I5KTK4;C7TPG7;A0A8I5KSI1;A0A8I5KQ33;A0A8I5KT32;A0A8I5KW44;A0A8I5KWA9;A0A8I5QJG5",0.728811932443243,23.6503897035704,1.22872734983603,0.22838099926627,0.419289636404379,-5.81482349545086,"A0A8I5KSB0;P04049;B4E0X2;A0A0S2Z559;L7RRS6;D7PBN3;A0A8I5KSV6;A0A0S2Z4L5;A0A8I5KTA5;H7C155;B4E1N6;A0A8I5QKZ6;A0A8I5KQV4;A0A8I5QKU8;A0A8I5KS16;A0A8I5KYC4;A0A8I5KYP5;A0A8I5KTK4;C7TPG7;A0A8I5KSI1;A0A8I5KQ33;A0A8I5KT32;A0A8I5KW44;A0A8I5KWA9;A0A8I5QJG5","A0A8I5KSB0"
"Q9UG63;A0A090N7X1;A0A090N7Y2;C9JHK9;C9JZV3",0.658551589670697,24.2964956119184,1.22868161874041,0.22839791351428,0.419289636404379,-5.81487767048254,"Q9UG63;A0A090N7X1;A0A090N7Y2;C9JHK9;C9JZV3","Q9UG63"
"Q12959;A0A590UK48;B4DF78;C9JUA9;A0A590UJ64",-0.673690880394354,23.0708890778813,-1.22741191503234,0.228867903819062,0.419779090527424,-5.81638108712437,"Q12959;A0A590UK48;B4DF78;C9JUA9;A0A590UJ64","Q12959"
"Q5TDH0;A0AA34QVV2;A0AA34QVL7;H0YII4;H0YI90",-0.708445866009068,23.4084129345172,-1.22723429892112,0.228933707273853,0.419779090527424,-5.81659128458245,"Q5TDH0;A0AA34QVV2;A0AA34QVL7;H0YII4;H0YI90","Q5TDH0"
"Q9UHD9;B4DZF1;B4DM19",-0.652487942184319,25.3217057077838,-1.22618708127671,0.229321969011442,0.420243960838242,-5.81783004037287,"Q9UHD9;B4DZF1;B4DM19","Q9UHD9"
"Q9NWV8;J3KQS6;M0QXG9;M0R3F4;M0R2A4;M0R2K3;M0R193;M0R0I0;M0R2I2",0.629445920015662,23.1748637359014,1.22481134971577,0.229832775613328,0.42093272292306,-5.81945593979439,"Q9NWV8;J3KQS6;M0QXG9;M0R3F4;M0R2A4;M0R2K3;M0R193;M0R0I0;M0R2I2","Q9NWV8"
"Q5W0Z9;B4DRN8;B4DIW0;A0A8V8TR49",0.644997329977276,25.8223591571762,1.22383942143889,0.230194162075155,0.421347178117611,-5.82060360989971,"Q5W0Z9;B4DRN8;B4DIW0;A0A8V8TR49","Q5W0Z9"
"A0A1D0C3I1;A0A2U3RU30;A0A5H2UFH7;Q6F3H7;I2GAD9;A0A4Y7LMT4;A0A3S6RFH5;A0A0A7C7F6;A0A0E3DC92;A0A0K0KRF4;C8CJC1;W0NTK5;G8B1Z2;A5PHK0;I2G7Q5;A0A0A7C7G7;A0A0A7C790;A0A076N180;O19513",-0.960820948598812,25.9536081257288,-1.22234970683849,0.230748896218623,0.422114842994654,-5.82236108839298,"A0A1D0C3I1;A0A2U3RU30;A0A5H2UFH7;Q6F3H7;I2GAD9;A0A4Y7LMT4;A0A3S6RFH5;A0A0A7C7F6;A0A0E3DC92;A0A0K0KRF4;C8CJC1;W0NTK5;G8B1Z2;A5PHK0;I2G7Q5;A0A0A7C7G7;A0A0A7C790;A0A076N180;O19513","A0A1D0C3I1"
"A0A994J6U9;A0A994J4E9;B4DUQ1;Q5T6W2;A0A994J6T5;A0A994J795;B3KU16;S4R457;S4R359",-0.677408938248362,27.8291776750689,-1.2215559170931,0.231044891167037,0.422323736787803,-5.82329676280835,"A0A994J6U9;A0A994J4E9;B4DUQ1;Q5T6W2;A0A994J6T5;A0A994J795;B3KU16;S4R457;S4R359","A0A994J6U9"
"P08397;F5H345;A0A3B3IRR1;A0A3F2YNY7;Q6LER4;F5H4W5;F5H4X2;A0A3B3IU56;Q68Y91;F5GY90;A0A1W2PNU5;F5H226;A0A3B3IU34;F5H0P4;A0A8I5KXV4",0.653435783108904,23.4223356444417,1.22131737750183,0.231133895061488,0.422323736787803,-5.82357783209208,"P08397;F5H345;A0A3B3IRR1;A0A3F2YNY7;Q6LER4;F5H4W5;F5H4X2;A0A3B3IU56;Q68Y91;F5GY90;A0A1W2PNU5;F5H226;A0A3B3IU34;F5H0P4;A0A8I5KXV4","P08397"
"Q9HD45;Q96JZ5;A0A024QYS2;Q5TB53;Q8WUB5;B4DN13;Q96K55;Q8NCC4",-0.802751022738139,23.5606574606685,-1.22047078228932,0.231449982887489,0.422653686549225,-5.82457496664573,"Q9HD45;Q96JZ5;A0A024QYS2;Q5TB53;Q8WUB5;B4DN13;Q96K55;Q8NCC4","Q9HD45"
"A7Y9J9;Q9HC84;B4E1L4;Q9NYE4;Q93043;Q02817;O00243;A0A6Q8PGX3;A0A0G2JM87;A0A0G2JR65;A0A3S8TMF2",0.836474443859164,24.479076441058,1.21936701743123,0.231862571879095,0.423026257657577,-5.82587405840776,"A7Y9J9;Q9HC84;B4E1L4;Q9NYE4;Q93043;Q02817;O00243;A0A6Q8PGX3;A0A0G2JM87;A0A0G2JR65;A0A3S8TMF2","A7Y9J9"
"O75569;A0A7I2YQ87;A0A7I2V5H3;B4DJC7;A0A7I2V2I8;A0A7I2V3J2;A0A7I2V315;A0A7I2V593;A0A7I2V2P4;F8WEG8;G5E9Q4;A0A7I2V5C2;A0A7I2V3L6;C9JMM3",-0.652121574155863,23.4625598459994,-1.21919942859942,0.231925264698447,0.423026257657577,-5.82607121125286,"O75569;A0A7I2YQ87;A0A7I2V5H3;B4DJC7;A0A7I2V2I8;A0A7I2V3J2;A0A7I2V315;A0A7I2V593;A0A7I2V2P4;F8WEG8;G5E9Q4;A0A7I2V5C2;A0A7I2V3L6;C9JMM3","O75569"
"Q04828;P52895;H0Y804;B4DK69;Q59GU2",-0.697622973758165,23.4653738653097,-1.21697551505048,0.23275839731272,0.42406712336539,-5.82868511348507,"Q04828;P52895;H0Y804;B4DK69;Q59GU2","Q04828"
"P51659;Q59H27;A0A804HIR1;A0A2R8Y7L2;B3KSP2;E7ET17;B4DI68;A0A804HKU2;A0A2R8YD50;B4DSD0;A0A804HK65;E7EPL9;B4DDM5;B2R659;A0A0S2Z4J1;E7ER27",-0.699450418352214,23.0035533472104,-1.21695032428059,0.232767847130987,0.42406712336539,-5.82871469694569,"P51659;Q59H27;A0A804HIR1;A0A2R8Y7L2;B3KSP2;E7ET17;B4DI68;A0A804HKU2;A0A2R8YD50;B4DSD0;A0A804HK65;E7EPL9;B4DDM5;B2R659;A0A0S2Z4J1;E7ER27","P51659"
"Q13619;B2RBV7;A0A0A0MR50;B4DKT2;A0A087WWN2",-0.689695863264209,23.0206952400018,-1.21618272153929,0.233055934967411,0.424344110428111,-5.82961588551593,"Q13619;B2RBV7;A0A0A0MR50;B4DKT2;A0A087WWN2","Q13619"
"Q96PU5;A0A6Q8PHJ5;A0A6Q8PGP5;A0A6Q8PFI7;A0A1B0GVY1;A0A7P0Z498;B7Z6K0;K7ERN1;B7Z2P9;A0A6Q8PG51;A0A6Q8PG81;Q5XLQ3;H0Y8H4;K7EKL1;K7ENS6",-0.779424415777729,25.2687200581815,-1.21380181119425,0.233951197743293,0.425725662637883,-5.83240786266287,"Q96PU5;A0A6Q8PHJ5;A0A6Q8PGP5;A0A6Q8PFI7;A0A1B0GVY1;A0A7P0Z498;B7Z6K0;K7ERN1;B7Z2P9;A0A6Q8PG51;A0A6Q8PG81;Q5XLQ3;H0Y8H4;K7EKL1;K7ENS6","Q96PU5"
"P46736;X6RJS7;A0A0A0MS96",-0.787202701830598,23.3153645284996,-1.21299573019992,0.23425487633461,0.426029713870348,-5.83335198907734,"P46736;X6RJS7;A0A0A0MS96","P46736"
"L0R6Q1",-0.712566161584142,23.2659391182949,-1.2110205302692,0.235000240353797,0.427136217752617,-5.83566304444431,"L0R6Q1","L0R6Q1"
"Q5T2E6;B3KUU6;Q5T2E7;Q7Z2U8",-0.667991169828401,23.6747162936483,-1.21042174378586,0.23522654667385,0.427298543433743,-5.83636297067411,"Q5T2E6;B3KUU6;Q5T2E7;Q7Z2U8","Q5T2E6"
"Q15262;Q86WJ2;Q68DT8;Q5TG12;E9PGC5;H0Y6P5;H0Y6V4;A0A0G2JQF6;Q59EZ1;B4DHC3",0.654917105494683,26.0406130505919,1.20757251586292,0.236305605015266,0.429008837044595,-5.83968914733844,"Q15262;Q86WJ2;Q68DT8;Q5TG12;E9PGC5;H0Y6P5;H0Y6V4;A0A0G2JQF6;Q59EZ1;B4DHC3","Q15262"
"Q9H3M7;B4DVM7;B1ALI9;B4DVR8",0.681054978922155,26.7574169443159,1.2062041193247,0.236825146638667,0.429701938549158,-5.84128407576902,"Q9H3M7;B4DVM7;B1ALI9;B4DVR8","Q9H3M7"
"Q96DG6;B2RD36",0.780177388204201,25.340548389348,1.19981037425109,0.239263894282918,0.433617078707454,-5.84871448609421,"Q96DG6;B2RD36","Q96DG6"
"P52294;B3KXZ2;B3KWR2;Q5BKZ2;C9JYI4",-0.687961962387728,22.7693699818344,-1.19971084486082,0.239302003796784,0.433617078707454,-5.8488298689917,"P52294;B3KXZ2;B3KWR2;Q5BKZ2;C9JYI4","P52294"
"Q9H977",-0.693292610818112,23.0827212520381,-1.19944657122616,0.23940321518885,0.433617078707454,-5.84913619510653,"Q9H977","Q9H977"
"P31942;Q53F48;B4DHY1",-0.654081605768827,24.831247448284,-1.19909208086797,0.239539027448843,0.433617078707454,-5.84954699723737,"P31942;Q53F48;B4DHY1","P31942"
"Q96IZ0;A0A0B4J260;F8W1M8",0.690930256377843,23.5223576574806,1.19871001394146,0.239685468621992,0.433630496886306,-5.84998963283372,"Q96IZ0;A0A0B4J260;F8W1M8","Q96IZ0"
"Q15021;E7EN77;Q6ZV00;B3KY03;B3KMS0;B4E0B7;F5H431;F5GZK7;A0PJ76",-0.68664991100761,23.2886706318546,-1.19803315127589,0.239945063572447,0.433735527546617,-5.85077348269288,"Q15021;E7EN77;Q6ZV00;B3KY03;B3KMS0;B4E0B7;F5H431;F5GZK7;A0PJ76","Q15021"
"P61081;A0A024R4T4;M0QYI6;M0QX69",0.648375331241379,27.1758442670923,1.19783356962899,0.240021648138974,0.433735527546617,-5.85100453397117,"P61081;A0A024R4T4;M0QYI6;M0QX69","P61081"
"Q15907;M0R2D0",0.646381522985518,27.6745612301673,1.19674362682802,0.240440205759624,0.434240302121754,-5.85226571863405,"Q15907;M0R2D0","Q15907"
"Q9H2C0;B3KTC3;A0A0S2Z4W2;A0A3B3ITY2;A0A0S2Z5G5",-0.703839757279628,22.9968852427724,-1.1959045308064,0.240762800938882,0.434263412786314,-5.85323593378858,"Q9H2C0;B3KTC3;A0A0S2Z4W2;A0A3B3ITY2;A0A0S2Z5G5","Q9H2C0"
"Q9UNH7;A8K885;A0A0A0MRI2;B4DJS7;Q5QTQ6;G3V5X9;G3V2U1;H0YJF8;G3V4Z5",-0.650114779415667,26.1756098720987,-1.19569734013074,0.240842505754652,0.434263412786314,-5.85347540520197,"Q9UNH7;A8K885;A0A0A0MRI2;B4DJS7;Q5QTQ6;G3V5X9;G3V2U1;H0YJF8;G3V4Z5","Q9UNH7"
"P54136;B4DXW6;E5RJM9;E5RH09;E5RI24",-0.668504156454539,27.1673369415943,-1.19550911292666,0.24091493234825,0.434263412786314,-5.85369292584913,"P54136;B4DXW6;E5RJM9;E5RH09;E5RI24","P54136"
"Q96CD0;J3QRK9;J3QRE3;E5RFX2;E5RHS9;E5RIS0;E5RIE9;E5RH15",-0.730945692759626,23.4847227830496,-1.1952622933012,0.241009928673648,0.434263412786314,-5.85397811029954,"Q96CD0;J3QRK9;J3QRE3;E5RFX2;E5RHS9;E5RIS0;E5RIE9;E5RH15","Q96CD0"
"P14678;P63162;Q9UIS4;J3QLE5;Q6LBS1;Q66K91;Q5XPV6;B4DVS0;X5DP00;Q15182;J3KRY3;S4R3P3;Q53HE7",-0.620294035817604,23.6202724139531,-1.19377644034461,0.241582390663643,0.435043577644286,-5.85569378638742,"P14678;P63162;Q9UIS4;J3QLE5;Q6LBS1;Q66K91;Q5XPV6;B4DVS0;X5DP00;Q15182;J3KRY3;S4R3P3;Q53HE7","P14678"
"Q9P0V3;A8K594;B4E2S1;C9JED2;C9JF25",-0.64963210747386,26.5852322220656,-1.19298932600981,0.241886052508424,0.435339063920239,-5.85660185955327,"Q9P0V3;A8K594;B4E2S1;C9JED2;C9JF25","Q9P0V3"
"P40763;A0A7I2YQR5;A0A7I2V3V0;A0A7I2V5N9;A0A7I2V444;A0A7I2V4C8;B5BTZ6;A0A7I2V4R2;A0A7I2YQI1;G8JLH9;A0A7I2V2G1;B4DVR6;A0A7I2V395;A0A7I2YQD2;A0A7I2V4R3;A0A7I2V552;B7ZA24;B4DNP0;A0A7I2V2T1;A0A7I2V4F6;Q9BXH2",-0.652856604826809,26.1236433566037,-1.19192080593861,0.242298728809282,0.435830297091205,-5.85783371020036,"P40763;A0A7I2YQR5;A0A7I2V3V0;A0A7I2V5N9;A0A7I2V444;A0A7I2V4C8;B5BTZ6;A0A7I2V4R2;A0A7I2YQI1;G8JLH9;A0A7I2V2G1;B4DVR6;A0A7I2V395;A0A7I2YQD2;A0A7I2V4R3;A0A7I2V552;B7ZA24;B4DNP0;A0A7I2V2T1;A0A7I2V4F6;Q9BXH2","P40763"
"Q969T9;K7EIJ0;K7ENL2;A6NG10;K7EMC9;K7EIN1;K7ESN4;B4DFL8;Q7Z511;B4DV07;K7EIK1",0.865323634674411,25.6016686343976,1.19012258976142,0.242994395241797,0.436583326932769,-5.85990452579826,"Q969T9;K7EIJ0;K7ENL2;A6NG10;K7EMC9;K7EIN1;K7ESN4;B4DFL8;Q7Z511;B4DV07;K7EIK1","Q969T9"
"P18124;A8MUD9;C9JIJ5;C9JZ88",-0.644176087461226,28.3502120541574,-1.19011502563845,0.242997324641002,0.436583326932769,-5.85991323058298,"P18124;A8MUD9;C9JIJ5;C9JZ88","P18124"
"P43686;A8K2M0",-0.658017352596492,26.5027752256206,-1.1870809629979,0.244174443029596,0.438445646407203,-5.86340076017716,"P43686;A8K2M0","P43686"
"B4DTC3;Q12771;D6RBQ9",-0.682812344218942,23.1707624573006,-1.1865043877895,0.24439860964836,0.438595663690008,-5.86406259195436,"B4DTC3;Q12771;D6RBQ9","B4DTC3"
"P36941;F5H627;F5H6F8;F5H2E7;B3KTD9",-0.652369789198985,23.248419156802,-1.18370574140354,0.245488847901662,0.439983243872524,-5.86727090081007,"P36941;F5H627;F5H6F8;F5H2E7;B3KTD9","P36941"
"Q6NX51;Q96A65;B7Z321;B7Z689;B7Z502;B3KTF7;Q8TAR2;B7Z4J9;Q6PJ82",-0.653562678453834,26.5321994782192,-1.18344971570136,0.245588763376303,0.439983243872524,-5.86756405826497,"Q6NX51;Q96A65;B7Z321;B7Z689;B7Z502;B3KTF7;Q8TAR2;B7Z4J9;Q6PJ82","Q6NX51"
"Q9UBS4;A0A7P0T9E8;B3KW63",-0.728546528465671,23.2904638285693,-1.183433718825,0.245595007240162,0.439983243872524,-5.86758237326993,"Q9UBS4;A0A7P0T9E8;B3KW63","Q9UBS4"
"O00203;A0A8Q3WKJ9;A0A8Q3WKK0;A8K586;A0A0S2Z5J4;A0A8Q3WL34;A0A8Q3SIS1;A0A8Q3SHS3;A0A8Q3SHR2;A0A8Q3WKN2;A0A8Q3SI03;A0A8Q3SHP3;Q3MNE1;A0A8Q3SHW6;A0A8Q3WKF8;A0A8Q3SHU2;A0A0S2Z4Z4;B4E0B2;A0A8Q3WKI5;A0A8Q3SIM7;A0A8Q3SHS6;A0A590UK04;A0A5F9UJV3;A0A590UJ60;A0A2R8Y2A8;A0A590UKC4;H0YBD0;Q13367;Q68CN5;A0A590UJE5;A0A590UJU0;A0A590UJU7;A0A590UKD3;B3KUS4;A0A590UK64",-0.642898199081529,29.4933263966676,-1.17955749874581,0.247111407878842,0.442445741202128,-5.87201364282244,"O00203;A0A8Q3WKJ9;A0A8Q3WKK0;A8K586;A0A0S2Z5J4;A0A8Q3WL34;A0A8Q3SIS1;A0A8Q3SHS3;A0A8Q3SHR2;A0A8Q3WKN2;A0A8Q3SI03;A0A8Q3SHP3;Q3MNE1;A0A8Q3SHW6;A0A8Q3WKF8;A0A8Q3SHU2;A0A0S2Z4Z4;B4E0B2;A0A8Q3WKI5;A0A8Q3SIM7;A0A8Q3SHS6;A0A590UK04;A0A5F9UJV3;A0A590UJ60;A0A2R8Y2A8;A0A590UKC4;H0YBD0;Q13367;Q68CN5;A0A590UJE5;A0A590UJU0;A0A590UJU7;A0A590UKD3;B3KUS4;A0A590UK64","O00203"
"Q9UGI8;B2RDR4;A4D0U5;Q53GU1;E0X098;F8W7T0;B7Z6L5;Q9Y423;B7Z5L5;H7BYK1;F8WDI4",0.656713649161649,26.9641593507718,1.17704881088226,0.248096480509559,0.443954631502762,-5.87487448551349,"Q9UGI8;B2RDR4;A4D0U5;Q53GU1;E0X098;F8W7T0;B7Z6L5;Q9Y423;B7Z5L5;H7BYK1;F8WDI4","Q9UGI8"
"P62269;A0A0G2JQH2;Q5GGW2;J3JS69",-0.6244708339398,28.6094679424394,-1.17609793127783,0.24847060930595,0.444369168821822,-5.87595739058235,"P62269;A0A0G2JQH2;Q5GGW2;J3JS69","P62269"
"P31943;G8JLB6;A0A384MEJ3;E9PCY7;H0YBD7;A0A9L9PY23;E5RGV0;D6RBM0;Q68DG4;D6RIU0;E7EN40;D6RIT2;D6RDU3;D6RFM3;B4DP51;D6RAM1;E7EQJ0;D6R9D3;D6RDL0;D6RF17;E5RJ94",-0.646465195749919,27.1496095257416,-1.1750365983231,0.248888685155064,0.444861781661114,-5.87716514108363,"P31943;G8JLB6;A0A384MEJ3;E9PCY7;H0YBD7;A0A9L9PY23;E5RGV0;D6RBM0;Q68DG4;D6RIU0;E7EN40;D6RIT2;D6RDU3;D6RFM3;B4DP51;D6RAM1;E7EQJ0;D6R9D3;D6RDL0;D6RF17;E5RJ94","P31943"
"Q15631;E9PGT1;Q53GR3;B3KRM8;H7C1D4;B7Z5D9;A0A0J9YVW2",-0.618070249069181,26.0842360609119,-1.17464276607382,0.249043953060126,0.444884358301565,-5.87761305163011,"Q15631;E9PGT1;Q53GR3;B3KRM8;H7C1D4;B7Z5D9;A0A0J9YVW2","Q15631"
"Q9H0U4;Q6FIG4;E9PLD0;Q92928;Q9H1C9;Q92927",0.631157815026103,29.454851061,1.17420859531679,0.249215206663017,0.444935449102433,-5.87810668074927,"Q9H0U4;Q6FIG4;E9PLD0;Q92928;Q9H1C9;Q92927","Q9H0U4"
"P60660;F8W1R7;G3V1V0;J3KND3;G3V1Y7;B7Z6Z4;F8VPF3",-0.630155860561228,30.3508768561404,-1.17179963133767,0.250166962852077,0.446379151679421,-5.88084251621703,"P60660;F8W1R7;G3V1V0;J3KND3;G3V1Y7;B7Z6Z4;F8VPF3","P60660"
"Q9HB21;B3KQL5;B2RBH1;Q59FQ3;Q5RGS4",-0.741624219084859,23.171757607744,-1.17104006186902,0.250467612090005,0.446405583782905,-5.88170408680554,"Q9HB21;B3KQL5;B2RBH1;Q59FQ3;Q5RGS4","Q9HB21"
"O95232;J3KPP4;Q6PKC2;Q86Y74;A8K3C5;D6RDI2;E7EN55;C9JL41;B4DJ96;D6RHH0;U3KQT3",-0.634158272324726,23.0797827019183,-1.17103901780781,0.25046802552744,0.446405583782905,-5.88170527072035,"O95232;J3KPP4;Q6PKC2;Q86Y74;A8K3C5;D6RDI2;E7EN55;C9JL41;B4DJ96;D6RHH0;U3KQT3","O95232"
"P60842;A8K088;A8K7F6;J3KT12;Q59F68;J3QS69;B4DNH2;J3QL43;J3KSZ0;J3QR64;J3KTN0;B4DKP9;J3QLN6;B4E047;J3KS25;J3QKZ9;J3QL52;B4E102;J3KS93;Q86WD0;J3QQP0",0.624780849463093,28.8603642370235,1.17031248246429,0.250755847179942,0.446663328014985,-5.88252889267994,"P60842;A8K088;A8K7F6;J3KT12;Q59F68;J3QS69;B4DNH2;J3QL43;J3KSZ0;J3QR64;J3KTN0;B4DKP9;J3QLN6;B4E047;J3KS25;J3QKZ9;J3QL52;B4E102;J3KS93;Q86WD0;J3QQP0","P60842"
"B2MUD5;P08246",0.662653192618038,23.1401359884916,1.16883831356615,0.251340592557935,0.447449376819748,-5.88419861835137,"B2MUD5;P08246","B2MUD5"
"Q9C0H2;H7C3T6;Q69YH1",-0.628500073347574,25.4808544507247,-1.16838197265451,0.251521807290469,0.447516552731872,-5.8847151054711,"Q9C0H2;H7C3T6;Q69YH1","Q9C0H2"
"P62753;Q96DV6;A2A3R6;A2A3R5;A2A3R7;Q9BZU1",-0.631124724574207,28.7978947054908,-1.16663864811703,0.25221496815009,0.448464175744655,-5.88668650403268,"P62753;Q96DV6;A2A3R6;A2A3R5;A2A3R7;Q9BZU1","P62753"
"Q9H910;H3BMT0;H3BTV5;H3BU16;A6NGP5;H3BMV3;B4DL85;H3BMM8;B4E1P3",0.716412317175454,24.8767639097489,1.16631959441471,0.252341977695374,0.448464175744655,-5.88704700717947,"Q9H910;H3BMT0;H3BTV5;H3BU16;A6NGP5;H3BMV3;B4DL85;H3BMM8;B4E1P3","Q9H910"
"Q53FE8;Q53FF5;F2Z2K0;Q6ZQU3;R4GNE6",-0.670470871575141,22.9878031783169,-1.1651971769937,0.252789163435904,0.448537648394225,-5.88831452528351,"Q53FE8;Q53FF5;F2Z2K0;Q6ZQU3;R4GNE6","Q53FE8"
"Q15008;B3KT66;C9J7B7;C9J0E9;H7C531",-0.625603796811486,26.7224912907044,-1.16516309533625,0.252802751065608,0.448537648394225,-5.88835299539031,"Q15008;B3KT66;C9J7B7;C9J0E9;H7C531","Q15008"
"Q92930;H0YNE9;B4DMS1;H0YMN7;B3KTE3;H0YLJ8;H0YL94",-0.627235140838039,28.0994347874155,-1.16466023486664,0.253003292833576,0.448537648394225,-5.8889204859423,"Q92930;H0YNE9;B4DMS1;H0YMN7;B3KTE3;H0YLJ8;H0YL94","Q92930"
"P29218;A0A140VJL8;H0YBL1;E5RG13;E5RIP7;E5RG94;E5RHE9;E5RI82;E5RIF4;E5RGY4",-0.623782835191893,25.9359012069052,-1.164148126716,0.25320764201519,0.448537648394225,-5.88949818241132,"P29218;A0A140VJL8;H0YBL1;E5RG13;E5RIP7;E5RG94;E5RHE9;E5RI82;E5RIF4;E5RGY4","P29218"
"A0A7P0TAM4;A0A7P0TB64;A0A7P0TBC9;B4DSR6;Q9NRC3;A0A7P0TAS7;A0A7P0TB96;Q92862",-0.628139771016503,23.2839564486204,-1.164139677007,0.253211014757277,0.448537648394225,-5.88950771236868,"A0A7P0TAM4;A0A7P0TB64;A0A7P0TBC9;B4DSR6;Q9NRC3;A0A7P0TAS7;A0A7P0TB96;Q92862","A0A7P0TAM4"
"P60468;Q53FA5;S4R3B5",0.686108769925919,24.4522936818908,1.16405161204113,0.253246168266185,0.448537648394225,-5.88960703218441,"P60468;Q53FA5;S4R3B5","P60468"
"P26640;A0A1U9X9D5;A0A1U9X9C8;A0A1U9X9C7;A0A1U9X9C4;A0A1U9X9A1;A0A024RCN6;A0A1U9X9C1;A0A1U9X9A3;A0A140T936;B4DT32;A0A140T954;A2ABF4;A0A0G2JJT9;A0A140T904;H0Y426",-0.621363227131116,26.8073969866975,-1.16035870210982,0.254723503082829,0.450898187352635,-5.89376571247925,"P26640;A0A1U9X9D5;A0A1U9X9C8;A0A1U9X9C7;A0A1U9X9C4;A0A1U9X9A1;A0A024RCN6;A0A1U9X9C1;A0A1U9X9A3;A0A140T936;B4DT32;A0A140T954;A2ABF4;A0A0G2JJT9;A0A140T904;H0Y426","P26640"
"Q9HB40;B4DP22;I3L4Z3",-0.672199122347013,23.7800740741995,-1.1590149672447,0.255262616124456,0.45159619948507,-5.89527592529699,"Q9HB40;B4DP22;I3L4Z3","Q9HB40"
"P21281;A0A140VK65;B4DFM5;Q59HF3;B4DQI9;H0YC04;H0YC45;E5RGH6",-0.615880515910234,26.325653316806,-1.15744652427381,0.255892934745065,0.452454684506723,-5.89703665915322,"P21281;A0A140VK65;B4DFM5;Q59HF3;B4DQI9;H0YC04;H0YC45;E5RGH6","P21281"
"P62834;A8KAH9;Q5U0C3;F5H4H0;F5GYH7;F8WBC0",-0.623036820234216,29.1395916633166,-1.15649514607856,0.256275822397684,0.452874951874435,-5.89810361220969,"P62834;A8KAH9;Q5U0C3;F5H4H0;F5GYH7;F8WBC0","P62834"
"P09543;B4DI06;B4DFN6;K7ERC4;C9K0L8;K7ERZ0;K7EN66",-0.617037519216552,29.517613974626,-1.15347095704048,0.257495695800924,0.454667198840407,-5.90148984609846,"P09543;B4DI06;B4DFN6;K7ERC4;C9K0L8;K7ERZ0;K7EN66","P09543"
"Q5JSH3;Q8N397;H7BY83;B7Z947",0.59033825621249,25.0127185743318,1.1532584407772,0.257581577541199,0.454667198840407,-5.90172749852619,"Q5JSH3;Q8N397;H7BY83;B7Z947","Q5JSH3"
"Q53H96;A0A0A0MQS1;B5MD87;B4DGI7;B4DI71;F8WEI0",0.771242615588314,24.7417679951397,1.15174853367234,0.258192358874891,0.455487538083023,-5.90341484010755,"Q53H96;A0A0A0MQS1;B5MD87;B4DGI7;B4DI71;F8WEI0","Q53H96"
"Q9Y265;B5BUB1;A0A384MTR5;E7ETR0;B3KRS7;H7C4G5;J3QLR1;H7C4I3",-0.607983844113406,27.2620452066372,-1.14977137243383,0.258993743277543,0.456643010335023,-5.90562128041224,"Q9Y265;B5BUB1;A0A384MTR5;E7ETR0;B3KRS7;H7C4G5;J3QLR1;H7C4I3","Q9Y265"
"P12814;A0A024R694;A0A804HII9;A0A804HIN7;A0A804HK61;A0A804HJU8;A0A804HKE2;A0A7I2V4Y4;A0A804HLF4;A0A804HLD0;A0A804HL31;H9KV75;B7Z565;Q86TX4;B4DFY0;B3KUX9;A0A804HJQ9;B7Z2W3;G3V2N5;A1L0V1;B4DRP5;G3V2W4;H0YJW3;H7C5W8;A0A494C1A0;A0A804HJN7;P35609;A0A804HI95;H0YJ11;Q08043;B2R8Y4;A0A804HIY0;B7Z2N5;A0A804HKG0;G3V2X9;A0A494C033;A0A494C166;B7Z4V1;G3V5M4;A0A087WSZ2;B4DZQ2;A0A494C0Q3;Q5ZEZ4;G3V2E8;G3V380;A0A494C031",0.60163202525435,29.1457776061027,1.14855852774072,0.259486227860828,0.457252850111821,-5.90697305107275,"P12814;A0A024R694;A0A804HII9;A0A804HIN7;A0A804HK61;A0A804HJU8;A0A804HKE2;A0A7I2V4Y4;A0A804HLF4;A0A804HLD0;A0A804HL31;H9KV75;B7Z565;Q86TX4;B4DFY0;B3KUX9;A0A804HJQ9;B7Z2W3;G3V2N5;A1L0V1;B4DRP5;G3V2W4;H0YJW3;H7C5W8;A0A494C1A0;A0A804HJN7;P35609;A0A804HI95;H0YJ11;Q08043;B2R8Y4;A0A804HIY0;B7Z2N5;A0A804HKG0;G3V2X9;A0A494C033;A0A494C166;B7Z4V1;G3V5M4;A0A087WSZ2;B4DZQ2;A0A494C0Q3;Q5ZEZ4;G3V2E8;G3V380;A0A494C031","P12814"
"Q86Y56;E9PGY2;B3KNN3;B3KPE2;B3KU91;H0Y650",-0.660797505477422,22.9590023622233,-1.14780149591754,0.259793970794475,0.457536643087503,-5.90781613434617,"Q86Y56;E9PGY2;B3KNN3;B3KPE2;B3KU91;H0Y650","Q86Y56"
"Q9Y4D1;A8K6X5;B3KMP4",-0.699403486919216,25.0049270687311,-1.14548671337073,0.260736602589181,0.458745498918757,-5.91039087396996,"Q9Y4D1;A8K6X5;B3KMP4","Q9Y4D1"
"P48643;V9HW37;Q9BU08;B7ZAR1;E9PCA1;B4DZT5;B4DXI1;B4DDU6;E7ENZ3;B4DYC8;B4DE30;B4DX08;Q96GI1;B4DZY9;Q9HB74;H0Y914;D6RIZ7",-0.632854377552331,27.8822137352714,-1.14539369547204,0.260774533370617,0.458745498918757,-5.91049423840332,"P48643;V9HW37;Q9BU08;B7ZAR1;E9PCA1;B4DZT5;B4DXI1;B4DDU6;E7ENZ3;B4DYC8;B4DE30;B4DX08;Q96GI1;B4DZY9;Q9HB74;H0Y914;D6RIZ7","P48643"
"P84085;A4D0Z3;C9J1Z8;B4DLJ3;F5H1V1;F5H6T5;F8WDB3",-0.620870039136033,27.4421188467304,-1.14402299707019,0.261333940048607,0.459470439127173,-5.91201650887964,"P84085;A4D0Z3;C9J1Z8;B4DLJ3;F5H1V1;F5H6T5;F8WDB3","P84085"
"P06748;A0A7I2V5S2;A0A0S2Z4G7;A0A0S2Z491;A0A7I2YQC0;A0A140VJQ2;A4ZU86;A0A7I2V4G8;A0A7I2V433;A0A7I2V2X9;A0A7I2V5J8;Q9BTI9;E5RI98;A0A7I2V3U2;Q9NX34;A0A7I2V579;A0A7I2V3G5;E5RGW4;V9HVU7",-0.651932817713469,27.4738455861994,-1.14231155399051,0.262033631450558,0.460441068447488,-5.91391485531737,"P06748;A0A7I2V5S2;A0A0S2Z4G7;A0A0S2Z491;A0A7I2YQC0;A0A140VJQ2;A4ZU86;A0A7I2V4G8;A0A7I2V433;A0A7I2V2X9;A0A7I2V5J8;Q9BTI9;E5RI98;A0A7I2V3U2;Q9NX34;A0A7I2V579;A0A7I2V3G5;E5RGW4;V9HVU7","P06748"
"Q8N4C8;Q59FL0;A0A590UJE1;I3L2I2;Q9HBM9",-0.592088736717191,27.0878418632981,-1.14122157103954,0.262479957483784,0.46096564605401,-5.9151225133752,"Q8N4C8;Q59FL0;A0A590UJE1;I3L2I2;Q9HBM9","Q8N4C8"
"E5RI56;P63208;E5RJR5;E7ERH2;F8W8N3;E5RGM3;E5RHM3;E5RGM4",-0.599569087187433,27.1597699382704,-1.14015962172802,0.262915333609004,0.461213474234375,-5.91629809330012,"E5RI56;P63208;E5RJR5;E7ERH2;F8W8N3;E5RGM3;E5RHM3;E5RGM4","E5RI56"
"P18077;C9K025;F8WBS5;F8WB72",-0.628341517294974,27.4461518956565,-1.14015600180564,0.262916818592087,0.461213474234375,-5.91630209884264,"P18077;C9K025;F8WBS5;F8WB72","P18077"
"P09651;A0A024RB53;A0A7I2V3R8;F8W6I7;A0A2R8Y4L2;Q6IPF2;A0A7I2V3W0;A0A7I2V2L6;Q0VAC0;Q9BSM5;F8VZ49;A0A7I2YQX9;F8VTQ5;B4DP35;B4E0B5;F8W646;Q32P51;H0YH80;A0A7I2V5U9;A0A7I2YQ85;A0A7I2V2Z4;F8VYN5;A0A7I2V3W4;A0A7I2V3C7;A0A7I2YQV3;A0A7I2V4M0;Q3MI39;A0A7I2V5T1;A0A7I2V334;A0A7I2V5H0;A0A7I2YQY2",-0.622549580605451,27.4751031016415,-1.13928975931295,0.263272347622865,0.461577544820525,-5.91726028395146,"P09651;A0A024RB53;A0A7I2V3R8;F8W6I7;A0A2R8Y4L2;Q6IPF2;A0A7I2V3W0;A0A7I2V2L6;Q0VAC0;Q9BSM5;F8VZ49;A0A7I2YQX9;F8VTQ5;B4DP35;B4E0B5;F8W646;Q32P51;H0YH80;A0A7I2V5U9;A0A7I2YQ85;A0A7I2V2Z4;F8VYN5;A0A7I2V3W4;A0A7I2V3C7;A0A7I2YQV3;A0A7I2V4M0;Q3MI39;A0A7I2V5T1;A0A7I2V334;A0A7I2V5H0;A0A7I2YQY2","P09651"
"Q53HT6;P51572;Q53G72;A0A2R8Y5M6;C9JMD7;C9JSP1;C9JQ75;C9J0M4;C9JM14",0.639998286844239,26.0347859288831,1.13889329295768,0.263435184012528,0.46160356119948,-5.91769860798842,"Q53HT6;P51572;Q53G72;A0A2R8Y5M6;C9JMD7;C9JSP1;C9JQ75;C9J0M4;C9JM14","Q53HT6"
"P00338;V9HWB9;B4DJI1;F5GXY2;F5GYU2;F5GXH2;F5H5J4;F5H6W8;F5GZQ4;F5GWW2;F5H8H6;F5GXC7;F5GXU1;P07864;Q96L19;G3XAP5;F5H155;F5H245;A0A140VKA7;D6NKH9;G9BCY7;G9BCY8;Q6ZMR3;F5H5G7",-0.651987717181356,32.8165777676886,-1.13813119657938,0.263748396380338,0.461892896299986,-5.91854077060518,"P00338;V9HWB9;B4DJI1;F5GXY2;F5GYU2;F5GXH2;F5H5J4;F5H6W8;F5GZQ4;F5GWW2;F5H8H6;F5GXC7;F5GXU1;P07864;Q96L19;G3XAP5;F5H155;F5H245;A0A140VKA7;D6NKH9;G9BCY7;G9BCY8;Q6ZMR3;F5H5G7","P00338"
"A0A6B7FWW8",-0.631693182263191,27.8632014126703,-1.13591902873221,0.264659096233268,0.463197862647816,-5.9209824167296,"A0A6B7FWW8","A0A6B7FWW8"
"P08865;C9J9K3;A0A8V8TMX1;A0A0C4DG17;A0A8V8TLA4;A0A8I5KQE6;Q96RS2;F8WD59;A0A8V8TMP3;A0A8V8TMZ8",-0.603030905471265,29.3613710216273,-1.13560012153143,0.264790570407521,0.463197862647816,-5.92133404569843,"P08865;C9J9K3;A0A8V8TMX1;A0A0C4DG17;A0A8V8TLA4;A0A8I5KQE6;Q96RS2;F8WD59;A0A8V8TMP3;A0A8V8TMZ8","P08865"
"Q96QK1;Q53FR4;Q5HYM2;I3L4S0;A0A3B3ITD4",-0.608539051343548,28.0449619434636,-1.13463946559745,0.265186900157289,0.463631133178579,-5.92239272235354,"Q96QK1;Q53FR4;Q5HYM2;I3L4S0;A0A3B3ITD4","Q96QK1"
"Q9H0R4;K7ER15;V9HW73;K7EMY7",-0.645935055036482,23.4667199902322,-1.13389752872425,0.265493288013213,0.463906759279109,-5.92320979938855,"Q9H0R4;K7ER15;V9HW73;K7EMY7","Q9H0R4"
"Q9Y6I3;B4DU91",-0.615957363862393,26.3387011359466,-1.13053116368608,0.266886662888764,0.466070797426207,-5.92691092350669,"Q9Y6I3;B4DU91","Q9Y6I3"
"O76094;V9HWK0;Q86X80;A0PJJ5;Q0D2M6;Q71V07;D6RDY6;R4GNC1;O15302",-0.624748779287014,25.4037044464575,-1.13018408102042,0.26703062359751,0.466070797426207,-5.92729194550654,"O76094;V9HWK0;Q86X80;A0PJJ5;Q0D2M6;Q71V07;D6RDY6;R4GNC1;O15302","O76094"
"Q04323;A0A087WTZ5;E9PJ81;E9PRQ7;B4E0P8;E9PS08;B4DU88;B4DNC6",0.791329649951958,25.9815327674031,1.12902705748256,0.267510930874956,0.466647982885341,-5.92856133095369,"Q04323;A0A087WTZ5;E9PJ81;E9PRQ7;B4E0P8;E9PS08;B4DU88;B4DNC6","Q04323"
"P08174;H3BLV0;B1AP13;A0A8Q3WKT6;A0A8Q3SI94;B2R658;A0A172WBW8;A0A8Q3WLV2;A0A8Q3SI51;B1AP15;B4DUF2;Q8TD12;Q8TD11;Q8TD13;B4DPY4;A0A2R8YEC5;Q8TD14;A0A2R8YDY3;A0A7G9ZDP2",-0.59352951004723,30.5106814027025,-1.12604168978241,0.268753102014158,0.468552780984996,-5.93183109203545,"P08174;H3BLV0;B1AP13;A0A8Q3WKT6;A0A8Q3SI94;B2R658;A0A172WBW8;A0A8Q3WLV2;A0A8Q3SI51;B1AP15;B4DUF2;Q8TD12;Q8TD11;Q8TD13;B4DPY4;A0A2R8YEC5;Q8TD14;A0A2R8YDY3;A0A7G9ZDP2","P08174"
"Q99536;B3KUF8;K7ERT7;K7ESA3;K7ENX2;K7EM19;K7EJM4;K7ER81",0.5880721270584,29.4484526396475,1.12480600436262,0.269268467619844,0.469189022629214,-5.93318216091614,"Q99536;B3KUF8;K7ERT7;K7ESA3;K7ENX2;K7EM19;K7EJM4;K7ER81","Q99536"
"Q13287;A8K683;B4DQD4;A4UCT9;C9JW17",0.708841111894532,24.6015248890252,1.12361017794496,0.269767886192085,0.46940886454993,-5.93448834899386,"Q13287;A8K683;B4DQD4;A4UCT9;C9JW17","Q13287"
"Q9BZF9;H0YNH8;B7ZKM6;F5H2B9;B7ZKM7;Q05DB3;Q8NDD7;H0YN48;H0YMI1",0.621872615913055,24.2681829124257,1.12347492980011,0.269824412427069,0.46940886454993,-5.9346359985602,"Q9BZF9;H0YNH8;B7ZKM6;F5H2B9;B7ZKM7;Q05DB3;Q8NDD7;H0YN48;H0YMI1","Q9BZF9"
"P53621;A0A3B3IT15;A0A3B3IS84;A0A3B3ISC6;A0A3B3IU89;A0A3B3ITV3;A0A3B3ISK1;A0A3B3ITI7;A0A3B3IU78;A0A3B3IS23;A0A3B3ITX2",-0.619927395524414,27.2837019759416,-1.12332657012141,0.26988642835633,0.46940886454993,-5.93479794309091,"P53621;A0A3B3IT15;A0A3B3IS84;A0A3B3ISC6;A0A3B3IU89;A0A3B3ITV3;A0A3B3ISK1;A0A3B3ITI7;A0A3B3IU78;A0A3B3IS23;A0A3B3ITX2","P53621"
"P62277;J3KMX5;E9PS50",-0.58256703633981,27.8529759203093,-1.12296645791777,0.270037001748207,0.46940886454993,-5.93519094780269,"P62277;J3KMX5;E9PS50","P62277"
"Q9UJM3;B3KTV8;I6S2Y9",0.647247304435659,23.626261326523,1.1227031557149,0.270147134295327,0.46940886454993,-5.93547822651223,"Q9UJM3;B3KTV8;I6S2Y9","Q9UJM3"
"A0A994J6S4;A0A994J4R6;Q93008;A0A994J4T3;A0A994J583;O00507;A0A994J7K1;A0A994J766;B4DGX9;Q6P468;Q59EZ5;Q86X58;A0A994J4T8;A0A994J588",0.637998458322535,27.5702298334195,1.12200936622223,0.270437483303194,0.469651731861171,-5.9362348960157,"A0A994J6S4;A0A994J4R6;Q93008;A0A994J4T3;A0A994J583;O00507;A0A994J7K1;A0A994J766;B4DGX9;Q6P468;Q59EZ5;Q86X58;A0A994J4T8;A0A994J588","A0A994J6S4"
"O14713;Q6IAZ8;A8K1A2;A8MPU2;C9J5T5;C9JBU8;B4DQY5;C9IZZ8;C9J6Y2;C9J0J6;C9JZ07;G3V1A3;F8WF20",-0.649770452494124,24.5117636307615,-1.12044768052771,0.271091865249251,0.47052617012377,-5.93793654569874,"O14713;Q6IAZ8;A8K1A2;A8MPU2;C9J5T5;C9JBU8;B4DQY5;C9IZZ8;C9J6Y2;C9J0J6;C9JZ07;G3V1A3;F8WF20","O14713"
"P00747;B2R7F8;A6PVI2;A0A9L9PXP2;A0A9L9PYG2;B4DPH4;Q9UMI2;Q68DS2;P08519;Q1HP67",-0.653128810618714,23.6882731926975,-1.11759396742621,0.27229057362495,0.472280844380163,-5.94104037992323,"P00747;B2R7F8;A6PVI2;A0A9L9PXP2;A0A9L9PYG2;B4DPH4;Q9UMI2;Q68DS2;P08519;Q1HP67","P00747"
"P39019;B0ZBD0;Q8WVX7;M0R2L9;M0QYF7;M0R140;A0A075B6E2",-0.595078987595031,27.9082328824759,-1.11732047223228,0.272405655351046,0.472280844380163,-5.94133746341813,"P39019;B0ZBD0;Q8WVX7;M0R2L9;M0QYF7;M0R140;A0A075B6E2","P39019"
"A1IGU5;D6RJH4",-0.580388539463492,23.0071599079193,-1.1143708168031,0.273649034515225,0.473931012602568,-5.94453726137459,"A1IGU5;D6RJH4","A1IGU5"
"Q9Y6M5",0.575541000304145,27.3542881418696,1.11424733197077,0.273701176119722,0.473931012602568,-5.94467104820447,"Q9Y6M5","Q9Y6M5"
"Q9H832;B4DL66;I3L286;D6RB11;I3L4C5;H0Y9X8",0.586773682305051,26.6434877633155,1.11398184914486,0.273813300644382,0.473931012602568,-5.94495863325421,"Q9H832;B4DL66;I3L286;D6RB11;I3L4C5;H0Y9X8","Q9H832"
"P55036;Q5VWC4;A6PVX3;H0Y3Y9",-0.598415788748429,27.239204417617,-1.11265286918049,0.274375079473428,0.47463997386446,-5.94639730504487,"P55036;Q5VWC4;A6PVX3;H0Y3Y9","P55036"
"P61764;A0A0D9SG72;A0A1B0GTP9;A0A2R8Y5D4;A0A1B0GVQ5;A0A1B0GWF2;B7Z1V5;B7Z2V7;Q59GC9;B7Z3F4;A0A994J7L2;A0A1B0GW76;A0A0D9SFW6;A0A0D9SFQ7;A0A0D9SEH5;A0A0D9SEP9;A0A096LP52;A0A1B0GVV9;A0A1B0GTD8",0.617895560353976,25.3960583846682,1.11209468745797,0.27461127692901,0.474785239878925,-5.94700108601632,"P61764;A0A0D9SG72;A0A1B0GTP9;A0A2R8Y5D4;A0A1B0GVQ5;A0A1B0GWF2;B7Z1V5;B7Z2V7;Q59GC9;B7Z3F4;A0A994J7L2;A0A1B0GW76;A0A0D9SFW6;A0A0D9SFQ7;A0A0D9SEH5;A0A0D9SEP9;A0A096LP52;A0A1B0GVV9;A0A1B0GTD8","P61764"
"Q9Y2S6;A0A024R1R8",0.699748859348052,25.2539612448114,1.11152199171067,0.27485376738885,0.474941219105719,-5.9476202763529,"Q9Y2S6;A0A024R1R8","Q9Y2S6"
"Q8TF05;A8K923;B2RCG9;B4DEZ8;J3QL26;J3KSB0;J3QLA6;J3QQV0;J3KRU1;B4DID3",0.634606597427656,23.9465152193241,1.11080415292712,0.275157930703184,0.47520353591541,-5.94839597786899,"Q8TF05;A8K923;B2RCG9;B4DEZ8;J3QL26;J3KSB0;J3QLA6;J3QQV0;J3KRU1;B4DID3","Q8TF05"
"Q13586;A0A8V8TMF0;G0XQ39;H0YDB2;A0A8V8TMG5;A0A8V8TNW5;V5J3L2;A0A8V8TNW0;A0A8V8TP73;E9PRZ7;A0A8V8TP78;E9PIQ8;E9PR07;E9PNJ4;A0A8V8TMG1;E9PN27;E9PR09;E9PMB4;E9PJ19;E9PRE4",-0.622062701385019,23.2500519484705,-1.10706581258099,0.276745838393521,0.477681389014605,-5.95242818215923,"Q13586;A0A8V8TMF0;G0XQ39;H0YDB2;A0A8V8TMG5;A0A8V8TNW5;V5J3L2;A0A8V8TNW0;A0A8V8TP73;E9PRZ7;A0A8V8TP78;E9PIQ8;E9PR07;E9PNJ4;A0A8V8TMG1;E9PN27;E9PR09;E9PMB4;E9PJ19;E9PRE4","Q13586"
"Q99959;B8QGS9;B4DR79",0.589009270745542,26.8153774508573,1.10436541790603,0.27789693297739,0.479402950197167,-5.95533304713497,"Q99959;B8QGS9;B4DR79","Q99959"
"Q4KMP7;H3BSE1",0.654859736362376,25.1326737134019,1.10205098941445,0.278886219428415,0.48059951625731,-5.95781750927736,"Q4KMP7;H3BSE1","Q4KMP7"
"P12955;A0A494C165;K7ES25;A0A8V8TLL9;A0A140VJR2;J3K000;A0A8V8TLR1;A0A8V8TNF2;A0A8V8TLP4;A0A8V8TN48;A0A8V8TLP2;A0A494C194;A0A8V8TLN7;A0A8V8TLR6;A0A8V8TM86;A0A8V8TN70;V9GYL0;A0A8V8TNH5;V9GYE4;A0A8V8TM81",0.583383045947958,26.1670104627025,1.10202176938212,0.278898725368942,0.48059951625731,-5.95784884524961,"P12955;A0A494C165;K7ES25;A0A8V8TLL9;A0A140VJR2;J3K000;A0A8V8TLR1;A0A8V8TNF2;A0A8V8TLP4;A0A8V8TN48;A0A8V8TLP2;A0A494C194;A0A8V8TLN7;A0A8V8TLR6;A0A8V8TM86;A0A8V8TN70;V9GYL0;A0A8V8TNH5;V9GYE4;A0A8V8TM81","P12955"
"P23921;Q53GZ5;B4DS95;B4DNN4;B4DXD1;E9PL69;B4DXB0;B4E0I8",0.632249079106021,24.0480892806427,1.10099587862601,0.2793380520217,0.481090769881658,-5.9589485385261,"P23921;Q53GZ5;B4DS95;B4DNN4;B4DXD1;E9PL69;B4DXB0;B4E0I8","P23921"
"P35244;A4D105;B5MC59",-0.57409206162361,23.3913068357501,-1.10025699072901,0.279654778347566,0.481370449043078,-5.9597399960057,"P35244;A4D105;B5MC59","P35244"
"P31323;B3KY43;Q6DHZ2;A0A9L9PXN2;Q75MP1",-0.676456804079383,23.0234546423368,-1.09969782353123,0.279894637014983,0.481517580170839,-5.96033861999396,"P31323;B3KY43;Q6DHZ2;A0A9L9PXN2;Q75MP1","P31323"
"Q13136;A0A2R8Y7R9;E9PJZ7;Q59FZ5;E9PPF6;A0A1B0GVT3;B3KN22;H0YEF9;E9PID5;H0YDZ8",0.655442686781054,24.6224404145679,1.0977136277807,0.280746954694275,0.482717613942361,-5.96246055885026,"Q13136;A0A2R8Y7R9;E9PJZ7;Q59FZ5;E9PPF6;A0A1B0GVT3;B3KN22;H0YEF9;E9PID5;H0YDZ8","Q13136"
"P23458;A0A8V8TPQ9;A0A5F9ZHN8;A0A0A0N0M2;A0A5F9ZI39;A0A5F9ZHW0;A0A5F9ZH07;Q4LDX3;A0A8V8TMY8;A0A8V8TN56;Q6P669;A0A5F9ZI01;Q0VGA4;Q8IV82;B4DYV1;O60674;Q8IXP2;A8K910;Q506Q0;A0A8V8TN11",0.633989311979771,26.337330836658,1.09688850624553,0.281101931886676,0.483061666972199,-5.96334191809679,"P23458;A0A8V8TPQ9;A0A5F9ZHN8;A0A0A0N0M2;A0A5F9ZI39;A0A5F9ZHW0;A0A5F9ZH07;Q4LDX3;A0A8V8TMY8;A0A8V8TN56;Q6P669;A0A5F9ZI01;Q0VGA4;Q8IV82;B4DYV1;O60674;Q8IXP2;A8K910;Q506Q0;A0A8V8TN11","P23458"
"Q86X29;A0A8Z5AA41;A0A8Z5ABK9;S4R3V8;M0R1W9",-0.658281864117207,23.1592607530311,-1.09546098772814,0.281716821836058,0.4838517441116,-5.96486528542493,"Q86X29;A0A8Z5AA41;A0A8Z5ABK9;S4R3V8;M0R1W9","Q86X29"
"P49902;A8K6K2;A0A384MED8;A0A6Q8PHP0;A0A6Q8PHB5;B3KXN5;Q5JUV6;A0A6Q8PFH2;A0A6Q8PG36;H0YHR8;A0A6Q8PF50;S4R3E7;A0A6Q8PEZ2;S4R3A6",-0.604596837862179,26.1368269809403,-1.09377453115096,0.282444479200603,0.484834524285461,-5.96666261405984,"P49902;A8K6K2;A0A384MED8;A0A6Q8PHP0;A0A6Q8PHB5;B3KXN5;Q5JUV6;A0A6Q8PFH2;A0A6Q8PG36;H0YHR8;A0A6Q8PF50;S4R3E7;A0A6Q8PEZ2;S4R3A6","P49902"
"Q86UY5",-0.65481082410648,23.7909413449832,-1.09335334024017,0.282626419298633,0.484879978983738,-5.96711109565498,"Q86UY5","Q86UY5"
"Q6ZN96",-0.615437579839213,22.9456141351676,-1.09152319750415,0.283417945927521,0.485970628558514,-5.96905796605656,"Q6ZN96","Q6ZN96"
"Q8N9N7;A0A3B3ISV5;H3BSW0",-0.596113717681529,27.0822859560271,-1.09111084422695,0.283596503607295,0.486009612500634,-5.96949620314534,"Q8N9N7;A0A3B3ISV5;H3BSW0","Q8N9N7"
"O95292;Q53XM7;Q6ZSP7;B3KVU7",-0.61398456969777,23.1793904265199,-1.08776703380812,0.285047395114648,0.488227800858093,-5.97304425048346,"O95292;Q53XM7;Q6ZSP7;B3KVU7","O95292"
"Q00534",-0.565540542742021,22.8914488689183,-1.08564157388554,0.285972372387904,0.489543265355584,-5.97529429335445,"Q00534","Q00534"
"Q9UL54;A0PJ48;Q86V37;Q6PIN8",-0.601821753190986,22.877361777783,-1.08183705092375,0.287633366627578,0.491925253392812,-5.97931164407074,"Q9UL54;A0PJ48;Q86V37;Q6PIN8","Q9UL54"
"Q9HAB8;Q5VVM3",-0.595075035043767,25.9289331682482,-1.08173211594853,0.287679276110449,0.491925253392812,-5.97942226412638,"Q9HAB8;Q5VVM3","Q9HAB8"
"P06733;A0A024R4F1;A0A2R8Y6G6;E2DRY6;K7EM90;A0A2R8YEM5;A0A2R8Y879;A4UCS8;A4QMW8;L0R849;K7ERS8;A0A2R8Y6I8;A0A2R8Y798;A0A2R8YEG5;E5RI09;E5RG95;K7EPM1;K7EKN2;E5RGZ4;L0R6S1;B4DUJ6",0.561782112098925,32.6294882707737,1.07805931977318,0.289289406482465,0.494391151267457,-5.98328777978448,"P06733;A0A024R4F1;A0A2R8Y6G6;E2DRY6;K7EM90;A0A2R8YEM5;A0A2R8Y879;A4UCS8;A4QMW8;L0R849;K7ERS8;A0A2R8Y6I8;A0A2R8Y798;A0A2R8YEG5;E5RI09;E5RG95;K7EPM1;K7EKN2;E5RGZ4;L0R6S1;B4DUJ6","P06733"
"H7C3Q6;Q8WV92;B8ZZL5;F8WED5;A0A1W2PP14",0.593935786884519,23.6834179074123,1.07772028125894,0.289438359158184,0.494391151267457,-5.98364399430435,"H7C3Q6;Q8WV92;B8ZZL5;F8WED5;A0A1W2PP14","H7C3Q6"
"Q13158;Q6LCG1;Q6LCB0;B4DDS8",-0.576860311286786,23.284971427935,-1.07697308023025,0.289766824573485,0.494681294934154,-5.98442868267906,"Q13158;Q6LCG1;Q6LCB0;B4DDS8","Q13158"
"Q86YQ8;E7ENV7;Q8N7E6;Q9HCH3;A0A0J9YWA1;A0A0J9YWU8",-0.573372845024032,26.1921437946762,-1.07630037869833,0.290062765497936,0.494915626689312,-5.98513470246465,"Q86YQ8;E7ENV7;Q8N7E6;Q9HCH3;A0A0J9YWA1;A0A0J9YWU8","Q86YQ8"
"Q07020;Q0QEW2;H0YHA7;J3QQ67;G3V203;F8VUA6;F8VYV2;B4DDY5;A0A075B7A0",-0.576145427504724,28.3636853303862,-1.07589165879237,0.290242677409309,0.494951837528504,-5.98556346620598,"Q07020;Q0QEW2;H0YHA7;J3QQ67;G3V203;F8VUA6;F8VYV2;B4DDY5;A0A075B7A0","Q07020"
"P51858;A0A384NPW1;A0AA34QVG5;A8K8G0;B7Z958;B7Z525;Q7Z4V5;Q9Y3E1;H3BPQ6;Q8N4N4;M0R0J3;Q05CM9",-0.563060886711046,23.4181975328773,-1.07501859971075,0.290627247700963,0.495163573991866,-5.98647883496824,"P51858;A0A384NPW1;A0AA34QVG5;A8K8G0;B7Z958;B7Z525;Q7Z4V5;Q9Y3E1;H3BPQ6;Q8N4N4;M0R0J3;Q05CM9","P51858"
"Q14008;Q8NAH3;E9PQH5;Q8IYN5;H0YDX5",0.697478399560595,25.2422990106089,1.07488902258153,0.290684355235366,0.495163573991866,-5.98661463288663,"Q14008;Q8NAH3;E9PQH5;Q8IYN5;H0YDX5","Q14008"
"P51178;A8K8F9;A0A384MR47;Q59EE9;B3KXR5",-0.581307776053404,26.4836208494,-1.07390080449245,0.291120145434905,0.495635225770452,-5.9876497945527,"P51178;A8K8F9;A0A384MR47;Q59EE9;B3KXR5","P51178"
"Q9HB07;F8VR84;Q8WYI2;F8VQQ3;Q96CT6;H3BPH3",-0.62022571082931,23.6474734852854,-1.07338090667572,0.291349597885964,0.495755262305686,-5.98819403484811,"Q9HB07;F8VR84;Q8WYI2;F8VQQ3;Q96CT6;H3BPH3","Q9HB07"
"Q7Z4F1;Q6IAK3;Q66K21;Q5I0F9",0.661193212914565,23.2513174444041,1.07087726905285,0.292456342224065,0.497367138166226,-5.99081147477832,"Q7Z4F1;Q6IAK3;Q66K21;Q5I0F9","Q7Z4F1"
"P61247;Q6NXR8;D6RG13;A8K4W0;D6RAT0;B7Z3M5;D6RB09;E9PFI5;H0Y9Y4;H0Y8L7;D6R9B6;D6RAS7;D6RED7;D6RI02;D6RGE0;A4D1I1",-0.584002928098489,29.0003319679046,-1.07015223512225,0.292777398979366,0.497641802406889,-5.99156840642423,"P61247;Q6NXR8;D6RG13;A8K4W0;D6RAT0;B7Z3M5;D6RB09;E9PFI5;H0Y9Y4;H0Y8L7;D6R9B6;D6RAS7;D6RED7;D6RI02;D6RGE0;A4D1I1","P61247"
"Q9NTJ3;E9PD53;B3KXX5;Q6NSG3;Q58F29;B3KVJ5;Q6P169;C9JR83;C9JVD8;C9J578;C9J9E4",0.635122773865199,23.4383104740842,1.06855724844328,0.293484558104025,0.498572078827044,-5.99323189033629,"Q9NTJ3;E9PD53;B3KXX5;Q6NSG3;Q58F29;B3KVJ5;Q6P169;C9JR83;C9JVD8;C9J578;C9J9E4","Q9NTJ3"
"O75821;Q6IAM0;K7EL20;K7ENA8;A8K5K5;K7ER90;K7EP16;B7Z1G0",-0.867763864751549,25.3113210085211,-1.06558852621478,0.294803979874126,0.500321458505426,-5.99632197448984,"O75821;Q6IAM0;K7EL20;K7ENA8;A8K5K5;K7ER90;K7EP16;B7Z1G0","O75821"
"O43488;H3BLU7;V9HWA2;Q8NHP1;B4DZX4;H7C5H7",0.562492384284162,26.9110709839368,1.06551850025098,0.294835152527404,0.500321458505426,-5.99639476680622,"O43488;H3BLU7;V9HWA2;Q8NHP1;B4DZX4;H7C5H7","O43488"
"P09429;Q5T7C4;B7Z965;Q59GW1;B3KQ05;A0A286R9D9;B2RPK0;Q9NYD7;Q75MM1",-1.02250634560442,25.8167252560231,-1.06504498486971,0.295046002713624,0.500407005146163,-5.99688687172466,"P09429;Q5T7C4;B7Z965;Q59GW1;B3KQ05;A0A286R9D9;B2RPK0;Q9NYD7;Q75MM1","P09429"
"Q5SRE7",-0.619037094997466,22.9997259807214,-1.06399504355716,0.295513905624678,0.500928191110528,-5.99797730792948,"Q5SRE7","Q5SRE7"
"Q5VT25;B9EGA7;A0A0A0MRJ0;A0A0A0MRJ1;Q8IWQ7;H0Y5V1;Q5HYB0;H0Y7V8;A0A8I5QJM2;H0Y6R0;Q9NYF6;Q9H5K7",-0.570635045517744,26.6448007573586,-1.06243566974312,0.296209796745435,0.501835065751772,-5.99959498192577,"Q5VT25;B9EGA7;A0A0A0MRJ0;A0A0A0MRJ1;Q8IWQ7;H0Y5V1;Q5HYB0;H0Y7V8;A0A8I5QJM2;H0Y6R0;Q9NYF6;Q9H5K7","Q5VT25"
"Q8TDY4;A0AAA9YHL1;V9GY49;Q6PJ46;A0AAA9YHX1;E9PS98",-0.621520218660088,23.4612506953419,-1.0604911150529,0.297079190075831,0.50303474150191,-6.00160915057366,"Q8TDY4;A0AAA9YHL1;V9GY49;Q6PJ46;A0AAA9YHX1;E9PS98","Q8TDY4"
"P23396;Q53G83;E9PL09;E9PPU1;H0YEU2;H0YCJ7;Q9NQS8;F2Z2S8;H0YF32;A7E2S3;E9PK82;E9PJH4;E9PQ96;E9PSF4;E9PQX2;E9PJN9;H0YES8",-0.563453087686849,28.4004513297681,-1.05992693647506,0.297331763924341,0.503189241280532,-6.00219288499844,"P23396;Q53G83;E9PL09;E9PPU1;H0YEU2;H0YCJ7;Q9NQS8;F2Z2S8;H0YF32;A7E2S3;E9PK82;E9PJH4;E9PQ96;E9PSF4;E9PQX2;E9PJN9;H0YES8","P23396"
"P55010;Q6IBU0;H0YLZ1;Q32Q19;Q05DF3;H0YN40;H0YMJ8;H0YM54;H0YK11;H0YK29;B4DEN3",0.60091654309657,25.8645972367915,1.05804347815021,0.298176048482466,0.504344411722783,-6.00413953889327,"P55010;Q6IBU0;H0YLZ1;Q32Q19;Q05DF3;H0YN40;H0YMJ8;H0YM54;H0YK11;H0YK29;B4DEN3","P55010"
"P05546;A0A7H0TJC6;Q8IVC0",-0.652814421025329,23.0798473683654,-1.05751149950651,0.298414818656805,0.50447469885668,-6.00468878436487,"P05546;A0A7H0TJC6;Q8IVC0","P05546"
"Q96BC0;O76046;A0A1U9X8I7;A0A1U9X8J2;A0A1U9X8J6;A0A1U9X8I9;A0A1U9X8J0;Q15477;A0A8V8TL97;A0A1U9X8J1;Q9NPK3;A0A8V8TN04;A0A8V8TLA2;H7C4L3;B4DM01;B4E0N1;B4DSY1;A0A8V8TLC0;H7C5N0;A0A8V8TLR3;A0A097PAY3;B4E0B4;B4DF09;Q9BQJ5",-0.542137831350153,23.5508445235112,-1.05673779365012,0.298762323194274,0.504728162216026,-6.00548714482178,"Q96BC0;O76046;A0A1U9X8I7;A0A1U9X8J2;A0A1U9X8J6;A0A1U9X8I9;A0A1U9X8J0;Q15477;A0A8V8TL97;A0A1U9X8J1;Q9NPK3;A0A8V8TN04;A0A8V8TLA2;H7C4L3;B4DM01;B4E0N1;B4DSY1;A0A8V8TLC0;H7C5N0;A0A8V8TLR3;A0A097PAY3;B4E0B4;B4DF09;Q9BQJ5","Q96BC0"
"Q5TC63;B4DV24;A0A087X0Y1",-0.6017330491112,23.4284330556151,-1.05645724697106,0.298888398721706,0.504728162216026,-6.00577649713942,"Q5TC63;B4DV24;A0A087X0Y1","Q5TC63"
"P62070;E9PK85;E9PQ87",0.570746392412545,29.3077425033045,1.05532249066096,0.299398729453711,0.505316362102881,-6.00694614198647,"P62070;E9PK85;E9PQ87","P62070"
"Q9Y296;E9PKS9;E9PQE8;J3KP27;B4DF86;E9PN70;G3V1A0;G5EA23;B4DF36",-0.548052492292683,23.2598267525667,-1.04799228438405,0.302710008842404,0.510628727733617,-6.0144735536721,"Q9Y296;E9PKS9;E9PQE8;J3KP27;B4DF86;E9PN70;G3V1A0;G5EA23;B4DF36","Q9Y296"
"O75787;B7Z413;A0A1B0GVW0;A0A1B0GUT7;B7Z4S4;A0A1B0GVC7;A0A1B0GTU8;A0A1B0GTB0;A0A1C7CYW4;A0A1B0GVB9;A0A1B0GVZ1;H7C240;B7Z1I9;H7C3E1;A0A1B0GWJ8;A0A1B0GV60;A0A1B0GVI9;A0A1B0GW13;A0A1B0GWD6;A0A1B0GU12",-0.546565197393619,22.8436569137091,-1.04732204417394,0.303014046746391,0.510809937838199,-6.01515938998047,"O75787;B7Z413;A0A1B0GVW0;A0A1B0GUT7;B7Z4S4;A0A1B0GVC7;A0A1B0GTU8;A0A1B0GTB0;A0A1C7CYW4;A0A1B0GVB9;A0A1B0GVZ1;H7C240;B7Z1I9;H7C3E1;A0A1B0GWJ8;A0A1B0GV60;A0A1B0GVI9;A0A1B0GW13;A0A1B0GWD6;A0A1B0GU12","O75787"
"Q9BZZ5;B4DDR3;E9PQK6",-0.756805180556306,23.8501756778443,-1.04675951004131,0.303269390744811,0.510809937838199,-6.01573469880113,"Q9BZZ5;B4DDR3;E9PQK6","Q9BZZ5"
"Q9Y5E9;B4DW32",-0.602498593308319,23.566358557559,-1.04645917239642,0.303405780611987,0.510809937838199,-6.01604173908223,"Q9Y5E9;B4DW32","Q9Y5E9"
"Q9NZL4;K7EN20;K7EL16;K7ERT9;K7EKM6;K7EMM7",0.564807636231823,24.9351542487147,1.04631222545189,0.303472527994287,0.510809937838199,-6.01619193556719,"Q9NZL4;K7EN20;K7EL16;K7ERT9;K7EKM6;K7EMM7","Q9NZL4"
"Q9BSQ5;A0A0A0MT72;C9JUH3;A0A3B3IRS0;E9PEC4;B7Z8D5;B7Z5A6;Q6P456;B7Z8J6",-0.581549638860764,26.1892169123922,-1.04430403965295,0.304385727343138,0.512070703119335,-6.01824256228465,"Q9BSQ5;A0A0A0MT72;C9JUH3;A0A3B3IRS0;E9PEC4;B7Z8D5;B7Z5A6;Q6P456;B7Z8J6","Q9BSQ5"
"Q9GJ24",-0.580023584937997,23.0539995501498,-1.04210993149373,0.30538565818209,0.513329321109946,-6.02047884779353,"Q9GJ24","Q9GJ24"
"O95456;B2RD51;F8WBH7",0.66918188573208,23.2214249081023,1.04194034544912,0.305463039429324,0.513329321109946,-6.0206515114545,"O95456;B2RD51;F8WBH7","O95456"
"P04406;V9HVZ4;Q2TSD0;E7EUT5;Q0QET7;B4DRV9;A4UCT1;Q5ZEY3;Q16768;O14556;A0A0K0K1K1",-0.541655108578794,33.6030978160534,-1.04142255793415,0.305699387621883,0.513358681859647,-6.02117853375403,"P04406;V9HVZ4;Q2TSD0;E7EUT5;Q0QET7;B4DRV9;A4UCT1;Q5ZEY3;Q16768;O14556;A0A0K0K1K1","P04406"
"Q96T51;A8K7B1;J3KPP6;H0YA47;H0YAC8;H0Y9Y8;B3KSL1",0.544937259437067,25.4725502752709,1.04118099921779,0.305809692496064,0.513358681859647,-6.02142431723281,"Q96T51;A8K7B1;J3KPP6;H0YA47;H0YAC8;H0Y9Y8;B3KSL1","Q96T51"
"Q8TB96;H3BUJ1;B4DHQ9;B4DSA2;F5GXC5;B4DXC2",0.583080798415793,23.324138147863,1.04078313899813,0.305991430892835,0.513387451831496,-6.0218290201047,"Q8TB96;H3BUJ1;B4DHQ9;B4DSA2;F5GXC5;B4DXC2","Q8TB96"
"Q6NVY1;A0A140VJL0;F8W8A6;H7C1A5;B9A058;B8ZZZ0",-0.57283634188337,23.318906473612,-1.03801177259236,0.307259445239532,0.515200776323905,-6.02464405274575,"Q6NVY1;A0A140VJL0;F8W8A6;H7C1A5;B9A058;B8ZZZ0","Q6NVY1"
"P51571;A6NLM8",0.64785073971521,24.6323610734617,1.03769943884256,0.307402579268608,0.515200776323905,-6.02496086922985,"P51571;A6NLM8","P51571"
"Q9UBQ7;A0A384N605;Q5M7Z5;U3KQ56",-0.568412947127459,27.4329309341872,-1.03663047552943,0.30789280628519,0.515745253922399,-6.02604450233945,"Q9UBQ7;A0A384N605;Q5M7Z5;U3KQ56","Q9UBQ7"
"Q6PCB6;B4DQ28",-0.565226445047379,23.3702038292485,-1.03567559389864,0.308331173944365,0.51620232503085,-6.02701160802712,"Q6PCB6;B4DQ28","Q6PCB6"
"P18031;A8K3M3;B4DSN5",0.67964210188552,23.751160207176,1.03487178929809,0.308700520534644,0.516543413920362,-6.02782505869902,"P18031;A8K3M3;B4DSN5","P18031"
"A0A0A0MR36;A0A8V8TKV2;B4DXH5;K7EPI3",-0.646593398936883,23.0749808106171,-1.03342246481589,0.3093672572504,0.516654277531666,-6.02929028797502,"A0A0A0MR36;A0A8V8TKV2;B4DXH5;K7EPI3","A0A0A0MR36"
"B4DLC0",-0.602699835845858,23.0826731794831,-1.03321647786642,0.309462098927286,0.516654277531666,-6.02949838003075,"B4DLC0","B4DLC0"
"Q14344;B4DWV9",0.563752006686947,29.7818321000287,1.03318373220805,0.309477177724352,0.516654277531666,-6.02953145677416,"Q14344;B4DWV9","Q14344"
"P61604;A0A384N6A4;Q9UNM1;B8ZZL8;B8ZZ54",0.710999979721279,25.7540287717632,1.03286409208148,0.309624393093413,0.516654277531666,-6.02985427738408,"P61604;A0A384N6A4;Q9UNM1;B8ZZL8;B8ZZ54","P61604"
"Q7L273;A0AA34QVI4;B4DPW0;K7ENB5;K7EQN1",-0.626352109804213,23.9418422847115,-1.03261757905148,0.309737961741323,0.516654277531666,-6.0301031796566,"Q7L273;A0AA34QVI4;B4DPW0;K7ENB5;K7EQN1","Q7L273"
"F6IQL9;V5NQE0",-1.2245903035225,26.340874545151,-1.03256831722584,0.309760660142423,0.516654277531666,-6.03015291229421,"F6IQL9;V5NQE0","F6IQL9"
"O00159;F5H6E2;B7Z3E5;A1L180;I3L501",-0.558626035306798,30.0197375640099,-1.03168228940446,0.310169112458986,0.51705903888807,-6.03104703043078,"O00159;F5H6E2;B7Z3E5;A1L180;I3L501","O00159"
"Q9H7D7;A0A7I2YQL3;A0A7P0SXD0;A0A499FIZ0;B4DRF0;A0A7I2YQQ9;H0Y9R3;A0A994J7J9;C9JCS7;H0Y917",-0.57013677928278,23.4057373543825,-1.02989446615657,0.310994420897262,0.518157905330428,-6.03284899878901,"Q9H7D7;A0A7I2YQL3;A0A7P0SXD0;A0A499FIZ0;B4DRF0;A0A7I2YQQ9;H0Y9R3;A0A994J7J9;C9JCS7;H0Y917","Q9H7D7"
"Q96M27",-0.56887876483291,23.1670029348471,-1.02928297138313,0.311277052134759,0.518351909027396,-6.03346466259116,"Q96M27","Q96M27"
"P05141;Q6NVC0;P12236;Q6I9V5;Q59EI9;P12235;A0A0S2Z359;V9GYG0;A8K787;A0A0S2Z3H3;Q9H0C2;Q59EP7",-0.590706175728354,23.5174493497026,-1.02885517505633,0.311474884038461,0.518404569538932,-6.03389517274385,"P05141;Q6NVC0;P12236;Q6I9V5;Q59EI9;P12235;A0A0S2Z359;V9GYG0;A8K787;A0A0S2Z3H3;Q9H0C2;Q59EP7","P05141"
"P53004;A0A140VJF4;C9J1E1",-0.569825914618487,27.6192457093927,-1.02706319969203,0.31230451736818,0.519508154491389,-6.03569670126718,"P53004;A0A140VJF4;C9J1E1","P53004"
"Q00535;A0A090N7W4;Q6IAW3;A0A0S2Z355",0.558432978278688,23.922575410474,1.02633667728227,0.3126413111225,0.519791177713795,-6.03642626193299,"Q00535;A0A090N7W4;Q6IAW3;A0A0S2Z355","Q00535"
"Q7Z739;Q658Z6;Q8NA80;A0A024R7W5;A0A087X0Q1;B4DPX9;A0A087WY31;Q9BYJ9;B4DT65;B3KTL8",-0.659783166191207,23.9979721738242,-1.02532427125982,0.313111050119289,0.520146745730581,-6.0374420982676,"Q7Z739;Q658Z6;Q8NA80;A0A024R7W5;A0A087X0Q1;B4DPX9;A0A087WY31;Q9BYJ9;B4DT65;B3KTL8","Q7Z739"
"P41567;Q6IAV3;K7EM18;K7EQP2",-0.678253924365684,25.3032299013807,-1.02515699430538,0.313188710638676,0.520146745730581,-6.03760985192899,"P41567;Q6IAV3;K7EM18;K7EQP2","P41567"
"P62942;A0A087WZM5;F6T7Q3;A0A7I2V3S6;Q0VDC6;Q1JUQ3;Q5W0X3;Q1JUQ5;A0A087WTS4;A0A087WV48",0.546015039972044,29.6056861649945,1.02181191067263,0.314744501671841,0.522452421881038,-6.04095910384935,"P62942;A0A087WZM5;F6T7Q3;A0A7I2V3S6;Q0VDC6;Q1JUQ3;Q5W0X3;Q1JUQ5;A0A087WTS4;A0A087WV48","P62942"
"Q96NY8;K4PZ75;B4DWD4",-0.621088128981977,23.9184270536312,-1.02093861957436,0.315151543021954,0.52284982057738,-6.04183180063753,"Q96NY8;K4PZ75;B4DWD4","Q96NY8"
"Q9NQE9",-0.548842534480162,26.2171700665564,-1.02046600767151,0.315371978840679,0.522937374802805,-6.04230380030059,"Q9NQE9","Q9NQE9"
"P62888;E5RI99;A0A0B4J213;E5RJH3;A0A0C4DH44",-0.562811989018574,28.0489996554222,-1.01899232124414,0.316060018110924,0.523291823201886,-6.04377426701228,"P62888;E5RI99;A0A0B4J213;E5RJH3;A0A0C4DH44","P62888"
"Q86YM7;Q5U5K4;Q53F18;Q9NSC5;Q9NSB8;M0R2T8;M0QZN1;Q86YM6;M0R2U7;A8K9Q7;Q5U0L9",-0.664878917468737,23.1227218763798,-1.01880742066236,0.316146417980196,0.523291823201886,-6.04395862346762,"Q86YM7;Q5U5K4;Q53F18;Q9NSC5;Q9NSB8;M0R2T8;M0QZN1;Q86YM6;M0R2U7;A8K9Q7;Q5U0L9","Q86YM7"
"H9NIM5;O76081;B3KSW4",-0.591110797302445,25.418133431075,-1.01867192750394,0.316209741197531,0.523291823201886,-6.04409369805404,"H9NIM5;O76081;B3KSW4","H9NIM5"
"Q92783;B2RAY1;B4DZT2;A6NMU3;C9J1E5",0.549994886829783,26.8781236432287,1.01857116005498,0.316256840889886,0.523291823201886,-6.04419414332539,"Q92783;B2RAY1;B4DZT2;A6NMU3;C9J1E5","Q92783"
"P42330;A0A0A0MSS8;S4R3Z2;Q2XPP3;A6NHU4;B4DKT3;S4R3D5;P17516;B4E0M1;S4R3P0;A0A3B3IRI8",-0.55665123835271,26.6659007246146,-1.01515614890732,0.317855905732557,0.525587088590451,-6.04759274660153,"P42330;A0A0A0MSS8;S4R3Z2;Q2XPP3;A6NHU4;B4DKT3;S4R3D5;P17516;B4E0M1;S4R3P0;A0A3B3IRI8","P42330"
"P26196;B2R858;Q8IV96",-0.558644769632988,26.2940572627872,-1.0148894260639,0.317981031154274,0.525587088590451,-6.04785773886197,"P26196;B2R858;Q8IV96","P26196"
"P07738;A0A024R782;C9JH23;B3KUR3",-0.577508242161073,23.6541940762956,-1.01131424045235,0.319661495113657,0.528084853421343,-6.0514034431465,"P07738;A0A024R782;C9JH23;B3KUR3","P07738"
"Q9Y230;B3KNL2;M0R0Y3;B4DW30;X6R2L4;M0QXI6;M0R0Z0;M0QXZ7",-0.524013196917391,26.7892261715481,-1.01027588194528,0.320150700179748,0.52861304068853,-6.05243104675467,"Q9Y230;B3KNL2;M0R0Y3;B4DW30;X6R2L4;M0QXI6;M0R0Z0;M0QXZ7","Q9Y230"
"D6R9P3;D6RD18;B4DMY3;D6RBZ0;Q53F64;Q99729",-0.525662641830515,27.3896936274875,-1.00911459761949,0.320698427515398,0.529237246254247,-6.05357913343385,"D6R9P3;D6RD18;B4DMY3;D6RBZ0;Q53F64;Q99729","D6R9P3"
"P58546;Q69YG1;C9JL85",-0.55105443228247,27.8573151890433,-1.00847047964309,0.321002506708167,0.529452771865827,-6.05421539867638,"P58546;Q69YG1;C9JL85","P58546"
"Q9UNM6;B4DJ66;B2RBM7;Q9Y6E3;J3KNQ3;Q53GN6;E9PL38;Q9UNM7;H0YD73;E9PQG3;E9PPD2",-0.531822496982215,26.9756787140218,-1.00781110670649,0.321313992109316,0.529452771865827,-6.05486633924778,"Q9UNM6;B4DJ66;B2RBM7;Q9Y6E3;J3KNQ3;Q53GN6;E9PL38;Q9UNM7;H0YD73;E9PQG3;E9PPD2","Q9UNM6"
"Q08623",-0.604360346885795,23.6585832964676,-1.0077597096588,0.321338280584165,0.529452771865827,-6.05491706227315,"Q08623","Q08623"
"Q9H8Y8;B4DEI4;B4DNR1;B4DQF1;H7C0J2;A0A8Q3WKH3;C9J9V9;A0A8Q3WKF9;A0A8Q3SI07;A0A8Q3SIN9;A0A8Q3SHU6;A0A8Q3WLK9;C9J0V5;Q9BQQ3;A0A8Q3WL08;G3V0G1;A0A8Q3SHW7;A0A8Q3SI18;B4DTM0;A0A8Q3SHU9",-0.676072494677122,25.6648160145515,-1.00553777157639,0.322389494298153,0.530904346734921,-6.05710754765646,"Q9H8Y8;B4DEI4;B4DNR1;B4DQF1;H7C0J2;A0A8Q3WKH3;C9J9V9;A0A8Q3WKF9;A0A8Q3SI07;A0A8Q3SIN9;A0A8Q3SHU6;A0A8Q3WLK9;C9J0V5;Q9BQQ3;A0A8Q3WL08;G3V0G1;A0A8Q3SHW7;A0A8Q3SI18;B4DTM0;A0A8Q3SHU9","Q9H8Y8"
"Q9UGM3;A0A590UJZ9;A0A590UJ76;A0A590UK99;A0A590UIX5;A0A590UJF8;B4E262",-0.580669641269374,22.9853791670442,-1.00515976981031,0.322568563390247,0.530918917791124,-6.05747974828344,"Q9UGM3;A0A590UJZ9;A0A590UJ76;A0A590UK99;A0A590UIX5;A0A590UJF8;B4E262","Q9UGM3"
"F6IR49",-0.609596270570812,23.0702953226993,-1.0037469297846,0.323238464130815,0.531548251808268,-6.05886974598679,"F6IR49","F6IR49"
"Q7Z2W4;A8K9U6;C9J6P4;A0A7P0T8C6;A0A514C937;Q05DV5;H7C5K1",-0.537071159183228,27.0822659444111,-1.00363459013143,0.323291770977968,0.531548251808268,-6.05898019083008,"Q7Z2W4;A8K9U6;C9J6P4;A0A7P0T8C6;A0A514C937;Q05DV5;H7C5K1","Q7Z2W4"
"P07358;A0A8Q3WM97;Q05CV3;B7Z550;B7ZA94;B7Z555;A0A8Q3SI88;A8K9M5;A0A8Q3WL56",-0.590524629169728,23.0862994546601,-1.00285192978368,0.323663321802014,0.531878767492351,-6.05974932906282,"P07358;A0A8Q3WM97;Q05CV3;B7Z550;B7ZA94;B7Z555;A0A8Q3SI88;A8K9M5;A0A8Q3WL56","P07358"
"P23284;A0A7P0Z497;V9HWC6;A0A7P0TB45;A0A7P0T7U3",0.532993465620137,27.6576576915359,1.0002963931982,0.324878537928738,0.532725011463949,-6.0622568013796,"P23284;A0A7P0Z497;V9HWC6;A0A7P0TB45;A0A7P0T7U3","P23284"
"P30679;A8K5L4;A0A384ME65;B4DU35",-0.55263944734682,28.4110760552308,-1.00025236653126,0.324899500869119,0.532725011463949,-6.06229994750319,"P30679;A8K5L4;A0A384ME65;B4DU35","P30679"
"P49588;A0A6Q8PGN5;H3BPK7;A0A6Q8PFY2;A0A6Q8PF33;A0A6Q8PGE8;A0A6Q8PGR9;A0A6Q8PGB5;A0A6Q8PFK3;A0A6Q8PHJ2;A0A6Q8PH44;A0A6Q8PHP7;A0A6Q8PHP3;A0A6Q8PF77;A0A6Q8PG28;A0A6Q8PG62;A0A6Q8PGI8;A0A6Q8PHN5",-0.548547266250999,26.4344004560128,-0.999883158664797,0.325075332532238,0.532725011463949,-6.06266170113654,"P49588;A0A6Q8PGN5;H3BPK7;A0A6Q8PFY2;A0A6Q8PF33;A0A6Q8PGE8;A0A6Q8PGR9;A0A6Q8PGB5;A0A6Q8PFK3;A0A6Q8PHJ2;A0A6Q8PH44;A0A6Q8PHP7;A0A6Q8PHP3;A0A6Q8PF77;A0A6Q8PG28;A0A6Q8PG62;A0A6Q8PGI8;A0A6Q8PHN5","P49588"
"Q93045;B7Z4N6;E5RGX5",-0.587762565653374,22.9145086600049,-0.999802347586911,0.32511382668398,0.532725011463949,-6.06274086397106,"Q93045;B7Z4N6;E5RGX5","Q93045"
"Q7RTN6;A0A1W2PQF1;A0A1W2PPJ9;A0A1W2PPM8;A0A1W2PPG2;A0A1W2PNV7;A0A1W2PP78;A0A1W2PR00;A0A1W2PS04;A0A1W2PQE8;J3QS66;J3QRC1;A0A1W2PRQ6;J3QKU4;J3QQS3;Q86YC8;A0A1W2PR65;A0A1W2PRW9;A0A1W2PR44;J3KSA2;J3KSK5;A0A1W2PPI1;A0A1W2PNV1;A0A1W2PQ20;J3QKR7;A0A1W2PQ00",-0.516254288671878,23.1848371560722,-0.999746909835599,0.325140236114785,0.532725011463949,-6.06279516753451,"Q7RTN6;A0A1W2PQF1;A0A1W2PPJ9;A0A1W2PPM8;A0A1W2PPG2;A0A1W2PNV7;A0A1W2PP78;A0A1W2PR00;A0A1W2PS04;A0A1W2PQE8;J3QS66;J3QRC1;A0A1W2PRQ6;J3QKU4;J3QQS3;Q86YC8;A0A1W2PR65;A0A1W2PRW9;A0A1W2PR44;J3KSA2;J3KSK5;A0A1W2PPI1;A0A1W2PNV1;A0A1W2PQ20;J3QKR7;A0A1W2PQ00","Q7RTN6"
"P18621;A0A087WXM6;J3QQT2;J3KRX5;A0A0A6YYL6;J3QLC8;A0A0A0MRF8;J3KRB3;A0A087WWH0;J3QS96;A0A087WY81;J3KSJ0;A4D1R6;A4D1R5",-0.531570027257157,26.9924082976348,-0.999358662530894,0.325325230351788,0.532725011463949,-6.06317539274667,"P18621;A0A087WXM6;J3QQT2;J3KRX5;A0A0A6YYL6;J3QLC8;A0A0A0MRF8;J3KRB3;A0A087WWH0;J3QS96;A0A087WY81;J3KSJ0;A4D1R6;A4D1R5","P18621"
"P26232;C9IZ88;C9J144",-0.584370646130097,23.0944762404265,-0.99925657638531,0.32537388484733,0.532725011463949,-6.06327534658839,"P26232;C9IZ88;C9J144","P26232"
"P00734;E9PIT3;B4DDT3;C9JV37",-0.56462123847848,22.9568932452411,-0.997522075756931,0.326201310557073,0.533799521315587,-6.06497215638593,"P00734;E9PIT3;B4DDT3;C9JV37","P00734"
"P46781;A5D904;B5MCT8;C9JM19;B7Z732;F2Z3C0;A8MXK4",-0.542668383901766,28.5769433107273,-0.993377446896942,0.328184266920741,0.536762836143572,-6.06901553631322,"P46781;A5D904;B5MCT8;C9JM19;B7Z732;F2Z3C0;A8MXK4","P46781"
"Q15208;B2R6F9;Q9UPD3",0.541938767200485,26.2357188819384,0.992089430635407,0.328802172313647,0.537491601386932,-6.07026887400153,"Q15208;B2R6F9;Q9UPD3","Q15208"
"Q9UI26;B3KN03;F8WDV0;H0Y8M5;D6RCQ2;D6RCN7;D6RJB1",0.561691605969173,23.3847525100655,0.989904252185453,0.329852285199024,0.538717812417371,-6.07239173127634,"Q9UI26;B3KN03;F8WDV0;H0Y8M5;D6RCQ2;D6RCN7;D6RJB1","Q9UI26"
"Q6NVH9",-0.556355735828152,23.0413651462873,-0.989809791689546,0.329897730592234,0.538717812417371,-6.07248339879449,"Q6NVH9","Q6NVH9"
"P00403;A0A342Y6A5;E2JFC4;A0A343FXU3;A0A343FHH8;A0A343EQH2;A0A343ECF4;A0A343E999;A0A343E4Y3;A0A343E1A9;A0A342YTK5;Q14XT3;A0A342LG30;A0A059QPT6;A0A343GB60;A0A342DHX4;A0A1V0MCS7;A0A1S6M799;A0A1L7NY43;A0A1L1ZCG1;A0A1J0QNY7;A0A1J0QL53;A0A1J0PNZ2;A0A1I9S095;H9E792;E5DZN4;V9J3C6;V9JPM6;H9RD12;H9RAX1;H9RA87;Q7YCE6;H9QLC8;H9Q9T5;H9S868;V9J128;V9J3S1;E5E079;H9QH59;X2CK15;X5C6M5;X5BKA4;X2C841;A0A1B0WUR8;W8DFH5;A0A342YDT1;W8D4U9;W8D1X2;V9K571;A0A1B1PEN9;A0A1B1LLS4;W8DBX9;A0A343GQG5;A0A343GID2;A0A1B0W3A7;A0A1B0W1P0;A0A143FZ56;A0A1B0W0T5;A0A059RNV8;A0A059RLH3;A0A059RKX5;A0A059RKP1;A0A059RJF0;A0A059RIZ2;A0A059RIQ8;A0A059RIK5;A0A059RI53;A0A059RHY7;A0A059RFY4;A0A059R1T0;A0A059QVH0;A0A059QTV7;D1G421;A0A059QS59;A0A343GK95;A0A343GQY4;A0A7D5U3G9;E2JJS5;A0A343GGA4;A0A343VB45;A0A343V3Y6;A0A343UE68;A0A343SU82;A0A343SQK0;A0A343SEV6;A0A343RU73;A0A343R0N9;A0A343R0H2;A0A343R0G0;A0A343LIL8;A0A343L1C9;A0A343KKD7;A0A343JRN0;A0A343H8S5;A0A343H8N6;A0A343H538;A0A343GUB7;A0A343GT12;A0A343GSL9;H9RF01;H9RJL3;H9RJM6;Q5SAP1;U5Z487;Q6R0V6;U3LSI8;H9E7D1;T1SWS8;T1Q632;S4UQ76;S4STI1;R9Y478;R9Y412;Q9B2U8;Q9B1F9;Q9B138;Q8WCW3;Q8HQB7;Q8HNR1;Q85KS0;Q7Y6N0;Q7Y6M3;Q7Y626;Q6VJJ3;Q5SB08;L7YNE0;Q6VIG7;N0BMC4;Q6RKW8;A0A023QCZ2;Q5SA98;Q5S971;Q4GVP5;Q4GQP0;Q4GHE1;Q4GCZ4;Q4GCG2;Q4GCC3;Q4F4V6;Q4EZD4;Q4EYL1;Q305H0;Q19MP7;Q15HH9;Q0Z7S0;Q0Z7J0;Q0Z7F1;Q09U41;Q06TE6;Q6VJD8;Q6RQ80;H9RKS9;E5EWR3;E5EWG2;E5E1A6;F2WI31;K9M370;H9MK30;H9PMX8;J7FG21;I6UIH6;I6PZI4;I6PRP7;I6N6Q6;I3Q4M2;G9LB98;I3PYD8;H9T3W9;I2E7Z7;H9T056;H9SYF8;H9PDV6;H9SA70;H9RV93;E5EWL4;E5FWC0;Q6RNN7;E7CNQ9;L7XQ86;L7XMG0;K7X9X2;U5Z9R9;H9LMC2;U3L556;G9LKX8;G9LHJ5;G9LG51;G9LAZ4;G9C8L9;G8JF18;G5D8Q5;G4W3U1;H9M675;F2WJ84;F1CIN6;F1AZF2;F1AZ87;E9LAG1;E7E4E0;A0A059QQA7;B2YKU2;A0A059QPR4;A0A649YE60;A0A4D6FNQ5;A0A345ALL9;A0A4D6FL11;A0A345WIR4;A0A346LZT8;A0A346LZU9;A0A4D6CUW3;A0A346M014;A0A346M081;A0A3Q8A5Z2;A0A3Q8R159;A0A3Q8UFB0;A0A3Q8UG27;A0A7G4BTR8;A0A3Q9CRS0;A0A3S8PQC9;A0A3S9JHN1;A0A410RF05;A0A649YEF8;C8YBL1;A0A7G4BHA1;A0A7G5XR94;C8XWJ6;C5H6M7;C5H6M5;C5H6M4;C5H6M3;C5H6L3;B5M7M0;B4F438;B3DE06;A0A059QPE9;B2XPS3;B2XL43;B2XIR3;C7BWV1;A0A7G5XR55;A7LDC6;A0A481MW37;A0A649YEQ1;A0A649YES9;A0A4D6FST5;A0A346M077;A0A1B1PEQ8;A0A346LZY3;A0A1B1PEM6;A0A8A9WMX6;H9E7P8;H9E779;H9E7B8;H9E7F7;A0A344AJB0;H9E7E4;A0A346M0E0;C8Y3Q5;H9E7T7;A0A343GQC6;A0A218N9E7;A0A346M047;H9E7W2;A0A343GFF5;A0A343GFQ9;A0A345AIS8;A0A6B7PYH4;A0A7D9MZ98;A0A6B9RAR2;A0A7D5PJ23;A0A343YTG0;A0A6H0MWV7;A0A6H0MV09;A0A6H0MSY6;A0A6B9R926;A0A6B7PVN7;A0A6B9RCS6;A0A6B9RFD0;A0A6B9RA68;A0A6B7Q1E7;A0A6B7Q1T4;A0A6B9Q7Z4;C8Y3G4;A0A1W6ER68;A0A7T0Q5U3;A0A068BTX8;A0A343GRT3;A0A343VHA3;A0A059RR09;A0A059RTZ6;A0A059RVU8;A0A059RX67;A0A059RZV1;A0A059S242;A0A059SAH5;A7LF11;A0A068BP29;A0A068BY99;B0Z6W4;A0A068IXK4;A0A097PWR7;A0A097PYA5;A0A097Q0T5;A0A097QC07;A0A0D4WR75;D4IH20;A0A0D4WSL8;A0A0E3D6T2;A0A0E3JG40;A0A0E3JSF1;A0A343YSM3;A7LFA2;A0A0R6NEC0;A6YXV0;A6YW54;A4ZKZ0;A1Z4V2;A1Z455;A0SA07;A0S3T1;A0S0W7;A0A8F5ZDB1;A0A059RNF8;A0A8A6VIW3;A0A7T4WPA6;B1W855;D5M8T1;B2CB37;B2WRY8;B2XHT9;D7NUN3;A6Z3M5;A6Z6E8;A6ZEU4;A6ZFK3;A0A343YS86;A0A068BST3;A0A0N6YNR7;A0A0P0C1B5;A6YWD1;D2IKF4;A0A143G082;A0A059RPV8;D3YPT7;A0A059QI72;D2K1G3;A0A343VD86;A0A023QZ25;A0A059RSL1;A0A059RQT0;A6ZF47;A0A7T4WPY7;A0A059QLX8;A0A141ZQJ3;A0A059QTW9;C9D661;A0A023QRX9;X2D4K6;X2D4E2;X2D4V3;X2D4U5;K7WVJ5;X2D4U2;X2D4T8;X2D3Z6;X2D4D6;X2D546;X2D3Z7;X2D537;X2D544;X2D3Z8;A0A3Q9X1R8;A0A3T1BA63;A0A3Q9WYE7;A0A3Q9X065;A0A059RUZ1;A0A1B0W1E4;A0A346LZQ7;X2D4F2;A0A344AK06;H9STE0;A0A7D5PKH7;A0A059RUP9;A0A8A0WQF7;X2D4V5;A0A346M0J4;A0A346LZT1;A0A059QNV4;E2DTL8;G3CA49;A0A6B9RAE1;A0A6B9RE21;A0A343GR10;X2D541;A0A143FYN0;A0A8A0WR66;A0A343GRX2;A0A344AJ70;A0A8A0WQ04;A0A410RF02;A0A344AK34;A0A3Q9X1I8;A0A059QM31;A0A3Q9WXG2;A0A059RTG7;A0A343GTX4;A0A342YA83;A0A0D3MLN1;A0A343GG65;A0A343UGE8;A0A059QFD5;A0A059RMS5;A0A343FU81;A0A059RQ10;A0A059RRG1;A0A059RS76;A0A097PWY7;A0A0D4WQL7;A0A343GJ29;A0A342Y3K6;A0A342Y5A4;A0A342Y881;A0A342YMQ1;G5D8K6;G5D8N2;G8JE99;C5H6K7;A0A343UCM2;A0A343GG78;A0A059RHR2;A0A649YFC1;A0A6B9R9R6;A0A343H6X5;A0A343H8W4;A0A343HXG4;A0A343JMJ6;A0A343UAQ9;A0A3S9JHM1;A0A343GAR7;A0A3S9JI82;A0A5P9RNX7;A0A6G9L5D8;A0A343GLQ2;A0A8A6VHT6;B3GUF3;C5H6M8;G4W3M6;G5D863;G5D8C8;G5D8J3;A0A343GF90;A0A343FX71;A0A649YFA6;A0A649YH59;A0A343H6K8;A0A059RQI1;Q7YEH2;Q8HNR6;V9JD22;A0A059QPE7;A0A059QPU3;A0A059QPY9;A0A059RI85;A0A059RMK0;A0A059RP05;A0A059RQQ2;Q0Z7D8;A0A059RRR2;A0A059S2S6;A0A059S8A4;A0A097PX98;A0A0B5E697;A0A141ZQA2;A0A1L1ZJP0;A0A1S6N0P5;A0A1V0MD25;Q0Z7K3;A0A343E934;A0A6G7GCJ6;E7CM18;A0S2P1;A6ZHA9;B2XHF9;B2XP28;C5H6K5;C5H6K6;E0AF97;L7NVC9;E5E1V1;F2WGV2;A0A343KKL6;H9PWQ9;H9S054;H9S5Y2;J7HPF9;Q4F6A2;Q4GW12;Q5XRW8;A0A343SU56;A0A343LEZ9;E9P659",-0.539704043843106,23.5030522284022,-0.986662573477029,0.331414303140261,0.540761510834942,-6.07553287041675,"P00403;A0A342Y6A5;E2JFC4;A0A343FXU3;A0A343FHH8;A0A343EQH2;A0A343ECF4;A0A343E999;A0A343E4Y3;A0A343E1A9;A0A342YTK5;Q14XT3;A0A342LG30;A0A059QPT6;A0A343GB60;A0A342DHX4;A0A1V0MCS7;A0A1S6M799;A0A1L7NY43;A0A1L1ZCG1;A0A1J0QNY7;A0A1J0QL53;A0A1J0PNZ2;A0A1I9S095;H9E792;E5DZN4;V9J3C6;V9JPM6;H9RD12;H9RAX1;H9RA87;Q7YCE6;H9QLC8;H9Q9T5;H9S868;V9J128;V9J3S1;E5E079;H9QH59;X2CK15;X5C6M5;X5BKA4;X2C841;A0A1B0WUR8;W8DFH5;A0A342YDT1;W8D4U9;W8D1X2;V9K571;A0A1B1PEN9;A0A1B1LLS4;W8DBX9;A0A343GQG5;A0A343GID2;A0A1B0W3A7;A0A1B0W1P0;A0A143FZ56;A0A1B0W0T5;A0A059RNV8;A0A059RLH3;A0A059RKX5;A0A059RKP1;A0A059RJF0;A0A059RIZ2;A0A059RIQ8;A0A059RIK5;A0A059RI53;A0A059RHY7;A0A059RFY4;A0A059R1T0;A0A059QVH0;A0A059QTV7;D1G421;A0A059QS59;A0A343GK95;A0A343GQY4;A0A7D5U3G9;E2JJS5;A0A343GGA4;A0A343VB45;A0A343V3Y6;A0A343UE68;A0A343SU82;A0A343SQK0;A0A343SEV6;A0A343RU73;A0A343R0N9;A0A343R0H2;A0A343R0G0;A0A343LIL8;A0A343L1C9;A0A343KKD7;A0A343JRN0;A0A343H8S5;A0A343H8N6;A0A343H538;A0A343GUB7;A0A343GT12;A0A343GSL9;H9RF01;H9RJL3;H9RJM6;Q5SAP1;U5Z487;Q6R0V6;U3LSI8;H9E7D1;T1SWS8;T1Q632;S4UQ76;S4STI1;R9Y478;R9Y412;Q9B2U8;Q9B1F9;Q9B138;Q8WCW3;Q8HQB7;Q8HNR1;Q85KS0;Q7Y6N0;Q7Y6M3;Q7Y626;Q6VJJ3;Q5SB08;L7YNE0;Q6VIG7;N0BMC4;Q6RKW8;A0A023QCZ2;Q5SA98;Q5S971;Q4GVP5;Q4GQP0;Q4GHE1;Q4GCZ4;Q4GCG2;Q4GCC3;Q4F4V6;Q4EZD4;Q4EYL1;Q305H0;Q19MP7;Q15HH9;Q0Z7S0;Q0Z7J0;Q0Z7F1;Q09U41;Q06TE6;Q6VJD8;Q6RQ80;H9RKS9;E5EWR3;E5EWG2;E5E1A6;F2WI31;K9M370;H9MK30;H9PMX8;J7FG21;I6UIH6;I6PZI4;I6PRP7;I6N6Q6;I3Q4M2;G9LB98;I3PYD8;H9T3W9;I2E7Z7;H9T056;H9SYF8;H9PDV6;H9SA70;H9RV93;E5EWL4;E5FWC0;Q6RNN7;E7CNQ9;L7XQ86;L7XMG0;K7X9X2;U5Z9R9;H9LMC2;U3L556;G9LKX8;G9LHJ5;G9LG51;G9LAZ4;G9C8L9;G8JF18;G5D8Q5;G4W3U1;H9M675;F2WJ84;F1CIN6;F1AZF2;F1AZ87;E9LAG1;E7E4E0;A0A059QQA7;B2YKU2;A0A059QPR4;A0A649YE60;A0A4D6FNQ5;A0A345ALL9;A0A4D6FL11;A0A345WIR4;A0A346LZT8;A0A346LZU9;A0A4D6CUW3;A0A346M014;A0A346M081;A0A3Q8A5Z2;A0A3Q8R159;A0A3Q8UFB0;A0A3Q8UG27;A0A7G4BTR8;A0A3Q9CRS0;A0A3S8PQC9;A0A3S9JHN1;A0A410RF05;A0A649YEF8;C8YBL1;A0A7G4BHA1;A0A7G5XR94;C8XWJ6;C5H6M7;C5H6M5;C5H6M4;C5H6M3;C5H6L3;B5M7M0;B4F438;B3DE06;A0A059QPE9;B2XPS3;B2XL43;B2XIR3;C7BWV1;A0A7G5XR55;A7LDC6;A0A481MW37;A0A649YEQ1;A0A649YES9;A0A4D6FST5;A0A346M077;A0A1B1PEQ8;A0A346LZY3;A0A1B1PEM6;A0A8A9WMX6;H9E7P8;H9E779;H9E7B8;H9E7F7;A0A344AJB0;H9E7E4;A0A346M0E0;C8Y3Q5;H9E7T7;A0A343GQC6;A0A218N9E7;A0A346M047;H9E7W2;A0A343GFF5;A0A343GFQ9;A0A345AIS8;A0A6B7PYH4;A0A7D9MZ98;A0A6B9RAR2;A0A7D5PJ23;A0A343YTG0;A0A6H0MWV7;A0A6H0MV09;A0A6H0MSY6;A0A6B9R926;A0A6B7PVN7;A0A6B9RCS6;A0A6B9RFD0;A0A6B9RA68;A0A6B7Q1E7;A0A6B7Q1T4;A0A6B9Q7Z4;C8Y3G4;A0A1W6ER68;A0A7T0Q5U3;A0A068BTX8;A0A343GRT3;A0A343VHA3;A0A059RR09;A0A059RTZ6;A0A059RVU8;A0A059RX67;A0A059RZV1;A0A059S242;A0A059SAH5;A7LF11;A0A068BP29;A0A068BY99;B0Z6W4;A0A068IXK4;A0A097PWR7;A0A097PYA5;A0A097Q0T5;A0A097QC07;A0A0D4WR75;D4IH20;A0A0D4WSL8;A0A0E3D6T2;A0A0E3JG40;A0A0E3JSF1;A0A343YSM3;A7LFA2;A0A0R6NEC0;A6YXV0;A6YW54;A4ZKZ0;A1Z4V2;A1Z455;A0SA07;A0S3T1;A0S0W7;A0A8F5ZDB1;A0A059RNF8;A0A8A6VIW3;A0A7T4WPA6;B1W855;D5M8T1;B2CB37;B2WRY8;B2XHT9;D7NUN3;A6Z3M5;A6Z6E8;A6ZEU4;A6ZFK3;A0A343YS86;A0A068BST3;A0A0N6YNR7;A0A0P0C1B5;A6YWD1;D2IKF4;A0A143G082;A0A059RPV8;D3YPT7;A0A059QI72;D2K1G3;A0A343VD86;A0A023QZ25;A0A059RSL1;A0A059RQT0;A6ZF47;A0A7T4WPY7;A0A059QLX8;A0A141ZQJ3;A0A059QTW9;C9D661;A0A023QRX9;X2D4K6;X2D4E2;X2D4V3;X2D4U5;K7WVJ5;X2D4U2;X2D4T8;X2D3Z6;X2D4D6;X2D546;X2D3Z7;X2D537;X2D544;X2D3Z8;A0A3Q9X1R8;A0A3T1BA63;A0A3Q9WYE7;A0A3Q9X065;A0A059RUZ1;A0A1B0W1E4;A0A346LZQ7;X2D4F2;A0A344AK06;H9STE0;A0A7D5PKH7;A0A059RUP9;A0A8A0WQF7;X2D4V5;A0A346M0J4;A0A346LZT1;A0A059QNV4;E2DTL8;G3CA49;A0A6B9RAE1;A0A6B9RE21;A0A343GR10;X2D541;A0A143FYN0;A0A8A0WR66;A0A343GRX2;A0A344AJ70;A0A8A0WQ04;A0A410RF02;A0A344AK34;A0A3Q9X1I8;A0A059QM31;A0A3Q9WXG2;A0A059RTG7;A0A343GTX4;A0A342YA83;A0A0D3MLN1;A0A343GG65;A0A343UGE8;A0A059QFD5;A0A059RMS5;A0A343FU81;A0A059RQ10;A0A059RRG1;A0A059RS76;A0A097PWY7;A0A0D4WQL7;A0A343GJ29;A0A342Y3K6;A0A342Y5A4;A0A342Y881;A0A342YMQ1;G5D8K6;G5D8N2;G8JE99;C5H6K7;A0A343UCM2;A0A343GG78;A0A059RHR2;A0A649YFC1;A0A6B9R9R6;A0A343H6X5;A0A343H8W4;A0A343HXG4;A0A343JMJ6;A0A343UAQ9;A0A3S9JHM1;A0A343GAR7;A0A3S9JI82;A0A5P9RNX7;A0A6G9L5D8;A0A343GLQ2;A0A8A6VHT6;B3GUF3;C5H6M8;G4W3M6;G5D863;G5D8C8;G5D8J3;A0A343GF90;A0A343FX71;A0A649YFA6;A0A649YH59;A0A343H6K8;A0A059RQI1;Q7YEH2;Q8HNR6;V9JD22;A0A059QPE7;A0A059QPU3;A0A059QPY9;A0A059RI85;A0A059RMK0;A0A059RP05;A0A059RQQ2;Q0Z7D8;A0A059RRR2;A0A059S2S6;A0A059S8A4;A0A097PX98;A0A0B5E697;A0A141ZQA2;A0A1L1ZJP0;A0A1S6N0P5;A0A1V0MD25;Q0Z7K3;A0A343E934;A0A6G7GCJ6;E7CM18;A0S2P1;A6ZHA9;B2XHF9;B2XP28;C5H6K5;C5H6K6;E0AF97;L7NVC9;E5E1V1;F2WGV2;A0A343KKL6;H9PWQ9;H9S054;H9S5Y2;J7HPF9;Q4F6A2;Q4GW12;Q5XRW8;A0A343SU56;A0A343LEZ9;E9P659","P00403"
"B7Z653;Q4VXN5;Q4VXN6",-0.544703336895818,23.1168134972609,-0.986455735533528,0.331514138927152,0.540761510834942,-6.07573296533762,"B7Z653;Q4VXN5;Q4VXN6","B7Z653"
"O15067;A8K9T9;A8K8N7;Q6P4B4;B4DJ26;Q9BR56;J3QSG0;J3QSH6;J3KTQ5;J3KTL4;H0YGH1",0.525255308622707,25.4439639844171,0.986134211074314,0.331669371666318,0.540761510834942,-6.07604392979392,"O15067;A8K9T9;A8K8N7;Q6P4B4;B4DJ26;Q9BR56;J3QSG0;J3QSH6;J3KTQ5;J3KTL4;H0YGH1","O15067"
"P22794;J3QQH9;J3KRJ5;J3QS37;J3QR06",-0.558630400842617,23.1838451702989,-0.984952133110481,0.332240505137402,0.541409684181587,-6.07718636648876,"P22794;J3QQH9;J3KRJ5;J3QS37;J3QR06","P22794"
"A0A7I2YQL2;A0A7I2V3T6;D6RDG3;H0Y9Y1;A0A3G0TEJ7",-0.556280700461834,26.0118599600697,-0.982928926822647,0.333219584065865,0.542529815305683,-6.07913874014751,"A0A7I2YQL2;A0A7I2V3T6;D6RDG3;H0Y9Y1;A0A3G0TEJ7","A0A7I2YQL2"
"Q96HC4;H0Y8Y3;A0A0A0MSP3;Q4W5K9;A0A0D9SFR4;H0YBI4;H0Y929;D6RAA1;A0A0D9SFW3;D6RGG6;Q9P1D1",-0.533595404693564,26.9430602570621,-0.982812944569494,0.33327576983831,0.542529815305683,-6.07925054766574,"Q96HC4;H0Y8Y3;A0A0A0MSP3;Q4W5K9;A0A0D9SFR4;H0YBI4;H0Y929;D6RAA1;A0A0D9SFW3;D6RGG6;Q9P1D1","Q96HC4"
"Q9NZE6",-0.494744113864478,22.8995694733083,-0.982030258092055,0.333655097582073,0.542760658481746,-6.08000473788226,"Q9NZE6","Q9NZE6"
"P04004;B7Z553;D9ZGG2",-0.545545420882082,23.0769787777444,-0.981802341833958,0.333765611724267,0.542760658481746,-6.08022425007068,"P04004;B7Z553;D9ZGG2","P04004"
"Q86X76;B7Z410;B2R8D1",-0.544244839309084,25.7909232888356,-0.977788689194201,0.33571584616065,0.545647589460692,-6.08408206575986,"Q86X76;B7Z410;B2R8D1","Q86X76"
"Q15464",0.614074620440451,23.7411601824715,0.976831752652215,0.3361819554597,0.545914979917982,-6.08499965651503,"Q15464","Q15464"
"Q02878;Q8TBK5;Q8N5Z7;Q9HBB3;B4DRX3;B2R4K7;F8VZ45;U3KQR5;F8VR69;F8VZA3;F8VWR1;F8VU16",-0.525425640668288,27.9385045981174,-0.976732307227602,0.336230418859392,0.545914979917982,-6.08509496469404,"Q02878;Q8TBK5;Q8N5Z7;Q9HBB3;B4DRX3;B2R4K7;F8VZ45;U3KQR5;F8VR69;F8VZA3;F8VWR1;F8VU16","Q02878"
"P30050;Q59FI9;Q76P68",-0.515391039729806,28.4047966668476,-0.973220991897437,0.337944633485083,0.548343398731212,-6.08845435425599,"P30050;Q59FI9;Q76P68","P30050"
"O14494",0.499170321234967,24.6806038148846,0.9724096821048,0.338341548648816,0.548343398731212,-6.08922894379289,"O14494","O14494"
"Q07065;B3KVX6;Q8TB01;Q6NWZ1",0.512240952144612,25.4179459875448,0.972318477548189,0.338386188057924,0.548343398731212,-6.0893159824273,"Q07065;B3KVX6;Q8TB01;Q6NWZ1","Q07065"
"Q9NRR5;B4DZF6;Q59F94;Q9H8R7",-0.592734370245342,23.201818225301,-0.972230364924948,0.338429317908811,0.548343398731212,-6.08940006307036,"Q9NRR5;B4DZF6;Q59F94;Q9H8R7","Q9NRR5"
"P31948;V9HW72;A8K690;H0YGI8;F5H783;F5GXD8",0.531106167057587,28.3135638573175,0.970957762270131,0.339052651209354,0.549068130385242,-6.09061363346236,"P31948;V9HW72;A8K690;H0YGI8;F5H783;F5GXD8","P31948"
"P62266;A8K517;D6RD47;D6RDJ2;D6RIX0;D6R9I7",-0.530615701588182,27.5607616840657,-0.969732049798196,0.339653747159445,0.549697752503586,-6.09178107606548,"P62266;A8K517;D6RD47;D6RDJ2;D6RIX0;D6R9I7","P62266"
"O43760;K7ELD9;K7ENG9;K7ELS8;K7EJ35",0.498205606665973,26.4057366472227,0.969446409219075,0.339793929729693,0.549697752503586,-6.09205293821412,"O43760;K7ELD9;K7ENG9;K7ELS8;K7EJ35","O43760"
"Q8N370;Q8NBW0;Q8WUU1",-0.498647891410499,23.304430314754,-0.968540238537249,0.340238904558517,0.550132267142569,-6.09291489958924,"Q8N370;Q8NBW0;Q8WUU1","Q8N370"
"O15127;Q6IBK3;A8K769;A0A140VK92;H3BV04;H3BN93;H3BUB6;H3BPL9;B3KU14",0.534828975512848,25.7241431265149,0.96814720595151,0.340432024802345,0.550159318838609,-6.09328852164145,"O15127;Q6IBK3;A8K769;A0A140VK92;H3BV04;H3BN93;H3BUB6;H3BPL9;B3KU14","O15127"
"P29597;A0A8V8TPJ0;H0YE24;A0A8V8TN50;B4E123;A0A8E7DA23;K7EM33;E9PM19;Q53HA9;H0YCT7;A0A8V8TPX5;A0A8V8TPH2;H0YE41;K7EJR6;A0A8V8TN89;A0A8V8TN55;A0A8V8TN95",0.539028174823049,25.4084183978604,0.967575894438035,0.340712875392553,0.550328046788904,-6.09383136372946,"P29597;A0A8V8TPJ0;H0YE24;A0A8V8TN50;B4E123;A0A8E7DA23;K7EM33;E9PM19;Q53HA9;H0YCT7;A0A8V8TPX5;A0A8V8TPH2;H0YE41;K7EJR6;A0A8V8TN89;A0A8V8TN55;A0A8V8TN95","P29597"
"Q13155;B2R7M3;A8MU58",-0.567143744244998,25.2580047248158,-0.966190455119432,0.341394588642704,0.551143748435089,-6.09514651272402,"Q13155;B2R7M3;A8MU58","Q13155"
"A0A7I2V4V1",-0.517195376195509,23.4124075362981,-0.962928141017232,0.3430034428756,0.553195644629259,-6.09823631109383,"A0A7I2V4V1","A0A7I2V4V1"
"B3KVV6",-0.551039385203413,23.0008547718289,-0.96286481894323,0.343034721205909,0.553195644629259,-6.09829618732953,"B3KVV6","B3KVV6"
"Q9UBQ0;Q5JPE4;A0A384MR19;F8VXU5;E9RKB4;Q05DG7",-0.516060398124992,26.9455333130426,-0.962534970685724,0.343197682705231,0.553195644629259,-6.0986080260995,"Q9UBQ0;Q5JPE4;A0A384MR19;F8VXU5;E9RKB4;Q05DG7","Q9UBQ0"
"Q7L2H7;J3KNJ2;H0YCQ8;E9PN86;E9PRY0;E9PRI2;E7ESM3;B4DT09",-0.499470964721617,25.7291414819741,-0.961720976066955,0.343600058592925,0.553317104627163,-6.0993771469368,"Q7L2H7;J3KNJ2;H0YCQ8;E9PN86;E9PRY0;E9PRI2;E7ESM3;B4DT09","Q7L2H7"
"P20936;B4DTL8;E9PGC0;B4DTX4;Q59GK3;Q7Z4M2;Q05CU5",-0.522529481531151,25.644880005721,-0.961664799507053,0.343627839584102,0.553317104627163,-6.09943020401341,"P20936;B4DTL8;E9PGC0;B4DTX4;Q59GK3;Q7Z4M2;Q05CU5","P20936"
"P62263;A0A2R8Y811;E5RH77;A4D1M5",-0.506726975098459,28.5617785796398,-0.960837736823716,0.344037020961604,0.553690128162664,-6.10021100231232,"P62263;A0A2R8Y811;E5RH77;A4D1M5","P62263"
"O14732;Q6PIP6;K7EL65;K7ELF8",-0.554232725436215,23.0186711650501,-0.960041963456365,0.344431030051901,0.554038361388282,-6.10096166465468,"O14732;Q6PIP6;K7EL65;K7ELF8","O14732"
"Q6GMV2;B4DUT1;B4DX46;E2QRN5;F8WEJ9;C9IYN9",-0.587144647597068,23.5258805093919,-0.958933939270004,0.344980145809296,0.554428912760391,-6.10200590166754,"Q6GMV2;B4DUT1;B4DX46;E2QRN5;F8WEJ9;C9IYN9","Q6GMV2"
"P30622;J3KP58;A0A3B3ITA2;F5H6A0;F5H0N7;Q59GJ4;Q6P5Z9;F5H1T5;Q86WU4;B3KXA5;F5H367;F5H270;A0A3B3ISJ8",-0.517166596601342,25.3480102404055,-0.958715711671066,0.345088364246904,0.554428912760391,-6.10221143243716,"P30622;J3KP58;A0A3B3ITA2;F5H6A0;F5H0N7;Q59GJ4;Q6P5Z9;F5H1T5;Q86WU4;B3KXA5;F5H367;F5H270;A0A3B3ISJ8","P30622"
"Q16543;Q6FG59;K7EQA9;K7EKQ2;K7EL68;A1L0W4;K7EIU0;K7EJ06",0.539695014148556,27.7120632183411,0.95847632567807,0.345207101180083,0.554428912760391,-6.10243683991763,"Q16543;Q6FG59;K7EQA9;K7EKQ2;K7EL68;A1L0W4;K7EIU0;K7EJ06","Q16543"
"O95297;Q9UEL4;Q5U0H8;A8K5D4",0.508222772182741,26.8241377464496,0.957220616450745,0.345830388172555,0.555144097123109,-6.10361835606965,"O95297;Q9UEL4;Q5U0H8;A8K5D4","O95297"
"O75935;X6RLR1;X6RA56;X6RCK5;A0A0A0MRV8;Q8NB28",-0.609243326809061,24.4873989179564,-0.955280352426125,0.346794940380145,0.556406079756004,-6.10544111209987,"O75935;X6RLR1;X6RA56;X6RCK5;A0A0A0MRV8;Q8NB28","O75935"
"Q9BQI0;B7Z6K5;A6PVM9;Q5JUP3",-0.576018748793754,23.7039108342385,-0.954652366233374,0.347107511882576,0.556621249132007,-6.1060303194482,"Q9BQI0;B7Z6K5;A6PVM9;Q5JUP3","Q9BQI0"
"P55327;H0YC42;A5Y5A3;E5RFR7;H0YC44;E5RK35",-0.503684391386368,25.4041673465294,-0.954071732834795,0.347396681420679,0.556798689286278,-6.10657477334939,"P55327;H0YC42;A5Y5A3;E5RFR7;H0YC44;E5RK35","P55327"
"P62820;Q5U0I6;E7END7;B7Z8M7;Q96RD8",0.516580046048503,28.2461911830413,0.952645831081472,0.348107496953132,0.557513135893162,-6.10791050240289,"P62820;Q5U0I6;E7END7;B7Z8M7;Q96RD8","P62820"
"Q8N5J2;H0YJH5",-0.530217105690454,25.7153351393069,-0.952147884406095,0.348355952879462,0.557513135893162,-6.10837651595176,"Q8N5J2;H0YJH5","Q8N5J2"
"P52565;J3QQX2;J3KTF8;V9HWE8;J3QW41;A0A0S2Z3D9;J3KRY1;J3KRE2;J3KS60",0.530558384497375,30.2232282484681,0.952102348009278,0.348378679658792,0.557513135893162,-6.1084191206599,"P52565;J3QQX2;J3KTF8;V9HWE8;J3QW41;A0A0S2Z3D9;J3KRY1;J3KRE2;J3KS60","P52565"
"Q14155;B1ALK7;B7Z6G2;A0A8V8TQ72;A0A2X0SF98;A0A2R8YG42;Q5W9H1;E7EUY6;E9PDQ5;B7Z344;Q5ZEZ3;F6SJA5;B7Z6D9",0.502986104455644,24.4787947112055,0.949042290531332,0.349908189490449,0.559515283592866,-6.11127776735698,"Q14155;B1ALK7;B7Z6G2;A0A8V8TQ72;A0A2X0SF98;A0A2R8YG42;Q5W9H1;E7EUY6;E9PDQ5;B7Z344;Q5ZEZ3;F6SJA5;B7Z6D9","Q14155"
"Q6VY07;B4DF77;E9PSE1;E9PSG7;E9PPK2;Q9NTH2;E9PNZ9;H0YCU5;H0YF56",0.528393793987714,24.1167336431203,0.948881741690873,0.349988559887682,0.559515283592866,-6.11142750951029,"Q6VY07;B4DF77;E9PSE1;E9PSG7;E9PPK2;Q9NTH2;E9PNZ9;H0YCU5;H0YF56","Q6VY07"
"Q494U1",-0.577054952902753,23.2052539953701,-0.946772987005908,0.351045337997764,0.560917217835566,-6.11339210493175,"Q494U1","Q494U1"
"Q9H2L5;Q59FL4;Q5T737;Q5T739;P50749;R4GNA4",-0.562633962795896,23.4485443318973,-0.945494690439775,0.351686973093949,0.561654720471083,-6.11458100786427,"Q9H2L5;Q59FL4;Q5T737;Q5T739;P50749;R4GNA4","Q9H2L5"
"Q9H488;B4DUV4;A0A9L9PY15;B4DZS3",-0.535066279121562,22.8813840986716,-0.944395039784024,0.352239560629948,0.562068535058683,-6.11560254583212,"Q9H488;B4DUV4;A0A9L9PY15;B4DZS3","Q9H488"
"O60645;Q69YP2;D6RB59;Q6ZNJ2;H0Y995;B2RE06;D6RBR9",-0.520746155630132,26.6510551455844,-0.944261900067047,0.352306504020431,0.562068535058683,-6.11572615199733,"O60645;Q69YP2;D6RB59;Q6ZNJ2;H0Y995;B2RE06;D6RBR9","O60645"
"Q8WUD1;B4DUD4;A0A3B3ITL1;Q5HYI5;Q96K32",0.520238389520156,23.6011659005203,0.943551116329995,0.352664032925349,0.562323057979755,-6.11638576150163,"Q8WUD1;B4DUD4;A0A3B3ITL1;Q5HYI5;Q96K32","Q8WUD1"
"Q96DX4;B3KNH9;H3BQQ7;H3BSC7;H3BPL2",-0.525588604521015,25.1851585035794,-0.942976615788826,0.352953186370405,0.562323057979755,-6.116918557386,"Q96DX4;B3KNH9;H3BQQ7;H3BSC7;H3BPL2","Q96DX4"
"Q96N67;A0A2X0SSK2;A0A1B0GUE9;A0A1B0GVW2;B3KRG0;B4DSH0;A0A1B0GWE0;A0A0C4DGY6;A0A0U1RRC1;A0A0U1RQJ5",0.661511241266002,24.7384667172886,0.942297208607856,0.353295343582981,0.562323057979755,-6.11754824935513,"Q96N67;A0A2X0SSK2;A0A1B0GUE9;A0A1B0GVW2;B3KRG0;B4DSH0;A0A1B0GWE0;A0A0C4DGY6;A0A0U1RRC1;A0A0U1RQJ5","Q96N67"
"Q93052;B7ZLW0;A0A087WZF1;B7Z871;B7Z8W0;C9JUT4;C9JXK9;A2NHJ0;A0AA34QW10;C9JE51;C9J2R5;C9J5C8;C9J1K7;C9J3U9;C9JT42;C9JIY7;C9J4E3",0.527049393181706,26.4562797809404,0.941763009143736,0.353564526947857,0.562323057979755,-6.11804305840637,"Q93052;B7ZLW0;A0A087WZF1;B7Z871;B7Z8W0;C9JUT4;C9JXK9;A2NHJ0;A0AA34QW10;C9JE51;C9J2R5;C9J5C8;C9J1K7;C9J3U9;C9JT42;C9JIY7;C9J4E3","Q93052"
"P09661;H0YKK0;Q6NVW9;Q53G61;Q53G21;Q9UEN1;O95485;H0YLR3;H0YMA0",-0.51366910938718,23.2682213226993,-0.941728619684847,0.353581860469802,0.562323057979755,-6.11807490301059,"P09661;H0YKK0;Q6NVW9;Q53G61;Q53G21;Q9UEN1;O95485;H0YLR3;H0YMA0","P09661"
"Q01995;Q59FA5;H0YCU9;Q53GC9;Q6FI52;Q5U0D2",-0.546522693773788,23.3120242669023,-0.941721069261932,0.353585666229451,0.562323057979755,-6.11808189454769,"Q01995;Q59FA5;H0YCU9;Q53GC9;Q6FI52;Q5U0D2","Q01995"
"Q02543;M0R3D6;M0R1A7;M0R117;B4DM74;B2R4C0;M0R0P7;Q53HD3;B4DM94;B4DUV3;Q32XH3;Q76N54",-0.527881862411775,27.6784892364081,-0.941438593260505,0.353728066609901,0.562323057979755,-6.11834342354206,"Q02543;M0R3D6;M0R1A7;M0R117;B4DM74;B2R4C0;M0R0P7;Q53HD3;B4DM94;B4DUV3;Q32XH3;Q76N54","Q02543"
"P45974;A0A140VJZ1;F5H571;Q92995;A0A7P0TB18;H7C5J3;A0A7P0TB69;A0A7P0TAP9;A0A0A6YZ17",-0.50777231365981,26.4225514404888,-0.941059945994994,0.353919007985906,0.562339982632725,-6.11869387609524,"P45974;A0A140VJZ1;F5H571;Q92995;A0A7P0TB18;H7C5J3;A0A7P0TB69;A0A7P0TAP9;A0A0A6YZ17","P45974"
"Q9NP97;B4DFR2;B1AKR6;Q8TF09;A0A140VJH9;H3BNG9;H3BPA0;Q7Z4M1;A0A8V8TKK9;H3BQI1",0.504460291112679,26.607082262184,0.940199679039135,0.354353070726418,0.562742987574185,-6.11948959167333,"Q9NP97;B4DFR2;B1AKR6;Q8TF09;A0A140VJH9;H3BNG9;H3BPA0;Q7Z4M1;A0A8V8TKK9;H3BQI1","Q9NP97"
"P61289;K7ENH2;B3KQ25;K7ESG5;K9J957;V9HWJ8;Q6FHK7;K7EMD0;K7EPX6;K7EKR3;J7FRP4",0.496767461496393,23.7152781400105,0.939355462919563,0.354779377427972,0.563025602147794,-6.12026979315755,"P61289;K7ENH2;B3KQ25;K7ESG5;K9J957;V9HWJ8;Q6FHK7;K7EMD0;K7EPX6;K7EKR3;J7FRP4","P61289"
"Q15750;A8K6K3;Q59FT7;B7Z9N9;B7Z3S5",-0.540967627416315,23.1101262484101,-0.939132430459997,0.354892059577609,0.563025602147794,-6.12047580320982,"Q15750;A8K6K3;Q59FT7;B7Z9N9;B7Z3S5","Q15750"
"Q9UHX1;H0YCP8;E9PQ56;H0YEM1;A0A994J6L7;E9PL19;E9PMU7;E9PN18",-0.546099146004977,23.6990587285937,-0.937390174975392,0.355773110462481,0.563912251063731,-6.12208349613561,"Q9UHX1;H0YCP8;E9PQ56;H0YEM1;A0A994J6L7;E9PL19;E9PMU7;E9PN18","Q9UHX1"
"P07339;A0A1B0GV23;A0A1B0GVD5;A0A1B0GWE8;V9HWI3;C9JH19;F8W787;A0A1B0GW44;A0A1B0GVP3;A0A1B0GU92;A0A1B0GU03;H7C469;F8WD96;A0A0S2Z3L4",-0.503393335700164,27.1034463080389,-0.936962552363072,0.355989578270595,0.563912251063731,-6.12247766073276,"P07339;A0A1B0GV23;A0A1B0GVD5;A0A1B0GWE8;V9HWI3;C9JH19;F8W787;A0A1B0GW44;A0A1B0GVP3;A0A1B0GU92;A0A1B0GU03;H7C469;F8WD96;A0A0S2Z3L4","P07339"
"A0A4P2STB9;A0A5H2UU71;A0A6B7IET9;A0A142J256;A0A7R9PSN9;Q8HX85;A0A4P2SS81;A0A6B7HG37;A0A7U3K2K5;A0A6B7FUX3;A0A6B7FTC9;A0A678ZKW9;A0A4P2SQZ5;A0A4P8DJ79;A0A4P2SSC0;A0A4P2STY4;A0A6B7HGN5;A0A4V0NP48;A0A455JWY2;A0A4Y5RU99;A0A5H2UI63;A0A5H2UTA9;A0A6B7HGM1;A0A6C0TFP0;A0A6B9WGP5;A0A5H2UV55;A0A0S4XQV1;A0A0S4XR15;A0A0S4XRG5;A0A0U5KJ66;A0A0U5QLP3;A0A140T9I0;A0A4P2SSF7;A0A7R9KC00;A0A858B850;A0A678ZGW7;A0A7R9KCR9;A0A7L4X7A9;A0A7T3RIT2;A0A6M8PX82;A0A6M4A9V8;A0A5H2UU57;A0A140T9X5;A0A7R9KD61;A0A649ZUS9;A0A286LD94;A0A678ZGP6;A0A678ZGY9;A0A872YP61;A0A8A6C9V2;A0A8E4J404;A0A6S7XV52;A0A7T8EHY3;A0A8G1LSM9;A0A7U3L8Q4;A5A4G3;D5H3T6;D9UB07;Q53Z42;Q9TQ73;Q9TQB6;A0A7U3K2N5;A0A678ZGE8;A0A3S6RFJ7;A0A3S6RF68;A0A2K4N817;A0A858B8W9;A0A455JVV7;A0A411G9X3;A0A3S6RIA4;A0A2H4WPW3;A0A2H4WPX0;A0A2H4ZAR8;A0A2S0SYR3;A0A3S6RF58;A0A2S0SYY2;A0A3G5BD36;A0A3G5BD37;A0A3G6II41;A0A3S6REZ0;A0A3S6RF45;A0A3S6RF55;A0A5H2UYQ6;A0A223FL85;D5H3T4;X5MPH1;A0A1W1RN11;A0A1G4HQ05;A0A7R9KAJ9;A0A1D8MAM8;A0A1C3PH81;A0A1G4HPV4;A0A1C3PHD2;O78126;A0A1Z2RTJ0;Q861F7;A0A1Z1VXF1;A0A140T913;A0A5A4LJD3;A0A060VG17;A0A060VHD9;X5MNS3;A0A3G4R8Q6;D7GNM8;D7GM34;A0A6C2E122;A0A678ZZB7;A0A678ZGM7;A0A858LHP5;A0A8E4J3T7;C5IWX5;Q9TQ65;A0A5H2UEQ8;S6AU97;S6FW97;W1I6E7;C5IWX9;A0A6C0SDM3;A0A1Z1VXF8;A0A1V1IFP3;A0A223FKW4;A0A1W1RN09;A0A5H2UYR5;A0A6C0TGS8;A0A2P9FIG3;A0A7U3L8Q0;A0A0U2M4K4;A0A0S4XR34;A0A1Z2RTP1;A0A2H4WQ03;X5MBH5;A0A060VG36;A0A060VD05;Q861F6;I6YAY1;G9FXD6;B2LT55;A0A858B9A0;A0A7U3K2I1;A0A7T7GVT5;A0A5J6E368;A0A4Y7LMW4;Q8WUX3;A0A7T4WS02;A0A1Z2RTK7;A0A2H4ZAV0;A0A2P9FIF5;A0A3S6RFC8;A0A493QP49;A0A4P2SQX9;A0A4Y7LKT8;A0A1W1B5S1;A0A7S5GRS0;Q3LRR7;A0A2H4UK27;A0A3S6RF64;A0A6B7IBY9;A0A0S4XQQ0;A0A060VHE9;A0A2P0W8E8;A0A5H2UIE4;A0A7S5L7S5;A0A2U9AEP8;A0A6B7FTF3;A0A7U3L8I2;A0A3S6RIC3;A0A678ZIB1;A0A2K4Y3L4;A0A6B7ICY6;A0A0S4XRD5;Q52QV5;A0A2P9FIT0;V6A6U0;A0A455JU01;A0A7U3K2H8;A0A7L7TXB5;A0A5A4LK40;A0A2U3QLJ5;A0A7U3K2E7;A0A2U3QLG5;A0A1Z2RTN7;A0A0S4XR00;A0A0U5Q1N6;A0A6B9HS71;A0A0S4XRU7;A0A3S6RF32;A0A0S4XQU0;A0A0U5QLQ5;A0A286LDA0;A0A455JWW7;A0A1B1LKE3;A0A191XZC7;A0A6B7IFJ8;A0A1W1B6F7;A0A4P2SR84;A0A1V0EFF1;A0A060VHG8;A0A286LD92;A0A3T0TUN6;A0A6B7FWQ8;A0A0U5Q1N1;A0A2P9FIU9;A0A2U3QLG2;A0A4P8VMX1;A0A678ZGQ5;Q704F3;A0A5H2UI80;Q4VYE6;Q2LC95;P79603;A0A8E4J3I4;A0A858B709;A0A7U3L8E3;A0A1Z2RTQ8;A0A7R9KB30;A0A7R9KAB5;A0A6B7FWC9;A0A5A4LIC5;A0A583ZAW0;A0A6C5NEV1;A0A2I6J4B5;A0A386RVU2;A0A678ZVS4;A0A678ZH29;A0A5J6SE57;A0A4P2SQN1;A0A1T4J2C1;A0A455JS00;O19642;A0A455JU27;A0A4Y7LLQ1;A0A0S1Z204;A0A0S1Z1X8;A0A2I6J4A5;A0A223FKY8;A0A678ZWH2;A0A346FLH9;A0A142J2B4;A0A7S5L7H4;A0A1W1B5N1;A0A678ZI69;A0A4D6NYZ2;A0A455JU13;A0A678ZWU3;A0A1S5UYW8;A0A5P8I429;Q95J05;A0A1Z2RTK2;A0A6S7XTJ0;A0A2I6J4D2;A0A1V0S7J8;A0A346FLI0;A0A3S8XG76;A0A386RW46;A0A142J2B3;G8GBV0;A0A6C0SGD6;W0UTP4;A0A4V0NPD9;A0A7U3K2L2;A0A0S4XQY9;A0A678ZGU7;A0A0U5Q304;A0A6B9MSD5;A0A4D6NWB3;A0A678ZII8;A0A678ZIP2;A0A6B9WE25;A0A7U3NNH8;A0A678ZWV6;I3ZN76;A0A6B7FT37;A0A6B9WFG8;A0A2K4N859;A0A678ZLI0;D0V481;A5JUX0;A0A286LDA1;A0A2I6J489;A0A411D3E2;A0A5H2UF61;Q5W9R8;D2KZ27;A0A1G4NQV4;E2GD50;A0A386RUJ7;A0A0S2IIQ9;E0WMV7;A0A0G3ENZ2;F6IQS9;B0BKZ4;H9BNV4;U5YKE0;U5YJM1;A0A5B8RNS7;A0A125RL89;F6IQS2;F6IQS1;I7HAR2;H9BB16;A0A140T933;A0A1Z2RP38;F6IQS4;A0A140T955;A0A060VHF3;A0A4P8DJ78;F0VRV9;G0M6G2;D5H3T3;G8FQ52;A0A1W2PRT9;Q540M3;I1VXM3;A0A0U5L7I7;A0A180K1J1;A0A2P1CQH6;A0A345F7A7;F5BZ30;B6ECH5;B7XGC2;A0A583ZB06;Q75WB6;B0LV24;R9WAS6;A0A076V371;A6N9E1;S0F0M8;T2MJ84;V9VYY9;W0T236;W6SQV0;F6IQS3;Q8MHP8;A0A346HFZ2;M4VMS8;A0A7L7TUJ9;A0A6B7HGF8;I2GUK0;E3Q1V2;A0A2H5CP65;B3V990;Q308P3;Q546F7;A0A678ZVR3;E0WMV2;Q546Q4;D5H3I6;A5I8L1;A4UUL3;Q4LAU0;Q8WLS4;Q5R1M0;Q60I39;A0A7L4X7M1;B5A516;Q68Y63;F6IQV4;U5YKE8;H2DDR7;U5YMG9;U5YJG6;F6IQU9;F6IQS5;F6IQU8;U5YJH8;U5YJI7;X5CHJ2;A5PHT6;A0A2R2WVJ3;M5AUI8;A0A2R4KZT8;L7WQ81;A0A0H3W567;A0A061A7U0;F2X5P6;D2KZ37;A0A167RMM9;W6SNC0;A0A6B9CQX0;A0A6G6D3S7;F6IQT0;A0A343J4W0;M4VLP5;D7GNM3;L7WM55;E0WMM9;Q6L6T0;D5L6G2;D2KZ29;D5H3U0;U5YJN4;F6IQS7;U5YKC3;M1KQ42;W8E988;A7LKN0;F5ATC5;E5BBI6;H9BE43;A7MAP2;M4VSA0;A0A3G8GE33;B9W1S7;L7XDT5;I2G8B5;L7XDE9;D1H0T8;D2KZ31;N0GWB7;F6IQV3;A0A0G3VSP7;R9WXA9;A0A6C0SGQ9;E3UM70;F6IQS8;N0AAA5;F6IQS6;F6IQV2;D5H3T9;A0A3S6RF54;U5XMI1;B1Q4W3;B1B6Q4;A0A4Y6GW76;A8ILL3;A0A0H3W5K9;B0LV25;D1H0T5;A0A2P1K6F1;F4ZZU3;A0A061CVW2;A2V815;A0A583ZAV3;A0A0N7G7C7;D7NMJ8;A0A6G6D3T3;M1XK38;M9TME2;N1NUT9;D9IDV1;G3C9V4;Q206J8;W8NKY4;Q6R741;V5L197;U4QB70;Q6L676;I7ARY8;A0A4P2STQ1;Q6VS85;Q4W6C3;F2XI29;D3YLL1;Q95IB1;Q6L6Q3;T1RT90;A0A4Y5UYA0;F6IQU5;M9R0Q6;A0A0G3EM61;G8GBV1;A0A1W2PPQ2;U5YMF9;U5YJI3;U5YMN5;F6IQT5;F6IQT8;F6IQU6;M4NJR5;U5YJP1;A0A076JT77;A0A125S9I1;F6IQU7;A0A076V5S4;F6IQT9;F6IQT7;F6IQT1;U5YJN8;D5H3T7;F6IQT2;Q6L6R5;F8WSJ2;I2GUJ9;G9G815;A0A1L7NQ88;Q4JLV8;S5NIY1;G9IHU5;N1NSY8;U6EV21;S5T475;A0A515HFK3;A0A0N9Q8N5;Q50I06;Q5EPE9;F6IQV1;I3VB19;E7BDE1;U5YJP4;U5YMN1;T1WGK5;G1UK07;Q29757;F6IQT3;C6L835;U5YMP0;D3YFD3;A0A482GLQ3;A0A455WHI8;A0A223PK90;I6QTM5;A0A583ZAX1;Q9BD14;Q4VYU3;Q06FC3;K4TZQ2;A5A4L6;A0A5H2UEN5;A0A5A4LIT7;A0A6B7ICS9;A0A0S4XR60;A0A2H4ZAS5;A0A2H4ZAU2;U6A3P1;I3ZN80;A0A678ZVL5;A0A2H4ZAT3;A0A0S4XR32;A0A513WWM0;A0A4P2ST93;A0A6B9HR62;A0A4P2SR64;A0A6B9VR87;A0A2U3QLL5;A0A0S4XR59;A0A0U5IHM5;A0A6M8DNE3;A0A212MH17;Q9MYB7;A0A286LDB6;A0A223FLI8;A0A220IGB9;A0A218NI37;A0A5J6WG98;A0A286LDB8;A0A0U5KJ30;A0A678ZIF2;A0A858LGS5;A0A1Y6MTK5;A0A1W1B5Y6;A0A142J252;A0A140HM97;A0A6M3YCA4;A0A2P9FIE9;A0A0S4XRJ3;A0A7R9KD51;A0A060VCY8;X5MNS5;A0A060VHJ3;A0A060VCU4;B1PKZ2;A0A897ZLK4;A4UTT5;A0A346HFZ4;A0A7S5L7D3;A0A7R9PTK5;A0A7R9PSZ7;A0A858B875;A0A7R9KD16;A0A0U5Q0A6;A0A3S6RF12;A0A6M8PU90;A0A7R9KB74;A0A583ZB85;A0A7R9KAL2;A0A7L4X8T3;A0A0D6K9D0;A0A7R9KB44;A0A7R9KAS3;D6ML34;F2X5Z8;A0A3S6RI13;F8R8G5;G1EPB9;A0A1S5QQQ2;A0A858LJN4;C7FDP3;A0A858B730;A0A1L2BM59;A0A0A7C8N4;A0A141AZ44;M9P8Y6;A0A0X7YL60;X2KYR1;A0A0G2R0N8;A0A0N7A486;A0A0A7C5L7;A0A0A7C4M9;A0A0A7C4L8;A0A2H4ZRT0;A0A0A7C4X7;A0A0S4XR22;A0A2P9FIE8;A0A4P2SRZ1;A0A7U3K2D5;A0A2H4WPY6;A0A7U3K2J2;A0A2H4FZD8;A0A2H4FZE7;A0A2H4FZE4;A0A288QXT9;A0A2H4FZA4;A0A2I4PYZ2;A0A2I4PZ50;A0A2I4PZ51;D5FZI4;A0A3S6RI14;A0A2U7N9N3;A0A2U7N3A1;A0A2H4FZF0;A0A2I4PZ30;A0A2H4G3X0;A0A1S5QQQ7;A0A164D2Y1;A0A186VMY7;A0A186VMZ1;A0A288Q9N3;A0A288Q9M5;A0A1Y5VRC7;A0A1S5QQV3;A0A1S5QQR1;A0A1L2BM56;A0A0K0KRW8;A0A1L2BM37;A0A1C8DVA2;A0A1C8DV45;A0A1C8DTH8;A0A1C8DTG3;A0A1C8DS72;A0A186VNF9;A0A0X7YV41;A0A0M3STW0;A0A0A7C4X2;A0A0K0KR30;I6R6Z3;A0A0E3DCR4;A0A0E3DCP0;A0A0E3DC67;A0A0E3DC63;A0A0E3DC21;A0A0D6E0U1;A0A0A7C8Z8;A0A0A7C7B2;Q2YHQ6;A7X555;D7NNP8;F2X614;A0A0E3DD78;Q9TPS0;D2DKV9;A0A0E3DD48;O02922;A0A679KDS7;A0A0A7C3R2;A0A0K0KR12;A0A0A7C557;A0A0A7C4X6;A0A0A7C4K2;A0A0A7C4E0;A0A0A7C4C4;A0A0A7C3R0;A0A0G2R1E8;A0A0G2R0Q2;A0A0G2R0P9;A0A0N7A467;A0A0A7C529;A0A0A7C5K0;A0A0A7C7A8;A0A0N6W7J2;A0A0G2R0Q8;A0A0N7A498;G9HW31;H6UV71;H6A2D0;H2BE85;H2BDP9;H2BDP2;H9BQ75;F2X5X1;D5FHL8;D5FHL3;D5FHL1;D3U7U7;D5FHG4;D5FHK2;D5FHJ5;D5FHJ4;D5FHJ3;D5FHJ1;D5FHI5;D5FHI3;H6V078;H6V7S7;H9BQ76;H2BDN7;G9HW26;G9HW22;G9HRP9;I3VZ03;G1EPB0;G1EPH2;F2VP54;G9I2J4;H2BDN8;I3VZ07;H2BDP1;I3QHQ8;I3QHQ6;I3QHP8;I1W1L6;I1V1X2;H9C5J5;H9BQ77;D5FHI2;D5FHH7;D5FHH0;D2DKY7;D3U6A4;D3U696;D2DL17;D2DL15;D2DL14;D2DL13;D2DKZ3;D2DKZ0;D2DKY4;D5FZI0;D2DKY0;D2DKX8;D2DKX3;D2DKX2;D2DKW7;D2DKW6;D2DL20;D2DKW3;D5M8F4;D5FHP1;G1EPG9;D5G236;D5FHG9;G1EPG8;D5FHN0;D5FHN1;D5FHN9;D5L9B6;D5L9B5;D5G237;D5FZJ2;D5FHP5;D5FZI8;D5FZI5;D5FHM6;A0A0G2R139;D5FHQ5;D2DL18;D5FHQ1;D5FHP6;G9HW29;G9HW61;G1EP35;G9HW63;F8R132;G0KXI5;G0KXH9;G1EPA5;G0KXH7;F8SKU5;F8SKU3;F8SKU0;G1EPA6;F8SKT9;F8SKT3;F8SKT2;F8RHD4;F8R8I8;F8R8I5;F8R8G4;G0KXH4;G1EPA8;F2VP70;F8R128;F8R124;F8R109;F6KRL2;G0ZDS6;G0ZDS1;G0W2J0;F8R100;F6KRP3;F6KRN2;F6KRL9;F6KRL5;F6KRL0;F2X5X4;F6KRK8;G1EP94;F6KRK6;F4YZT2;F6KRK0;F4YU06;F4YU05;F2X5Y6;K7P623;G1EPF2;J7F4Z8;J9PVN8;G1EPH3;I6M539;I6MHG8;K7P5E2;K0DCI9;J9PWW7;J9PWQ3;J9PW05;J9PVN7;K7P5Y2;J9PVC8;K7P5B1;K9L8B8;F2X5X3;G1EPH1;G9I2I9;G9HW71;G9HW66;K7P5P7;K7P622;J7F4Y7;I6NWH3;I7APH3;I6ZTN5;I6SW68;I6RGV3;I6RCX1;I6RCW7;I6QU12;I6QQT2;I6NS70;A0A0U2IVR5;I6NS53;I6NN64;I6MHH0;J7F565;J7F7A7;J7F7A8;J7F8I4;L7PEY7;D2DL22;E3SG79;D3U693;D3U475;D2DKV8;M1FYE2;M1FXS8;C5J030;W0NQ20;C5IZR8;V5P5S1;M9PAL1;M9PAJ8;M9PAJ4;M9PAA5;M9PA13;M9P8Y7;M9P8Q5;M9P8G5;M9P8G4;M9P8G2;M4N7T9;S4TZK4;E0WBX5;M1F4U4;E9LXZ7;A0A583ZB18;D7R0T9;D7NSQ0;D7NPL3;D9U3G6;M1F4U3;M1F4U5;C5IZP1;B6VAW7;A0A5H2UYR0;B5M9A4;A0A678ZGY6;A2TEL8;A5HJL0;A5JSF8;A8YQI5;B1A9K5;B2CZD8;B2CZD9;D5FHS2;M1FXE6;C9WEM5;C7FDP7;C9WEL5;D1G121;D1MEQ2;C9WEL7;C9E1E0;C9WEK8;C6K4E0;C7FDP2;C8XTP3;C9WEM9;C8XTP9;C9DRQ2;C9E1D2;C9WEK9;M1F5P4;C9WEK4;C9WEK6;A0A4P2ST70;C9WEN0;C9WEM6;M9PNW8;Q9TQ68;T1R380;Q1PBJ9;Q4GX03;R4QQS6;R4I4D7;R4I3G4;Q9TQP4;Q9TQL5;Q9TPU6;Q3BK09;Q9TPU2;Q9TPQ6;Q9TPQ5;Q9MYF8;Q9MYA9;Q8MHN7;Q5QRY8;Q53ZP1;D7R8B1;D7RJ51;D9U3G4;E1U674;E2GJS0;E2GJD2;E0WBY0;E9LXZ5;E2D5N1;E2D5M8;E2D5L1;E2D5L0;E1U671;E3SWF4;E0YTH7;E5D6K4;E5DCM3;E5G0Y4;E7BY92;F2VNH6;F2VNG8;F2VNG3;D2DL23;E3SWF8;F2VNF5;D3U431;D3U472;D3U460;D3U452;D3U450;D3U448;D3U6A0;D3U446;D3U438;D3U428;E3SWG2;E2GJF8;D3JT98;D3G9K1;D3G9K0;D3U439;M1F4C2;D5M8G2;D5M8H0;F2VNF9;F2VNC8;D9U3G5;D7NP96;D6MJB4;D6MJB3;D6MJB1;D6MJ85;D6MJ81;D6MJ80;D7NP78;D7NP89;D7NPA4;D6MJD1;D6MJC2;D5FHR5;E0WBX9;E0WBX3;E0WBX2;E0WBX0;E0WBY4;E0WBW9;E2DH70;D3U430;F1CCR5;D6MJC3;E0YTG7;F1CCR3;F1AQL7;E9LY09;E9LXZ4;E9LXZ3;E9LXY0;E0WBY1;F1CCR2;D6ML28;D5M8G8;E0X9J9;E0WBY3;D7NNR8;D7NNQ9;D7GN26;D6ML45;D6ML31;G1EP13;K9L8C0;G0ZMH0;F8R133;G1END3;G1END9;G1ENY0;G1ENY8;A0A186VMY1;A0A288QRD7;G1ENC8;G1EP11;A0A288QET2;A0A288QBY1;G1EP38;A0A180H787;A0A160YKF9;A0A141AZ75;A0A141AZ53;A0A109NRD3;A0A109NRD1;A0A109NRC6;A0A0X7YL67;G1ENC9;G1ENB9;G1EP44;G1ENB7;G1EP39;G1EP54;G1EP76;G1EP83;G1EP86;G1EP87;G1EP91;G1EP92;G1EPA1;G1EP30;F8SKT4;G1ENC4;G0ZDS7;G1EP04;G0ZMG8;G1BEX2;G1EMJ4;G1ENB4;G1ENB5;A0A0X7YJN9;G1EP43;A0A0U5G6L0;A0A0U2XJU5;B0JE60;D5FHI1;D5FHH4;E2DH81;D3U482;A0A0E3DCQ5;A0A0K0KR34;A0A125T5D0;A0A2H4FZF5;A0A583ZB03;G0ZDS2;W0NTM2;D2DKW2;D3U444;D2DKX7;D3U453;D2DKV5;A0A186VMV1;D3U483;D6MJA1;D6MJA2;F6KRL3;M9P8T0;D7NSP7;D5FHM9;F6KRI9;G0KXI3;G0ZMH3;G1ENA5;G1EP57;G3CC80;G9HW30;E2GJF0;D5FHI0;D5L9A4;C9WEM2;D7NSP5;E2DH77;F4YU27;C8XTN1;H9C5J2;I3VZ04;K4JDI9;K9L7Q4;K9L8E1;O62891;E7D4X3;F2VP66;C8CH67;E0WBX7;E5G0X0;H2BDP8;D7NQT2;D9IFQ5;A0A2U7NE42;A0A0A7C3T3;A0A096XJU1;A0A0E3DC45;C8CH63;A5JSG1;D6MJ82;A0A0K0KRA9;A0A1X9I3T8;A0A288QBX4;A0A2I4PZ06;A0A060VHF9;A0A141AZ72;A0A180H643;D7NSP4;M1F5P6;F2X613;C7FDP4;N0A498;A0A1D6ZRR5;E0X9K4;E1U675;E1U676;E5FXC2;A0A3S6RI20;M9PNQ9;E3SG78;B1VK55;A0A186VMV3;W0NT88;A0A186VN46;A0A0A7C7L3;Q05G00;D2DKW1;M9P9J2;A5YVG3;Q7YQ39;F2X606;Q56H48;G0ZMG7;G9HW33;I6RUN0;C8XTN5;A0A1L2BM16;A0A1L2BM24;A0A1L2BM39;B8YCR3;C9WEK5;A0PFV7;A0A6F8ZCB5;A0A2I4PZM6;I2B300;A0A2I4PZ10;A0A1S5QQS6;D2DL16;D2DL12;A0A1S5QQU9;X2KXS0;U5IRI1;M1F4B5;I7B291;I3UI48;A0A1S5QQU7;E3SWF5;A0A0A7C6Z1;G1ENE5;G1EP58;G1EP84;C9WEM7;A0A2I4PZ33;I6TMZ6;A0A1X9I5I4;A0A0A7C3X2;A0A0A7C3X8;A0A0A7C7G5;A0A1C8DTE2;A0A1C8DUF3;A0A0A7C7Q9;A0A0K0KR16;A0A0K0KRA0;A0A0N6W7J1;A0A0N7A452;A0A0N7A478;A0A0N7A653;D3U436;Q7YQ40;K7P563;K7P5V8;D5FHK1;E2D5N0;F6KRK3;O19796;E5DCM5;Q53YS0;R4QQS1;V5JAE0;D5FZJ1;D5FZH9;D5FHF3;L0BVU6;D3U455;D3U451;D3U447;L7UP32;K4JBH4;A0A060VCY9;J7F4Y4;E9LXY5;E9LY10;K7P5J0;F8SKU9;O19520;C8C9V3;L0BXI7;M1FUR7;U5IQM1;M9P8Q8;Q106U3;Q38MU1;S4TZH8;U5IQG9;U5IQL3;A0A1S5QQV2;Q8HWG7;D2DKX0;T1WG45;X2KYV2;A0A1X9I3T9;K9LD70;A0A1X9I403;A0A0K0KR11;A0A142J243;K0DCK3;F2VP50;A0A8F2PX41;A0A0E3DD18;C9DSL3;F2X5Y5;A0A0K0KR15;D2DKU9;A0A0G2R0Q6;Q45FD7;D3U440;E0WN53;A0A0A7C3S8;A0A0E3DCL3;A0A288Q9J8;A0A1X9I415;A5HBZ4;B8Y1X0;D5FHQ2;D3U432;K9LCN1;A0A0E3DC03;A0A0A7C3S9;A0A0A7C8U3;A0A0K0KR33;D2DKY5;C8CH62;A0A6M6CEL9;A0A0A7C3X3;C6K4H2;U6JME0;A0A060AF62;D2DKX1;D1G122;I7B294;B2ZRW3;A8E027;A3FEL9;A0A3S6RF26;A0A141AZ73;D2DKV1;B5BLV9;A0A0M3LD53;A0A0K0KRT5;A0A0K0KR69;A0A141AZ61;B8Y6A5;C5IZK4;D2DKV0;C5IZP6;C6K4E2;A0A0X7YIW3;I2B306;A0A238HDN6;D2DKW4;F1AQL4;G0KXG7;G0KXH6;G0KXI4;G1BEX4;G1EP42;G1EP70;G1EP90;A0A0A7C721;G9HW77;A0A068B6T4;I6NN01;A0A1C8DS83;G1EPH6;D2DKV3;D2DKV4;G0KXI9;D5FZV9;D5M8F1;A0A288QC03;D5FZW0;D3U445;D3U434;A0A4V0NP56;A0A0A7C3V4;Q95IB5;T1WFC0;F1AQK6;U5IRJ2;F2VP58;M1KQ57;O19672;U5IT36;U5YQQ7;M1FUQ5;A0A0A7C4Y6;A0A2H4FZE3;F2X5Z7;A0A0A7C8F2;A0A0E3DD84;A0A120GVR8;A0A141AZ57;Q95387;F1AQL8;D2DKW8;Q70FC8;A0A288Q8T9;A0A288R146;A0A0G4KBJ2;A0A0A7C7S1;A0A1B2RVQ2;D5G1R0;A0A858LHN4;D5G1Q9;A0A288Q9P2;A0A0A7C584;G1EP52;S4TZJ6;Q8WLT0;E0WN51;D9ZNB2;D7R0V9;D7NQT5;D7NPL1;D3U774;D3U437;D2XUR6;C9WEK7;C1KBJ7;C0M116;B5KNJ5;A0A4P2SQT7;O19671;E5G0Y3;I3UI59;J7F8H8;L7ZD04;E2GJD9;E2GJR3;G1ENZ3;A0A2H4G016;H9BQ74;M4ML74;G4XN23;L0BXL1;A0A0E3DCR3;A0A1S5QQP8;E0WBX6;E0X5Z4;G1EPD9;G8GID9;H9C938;J7FK25;M4SPW9;F8R111;M9PAA3;D5FHF4;Q9MY36;D3U6A3;C8C9V8;P79557;S5CRT6;E5FYM9;A0A109W0K0;C8XTP4;K7P5I8;F6IR54;F6IR56;F6IR57;K9LD79;M1F4B6;A0A1S5QQT6;B6DX30;A0A1C8DWJ0;A0A0A7C887;A0A0A7C4M4;M4N6H1;M9PNN5;A1DZU4;Q2I0Z0;M9WLY1;G0KXG9;D3U771;J7F574;I6NS57;I6NN70;I6TMZ2;K0P0H0;R4L0K0;B1PQ26;C5IZN8;Q9GJ34;A6YT91;B2G3G4;A0A288QC11;A0A7L4X8R9;I3UI77;G0KXH3;A0A2I4PZN8;K9LC05;A0A0A7C921;A0A288R155;G0X8Q2;G0X8R2;I2B307;E2GJG3;C8XTP5;C9WEL8;U6JMI6;C6H0P0;A0A3G2FQP1;Q9MYF6;D2DKX5;A0A0N9QWF4;Q1W5T2;Q9TPR6;E5G0Y1;D3U6A6;A4USH3;Q9TP39;Q9TPV7;G1EP34;M1KVN1;S0F3A9;R4L7V4;A0A1C9ZWK6;E2DH76;D3JT95;D2DKX6;D2DKY1;D6ML41;Q0PMJ8;D2DKY3;D2DKZ1;D5FHR0;A5JSG0;D3U697;D5FHN3;D5FHJ2;D3U474;A0A186VMY8;A0A0N7A4L4;B0F9M8;A0A0A0YLW6;A0A0K0KR82;A0A098F6N4;A0A077XLA2;E0WN52;B3VTP9;A7BKB6;A0A8F4JDK3;A0A1C8DSQ9;A0A2H4FZD6;A0A1X9I3V1;A0A0X7YYH4;I3VZ09;D3U429;A0A0E3DD32;A0A0N7A476;G1ENA3;G4XFZ7;A0EVJ8;A0A0G2R1L0;A0A0G2R0Q9;A0A0G2R0R3;A4ZW41;A0A2H4FZ98;M9WQH8;A0A0G2R125;Q85ZX7;Q9GJM0;A0A288Q8S1;A0A1L2BM55;A0A0A7C7R2;A0A1D8QLY1;A0A1X9I3S3;A0A1S5QQV1;D5FHS3;A0A0N7A482;A0A7S5GRU0;M4WMI0;A0A0E3DD91;Q860A9;O98007;K7DXW1;A1Z0L6;A0A5H2UFD2;A0A1X9I3S5;A0A1X9I3Q1;A0A0A7C3N7;A0A186VMY4;S5CK39;A0A180H6W4;Q29738;A0A0K0KRD0;A0A0N7A469;A0A0N7A629;A0A1L2BM27;A0A0X7YIU4;A0A0K0KR27;A0A120GW97;A0A0X7YIX1;A0A4V0NP57;C8CH64;A0A4P2SRJ6;A0A4P2SSH2;A0A4P2STS1;A0A4P2SR26;A0A4P2SQX5;A0A4P2SQS4;A0A4P2SQR5;A0A0K0KR13;A0A120GWB7;A0A120GWA5;D6MJA8;A0A1C8DSA2;A0A1C8DUB7;L0BVV3;F2VYI7;F2X5Z3;F2X602;F8R0Z8;G1EMJ5;G1EP47;G1EPB2;E0X9P9;D7NPB4;D7NNT1;D7NNT0;D1MGM9;A0A583ZB29;D5FHL2;A0A4P2SQR3;D5FHN5;G1EPF3;D6MJA7;F2VP61;F2VNI7;D6MLM1;D7NNN2;U5IQG8;Q27I55;Q29740;Q29741;Q53ZT6;Q6J0S2;Q6UJZ7;Q29920;L0BXK3;F2VNE1;L0BXJ2;L0BWZ2;F2VP55;E5G0X4;E7BY91;E7CYP4;E9LXY8;E8ZF50;G9I2J7;G9I2I8;G9HRN5;G1EPE6;K7WPD2;J9ZZZ7;I6QQS8;I6NXE6;I6MHF7;I1V1X1;H9C8X9;H9BNV0;G1EPE4;K7X491;G1EPE3;K4JDI3;D7NNN6;D6MLM2;D6MLM0;D6MLL9;D6MLL8;D6MLL7;G1EPF5;K9LCM7;G4XFZ2;G1EPE9;G3DR83;G3DR82;G1EPG1;G1EPF8;G1EPF7;G1EPF6;G1EPF1;G1EPF0;D7NNP6;L0BVM7;K7P5J3;H2BDP0;G1EPE7;H2DMM0;H9C5G2;L0BVU9;L0BVN3;L0BVM9;Q25B79;Q14FJ2;O19797;A7UDS4;A0A288Q9L3;A0A583ZB50;A0A858LFG7;A0EVJ9;A2TJ23;A2VBX6;A5JSF5;A5JSG5;A9YQ94;A0A0G2R0V4;B0F9N2;B5LZ20;B8Y1Y4;C6K4D8;C6K4F6;C7FDP8;A0A0E3DC04;A0A858B910;A0A288Q8U2;A0A0G2R0R8;A0A288QER0;A0A0A7C6Y6;A0A1X9I4K7;A0A0E3DCM8;A0A0K0KR26;A0A0G2R1G4;A0A288Q8V9;A0A0G2R135;A0A0A7C5F6;A0A0A7C6Q5;A0A0A7C716;A0A0G2R0N5;A0A0A7C720;A0A0A7C7T4;A0A1S5QQU2;A0A0K0KR87;A0A0A7C8H1;A0A0A7C8P7;A0A0E3DC01;A0A0E3DD53;A0A583ZB27;A0A583ZB04;M9PA42;A0A288QRE4;D6MLJ2;C9E1E4;A0A2H4V0S9;C8XTP0;A0A4P2SQY3;S5CK42;U3RHF6;U5IT40;T1WER2;S4WCY0;Q4A1D3;Q9TQ25;Q95IZ3;Q8HWG6;L0BXK8;L0BXP2;M4SRY5;D1MEQ4;C9E1E3;A0A0A7C3Y5;A0A068B426;A0A2H4FZB8;A0A2H4FZD7;A0A2I4PZ26;A0A2I4PZ54;A0A2I4PZ55;A0A2U7MWD5;A0A2U7NI48;A0A455JTN7;A0A583ZAX8;A0A583ZAY7;A0A583ZAZ4;A0A583ZAZ8;A0A0A7C594;A0A0A7C579;A0A0A7C4E6;A0A0A7C3Y6;A0A583ZAY6;Q8WMB3;I0BW47;U5YE94",-0.598324202746539,23.2648805292724,-0.936955125992113,0.355993338359887,0.563912251063731,-6.12248450455026,"A0A4P2STB9;A0A5H2UU71;A0A6B7IET9;A0A142J256;A0A7R9PSN9;Q8HX85;A0A4P2SS81;A0A6B7HG37;A0A7U3K2K5;A0A6B7FUX3;A0A6B7FTC9;A0A678ZKW9;A0A4P2SQZ5;A0A4P8DJ79;A0A4P2SSC0;A0A4P2STY4;A0A6B7HGN5;A0A4V0NP48;A0A455JWY2;A0A4Y5RU99;A0A5H2UI63;A0A5H2UTA9;A0A6B7HGM1;A0A6C0TFP0;A0A6B9WGP5;A0A5H2UV55;A0A0S4XQV1;A0A0S4XR15;A0A0S4XRG5;A0A0U5KJ66;A0A0U5QLP3;A0A140T9I0;A0A4P2SSF7;A0A7R9KC00;A0A858B850;A0A678ZGW7;A0A7R9KCR9;A0A7L4X7A9;A0A7T3RIT2;A0A6M8PX82;A0A6M4A9V8;A0A5H2UU57;A0A140T9X5;A0A7R9KD61;A0A649ZUS9;A0A286LD94;A0A678ZGP6;A0A678ZGY9;A0A872YP61;A0A8A6C9V2;A0A8E4J404;A0A6S7XV52;A0A7T8EHY3;A0A8G1LSM9;A0A7U3L8Q4;A5A4G3;D5H3T6;D9UB07;Q53Z42;Q9TQ73;Q9TQB6;A0A7U3K2N5;A0A678ZGE8;A0A3S6RFJ7;A0A3S6RF68;A0A2K4N817;A0A858B8W9;A0A455JVV7;A0A411G9X3;A0A3S6RIA4;A0A2H4WPW3;A0A2H4WPX0;A0A2H4ZAR8;A0A2S0SYR3;A0A3S6RF58;A0A2S0SYY2;A0A3G5BD36;A0A3G5BD37;A0A3G6II41;A0A3S6REZ0;A0A3S6RF45;A0A3S6RF55;A0A5H2UYQ6;A0A223FL85;D5H3T4;X5MPH1;A0A1W1RN11;A0A1G4HQ05;A0A7R9KAJ9;A0A1D8MAM8;A0A1C3PH81;A0A1G4HPV4;A0A1C3PHD2;O78126;A0A1Z2RTJ0;Q861F7;A0A1Z1VXF1;A0A140T913;A0A5A4LJD3;A0A060VG17;A0A060VHD9;X5MNS3;A0A3G4R8Q6;D7GNM8;D7GM34;A0A6C2E122;A0A678ZZB7;A0A678ZGM7;A0A858LHP5;A0A8E4J3T7;C5IWX5;Q9TQ65;A0A5H2UEQ8;S6AU97;S6FW97;W1I6E7;C5IWX9;A0A6C0SDM3;A0A1Z1VXF8;A0A1V1IFP3;A0A223FKW4;A0A1W1RN09;A0A5H2UYR5;A0A6C0TGS8;A0A2P9FIG3;A0A7U3L8Q0;A0A0U2M4K4;A0A0S4XR34;A0A1Z2RTP1;A0A2H4WQ03;X5MBH5;A0A060VG36;A0A060VD05;Q861F6;I6YAY1;G9FXD6;B2LT55;A0A858B9A0;A0A7U3K2I1;A0A7T7GVT5;A0A5J6E368;A0A4Y7LMW4;Q8WUX3;A0A7T4WS02;A0A1Z2RTK7;A0A2H4ZAV0;A0A2P9FIF5;A0A3S6RFC8;A0A493QP49;A0A4P2SQX9;A0A4Y7LKT8;A0A1W1B5S1;A0A7S5GRS0;Q3LRR7;A0A2H4UK27;A0A3S6RF64;A0A6B7IBY9;A0A0S4XQQ0;A0A060VHE9;A0A2P0W8E8;A0A5H2UIE4;A0A7S5L7S5;A0A2U9AEP8;A0A6B7FTF3;A0A7U3L8I2;A0A3S6RIC3;A0A678ZIB1;A0A2K4Y3L4;A0A6B7ICY6;A0A0S4XRD5;Q52QV5;A0A2P9FIT0;V6A6U0;A0A455JU01;A0A7U3K2H8;A0A7L7TXB5;A0A5A4LK40;A0A2U3QLJ5;A0A7U3K2E7;A0A2U3QLG5;A0A1Z2RTN7;A0A0S4XR00;A0A0U5Q1N6;A0A6B9HS71;A0A0S4XRU7;A0A3S6RF32;A0A0S4XQU0;A0A0U5QLQ5;A0A286LDA0;A0A455JWW7;A0A1B1LKE3;A0A191XZC7;A0A6B7IFJ8;A0A1W1B6F7;A0A4P2SR84;A0A1V0EFF1;A0A060VHG8;A0A286LD92;A0A3T0TUN6;A0A6B7FWQ8;A0A0U5Q1N1;A0A2P9FIU9;A0A2U3QLG2;A0A4P8VMX1;A0A678ZGQ5;Q704F3;A0A5H2UI80;Q4VYE6;Q2LC95;P79603;A0A8E4J3I4;A0A858B709;A0A7U3L8E3;A0A1Z2RTQ8;A0A7R9KB30;A0A7R9KAB5;A0A6B7FWC9;A0A5A4LIC5;A0A583ZAW0;A0A6C5NEV1;A0A2I6J4B5;A0A386RVU2;A0A678ZVS4;A0A678ZH29;A0A5J6SE57;A0A4P2SQN1;A0A1T4J2C1;A0A455JS00;O19642;A0A455JU27;A0A4Y7LLQ1;A0A0S1Z204;A0A0S1Z1X8;A0A2I6J4A5;A0A223FKY8;A0A678ZWH2;A0A346FLH9;A0A142J2B4;A0A7S5L7H4;A0A1W1B5N1;A0A678ZI69;A0A4D6NYZ2;A0A455JU13;A0A678ZWU3;A0A1S5UYW8;A0A5P8I429;Q95J05;A0A1Z2RTK2;A0A6S7XTJ0;A0A2I6J4D2;A0A1V0S7J8;A0A346FLI0;A0A3S8XG76;A0A386RW46;A0A142J2B3;G8GBV0;A0A6C0SGD6;W0UTP4;A0A4V0NPD9;A0A7U3K2L2;A0A0S4XQY9;A0A678ZGU7;A0A0U5Q304;A0A6B9MSD5;A0A4D6NWB3;A0A678ZII8;A0A678ZIP2;A0A6B9WE25;A0A7U3NNH8;A0A678ZWV6;I3ZN76;A0A6B7FT37;A0A6B9WFG8;A0A2K4N859;A0A678ZLI0;D0V481;A5JUX0;A0A286LDA1;A0A2I6J489;A0A411D3E2;A0A5H2UF61;Q5W9R8;D2KZ27;A0A1G4NQV4;E2GD50;A0A386RUJ7;A0A0S2IIQ9;E0WMV7;A0A0G3ENZ2;F6IQS9;B0BKZ4;H9BNV4;U5YKE0;U5YJM1;A0A5B8RNS7;A0A125RL89;F6IQS2;F6IQS1;I7HAR2;H9BB16;A0A140T933;A0A1Z2RP38;F6IQS4;A0A140T955;A0A060VHF3;A0A4P8DJ78;F0VRV9;G0M6G2;D5H3T3;G8FQ52;A0A1W2PRT9;Q540M3;I1VXM3;A0A0U5L7I7;A0A180K1J1;A0A2P1CQH6;A0A345F7A7;F5BZ30;B6ECH5;B7XGC2;A0A583ZB06;Q75WB6;B0LV24;R9WAS6;A0A076V371;A6N9E1;S0F0M8;T2MJ84;V9VYY9;W0T236;W6SQV0;F6IQS3;Q8MHP8;A0A346HFZ2;M4VMS8;A0A7L7TUJ9;A0A6B7HGF8;I2GUK0;E3Q1V2;A0A2H5CP65;B3V990;Q308P3;Q546F7;A0A678ZVR3;E0WMV2;Q546Q4;D5H3I6;A5I8L1;A4UUL3;Q4LAU0;Q8WLS4;Q5R1M0;Q60I39;A0A7L4X7M1;B5A516;Q68Y63;F6IQV4;U5YKE8;H2DDR7;U5YMG9;U5YJG6;F6IQU9;F6IQS5;F6IQU8;U5YJH8;U5YJI7;X5CHJ2;A5PHT6;A0A2R2WVJ3;M5AUI8;A0A2R4KZT8;L7WQ81;A0A0H3W567;A0A061A7U0;F2X5P6;D2KZ37;A0A167RMM9;W6SNC0;A0A6B9CQX0;A0A6G6D3S7;F6IQT0;A0A343J4W0;M4VLP5;D7GNM3;L7WM55;E0WMM9;Q6L6T0;D5L6G2;D2KZ29;D5H3U0;U5YJN4;F6IQS7;U5YKC3;M1KQ42;W8E988;A7LKN0;F5ATC5;E5BBI6;H9BE43;A7MAP2;M4VSA0;A0A3G8GE33;B9W1S7;L7XDT5;I2G8B5;L7XDE9;D1H0T8;D2KZ31;N0GWB7;F6IQV3;A0A0G3VSP7;R9WXA9;A0A6C0SGQ9;E3UM70;F6IQS8;N0AAA5;F6IQS6;F6IQV2;D5H3T9;A0A3S6RF54;U5XMI1;B1Q4W3;B1B6Q4;A0A4Y6GW76;A8ILL3;A0A0H3W5K9;B0LV25;D1H0T5;A0A2P1K6F1;F4ZZU3;A0A061CVW2;A2V815;A0A583ZAV3;A0A0N7G7C7;D7NMJ8;A0A6G6D3T3;M1XK38;M9TME2;N1NUT9;D9IDV1;G3C9V4;Q206J8;W8NKY4;Q6R741;V5L197;U4QB70;Q6L676;I7ARY8;A0A4P2STQ1;Q6VS85;Q4W6C3;F2XI29;D3YLL1;Q95IB1;Q6L6Q3;T1RT90;A0A4Y5UYA0;F6IQU5;M9R0Q6;A0A0G3EM61;G8GBV1;A0A1W2PPQ2;U5YMF9;U5YJI3;U5YMN5;F6IQT5;F6IQT8;F6IQU6;M4NJR5;U5YJP1;A0A076JT77;A0A125S9I1;F6IQU7;A0A076V5S4;F6IQT9;F6IQT7;F6IQT1;U5YJN8;D5H3T7;F6IQT2;Q6L6R5;F8WSJ2;I2GUJ9;G9G815;A0A1L7NQ88;Q4JLV8;S5NIY1;G9IHU5;N1NSY8;U6EV21;S5T475;A0A515HFK3;A0A0N9Q8N5;Q50I06;Q5EPE9;F6IQV1;I3VB19;E7BDE1;U5YJP4;U5YMN1;T1WGK5;G1UK07;Q29757;F6IQT3;C6L835;U5YMP0;D3YFD3;A0A482GLQ3;A0A455WHI8;A0A223PK90;I6QTM5;A0A583ZAX1;Q9BD14;Q4VYU3;Q06FC3;K4TZQ2;A5A4L6;A0A5H2UEN5;A0A5A4LIT7;A0A6B7ICS9;A0A0S4XR60;A0A2H4ZAS5;A0A2H4ZAU2;U6A3P1;I3ZN80;A0A678ZVL5;A0A2H4ZAT3;A0A0S4XR32;A0A513WWM0;A0A4P2ST93;A0A6B9HR62;A0A4P2SR64;A0A6B9VR87;A0A2U3QLL5;A0A0S4XR59;A0A0U5IHM5;A0A6M8DNE3;A0A212MH17;Q9MYB7;A0A286LDB6;A0A223FLI8;A0A220IGB9;A0A218NI37;A0A5J6WG98;A0A286LDB8;A0A0U5KJ30;A0A678ZIF2;A0A858LGS5;A0A1Y6MTK5;A0A1W1B5Y6;A0A142J252;A0A140HM97;A0A6M3YCA4;A0A2P9FIE9;A0A0S4XRJ3;A0A7R9KD51;A0A060VCY8;X5MNS5;A0A060VHJ3;A0A060VCU4;B1PKZ2;A0A897ZLK4;A4UTT5;A0A346HFZ4;A0A7S5L7D3;A0A7R9PTK5;A0A7R9PSZ7;A0A858B875;A0A7R9KD16;A0A0U5Q0A6;A0A3S6RF12;A0A6M8PU90;A0A7R9KB74;A0A583ZB85;A0A7R9KAL2;A0A7L4X8T3;A0A0D6K9D0;A0A7R9KB44;A0A7R9KAS3;D6ML34;F2X5Z8;A0A3S6RI13;F8R8G5;G1EPB9;A0A1S5QQQ2;A0A858LJN4;C7FDP3;A0A858B730;A0A1L2BM59;A0A0A7C8N4;A0A141AZ44;M9P8Y6;A0A0X7YL60;X2KYR1;A0A0G2R0N8;A0A0N7A486;A0A0A7C5L7;A0A0A7C4M9;A0A0A7C4L8;A0A2H4ZRT0;A0A0A7C4X7;A0A0S4XR22;A0A2P9FIE8;A0A4P2SRZ1;A0A7U3K2D5;A0A2H4WPY6;A0A7U3K2J2;A0A2H4FZD8;A0A2H4FZE7;A0A2H4FZE4;A0A288QXT9;A0A2H4FZA4;A0A2I4PYZ2;A0A2I4PZ50;A0A2I4PZ51;D5FZI4;A0A3S6RI14;A0A2U7N9N3;A0A2U7N3A1;A0A2H4FZF0;A0A2I4PZ30;A0A2H4G3X0;A0A1S5QQQ7;A0A164D2Y1;A0A186VMY7;A0A186VMZ1;A0A288Q9N3;A0A288Q9M5;A0A1Y5VRC7;A0A1S5QQV3;A0A1S5QQR1;A0A1L2BM56;A0A0K0KRW8;A0A1L2BM37;A0A1C8DVA2;A0A1C8DV45;A0A1C8DTH8;A0A1C8DTG3;A0A1C8DS72;A0A186VNF9;A0A0X7YV41;A0A0M3STW0;A0A0A7C4X2;A0A0K0KR30;I6R6Z3;A0A0E3DCR4;A0A0E3DCP0;A0A0E3DC67;A0A0E3DC63;A0A0E3DC21;A0A0D6E0U1;A0A0A7C8Z8;A0A0A7C7B2;Q2YHQ6;A7X555;D7NNP8;F2X614;A0A0E3DD78;Q9TPS0;D2DKV9;A0A0E3DD48;O02922;A0A679KDS7;A0A0A7C3R2;A0A0K0KR12;A0A0A7C557;A0A0A7C4X6;A0A0A7C4K2;A0A0A7C4E0;A0A0A7C4C4;A0A0A7C3R0;A0A0G2R1E8;A0A0G2R0Q2;A0A0G2R0P9;A0A0N7A467;A0A0A7C529;A0A0A7C5K0;A0A0A7C7A8;A0A0N6W7J2;A0A0G2R0Q8;A0A0N7A498;G9HW31;H6UV71;H6A2D0;H2BE85;H2BDP9;H2BDP2;H9BQ75;F2X5X1;D5FHL8;D5FHL3;D5FHL1;D3U7U7;D5FHG4;D5FHK2;D5FHJ5;D5FHJ4;D5FHJ3;D5FHJ1;D5FHI5;D5FHI3;H6V078;H6V7S7;H9BQ76;H2BDN7;G9HW26;G9HW22;G9HRP9;I3VZ03;G1EPB0;G1EPH2;F2VP54;G9I2J4;H2BDN8;I3VZ07;H2BDP1;I3QHQ8;I3QHQ6;I3QHP8;I1W1L6;I1V1X2;H9C5J5;H9BQ77;D5FHI2;D5FHH7;D5FHH0;D2DKY7;D3U6A4;D3U696;D2DL17;D2DL15;D2DL14;D2DL13;D2DKZ3;D2DKZ0;D2DKY4;D5FZI0;D2DKY0;D2DKX8;D2DKX3;D2DKX2;D2DKW7;D2DKW6;D2DL20;D2DKW3;D5M8F4;D5FHP1;G1EPG9;D5G236;D5FHG9;G1EPG8;D5FHN0;D5FHN1;D5FHN9;D5L9B6;D5L9B5;D5G237;D5FZJ2;D5FHP5;D5FZI8;D5FZI5;D5FHM6;A0A0G2R139;D5FHQ5;D2DL18;D5FHQ1;D5FHP6;G9HW29;G9HW61;G1EP35;G9HW63;F8R132;G0KXI5;G0KXH9;G1EPA5;G0KXH7;F8SKU5;F8SKU3;F8SKU0;G1EPA6;F8SKT9;F8SKT3;F8SKT2;F8RHD4;F8R8I8;F8R8I5;F8R8G4;G0KXH4;G1EPA8;F2VP70;F8R128;F8R124;F8R109;F6KRL2;G0ZDS6;G0ZDS1;G0W2J0;F8R100;F6KRP3;F6KRN2;F6KRL9;F6KRL5;F6KRL0;F2X5X4;F6KRK8;G1EP94;F6KRK6;F4YZT2;F6KRK0;F4YU06;F4YU05;F2X5Y6;K7P623;G1EPF2;J7F4Z8;J9PVN8;G1EPH3;I6M539;I6MHG8;K7P5E2;K0DCI9;J9PWW7;J9PWQ3;J9PW05;J9PVN7;K7P5Y2;J9PVC8;K7P5B1;K9L8B8;F2X5X3;G1EPH1;G9I2I9;G9HW71;G9HW66;K7P5P7;K7P622;J7F4Y7;I6NWH3;I7APH3;I6ZTN5;I6SW68;I6RGV3;I6RCX1;I6RCW7;I6QU12;I6QQT2;I6NS70;A0A0U2IVR5;I6NS53;I6NN64;I6MHH0;J7F565;J7F7A7;J7F7A8;J7F8I4;L7PEY7;D2DL22;E3SG79;D3U693;D3U475;D2DKV8;M1FYE2;M1FXS8;C5J030;W0NQ20;C5IZR8;V5P5S1;M9PAL1;M9PAJ8;M9PAJ4;M9PAA5;M9PA13;M9P8Y7;M9P8Q5;M9P8G5;M9P8G4;M9P8G2;M4N7T9;S4TZK4;E0WBX5;M1F4U4;E9LXZ7;A0A583ZB18;D7R0T9;D7NSQ0;D7NPL3;D9U3G6;M1F4U3;M1F4U5;C5IZP1;B6VAW7;A0A5H2UYR0;B5M9A4;A0A678ZGY6;A2TEL8;A5HJL0;A5JSF8;A8YQI5;B1A9K5;B2CZD8;B2CZD9;D5FHS2;M1FXE6;C9WEM5;C7FDP7;C9WEL5;D1G121;D1MEQ2;C9WEL7;C9E1E0;C9WEK8;C6K4E0;C7FDP2;C8XTP3;C9WEM9;C8XTP9;C9DRQ2;C9E1D2;C9WEK9;M1F5P4;C9WEK4;C9WEK6;A0A4P2ST70;C9WEN0;C9WEM6;M9PNW8;Q9TQ68;T1R380;Q1PBJ9;Q4GX03;R4QQS6;R4I4D7;R4I3G4;Q9TQP4;Q9TQL5;Q9TPU6;Q3BK09;Q9TPU2;Q9TPQ6;Q9TPQ5;Q9MYF8;Q9MYA9;Q8MHN7;Q5QRY8;Q53ZP1;D7R8B1;D7RJ51;D9U3G4;E1U674;E2GJS0;E2GJD2;E0WBY0;E9LXZ5;E2D5N1;E2D5M8;E2D5L1;E2D5L0;E1U671;E3SWF4;E0YTH7;E5D6K4;E5DCM3;E5G0Y4;E7BY92;F2VNH6;F2VNG8;F2VNG3;D2DL23;E3SWF8;F2VNF5;D3U431;D3U472;D3U460;D3U452;D3U450;D3U448;D3U6A0;D3U446;D3U438;D3U428;E3SWG2;E2GJF8;D3JT98;D3G9K1;D3G9K0;D3U439;M1F4C2;D5M8G2;D5M8H0;F2VNF9;F2VNC8;D9U3G5;D7NP96;D6MJB4;D6MJB3;D6MJB1;D6MJ85;D6MJ81;D6MJ80;D7NP78;D7NP89;D7NPA4;D6MJD1;D6MJC2;D5FHR5;E0WBX9;E0WBX3;E0WBX2;E0WBX0;E0WBY4;E0WBW9;E2DH70;D3U430;F1CCR5;D6MJC3;E0YTG7;F1CCR3;F1AQL7;E9LY09;E9LXZ4;E9LXZ3;E9LXY0;E0WBY1;F1CCR2;D6ML28;D5M8G8;E0X9J9;E0WBY3;D7NNR8;D7NNQ9;D7GN26;D6ML45;D6ML31;G1EP13;K9L8C0;G0ZMH0;F8R133;G1END3;G1END9;G1ENY0;G1ENY8;A0A186VMY1;A0A288QRD7;G1ENC8;G1EP11;A0A288QET2;A0A288QBY1;G1EP38;A0A180H787;A0A160YKF9;A0A141AZ75;A0A141AZ53;A0A109NRD3;A0A109NRD1;A0A109NRC6;A0A0X7YL67;G1ENC9;G1ENB9;G1EP44;G1ENB7;G1EP39;G1EP54;G1EP76;G1EP83;G1EP86;G1EP87;G1EP91;G1EP92;G1EPA1;G1EP30;F8SKT4;G1ENC4;G0ZDS7;G1EP04;G0ZMG8;G1BEX2;G1EMJ4;G1ENB4;G1ENB5;A0A0X7YJN9;G1EP43;A0A0U5G6L0;A0A0U2XJU5;B0JE60;D5FHI1;D5FHH4;E2DH81;D3U482;A0A0E3DCQ5;A0A0K0KR34;A0A125T5D0;A0A2H4FZF5;A0A583ZB03;G0ZDS2;W0NTM2;D2DKW2;D3U444;D2DKX7;D3U453;D2DKV5;A0A186VMV1;D3U483;D6MJA1;D6MJA2;F6KRL3;M9P8T0;D7NSP7;D5FHM9;F6KRI9;G0KXI3;G0ZMH3;G1ENA5;G1EP57;G3CC80;G9HW30;E2GJF0;D5FHI0;D5L9A4;C9WEM2;D7NSP5;E2DH77;F4YU27;C8XTN1;H9C5J2;I3VZ04;K4JDI9;K9L7Q4;K9L8E1;O62891;E7D4X3;F2VP66;C8CH67;E0WBX7;E5G0X0;H2BDP8;D7NQT2;D9IFQ5;A0A2U7NE42;A0A0A7C3T3;A0A096XJU1;A0A0E3DC45;C8CH63;A5JSG1;D6MJ82;A0A0K0KRA9;A0A1X9I3T8;A0A288QBX4;A0A2I4PZ06;A0A060VHF9;A0A141AZ72;A0A180H643;D7NSP4;M1F5P6;F2X613;C7FDP4;N0A498;A0A1D6ZRR5;E0X9K4;E1U675;E1U676;E5FXC2;A0A3S6RI20;M9PNQ9;E3SG78;B1VK55;A0A186VMV3;W0NT88;A0A186VN46;A0A0A7C7L3;Q05G00;D2DKW1;M9P9J2;A5YVG3;Q7YQ39;F2X606;Q56H48;G0ZMG7;G9HW33;I6RUN0;C8XTN5;A0A1L2BM16;A0A1L2BM24;A0A1L2BM39;B8YCR3;C9WEK5;A0PFV7;A0A6F8ZCB5;A0A2I4PZM6;I2B300;A0A2I4PZ10;A0A1S5QQS6;D2DL16;D2DL12;A0A1S5QQU9;X2KXS0;U5IRI1;M1F4B5;I7B291;I3UI48;A0A1S5QQU7;E3SWF5;A0A0A7C6Z1;G1ENE5;G1EP58;G1EP84;C9WEM7;A0A2I4PZ33;I6TMZ6;A0A1X9I5I4;A0A0A7C3X2;A0A0A7C3X8;A0A0A7C7G5;A0A1C8DTE2;A0A1C8DUF3;A0A0A7C7Q9;A0A0K0KR16;A0A0K0KRA0;A0A0N6W7J1;A0A0N7A452;A0A0N7A478;A0A0N7A653;D3U436;Q7YQ40;K7P563;K7P5V8;D5FHK1;E2D5N0;F6KRK3;O19796;E5DCM5;Q53YS0;R4QQS1;V5JAE0;D5FZJ1;D5FZH9;D5FHF3;L0BVU6;D3U455;D3U451;D3U447;L7UP32;K4JBH4;A0A060VCY9;J7F4Y4;E9LXY5;E9LY10;K7P5J0;F8SKU9;O19520;C8C9V3;L0BXI7;M1FUR7;U5IQM1;M9P8Q8;Q106U3;Q38MU1;S4TZH8;U5IQG9;U5IQL3;A0A1S5QQV2;Q8HWG7;D2DKX0;T1WG45;X2KYV2;A0A1X9I3T9;K9LD70;A0A1X9I403;A0A0K0KR11;A0A142J243;K0DCK3;F2VP50;A0A8F2PX41;A0A0E3DD18;C9DSL3;F2X5Y5;A0A0K0KR15;D2DKU9;A0A0G2R0Q6;Q45FD7;D3U440;E0WN53;A0A0A7C3S8;A0A0E3DCL3;A0A288Q9J8;A0A1X9I415;A5HBZ4;B8Y1X0;D5FHQ2;D3U432;K9LCN1;A0A0E3DC03;A0A0A7C3S9;A0A0A7C8U3;A0A0K0KR33;D2DKY5;C8CH62;A0A6M6CEL9;A0A0A7C3X3;C6K4H2;U6JME0;A0A060AF62;D2DKX1;D1G122;I7B294;B2ZRW3;A8E027;A3FEL9;A0A3S6RF26;A0A141AZ73;D2DKV1;B5BLV9;A0A0M3LD53;A0A0K0KRT5;A0A0K0KR69;A0A141AZ61;B8Y6A5;C5IZK4;D2DKV0;C5IZP6;C6K4E2;A0A0X7YIW3;I2B306;A0A238HDN6;D2DKW4;F1AQL4;G0KXG7;G0KXH6;G0KXI4;G1BEX4;G1EP42;G1EP70;G1EP90;A0A0A7C721;G9HW77;A0A068B6T4;I6NN01;A0A1C8DS83;G1EPH6;D2DKV3;D2DKV4;G0KXI9;D5FZV9;D5M8F1;A0A288QC03;D5FZW0;D3U445;D3U434;A0A4V0NP56;A0A0A7C3V4;Q95IB5;T1WFC0;F1AQK6;U5IRJ2;F2VP58;M1KQ57;O19672;U5IT36;U5YQQ7;M1FUQ5;A0A0A7C4Y6;A0A2H4FZE3;F2X5Z7;A0A0A7C8F2;A0A0E3DD84;A0A120GVR8;A0A141AZ57;Q95387;F1AQL8;D2DKW8;Q70FC8;A0A288Q8T9;A0A288R146;A0A0G4KBJ2;A0A0A7C7S1;A0A1B2RVQ2;D5G1R0;A0A858LHN4;D5G1Q9;A0A288Q9P2;A0A0A7C584;G1EP52;S4TZJ6;Q8WLT0;E0WN51;D9ZNB2;D7R0V9;D7NQT5;D7NPL1;D3U774;D3U437;D2XUR6;C9WEK7;C1KBJ7;C0M116;B5KNJ5;A0A4P2SQT7;O19671;E5G0Y3;I3UI59;J7F8H8;L7ZD04;E2GJD9;E2GJR3;G1ENZ3;A0A2H4G016;H9BQ74;M4ML74;G4XN23;L0BXL1;A0A0E3DCR3;A0A1S5QQP8;E0WBX6;E0X5Z4;G1EPD9;G8GID9;H9C938;J7FK25;M4SPW9;F8R111;M9PAA3;D5FHF4;Q9MY36;D3U6A3;C8C9V8;P79557;S5CRT6;E5FYM9;A0A109W0K0;C8XTP4;K7P5I8;F6IR54;F6IR56;F6IR57;K9LD79;M1F4B6;A0A1S5QQT6;B6DX30;A0A1C8DWJ0;A0A0A7C887;A0A0A7C4M4;M4N6H1;M9PNN5;A1DZU4;Q2I0Z0;M9WLY1;G0KXG9;D3U771;J7F574;I6NS57;I6NN70;I6TMZ2;K0P0H0;R4L0K0;B1PQ26;C5IZN8;Q9GJ34;A6YT91;B2G3G4;A0A288QC11;A0A7L4X8R9;I3UI77;G0KXH3;A0A2I4PZN8;K9LC05;A0A0A7C921;A0A288R155;G0X8Q2;G0X8R2;I2B307;E2GJG3;C8XTP5;C9WEL8;U6JMI6;C6H0P0;A0A3G2FQP1;Q9MYF6;D2DKX5;A0A0N9QWF4;Q1W5T2;Q9TPR6;E5G0Y1;D3U6A6;A4USH3;Q9TP39;Q9TPV7;G1EP34;M1KVN1;S0F3A9;R4L7V4;A0A1C9ZWK6;E2DH76;D3JT95;D2DKX6;D2DKY1;D6ML41;Q0PMJ8;D2DKY3;D2DKZ1;D5FHR0;A5JSG0;D3U697;D5FHN3;D5FHJ2;D3U474;A0A186VMY8;A0A0N7A4L4;B0F9M8;A0A0A0YLW6;A0A0K0KR82;A0A098F6N4;A0A077XLA2;E0WN52;B3VTP9;A7BKB6;A0A8F4JDK3;A0A1C8DSQ9;A0A2H4FZD6;A0A1X9I3V1;A0A0X7YYH4;I3VZ09;D3U429;A0A0E3DD32;A0A0N7A476;G1ENA3;G4XFZ7;A0EVJ8;A0A0G2R1L0;A0A0G2R0Q9;A0A0G2R0R3;A4ZW41;A0A2H4FZ98;M9WQH8;A0A0G2R125;Q85ZX7;Q9GJM0;A0A288Q8S1;A0A1L2BM55;A0A0A7C7R2;A0A1D8QLY1;A0A1X9I3S3;A0A1S5QQV1;D5FHS3;A0A0N7A482;A0A7S5GRU0;M4WMI0;A0A0E3DD91;Q860A9;O98007;K7DXW1;A1Z0L6;A0A5H2UFD2;A0A1X9I3S5;A0A1X9I3Q1;A0A0A7C3N7;A0A186VMY4;S5CK39;A0A180H6W4;Q29738;A0A0K0KRD0;A0A0N7A469;A0A0N7A629;A0A1L2BM27;A0A0X7YIU4;A0A0K0KR27;A0A120GW97;A0A0X7YIX1;A0A4V0NP57;C8CH64;A0A4P2SRJ6;A0A4P2SSH2;A0A4P2STS1;A0A4P2SR26;A0A4P2SQX5;A0A4P2SQS4;A0A4P2SQR5;A0A0K0KR13;A0A120GWB7;A0A120GWA5;D6MJA8;A0A1C8DSA2;A0A1C8DUB7;L0BVV3;F2VYI7;F2X5Z3;F2X602;F8R0Z8;G1EMJ5;G1EP47;G1EPB2;E0X9P9;D7NPB4;D7NNT1;D7NNT0;D1MGM9;A0A583ZB29;D5FHL2;A0A4P2SQR3;D5FHN5;G1EPF3;D6MJA7;F2VP61;F2VNI7;D6MLM1;D7NNN2;U5IQG8;Q27I55;Q29740;Q29741;Q53ZT6;Q6J0S2;Q6UJZ7;Q29920;L0BXK3;F2VNE1;L0BXJ2;L0BWZ2;F2VP55;E5G0X4;E7BY91;E7CYP4;E9LXY8;E8ZF50;G9I2J7;G9I2I8;G9HRN5;G1EPE6;K7WPD2;J9ZZZ7;I6QQS8;I6NXE6;I6MHF7;I1V1X1;H9C8X9;H9BNV0;G1EPE4;K7X491;G1EPE3;K4JDI3;D7NNN6;D6MLM2;D6MLM0;D6MLL9;D6MLL8;D6MLL7;G1EPF5;K9LCM7;G4XFZ2;G1EPE9;G3DR83;G3DR82;G1EPG1;G1EPF8;G1EPF7;G1EPF6;G1EPF1;G1EPF0;D7NNP6;L0BVM7;K7P5J3;H2BDP0;G1EPE7;H2DMM0;H9C5G2;L0BVU9;L0BVN3;L0BVM9;Q25B79;Q14FJ2;O19797;A7UDS4;A0A288Q9L3;A0A583ZB50;A0A858LFG7;A0EVJ9;A2TJ23;A2VBX6;A5JSF5;A5JSG5;A9YQ94;A0A0G2R0V4;B0F9N2;B5LZ20;B8Y1Y4;C6K4D8;C6K4F6;C7FDP8;A0A0E3DC04;A0A858B910;A0A288Q8U2;A0A0G2R0R8;A0A288QER0;A0A0A7C6Y6;A0A1X9I4K7;A0A0E3DCM8;A0A0K0KR26;A0A0G2R1G4;A0A288Q8V9;A0A0G2R135;A0A0A7C5F6;A0A0A7C6Q5;A0A0A7C716;A0A0G2R0N5;A0A0A7C720;A0A0A7C7T4;A0A1S5QQU2;A0A0K0KR87;A0A0A7C8H1;A0A0A7C8P7;A0A0E3DC01;A0A0E3DD53;A0A583ZB27;A0A583ZB04;M9PA42;A0A288QRE4;D6MLJ2;C9E1E4;A0A2H4V0S9;C8XTP0;A0A4P2SQY3;S5CK42;U3RHF6;U5IT40;T1WER2;S4WCY0;Q4A1D3;Q9TQ25;Q95IZ3;Q8HWG6;L0BXK8;L0BXP2;M4SRY5;D1MEQ4;C9E1E3;A0A0A7C3Y5;A0A068B426;A0A2H4FZB8;A0A2H4FZD7;A0A2I4PZ26;A0A2I4PZ54;A0A2I4PZ55;A0A2U7MWD5;A0A2U7NI48;A0A455JTN7;A0A583ZAX8;A0A583ZAY7;A0A583ZAZ4;A0A583ZAZ8;A0A0A7C594;A0A0A7C579;A0A0A7C4E6;A0A0A7C3Y6;A0A583ZAY6;Q8WMB3;I0BW47;U5YE94","A0A4P2STB9"
"P05388;A8K4Z4;Q53HW2;Q53HK9;F8VWS0;Q6NSF2;F8VU65;B4E3D5;F8VW21;Q8NHW5;F8VPE8;G3V210;F8VZS0;F8VRK7;F8VQY6;F8VWV4;F8VS58;Q3MHV2;F8W1K8",-0.495726524853769,28.9217869415829,-0.935584124042035,0.356687948331585,0.564725741546301,-6.12374708231762,"P05388;A8K4Z4;Q53HW2;Q53HK9;F8VWS0;Q6NSF2;F8VU65;B4E3D5;F8VW21;Q8NHW5;F8VPE8;G3V210;F8VZS0;F8VRK7;F8VQY6;F8VWV4;F8VS58;Q3MHV2;F8W1K8","P05388"
"O60613;A0A0J9YX89;A0A3B3IT39;A8MZD0",-0.54523904140488,23.3700755892507,-0.934417597717063,0.357279666689617,0.565331735183506,-6.1248199805996,"O60613;A0A0J9YX89;A0A3B3IT39;A8MZD0","O60613"
"Q13308;B3KP36;Q9NSQ6;H0Y8F1;C9JQR6;Q59FV9;Q86X91;B7Z471;F8WDG7;C9J9E8;H7C5L0",0.489186823741758,26.7743693310182,0.934115107808533,0.357433209933272,0.565331735183506,-6.12509798559738,"Q13308;B3KP36;Q9NSQ6;H0Y8F1;C9JQR6;Q59FV9;Q86X91;B7Z471;F8WDG7;C9J9E8;H7C5L0","Q13308"
"Q99497;V9HWC2;K7ELW0;K7EN27",0.505490836796152,29.1751551871619,0.933131432654972,0.357932822554472,0.565716388163205,-6.12600144990384,"Q99497;V9HWC2;K7ELW0;K7EN27","Q99497"
"Q6NZI2;B4DPZ5;B4DNU9;B3KRY5",0.514694921567028,27.7036754636139,0.932922178000068,0.358039163268409,0.565716388163205,-6.12619352554631,"Q6NZI2;B4DPZ5;B4DNU9;B3KRY5","Q6NZI2"
"P18206;A0A384NYN5;V9HWK2;B3KXA2;B4E3Q9;B4DKC9;B4DTM7;A0A7R6RQ50;A0A096LPE1",0.50081534109848,29.0446744613683,0.932134790561808,0.358439490943683,0.566062163166252,-6.12691590685767,"P18206;A0A384NYN5;V9HWK2;B3KXA2;B4E3Q9;B4DKC9;B4DTM7;A0A7R6RQ50;A0A096LPE1","P18206"
"P02647;A0A024R3E3;F8W696",-0.673751513626851,23.9875662483209,-0.930970670486893,0.359031899737186,0.566129266772298,-6.12798286237638,"P02647;A0A024R3E3;F8W696","P02647"
"Q9UHN6;B4DTX3;H3BLX9;B3KNL9;B4E1B9;F5H6B2",-0.546214287917433,23.076102628581,-0.930805705461927,0.359115900933109,0.566129266772298,-6.12813395651911,"Q9UHN6;B4DTX3;H3BLX9;B3KNL9;B4E1B9;F5H6B2","Q9UHN6"
"Q8WU20;L7RTG7;A0A384NQ31;F8VX65",-0.524427986289538,23.097352198676,-0.93080245705909,0.359117555169674,0.566129266772298,-6.12813693153001,"Q8WU20;L7RTG7;A0A384NQ31;F8VX65","Q8WU20"
"B2RB38;Q9Y5Y0;H7C3Z2",-0.506540509545164,23.5311956878534,-0.930624824591304,0.35920802146277,0.566129266772298,-6.12829959916762,"B2RB38;Q9Y5Y0;H7C3Z2","B2RB38"
"O60762;A0A804HJ93;A0A0S2Z4Y5;Q5QPK2;H0Y368",-0.512723088341424,23.655230086748,-0.928226666990966,0.360430847181089,0.567743429594096,-6.13049284999028,"O60762;A0A804HJ93;A0A0S2Z4Y5;Q5QPK2;H0Y368","O60762"
"O14672;A0AV88;H0YNC5;B5MC71",-0.487505952711015,29.0715718933292,-0.927902678042723,0.360596259706927,0.567743429594096,-6.13078874616145,"O14672;A0AV88;H0YNC5;B5MC71","O14672"
"P17066;Q53FC7;B3KSM6;B2R6X5;A0A384NKX5;B4DHP5;P48741",-0.536111357996589,22.8029658559119,-0.92642618275809,0.361350716737229,0.568628609712538,-6.13213597960659,"P17066;Q53FC7;B3KSM6;B2R6X5;A0A384NKX5;B4DHP5;P48741","P17066"
"Q00796;V9HW89;A0A6I8PIS1;B4DKI2;H0YKB3;A0A6I8PRA7",-0.494619712690834,27.2692393791943,-0.926089118040721,0.361523094921437,0.568628609712538,-6.13244325120051,"Q00796;V9HW89;A0A6I8PIS1;B4DKI2;H0YKB3;A0A6I8PRA7","Q00796"
"P67936;V9HW56;B4DVY2;A0A2R8Y5V9;A0A2R8YGX3;B4DTB1;A0A2R8YE05;K7ENT6;A0A5F9UN72;K7EPB9;A0A590UJB9;A0A590UK79;A0A5F9UKJ4",0.507740962430759,28.3947183662284,0.925568151797524,0.361789628480125,0.568761013724552,-6.13291796133828,"P67936;V9HW56;B4DVY2;A0A2R8Y5V9;A0A2R8YGX3;B4DTB1;A0A2R8YE05;K7ENT6;A0A5F9UN72;K7EPB9;A0A590UJB9;A0A590UK79;A0A5F9UKJ4","P67936"
"P30740;V9HWH1;B4E3A8;O75830;C9J7N5;B4DDY9",-0.506685516853636,29.4455328672052,-0.924339688074679,0.362418638796573,0.569462838491945,-6.13403635105296,"P30740;V9HWH1;B4E3A8;O75830;C9J7N5;B4DDY9","P30740"
"Q13303;B0AZM0;Q6FG44;B2R776;A8K1X9;A0A5F9UN28;A0A590UJB6;A0A590UJJ4;Q6FG22;B2R615",-0.498187640973541,22.8363740779296,-0.922128551307215,0.363552616172043,0.570731060490084,-6.13604582415076,"Q13303;B0AZM0;Q6FG44;B2R776;A8K1X9;A0A5F9UN28;A0A590UJB6;A0A590UJJ4;Q6FG22;B2R615","Q13303"
"Q96FN4;B2RD40;A8K8A4;H3BPR8;H3BUC8",-0.518231485909475,24.6469583391602,-0.92205235719135,0.363591733630586,0.570731060490084,-6.13611498796781,"Q96FN4;B2RD40;A8K8A4;H3BPR8;H3BUC8","Q96FN4"
"B7Z9C0;I3L3Y6;I3L3F5",-0.473566202010673,28.3392675538019,-0.911618117829295,0.368974659926625,0.578889318063955,-6.14553539368179,"B7Z9C0;I3L3Y6;I3L3F5","B7Z9C0"
"Q8WTS6;D6RJA0",0.542977166450676,23.0788208795257,0.911080461574808,0.369253433488789,0.579004252032316,-6.14601805937358,"Q8WTS6;D6RJA0","Q8WTS6"
"Q9BZL6;Q8N2H2;A0JLT6;B4E125",-0.510461270658709,23.0915808974381,-0.91076089608238,0.369419192543863,0.579004252032316,-6.14630481248086,"Q9BZL6;Q8N2H2;A0JLT6;B4E125","Q9BZL6"
"P84095;Q6ICQ8",0.48736177927508,30.7538779808805,0.909578388162565,0.370032982846127,0.57967497413213,-6.14736507412881,"P84095;Q6ICQ8","P84095"
"R4GMR5;P48556;B4E2Y4;K7EJR3;A0A8V8TPK1;V9HW09;A0A8V8TQ44;K7EJC1;Q5U0B3;A0A8V8TR48;K7ERW6;K7ENY6",-0.513437833248748,26.7113726394821,-0.909035332280895,0.370315082924647,0.579825674519063,-6.14785155234914,"R4GMR5;P48556;B4E2Y4;K7EJR3;A0A8V8TPK1;V9HW09;A0A8V8TQ44;K7EJC1;Q5U0B3;A0A8V8TR48;K7ERW6;K7ENY6","R4GMR5"
"P57730;G5EA35",-0.498346264190062,23.2368219997602,-0.907811306840897,0.370951438380631,0.580108485210675,-6.1489470448027,"P57730;G5EA35","P57730"
"P00558;V9HWF4;B4E1H9;B4DHM5;B4DHB3;B4DWQ3;Q16444",0.491365021877328,31.9083204716655,0.907501432760401,0.371112650873719,0.580108485210675,-6.1492241576728,"P00558;V9HWF4;B4E1H9;B4DHM5;B4DHB3;B4DWQ3;Q16444","P00558"
"P32119;V9HW12;B4DF70;A6NIW5",-0.481067622457214,29.7953342732321,-0.907366619785779,0.371182801774702,0.580108485210675,-6.14934468966427,"P32119;V9HW12;B4DF70;A6NIW5","P32119"
"Q9P035;H3BRL8;H3BPZ1;H3BS72;H3BMZ1",-0.52203838680423,23.0571552582908,-0.907257341510175,0.371239671843702,0.580108485210675,-6.14944237944394,"Q9P035;H3BRL8;H3BPZ1;H3BS72;H3BMZ1","Q9P035"
"P30101;V9HVY3;B3KQT9;A0A8I5KT88;B3KQT2;A0A8I5KNU9;A0A8I5KW33;A0A8I5KS72;A0A8I5KW00;A0A8I5QKQ5;A0A8I5KPY2;A0A8I5KXC9;A0A8I5KRV3;A0A8I5KYJ6;A0A8I5KXE2;A0A8I5KP58;A0A8I5QJM1;H7BZJ3;A0A8I5KTA1;A0A8I5QKT6",0.490216751835771,27.7413665189547,0.903435714740778,0.373232069909723,0.582795713084643,-6.15285172567621,"P30101;V9HVY3;B3KQT9;A0A8I5KT88;B3KQT2;A0A8I5KNU9;A0A8I5KW33;A0A8I5KS72;A0A8I5KW00;A0A8I5QKQ5;A0A8I5KPY2;A0A8I5KXC9;A0A8I5KRV3;A0A8I5KYJ6;A0A8I5KXE2;A0A8I5KP58;A0A8I5QJM1;H7BZJ3;A0A8I5KTA1;A0A8I5QKT6","P30101"
"Q9BV44;H7C0R6;H7C3J3",0.557397294983456,23.5942122025905,0.903118303553805,0.373397863415979,0.582795713084643,-6.1531342807634,"Q9BV44;H7C0R6;H7C3J3","Q9BV44"
"Q5TBR1",-0.500110612935639,23.0028298850875,-0.902626986344862,0.373654587592956,0.582795713084643,-6.15357145900961,"Q5TBR1","Q5TBR1"
"Q9NRM0",-0.45385889476125,23.3695545455948,-0.902527140296462,0.37370677337906,0.582795713084643,-6.15366027530365,"Q9NRM0","Q9NRM0"
"Q8WX93;B2RTX2;A0A994J7A4;Q4W5A6;Q7L8P5;H0YA05;A0A3B3ISX8;D6R9F5;F8WA26;Q86TC9;A0A087WX60;A0A8J9ASZ5",0.462931071931578,25.5397120906388,0.901518731951075,0.374234095733853,0.583027269871357,-6.15455676509632,"Q8WX93;B2RTX2;A0A994J7A4;Q4W5A6;Q7L8P5;H0YA05;A0A3B3ISX8;D6R9F5;F8WA26;Q86TC9;A0A087WX60;A0A8J9ASZ5","Q8WX93"
"P07093;B4DMR3;C9JN98",0.539439995950186,23.8664089934662,0.901062254490561,0.374472958019709,0.583027269871357,-6.15496226782924,"P07093;B4DMR3;C9JN98","P07093"
"P13726;B2R6M5;Q86SE7;Q8NCW7;Q86WH3",0.487859052614233,30.4936352676706,0.900941411358216,0.374536208504097,0.583027269871357,-6.15506958384022,"P13726;B2R6M5;Q86SE7;Q8NCW7;Q86WH3","P13726"
"P46109",-0.482442825301955,26.1154563535459,-0.90081388356851,0.374602965316511,0.583027269871357,-6.1551828214308,"P46109","P46109"
"Q8WXX5;Q2VIL4",0.571458187155855,23.4104822538086,0.899679387130301,0.375197178313835,0.583660847461772,-6.15618952214745,"Q8WXX5;Q2VIL4","Q8WXX5"
"Q9UJ70;A0A384N6G7;H7C3G9;C9JEV6;H7C286;H7C1L7;E9PPU6;H0YEB7;H0YC94;H0YF44;H0YE82;Q6ZMB4",-0.471658801029879,26.6937717872832,-0.896172628822792,0.37703776545929,0.585882782930583,-6.15929365257074,"Q9UJ70;A0A384N6G7;H7C3G9;C9JEV6;H7C286;H7C1L7;E9PPU6;H0YEB7;H0YC94;H0YF44;H0YE82;Q6ZMB4","Q9UJ70"
"Q9H3Z4;Q8TET0;Q6AHX3",0.52086975743056,28.3421206169023,0.896161245862678,0.377043749510323,0.585882782930583,-6.15930370987352,"Q9H3Z4;Q8TET0;Q6AHX3","Q9H3Z4"
"P22059;B4DR25;H0YCV6;H7C368;H7C428;A0AAA9YHZ8",-0.493587482436411,26.1983690962462,-0.895884900214482,0.377189043964287,0.585882782930583,-6.15954783517526,"P22059;B4DR25;H0YCV6;H7C368;H7C428;A0AAA9YHZ8","P22059"
"P15880;Q8N5L9;Q3KQT6;Q6IPX5;Q8J014;E9PQD7;H0YEN5;E9PMM9;Q8NI61;E9PPT0;I3L404;Q9BSW5;E9PM36;O60249;H3BNG3;H0YE27;Q6ZNN8",-0.488654813994522,28.1697842262968,-0.8949553666823,0.377678031136202,0.585937075343565,-6.16036846607949,"P15880;Q8N5L9;Q3KQT6;Q6IPX5;Q8J014;E9PQD7;H0YEN5;E9PMM9;Q8NI61;E9PPT0;I3L404;Q9BSW5;E9PM36;O60249;H3BNG3;H0YE27;Q6ZNN8","P15880"
"Q9BSJ8;B3KY56;B3KMV5;F8VZB1",0.520857379399576,26.0303664189941,0.894815379487213,0.377751707792114,0.585937075343565,-6.16049198257397,"Q9BSJ8;B3KY56;B3KMV5;F8VZB1","Q9BSJ8"
"Q9P0K7;B4DNL3;B3KMZ9",0.550605112338236,23.7598843815293,0.894553465407099,0.377889580725826,0.585937075343565,-6.16072303096415,"Q9P0K7;B4DNL3;B3KMZ9","Q9P0K7"
"P30086;D9IAI1;A0A0K0K1J6;B4DRT4;V9HW05",-0.473858430439936,29.2778854895306,-0.894390392767394,0.377975439432912,0.585937075343565,-6.16086685362414,"P30086;D9IAI1;A0A0K0K1J6;B4DRT4;V9HW05","P30086"
"P22694;B1APG2;B1APF8;B1APF9;B1APG3;B7ZA00;A0A087WVC4;B2RB89;B4E2L0;B1APF7;B1APG1;B1APG0",0.471955897509492,23.0493326931297,0.892858597601277,0.37878255373132,0.586896564872323,-6.16221661275516,"P22694;B1APG2;B1APF8;B1APF9;B1APG3;B7ZA00;A0A087WVC4;B2RB89;B4E2L0;B1APF7;B1APG1;B1APG0","P22694"
"Q09666;Q6ZQN2;B4DTV0;Q8N274;Q13727;E9PKR9;E9PLK4;Q96EC4;E9PJZ0;E9PJC6;E9PQE3;P48552;A8K171",0.485397843766492,29.7886292131186,0.892487101302914,0.378978465405037,0.586908556900849,-6.16254363020261,"Q09666;Q6ZQN2;B4DTV0;Q8N274;Q13727;E9PKR9;E9PLK4;Q96EC4;E9PJZ0;E9PJC6;E9PQE3;P48552;A8K171","Q09666"
"P67870;N0E4C7;Q5SRQ6;Q5SRQ3;A0A1U9X7J2;N0E472;A0A7I2YQ78;N0E466;A0A0G2JM12;B4DUJ4;N0E6J1;N0E638;N0E650;A0A0G2JM58;N0E644;A0A7I2YQQ2;A0A7I2V500;N0E4D3;N0E469",-0.475352797405701,25.982617321544,-0.89178451247264,0.379349160236832,0.587191082272298,-6.16316174567904,"P67870;N0E4C7;Q5SRQ6;Q5SRQ3;A0A1U9X7J2;N0E472;A0A7I2YQ78;N0E466;A0A0G2JM12;B4DUJ4;N0E6J1;N0E638;N0E650;A0A0G2JM58;N0E644;A0A7I2YQQ2;A0A7I2V500;N0E4D3;N0E469","P67870"
"Q9HAC8",0.642119603472651,24.2285159605839,0.889508699463668,0.380551513456289,0.588760005193535,-6.16516076145803,"Q9HAC8","Q9HAC8"
"O14920;A0A499FJS7;B4DP95;A8K4I7;G3V105;E5RGW5;B4E0A7;A0A7P0SVL5;Q59GL9;Q32ND9;B3KRB7;J3KNS5;E5RGA0;A1L159;A0A7P0NCV2;E5RFG5;A0A7I2V4L0;E5RFT3;E5RIW0;E5RJH2",-0.523534854513002,23.3915986541316,-0.888351096379615,0.381164037154796,0.589415286011804,-6.16617570953527,"O14920;A0A499FJS7;B4DP95;A8K4I7;G3V105;E5RGW5;B4E0A7;A0A7P0SVL5;Q59GL9;Q32ND9;B3KRB7;J3KNS5;E5RGA0;A1L159;A0A7P0NCV2;E5RFG5;A0A7I2V4L0;E5RFT3;E5RIW0;E5RJH2","O14920"
"P62913;Q5VVD0;Q5VVC8;Q08ES8",-0.488452193192995,28.4257823538369,-0.887052347308659,0.381852000689101,0.589897966943207,-6.16731291576464,"P62913;Q5VVD0;Q5VVC8;Q08ES8","P62913"
"Q969U7;Q9P1R6;A0A8V8TNA9;Q9P0C1;A0A8V8TMV1;K7ENR6;A0A8V8TP80",0.550970082915441,23.5372916686442,0.887047746892931,0.381854439005557,0.589897966943207,-6.16731694115663,"Q969U7;Q9P1R6;A0A8V8TNA9;Q9P0C1;A0A8V8TMV1;K7ENR6;A0A8V8TP80","Q969U7"
"Q96HN2;H0Y8B3;Q6ZNS6;C9K0S0",-0.528710566681401,23.3724383098964,-0.886423485023255,0.382185403738014,0.590112376754125,-6.16786299023184,"Q96HN2;H0Y8B3;Q6ZNS6;C9K0S0","Q96HN2"
"Q5GLZ8",-0.455828045283162,26.0687222033246,-0.886072380367774,0.382371629823689,0.590112376754125,-6.16816994511017,"Q5GLZ8","Q5GLZ8"
"Q9Y224;Q5RLJ0;Q549M8;G3V4C6;H0YJB9;G3V4E7",-0.467524589719009,25.6737038499245,-0.884073145479728,0.383433136682902,0.591457939324417,-6.1699155839434,"Q9Y224;Q5RLJ0;Q549M8;G3V4C6;H0YJB9;G3V4E7","Q9Y224"
"P12268;A0A384N6C2;A0A7I2V2T3;A0A994J749;E7ETK5;H0Y4R1;A0A7I2YQK5;B7Z1G4;Q6QE17;Q6RUP8;Q6RUP9",0.485850493886161,28.0580813850436,0.882536136981536,0.384250506984656,0.592387664668662,-6.17125508106854,"P12268;A0A384N6C2;A0A7I2V2T3;A0A994J749;E7ETK5;H0Y4R1;A0A7I2YQK5;B7Z1G4;Q6QE17;Q6RUP8;Q6RUP9","P12268"
"P13798;C9JIF9;H7C393;H7C1U0;C9JLK2;F8WEH5",-0.472840224943127,26.4033762220035,-0.882079702661463,0.384493450699047,0.592387664668662,-6.17165243536406,"P13798;C9JIF9;H7C393;H7C1U0;C9JLK2;F8WEH5","P13798"
"P09769;Q5TGY6;B7Z6W7;P78453",-0.505008754707674,24.0659790945543,-0.881739951644008,0.3846743520078,0.592387664668662,-6.17194808281634,"P09769;Q5TGY6;B7Z6W7;P78453","P09769"
"P61221;D6R9I9;D6RGF4;H0Y990",0.487822534417809,26.3401135153018,0.880730046950206,0.385212400601774,0.592387664668662,-6.17282625127902,"P61221;D6R9I9;D6RGF4;H0Y990","P61221"
"O00151;V9HW92",0.508114204775428,26.7408839085432,0.880705182425923,0.385225653797436,0.592387664668662,-6.17284786030568,"O00151;V9HW92","O00151"
"Q15599;Q6NTG0;H3BMF5",0.474378433188864,27.9958033716574,0.880505251414505,0.385332230899878,0.592387664668662,-6.17302159339154,"Q15599;Q6NTG0;H3BMF5","Q15599"
"P30153;A0A994J3H1;A8K7B7;A0A994J3N8;B4DDF7;C9J9C1;B4DQY1;A8K3H8;B4DE69;Q8NB89;B3KQV6;B4E1Q0;A0A994J6A3;E9PH38;E9PHZ6;E9PPI5;M0R0K6;E9PNM7;M0QXG4",-0.484312740056886,28.8991625074113,-0.880443102533693,0.385365364415747,0.592387664668662,-6.17307559096654,"P30153;A0A994J3H1;A8K7B7;A0A994J3N8;B4DDF7;C9J9C1;B4DQY1;A8K3H8;B4DE69;Q8NB89;B3KQV6;B4E1Q0;A0A994J6A3;E9PH38;E9PHZ6;E9PPI5;M0R0K6;E9PNM7;M0QXG4","P30153"
"P61966;A0A2R8YGH5;H7C1E4;F6SFB5",-0.471879249974421,25.0472841287833,-0.875917239784375,0.387783150099333,0.595649660958168,-6.17699811194546,"P61966;A0A2R8YGH5;H7C1E4;F6SFB5","P61966"
"P08195;F5GZS6;A0A7P0Z4A0;A0A7P0TAN7;A0A7P0Z4P5;A0A7P0T9F7;F5GZI0;F5H056;A0A7P0TAT7",0.479427898981164,29.9173358110427,0.875756240247974,0.387869336776544,0.595649660958168,-6.17713729462786,"P08195;F5GZS6;A0A7P0Z4A0;A0A7P0TAN7;A0A7P0Z4P5;A0A7P0T9F7;F5GZI0;F5H056;A0A7P0TAT7","P08195"
"Q9NPH3;A8K6K4;C9J1D9;C9JT28;H7C3W4;C9J9W1",-0.459876880577337,26.9142879872197,-0.874471160471036,0.38855770770121,0.596127375397858,-6.17824736258409,"Q9NPH3;A8K6K4;C9J1D9;C9JT28;H7C3W4;C9J9W1","Q9NPH3"
"O95573;A0A7P0TBB1;B3KN05;A0A7P0TA76;B2RBE0;A0A7P0T8L6;A0A7P0TB52;Q6PIM8;A0A7P0T905;A0A7P0TBL9;H7BYZ7;F5GWH2",0.481384241817906,23.4719129528964,0.874461910028114,0.388562665656892,0.596127375397858,-6.17825534761215,"O95573;A0A7P0TBB1;B3KN05;A0A7P0TA76;B2RBE0;A0A7P0T8L6;A0A7P0TB52;Q6PIM8;A0A7P0T905;A0A7P0TBL9;H7BYZ7;F5GWH2","O95573"
"P42566;A0A994J5J3;A0A994J5A3;Q7Z5V0;B1AUU8;A0A994J841;B7Z240;A0A994J5W4;S4R3U1;A0A994J7R8;B3KR37",0.453865917711944,24.211843061737,0.873979109153648,0.38882148830191,0.596231180931002,-6.17867199219382,"P42566;A0A994J5J3;A0A994J5A3;Q7Z5V0;B1AUU8;A0A994J841;B7Z240;A0A994J5W4;S4R3U1;A0A994J7R8;B3KR37","P42566"
"Q9NV70;A0PJ99",-0.490022098318391,26.3031029151075,-0.871421962183505,0.390194172904322,0.598042076308885,-6.18087509361193,"Q9NV70;A0PJ99","Q9NV70"
"Q9NP72;B7Z5V3;Q5W0J0;B7Z4P9;A0A8C8NLQ3;A0A804HIB9;Q59EW3;A0A804HJJ8;Q9BZT2;A0A804HLG5;A0A804HK95;A0A804HKH8;A0A804HKK5;A0A804HL88;A0A804HIY1;A0A804HIM2;A0A087X163;A0A804HJ83;A0A804HL33;A0A804HKV1;A0A804HLH7;A0A804HL37",0.470460968015633,26.4219591930114,0.870948465887676,0.390448685813175,0.598138237255055,-6.18128235887288,"Q9NP72;B7Z5V3;Q5W0J0;B7Z4P9;A0A8C8NLQ3;A0A804HIB9;Q59EW3;A0A804HJJ8;Q9BZT2;A0A804HLG5;A0A804HK95;A0A804HKH8;A0A804HKK5;A0A804HL88;A0A804HIY1;A0A804HIM2;A0A087X163;A0A804HJ83;A0A804HL33;A0A804HKV1;A0A804HLH7;A0A804HL37","Q9NP72"
"P30041;V9HWC7;A4UCS6;B4DUK1",-0.44975440471606,29.9447791402525,-0.86878253481678,0.391614261742904,0.599629299153715,-6.18314264148481,"P30041;V9HWC7;A4UCS6;B4DUK1","P30041"
"Q92499;A0A7I2V430;A0A7I2V4F0;A3RJH1;A0A087X2G1;A0A087WZ71;F1T0B3;A0A7I2YQ77;A0A7I2V2M5;B4DP70;A0A7I2V4J3;A0A7I2V421;A0A7I2V5X8;A0A7I2YQD0;A0A7I2V4Q0",-0.53585224299826,25.3045951339218,-0.86753239474713,0.392288020151575,0.599633995345103,-6.18421435971971,"Q92499;A0A7I2V430;A0A7I2V4F0;A3RJH1;A0A087X2G1;A0A087WZ71;F1T0B3;A0A7I2YQ77;A0A7I2V2M5;B4DP70;A0A7I2V4J3;A0A7I2V421;A0A7I2V5X8;A0A7I2YQD0;A0A7I2V4Q0","Q92499"
"Q15813;A0A2R8Y5Q8;A0A2R8YHI9;A0A2R8YFL4;A0A2R8Y4V6;A0A2R8Y7E7;A0A2R8Y6Q1;A0A2R8Y809;A0A2R8YER9;B7Z4X8;A0A2R8Y784;A0A2U3TZJ6;A0A2R8Y6L2;A0A2R8Y7H8;A0A2R8YFM3;A0A2R8Y4E7;A0A2R8Y4P2;A0A2R8Y6G3;A0A2R8Y787;A0A2R8Y5H6;A0A2R8Y897",0.480755726122723,23.8501735441787,0.867404096907521,0.392357207492583,0.599633995345103,-6.18432426359225,"Q15813;A0A2R8Y5Q8;A0A2R8YHI9;A0A2R8YFL4;A0A2R8Y4V6;A0A2R8Y7E7;A0A2R8Y6Q1;A0A2R8Y809;A0A2R8YER9;B7Z4X8;A0A2R8Y784;A0A2U3TZJ6;A0A2R8Y6L2;A0A2R8Y7H8;A0A2R8YFM3;A0A2R8Y4E7;A0A2R8Y4P2;A0A2R8Y6G3;A0A2R8Y787;A0A2R8Y5H6;A0A2R8Y897","Q15813"
"Q13641",-0.487531525032026,26.5555373107811,-0.867385703920046,0.392367126938577,0.599633995345103,-6.18434001832257,"Q13641","Q13641"
"Q9BRP8",-0.462344275505174,23.3001491027046,-0.867350085144662,0.392386336806462,0.599633995345103,-6.18437052710047,"Q9BRP8","Q9BRP8"
"O00571;F6S8Q4;A0A2R8Y645;A0A2R8Y774;Q59GX6;A0A2R8Y4A4;B5BTY4;A0A2R8YFS5;A0A2U3TZJ9;A0A2R8YFR4;A0A0D9SG12;A0A2R8YCW1;A0A2R8YF78;A0A0D9SFB3;A0A2R8Y5G6;A0A0D9SF53;A0A2R8Y7T2;A0A2R8YDT5;A0A2R8YDH3;Q5S4N1;B4DLU5;A0A0J9YVQ7;A0A087WVZ1;C9J081;Q9NQI0;D6RCM4;B4E3C4;A0A2R8YCU0;H0Y960;A0A2R8Y650;A0A2R8Y4D2",-0.462855575020555,27.4480097705882,-0.865787034193273,0.393229908173172,0.600628836235124,-6.18570816263372,"O00571;F6S8Q4;A0A2R8Y645;A0A2R8Y774;Q59GX6;A0A2R8Y4A4;B5BTY4;A0A2R8YFS5;A0A2U3TZJ9;A0A2R8YFR4;A0A0D9SG12;A0A2R8YCW1;A0A2R8YF78;A0A0D9SFB3;A0A2R8Y5G6;A0A0D9SF53;A0A2R8Y7T2;A0A2R8YDT5;A0A2R8YDH3;Q5S4N1;B4DLU5;A0A0J9YVQ7;A0A087WVZ1;C9J081;Q9NQI0;D6RCM4;B4E3C4;A0A2R8YCU0;H0Y960;A0A2R8Y650;A0A2R8Y4D2","O00571"
"Q3B7J2;B3KRH8",0.4885333115297,23.3216185750832,0.863967492314364,0.394213356702943,0.601671958644956,-6.18726240576507,"Q3B7J2;B3KRH8","Q3B7J2"
"Q13753;B4DLD1",-0.459758224183311,26.7450907059407,-0.863724189341142,0.394344978331997,0.601671958644956,-6.18746999788875,"Q13753;B4DLD1","Q13753"
"Q15717;M0QZR9;A0A494C015;A0A0A0MRX1;A0A494C147;B1APY9;A0A494C0F8;A0A494C1D9;A0A494C0M6;A0A494C0Q5;P26378;A0A494C173;M0R055;A0A494C011;A0A0R4J2E6;B7Z5E0;Q12926;B1AM48",0.565368401551609,25.3604955442266,0.863453305307086,0.394491553520018,0.601671958644956,-6.18770105735396,"Q15717;M0QZR9;A0A494C015;A0A0A0MRX1;A0A494C147;B1APY9;A0A494C0F8;A0A494C1D9;A0A494C0M6;A0A494C0Q5;P26378;A0A494C173;M0R055;A0A494C011;A0A0R4J2E6;B7Z5E0;Q12926;B1AM48","Q15717"
"Q96AX1;B2RDH6;A0A2R8YF87;H3BMM5;F5H6Y0;F5H2X5;F5H7N5;Q9H6C4",-0.47818336745318,23.199174380317,-0.863029698426009,0.394720836229764,0.601727413587797,-6.18806224844615,"Q96AX1;B2RDH6;A0A2R8YF87;H3BMM5;F5H6Y0;F5H2X5;F5H7N5;Q9H6C4","Q96AX1"
"Q96C19;A0A024QZ77;H0Y4Y4;Q9BUP0;Q53SA2;Q7Z2R5;B4DEE0;Q59EU6;C9JTV4;Q8WYH2",0.459341471797462,27.4630002548486,0.859371102733085,0.396704614490628,0.604456127306434,-6.19117474749264,"Q96C19;A0A024QZ77;H0Y4Y4;Q9BUP0;Q53SA2;Q7Z2R5;B4DEE0;Q59EU6;C9JTV4;Q8WYH2","Q96C19"
"Q9HAU0;B4DHK5;A0A9L9PX43;A0A8V8TQJ6;A0JP02;B4DMB9;B4DJX4;A0A8V8TQ09;A0A8V8TQJ8;A0A8V8TR40;F6VRM0;A0A8V8TRE5;H0YGJ6",-0.427121765981514,23.3728633167905,-0.858243448416367,0.397317325751535,0.604805792339802,-6.19213154390839,"Q9HAU0;B4DHK5;A0A9L9PX43;A0A8V8TQJ6;A0JP02;B4DMB9;B4DJX4;A0A8V8TQ09;A0A8V8TQJ8;A0A8V8TR40;F6VRM0;A0A8V8TRE5;H0YGJ6","Q9HAU0"
"Q9H4M9;B2R5U3;A0A024R571;B4DMV9;B4DR44;B4DTR4;B4DZH9;C9JC03;C9J2Z4;C9JIJ3;C9IZH1;C9JDQ8",0.47361560020796,29.5457250398894,0.858234997150064,0.397321920007776,0.604805792339802,-6.19213871015164,"Q9H4M9;B2R5U3;A0A024R571;B4DMV9;B4DR44;B4DTR4;B4DZH9;C9JC03;C9J2Z4;C9JIJ3;C9IZH1;C9JDQ8","Q9H4M9"
"P08962;F8VNT9;F8VV56;F8W022;F8VWK8;W6A4U0",0.459787385333872,29.3362745870565,0.856437627736315,0.398299764769374,0.605998520153989,-6.19366125988527,"P08962;F8VNT9;F8VV56;F8W022;F8VWK8;W6A4U0","P08962"
"Q9Y2V2;H3BTK3;I3L3X8;H3BSW7;H3BUY4;H3BPY5;H3BNU9",-0.560774302123011,25.030790526043,-0.855907611599194,0.398588405938868,0.606141998109863,-6.19410965521385,"Q9Y2V2;H3BTK3;I3L3X8;H3BSW7;H3BUY4;H3BPY5;H3BNU9","Q9Y2V2"
"P43243;A8MXP9;A0A0R4J2E8;Q68D11;D6REM6;D6R991;B4DRS1;Q5CZA7;B3KM87;D6RB45;Q68E03;D6R8Z5;D6REK4;D6RCM3;D6RBS2;D6R9F3;A0A1B0GX04;Q9H4N1",-0.525275558154132,24.046170813947,-0.855273925052969,0.398933678257612,0.606371414466614,-6.19464540878519,"P43243;A8MXP9;A0A0R4J2E8;Q68D11;D6REM6;D6R991;B4DRS1;Q5CZA7;B3KM87;D6RB45;Q68E03;D6R8Z5;D6REK4;D6RCM3;D6RBS2;D6R9F3;A0A1B0GX04;Q9H4N1","P43243"
"O43324;D6RBD7;C9J1V9;H0YAL7;D6RCQ0;H0YAH9",-0.435234755003332,25.7191130220853,-0.854792857264745,0.399195920312491,0.606474464420194,-6.19505187748439,"O43324;D6RBD7;C9J1V9;H0YAL7;D6RCQ0;H0YAH9","O43324"
"O15400;B4DH37;B4DWC2",-0.504157757169796,26.3128792501113,-0.854212992939496,0.399512163396357,0.606492725020992,-6.19554153261161,"O15400;B4DH37;B4DWC2","O15400"
"Q5VZM2;Q7L523;Q5VZM0",0.505926308754443,23.820443603163,0.85405777530617,0.399596841910272,0.606492725020992,-6.19567254937464,"Q5VZM2;Q7L523;Q5VZM0","Q5VZM2"
"Q9UNE7;H3BTA3;H3BUD0;H3BS86",0.455759543383557,26.3690225449096,0.851870125886711,0.400791511523124,0.607905504881122,-6.19751669530775,"Q9UNE7;H3BTA3;H3BUD0;H3BS86","Q9UNE7"
"Q9UBF2;A0A140VK12;Q9H9B7;B3KND4;Q9NUP3;Q9H279;Q9NSM7;Q92521;H3BS45;B2RBK6;F5H1S1",-0.467201300356678,24.6350548210751,-0.851099233298978,0.401213029580771,0.607905504881122,-6.19816546815361,"Q9UBF2;A0A140VK12;Q9H9B7;B3KND4;Q9NUP3;Q9H279;Q9NSM7;Q92521;H3BS45;B2RBK6;F5H1S1","Q9UBF2"
"P35606;H0Y938;H0YAC7;A0A7I2V258;B4E2C9;A0A7I2V3G0;A0A7I2YQF9;D6R997;D6RBT6;D6RBZ7;D6RCL6;D6RBG7",-0.468598755115444,27.2407389076484,-0.851027615033787,0.401252204057071,0.607905504881122,-6.19822571268835,"P35606;H0Y938;H0YAC7;A0A7I2V258;B4E2C9;A0A7I2V3G0;A0A7I2YQF9;D6R997;D6RBT6;D6RBZ7;D6RCL6;D6RBG7","P35606"
"Q14CX7;A8K8X0;H0YHR9",-0.492271263769634,23.5661942771133,-0.850926916815893,0.401307289051052,0.607905504881122,-6.19831041079716,"Q14CX7;A8K8X0;H0YHR9","Q14CX7"
"P53999;Q6IBA2;Q59G24;B7Z1Z0;D6RC37;Q6E433;D6R970",-0.591850289903121,24.7621207320979,-0.850111243781782,0.401753662526507,0.608286249233094,-6.19899612789023,"P53999;Q6IBA2;Q59G24;B7Z1Z0;D6RC37;Q6E433;D6R970","P53999"
"P62937;A8K486;V9HWF5;B2RE56;B4DM82;Q71V99;C9J5S7;F8WE65;A0A7I2V5J5;A0A7P0S768;F5H284;A0A0B4J2A2;A0A0H2UH34;E5RIZ5;P0DN26;A0A075B759;Q9Y536;A0A075B767;B2RXF3;P0DN37",-0.465637113301142,32.1450097929307,-0.848790749119244,0.402476959473583,0.608598651933459,-6.20010490700422,"P62937;A8K486;V9HWF5;B2RE56;B4DM82;Q71V99;C9J5S7;F8WE65;A0A7I2V5J5;A0A7P0S768;F5H284;A0A0B4J2A2;A0A0H2UH34;E5RIZ5;P0DN26;A0A075B759;Q9Y536;A0A075B767;B2RXF3;P0DN37","P62937"
"Q15293;V9HW95;Q5J7V8;E9PP27",-0.581164913045722,23.4773621479856,-0.848302249480309,0.402744741029307,0.608598651933459,-6.20051466865795,"Q15293;V9HW95;Q5J7V8;E9PP27","Q15293"
"P05455;B5BUB5;E9PGX9;E9PFL9;E7ERC4;Q14730;Q9UMH5",-0.526791582946519,24.2722839595228,-0.847776120447968,0.403033275180947,0.608598651933459,-6.20095574277999,"P05455;B5BUB5;E9PGX9;E9PFL9;E7ERC4;Q14730;Q9UMH5","P05455"
"P11234;C9J6B1;C9JQB3;B4E364;C9JYR1;F8WEQ6",-0.467589995176404,30.5686136182055,-0.847730207821639,0.403058460261698,0.608598651933459,-6.20099422070941,"P11234;C9J6B1;C9JQB3;B4E364;C9JYR1;F8WEQ6","P11234"
"B3KSL2",-0.52972460105752,22.9432975746096,-0.847645414664455,0.403104975611393,0.608598651933459,-6.20106527796395,"B3KSL2","B3KSL2"
"P23258;A0A7P0T9G6;Q9NRH3;K7EIS0;A0A1B4Z394;K7EKE5",-0.549602488182224,23.8138841958495,-0.847598429699175,0.403130751809723,0.608598651933459,-6.20110464877153,"P23258;A0A7P0T9G6;Q9NRH3;K7EIS0;A0A1B4Z394;K7EKE5","P23258"
"Q8IYI6",-0.470683046814649,24.6686051768599,-0.846459656279836,0.403755805574352,0.609247391188391,-6.2020582412692,"Q8IYI6","Q8IYI6"
"P61803;F5H895;A0A0B4J239;F5GXX5;Q53G02",-0.509034846817492,22.7028185170821,-0.845004469357599,0.404555418527387,0.610158776782843,-6.20327501357279,"P61803;F5H895;A0A0B4J239;F5GXX5;Q53G02","P61803"
"Q9BWD1;Q59GW6;A8K4W5",-0.482054946981993,26.6025306731247,-0.843869737695873,0.405179632879239,0.610804869478176,-6.20422244691689,"Q9BWD1;Q59GW6;A8K4W5","Q9BWD1"
"A0A0N9HRK5;A0A1G4HPY8;A0A2S1B6V2;A0A1G4HPW4;A0A3S6RHP3;A0A2I6J4B0;A0A0S4XQV7;A0A2K4N853;A0A2K4Y3H1;A0A678ZIA4;A0A3S6RFH9;P04439;D5H3U1;C5IWY0;B2R7U3;A0A6G7S6I1;A0A6S7XTF4;A0A6S7XX17;A0A6S7YP09;A0A7L7TND1;A0A0S4XQY0;A0A2I6J4A6;A0A7R8ND24;A0A0S4XQY1;A0A375B7T7;A0A2P9FIN2;A0A346THJ1;A0A0S4XQP0;A0A0S4XQR9;A0A0S4XRI6;A0A2P9FIG8;A0A2H4WPW6;A0A0U5KK56;A0A0S4XRD4;A0A3S6RF59;A0A223FL01;A0A286LD97;A0A2H4ZAS3;A0A0S4XRI5;A0A7L7TX66;A0A7R9KAD9;A0A2U3QLJ9;A0A678ZMH4;A0A4P2SSP6;A0A4Y5WSJ0;A0A5H2UF78;A0A5H2UHK1;A0A5H2UI71;A0A6B9KAI8;A0A678ZKK9;A0A678ZVN3;A0A4P2SRE5;A0A678ZZD8;D5H3U2;A0A678ZZE9;A0A6B7FTG2;A0A6B7FU34;A0A6B7FVM4;A0A7U3K2I5;A0A4P2SRS4;A0A411GA17;A0A7R9KB27;A0A858LGA7;A0A7R9KBA2;A0A6C1HWG5;A0A7R9PT76;A0A7U3K2B1;A0A7U3K2F2;A0A7U3K2G2;A0A7U3L8P7;A0A858LKF4;A0A3S6RI33;A0A8E4J507;A9YWM1;B1PKY1;A0A6C1HWN0;A0A6B9VUB6;A0A5H2UYR7;A0A5H2UYK0;A0A346MPT9;A0A0S4XR96;A0A2U3QLI6;A7L858;A0A1C3PHA9;A0A125R6G4;A0A3Q9B4Q6;Q29840;X5MI21;A0A345F0V2;A0A060VCY5;A0A0D6K972;A0A060VHC2;X5MFE4;A5I8L2;A0A2U3QLH8;Q5SRN5;A0A9L9PXG1;A0A1W2PS24;A7MAP4;A0A1V0EFF9;A0A7L7TUL6;A0A286LD96;A0A3G4R8Q7;A0A2H4WPY7;A0A2U3QLQ4;X5MFD7;A0A0S4XRT2;A0A9L9PY26;A0A286LD98;A0A1V0EFI3;A0A5P8I434;A0A0U5Q331;A0A5H2UUH1;A0A7R9PSY4;A0A2U3QLI3;A0A1G4HQ08;A0A2P9FII5;A0A2U3QLL9;A0A410P8C3;A0A9L9PYF9;A0A7L4X7E9;A0A6C1HWE5;A0A6B7IEM1;A0A678ZH46;A0A5A4M334;A5PHP7;G8FQ53;A0A5A4LJA0;R9WYX8;M1KE04;A0A858B8J5;A0A7R9KAK2;D0AB29;A0A1C3PHG8;D5H3U4;A0A0D6E067;A0A455JVW4;A0A4V0NP52;A0A678ZGZ8;A0A858B927;A0A678ZN67;A0A0U5LBS5;A0A678ZWL4;A0A8E4J527;D7GM35;D9UB10;F4NCR9;A0A0D6K9K6;A0A0K0TQ18;A0A3S6RFA8;H2DMX5;Q2A688;S5CRT1;D5H3U3;A0A1Z2RP28;A0A143Y4D5;A0A9L9PXF6;C5IWZ2;A0A3S6RFJ2;D1MYY8;C7U1K2;C6H0N8;B6VA02;B6ECH6;B6ECH2;A7MAK2;A0A2D1WB98;A0A7L9VYC9;A0A1W7IP21;C7E539;A0A7U3L8N4;A0A7U3K2K7;A0A286RNI7;A0A0N9E2I7;Q5SRN7;A0A0D6K9L7;E1B2D6;A0A0D6K9K8;Q861B7;I0J2M4;D0V0C4;F6IQV7;B4E2X4;E7BBA1;A0A4P8D7G8;A0A0K3AQ92;A0A1Z1EGK5;U5YMP4;A0A0F6SCZ8;A0A0S2C4N3;A0A060VCY6;A0A6N0A1S6;Q5S3G3;A0A7S5GSM8;A0A5H2UUW3;A0A2S1B6V6;A0A2R3STY5;A0A2P9FIS9;A0A291NGK6;A0A286RNH0;A0A1Z2R893;A0A1S7SKC6;A0A1G4HPV3;A0A3G6IIS6;A0A5H2UUF9;A0A2U3QLM4;A0A7D3UWS0;A0A5H2UYJ8;A0A7U3L8M6;A0A7U3K2M4;A0A7T3RIS7;A0A7R9PSV1;A0A7R9KAX0;A0A7R9KAM5;A0A5A4LH43;A0A7L7TR54;A0A7G4WM27;A0A2U3QLP6;A0A2Z4C138;A0A3G2LWU0;A0A5A4M307;A0A2U3QLL3;A0A7R9KAQ5;A0A7U3K2F1;A0A858B925;X5MBH2;A0A1W1B695;A0A858B842;A0A6B7FTE9;A0A5H2UHU6;A0A5H2UF23;A0A5A4LLF6;A0A583ZB21;A0A4V0NP68;A0A4P2SSM5;A0A4P2SSK8;A0A4P2SSI7;A0A4P2SQV2;A0A455JS07;A0A3S6RF85;A0A5H2UT43;A0A3G8GE10;A0A7D7QND4;A0A7R9KAE6;A0A858B763;A0A678ZH10;A0A583ZB34;A0A858BAV9;A0A858B956;A0A583ZB79;A0A1D3KYM2;A0A6C1HWM2;A0A6S7YTK2;A0A0S4XQW9;A0A1D0BSQ3;A0A1D8MAL2;A0A5H2UYP3;A0A649ZU83;A0A6M8PV20;A0A6B7HGG7;A0A6B9KHB8;A0A6S7YB88;A0A678ZIN6;A0A678ZWM0;A0A6B7FTH7;A0A6C0SGK5;A0A6B7FUZ8;A0A6B7FVE5;A0A6B7HG58;A0A6B9VR84;A0A6B7KQ45;A0A678ZGM1;A0A678ZWM3;A0A6B7FT87;A0A1C3PHG3;A0A173ADK6;A0A3S6RF33;A0A2I6J4D4;A0A5H2UEP3;A0A2H4RK80;A0A7R9KAX6;A0A0S4XRV2;A0ZXY8;A0A6C0TKS0;A0A6B7HGE9;M4TCH1;A0A6B7FSY7;A0A8F4GDW7;X5MI15;A0A090KKC3;A0A060VG42;A0A678ZM25;Q4A1H0;W6CHX3;L7X986;I2E8C4;A0A0U5IHK3;B2DFW7;F6IQV8;A0A6B7FTH0;A0A7G4RN38;A0A455JTM2;A0A5B9QYU6;A0A7S5GS05;A0A7U3K2J7;A0A858LGT7;Q2LC93;A0A6B7KV80;A0A678ZZI0;A0A678ZW80;A0A5H2UYT5;A0A583ZB83;A0A2P1CXW7;A0A4P2STU3;A0A3S6RHQ5;A0A3S6RFD8;A0A346MPT7;A0A2U8RNL0;A0A7L4X7H4;A0A6S7XX07;A0A6S7XU09;A0A286LDB1;A0A6C0VB37;A0A291NGN0;A0A286LDB0;A0A7U3K2H6;A0A4P2STV7;A0A7D5H2K1;A0A7R9PTI9;A0A678ZZC3;A0A858B942;I2GAD6;A0A223PYB8;U5YMP9;U5YKF9;U5YKC8;U5YJQ0;U5YJP8;U5YJK1;U5YJJ6;A0A2D1CHG2;A0A076JS26;A0A2K4Y3F8;F6IQV9;F6IQW5;A0A2I6SQU3;F6IQW4;F6IQW3;F6IQW2;A0A3S6RI04;F6IQW0;A0A6M6CC39;F6IQW6;A0A5H2UIC5;A0A076JXB7;F6IQY2;A0A1D8MAN8;A0A6B7IFL7;A0A5A4LTQ0;A0A0A1EAW8;A0A2Z6IEZ1;A0A3G8GE25;A0A7R9KAI7;A0A1S5UXJ4;A0A6B9KGV8;D5LN74;A0A0F7NGH0;Q0E7X7;A0A1W1B5M6;A0A583ZB55;Q95J07;D6CIC1;E3UN97;Q7YPW4;B1PT16;A0A866W2Z2;A0A286RNH2;A0A143Y239;B2MVI0;Q6IVJ9;A0A5A4LLF0;A0A0D6K9L8;G0Z6Y6;G9FTK2;A0A410JA26;A0A2P9FIS3;A0A858LHP1;A0A7R9PT89;A0A858B9G6;A0A3S6RF24;A0A7U3L8D9;A0A1W1B5Q9;A0A2H4WPZ2;A0A2I6J4B1;A0A2U3QLK0;A0A8F4JG78;A0A866VWG0;A0A6B9HSD8;A0A3G2LWQ6;A0A455JTQ2;A0A4P2SS15;A0A1Z2R875;A0A4P2SSH9;A0A142J2B1;A0A5H2UEZ4;A0A6B7FUX4;A0A3S6RHY6;A0A6B9MMF8;A0A6C0SH12;A0A7R9KAH2;A0A7R9PSR9;A0A6C0SGT3;A0A7U3K2H2;A0A7U3K2K3;D5H3U6;A0A1W1B5P4;A0A1D8MAR2;F6IQW1;A0A1D3KYM1;A0A7U3K2H0;F6IQX0;A0A858LHN0;A0A858BAV0;A0A410P7W7;F6IQX7;F6IQX6;F6IQX5;F6IQY0;A0A3G2FPD9;F6IQX2;A0A678ZKN1;A0A4P2STQ9;F6IQY5;F6IQX1;F6IQY1;A0A3S6RIB2;F6IQZ0;F6IQW9;F6IQZ1;F6IQW8;D9UAY2;A0A3G5BD32;A0A0U5PXQ4;A0A1B1LKE5;A0A1P8SNK9;D5H3U5;C7C6D3;A0A7D7Q764;S0F2B1;S5U3G8;W0G8I7;F8LSY2;A9IW15;B1Q4X2;H2D5G2;G0UE14;G0M6G1;W6CJ57;W6SIV4;W8NKP1;F8T1H2;A0A0N9QNI4;A0A0N9MPC4;F8LSV3;A8E0Y3;C7C695;R4KXX0;Q4W6C0;M5ETC1;M5A8I6;Q6F3E3;Q9TQP8;L7Y4K8;K7W4U9;B7VBV1;J7I2U3;I7B4Y2;A0A1G4NQS3;R4NJ42;I3VB21;F2XI31;M9TNT6;A2Q117;B3VE19;B1Q4X5;C9E9Y0;D0VFI1;D0W032;D1MZT7;E1Y7G0;A0A0N9QHU3;I3TBB8;G5CJS3;A0A2R4KZU9;A0A060GQ71;C6H0N6;B6VA01;A0A343J4V7;A0A060GTH2;B7VCC4;A0A097PED7;D6CIB2;V6CKU4;A0A0H3WB50;E1Y422;A0A1C3L6B0;A0A140CTI6;A0A0K2GVF7;A0A125RL90;A0A0P0HDI3;D5H3W2;A0A583ZAY5;G8FV57;I0DFI9;A7MAE2;M9TIT3;Q0GC70;R9UR01;A5PHT4;R4NLT9;A0A6C0TKG2;A0A6B7HGN6;U5YMJ8;U5YJL3;A0A6M4AA77;A0A0U5IHQ3;A0A1G4HPZ0;A0A5A4LI86;A0A5H2UU86;A0A858B907;A0A060VD16;A0A8E4J3R5;A0A4P2SQT5;A0A0S4XQY3;A0A223PYD8;A0A5A4M351;Q6IUZ4;A0A7D7QGZ4;A0A345F7A8;U5YMI4;A0A110BH75;A0A5H2WUX1;A0A514YDS8;A0A286R107;A7DZQ5;F6IQY9;A0A1W6C2M7;F6IQY8;F6IR32;A4URF2;U5YME5;I0DHJ2;F6IR31;A0A678ZH37;Q8SNC6;U6BZQ8;X4YT82;C0MP56;A0A142J2I0;A0A5H2UTB6;M4R8V8;E3WH33;F6IQY4;F6IQY3;U5YJM7;M4RMN4;Q6IVJ5;Q6IVJ6;D5H3W3;A0A167RN11;W5ZPB5;U6ER51;W0HE66;W8Y4A2;A0A7I8AUN5;A0A090JY51;A0A7I8AUN1;I1U8N1;F6IQX9;A0A514YDT1;F6IQX8;W1IAW1;M4R8T6;A0A514YDS2;A0A2L2DGX7;A0A4Y6GTZ7;J7SA67;E1Y6M4;E9ABI3;Q6IV48;A0A7T8G1R7;A9QVM4;A0PBY5;F6IQW7;D8MIW0;Q9GIP0;A0A142J2H9;A0A7S8WJT4;Q9TPV5;Q9TPS9;A0A583ZB19;Q8MHM2;H6V077;E0YTG3;E0YTG4;Q2WBP4;A0A1S5QQU1;A0A2D1WB99;Q1W5T6;Q9TQ28;A0A1D3TZK7;Q9TQ26;B7ZA80;F6IQX4;F6IQX3;U5YML8;F2X5Y3;Q9TQG6;A3RKJ9;A0JHM7;A0N0V9;A0A2H4G2G8;A5PHT9;N1LK74;A0A583ZAV7;D0W033;A0A0A7C5P5;I3VZ01;A0A0A7C4N1;A0A0A7C6W9;E0WMV8;A0A0A7C3V9;B6E242;D6MJ96;D7NNU2;I6NWH0;Q9MY99;Q38MU2;A0A583ZAY9;Q9BD11;Q9GIP2;A3FEL8;H6A2C9;D7NNS6;A0A5K0UCM8;A0A186VMX4;D7NPB0;F4YU17;I3UI61;K7P5R2;G4XFZ3;A0A583ZAY8;G1EP89;O19602;Q0ZAX0;O19603;O19604;D0EP74;D9IFQ6;D7NSP1;Q9GJ47;D7NQT8;X2KXS7;X2KUQ3;F2VNJ0;I6QQS7;F2VNI3;V6BQQ4;U5YTN0;G0WVA2;S5CJX5;R4QT49;R4QS31;Q9TQG9;O19601;D7RJ49;A0A125T5D2;L0BXK0;O02968;M9PA15;M9P9E7;M9P999;M9P8H1;M4MFB9;M4M802;M1FXE5;M1F363;L7PHU3;L7PG15;L7PFZ4;L7PEX8;K7RE34;G1EPB5;K7R1R0;A0A0E3DD86;K7P5I9;K7P559;J9PVB0;I6QQS6;I6NVV0;D7NNQ8;I6M538;Q1WAA8;I3UI53;Q2I0Y9;Q53ZQ3;O19600;Q95HD8;J7FR13;H6A2C7;G1END5;E2GJF7;E2GJE3;E2D5L4;E0YTI9;F2VNH9;E0WN55;D7RJ50;D7NSQ2;H9C5F9;H9C5F5;H9BNV5;G1ENE2;D7NP91;E5G0Y7;G1ENZ9;G1EP09;H6A2C2;H2DML7;G9HW78;G1EP12;G1EP60;G9HRP3;G1EPC0;F2VNG9;G1EPA7;F2VNI2;G1EPC1;E3SWG5;F1C3G8;Q6ZZ84;F6KRN6;Q5MBP3;Q5EDF8;Q2L9H3;G0X8Q7;I3QHR1;U5IS88;I6MHF4;F8RHD0;F8RHC1;I2B304;F8R8I3;F8R8H0;F8R140;F4YZT0;F1CCR4;F2X5Z6;F2VYI2;F2VYH3;H9C5G0;V5JAA9;F8SKU1;G1ENB3;G1ENC3;G1EPB4;F2VNF6;F2VNE9;F2VNE8;F2VNE3;Q0KH41;D5FIG3;Q1G4P3;A0A2I4PZ39;D6ML53;D6ML64;D6MLJ0;D6MLJ9;D6MLK3;D6MLK8;D3U433;D3U424;C6K4D9;C5IZS0;A0A286RNG2;A0A288QC30;A0A4P2STC6;A0A288QXS9;A0A2H4G3S9;A0A583ZB13;D6ML20;D6MKZ9;D5FHS0;D3VPJ4;D3Y5Y2;D5FHP8;D6MJ94;D5FHP9;D5FHR9;D5FIF3;D6MKZ1;D5FIG4;D6C6C7;A0A1Y5VQX9;D6MJ89;D6MJ91;D6MJ92;A0A2I4PYZ9;A0A2I4PZ59;Q1KLJ8;A0A2U7N394;C5IZM0;C5IZM9;V9N358;A0A1S5QQV7;U5IS80;Q8WLQ6;L0BXN1;G0ZDT1;A3RKJ6;A0A186VMW5;Q8MGZ4;A0A7T8G1P3;Q1XG28;G1EPB7;A0A0G2R1K8;B8Y6A6;B6VAW9;B5B060;A0A583ZB67;A0A2U7NE54;A0A2U7NI32;A0A2U7NI43;A0A455JVE8;A0A4P2SRL1;A0A288Q8S9;D6ML51;B3V8R1;A0A5A4LTR1;A0A5H2UUS0;A0A6J7ZB95;A0A7L4X702;A6N8R8;A8VYP6;D3U767;D3U479;D3U478;A0A0X7YRB3;A0A0G2R0N4;A0A141AZ59;A0A186VMX0;A0A186VN18;A0A186VN41;A0A186VN51;A0A1C3L6A7;A0A1C8DS41;A0A1C8DS65;A0A1L2BM46;A0A1L2BM50;A0A1S5QQQ5;A0A1S5QQQ6;A0A1S5QQT4;A0A1S5QQW2;A0A141AZ56;A0A0X7YRA5;D3U443;A0A0S4L5I0;D7NP90;D6MLK9;D7GN24;A0A141AZ54;A0A0G2R0U5;A0A0G2R0W5;A0A0G2R1F3;A0A0E3DC47;A0A0K0KR24;A0A0K0KR32;A0A0N7A483;A0A0N7A4Q4;A0A0N7A613;A0A0N7A6B3;A0A0S4L0L3;A0A0G2R0P1;A0A0E3DC70;A0A0E3DC60;A0A0E3DC69;A0A0A7C825;A0A0A7C8J1;A0A0A7C910;A0A0E3DBY5;A0A0E3DC07;A0A0A7C6W1;A0A0E3DCM6;A0A060VCP5;D3YN67;A0A0E3DCP9;A0A1X9I3I8;A0A1X9I3U0;A0A1X9I4B6;D5FZV7;A0A0A7C7F4;A0A0A7C7C0;A0A0A7C794;A0A0E3DD20;A0A077YFH3;A0A0A7C3Q3;A0A0A7C3R8;A0A0A7C406;A0A0A7C4H4;A0A0A7C4H8;A0A0A7C4I4;A0A0A7C4I8;A0A0A7C4J5;A0A0A7C4Z4;A0A0A7C4Z9;A0A0A7C5M0;A0A0A7C6L9;A0A0A7C6X5;Q9TQE6;U5YBK7",-0.467144453607162,23.2215452490696,-0.842901070736886,0.405712972689726,0.611313411506886,-6.20503026476881,"A0A0N9HRK5;A0A1G4HPY8;A0A2S1B6V2;A0A1G4HPW4;A0A3S6RHP3;A0A2I6J4B0;A0A0S4XQV7;A0A2K4N853;A0A2K4Y3H1;A0A678ZIA4;A0A3S6RFH9;P04439;D5H3U1;C5IWY0;B2R7U3;A0A6G7S6I1;A0A6S7XTF4;A0A6S7XX17;A0A6S7YP09;A0A7L7TND1;A0A0S4XQY0;A0A2I6J4A6;A0A7R8ND24;A0A0S4XQY1;A0A375B7T7;A0A2P9FIN2;A0A346THJ1;A0A0S4XQP0;A0A0S4XQR9;A0A0S4XRI6;A0A2P9FIG8;A0A2H4WPW6;A0A0U5KK56;A0A0S4XRD4;A0A3S6RF59;A0A223FL01;A0A286LD97;A0A2H4ZAS3;A0A0S4XRI5;A0A7L7TX66;A0A7R9KAD9;A0A2U3QLJ9;A0A678ZMH4;A0A4P2SSP6;A0A4Y5WSJ0;A0A5H2UF78;A0A5H2UHK1;A0A5H2UI71;A0A6B9KAI8;A0A678ZKK9;A0A678ZVN3;A0A4P2SRE5;A0A678ZZD8;D5H3U2;A0A678ZZE9;A0A6B7FTG2;A0A6B7FU34;A0A6B7FVM4;A0A7U3K2I5;A0A4P2SRS4;A0A411GA17;A0A7R9KB27;A0A858LGA7;A0A7R9KBA2;A0A6C1HWG5;A0A7R9PT76;A0A7U3K2B1;A0A7U3K2F2;A0A7U3K2G2;A0A7U3L8P7;A0A858LKF4;A0A3S6RI33;A0A8E4J507;A9YWM1;B1PKY1;A0A6C1HWN0;A0A6B9VUB6;A0A5H2UYR7;A0A5H2UYK0;A0A346MPT9;A0A0S4XR96;A0A2U3QLI6;A7L858;A0A1C3PHA9;A0A125R6G4;A0A3Q9B4Q6;Q29840;X5MI21;A0A345F0V2;A0A060VCY5;A0A0D6K972;A0A060VHC2;X5MFE4;A5I8L2;A0A2U3QLH8;Q5SRN5;A0A9L9PXG1;A0A1W2PS24;A7MAP4;A0A1V0EFF9;A0A7L7TUL6;A0A286LD96;A0A3G4R8Q7;A0A2H4WPY7;A0A2U3QLQ4;X5MFD7;A0A0S4XRT2;A0A9L9PY26;A0A286LD98;A0A1V0EFI3;A0A5P8I434;A0A0U5Q331;A0A5H2UUH1;A0A7R9PSY4;A0A2U3QLI3;A0A1G4HQ08;A0A2P9FII5;A0A2U3QLL9;A0A410P8C3;A0A9L9PYF9;A0A7L4X7E9;A0A6C1HWE5;A0A6B7IEM1;A0A678ZH46;A0A5A4M334;A5PHP7;G8FQ53;A0A5A4LJA0;R9WYX8;M1KE04;A0A858B8J5;A0A7R9KAK2;D0AB29;A0A1C3PHG8;D5H3U4;A0A0D6E067;A0A455JVW4;A0A4V0NP52;A0A678ZGZ8;A0A858B927;A0A678ZN67;A0A0U5LBS5;A0A678ZWL4;A0A8E4J527;D7GM35;D9UB10;F4NCR9;A0A0D6K9K6;A0A0K0TQ18;A0A3S6RFA8;H2DMX5;Q2A688;S5CRT1;D5H3U3;A0A1Z2RP28;A0A143Y4D5;A0A9L9PXF6;C5IWZ2;A0A3S6RFJ2;D1MYY8;C7U1K2;C6H0N8;B6VA02;B6ECH6;B6ECH2;A7MAK2;A0A2D1WB98;A0A7L9VYC9;A0A1W7IP21;C7E539;A0A7U3L8N4;A0A7U3K2K7;A0A286RNI7;A0A0N9E2I7;Q5SRN7;A0A0D6K9L7;E1B2D6;A0A0D6K9K8;Q861B7;I0J2M4;D0V0C4;F6IQV7;B4E2X4;E7BBA1;A0A4P8D7G8;A0A0K3AQ92;A0A1Z1EGK5;U5YMP4;A0A0F6SCZ8;A0A0S2C4N3;A0A060VCY6;A0A6N0A1S6;Q5S3G3;A0A7S5GSM8;A0A5H2UUW3;A0A2S1B6V6;A0A2R3STY5;A0A2P9FIS9;A0A291NGK6;A0A286RNH0;A0A1Z2R893;A0A1S7SKC6;A0A1G4HPV3;A0A3G6IIS6;A0A5H2UUF9;A0A2U3QLM4;A0A7D3UWS0;A0A5H2UYJ8;A0A7U3L8M6;A0A7U3K2M4;A0A7T3RIS7;A0A7R9PSV1;A0A7R9KAX0;A0A7R9KAM5;A0A5A4LH43;A0A7L7TR54;A0A7G4WM27;A0A2U3QLP6;A0A2Z4C138;A0A3G2LWU0;A0A5A4M307;A0A2U3QLL3;A0A7R9KAQ5;A0A7U3K2F1;A0A858B925;X5MBH2;A0A1W1B695;A0A858B842;A0A6B7FTE9;A0A5H2UHU6;A0A5H2UF23;A0A5A4LLF6;A0A583ZB21;A0A4V0NP68;A0A4P2SSM5;A0A4P2SSK8;A0A4P2SSI7;A0A4P2SQV2;A0A455JS07;A0A3S6RF85;A0A5H2UT43;A0A3G8GE10;A0A7D7QND4;A0A7R9KAE6;A0A858B763;A0A678ZH10;A0A583ZB34;A0A858BAV9;A0A858B956;A0A583ZB79;A0A1D3KYM2;A0A6C1HWM2;A0A6S7YTK2;A0A0S4XQW9;A0A1D0BSQ3;A0A1D8MAL2;A0A5H2UYP3;A0A649ZU83;A0A6M8PV20;A0A6B7HGG7;A0A6B9KHB8;A0A6S7YB88;A0A678ZIN6;A0A678ZWM0;A0A6B7FTH7;A0A6C0SGK5;A0A6B7FUZ8;A0A6B7FVE5;A0A6B7HG58;A0A6B9VR84;A0A6B7KQ45;A0A678ZGM1;A0A678ZWM3;A0A6B7FT87;A0A1C3PHG3;A0A173ADK6;A0A3S6RF33;A0A2I6J4D4;A0A5H2UEP3;A0A2H4RK80;A0A7R9KAX6;A0A0S4XRV2;A0ZXY8;A0A6C0TKS0;A0A6B7HGE9;M4TCH1;A0A6B7FSY7;A0A8F4GDW7;X5MI15;A0A090KKC3;A0A060VG42;A0A678ZM25;Q4A1H0;W6CHX3;L7X986;I2E8C4;A0A0U5IHK3;B2DFW7;F6IQV8;A0A6B7FTH0;A0A7G4RN38;A0A455JTM2;A0A5B9QYU6;A0A7S5GS05;A0A7U3K2J7;A0A858LGT7;Q2LC93;A0A6B7KV80;A0A678ZZI0;A0A678ZW80;A0A5H2UYT5;A0A583ZB83;A0A2P1CXW7;A0A4P2STU3;A0A3S6RHQ5;A0A3S6RFD8;A0A346MPT7;A0A2U8RNL0;A0A7L4X7H4;A0A6S7XX07;A0A6S7XU09;A0A286LDB1;A0A6C0VB37;A0A291NGN0;A0A286LDB0;A0A7U3K2H6;A0A4P2STV7;A0A7D5H2K1;A0A7R9PTI9;A0A678ZZC3;A0A858B942;I2GAD6;A0A223PYB8;U5YMP9;U5YKF9;U5YKC8;U5YJQ0;U5YJP8;U5YJK1;U5YJJ6;A0A2D1CHG2;A0A076JS26;A0A2K4Y3F8;F6IQV9;F6IQW5;A0A2I6SQU3;F6IQW4;F6IQW3;F6IQW2;A0A3S6RI04;F6IQW0;A0A6M6CC39;F6IQW6;A0A5H2UIC5;A0A076JXB7;F6IQY2;A0A1D8MAN8;A0A6B7IFL7;A0A5A4LTQ0;A0A0A1EAW8;A0A2Z6IEZ1;A0A3G8GE25;A0A7R9KAI7;A0A1S5UXJ4;A0A6B9KGV8;D5LN74;A0A0F7NGH0;Q0E7X7;A0A1W1B5M6;A0A583ZB55;Q95J07;D6CIC1;E3UN97;Q7YPW4;B1PT16;A0A866W2Z2;A0A286RNH2;A0A143Y239;B2MVI0;Q6IVJ9;A0A5A4LLF0;A0A0D6K9L8;G0Z6Y6;G9FTK2;A0A410JA26;A0A2P9FIS3;A0A858LHP1;A0A7R9PT89;A0A858B9G6;A0A3S6RF24;A0A7U3L8D9;A0A1W1B5Q9;A0A2H4WPZ2;A0A2I6J4B1;A0A2U3QLK0;A0A8F4JG78;A0A866VWG0;A0A6B9HSD8;A0A3G2LWQ6;A0A455JTQ2;A0A4P2SS15;A0A1Z2R875;A0A4P2SSH9;A0A142J2B1;A0A5H2UEZ4;A0A6B7FUX4;A0A3S6RHY6;A0A6B9MMF8;A0A6C0SH12;A0A7R9KAH2;A0A7R9PSR9;A0A6C0SGT3;A0A7U3K2H2;A0A7U3K2K3;D5H3U6;A0A1W1B5P4;A0A1D8MAR2;F6IQW1;A0A1D3KYM1;A0A7U3K2H0;F6IQX0;A0A858LHN0;A0A858BAV0;A0A410P7W7;F6IQX7;F6IQX6;F6IQX5;F6IQY0;A0A3G2FPD9;F6IQX2;A0A678ZKN1;A0A4P2STQ9;F6IQY5;F6IQX1;F6IQY1;A0A3S6RIB2;F6IQZ0;F6IQW9;F6IQZ1;F6IQW8;D9UAY2;A0A3G5BD32;A0A0U5PXQ4;A0A1B1LKE5;A0A1P8SNK9;D5H3U5;C7C6D3;A0A7D7Q764;S0F2B1;S5U3G8;W0G8I7;F8LSY2;A9IW15;B1Q4X2;H2D5G2;G0UE14;G0M6G1;W6CJ57;W6SIV4;W8NKP1;F8T1H2;A0A0N9QNI4;A0A0N9MPC4;F8LSV3;A8E0Y3;C7C695;R4KXX0;Q4W6C0;M5ETC1;M5A8I6;Q6F3E3;Q9TQP8;L7Y4K8;K7W4U9;B7VBV1;J7I2U3;I7B4Y2;A0A1G4NQS3;R4NJ42;I3VB21;F2XI31;M9TNT6;A2Q117;B3VE19;B1Q4X5;C9E9Y0;D0VFI1;D0W032;D1MZT7;E1Y7G0;A0A0N9QHU3;I3TBB8;G5CJS3;A0A2R4KZU9;A0A060GQ71;C6H0N6;B6VA01;A0A343J4V7;A0A060GTH2;B7VCC4;A0A097PED7;D6CIB2;V6CKU4;A0A0H3WB50;E1Y422;A0A1C3L6B0;A0A140CTI6;A0A0K2GVF7;A0A125RL90;A0A0P0HDI3;D5H3W2;A0A583ZAY5;G8FV57;I0DFI9;A7MAE2;M9TIT3;Q0GC70;R9UR01;A5PHT4;R4NLT9;A0A6C0TKG2;A0A6B7HGN6;U5YMJ8;U5YJL3;A0A6M4AA77;A0A0U5IHQ3;A0A1G4HPZ0;A0A5A4LI86;A0A5H2UU86;A0A858B907;A0A060VD16;A0A8E4J3R5;A0A4P2SQT5;A0A0S4XQY3;A0A223PYD8;A0A5A4M351;Q6IUZ4;A0A7D7QGZ4;A0A345F7A8;U5YMI4;A0A110BH75;A0A5H2WUX1;A0A514YDS8;A0A286R107;A7DZQ5;F6IQY9;A0A1W6C2M7;F6IQY8;F6IR32;A4URF2;U5YME5;I0DHJ2;F6IR31;A0A678ZH37;Q8SNC6;U6BZQ8;X4YT82;C0MP56;A0A142J2I0;A0A5H2UTB6;M4R8V8;E3WH33;F6IQY4;F6IQY3;U5YJM7;M4RMN4;Q6IVJ5;Q6IVJ6;D5H3W3;A0A167RN11;W5ZPB5;U6ER51;W0HE66;W8Y4A2;A0A7I8AUN5;A0A090JY51;A0A7I8AUN1;I1U8N1;F6IQX9;A0A514YDT1;F6IQX8;W1IAW1;M4R8T6;A0A514YDS2;A0A2L2DGX7;A0A4Y6GTZ7;J7SA67;E1Y6M4;E9ABI3;Q6IV48;A0A7T8G1R7;A9QVM4;A0PBY5;F6IQW7;D8MIW0;Q9GIP0;A0A142J2H9;A0A7S8WJT4;Q9TPV5;Q9TPS9;A0A583ZB19;Q8MHM2;H6V077;E0YTG3;E0YTG4;Q2WBP4;A0A1S5QQU1;A0A2D1WB99;Q1W5T6;Q9TQ28;A0A1D3TZK7;Q9TQ26;B7ZA80;F6IQX4;F6IQX3;U5YML8;F2X5Y3;Q9TQG6;A3RKJ9;A0JHM7;A0N0V9;A0A2H4G2G8;A5PHT9;N1LK74;A0A583ZAV7;D0W033;A0A0A7C5P5;I3VZ01;A0A0A7C4N1;A0A0A7C6W9;E0WMV8;A0A0A7C3V9;B6E242;D6MJ96;D7NNU2;I6NWH0;Q9MY99;Q38MU2;A0A583ZAY9;Q9BD11;Q9GIP2;A3FEL8;H6A2C9;D7NNS6;A0A5K0UCM8;A0A186VMX4;D7NPB0;F4YU17;I3UI61;K7P5R2;G4XFZ3;A0A583ZAY8;G1EP89;O19602;Q0ZAX0;O19603;O19604;D0EP74;D9IFQ6;D7NSP1;Q9GJ47;D7NQT8;X2KXS7;X2KUQ3;F2VNJ0;I6QQS7;F2VNI3;V6BQQ4;U5YTN0;G0WVA2;S5CJX5;R4QT49;R4QS31;Q9TQG9;O19601;D7RJ49;A0A125T5D2;L0BXK0;O02968;M9PA15;M9P9E7;M9P999;M9P8H1;M4MFB9;M4M802;M1FXE5;M1F363;L7PHU3;L7PG15;L7PFZ4;L7PEX8;K7RE34;G1EPB5;K7R1R0;A0A0E3DD86;K7P5I9;K7P559;J9PVB0;I6QQS6;I6NVV0;D7NNQ8;I6M538;Q1WAA8;I3UI53;Q2I0Y9;Q53ZQ3;O19600;Q95HD8;J7FR13;H6A2C7;G1END5;E2GJF7;E2GJE3;E2D5L4;E0YTI9;F2VNH9;E0WN55;D7RJ50;D7NSQ2;H9C5F9;H9C5F5;H9BNV5;G1ENE2;D7NP91;E5G0Y7;G1ENZ9;G1EP09;H6A2C2;H2DML7;G9HW78;G1EP12;G1EP60;G9HRP3;G1EPC0;F2VNG9;G1EPA7;F2VNI2;G1EPC1;E3SWG5;F1C3G8;Q6ZZ84;F6KRN6;Q5MBP3;Q5EDF8;Q2L9H3;G0X8Q7;I3QHR1;U5IS88;I6MHF4;F8RHD0;F8RHC1;I2B304;F8R8I3;F8R8H0;F8R140;F4YZT0;F1CCR4;F2X5Z6;F2VYI2;F2VYH3;H9C5G0;V5JAA9;F8SKU1;G1ENB3;G1ENC3;G1EPB4;F2VNF6;F2VNE9;F2VNE8;F2VNE3;Q0KH41;D5FIG3;Q1G4P3;A0A2I4PZ39;D6ML53;D6ML64;D6MLJ0;D6MLJ9;D6MLK3;D6MLK8;D3U433;D3U424;C6K4D9;C5IZS0;A0A286RNG2;A0A288QC30;A0A4P2STC6;A0A288QXS9;A0A2H4G3S9;A0A583ZB13;D6ML20;D6MKZ9;D5FHS0;D3VPJ4;D3Y5Y2;D5FHP8;D6MJ94;D5FHP9;D5FHR9;D5FIF3;D6MKZ1;D5FIG4;D6C6C7;A0A1Y5VQX9;D6MJ89;D6MJ91;D6MJ92;A0A2I4PYZ9;A0A2I4PZ59;Q1KLJ8;A0A2U7N394;C5IZM0;C5IZM9;V9N358;A0A1S5QQV7;U5IS80;Q8WLQ6;L0BXN1;G0ZDT1;A3RKJ6;A0A186VMW5;Q8MGZ4;A0A7T8G1P3;Q1XG28;G1EPB7;A0A0G2R1K8;B8Y6A6;B6VAW9;B5B060;A0A583ZB67;A0A2U7NE54;A0A2U7NI32;A0A2U7NI43;A0A455JVE8;A0A4P2SRL1;A0A288Q8S9;D6ML51;B3V8R1;A0A5A4LTR1;A0A5H2UUS0;A0A6J7ZB95;A0A7L4X702;A6N8R8;A8VYP6;D3U767;D3U479;D3U478;A0A0X7YRB3;A0A0G2R0N4;A0A141AZ59;A0A186VMX0;A0A186VN18;A0A186VN41;A0A186VN51;A0A1C3L6A7;A0A1C8DS41;A0A1C8DS65;A0A1L2BM46;A0A1L2BM50;A0A1S5QQQ5;A0A1S5QQQ6;A0A1S5QQT4;A0A1S5QQW2;A0A141AZ56;A0A0X7YRA5;D3U443;A0A0S4L5I0;D7NP90;D6MLK9;D7GN24;A0A141AZ54;A0A0G2R0U5;A0A0G2R0W5;A0A0G2R1F3;A0A0E3DC47;A0A0K0KR24;A0A0K0KR32;A0A0N7A483;A0A0N7A4Q4;A0A0N7A613;A0A0N7A6B3;A0A0S4L0L3;A0A0G2R0P1;A0A0E3DC70;A0A0E3DC60;A0A0E3DC69;A0A0A7C825;A0A0A7C8J1;A0A0A7C910;A0A0E3DBY5;A0A0E3DC07;A0A0A7C6W1;A0A0E3DCM6;A0A060VCP5;D3YN67;A0A0E3DCP9;A0A1X9I3I8;A0A1X9I3U0;A0A1X9I4B6;D5FZV7;A0A0A7C7F4;A0A0A7C7C0;A0A0A7C794;A0A0E3DD20;A0A077YFH3;A0A0A7C3Q3;A0A0A7C3R8;A0A0A7C406;A0A0A7C4H4;A0A0A7C4H8;A0A0A7C4I4;A0A0A7C4I8;A0A0A7C4J5;A0A0A7C4Z4;A0A0A7C4Z9;A0A0A7C5M0;A0A0A7C6L9;A0A0A7C6X5;Q9TQE6;U5YBK7","A0A0N9HRK5"
"P50395;Q6IAT1;B4DLV7;Q8TB95;B3KVE3;Q5SX87;Q5SX91;V9GYF8;Q5SX90;Q5SX86;V9GYJ7",-0.447086067221239,30.1188012939585,-0.842493659650342,0.40593742111416,0.611356260963334,-6.20536975986041,"P50395;Q6IAT1;B4DLV7;Q8TB95;B3KVE3;Q5SX87;Q5SX91;V9GYF8;Q5SX90;Q5SX86;V9GYJ7","P50395"
"K7EM38",-0.489653014459584,23.1468812201745,-0.840887634459781,0.40682296000576,0.612394214410215,-6.20670653222221,"K7EM38","K7EM38"
"Q9NVS9;A0A286YFL3;J3QQZ9;V9HW45;Q53FP0;J3QQV6",0.581119022024634,24.2142654826418,0.840175367114027,0.407216080463244,0.612690282182758,-6.20729860728372,"Q9NVS9;A0A286YFL3;J3QQZ9;V9HW45;Q53FP0;J3QQV6","Q9NVS9"
"A0A6B7FWR8",-0.534733775231008,23.3637238641958,-0.838187855477443,0.408314300079326,0.614046432954396,-6.20894820070594,"A0A6B7FWR8","A0A6B7FWR8"
"Q9Y2I8;A0A994J4T0;C9JGR9;A0A3B3IT47",-0.445255172180467,23.1690942697263,-0.836726544346707,0.409122941340272,0.614966001947136,-6.21015867850296,"Q9Y2I8;A0A994J4T0;C9JGR9;A0A3B3IT47","Q9Y2I8"
"Q9H267;A0A2R8YDQ0;A0A0S2Z577;B7Z6M7;F5H008;B7Z1N4;A0A0S2Z555;G3V3F9",0.551716692000035,23.6072864815153,0.835513947278594,0.409794710657103,0.615222891909636,-6.21116160223439,"Q9H267;A0A2R8YDQ0;A0A0S2Z577;B7Z6M7;F5H008;B7Z1N4;A0A0S2Z555;G3V3F9","Q9H267"
"Q00587",-0.43509219242102,22.7535681201592,-0.835509376232651,0.409797244281571,0.615222891909636,-6.2111653802602,"Q00587","Q00587"
"Q12907;B4DWN1;A8K7T4;A0A384NPY7;D6RIU4;D6RDX1;A0A8Q3WK65;D6RBV2",-0.446649764147104,23.2518673918064,-0.835349989867309,0.409885594545759,0.615222891909636,-6.21129710270798,"Q12907;B4DWN1;A8K7T4;A0A384NPY7;D6RIU4;D6RDX1;A0A8Q3WK65;D6RBV2","Q12907"
"P20700;E9PBF6;Q6DC98;B4DZT3;A0A0D9SFE5;A0A0D9SFY5",-0.45035777225846,25.167232467676,-0.833345319136518,0.410997827556398,0.61659558641097,-6.21295178246734,"P20700;E9PBF6;Q6DC98;B4DZT3;A0A0D9SFE5;A0A0D9SFY5","P20700"
"P31483;C9JTN7;F8W8I6;Q59G98;B4E0E5;E5RGV5;H7BY49",-0.527353906834588,23.1946493717738,-0.832955363247832,0.411214401359392,0.616623902807665,-6.21327321550775,"P31483;C9JTN7;F8W8I6;Q59G98;B4E0E5;E5RGV5;H7BY49","P31483"
"Q16851;E7EUC7;B4DUP2;B2RAN1;Q53QE9;C9J6Q0",-0.487257678388062,22.9680331410788,-0.832503874435271,0.411465238065855,0.616703545183758,-6.21364518936435,"Q16851;E7EUC7;B4DUP2;B2RAN1;Q53QE9;C9J6Q0","Q16851"
"Q13488;A0A8V8TM28;H0YCE3;E9PNA6;A0A8V8TN16",0.46230353072821,23.7113619525339,0.831157318941127,0.412213918422274,0.617528920057191,-6.21475344866205,"Q13488;A0A8V8TM28;H0YCE3;E9PNA6;A0A8V8TN16","Q13488"
"A8K5C2;B4DTA9;B4DM09;H3BQ13;H3BPI4",-0.461648843801076,23.1694631298281,-0.829160483968612,0.413325710362028,0.618897211050967,-6.21639375252549,"A8K5C2;B4DTA9;B4DM09;H3BQ13;H3BPI4","A8K5C2"
"Q8NE01;Q68CV4",-0.450824096664821,25.7911364126129,-0.828803420281665,0.413524711350679,0.618898068475417,-6.21668666567101,"Q8NE01;Q68CV4","Q8NE01"
"Q8N584;G3V1P2;B7Z3X0",-0.438850388140409,23.1834104765913,-0.826696420441188,0.414700208637809,0.620359688604952,-6.21841266314155,"Q8N584;G3V1P2;B7Z3X0","Q8N584"
"Q15833;O00184;Q53GF4;M0R1A1;B4DY46;M0R0M7;A0A8V8TNF6;M0R118;R4GMY7;M0R0D4;M0R376;Q8WYX9",-0.449319604079708,27.6959559508647,-0.825661082558429,0.415278583135413,0.620927085713976,-6.21925924473718,"Q15833;O00184;Q53GF4;M0R1A1;B4DY46;M0R0M7;A0A8V8TNF6;M0R118;R4GMY7;M0R0D4;M0R376;Q8WYX9","Q15833"
"A6NDG6;H3BV17",-0.435871986023326,24.6110579884396,-0.824921389310468,0.415692106586714,0.621247570888338,-6.21986346042146,"A6NDG6;H3BV17","A6NDG6"
"P48307;Q8NE89;A0A3B3IS67;H7C4A3;A0A3B3ISY1;A0A3B3IRW1",0.544786256792797,23.334829269713,0.822220130231948,0.417204402946723,0.623185523963416,-6.22206557415387,"P48307;Q8NE89;A0A3B3IS67;H7C4A3;A0A3B3ISY1;A0A3B3IRW1","P48307"
"Q08209;A0A0S2Z4B5;A0A0S2Z4C6;E7ETC2;Q9UMM5;E9PPC8;E9PK68;P48454;H0YC26;Q9UMB2;E5RJH4;H0YB04;G3V111",0.441290657621341,27.5727541464582,0.821891808771013,0.417388444873221,0.623185523963416,-6.22233275663881,"Q08209;A0A0S2Z4B5;A0A0S2Z4C6;E7ETC2;Q9UMM5;E9PPC8;E9PK68;P48454;H0YC26;Q9UMB2;E5RJH4;H0YB04;G3V111","Q08209"
"Q9Y383;B3KSL5;B3KRR1;A0A0A6YYJ8;Q75M91;V9GZ75;F8WEU3",-0.527211516113692,24.6315276305068,-0.820676115931942,0.418070343243404,0.623659543365608,-6.2233211781546,"Q9Y383;B3KSL5;B3KRR1;A0A0A6YYJ8;Q75M91;V9GZ75;F8WEU3","Q9Y383"
"A4D2P0;P63000;A4D2P1;A0A994J6T1;A4D2P2;Q59FQ0;P17081;Q9H4E5;F8WET9;B1AH79;G3V4H1;G3V476;V9HWD0;Q7Z513;Q59G91",-0.461815233412185,31.3760876046471,-0.820612871228148,0.418105836863574,0.623659543365608,-6.22337256108168,"A4D2P0;P63000;A4D2P1;A0A994J6T1;A4D2P2;Q59FQ0;P17081;Q9H4E5;F8WET9;B1AH79;G3V4H1;G3V476;V9HWD0;Q7Z513;Q59G91","A4D2P0"
"P15170;H3BR35;Q7KZX8;B2RCT6;A8K2W7;Q8IYD1;B4DQM6;H3BSV8",-0.445215492270918,26.2830143873169,-0.817405333162303,0.419908382124973,0.626048873732214,-6.22597354387274,"P15170;H3BR35;Q7KZX8;B2RCT6;A8K2W7;Q8IYD1;B4DQM6;H3BSV8","P15170"
"Q9Y5Y2;Q2YS46;B2RDN3;B7Z6P0;H3BQR2;H3BNF0;H3BNS4",-0.478150002519047,23.1340133587468,-0.817013330342255,0.420129004578915,0.62607853095157,-6.22629074921551,"Q9Y5Y2;Q2YS46;B2RDN3;B7Z6P0;H3BQR2;H3BNF0;H3BNS4","Q9Y5Y2"
"P60709;Q53GK6;Q53G76;Q1KLZ0;B4E335;Q53G99;E7EVS6;B4DW52",0.451356123602476,32.1037565594212,0.816624311124395,0.420348018432905,0.626105763845382,-6.22660539626699,"P60709;Q53GK6;Q53G76;Q1KLZ0;B4E335;Q53G99;E7EVS6;B4DW52","P60709"
"Q7L5N1;B2R514;E7EM64;H7C3T0;B4DHR8",-0.438737906371006,25.4125372411032,-0.815926099902183,0.420741280585722,0.626392388614256,-6.22716976464232,"Q7L5N1;B2R514;E7EM64;H7C3T0;B4DHR8","Q7L5N1"
"A0A060CZ20;A0A7U3L8K0;A0A1W1B5K0;Q3LRR6;A0A286LDD2;A0A5Q2WTW9;A0A6B7FUS3;A0A6B7HGH3;A0A7U3K2J5;A0A090MF36;A0A1W1B686;A0A7R9KCL8;A0A5A4LHC3;A0A7U3K2J6;A0A6B7HGL5;A0A2H4WQ02;A0A1W1B5B7;A0A7U3VIC4;A0A7L4X6Y9;A0A678ZVK6;A0A890UMV2;S0F3H7;D7GLM1;I7EQF7;A0A0H5DC60;A7MAE1;F6IQV5;A0A2H4ZAT0;D5H3V7;M4QNU4;F6IQV0;A0A060VG23;T1WQ06;W0FF27;M4VJS4;A0A1X9PY90;A0A0A7EBW5;U5YMG4;R9RVK4;Q0P6N9;A0A2Z5ZNJ5;A0A0X7YL39;A0A1X9I420;A0A223PYC5;A0A2H4ZAU0;A0A288QXV2;X5MBG6;A0A3S6RF03;A0A0S4XRH4;A0A1S5QQW9;A0A583ZB17;D3U426;D3G9K2;A0A0E3DD76;A0A0N7A493;A0A186VN23;I6RGU8;A0A1X9I3R8;C7FDP9;A0A1X9I4P2;A0A2H4G3X2;A0A2U7MWD2;A0A0A7C711;E1U677;B8Y1X7;F1CK27;C8CH72;F2X5X6;C9WEM0;A0A2U7NGT5;D6MJ97;D7NQU8;G1EPD4;D7NSP3;I6QQT0;D5G235;D7R0W2;F4YZT1;F6KRN0;F6KRP5;F8SKU8;G1EP66;G1EP81;Q5ENW1;J7FM86;Q1KLJ7;A0A6B7FUP9;A0A6B7FTG4;A0A678ZGM9;A0A5H2UYY4;U5YRJ1;K7P5Y4;M1FYE7;M9P9X9;J9PWV7;C7C5G5;A0A583ZB16;F4YU19;D5M8F2;A0A0G2R0P7;A0A5H2UYG8;D5FHN8;Q9MYE1;Q9TPT8;Q9TQG8;F6IR55;A0A448W9G2;M9P985;J7JWK5;D5FHH2;C9WEM8;C8XTN2;A0A6B9HBL0;F2VYI6;E2D5N6;E0X9J8;D5M8H1;E9LXZ2;Q29756;A0A288R166;A0A288QCS8;A8VYP1;Q8WMB4;D3U480;D3U6A2;D3U486;D6MJ87;B8YCR6;G0Z8B9;B4XAM4;H2BDN9;Q9GJP2;Q7YNY0;Q7YNX7;A2BCQ5;Q9GJ61;Q702P5;Q29946;A0A1S5QQU4;A0A141AZ63;D5FHK9;L0BWY7;S4TZK8;C9DSL1;A0A583ZAW9;A0A583ZAX5;I6NVS0;A5JSG3;A4USH0;A0A0K0KR72;J9ZY99;A0A141AZ69;Q9GJ42;Q95IC1;A0A0E3DD39;D7NNS4;G4XFZ4;C5IZQ8;A0A0A7C3S3;A0A0A7C6Y0;A0A455JVP0;Q9MYD0;D7NNP7;A5JSF7;H9C3J9;A0A4P2STX8;A0A1S5QQS4;D3U7V2;A0A1X9I3I5;A0A1X9I3K4;M1FXU1;A0A1X9I3Q5;A0A493QP50;A0A1X9I3R9;A0A1X9I5F5;A0A288QEU0;A2VBX7;A0A288R0F9;A0A288R159;A0A0X7YL51;A0A2H4FZW9;A0A2H4G006;A0A2H4G3T9;A0A2H4G3V8;A0A2I4PYZ3;A3KLI6;A0A2I4PYZ8;A0A2H4FZC6;A0A1S5QQT9;A0A1S5QQU8;A0A1S5QQT8;H2BE82;M1F5P0;H2BE79;I3VYZ8;H2BDP7;A0A2I4PZ37;A0A2I4PZN6;A0A2I4PZQ3;A0A2I4PZS7;E2GJD8;G1EMJ3;A0A455JVR3;A0A4P2SR43;A0A583ZAW8;A0A583ZAY1;A0A5A4LLG4;A0A5A4M324;A0A6B7HGF6;A0A858LJQ5;A0PFV6;A0A2I4PZ29;A2TH17;A0A2I4PZ20;A0A2I4PZ13;A0A2I4PZ11;A0A2I4PZ58;Q53Z61;M9PAJ5;S4TZG4;K7P5W8;S4T6Z9;S4T749;S4T762;S4TZE5;S4TZF9;T1R3D6;X2KYQ5;T1R3D8;U5IRH7;V5JA85;V5JAN7;V5JAP4;W0HIR9;K7X4A0;S4T6P2;R4QIK0;R4KZQ6;N0A0N3;Q540S1;J7FM84;J7K1A2;J7K435;S4T6M9;J7SF96;J9PW04;J9PWK9;J9PWL6;J9U8Q0;K0DF06;K7P4Y9;Q5FZP7;R4KXM0;K7P5P5;A0A482EVA8;Q9MYB3;Q9MYB2;P79484;Q5EDD0;Q9MY50;A7MAP3;H2AM06;R4I3H4;A0SY06;X5LRQ8;Q9MY72;E0WN59;B0BF01;M9XGG1;Q9TPQ4;Q9TPR9;Q9TPS2;Q9MY62;Q9GJL9;Q9GJL8;Q9GJ35;Q95IZ7;Q95IZ2;Q95IE8;Q8WLT4;Q8HWQ2;Q8HWQ0;Q8HWP2;Q6KBB2;Q5NDC2;Q9TQF7;K7P5E5;K7P5S8;M9P8Y4;Q4F7G9;L7PFY2;M1F4V3;N0A0I9;Q549K4;Q1PBJ8;D3JTA0;Q38MU6;Q0PQ38;Q38MU5;Q38MU3;Q2MJA5;Q2I0Z2;Q29724;Q1G4P2;A0A2L0VYB1;A0A2U7MWC2;M1FYE1;M4MCZ6;M4MGG1;M4ML71;M4N8S0;M9XHG0;M4T5A7;M9P8Y8;M9P994;M9P9I6;M4MAU0;M9P9X7;M9PNS9;M9PNW9;M9XDV2;Q19A31;Q0E7X6;J9PVN6;H2DML6;I3VZ02;I2B308;H9C5G1;H6UV66;H6A2C8;H6A2B8;H2BE88;Q05FZ4;I7C4K4;J7F564;N0A0N9;K9L7D3;Q9MYD8;S4T6S3;K9LDI7;I3VZ06;I6M540;I6M541;I6NN42;I6NXI5;I6RCV9;I6ZTN9;I7A4C2;I7APG3;L0BX12;J7F647;J7F649;I4EP45;N0A2R9;O62920;O98012;A4USH1;A0A2U7NI36;D3JTA1;F6KRM2;G1ENZ7;E7BY89;G1EPB8;G9I2J0;G9HW67;G9HW65;G9HW32;G9HW18;G4XNL5;G3DR78;F2VNB7;G1EP28;F2VND1;G1EP99;G1EP02;G1EP69;G1EP64;G1EP59;G1EP56;G1EP51;G1EP49;G1EP48;G1ENY4;F8SKT7;F8SKT8;F8SKV2;E5G6I4;E9LY20;E7BY87;G0WVA4;G1END2;G1ENC5;G1ENC0;G1ENA8;G1ENA6;G1ENA0;F2VNF0;G0ZMH4;G0X8Q8;G0WVA3;G1ENY6;G0WV99;G0KXI6;G0KXH5;G0KXH2;G0KXH1;G0KXH0;G1EP41;F8RHD9;A0A0X7YJQ3;D3U763;F8R8H9;F8R8G7;F8R113;F8R108;F8R106;F8R0Z9;F6KRM8;A0A455JRZ0;A0A0G2R0P5;A0A0G2R143;F6KRJ8;F8RHC6;F6KRJ6;F6KRJ4;F6KRJ3;F6KRJ1;F6KRI8;F4YU31;D5FZV0;D5FHR1;D5FZI2;A0A0A7C6S6;F4YU16;F2X611;F2X610;F6KRN1;F8RHC5;F1AQK7;F2VYI3;F2VNH7;F2VNG5;F2VNG4;F2VNG1;G1EPC3;F2VNB9;F1AQK5;E7BY90;F8R8I6;D5FZI9;E9LY18;E9LY17;E9LY13;E9LY11;E9LXY7;E7EF84;E7DZI6;F2X5Z2;D6MJG0;D6MJG2;D6MJG4;E2D5L3;E0WBT6;E0WBT4;E0WBT3;E0WBT1;E0WBT0;E3SWG6;E3SG87;E2D5N4;E3SG85;O19608;F6KRK9;D6MJG5;D6MJE0;E2GJE9;E0YTJ1;E0WBS7;E0X9K0;E0WC05;E0WC04;E0WC03;E0WC02;E0WC00;E0WBT9;E3T0W1;E0WBU0;E0WBU5;Q9TQK7;H9C3K0;A5A8M7;O19612;O19610;O19611;O19609;O19613;O19607;D7R0U1;E0WBZ6;E2D5M9;E2D5N2;E3SWG3;E0WBZ5;E0WBZ4;E0WBZ3;E0WBZ2;E0WBZ0;E0WBV0;E0WBU9;E0WBZ8;E3SG83;D6MJE4;D5G2L1;D5FZV8;D6MJF4;D6MJF6;E0WBS5;D6MJF9;E0WBS4;E0WBS2;E0WBS0;D7NPA1;D7NP94;D7NNQ7;G3DR79;D7GN23;D6MLM8;D6MLJ5;D6MJH2;D6MJH0;D6MJG9;D6MJG8;D6MJG7;D6MJG6;D5G2J4;D5M8E2;E3SG84;D5M8E8;E0WBS8;D7NSP2;E0WBS6;D6MJF5;D6MJE8;D6MJE7;D6MJE6;D6MJE5;D6MJE3;D6MJD9;E2D5L2;D7R0U7;E1U673;D6MJD8;D6MJD7;D6MJD6;D6MJD4;D6MJD3;D6MJC7;D5M8G9;D5M8F9;A0A0X7YN49;F6KRK4;A0A0N7A4P7;A0A0A7C5I8;B6VAW6;B8Y1X9;C0M141;C0M142;A0A186VMX7;C0M143;C1KJL3;D5FIG7;C4PJK8;C5IZN9;C5IZP0;C5IZQ4;C5J018;C7ENI1;A0A288QCS1;B5B059;B5ATU3;A9JPF1;A7X5A5;A7X562;A7X537;A5YVG6;A5YVG4;C8XTN6;C9E1D3;D2DL21;D5FIF8;A0A0A7C3S1;A0A0A7C3T1;A0A0A7C3T7;A0A0A7C3T9;A4USG7;A0A1M4NEL8;A0A0A7C3W7;A0A0A7C4F5;A0A0A7C3P2;A0A0A7C3M9;A0A090D8A2;A0A060VCP8;A0A0A7C4E2;A0A0A7C4E9;A0A0A7C5I2;A0A1L2BM35;A0A0A7C6N8;A0A0A7C5R7;A0A0A7C5Q9;A0A0A7C5Q4;A0A0A7C5Q0;A0A0A7C5N1;A0A0A7C3P8;A0A0A7C3Q0;A0A0A7C5J3;A0A0A7C3Q1;A0A0A7C4F8;A0A0A7C3Q8;A0A186VMW1;A0A0A7C5F4;A0A0A7C576;D4P2Y1;A0A0A7C502;A0A0A7C4Z6;A0A0A7C4Y8;A0A0A7C4Y3;A0A0A7C4X0;A0A0A7C4L4;A0A0A7C4G2;A0A0A7C3U9;D5FHJ6;D5FIF6;A0A109NRA0;D4P2X8;D3JT99;D5FHG8;D5FHJ7;D5FHK7;D5FHP2;D5FHQ4;H2BE76;A0A0E3DBZ5;A0A0D6E142;A0A0A7C3Z5;A0A0A7C8P3;A0A0A7C881;A0A0A7C7H5;A0A0X7YR92;F6KRK5;A0A1X9I3T2;A0A288QCR4;A0A0A7C5G4;D3U7U8;A0A0N7A4M6;A0A0N7A484;A0A0N7A475;A0A0M3LCH6;A0A0K0KRY2;A0A0E3DC57;D3U7V1;A0A186VMY3;A0A1C8DS64;A0A0E3DD36;A0A0E3DC27;A0A0E3DBZ7;D3U7V0;A0A0X7YTR2;A0A0A7C930;A0A186VNG6;A0A120GWB9;A0A1L2BM25;D5FHS1;A0A186VMW0;A0A141AZ70;A0A141AZ67;A0A141AZ49;A0A141AZ46;A0A141AZ42;D5FIF4;B6VAW5;A0A0A7C6Z6;A0A0A7C6Q9;A0A0A7C6P2;A0A0A7C3T5;A0A0A7C4D6;A0A0A7C4D3;A0A0A7C413;A0A0A7C401;A0A0A7C3S5;A0A1L2BM54;A0A0A7C5L1;A0A1C8DSP8;A0A1L2BM20;A0A1L2BM09;A0A1C8DWK7;A0A0K0KR95;A0A1C8DS82;A0A1C8DV75;A0A109NRC0;A0A1C8DUF7;A0A0N7A6C8;Q9TQI2;Q6TKG6;M9PNN6;Q0PQ41;O62923;Q9TPS1;D1MEQ5;W5REC9;A0A0N7A4P1;A0A0A7C5H8;Q2HWF8;I6R700;U3RCR2;A0A890BWF2;E3SWG0;A0A0U5LE32;H2BDN6;E0WBT5;E0WBS3;D6MLI7;F2X5Y8;K9LC20;A0A0X7YV70;I3QHQ5;I3QHQ2;I3QHQ1;H6UV67;H6A2C6;H2BE90;H2BE87;G1EP45;E0WBU3;G1END1;G0X8Q4;G0X8Q3;G0WVA5;G0KXI7;F8R8H5;F8R137;F8R114;D3U7U9;D5FZV6;D5L9A1;F6KRM9;D6MJG1;E0WBU2;I6R6Z7;E0WBZ7;E7BY94;C9E1E2;D5FIF7;D5FIG0;Q9UQU5;F6KRM6;E2GJD5;E0WC01;E2DH78;F2VNC0;C9E1D9;C8CH75;B4Z1E1;E7BY95;D6MJF8;E3SWF7;E2GJF5;A2VBX8;E2GJD6;D5FHJ8;E2D5M4;A0PFT8;E0YTJ3;F2VNH8;I6MHG4;A0A1L2BM53;A0A1L2BM45;O78168;A0A0A7C760;A0A0N7A4J5;U5YEI7;U5YBI9;A0A2I4PZ27;A0A1X9I3U9;A0A8F4G8C0;U5YEF8;A0A2U7MWD9;A0A6H0YKT7;A0A1X9I3R4;G1ENZ4;S5CFB8;S5CGQ8;A0A0G2R1F9;U5YBR1;U5YEE0;U5YEI2",-0.458931615836004,23.4323002839262,-0.812457337555717,0.422698390669688,0.628748163774371,-6.22996673429212,"A0A060CZ20;A0A7U3L8K0;A0A1W1B5K0;Q3LRR6;A0A286LDD2;A0A5Q2WTW9;A0A6B7FUS3;A0A6B7HGH3;A0A7U3K2J5;A0A090MF36;A0A1W1B686;A0A7R9KCL8;A0A5A4LHC3;A0A7U3K2J6;A0A6B7HGL5;A0A2H4WQ02;A0A1W1B5B7;A0A7U3VIC4;A0A7L4X6Y9;A0A678ZVK6;A0A890UMV2;S0F3H7;D7GLM1;I7EQF7;A0A0H5DC60;A7MAE1;F6IQV5;A0A2H4ZAT0;D5H3V7;M4QNU4;F6IQV0;A0A060VG23;T1WQ06;W0FF27;M4VJS4;A0A1X9PY90;A0A0A7EBW5;U5YMG4;R9RVK4;Q0P6N9;A0A2Z5ZNJ5;A0A0X7YL39;A0A1X9I420;A0A223PYC5;A0A2H4ZAU0;A0A288QXV2;X5MBG6;A0A3S6RF03;A0A0S4XRH4;A0A1S5QQW9;A0A583ZB17;D3U426;D3G9K2;A0A0E3DD76;A0A0N7A493;A0A186VN23;I6RGU8;A0A1X9I3R8;C7FDP9;A0A1X9I4P2;A0A2H4G3X2;A0A2U7MWD2;A0A0A7C711;E1U677;B8Y1X7;F1CK27;C8CH72;F2X5X6;C9WEM0;A0A2U7NGT5;D6MJ97;D7NQU8;G1EPD4;D7NSP3;I6QQT0;D5G235;D7R0W2;F4YZT1;F6KRN0;F6KRP5;F8SKU8;G1EP66;G1EP81;Q5ENW1;J7FM86;Q1KLJ7;A0A6B7FUP9;A0A6B7FTG4;A0A678ZGM9;A0A5H2UYY4;U5YRJ1;K7P5Y4;M1FYE7;M9P9X9;J9PWV7;C7C5G5;A0A583ZB16;F4YU19;D5M8F2;A0A0G2R0P7;A0A5H2UYG8;D5FHN8;Q9MYE1;Q9TPT8;Q9TQG8;F6IR55;A0A448W9G2;M9P985;J7JWK5;D5FHH2;C9WEM8;C8XTN2;A0A6B9HBL0;F2VYI6;E2D5N6;E0X9J8;D5M8H1;E9LXZ2;Q29756;A0A288R166;A0A288QCS8;A8VYP1;Q8WMB4;D3U480;D3U6A2;D3U486;D6MJ87;B8YCR6;G0Z8B9;B4XAM4;H2BDN9;Q9GJP2;Q7YNY0;Q7YNX7;A2BCQ5;Q9GJ61;Q702P5;Q29946;A0A1S5QQU4;A0A141AZ63;D5FHK9;L0BWY7;S4TZK8;C9DSL1;A0A583ZAW9;A0A583ZAX5;I6NVS0;A5JSG3;A4USH0;A0A0K0KR72;J9ZY99;A0A141AZ69;Q9GJ42;Q95IC1;A0A0E3DD39;D7NNS4;G4XFZ4;C5IZQ8;A0A0A7C3S3;A0A0A7C6Y0;A0A455JVP0;Q9MYD0;D7NNP7;A5JSF7;H9C3J9;A0A4P2STX8;A0A1S5QQS4;D3U7V2;A0A1X9I3I5;A0A1X9I3K4;M1FXU1;A0A1X9I3Q5;A0A493QP50;A0A1X9I3R9;A0A1X9I5F5;A0A288QEU0;A2VBX7;A0A288R0F9;A0A288R159;A0A0X7YL51;A0A2H4FZW9;A0A2H4G006;A0A2H4G3T9;A0A2H4G3V8;A0A2I4PYZ3;A3KLI6;A0A2I4PYZ8;A0A2H4FZC6;A0A1S5QQT9;A0A1S5QQU8;A0A1S5QQT8;H2BE82;M1F5P0;H2BE79;I3VYZ8;H2BDP7;A0A2I4PZ37;A0A2I4PZN6;A0A2I4PZQ3;A0A2I4PZS7;E2GJD8;G1EMJ3;A0A455JVR3;A0A4P2SR43;A0A583ZAW8;A0A583ZAY1;A0A5A4LLG4;A0A5A4M324;A0A6B7HGF6;A0A858LJQ5;A0PFV6;A0A2I4PZ29;A2TH17;A0A2I4PZ20;A0A2I4PZ13;A0A2I4PZ11;A0A2I4PZ58;Q53Z61;M9PAJ5;S4TZG4;K7P5W8;S4T6Z9;S4T749;S4T762;S4TZE5;S4TZF9;T1R3D6;X2KYQ5;T1R3D8;U5IRH7;V5JA85;V5JAN7;V5JAP4;W0HIR9;K7X4A0;S4T6P2;R4QIK0;R4KZQ6;N0A0N3;Q540S1;J7FM84;J7K1A2;J7K435;S4T6M9;J7SF96;J9PW04;J9PWK9;J9PWL6;J9U8Q0;K0DF06;K7P4Y9;Q5FZP7;R4KXM0;K7P5P5;A0A482EVA8;Q9MYB3;Q9MYB2;P79484;Q5EDD0;Q9MY50;A7MAP3;H2AM06;R4I3H4;A0SY06;X5LRQ8;Q9MY72;E0WN59;B0BF01;M9XGG1;Q9TPQ4;Q9TPR9;Q9TPS2;Q9MY62;Q9GJL9;Q9GJL8;Q9GJ35;Q95IZ7;Q95IZ2;Q95IE8;Q8WLT4;Q8HWQ2;Q8HWQ0;Q8HWP2;Q6KBB2;Q5NDC2;Q9TQF7;K7P5E5;K7P5S8;M9P8Y4;Q4F7G9;L7PFY2;M1F4V3;N0A0I9;Q549K4;Q1PBJ8;D3JTA0;Q38MU6;Q0PQ38;Q38MU5;Q38MU3;Q2MJA5;Q2I0Z2;Q29724;Q1G4P2;A0A2L0VYB1;A0A2U7MWC2;M1FYE1;M4MCZ6;M4MGG1;M4ML71;M4N8S0;M9XHG0;M4T5A7;M9P8Y8;M9P994;M9P9I6;M4MAU0;M9P9X7;M9PNS9;M9PNW9;M9XDV2;Q19A31;Q0E7X6;J9PVN6;H2DML6;I3VZ02;I2B308;H9C5G1;H6UV66;H6A2C8;H6A2B8;H2BE88;Q05FZ4;I7C4K4;J7F564;N0A0N9;K9L7D3;Q9MYD8;S4T6S3;K9LDI7;I3VZ06;I6M540;I6M541;I6NN42;I6NXI5;I6RCV9;I6ZTN9;I7A4C2;I7APG3;L0BX12;J7F647;J7F649;I4EP45;N0A2R9;O62920;O98012;A4USH1;A0A2U7NI36;D3JTA1;F6KRM2;G1ENZ7;E7BY89;G1EPB8;G9I2J0;G9HW67;G9HW65;G9HW32;G9HW18;G4XNL5;G3DR78;F2VNB7;G1EP28;F2VND1;G1EP99;G1EP02;G1EP69;G1EP64;G1EP59;G1EP56;G1EP51;G1EP49;G1EP48;G1ENY4;F8SKT7;F8SKT8;F8SKV2;E5G6I4;E9LY20;E7BY87;G0WVA4;G1END2;G1ENC5;G1ENC0;G1ENA8;G1ENA6;G1ENA0;F2VNF0;G0ZMH4;G0X8Q8;G0WVA3;G1ENY6;G0WV99;G0KXI6;G0KXH5;G0KXH2;G0KXH1;G0KXH0;G1EP41;F8RHD9;A0A0X7YJQ3;D3U763;F8R8H9;F8R8G7;F8R113;F8R108;F8R106;F8R0Z9;F6KRM8;A0A455JRZ0;A0A0G2R0P5;A0A0G2R143;F6KRJ8;F8RHC6;F6KRJ6;F6KRJ4;F6KRJ3;F6KRJ1;F6KRI8;F4YU31;D5FZV0;D5FHR1;D5FZI2;A0A0A7C6S6;F4YU16;F2X611;F2X610;F6KRN1;F8RHC5;F1AQK7;F2VYI3;F2VNH7;F2VNG5;F2VNG4;F2VNG1;G1EPC3;F2VNB9;F1AQK5;E7BY90;F8R8I6;D5FZI9;E9LY18;E9LY17;E9LY13;E9LY11;E9LXY7;E7EF84;E7DZI6;F2X5Z2;D6MJG0;D6MJG2;D6MJG4;E2D5L3;E0WBT6;E0WBT4;E0WBT3;E0WBT1;E0WBT0;E3SWG6;E3SG87;E2D5N4;E3SG85;O19608;F6KRK9;D6MJG5;D6MJE0;E2GJE9;E0YTJ1;E0WBS7;E0X9K0;E0WC05;E0WC04;E0WC03;E0WC02;E0WC00;E0WBT9;E3T0W1;E0WBU0;E0WBU5;Q9TQK7;H9C3K0;A5A8M7;O19612;O19610;O19611;O19609;O19613;O19607;D7R0U1;E0WBZ6;E2D5M9;E2D5N2;E3SWG3;E0WBZ5;E0WBZ4;E0WBZ3;E0WBZ2;E0WBZ0;E0WBV0;E0WBU9;E0WBZ8;E3SG83;D6MJE4;D5G2L1;D5FZV8;D6MJF4;D6MJF6;E0WBS5;D6MJF9;E0WBS4;E0WBS2;E0WBS0;D7NPA1;D7NP94;D7NNQ7;G3DR79;D7GN23;D6MLM8;D6MLJ5;D6MJH2;D6MJH0;D6MJG9;D6MJG8;D6MJG7;D6MJG6;D5G2J4;D5M8E2;E3SG84;D5M8E8;E0WBS8;D7NSP2;E0WBS6;D6MJF5;D6MJE8;D6MJE7;D6MJE6;D6MJE5;D6MJE3;D6MJD9;E2D5L2;D7R0U7;E1U673;D6MJD8;D6MJD7;D6MJD6;D6MJD4;D6MJD3;D6MJC7;D5M8G9;D5M8F9;A0A0X7YN49;F6KRK4;A0A0N7A4P7;A0A0A7C5I8;B6VAW6;B8Y1X9;C0M141;C0M142;A0A186VMX7;C0M143;C1KJL3;D5FIG7;C4PJK8;C5IZN9;C5IZP0;C5IZQ4;C5J018;C7ENI1;A0A288QCS1;B5B059;B5ATU3;A9JPF1;A7X5A5;A7X562;A7X537;A5YVG6;A5YVG4;C8XTN6;C9E1D3;D2DL21;D5FIF8;A0A0A7C3S1;A0A0A7C3T1;A0A0A7C3T7;A0A0A7C3T9;A4USG7;A0A1M4NEL8;A0A0A7C3W7;A0A0A7C4F5;A0A0A7C3P2;A0A0A7C3M9;A0A090D8A2;A0A060VCP8;A0A0A7C4E2;A0A0A7C4E9;A0A0A7C5I2;A0A1L2BM35;A0A0A7C6N8;A0A0A7C5R7;A0A0A7C5Q9;A0A0A7C5Q4;A0A0A7C5Q0;A0A0A7C5N1;A0A0A7C3P8;A0A0A7C3Q0;A0A0A7C5J3;A0A0A7C3Q1;A0A0A7C4F8;A0A0A7C3Q8;A0A186VMW1;A0A0A7C5F4;A0A0A7C576;D4P2Y1;A0A0A7C502;A0A0A7C4Z6;A0A0A7C4Y8;A0A0A7C4Y3;A0A0A7C4X0;A0A0A7C4L4;A0A0A7C4G2;A0A0A7C3U9;D5FHJ6;D5FIF6;A0A109NRA0;D4P2X8;D3JT99;D5FHG8;D5FHJ7;D5FHK7;D5FHP2;D5FHQ4;H2BE76;A0A0E3DBZ5;A0A0D6E142;A0A0A7C3Z5;A0A0A7C8P3;A0A0A7C881;A0A0A7C7H5;A0A0X7YR92;F6KRK5;A0A1X9I3T2;A0A288QCR4;A0A0A7C5G4;D3U7U8;A0A0N7A4M6;A0A0N7A484;A0A0N7A475;A0A0M3LCH6;A0A0K0KRY2;A0A0E3DC57;D3U7V1;A0A186VMY3;A0A1C8DS64;A0A0E3DD36;A0A0E3DC27;A0A0E3DBZ7;D3U7V0;A0A0X7YTR2;A0A0A7C930;A0A186VNG6;A0A120GWB9;A0A1L2BM25;D5FHS1;A0A186VMW0;A0A141AZ70;A0A141AZ67;A0A141AZ49;A0A141AZ46;A0A141AZ42;D5FIF4;B6VAW5;A0A0A7C6Z6;A0A0A7C6Q9;A0A0A7C6P2;A0A0A7C3T5;A0A0A7C4D6;A0A0A7C4D3;A0A0A7C413;A0A0A7C401;A0A0A7C3S5;A0A1L2BM54;A0A0A7C5L1;A0A1C8DSP8;A0A1L2BM20;A0A1L2BM09;A0A1C8DWK7;A0A0K0KR95;A0A1C8DS82;A0A1C8DV75;A0A109NRC0;A0A1C8DUF7;A0A0N7A6C8;Q9TQI2;Q6TKG6;M9PNN6;Q0PQ41;O62923;Q9TPS1;D1MEQ5;W5REC9;A0A0N7A4P1;A0A0A7C5H8;Q2HWF8;I6R700;U3RCR2;A0A890BWF2;E3SWG0;A0A0U5LE32;H2BDN6;E0WBT5;E0WBS3;D6MLI7;F2X5Y8;K9LC20;A0A0X7YV70;I3QHQ5;I3QHQ2;I3QHQ1;H6UV67;H6A2C6;H2BE90;H2BE87;G1EP45;E0WBU3;G1END1;G0X8Q4;G0X8Q3;G0WVA5;G0KXI7;F8R8H5;F8R137;F8R114;D3U7U9;D5FZV6;D5L9A1;F6KRM9;D6MJG1;E0WBU2;I6R6Z7;E0WBZ7;E7BY94;C9E1E2;D5FIF7;D5FIG0;Q9UQU5;F6KRM6;E2GJD5;E0WC01;E2DH78;F2VNC0;C9E1D9;C8CH75;B4Z1E1;E7BY95;D6MJF8;E3SWF7;E2GJF5;A2VBX8;E2GJD6;D5FHJ8;E2D5M4;A0PFT8;E0YTJ3;F2VNH8;I6MHG4;A0A1L2BM53;A0A1L2BM45;O78168;A0A0A7C760;A0A0N7A4J5;U5YEI7;U5YBI9;A0A2I4PZ27;A0A1X9I3U9;A0A8F4G8C0;U5YEF8;A0A2U7MWD9;A0A6H0YKT7;A0A1X9I3R4;G1ENZ4;S5CFB8;S5CGQ8;A0A0G2R1F9;U5YBR1;U5YEE0;U5YEI2","A0A060CZ20"
"O43707;A0A0S2Z3G9;F5GXS2;A0A8V8TL71;H7C144;Q96BG6;B4E337;B4DSX0;A0A0S2Z3X3;A0A0S2Z3C0;K7EP19;B3W6H4;B7Z4P6;Q59FD9;B7Z4K1;A0A494C060;A0A7R6M8N3;Q4VAM3;A0A7R6M8F2;B7Z4P8;B3W6H3;D6RH00;Q4JCP9",-0.437137444983474,31.0608328656026,-0.812375879702605,0.422744417111306,0.628748163774371,-6.23003227913853,"O43707;A0A0S2Z3G9;F5GXS2;A0A8V8TL71;H7C144;Q96BG6;B4E337;B4DSX0;A0A0S2Z3X3;A0A0S2Z3C0;K7EP19;B3W6H4;B7Z4P6;Q59FD9;B7Z4K1;A0A494C060;A0A7R6M8N3;Q4VAM3;A0A7R6M8F2;B7Z4P8;B3W6H3;D6RH00;Q4JCP9","O43707"
"P01037;P01036",0.630813420933915,23.7228353275742,0.81205033831212,0.422928389739862,0.628748163774371,-6.23029416232233,"P01037;P01036","P01037"
"P62910;D3YTB1;F8W727",-0.46226919827194,26.571729828974,-0.810366612911482,0.423880695043912,0.629863691206271,-6.23164703791817,"P62910;D3YTB1;F8W727","P62910"
"Q9NZN4;B4DLA1;Q8NCJ3;B3KUH4;B7ZAY3;B4DU62;B4DE23",-0.437403366918296,28.6615559249763,-0.809952072454105,0.424115358375887,0.629912287035424,-6.23197970911337,"Q9NZN4;B4DLA1;Q8NCJ3;B3KUH4;B7ZAY3;B4DU62;B4DE23","Q9NZN4"
"Q8IYB5;B2RDK5;A8K333;B4E0I1;A0A087X1X9",0.427761905189701,23.2891030726484,0.809502485230858,0.424369951045937,0.629990422328547,-6.23234032123056,"Q8IYB5;B2RDK5;A8K333;B4E0I1;A0A087X1X9","Q8IYB5"
"Q6NUK7",-0.45395176310678,23.2083785376296,-0.809019830655518,0.424643373393887,0.630096423223375,-6.23272724305274,"Q6NUK7","Q6NUK7"
"P21333;A0A7P0NMY4;Q8TES4;Q6NXF2;Q96C61;B4E2F9;B4DTD5;A0A087WWY3;A0A7I2V3E6;F8WE98;Q2VP91;Q86TQ3;H0Y5C6;H0Y5F3;H7C2E7;A0A669KBC6",-0.477561711130576,23.2859726934204,-0.808601737624262,0.424880309077844,0.630148209231476,-6.23306223018008,"P21333;A0A7P0NMY4;Q8TES4;Q6NXF2;Q96C61;B4E2F9;B4DTD5;A0A087WWY3;A0A7I2V3E6;F8WE98;Q2VP91;Q86TQ3;H0Y5C6;H0Y5F3;H7C2E7;A0A669KBC6","P21333"
"P15531;A0A384MTW7",0.410601258750017,27.8468868724422,0.807551380526845,0.425475909656778,0.630457407938463,-6.2339030719564,"P15531;A0A384MTW7","P15531"
"J3KN67;A0A2R2Y2Q3;M1VPF4;A0A494C0P6;P06753;Q8NAH0;H0YLS7;D6RGJ6;A0A087WTJ7",-0.438599837500245,22.9169154472526,-0.806736981187654,0.425938063057093,0.630457407938463,-6.23455430183914,"J3KN67;A0A2R2Y2Q3;M1VPF4;A0A494C0P6;P06753;Q8NAH0;H0YLS7;D6RGJ6;A0A087WTJ7","J3KN67"
"Q8TD19;A0A7I2V5R1;G3V5V0;A0A7I2V454;B3KY50;G3V459;A0A7I2V4E9;G3V2Z5;Q6PKF2",0.437503154577382,22.8975025870021,0.806655355860801,0.425984400536094,0.630457407938463,-6.23461953836048,"Q8TD19;A0A7I2V5R1;G3V5V0;A0A7I2V454;B3KY50;G3V459;A0A7I2V4E9;G3V2Z5;Q6PKF2","Q8TD19"
"P36507;B3KS97;Q7Z370;M0R1B6",0.434942233477084,26.9967353195799,0.806603220400222,0.426013998672758,0.630457407938463,-6.23466120270679,"P36507;B3KS97;Q7Z370;M0R1B6","P36507"
"O75369;E7EN95;Q68CT4",0.431560555658017,29.8354891334112,0.806452697385384,0.426099460062289,0.630457407938463,-6.23478147953987,"O75369;E7EN95;Q68CT4","O75369"
"Q8IXJ6;B5MCS1;A0A0A0MRF5;E7EWX6;A7VJH3;F8WF57;F8WDM4;C9JR33;C9J3U7;F8WCF4;C9JZQ0",-0.448279135535078,23.3139989231324,-0.804159371636332,0.427402822366069,0.632086013731516,-6.23661132234762,"Q8IXJ6;B5MCS1;A0A0A0MRF5;E7EWX6;A7VJH3;F8WF57;F8WDM4;C9JR33;C9J3U7;F8WCF4;C9JZQ0","Q8IXJ6"
"P78371;V9HW96;F5GWF6;B7Z4R3;F8VQ14;Q9H369",-0.426484156928229,28.3947691170483,-0.803289847575222,0.427897633787072,0.632517876673876,-6.23730380904771,"P78371;V9HW96;F5GWF6;B7Z4R3;F8VQ14;Q9H369","P78371"
"Q6IPH7",-0.461293689007785,27.6150966625552,-0.801938402825135,0.428667380914666,0.633109194098061,-6.23837867058589,"Q6IPH7","Q6IPH7"
"P28074;A0A140VJS7;H0YJM8",0.430511199581552,26.94681506386,0.801874799110069,0.42870362870635,0.633109194098061,-6.23842921457701,"P28074;A0A140VJS7;H0YJM8","P28074"
"Q9UL42;Q5U5Z3",0.423475721671334,23.122555523063,0.798229118351867,0.430784427392478,0.635881035985394,-6.24131990420957,"Q9UL42;Q5U5Z3","Q9UL42"
"O75044;B7ZM87;A0A1S5UZH8;Q5VZB5;A0A075B7B5;B7Z3G4;B4DDU0;P0DMP2;P0DJJ0;A0A286YEY3;E9PDX4;Q5VZB4;A0A087X0L1;B1AKK3;B4DFE5;A0A075B743;A0A075B7E9;Q5VZB3;A0A075B7E6;B3KM24;A0A087WW56",-0.429084737931273,26.2145714899246,-0.797253555526958,0.431342277543634,0.636403294067452,-6.2420912932998,"O75044;B7ZM87;A0A1S5UZH8;Q5VZB5;A0A075B7B5;B7Z3G4;B4DDU0;P0DMP2;P0DJJ0;A0A286YEY3;E9PDX4;Q5VZB4;A0A087X0L1;B1AKK3;B4DFE5;A0A075B743;A0A075B7E9;Q5VZB3;A0A075B7E6;B3KM24;A0A087WW56","O75044"
"Q3ZCM7;A0A075B736;Q5SQY0;A0A183YE00",0.497354155002181,30.7644795688614,0.796666570567428,0.431678141140365,0.636497105820504,-6.24255499326125,"Q3ZCM7;A0A075B736;Q5SQY0;A0A183YE00","Q3ZCM7"
"Q9UN70;A0A087X1P2",-0.464518837517058,23.0753845900297,-0.796429204900279,0.431814003179284,0.636497105820504,-6.24274241177085,"Q9UN70;A0A087X1P2","Q9UN70"
"P61586;A0A024R324;B4DKN9;A0A994J514;C9JX21;A0A7I2V3G1;C9JNR4;Q9BVT0;A0A7I2YQV1;A0A0B6XK12;A0A7I2V5E6",0.433604054209709,30.727558984227,0.79497021433641,0.432649662643935,0.637259133567153,-6.24389322062685,"P61586;A0A024R324;B4DKN9;A0A994J514;C9JX21;A0A7I2V3G1;C9JNR4;Q9BVT0;A0A7I2YQV1;A0A0B6XK12;A0A7I2V5E6","P61586"
"P23528;V9HWI5;E9PP50;G3V1A4;E9PK25;B4E112;E9PQB7;E9PS23;E9PLJ3",0.405508495724828,31.7310161614636,0.794488688582414,0.432925679336812,0.637259133567153,-6.24427258964977,"P23528;V9HWI5;E9PP50;G3V1A4;E9PK25;B4E112;E9PQB7;E9PS23;E9PLJ3","P23528"
"O00233;J3KN29;F5H5V4;F5GX23;F5H7X1;F5H169",0.437362997238363,25.5238120236243,0.794456863529817,0.432943925626418,0.637259133567153,-6.24429765517895,"O00233;J3KN29;F5H5V4;F5GX23;F5H7X1;F5H169","O00233"
"P54727;B4DEA3;Q53F10;B7Z4W4;B7ZA74;Q5W0S5;Q5W0S4;H0Y579",-0.433943604447254,28.1169705255974,-0.793108397724592,0.433717471635022,0.638096600957374,-6.24535882658176,"P54727;B4DEA3;Q53F10;B7Z4W4;B7ZA74;Q5W0S5;Q5W0S4;H0Y579","P54727"
"A0A7L7TNI8;S4VAM7",0.541728073162222,23.6351007823056,0.792226168062242,0.434224014950212,0.638370037972559,-6.24605215863492,"A0A7L7TNI8;S4VAM7","A0A7L7TNI8"
"P68402;V9HW44;J3KNE3",-0.424845989886364,26.8840405252947,-0.792071823063597,0.434312670913039,0.638370037972559,-6.24617338011586,"P68402;V9HW44;J3KNE3","P68402"
"Q9BRQ8",-0.433224070987457,23.3608591587909,-0.79128905349656,0.434762463567303,0.63873015726162,-6.24678781284819,"Q9BRQ8","Q9BRQ8"
"Q14145;A0A2P1M8C0;K7EJ49;K7EJD8;K7ESE0;K7EQX2;K7EPZ3",-0.424975707812607,26.2789507426561,-0.790923942394561,0.434972359030069,0.63873765904651,-6.24707420635001,"Q14145;A0A2P1M8C0;K7EJ49;K7EJD8;K7ESE0;K7EQX2;K7EPZ3","Q14145"
"Q9Y4P8;Q6ZV51;B3KMZ0",-0.513618282539532,22.6967669190672,-0.789669538304861,0.435693959511978,0.63937515461127,-6.24805719539508,"Q9Y4P8;Q6ZV51;B3KMZ0","Q9Y4P8"
"P30626;C9J0K6;B4DHQ6",0.429988551586096,27.6764640843806,0.789456690478313,0.43581647281294,0.63937515461127,-6.24822384077183,"P30626;C9J0K6;B4DHQ6","P30626"
"B7Z6G4;A0A140VKA0;E9PGZ1;Q9NYG1;Q05682;C9J813;E7EX44;B4DPW5;Q6PJM5;B4E3I0;A0A6Q8PGI1;Q6P707;Q05DR4;C9JEK3;F8WE61;Q7Z2Y9;Q5HY93;C9JE79",-0.400931761535166,27.5991192291689,-0.788504339508897,0.43636489260158,0.639878749423756,-6.24896893865574,"B7Z6G4;A0A140VKA0;E9PGZ1;Q9NYG1;Q05682;C9J813;E7EX44;B4DPW5;Q6PJM5;B4E3I0;A0A6Q8PGI1;Q6P707;Q05DR4;C9JEK3;F8WE61;Q7Z2Y9;Q5HY93;C9JE79","B7Z6G4"
"Q9NZM1;H0YD14;B3KSL7",-0.413813198300485,29.4492915145925,-0.786674347570836,0.437419879808203,0.640938719005137,-6.25039825914619,"Q9NZM1;H0YD14;B3KSL7","Q9NZM1"
"P56377;Q7Z677;B7Z853;A0A5F9ZI43;H7BZG6;H0Y673;A0A5F9ZHX2;Q549M9;A6NH01;A0A5F9ZHW1;B7Z3M9;B4DIM6",-0.416154747280437,23.2129935185788,-0.785895353221366,0.437869435513036,0.640938719005137,-6.25100572725012,"P56377;Q7Z677;B7Z853;A0A5F9ZI43;H7BZG6;H0Y673;A0A5F9ZHX2;Q549M9;A6NH01;A0A5F9ZHW1;B7Z3M9;B4DIM6","P56377"
"P30530;M0R0W6",0.448966946141649,25.9564109795502,0.785625485108141,0.438025240716949,0.640938719005137,-6.25121603849258,"P30530;M0R0W6","P30530"
"P49368;B3KX11;Q59H77;Q2TU64;B4DUR8;E9PRC8;Q5SZX6;Q5SZW8;E9PQ35;E9PM09;Q5SZX9",-0.42871849843759,28.4568198151705,-0.785166760799363,0.438290156557115,0.640938719005137,-6.25157336831293,"P49368;B3KX11;Q59H77;Q2TU64;B4DUR8;E9PRC8;Q5SZX6;Q5SZW8;E9PQ35;E9PM09;Q5SZX9","P49368"
"Q9HB71;Q6NVY0;B4DFD3;B2ZWH1",0.414173851384437,27.3373909756905,0.785137962523132,0.438306790944167,0.640938719005137,-6.25159579445296,"Q9HB71;Q6NVY0;B4DFD3;B2ZWH1","Q9HB71"
"P30519;I3L276;I3L4P8;A0A1B0GXH0;I3L463;I3L159;I3L1F5;Q6IBP2;Q6FHB5;Q53HF1;A0A087WT44;B3KSE0",-0.468887991888909,22.9394273048449,-0.785113869472677,0.438320707803128,0.640938719005137,-6.25161455587606,"P30519;I3L276;I3L4P8;A0A1B0GXH0;I3L463;I3L159;I3L1F5;Q6IBP2;Q6FHB5;Q53HF1;A0A087WT44;B3KSE0","P30519"
"P68431",-0.423788005866111,23.3276106312145,-0.783509657272757,0.43924794758217,0.64187344240699,-6.25286252269142,"P68431","P68431"
"P14735;A0A3B3ISG5;A0A7I2V2P6;A0A7I2V2S1;A0A7I2YQV5;A0A7I2V3E3;A0A7I2V610;A0A7I2V4Q3;A0A7I2V373;A0A7I2V612;A0A7I2YQS6;A0A7I2V4A4;A0A7I2V634;Q59GA5;A0A7I2V3K9;B7Z7W6;B3KSB8",-0.437382035449307,25.5222077296389,-0.783296003582185,0.439371529188497,0.64187344240699,-6.25302854556248,"P14735;A0A3B3ISG5;A0A7I2V2P6;A0A7I2V2S1;A0A7I2YQV5;A0A7I2V3E3;A0A7I2V610;A0A7I2V4Q3;A0A7I2V373;A0A7I2V612;A0A7I2YQS6;A0A7I2V4A4;A0A7I2V634;Q59GA5;A0A7I2V3K9;B7Z7W6;B3KSB8","P14735"
"Q9NQR4;V9HW91;H7C579;B4DFB1;B7Z3F9;F8WF70",-0.414871261377638,26.3718360454289,-0.782721545717762,0.439703911023793,0.642058285806747,-6.25347472115052,"Q9NQR4;V9HW91;H7C579;B4DFB1;B7Z3F9;F8WF70","Q9NQR4"
"Q6ZUK5",-0.438295840550385,23.1372127593836,-0.781009109902318,0.440695625578427,0.643165771538711,-6.25480288670612,"Q6ZUK5","Q6ZUK5"
"Q14141;Q541S4;Q548C9;B1AMS2;Q6B514;B4DZW0;Q8NFI2;Q8NFI0;Q8NFH9;B4E049;Q6NT82;B4DPT4;Q8NFI1;A0A7G8YWE2",-0.541128761384275,23.7017181325677,-0.78070001421217,0.440874773821662,0.643165771538711,-6.2550423236217,"Q14141;Q541S4;Q548C9;B1AMS2;Q6B514;B4DZW0;Q8NFI2;Q8NFI0;Q8NFH9;B4E049;Q6NT82;B4DPT4;Q8NFI1;A0A7G8YWE2","Q14141"
"O43768;A6NMQ3;Q5T5H1;P56211;H3BQ52;H3BTD3;A0A1W2PRU0;H3BMD8",-0.557009614453488,23.7228640390379,-0.778963482870396,0.441882060551077,0.64433386949921,-6.2563858116877,"O43768;A6NMQ3;Q5T5H1;P56211;H3BQ52;H3BTD3;A0A1W2PRU0;H3BMD8","O43768"
"P78344;B4DZF2;Q59G42;D3DQV9;H0Y3P2;Q2TU89;H0YCH5;E9PKF8;H0YD77;H0YEC5;H0YE22;Q3LIE0;H0YCF8;H0YDC0;H0YEN8;H0YD99;H0YEI7;H0YE87",0.42774202541565,25.0751235845973,0.777576945340433,0.442687322153358,0.645206428876787,-6.25745645861066,"P78344;B4DZF2;Q59G42;D3DQV9;H0Y3P2;Q2TU89;H0YCH5;E9PKF8;H0YD77;H0YEC5;H0YE22;Q3LIE0;H0YCF8;H0YDC0;H0YEN8;H0YD99;H0YEI7;H0YE87","P78344"
"Q99798;A0A7I2V3U0;A2A274;A0A7I2V3F1;A0A0K0K1H7;A0A7I2V5T4;A0A7I2V586;B2RBW5;B4DZ08;A0A7I2V614;Q71UF1;A0A7I2V5A1;B4DJW1;B4DLY4;B4DEC3;B4DW08;A0A7I2V538;O75944;A0A7I2V6A6;A0A7I2V4I8;A0A7I2V3C8;A0A7I2V5W7;A0A7I2V3U7",-0.42595960078642,25.260191900513,-0.775608915499922,0.44383180791806,0.646263336425965,-6.25897297022119,"Q99798;A0A7I2V3U0;A2A274;A0A7I2V3F1;A0A0K0K1H7;A0A7I2V5T4;A0A7I2V586;B2RBW5;B4DZ08;A0A7I2V614;Q71UF1;A0A7I2V5A1;B4DJW1;B4DLY4;B4DEC3;B4DW08;A0A7I2V538;O75944;A0A7I2V6A6;A0A7I2V4I8;A0A7I2V3C8;A0A7I2V5W7;A0A7I2V3U7","Q99798"
"Q5JWE9;A0A590UJF0",-0.434927178953984,23.0004050696296,-0.775435002382114,0.443933030302353,0.646263336425965,-6.25910680540001,"Q5JWE9;A0A590UJF0","Q5JWE9"
"Q13561;A0A7I2V4Y9;A0A384MDU9;V9HW58;A8K8J9;B3KTX4;Q53H88;H0YI98;F8W1I6;A0A7I2V4H4;F8VW18;A0A7I2V390;F8VRV7;H0YHL1;A0A7I2V5R4",0.425969123927768,26.2171161837493,0.775261390678402,0.444034091042271,0.646263336425965,-6.25924037984702,"Q13561;A0A7I2V4Y9;A0A384MDU9;V9HW58;A8K8J9;B3KTX4;Q53H88;H0YI98;F8W1I6;A0A7I2V4H4;F8VW18;A0A7I2V390;F8VRV7;H0YHL1;A0A7I2V5R4","Q13561"
"Q9UMR2;Q2NL95;Q53G16;A0A0U4B4U6;H3BQK0;I3L0H8;B4DS24;Q59FQ9;Q68DY7;B4DL69;Q69YM2;H3BMQ5;H3BN59;H3BTB3",-0.46358580494471,24.3354324917027,-0.774221329036328,0.444639807504923,0.646843078175305,-6.26003998678372,"Q9UMR2;Q2NL95;Q53G16;A0A0U4B4U6;H3BQK0;I3L0H8;B4DS24;Q59FQ9;Q68DY7;B4DL69;Q69YM2;H3BMQ5;H3BN59;H3BTB3","Q9UMR2"
"P46734;C7DUW4;Q6FI23;Q6FHG1;Q53EZ9;J3KRV4;E9PRZ0;P52564;J3QR49;B5BU16;A8K3Y2",0.462702429379025,23.5250136700244,0.773264837238552,0.445197290282956,0.647083331569994,-6.26077443358036,"P46734;C7DUW4;Q6FI23;Q6FHG1;Q53EZ9;J3KRV4;E9PRZ0;P52564;J3QR49;B5BU16;A8K3Y2","P46734"
"P62304;A6NHK2",0.546994535877456,23.7699274898493,0.773226081309118,0.445219887640015,0.647083331569994,-6.26080417410296,"P62304;A6NHK2","P62304"
"P61981;B3KNB4;B4DE78;B4DHC4",-0.401649986100995,30.5805989808477,-0.772470302601986,0.4456606953742,0.647376262067754,-6.26138385699173,"P61981;B3KNB4;B4DE78;B4DHC4","P61981"
"O75688;B3KP90;C9JIR6;A0A3B3IS24;A8K599;Q4J6C0;B8ZZF0;Q5JB49",-0.405196629723701,25.3748732404048,-0.772168912687972,0.445836553677953,0.647376262067754,-6.26161487126457,"O75688;B3KP90;C9JIR6;A0A3B3IS24;A8K599;Q4J6C0;B8ZZF0;Q5JB49","O75688"
"A8K622;Q59F99;B3KRE0;Q5JW30;O95793;B4DPJ9;Q9NUL3;Q4LE57;E7EVJ4;E7EPX0;Q6PJX3;Q2TBD5;Q5JW28;E7EVI1;E5RJN7;B7Z1P6;A8K276",-0.409008251390851,24.7085468171043,-0.77093343807554,0.446557875178057,0.648008685366093,-6.26256095191045,"A8K622;Q59F99;B3KRE0;Q5JW30;O95793;B4DPJ9;Q9NUL3;Q4LE57;E7EVJ4;E7EPX0;Q6PJX3;Q2TBD5;Q5JW28;E7EVI1;E5RJN7;B7Z1P6;A8K276","A8K622"
"P81605",0.515229262069973,23.8526039102974,0.770711345747198,0.44668761575412,0.648008685366093,-6.26273086747906,"P81605","P81605"
"Q53Y01;P61952;P63211",-0.473380816546054,23.266458368164,-0.770151500221169,0.44701476279699,0.648181796914836,-6.26315897800488,"Q53Y01;P61952;P63211","Q53Y01"
"Q12768;Q53EL1;E7EQI7;B4DLF2;E5RFU6",-0.567671303128318,23.8842080407843,-0.768140506561997,0.4481910698934,0.649585477229328,-6.26469430474589,"Q12768;Q53EL1;E7EQI7;B4DLF2;E5RFU6","Q12768"
"Q5TAQ9;B7Z8C9;B7Z2P6;V9GY54",-0.445388126220351,23.2689675903818,-0.766522210026991,0.449139011077348,0.65053150202025,-6.26592701586525,"Q5TAQ9;B7Z8C9;B7Z2P6;V9GY54","Q5TAQ9"
"P22234;E9PBS1;D6RF62;B4DGX3",0.401001532916297,28.1018621134895,0.76631421329727,0.449260934707156,0.65053150202025,-6.26608527258201,"P22234;E9PBS1;D6RF62;B4DGX3","P22234"
"P78318",0.429480108289368,23.7176382040295,0.765352632006942,0.449824850792366,0.651045804928719,-6.26681636563907,"P78318","P78318"
"Q96PQ0;B4DIJ4",0.460959617196391,23.9144854933861,0.76369149802123,0.450800007931095,0.652067873934554,-6.26807724938771,"Q96PQ0;B4DIJ4","Q96PQ0"
"Q9UKG1;B4DQX8;A0A2P1C6M4;C9JAB0;C9K0C4",-0.419725857507714,25.1456783431754,-0.763437626961205,0.450949151675804,0.652067873934554,-6.268269717933,"Q9UKG1;B4DQX8;A0A2P1C6M4;C9JAB0;C9K0C4","Q9UKG1"
"P53618;E9PP73;E9PP63;E9PKQ1",-0.415907916002077,27.1530028909351,-0.762189479068107,0.451682837423498,0.652826121373443,-6.26921508671549,"P53618;E9PP73;E9PP63;E9PKQ1","P53618"
"P13716;A0A140VJL9;B7Z3I9;Q6ZMU0;B7ZBK6",-0.498204366344702,24.8225595262325,-0.761547759540176,0.452060328142591,0.653069089150876,-6.26970055658041,"P13716;A0A140VJL9;B7Z3I9;Q6ZMU0;B7ZBK6","P13716"
"Q9ULP9;A0A0D9SFR5;H3BQ06;H3BV07;A0A2R8Y518",-0.405585495856961,23.362016250276,-0.760374224793084,0.452751142061507,0.653479689427992,-6.27058733391896,"Q9ULP9;A0A0D9SFR5;H3BQ06;H3BV07;A0A2R8Y518","Q9ULP9"
"P56749;Q6FIF6;B2R687;C9J4P0;C9J841;A8MX62",0.416047546258341,23.5273256603602,0.760353103765545,0.452763580908589,0.653479689427992,-6.27060328188618,"P56749;Q6FIF6;B2R687;C9J4P0;C9J841;A8MX62","P56749"
"P68371;Q8IZ29;Q8N6N5;Q8IWP6;B3KML9;Q96HX0;B4DNW1",0.417012328687232,31.1980947352365,0.759151721233492,0.453471446567278,0.653630680809593,-6.27150971405915,"P68371;Q8IZ29;Q8N6N5;Q8IWP6;B3KML9;Q96HX0;B4DNW1","P68371"
"O14964;A0A7I2V2D8;A0A7I2V5A3;A0A7I2V6E0;A0A7I2V2K2;A0A7I2V5A2;A0A7I2V3I8;B4E1E2;A0A7I2V3Z1;A0A7I2V2R9;A0A7I2V2W5;A0A0S2Z4R4;A0A7I2V3J3;A0A7I2V637;A0A7I2V307;A0A0S2Z4Q4;A0A7I2V3F9;A0A7I2YQD1;I3L1P5;B4DFP5;I3L1E3;A0A7I2V4X6;A0A7I2V5D6;I3L165;A0A7I2V628;A0A7I2V5N3;A0A7I2V5W6;A0A7I2V310;A0A7I2V331;A0A7I2YQU5;A0A7I2V4J7;A0A7I2V5B7;A0A7I2V5L9;A0A7I2V5X2",0.415255692640088,27.3985363148389,0.7590098357217,0.453555090040867,0.653630680809593,-6.2716166742604,"O14964;A0A7I2V2D8;A0A7I2V5A3;A0A7I2V6E0;A0A7I2V2K2;A0A7I2V5A2;A0A7I2V3I8;B4E1E2;A0A7I2V3Z1;A0A7I2V2R9;A0A7I2V2W5;A0A0S2Z4R4;A0A7I2V3J3;A0A7I2V637;A0A7I2V307;A0A0S2Z4Q4;A0A7I2V3F9;A0A7I2YQD1;I3L1P5;B4DFP5;I3L1E3;A0A7I2V4X6;A0A7I2V5D6;I3L165;A0A7I2V628;A0A7I2V5N3;A0A7I2V5W6;A0A7I2V310;A0A7I2V331;A0A7I2YQU5;A0A7I2V4J7;A0A7I2V5B7;A0A7I2V5L9;A0A7I2V5X2","O14964"
"Q09028;H0YF10;A8K6A2;Q5JP02;H0YCT5;H0YDK2;H0YEU5;B4DRT0;E9PNS2;Q5JNZ6;E9PIC4;E9PNS6",-0.397673462294343,27.6571489372469,-0.758305558458764,0.453970406339189,0.653630680809593,-6.27214730776826,"Q09028;H0YF10;A8K6A2;Q5JP02;H0YCT5;H0YDK2;H0YEU5;B4DRT0;E9PNS2;Q5JNZ6;E9PIC4;E9PNS6","Q09028"
"Q9Y4G6;A0A1B0GVU7;G1UI21;H0YMT1;H0YN01",-0.400097649270599,22.9281835768426,-0.757954098928719,0.454177748120242,0.653630680809593,-6.27241193542402,"Q9Y4G6;A0A1B0GVU7;G1UI21;H0YMT1;H0YN01","Q9Y4G6"
"P29144;Q5VZU9;A0A494C0U1;B7Z920;A0A494C1B8;A0A494C0X4;A0A494C1S4;A0A494C0A3;A0A494C1L2;A0A494C1S6;A0A494C159",0.415248800966069,25.9236508251583,0.75757719464375,0.454400163114922,0.653630680809593,-6.27269559014834,"P29144;Q5VZU9;A0A494C0U1;B7Z920;A0A494C1B8;A0A494C0X4;A0A494C1S4;A0A494C0A3;A0A494C1L2;A0A494C1S6;A0A494C159","P29144"
"P55735;Q53GB2;A8MXL6;Q59FA6;A4UCS7;A8MWR8;E7ERC8",-0.412353012624532,27.5595613890071,-0.757406207696319,0.454501085451382,0.653630680809593,-6.2728242285607,"P55735;Q53GB2;A8MXL6;Q59FA6;A4UCS7;A8MWR8;E7ERC8","P55735"
"Q9UL46;Q86SZ7;Q2TNB3;A0A087X1Z3;H0YM70;Q6FHK9;H0YKU2",-0.407595775351176,27.3242598473271,-0.757200034204113,0.454622793704425,0.653630680809593,-6.27297930163531,"Q9UL46;Q86SZ7;Q2TNB3;A0A087X1Z3;H0YM70;Q6FHK9;H0YKU2","Q9UL46"
"Q92900;A0A024R7L5;A0A994J4L7;A0A8A5YP40;A0A994J773;A0A8A5YP91;B3KY55;A0A8A5YQV3;A0A8A5YNG5;A0A994J597;A0A8A5YNF9;A0A059XBJ1;A0A059XAJ5;A0A059XG67;A0A8A5YPS5;Q6ZUC8;A0A059X4U2;A0A059XAL2",-0.41589904319741,25.0845147894275,-0.756822636003738,0.454845629145494,0.653630680809593,-6.27326305577358,"Q92900;A0A024R7L5;A0A994J4L7;A0A8A5YP40;A0A994J773;A0A8A5YP91;B3KY55;A0A8A5YQV3;A0A8A5YNG5;A0A994J597;A0A8A5YNF9;A0A059XBJ1;A0A059XAJ5;A0A059XG67;A0A8A5YPS5;Q6ZUC8;A0A059X4U2;A0A059XAL2","Q92900"
"Q86VE9;A0A0J9YYI4",0.407595228872058,23.3592452448578,0.756604258846687,0.454974599793969,0.653630680809593,-6.27342718463486,"Q86VE9;A0A0J9YYI4","Q86VE9"
"Q1KMD3;H3BQZ7",-0.44637635629914,23.2424100846287,-0.756444505712927,0.455068961552461,0.653630680809593,-6.27354722370144,"Q1KMD3;H3BQZ7","Q1KMD3"
"A0A669KB05;O60716;A0A669KB62;C9JZR2;H0YC95;Q68DU0;Q96FS1;Q7KZJ3;A0A804HK15;A0A804HIL4;A0A804HJM1;E9PKY0;E9PKL1",-0.396312598139378,28.363274820505,-0.75626771345911,0.455173401320435,0.653630680809593,-6.27368003756253,"A0A669KB05;O60716;A0A669KB62;C9JZR2;H0YC95;Q68DU0;Q96FS1;Q7KZJ3;A0A804HK15;A0A804HIL4;A0A804HJM1;E9PKY0;E9PKL1","A0A669KB05"
"P62861;E9PR30",0.471463952575263,26.27957251022,0.755572312850007,0.45558434553629,0.653919730201421,-6.27420216194375,"P62861;E9PR30","P62861"
"O43681;B4DEE5",0.411699896518378,25.8497702837555,0.75433289996344,0.456317314341179,0.654373807839811,-6.27513159727499,"O43681;B4DEE5","O43681"
"O75170",-0.426410129215576,23.5246205342156,-0.7543146866763,0.456328090567709,0.654373807839811,-6.275145244454,"O75170","O75170"
"X5DQZ7",0.440829775574322,22.9613556005007,0.753973297231662,0.456530107681766,0.654373807839811,-6.27540098812873,"X5DQZ7","X5DQZ7"
"Q8IY21;A0A7P0T8Y0;A0A3G9HN97;Q9NT91;H0Y8Z7;Q9NXV7;Q6B0F7;Q53FU7;Q9H616;A0A7P0TAZ7;D6R944;Q6MZF7;A0A7P0T9W8",-0.444116305084886,22.9699198346398,-0.752340020447591,0.457497327993623,0.655458964635788,-6.27662297469543,"Q8IY21;A0A7P0T8Y0;A0A3G9HN97;Q9NT91;H0Y8Z7;Q9NXV7;Q6B0F7;Q53FU7;Q9H616;A0A7P0TAZ7;D6R944;Q6MZF7;A0A7P0T9W8","Q8IY21"
"Q13884;A0A3B3ITC2;E5RIX7",-0.429570962326522,22.8465745704399,-0.744075110559876,0.462410239823672,0.662178545019082,-6.28276745499931,"Q13884;A0A3B3ITC2;E5RIX7","Q13884"
"Q9C005;B4DIS3",-0.421202784509866,23.7434582938769,-0.743391280948739,0.462818107319711,0.662178545019082,-6.28327291122371,"Q9C005;B4DIS3","Q9C005"
"Q9GZQ3;E9PJE4",-0.425240984544605,22.9657314682285,-0.743380773970047,0.462824375806861,0.662178545019082,-6.28328067401562,"Q9GZQ3;E9PJE4","Q9GZQ3"
"Q9NUE0;E9PJS3",-0.425030312016741,23.1173712722457,-0.743009795441672,0.463045734256364,0.662191492501421,-6.2835546934606,"Q9NUE0;E9PJS3","Q9NUE0"
"Q13162;V9HW63;H7C3T4;A6NJJ0",0.470450074777652,24.2775049568145,0.741778121056829,0.463781103374056,0.662939166555307,-6.28446351087201,"Q13162;V9HW63;H7C3T4;A6NJJ0","Q13162"
"P62750;H7BY10;K7EJV9;K7ERT8;A8MUS3;K7EMA7;Q53RC5;O95014;B9EJE3",-0.395638326663907,27.8544225778023,-0.739249026830062,0.465293231380603,0.664795963662896,-6.28632509772302,"P62750;H7BY10;K7EJV9;K7ERT8;A8MUS3;K7EMA7;Q53RC5;O95014;B9EJE3","P62750"
"P37802;A0A384MTL2;X6RJP6;B7Z5A2;Q9UI15;C9J5W6",0.391821725710223,30.7883423029516,0.738319694889644,0.465849593894214,0.665286118752772,-6.287007608654,"P37802;A0A384MTL2;X6RJP6;B7Z5A2;Q9UI15;C9J5W6","P37802"
"Q14642;Q8N6C1;Q5T1B5;Q4VAR4;H0Y2W5;Q86V83;Q9C055;B1AP38;Q5T1B3",-0.394608665935866,25.4830935075836,-0.73706850031518,0.466599257482495,0.666051754731306,-6.28792519030864,"Q14642;Q8N6C1;Q5T1B5;Q4VAR4;H0Y2W5;Q86V83;Q9C055;B1AP38;Q5T1B3","Q14642"
"P78410;E9PRR1;B2R753;A8K4B5;S4R3N0",0.500494895711004,24.3485018143074,0.735516860599302,0.467529909812997,0.667074926215343,-6.28906102156185,"P78410;E9PRR1;B2R753;A8K4B5;S4R3N0","P78410"
"D3DPU2;B2RDY9;Q01518;B4DNW7;B4DI38;B4DNY3;Q5T0R1;Q5T0R7;Q5T0R6;Q5T0R5;Q5T0R4;Q5T0R3;Q5T0R2",0.393689775294014,29.7674833525469,0.734375782682871,0.468215000794411,0.6673999740156,-6.28989483918497,"D3DPU2;B2RDY9;Q01518;B4DNW7;B4DI38;B4DNY3;Q5T0R1;Q5T0R7;Q5T0R6;Q5T0R5;Q5T0R4;Q5T0R3;Q5T0R2","D3DPU2"
"Q96BI3;B3KQT0;Q5TB21;B4DUG7",-0.626272866045127,23.9444672023376,-0.734221317500104,0.468307784824595,0.6673999740156,-6.29000761519797,"Q96BI3;B3KQT0;Q5TB21;B4DUG7","Q96BI3"
"Q99717;Q6I9T1;Q68DB7;D6R9D4;D6RIZ9;D6RBB4;H0YAK7",-0.434733766219182,23.8174323437657,-0.734068380962615,0.468399661147851,0.6673999740156,-6.29011925257646,"Q99717;Q6I9T1;Q68DB7;D6R9D4;D6RIZ9;D6RBB4;H0YAK7","Q99717"
"P50552;A0A0S2Z4N8;A0A024R0V4;A0A0S2Z4I9;A0A0S2Z4I7;A0A994J7X3;K7ENL7;A0A0S2Z4H6;A0A994J508;K7EM16;K7ENR7;K7EIG8;K7EQD0",-0.405567561604645,27.0066595338802,-0.73331074286101,0.468854965065307,0.66774366942406,-6.29067196612741,"P50552;A0A0S2Z4N8;A0A024R0V4;A0A0S2Z4I9;A0A0S2Z4I7;A0A994J7X3;K7ENL7;A0A0S2Z4H6;A0A994J508;K7EM16;K7ENR7;K7EIG8;K7EQD0","P50552"
"P19338;B3KM80;Q6ZS99;A0A7I2V2U7;B3KTP9;A0A7I2V5M5;A0A7I2V428;C9JLB1;A0A7I2V3F3;H7BY16;A0A7I2V349;A0A7I2V506;A0A7I2V699;A0A7I2V2S8;Q9BQ02",-0.384875595087607,26.0228791704673,-0.730904906641267,0.470302457868883,0.669499482470582,-6.29242342313751,"P19338;B3KM80;Q6ZS99;A0A7I2V2U7;B3KTP9;A0A7I2V5M5;A0A7I2V428;C9JLB1;A0A7I2V3F3;H7BY16;A0A7I2V349;A0A7I2V506;A0A7I2V699;A0A7I2V2S8;Q9BQ02","P19338"
"Q9Y6K9;A0A8I5KQX5;C9J2V2;A0A087WUW6;A0A8I5KQX1;C9JH59;A0A8I5KYQ7;C9JN51;A0A087X0G7;A0A087X1B1;C9JCG6;A0A8I5KRU9;A0A087X1K7;D3DWY0",-0.445183270442811,23.1814309858366,-0.729816895824268,0.470957918371279,0.670126709580301,-6.2932136737746,"Q9Y6K9;A0A8I5KQX5;C9J2V2;A0A087WUW6;A0A8I5KQX1;C9JH59;A0A8I5KYQ7;C9JN51;A0A087X0G7;A0A087X1B1;C9JCG6;A0A8I5KRU9;A0A087X1K7;D3DWY0","Q9Y6K9"
"P62879;Q6FHM2;C9JXA5;E7EP32;C9JZN1",-0.378425550178868,31.0049698574498,-0.72928563559113,0.471278162431061,0.670276602199032,-6.29359912886604,"P62879;Q6FHM2;C9JXA5;E7EP32;C9JZN1","P62879"
"Q14232;F5H0D0;H0YGG4",0.397891723508572,25.5192695865434,0.726122723247452,0.473187373760354,0.672685241002072,-6.29588836350704,"Q14232;F5H0D0;H0YGG4","Q14232"
"A0A6H0Y7F3;A0A345F7A6;H9C3K4;Q9UEX5;Q2Z194;P79616;A0A583ZB88;U5YBT3;U5YBL7",0.385453205977072,23.1802553648538,0.725243184857276,0.473719076776761,0.673134305451807,-6.296523242761,"A0A6H0Y7F3;A0A345F7A6;H9C3K4;Q9UEX5;Q2Z194;P79616;A0A583ZB88;U5YBT3;U5YBL7","A0A6H0Y7F3"
"A0A2P1CQH5",-0.402990773205261,22.8912755369878,-0.723472918773066,0.47479029087412,0.673770430242305,-6.29779882400929,"A0A2P1CQH5","A0A2P1CQH5"
"Q9P2J5;B2RCM2;A0A6I8PIV1;B4DER1;A0A6I8PL42;B4E266;A0A6I8PIT3;A0A6I8PRS0;A0A6I8PS05;A0A6I8PLB8;A0A6I8PLB3;Q9H8E3;A0A6I8PIP7;A0A6I8PTV8;A0A6I8PRU9;Q9HAM7;Q9NPU8;B3KXA9;Q9NVC0;Q6NVI4;Q9NVP8;A0A6I8PRP1;Q9P0T1;Q0VGM8",-0.398899869824938,26.4329617950859,-0.7234020442663,0.474833207104655,0.673770430242305,-6.29784983056523,"Q9P2J5;B2RCM2;A0A6I8PIV1;B4DER1;A0A6I8PL42;B4E266;A0A6I8PIT3;A0A6I8PRS0;A0A6I8PS05;A0A6I8PLB8;A0A6I8PLB3;Q9H8E3;A0A6I8PIP7;A0A6I8PTV8;A0A6I8PRU9;Q9HAM7;Q9NPU8;B3KXA9;Q9NVC0;Q6NVI4;Q9NVP8;A0A6I8PRP1;Q9P0T1;Q0VGM8","Q9P2J5"
"P17987;E7ERF2;E7EQR6;F5H282;F5H136;F5GZ03;F5H676;F5H726;F5GZI8;F5GYL4;F5H7Y1",-0.386609561748156,28.0848408000464,-0.72225797834971,0.475526275683459,0.673770430242305,-6.29867251722836,"P17987;E7ERF2;E7EQR6;F5H282;F5H136;F5GZ03;F5H676;F5H726;F5GZI8;F5GYL4;F5H7Y1","P17987"
"Q9Y4F1;A0A2X0TVY0;C9JME2;M0QXT1;H0Y783;M0R262;M0QYB0",0.417429734383184,26.0258715686718,0.72180604283452,0.475800215900255,0.673770430242305,-6.29899715294152,"Q9Y4F1;A0A2X0TVY0;C9JME2;M0QXT1;H0Y783;M0R262;M0QYB0","Q9Y4F1"
"P63167;Q6FGH9;F8VXL2;F8VRV5;F8VXI7",-0.399239460939722,27.5804300818702,-0.721572948235987,0.475941541402536,0.673770430242305,-6.29916451341092,"P63167;Q6FGH9;F8VXL2;F8VRV5;F8VXI7","P63167"
"Q96TA1;Q9H8K1;Q2YD88;Q9H6L6",-0.387935824680195,30.064693238928,-0.721558153343156,0.475950512376251,0.673770430242305,-6.29917513428865,"Q96TA1;Q9H8K1;Q2YD88;Q9H6L6","Q96TA1"
"P35579;A0A8I5KWT8;Q86XU5;B4E3S1;Q6ZNL4;A0A8I5KYI1;Q5BKV1;A0A8I5KU92;Q99529;B1AH99;Q7Z7R0;A0A2R8Y4C3;O14729;O14794;Q9UMJ0;Q66K75;Q2PS10;REV__S4R3H4;B4DRV3;B4E0I9;Q9UKX2;A1L2Z2;B4E177;A8CLL2;Q68D89;REV__E7EQT4;REV__Q9UKV3;P13533;A5YM51;REV__B4DQZ7;P12883;Q9Y623;Q16086;Q16085;Q59EV3",0.390239122387602,29.8282276542087,0.721496644412597,0.475987809734588,0.673770430242305,-6.29921928773105,"P35579;A0A8I5KWT8;Q86XU5;B4E3S1;Q6ZNL4;A0A8I5KYI1;Q5BKV1;A0A8I5KU92;Q99529;B1AH99;Q7Z7R0;A0A2R8Y4C3;O14729;O14794;Q9UMJ0;Q66K75;Q2PS10;REV__S4R3H4;B4DRV3;B4E0I9;Q9UKX2;A1L2Z2;B4E177;A8CLL2;Q68D89;REV__E7EQT4;REV__Q9UKV3;P13533;A5YM51;REV__B4DQZ7;P12883;Q9Y623;Q16086;Q16085;Q59EV3","P35579"
"B7Z865",-0.398618945645939,23.1302288244049,-0.721357037318847,0.476072469949894,0.673770430242305,-6.29931948949764,"B7Z865","B7Z865"
"Q9Y289;B4DDE5;B3KNM2;Q659F8;Q8NC18;E7EW78;E7ENN0;E7EMX0",-0.406549789929635,23.8842404236236,-0.721111937178478,0.476221123954668,0.673770430242305,-6.29949536264029,"Q9Y289;B4DDE5;B3KNM2;Q659F8;Q8NC18;E7EW78;E7ENN0;E7EMX0","Q9Y289"
"A0A0U4CQG9;P31749;B3KXD7;A0A804HJM6;B0LPE5;B3KVH4;G3V3X1;A0A087WY56;J3QKW1;Q9BV07;P31751;M0R0P9;G3V2I6;B4DG79;B7Z8Z9;C9JIF6;C9J258;M0QZK3;Q6P4H3;E7EVP8;A8MX96;A0A1B0GXA2;J3KRI8;A0A5F9ZHJ8;C9JIJ1;C9JC83;J3KSY8;J3QLS6;C9JHS6",-0.463069047194555,23.1759854145714,-0.720649314952094,0.476501778473705,0.673770430242305,-6.29982716270598,"A0A0U4CQG9;P31749;B3KXD7;A0A804HJM6;B0LPE5;B3KVH4;G3V3X1;A0A087WY56;J3QKW1;Q9BV07;P31751;M0R0P9;G3V2I6;B4DG79;B7Z8Z9;C9JIF6;C9J258;M0QZK3;Q6P4H3;E7EVP8;A8MX96;A0A1B0GXA2;J3KRI8;A0A5F9ZHJ8;C9JIJ1;C9JC83;J3KSY8;J3QLS6;C9JHS6","A0A0U4CQG9"
"B4DRY5;O14787;Q4LE60;A0A075B780;Q05D48;B3KPC8;K7ENW1;K7ESC1;K7EMA3",-0.438441872791923,23.6336654752349,-0.720581405152893,0.47654298464717,0.673770430242305,-6.29987585137835,"B4DRY5;O14787;Q4LE60;A0A075B780;Q05D48;B3KPC8;K7ENW1;K7ESC1;K7EMA3","B4DRY5"
"P49356;A0A384MEJ5;Q86TX8;B4DL54;B4DJ86;B3KSC2",-0.405656796480105,23.2346762161273,-0.720222717263288,0.476760662533054,0.673772771382236,-6.30013294300539,"P49356;A0A384MEJ5;Q86TX8;B4DL54;B4DJ86;B3KSC2","P49356"
"P36915;Q0EFC6;B4DYK6;A0A1U9X7R2;A0A024RCR2;A8MPZ0;Q86Z07;B4DWZ0;A0A140T8Y2;Q96QB8;B7ZAS6;B4DNS8;Q6P458;A2AB27",0.412357733363212,23.3452621362461,0.719304141248548,0.477318381544012,0.674226825509787,-6.30079077352561,"P36915;Q0EFC6;B4DYK6;A0A1U9X7R2;A0A024RCR2;A8MPZ0;Q86Z07;B4DWZ0;A0A140T8Y2;Q96QB8;B7ZAS6;B4DNS8;Q6P458;A2AB27","P36915"
"P31689;B7Z5C0;Q9NXZ8",-0.38902279851834,27.5495512950346,-0.71898162858573,0.477514285845181,0.674226825509787,-6.30102154578315,"P31689;B7Z5C0;Q9NXZ8","P31689"
"P53365;B4DXH2;B4DUZ3;A0A087X1E4",0.387870945433935,23.4507056651063,0.717341302708672,0.478511384895052,0.675301298032939,-6.30219372389434,"P53365;B4DXH2;B4DUZ3;A0A087X1E4","P53365"
"Q3KQV9;B7ZKJ7;B3KTC8",0.388431723546212,22.9800481724775,0.717017599109307,0.478708294309339,0.675301298032939,-6.30242473692359,"Q3KQV9;B7ZKJ7;B3KTC8","Q3KQV9"
"Q13546;A0A7I2V404;A0A7I2V5Y1;B3KU53",-0.424761634305586,24.6720491654908,-0.716416235752228,0.47907422778484,0.675511987550143,-6.30285363589867,"Q13546;A0A7I2V404;A0A7I2V5Y1;B3KU53","Q13546"
"O43747;B3KXW5;A0A140VJE7;Q8IY97;B4DS96;B4DDL1;H3BR36;H3BNR4;H3BUN9;B4DGE1;H3BN71;H3BRM7;H3BNN2;B3KNW1;H3BV30;H3BS13;H3BN75",-0.38709347973133,26.2424735370546,-0.715164349071915,0.479836522420434,0.676171372493484,-6.30374537906351,"O43747;B3KXW5;A0A140VJE7;Q8IY97;B4DS96;B4DDL1;H3BR36;H3BNR4;H3BUN9;B4DGE1;H3BN71;H3BRM7;H3BNN2;B3KNW1;H3BV30;H3BS13;H3BN75","O43747"
"Q12846;B7Z425;C9JFM5;A0A087WWW0;H3BMK2",0.398805234067055,28.2665385093341,0.714936321539961,0.479975446842121,0.676171372493484,-6.3039076451241,"Q12846;B7Z425;C9JFM5;A0A087WWW0;H3BMK2","Q12846"
"P07237;A0A7P0TA35;A0A7P0TB26;A0A024R8S5;A0A7P0TA71;I3L3P5;A0A7P0T9K9;A0A7P0T8X1;A0A7P0TA97;I3L4M2;A0A7P0T9U6;I3L0S0;H7BZ94;B4DUA5;A0A7P0T8C0;A0A7P0T8J3;B4DNL5;A0A7P0T9D6;H0Y3Z3;B4DLN6;I3L514;A0A7P0Z4S2;A0A7P0Z4J0;B4DJS0;Q96C96;B3KTQ9;A0A7P0TAX9;A0A7P0TBP8;A0A7P0Z476;I3L3U6;I3NI03;B4DNP9;A0A7P0T9S9;A0A7P0T9E3;I3L1Y5;A0A7P0T940;A0A7P0Z4B2;A0A7P0TBA3;A0A7P0Z4F8",0.410310703363049,27.6594038715341,0.71401371342687,0.480537775118898,0.676657932548914,-6.30456366895797,"P07237;A0A7P0TA35;A0A7P0TB26;A0A024R8S5;A0A7P0TA71;I3L3P5;A0A7P0T9K9;A0A7P0T8X1;A0A7P0TA97;I3L4M2;A0A7P0T9U6;I3L0S0;H7BZ94;B4DUA5;A0A7P0T8C0;A0A7P0T8J3;B4DNL5;A0A7P0T9D6;H0Y3Z3;B4DLN6;I3L514;A0A7P0Z4S2;A0A7P0Z4J0;B4DJS0;Q96C96;B3KTQ9;A0A7P0TAX9;A0A7P0TBP8;A0A7P0Z476;I3L3U6;I3NI03;B4DNP9;A0A7P0T9S9;A0A7P0T9E3;I3L1Y5;A0A7P0T940;A0A7P0Z4B2;A0A7P0TBA3;A0A7P0Z4F8","P07237"
"Q9UIA9;A8K607;E7ESC6;B4DSP8;H0YBE1;Q9H2T7;E5RIW1;Q96M10;Q546R4",-0.405710587688805,25.561400154518,-0.713123950567763,0.481080440708911,0.677116378416559,-6.30519556198264,"Q9UIA9;A8K607;E7ESC6;B4DSP8;H0YBE1;Q9H2T7;E5RIW1;Q96M10;Q546R4","Q9UIA9"
"A0A3S6H812;Q99873;A0A3Q8ATF5;A0A3S6H7E9;A0A3S6H7X4;A0A3S6H7G3;Q5U8W9;E9PKG1;A0A3Q8AM27;A0A3Q8APX7;A0A3Q8APW9;A0A3Q8B022;A0A3Q8AIR8;A0A3S6H7Z6;A0A3S6H765;A0A3S6H7Y4;A0A3Q8B027;E9PIX6;A0A3S6H950;A0A3Q8BCJ2;A0A3S6H8A6;B4DJ87;A0A3S6H824;A0A3Q8BCI7;A0A3S6H942;A0A3S6H960;A0A3Q8AIS2;A0A3S6H7K8;A0A3Q8APY3;E9PQ98;A0A3Q8B4M4;E9PNR9;H0YDE4;A0A3S6H7X9;A0A3S6H8W3;A0A3S6H8B5;A0A3Q8AIS5;A0A3S6H7E4;A0A3Q8AX88;A0A3S6H767;A0A3Q8ATG4;A0A3Q8B4N0;A0A3S6H7Y8;A0A3S6H7W7;A0A3Q8AIS8;A0A3Q8B9M1;A0A3Q8B9M7;A0A3Q8AM22;A0A3S6H761;A0A3S6H758;A0A3Q8AX95;E9PMW9;A0A3S6H8V5;Q59GT2;Q9NR22;A0A3Q8B032",0.376530629188053,26.3864243375529,0.712571552881585,0.481417523578916,0.677285185404889,-6.30558748110241,"A0A3S6H812;Q99873;A0A3Q8ATF5;A0A3S6H7E9;A0A3S6H7X4;A0A3S6H7G3;Q5U8W9;E9PKG1;A0A3Q8AM27;A0A3Q8APX7;A0A3Q8APW9;A0A3Q8B022;A0A3Q8AIR8;A0A3S6H7Z6;A0A3S6H765;A0A3S6H7Y4;A0A3Q8B027;E9PIX6;A0A3S6H950;A0A3Q8BCJ2;A0A3S6H8A6;B4DJ87;A0A3S6H824;A0A3Q8BCI7;A0A3S6H942;A0A3S6H960;A0A3Q8AIS2;A0A3S6H7K8;A0A3Q8APY3;E9PQ98;A0A3Q8B4M4;E9PNR9;H0YDE4;A0A3S6H7X9;A0A3S6H8W3;A0A3S6H8B5;A0A3Q8AIS5;A0A3S6H7E4;A0A3Q8AX88;A0A3S6H767;A0A3Q8ATG4;A0A3Q8B4N0;A0A3S6H7Y8;A0A3S6H7W7;A0A3Q8AIS8;A0A3Q8B9M1;A0A3Q8B9M7;A0A3Q8AM22;A0A3S6H761;A0A3S6H758;A0A3Q8AX95;E9PMW9;A0A3S6H8V5;Q59GT2;Q9NR22;A0A3Q8B032","A0A3S6H812"
"A0A3G1LBH1;A0A8I5KQ21;A0A8I5KUB5",-0.395486434696227,22.9732357398507,-0.711612669496183,0.482002971233883,0.677650358205913,-6.30626709907557,"A0A3G1LBH1;A0A8I5KQ21;A0A8I5KUB5","A0A3G1LBH1"
"P47897;Q53HS0;A8K3A8;B4DNN3;A0A0U1RQT0;C9J165;B7Z840;A0A0U1RQM8;A0A0U1RQU2;B4DTH6;A0A0U1RQE9;F2Z2V6;A0A0U1RRI9;I3QNU8;A0A0U1RQL2;A0A0U1RQC3",-0.394432941927327,26.1372943168368,-0.711434789655176,0.482111620666534,0.677650358205913,-6.30639307580802,"P47897;Q53HS0;A8K3A8;B4DNN3;A0A0U1RQT0;C9J165;B7Z840;A0A0U1RQM8;A0A0U1RQU2;B4DTH6;A0A0U1RQE9;F2Z2V6;A0A0U1RRI9;I3QNU8;A0A0U1RQL2;A0A0U1RQC3","P47897"
"P10809;A0A024R3X4;B3GQS7;B7Z597;A0A7I2V2X6;A0A7I2V599;B7Z5E7;B7Z4F6;A0A7I2YQK6;A0A7I2YQ71;A0A7I2V5M1;A0A7I2V369;A0A7I2V5K3;Q53SE2;E7ESH4;E7EXB4;B7Z532;C9JL25;A0A0S2Z415;C9JCQ4;C9JL19;C9J0S9;B9VP19;B9VPB4;Q53QD5",-0.375714334392299,25.2350935291729,-0.710701564407951,0.482559623808386,0.677754142663426,-6.30691203348752,"P10809;A0A024R3X4;B3GQS7;B7Z597;A0A7I2V2X6;A0A7I2V599;B7Z5E7;B7Z4F6;A0A7I2YQK6;A0A7I2YQ71;A0A7I2V5M1;A0A7I2V369;A0A7I2V5K3;Q53SE2;E7ESH4;E7EXB4;B7Z532;C9JL25;A0A0S2Z415;C9JCQ4;C9JL19;C9J0S9;B9VP19;B9VPB4;Q53QD5","P10809"
"Q9NT62;F8WDI0",0.466683406494347,24.9818889335733,0.710602689643142,0.482620054778926,0.677754142663426,-6.3069819748513,"Q9NT62;F8WDI0","Q9NT62"
"Q14157;A0AA34QVE6;B4DYY5;F8W726;Q5VU79;B4DZJ6;Q5VU81;Q5VU77;Q5VU80;Q5VU78",-0.39799046506139,23.0712578422582,-0.709146161081722,0.483510765629734,0.67867604568024,-6.30801119331298,"Q14157;A0AA34QVE6;B4DYY5;F8W726;Q5VU79;B4DZJ6;Q5VU81;Q5VU77;Q5VU80;Q5VU78","Q14157"
"P31153;A0A140VJP5;B4DEX8;B4E1K2;B4DFQ8;B4DN74;Q00266;A8K455",0.372468237981,26.4296769890269,0.708817765837556,0.483711718354336,0.67867604568024,-6.30824296309613,"P31153;A0A140VJP5;B4DEX8;B4E1K2;B4DFQ8;B4DN74;Q00266;A8K455","P31153"
"Q9P2T1;Q6PKC0;Q7Z527;H0YNJ6;H0YMB3;H0YLV5;Q86SZ5;H0YLB8;H0YNH0;H0YMV5;H0YK71;H0YMR9;H0YK13;H0YNS9;H0YMG3;A0A0B4J281;H0YN74;H0YMW6;H0YKK3;H0YN22;H0YKE1;H0YL68",-0.389819774023433,25.9592498321477,-0.707342348732067,0.484615146739594,0.679637878903235,-6.30928297864774,"Q9P2T1;Q6PKC0;Q7Z527;H0YNJ6;H0YMB3;H0YLV5;Q86SZ5;H0YLB8;H0YNH0;H0YMV5;H0YK71;H0YMR9;H0YK13;H0YNS9;H0YMG3;A0A0B4J281;H0YN74;H0YMW6;H0YKK3;H0YN22;H0YKE1;H0YL68","Q9P2T1"
"P34932;B4DH02;Q59GF8;V9HW33;B4DUS3;B4DIZ3;B4DT47;B4E354;B4E0H6;O14992;B4DSE8;Q7KYN0;B0AZU6;B0AZS1;B0AZT0;B4DN48",-0.380030974897778,28.5844141011374,-0.706365298660398,0.485213942141216,0.680090927178495,-6.30997054305645,"P34932;B4DH02;Q59GF8;V9HW33;B4DUS3;B4DIZ3;B4DT47;B4E354;B4E0H6;O14992;B4DSE8;Q7KYN0;B0AZU6;B0AZS1;B0AZT0;B4DN48","P34932"
"Q9Y450;D9YZV0;B3KNB9;A8K9E1;H0YES5;B7Z1K2;B7Z524;H0YDX7;J3QT46;E9PJ90;E9PN23;G5E991;E9PMN1;E9PLR4;E9PHZ9;Q9P0A5",-0.401154619781895,24.2412052439966,-0.706103779961717,0.485374287880516,0.680090927178495,-6.31015442153942,"Q9Y450;D9YZV0;B3KNB9;A8K9E1;H0YES5;B7Z1K2;B7Z524;H0YDX7;J3QT46;E9PJ90;E9PN23;G5E991;E9PMN1;E9PLR4;E9PHZ9;Q9P0A5","Q9Y450"
"Q02750;A0A8I5KXN4;A4QPA9;B4DFY5;A0A8I5KRX5;A0A8I5KYB4;A0A8I5QJL9;A0A8I5QJC1;A0A8I5QJ96;A0A8I5KYS7;A0A8I5QJP8;A0A8I5KVF6;H3BRW9",-0.381466390904709,26.6485554870413,-0.702708596534579,0.487458715284913,0.682385676188952,-6.31253565345681,"Q02750;A0A8I5KXN4;A4QPA9;B4DFY5;A0A8I5KRX5;A0A8I5KYB4;A0A8I5QJL9;A0A8I5QJC1;A0A8I5QJ96;A0A8I5KYS7;A0A8I5QJP8;A0A8I5KVF6;H3BRW9","Q02750"
"Q16864;A4D1K0",-0.369421143220954,23.5886666682396,-0.702634619861955,0.487504188627121,0.682385676188952,-6.31258741374791,"Q16864;A4D1K0","Q16864"
"Q9UHB9;B4DVI7;Q96K98;B3KMI9;Q96K97;K7EN53;K7EQC2",-0.3600685618296,25.1519293212991,-0.702367546144312,0.487668378398581,0.682385676188952,-6.31277423703814,"Q9UHB9;B4DVI7;Q96K98;B3KMI9;Q96K97;K7EN53;K7EQC2","Q9UHB9"
"P36969;R4GNE4;K7ERP4;A0A9L9PXS3;Q6PI42;K7EJ20;K7ENB4;K7EKX7;A0A0A0MTT1;Q6PJX4;A0A087X247;A0A384MTT0",-0.3768748127107,27.1396862565899,-0.7008711004518,0.488588931930124,0.683262029042613,-6.31381975789583,"P36969;R4GNE4;K7ERP4;A0A9L9PXS3;Q6PI42;K7EJ20;K7ENB4;K7EKX7;A0A0A0MTT1;Q6PJX4;A0A087X247;A0A384MTT0","P36969"
"Q9Y653;B4DM06;B3KQV4;B3KQN7;A0A0S2Z517;A0A024R6U7;H3BSJ6;H3BRH0;A0A5F9ZHT7;A0A5F9ZH94;H3BNH4;H3BV52",0.445249797258548,23.6286890006141,0.700637382128886,0.488732794740003,0.683262029042613,-6.3139828547915,"Q9Y653;B4DM06;B3KQV4;B3KQN7;A0A0S2Z517;A0A024R6U7;H3BSJ6;H3BRH0;A0A5F9ZHT7;A0A5F9ZH94;H3BNH4;H3BV52","Q9Y653"
"Q9NYB9;E9PEZ7;F8WAL6;A0A7D9NKC8;A0A0C4DG21;E7EP65;E7EW77;Q53RS4;F8WEB9;B7Z836;A0A0A0MQU9;F8WBL5;B7Z9N5;F8WAZ8;F8WCD7;F8WAU3;E7EUA1;H7C3Q7",0.400203359410682,23.9998546023904,0.699155480273103,0.489645520494076,0.684107336297617,-6.31501575232674,"Q9NYB9;E9PEZ7;F8WAL6;A0A7D9NKC8;A0A0C4DG21;E7EP65;E7EW77;Q53RS4;F8WEB9;B7Z836;A0A0A0MQU9;F8WBL5;B7Z9N5;F8WAZ8;F8WCD7;F8WAU3;E7EUA1;H7C3Q7","Q9NYB9"
"Q08188;B4DQ50;A0A494C0J7;B4DRV8",-0.383777331782866,23.1694433896638,-0.698864788291086,0.489824674907854,0.684107336297617,-6.31521811850008,"Q08188;B4DQ50;A0A494C0J7;B4DRV8","Q08188"
"Q9NPQ8;E9PI04;E9PSI0;E9PMP0;E9PLE5;H0YE35;H0YC88;H0YEN0",0.395898927630832,24.4049911043075,0.69807818603714,0.490309645878961,0.684107336297617,-6.31576530554329,"Q9NPQ8;E9PI04;E9PSI0;E9PMP0;E9PLE5;H0YE35;H0YC88;H0YEN0","Q9NPQ8"
"Q06210;A0A6I8PRN4;A0A6I8PTT9;A0A6I8PRT6",0.379113227354633,26.5388664934037,0.698071010400863,0.490314071184781,0.684107336297617,-6.31577029441061,"Q06210;A0A6I8PRN4;A0A6I8PTT9;A0A6I8PRT6","Q06210"
"P13796;V9HWJ7;Q53FI1;Q59GX5;B3KUI1;Q5TBN3",-0.397699398539462,23.2735170564994,-0.697876373584131,0.490434114768026,0.684107336297617,-6.31590559687994,"P13796;V9HWJ7;Q53FI1;Q59GX5;B3KUI1;Q5TBN3","P13796"
"Q96P70",-0.39659593976722,25.309973679197,-0.69441741499162,0.49257021306039,0.686779836627339,-6.31830400764652,"Q96P70","Q96P70"
"Q86UW9;E7ET89;B4DDK4",-0.364872595827716,22.9746667693787,-0.693323904548029,0.493246603076057,0.687135888936987,-6.3190598359228,"Q86UW9;E7ET89;B4DDK4","Q86UW9"
"H7BZC0;A0A8I5KYG6;O76082;Q59FH6;A0A8I5KTN6;A0A8I5KUR7;H7C1R8",-0.426027719840533,23.4692095403026,-0.693292246676413,0.49326619279574,0.687135888936987,-6.31908170047498,"H7BZC0;A0A8I5KYG6;O76082;Q59FH6;A0A8I5KTN6;A0A8I5KUR7;H7C1R8","H7BZC0"
"P62253;I3L0Q0;I3L2Q4",-0.374090652812082,22.974359512596,-0.69283826776891,0.493547160551507,0.68722035435721,-6.3193951352178,"P62253;I3L0Q0;I3L2Q4","P62253"
"Q9NSE4;A8K5W7",-0.39621368176995,23.3398643844193,-0.692338869172926,0.493856342346563,0.687344012395775,-6.31973969867877,"Q9NSE4;A8K5W7","Q9NSE4"
"Q15796;B7Z5N5;Q53XR6;K7EJX0;H0YMP2;H0YL71;K7ESI8;K7EL92;H3BP09;K7ERC7",-0.3763103384507,23.4596031061928,-0.690702642381597,0.494870105032629,0.688416856920356,-6.32086693767565,"Q15796;B7Z5N5;Q53XR6;K7EJX0;H0YMP2;H0YL71;K7ESI8;K7EL92;H3BP09;K7ERC7","Q15796"
"O94955;D6RG10;D6R935;H0YA85;H0Y9R7;D6RC79",0.412078344339463,23.619968238664,0.690382464746878,0.495068614963885,0.688416856920356,-6.32108721392669,"O94955;D6RG10;D6R935;H0YA85;H0Y9R7;D6RC79","O94955"
"P78325;Q14C66",0.408289369641057,23.6198439284696,0.689584441652077,0.495563582919857,0.68863428946897,-6.32163580809654,"P78325;Q14C66","P78325"
"Q96B97;A0A8V8TQU1;Q5JPT2;A0A8V8TP27;A0A8V8TQF6;Q5JPT6;A0A8V8TNW8;B7Z6E8;A0A8V8TNL0;A0A8V8TQD8;A0A8V8TNT5;A0A8V8TP69;A0A8V8TP33;A0A8V8TP40;A0A8V8TP63;A0A8V8TNP7;A0A8V8TPM1;A0A8V8TQG3;A0A8V8TQ02;A0A8V8TNS8",0.356754817804404,24.8462210362164,0.689418481407306,0.495666553336915,0.68863428946897,-6.321749818801,"Q96B97;A0A8V8TQU1;Q5JPT2;A0A8V8TP27;A0A8V8TQF6;Q5JPT6;A0A8V8TNW8;B7Z6E8;A0A8V8TNL0;A0A8V8TQD8;A0A8V8TNT5;A0A8V8TP69;A0A8V8TP33;A0A8V8TP40;A0A8V8TP63;A0A8V8TNP7;A0A8V8TPM1;A0A8V8TQG3;A0A8V8TQ02;A0A8V8TNS8","Q96B97"
"P19801;B3KS02;D3DX01;Q9HBM7",0.387150003165644,23.2992398846176,0.688750836069511,0.496080916430043,0.688903107010375,-6.3222082063619,"P19801;B3KS02;D3DX01;Q9HBM7","P19801"
"Q92963;A0A494C0S1;V9GYC3;A0A494C0U3;V9GY29",0.381139993177015,25.957717735419,0.687432641378171,0.496899601112862,0.689732913160221,-6.32311197961068,"Q92963;A0A494C0S1;V9GYC3;A0A494C0U3;V9GY29","Q92963"
"Q92614;A0A994J771;B4DYM1;B4E0T8;B4DZ32;B4DFN7;H0YEV9;B3KVF8",-0.383290412698368,24.975546517858,-0.686287856466935,0.497611199285865,0.690281909850738,-6.32389549871646,"Q92614;A0A994J771;B4DYM1;B4E0T8;B4DZ32;B4DFN7;H0YEV9;B3KVF8","Q92614"
"Q8NC51;Q63HR1;Q5VU21",-0.359975719699001,26.3907316274646,-0.68608437746427,0.497737741344761,0.690281909850738,-6.32403463225025,"Q8NC51;Q63HR1;Q5VU21","Q8NC51"
"P0DJI9;P0DJI8;Q15423;A0A3B3ISW8;A0A0D6A0A8;E9PR14;G3V1D9;A0A0D5ZZZ2;A0A096LPE2",-0.430302455576253,23.3459087838273,-0.685347957482162,0.498195865510718,0.690610179790191,-6.32453784226529,"P0DJI9;P0DJI8;Q15423;A0A3B3ISW8;A0A0D6A0A8;E9PR14;G3V1D9;A0A0D5ZZZ2;A0A096LPE2","P0DJI9"
"O94905;E5RHW4;A0A384ME54;E5RJ09",0.380951320694393,24.2655382567889,0.682832134736064,0.499762722786532,0.692119008826137,-6.32625299908102,"O94905;E5RHW4;A0A384ME54;E5RJ09","O94905"
"P61587;Q6FGR9;Q6FGN7;E9PFH1;Q4ZFY0;B2R838;B4DSG7;Q53RZ3;B4DNQ0",0.385080159433301,25.5174330402041,0.682626828659356,0.4998907086161,0.692119008826137,-6.32639269607846,"P61587;Q6FGR9;Q6FGN7;E9PFH1;Q4ZFY0;B2R838;B4DSG7;Q53RZ3;B4DNQ0","P61587"
"Q9UKK3;A0PJ82",0.384112662492811,26.1079902286632,0.682531687873282,0.499950024650621,0.692119008826137,-6.32645741917818,"Q9UKK3;A0PJ82","Q9UKK3"
"P61254;Q6IBH6;J3QRI7;J3QQQ9;J3QQV1;J3QRC4;J3KSS0;J3KS10",-0.374424054430527,27.037551856448,-0.68095965491998,0.500930683910136,0.693168945481683,-6.32752558690965,"P61254;Q6IBH6;J3QRI7;J3QQQ9;J3QQV1;J3QRC4;J3KSS0;J3KS10","P61254"
"Q99436;Q6IBT1;E9KL30;B2RAQ9;Q86U62;Q5TBG5",-0.373503619332524,27.0706766960411,-0.680429372978535,0.501261723248409,0.693319430071746,-6.32788536489944,"Q99436;Q6IBT1;E9KL30;B2RAQ9;Q86U62;Q5TBG5","Q99436"
"B7Z8X5;Q59FC9",-0.385089889065966,23.2844810718021,-0.679670569273922,0.501735633273051,0.693613133051495,-6.32839971409629,"B7Z8X5;Q59FC9","B7Z8X5"
"Q9HB90;Q9NQL2;B4DQ03;B4DQG4",0.439755727853395,23.7722981324624,0.679377344056982,0.501918833375192,0.693613133051495,-6.32859832537756,"Q9HB90;Q9NQL2;B4DQ03;B4DQG4","Q9HB90"
"Q9H246;A0A6Q8PGF2;A0A3B3ITU3;A0A6Q8PFS2",0.427080641821227,24.3015042601864,0.677058019366528,0.50336919933465,0.695300220826176,-6.33016635163307,"Q9H246;A0A6Q8PGF2;A0A3B3ITU3;A0A6Q8PFS2","Q9H246"
"O75347;E5RIW3;Q6FGD7;E5RJD8;E5RHG6;E5RIX8;A0A494C144",0.368949853305786,28.2747474595366,0.676712431381776,0.503585507805813,0.695300220826176,-6.33039954794294,"O75347;E5RIW3;Q6FGD7;E5RJD8;E5RHG6;E5RIX8;A0A494C144","O75347"
"P14384;F8W111;F8VVI6;H0YHN7;F8VR29;F8VU13",-0.371053797398687,25.5625970169274,-0.675910444076477,0.504087681407887,0.695685609872212,-6.33094026879174,"P14384;F8W111;F8VVI6;H0YHN7;F8VR29;F8VU13","P14384"
"Q9H299;Q86Z22;Q5T123",0.518743180275198,27.782970686936,0.675524833046815,0.504329234814806,0.69571113816337,-6.33120003631325,"Q9H299;Q86Z22;Q5T123","Q9H299"
"Q8TCA0;X6RK58;A0A0A0MS58",0.388640964822955,23.0843022638135,0.674336098045732,0.505074281699214,0.696179985715015,-6.33199992422423,"Q8TCA0;X6RK58;A0A0A0MS58","Q8TCA0"
"P45880;A0A0A0MR02;A0A024QZT0;Q5JSD2;Q5JSD1;A2A3S1;B4DKM5",-0.458829574944009,23.4564883983659,-0.674270329546737,0.505115520254273,0.696179985715015,-6.33204413927036,"P45880;A0A0A0MR02;A0A024QZT0;Q5JSD2;Q5JSD1;A2A3S1;B4DKM5","P45880"
"Q59ER5;Q53GN4;Q53H17",-0.341199265278092,23.2656398061911,-0.673058948455005,0.505875420231178,0.696919362058765,-6.33285778159124,"Q59ER5;Q53GN4;Q53H17","Q59ER5"
"Q9Y5K6",-0.359754355878255,25.9219119579749,-0.671826905552058,0.506648928154162,0.697676824244076,-6.33368384485783,"Q9Y5K6","Q9Y5K6"
"P16930;A0A384P5L6;A0A804HJX2;H0YLC7;A0A804HJ13;B7Z4W2",0.356794624024182,25.5885351214769,0.670561440844534,0.507444097530574,0.698279429990872,-6.33453078709946,"P16930;A0A384P5L6;A0A804HJX2;H0YLC7;A0A804HJ13;B7Z4W2","P16930"
"O15357;F5H588",-0.362366253464955,23.5815372435746,-0.670347183259224,0.50757879676594,0.698279429990872,-6.33467403059138,"O15357;F5H588","O15357"
"P49770;Q9BPX4;Q53XC2;H0YJJ8;G3V5E5",0.387138303090403,23.9106972468272,0.670061906514632,0.507758174805803,0.698279429990872,-6.3348646854774,"P49770;Q9BPX4;Q53XC2;H0YJJ8;G3V5E5","P49770"
"Q9BYI3;A0A0S2Z6M9;A0A7P0T8K2;B8ZZA2;A0A7P0TAP6;A0A7P0Z4L0;A0A7P0T943;A0A7P0T8Q9;A0A7P0TBJ9;H7C0W7;B4DMC7",-0.37330616450221,25.8334136996829,-0.66641728997039,0.510052926482496,0.701126080960293,-6.33729350413898,"Q9BYI3;A0A0S2Z6M9;A0A7P0T8K2;B8ZZA2;A0A7P0TAP6;A0A7P0Z4L0;A0A7P0T943;A0A7P0T8Q9;A0A7P0TBJ9;H7C0W7;B4DMC7","Q9BYI3"
"Q8TEX9;B3KQ33;Q59FI4;H0YN14;B3KPS9;B3KT38;B3KTB3;Q6I9Y8;Q59H62;B3KSQ4;H0YLV0;B3KPY9;H0YL92;B4DXR7;H0YMR4;H0YN07;H0YKG5;H0YK93",0.353047791153543,24.6828957083149,0.665118092483077,0.510872311040493,0.701712552571693,-6.33815619504885,"Q8TEX9;B3KQ33;Q59FI4;H0YN14;B3KPS9;B3KT38;B3KTB3;Q6I9Y8;Q59H62;B3KSQ4;H0YLV0;B3KPY9;H0YL92;B4DXR7;H0YMR4;H0YN07;H0YKG5;H0YK93","Q8TEX9"
"P28838;V9HW38;B4DQG5;H0Y9Q1",-0.363097927370291,27.2683965327483,-0.664695258407079,0.511139141731452,0.701712552571693,-6.33843661188435,"P28838;V9HW38;B4DQG5;H0Y9Q1","P28838"
"A7WPI9;D3U423;D2DKW5;D2DKV7",-0.372733800784065,23.3707093384709,-0.664670907318329,0.511154510882619,0.701712552571693,-6.33845275586361,"A7WPI9;D3U423;D2DKW5;D2DKV7","A7WPI9"
"Q9P000;Q53FR9;B4DQW0;B4DIH0;E9PJ95",-0.39694825630416,24.3353757531996,-0.663050068478292,0.512178069733141,0.70280835877592,-6.3395260272708,"Q9P000;Q53FR9;B4DQW0;B4DIH0;E9PJ95","Q9P000"
"O14979;B4DTA2;A0A087WUK2",0.354830487357507,23.3289933605959,0.662666670170202,0.512420349430491,0.702831605045603,-6.33977952991856,"O14979;B4DTA2;A0A087WUK2","O14979"
"P07195;Q5U077;A0A5F9ZHM4;A0A3B3IS95;A8MW50;C9J7H8;F5H793",-0.340239022585106,30.7263280124244,-0.662165449534289,0.512737178718669,0.702957037548804,-6.34011072172434,"P07195;Q5U077;A0A5F9ZHM4;A0A3B3IS95;A8MW50;C9J7H8;F5H793","P07195"
"P40925;V9HWF2;A0A5K1VW95;B9A041;B8ZZ51;C9JF79;C9JRL4;C9JLV6;C9IZI0;F8WFC2",-0.351107332102192,29.6617369485096,-0.661435150808107,0.51319900339026,0.702985296340988,-6.34059284569902,"P40925;V9HWF2;A0A5K1VW95;B9A041;B8ZZ51;C9JF79;C9JRL4;C9JLV6;C9IZI0;F8WFC2","P40925"
"Q9Y3D6",-0.42822069795049,23.4010032016227,-0.661420031706157,0.513208566774104,0.702985296340988,-6.34060282146952,"Q9Y3D6","Q9Y3D6"
"Q9NVG8;Q59F95;A0A024R8C8;B4DHM6",0.339086632472998,24.0824404389982,0.658943406254187,0.514776435830539,0.704823399190277,-6.34223393823791,"Q9NVG8;Q59F95;A0A024R8C8;B4DHM6","Q9NVG8"
"Q01814;Q4J697;Q4LE63;A0A2U3U055;A0A2U3TZI3;Q4J698;Q4J699",-0.347586123813965,22.7153672512166,-0.658418680490722,0.515108957054776,0.704969213275054,-6.34257876151043,"Q01814;Q4J697;Q4LE63;A0A2U3U055;A0A2U3TZI3;Q4J698;Q4J699","Q01814"
"O75427;B4DYF8;B3KQE9;H7C5D9",-0.341564515051122,22.9486600692523,-0.657985103295982,0.515383805250463,0.705036003761488,-6.34286348508518,"O75427;B4DYF8;B3KQE9;H7C5D9","O75427"
"Q9UGH3;A0MSJ5;A0A140VK48;B4DM20;H0Y544",0.396371956769414,23.7655874946292,0.654444570153956,0.517631163753896,0.707394624020094,-6.34518167593099,"Q9UGH3;A0MSJ5;A0A140VK48;B4DM20;H0Y544","Q9UGH3"
"Q96I99;Q3ZCW5;E9PDQ8;B7Z2D5;H0Y852;Q9Y436",-0.362976218208701,23.5297974548438,-0.654207439185192,0.517781872804485,0.707394624020094,-6.34533650471896,"Q96I99;Q3ZCW5;E9PDQ8;B7Z2D5;H0Y852;Q9Y436","Q96I99"
"P09622;B4DFL1;E9PEX6;B4DMK9;A0A024R713",-0.376400236986274,23.1302677299715,-0.654152527268755,0.517816775575021,0.707394624020094,-6.34537235031381,"P09622;B4DFL1;E9PEX6;B4DMK9;A0A024R713","P09622"
"Q9UI30",0.420908680031964,23.743575923921,0.653840431899406,0.51801517193392,0.707394624020094,-6.34557602546323,"Q9UI30","Q9UI30"
"Q16698;E5RJG7;Q7LDK6;E5RFV2;E5RJD2;E5RID6",-0.372356617118282,23.1917290075424,-0.65203371120827,0.519164498577154,0.708653860421069,-6.3467532439513,"Q16698;E5RJG7;Q7LDK6;E5RFV2;E5RJD2;E5RID6","Q16698"
"Q92905;A0A024R7W9;Q59GH5;E5RHH5;E5RHF2;E5RFS1;E5RG35;E5RK55",-0.33768014722633,25.090028202419,-0.651093143488973,0.519763377107191,0.708828877422811,-6.34736484279408,"Q92905;A0A024R7W9;Q59GH5;E5RHH5;E5RHF2;E5RFS1;E5RG35;E5RK55","Q92905"
"Q9BZD6;A0A0S2Z5N9",-0.365820244288578,23.2597378153898,-0.650979837310727,0.519835546664452,0.708828877422811,-6.34743846154522,"Q9BZD6;A0A0S2Z5N9","Q9BZD6"
"Q9H1Y0;B3KMH8;A9UGY9;A0A1B0GV54;A0A1B0GUS1;L7UQJ2;B7Z5Y6;A0A2R8Y718",-0.35143517027171,23.2230705645889,-0.650761701545799,0.519974501937606,0.708828877422811,-6.3475801564378,"Q9H1Y0;B3KMH8;A9UGY9;A0A1B0GV54;A0A1B0GUS1;L7UQJ2;B7Z5Y6;A0A2R8Y718","Q9H1Y0"
"Q96H79",-0.345262660518525,23.1460571560803,-0.649404491804936,0.520839513055198,0.709697877334716,-6.34846072417592,"Q96H79","Q96H79"
"Q9NRN7;E9PNF3;E9PLW6",-0.345317153318028,23.3593593579921,-0.647859822025244,0.521824945933439,0.710730133784452,-6.34946074144998,"Q9NRN7;E9PNF3;E9PLW6","Q9NRN7"
"O75083;V9HWG7;A0A8V8TNT7;A0A8V8TP22;A0A8V8TQK0;A0A8V8TNU2;A0A8V8TQ74;B3KXN4;A0A8V8TP31;B4DY05;D6RD66;A0A8V8TQ69;B4DS71;A0A8V8TPA9;B4DZX5;Q9BZT4",0.350776150487327,30.0975135966782,0.64731545143552,0.522172470474352,0.710893031606068,-6.34981261416487,"O75083;V9HWG7;A0A8V8TNT7;A0A8V8TP22;A0A8V8TQK0;A0A8V8TNU2;A0A8V8TQ74;B3KXN4;A0A8V8TP31;B4DY05;D6RD66;A0A8V8TQ69;B4DS71;A0A8V8TPA9;B4DZX5;Q9BZT4","O75083"
"Q86WV6;A0A3G1PSE3;A0A494C0W5;A0A2R3XZB7",-0.330520267402349,23.1175015328286,-0.64567550050138,0.523220163887844,0.711988951945496,-6.35087091360382,"Q86WV6;A0A3G1PSE3;A0A494C0W5;A0A2R3XZB7","Q86WV6"
"P62714;Q8WZ56;Q5U0I7;B3KRM2;A0A140VJS0;B3KQ51;H0YC23;E5RHC1;E7ESG8;E5RFI3;A0A8V8TRA6;E5RJX4;H0YBN9",-0.353433422205427,27.8796261104888,-0.645340990483778,0.523434006672338,0.711988951945496,-6.35108646014519,"P62714;Q8WZ56;Q5U0I7;B3KRM2;A0A140VJS0;B3KQ51;H0YC23;E5RHC1;E7ESG8;E5RFI3;A0A8V8TRA6;E5RJX4;H0YBN9","P62714"
"P12956;B1AHC9;B4DE32;B2RDN9;B4E356;Q6IC76",0.380257153451048,25.3232743865917,0.644910411871655,0.523709332605248,0.712052924322479,-6.35136374992639,"P12956;B1AHC9;B4DE32;B2RDN9;B4E356;Q6IC76","P12956"
"Q9H6A0;B4DWL2;Q8TCN6",-0.390774172673446,23.8337531963292,-0.644147386439437,0.524197427091311,0.712406002221263,-6.35185469090046,"Q9H6A0;B4DWL2;Q8TCN6","Q9H6A0"
"Q13418;V9HWF0;A0A0A0MTH3;E9PQ52;A0A087WW45;A0A087WWY6",0.357828987212827,26.4896720221742,0.6416032209,0.525826652025753,0.713605074940602,-6.35348755427595,"Q13418;V9HWF0;A0A0A0MTH3;E9PQ52;A0A087WW45;A0A087WWY6","Q13418"
"Q96LD4;A0A0M3HER3",0.416805839078183,23.7856323293822,0.6412810988475,0.526033125056986,0.713605074940602,-6.35369384588537,"Q96LD4;A0A0M3HER3","Q96LD4"
"P08134;Q5JR08;A0A024R0C8;E9PQH6;Q5JR07;Q5JR05;U3KQA9;U3KQV3;Q5JR06;E9PN11;E9PLA2",-0.379473598693991,31.2012166417107,-0.641008785770611,0.526207705542413,0.713605074940602,-6.35386816045012,"P08134;Q5JR08;A0A024R0C8;E9PQH6;Q5JR07;Q5JR05;U3KQA9;U3KQV3;Q5JR06;E9PN11;E9PLA2","P08134"
"Q14376;A0A384NL38;Q5QPP4;Q5QPP3;Q5QPP1;Q5QPP9",-0.374852014238126,26.0958257982393,-0.640603913861068,0.526467327164825,0.713605074940602,-6.35412719608016,"Q14376;A0A384NL38;Q5QPP4;Q5QPP3;Q5QPP1;Q5QPP9","Q14376"
"Q9Y285;Q6IBR2;K7ER00;K7EK06;K7ER16;K7EPH2;K7ERS0",0.383298684159705,24.2080514877312,0.640514276938599,0.526524815566665,0.713605074940602,-6.35418452392839,"Q9Y285;Q6IBR2;K7ER00;K7EK06;K7ER16;K7EPH2;K7ERS0","Q9Y285"
"Q8NBF2;Q7Z658",0.406160902708443,24.3537322891128,0.640371188247651,0.526616592085808,0.713605074940602,-6.3542760210026,"Q8NBF2;Q7Z658","Q8NBF2"
"P46778;Q6IAX2;Q59GK9;G3V1B3;M0R181",-0.352750895080167,27.2850468594031,-0.640270356299302,0.526681270443496,0.713605074940602,-6.35434048534216,"P46778;Q6IAX2;Q59GK9;G3V1B3;M0R181","P46778"
"P51805",-0.377614893205525,23.1460681929365,-0.639455156629444,0.527204334067924,0.714003611792382,-6.35486129957804,"P51805","P51805"
"P61011;G3V4F7;B4DDS7;A0A7I2V5K0;A0A7P0PJI2",-0.387337510829049,25.0726003200732,-0.637390274517538,0.528530485031868,0.715488968235415,-6.35617761948314,"P61011;G3V4F7;B4DDS7;A0A7I2V5K0;A0A7P0PJI2","P61011"
"Q92973;A0A7P0Z4D3;A0A7P0TBF0;A0A7P0T944;A0A7P0T9C0;B4DSC0;E7EW37;S4R398",0.348129806418328,26.3317015357711,0.636467971175754,0.529123400713109,0.715980861962771,-6.35676422954326,"Q92973;A0A7P0Z4D3;A0A7P0TBF0;A0A7P0T944;A0A7P0T9C0;B4DSC0;E7EW37;S4R398","Q92973"
"O00459;A0A7I2U3A3;Q05BV6;E9PFP1;A0A087X257;Q96CK7;Q96EV4",0.361921332082105,23.5681557209597,0.635542405225686,0.529718770414584,0.716475648275407,-6.35735208311637,"O00459;A0A7I2U3A3;Q05BV6;E9PFP1;A0A087X257;Q96CK7;Q96EV4","O00459"
"Q9H3U1;A0A1W2PNX8;B4DLE6;B4DZL0",-0.364487694944049,24.5850445500855,-0.634827180930703,0.530179082481443,0.716787411469276,-6.35780577199423,"Q9H3U1;A0A1W2PNX8;B4DLE6;B4DZL0","Q9H3U1"
"O60749;B3KN57;B3KML1;Q53GG3;D6RC15",-0.349789092248734,26.843248339761,-0.633931316652133,0.530755953335491,0.717256420473742,-6.35837334447878,"O60749;B3KN57;B3KML1;Q53GG3;D6RC15","O60749"
"P04075;V9HWN7;J3KPS3;H3BQN4;H3BPS8;A0A0M4FNU3;H3BUH7;H3BR04;H3BMQ8;H3BU78;A4UCS9;H3BR68;A4UCT0",-0.342138879505185,31.5628445378967,-0.631790083710605,0.532136102590348,0.718015296197473,-6.35972675392612,"P04075;V9HWN7;J3KPS3;H3BQN4;H3BPS8;A0A0M4FNU3;H3BUH7;H3BR04;H3BMQ8;H3BU78;A4UCS9;H3BR68;A4UCT0","P04075"
"O60841;Q8N5A0;B3KM86;A0JLR8;Q05CQ1",0.340642341334625,26.1427410165339,0.631640336884821,0.532232694410494,0.718015296197473,-6.35982123753689,"O60841;Q8N5A0;B3KM86;A0JLR8;Q05CQ1","O60841"
"Q9BVC4;H3BM50;H3BPU5;B4E2R3;H3BR25;H3BPT1;H3BN58;H3BSZ4;A0A0A0MR05;H3BR38;H3BQ74;I3L2E7",0.378148898651908,24.4302529823264,0.631411184006109,0.532380523873743,0.718015296197473,-6.35996578060603,"Q9BVC4;H3BM50;H3BPU5;B4E2R3;H3BR25;H3BPT1;H3BN58;H3BSZ4;A0A0A0MR05;H3BR38;H3BQ74;I3L2E7","Q9BVC4"
"Q9NSD9;Q9BR63;A8K666;B7ZB32",-0.370339548496389,25.3015157560037,-0.631210072871283,0.532510281209018,0.718015296197473,-6.36009259364727,"Q9NSD9;Q9BR63;A8K666;B7ZB32","Q9NSD9"
"Q13885;B2R6L0;A5D907;A5D906",0.346716730844388,25.6266801936778,0.630998634441514,0.532646719839434,0.718015296197473,-6.36022587624822,"Q13885;B2R6L0;A5D907;A5D906","Q13885"
"Q14240;E7EQG2;Q96B07;B4DJX6;J3KSN7;E7EMV8;Q59GT8;Q5JWW0;E9PBH4;F8WE11;C9JUF0",-0.356503461543038,27.073773483906,-0.630780737205632,0.532787345669029,0.718015296197473,-6.36036318471319,"Q14240;E7EQG2;Q96B07;B4DJX6;J3KSN7;E7EMV8;Q59GT8;Q5JWW0;E9PBH4;F8WE11;C9JUF0","Q14240"
"Q9UK39;Q8WTX0",-0.3521887623853,23.2035464421799,-0.630561346863282,0.53292895501672,0.718015296197473,-6.36050138738349,"Q9UK39;Q8WTX0","Q9UK39"
"Q13492;A8K5U9;B5BU72;Q8N6B4;E9PLJ8;E9PI56;E9PKP6;E9PK13;H0YCY1;E9PJT1;O60641;E5RK51;E5RGY9;E5RFC6;E5RHK9;E5RFU0;E9PDG8;E5RIJ5",0.361942904724213,26.7744273627951,0.627363694215752,0.534995200236847,0.72043476110119,-6.36251039825792,"Q13492;A8K5U9;B5BU72;Q8N6B4;E9PLJ8;E9PI56;E9PKP6;E9PK13;H0YCY1;E9PJT1;O60641;E5RK51;E5RGY9;E5RFC6;E5RHK9;E5RFU0;E9PDG8;E5RIJ5","Q13492"
"Q93050;K7ENA1;K7ERA6;A0A994J4L9;Q53X12;Q53ET5;A0A994J735;K7EN36;A0A994J4L1;A0A994J6N3;Q5CZH6;A0A994J731;A0A994J6N0;A0A994J3Z9;A0A994J3Z0;A0A994J728;A0A994J3Z4;B7Z641;A0A994J473;B7Z2A9;A0A994J4L6;K7EM24;B7Z2J9;K7EPG4;K7ELZ6;F5H1T6;Q6AHY6;A0A994J403;K7EQW2",-0.393148138678544,23.6514700637939,-0.627011954889608,0.535222744028214,0.72043476110119,-6.362730780265,"Q93050;K7ENA1;K7ERA6;A0A994J4L9;Q53X12;Q53ET5;A0A994J735;K7EN36;A0A994J4L1;A0A994J6N3;Q5CZH6;A0A994J731;A0A994J6N0;A0A994J3Z9;A0A994J3Z0;A0A994J728;A0A994J3Z4;B7Z641;A0A994J473;B7Z2A9;A0A994J4L6;K7EM24;B7Z2J9;K7EPG4;K7ELZ6;F5H1T6;Q6AHY6;A0A994J403;K7EQW2","Q93050"
"Q9BRX8",-0.356627122383401,22.8819550453641,-0.626710667899363,0.535417690359909,0.72043476110119,-6.36291945562461,"Q9BRX8","Q9BRX8"
"P60891;B1ALA9;Q53FW2;A0A2R8Y7H4;A0A6Q8PG13;A0A6Q8PGX9;A0A6Q8PHI4;A0A6Q8PGP2;A0A6Q8PEU0;A0A6Q8PG82;B7ZB02",0.427888155365078,23.5812977970207,0.626342497697254,0.535655964099947,0.720444567497945,-6.36314989536269,"P60891;B1ALA9;Q53FW2;A0A2R8Y7H4;A0A6Q8PG13;A0A6Q8PGX9;A0A6Q8PHI4;A0A6Q8PGP2;A0A6Q8PEU0;A0A6Q8PG82;B7ZB02","P60891"
"P24666;Q59EH3;G5E9R5;A0A140VK37;F2Z2Q9;O75702;D3YTI2",-0.350890249475857,26.0077582141302,-0.622888450261933,0.537894092283535,0.722872940231164,-6.36530537450492,"P24666;Q59EH3;G5E9R5;A0A140VK37;F2Z2Q9;O75702;D3YTI2","P24666"
"A0A1W2PQS6;A0A2R8Y6L3;F6U211;A0A2R8Y7H1;A0A2R8YFH6;O95989;S4R435",-0.326578104697305,27.4455708338004,-0.622711207737703,0.538009073276012,0.722872940231164,-6.3654156682957,"A0A1W2PQS6;A0A2R8Y6L3;F6U211;A0A2R8Y7H1;A0A2R8YFH6;O95989;S4R435","A0A1W2PQS6"
"P00387;A0A8J8YWN6;A0A8J8Z3C6;A0A8I5KR71;A0A8I5KW26;A0A8I5QKX1;Q6ZVI6;A0A8I5QKT9;A0A8I5KPU0;A0A8I5KYU1;A0A087WZB1;B1AHF3;A0A8I5KVD2;A0A8I5KTF9;A0A8I5KUA5;A0A8I5KNV1;A0A8I5QKL2;A0A8I5KXI5",0.368281787788078,25.9985423373531,0.622483562577819,0.538156770508741,0.722872940231164,-6.36555728155174,"P00387;A0A8J8YWN6;A0A8J8Z3C6;A0A8I5KR71;A0A8I5KW26;A0A8I5QKX1;Q6ZVI6;A0A8I5QKT9;A0A8I5KPU0;A0A8I5KYU1;A0A087WZB1;B1AHF3;A0A8I5KVD2;A0A8I5KTF9;A0A8I5KUA5;A0A8I5KNV1;A0A8I5QKL2;A0A8I5KXI5","P00387"
"P00505;B3KUZ8;A8K482;B4DY39",-0.328292659573741,26.4467210082622,-0.621655502890337,0.538694199402866,0.723283343924898,-6.36607197423977,"P00505;B3KUZ8;A8K482;B4DY39","P00505"
"P61088;V9HW41;F8VQQ8;F8VSD4;Q5JXB2;F8VV71;F8VZ29",-0.331992086954948,28.7552051678484,-0.621154771283915,0.539019322084959,0.723319576634508,-6.36638288723872,"P61088;V9HW41;F8VQQ8;F8VSD4;Q5JXB2;F8VV71;F8VZ29","P61088"
"P51570;V9HWE7;Q6ZP37;Q71UH7;K7EII7;C8CHJ6;K7ERJ9;B4E1A8;K7ERN9;C8CHJ5",0.348194603022687,26.0249747873417,0.620899666280288,0.539185000216489,0.723319576634508,-6.36654119246259,"P51570;V9HWE7;Q6ZP37;Q71UH7;K7EII7;C8CHJ6;K7ERJ9;B4E1A8;K7ERN9;C8CHJ5","P51570"
"P42345;A0A8V8TRG9;A0A8V8TQM6;A0A8V8TQ52;B4E2H2;B4DZD5;Q96QW8;B3KX59;A0A8V8TQP2;A0A8V8TQN3;A0A8V8TR74;A1L147",-0.341368317796661,24.5463607949276,-0.620131092559029,0.539684312693111,0.723586937823793,-6.36701774703779,"P42345;A0A8V8TRG9;A0A8V8TQM6;A0A8V8TQ52;B4E2H2;B4DZD5;Q96QW8;B3KX59;A0A8V8TQP2;A0A8V8TQN3;A0A8V8TR74;A1L147","P42345"
"P25788;A0A140VK43;Q6IB71;G3V4X5;G3V3W4;G3V5N4;H0YJ03",0.323285058678533,28.3705210690742,0.619253981406027,0.540254434225065,0.723586937823793,-6.36756089706024,"P25788;A0A140VK43;Q6IB71;G3V4X5;G3V3W4;G3V5N4;H0YJ03","P25788"
"P80217",-0.340960044988659,25.536576150821,-0.619205564263951,0.540285914527798,0.723586937823793,-6.36759085748334,"P80217","P80217"
"P06703;R4GN98;B2R577",0.365421986877841,33.3477378218844,0.61900056333747,0.54041921457756,0.723586937823793,-6.36771768630113,"P06703;R4GN98;B2R577","P06703"
"P04350;B4DJ43;B4DE77;B4DFH6;M0R2D3;M0R278;M0QY85;M0QYM7;M0R0X0;M0QY37;M0QX14;M0R042;M0QZL7;M0R1I1;M0R2T4;A0A075B724",-0.399355289754361,23.4031048605773,-0.618808272267005,0.540544265831817,0.723586937823793,-6.36783661463185,"P04350;B4DJ43;B4DE77;B4DFH6;M0R2D3;M0R278;M0QY85;M0QYM7;M0R0X0;M0QY37;M0QX14;M0R042;M0QZL7;M0R1I1;M0R2T4;A0A075B724","P04350"
"P22061;A0A384MDK7;F6S8N6;B7Z972;A0A3F2YNX8;F8WDT3;F8WAV5;F8WAX2;C9J0F2;H7C4X2",0.337420870099148,27.575050870991,0.618224563134944,0.540923958068733,0.723784566802393,-6.3681974067899,"P22061;A0A384MDK7;F6S8N6;B7Z972;A0A3F2YNX8;F8WDT3;F8WAV5;F8WAX2;C9J0F2;H7C4X2","P22061"
"P46060;B4DY16;B4E0U0;H0Y4Q3;Q9BSK3;Q8WUS7;B0QYT5;B0QYT4",0.331690765472555,26.7332902034857,0.617176389833029,0.541606126538245,0.724188168822337,-6.36884445191997,"P46060;B4DY16;B4E0U0;H0Y4Q3;Q9BSK3;Q8WUS7;B0QYT5;B0QYT4","P46060"
"O75781;B7Z649;B2RCL4",-0.316424980084477,23.0885863956561,-0.616831302752912,0.541830813412225,0.724188168822337,-6.3690572424058,"O75781;B7Z649;B2RCL4","O75781"
"Q96JB2;B4DH72;B4E2F3",-0.379949244178082,23.2936627685635,-0.616283267688638,0.542187740341847,0.724188168822337,-6.36939493781486,"Q96JB2;B4DH72;B4E2F3","Q96JB2"
"Q96D71;E9PMG1;B2R7D3;H0YE89;Q59GG6;H0YDT0;H0YE73;H0YCR2;F2Z3L2;B4DQQ8",-0.422664518905513,24.4836793687084,-0.616115103446783,0.542297287816931,0.724188168822337,-6.36949850075119,"Q96D71;E9PMG1;B2R7D3;H0YE89;Q59GG6;H0YDT0;H0YE73;H0YCR2;F2Z3L2;B4DQQ8","Q96D71"
"Q8IWA5;K7EPV6;K7ER17;K7EMR2",-0.323551473463692,23.3103898268587,-0.615978134758097,0.542386522080468,0.724188168822337,-6.36958283172214,"Q8IWA5;K7EPV6;K7ER17;K7EMR2","Q8IWA5"
"O75436;B4DLT1;A8K3C1;S4R3Q6;S4R2Y3",-0.330830658318199,27.081048158676,-0.614798094070112,0.543155629264836,0.724783949926084,-6.37030861958791,"O75436;B4DLT1;A8K3C1;S4R3Q6;S4R2Y3","O75436"
"O95758",0.343888187089103,23.4593088730951,0.614298680759951,0.543481299980717,0.724783949926084,-6.37061537648342,"O95758","O95758"
"O43657;A0A087WYV6;B4DRB0;B4DUZ1;B3KQJ7;Q59ED5",-0.4456996902356,25.0116080675148,-0.61399286658509,0.543680773730619,0.724783949926084,-6.37080309805036,"O43657;A0A087WYV6;B4DRB0;B4DUZ1;B3KQJ7;Q59ED5","O43657"
"O95273;H3BQA6;H3BR23;H3BUF4;B4DHB5",0.463396382761886,23.6289949683382,0.613867979098132,0.543762245215465,0.724783949926084,-6.37087973300256,"O95273;H3BQA6;H3BR23;H3BUF4;B4DHB5","O95273"
"K7EK60;K7EJE6;K7ERL1;K7EMY8",-0.323960292774352,23.3245716829559,-0.613439030406467,0.544042122291294,0.724847235978875,-6.3711428337933,"K7EK60;K7EJE6;K7ERL1;K7EMY8","K7EK60"
"A0A8Q3WKP0",0.333352164798384,26.2951492951348,0.61236749478976,0.544741597552658,0.725469275306038,-6.37179928894792,"A0A8Q3WKP0","A0A8Q3WKP0"
"P04183;B5BU32;A0A384MDV9;K7ERV3;B5BUF9;K7ES52;K7ERJ1;K7ENW5",-0.322763354638859,23.0223367432022,-0.611581184367786,0.545255181877234,0.725843325768286,-6.37228029413408,"P04183;B5BU32;A0A384MDV9;K7ERV3;B5BUF9;K7ES52;K7ERJ1;K7ENW5","P04183"
"P48444;B0YIW5;Q6MZV5;B0YIW6;Q6P1Q5;E9PK34",-0.337765701028786,27.0485089877753,-0.610346007348274,0.546062455319588,0.726607849036602,-6.37303466416079,"P48444;B0YIW5;Q6MZV5;B0YIW6;Q6P1Q5;E9PK34","P48444"
"O00161;A8K287;H3BM38;H3BNE1;H3BR18;H3BPJ0;H3BV99;H3BP15;H3BQY9;H3BR99;H3BNG6;H3BU94",-0.331146554654879,28.3453168145523,-0.606874184159027,0.548334854597882,0.728947194286451,-6.37514706803034,"O00161;A8K287;H3BM38;H3BNE1;H3BR18;H3BPJ0;H3BV99;H3BP15;H3BQY9;H3BR99;H3BNG6;H3BU94","O00161"
"Q68D91;B3KY36",-0.321791871417094,25.0164727729441,-0.606624733967286,0.548498314747887,0.728947194286451,-6.37529839114693,"Q68D91;B3KY36","Q68D91"
"Q9HBM1;C9JW94",-0.325895951188539,22.8623259144708,-0.606589107181512,0.548521662388682,0.728947194286451,-6.37531999834596,"Q9HBM1;C9JW94","Q9HBM1"
"P62195;A0A140VJS3;A0A994J6V8;Q59GS3;J3QQM1;J3QSA9;J3QLH6;J3KRP2;J3QRR3;J3QSE0;A0A994J6H0;J3QRW1;A0A994J3X6;J3KTQ9",-0.32667718868024,26.6458440836832,-0.604476696859179,0.549906927719554,0.73047687715387,-6.3765989342665,"P62195;A0A140VJS3;A0A994J6V8;Q59GS3;J3QQM1;J3QSA9;J3QLH6;J3KRP2;J3QRR3;J3QSE0;A0A994J6H0;J3QRW1;A0A994J3X6;J3KTQ9","P62195"
"Q9NZB2;A0A8V8TNY3;A0A494C0Y9;A0A0C4DG79;A0A0C4DH52;Q5T035",0.379307960777197,24.1663035683651,0.602936762401802,0.550917916006923,0.731508292901486,-6.37752852560913,"Q9NZB2;A0A8V8TNY3;A0A494C0Y9;A0A0C4DG79;A0A0C4DH52;Q5T035","Q9NZB2"
"O15231;A0A8Q3WKR1;Q6MZQ8;H0Y704;H7BZT5;B4E2L1;Q7Z3Q8;B3KPM4;H7C1R1",-0.33754205441555,25.7333104078311,-0.601416957751055,0.551916628206372,0.73252253760667,-6.37844369522107,"O15231;A0A8Q3WKR1;Q6MZQ8;H0Y704;H7BZT5;B4E2L1;Q7Z3Q8;B3KPM4;H7C1R1","O15231"
"O75815;B3KP06;A0A384MTS3;B4DWK2;B3KNL6",-0.337656908194816,23.3651655824324,-0.600671209877902,0.55240702383708,0.732861551402745,-6.37889193178723,"O75815;B3KP06;A0A384MTS3;B4DWK2;B3KNL6","O75815"
"Q16222;A0A140VKC0;A0A087X226",0.342303898817242,25.6736376698721,0.599068327487418,0.553461820272409,0.733948731900359,-6.37985351614826,"Q16222;A0A140VKC0;A0A087X226","Q16222"
"P60866;E5RJX2;A0A7P0S5H5;E5RIP1;G3XAN0",-0.344251910107662,27.7950999491677,-0.597635995629766,0.554405258691851,0.734887378605985,-6.3807106622419,"P60866;E5RJX2;A0A7P0S5H5;E5RIP1;G3XAN0","P60866"
"Q15418;E9PGT3;B7Z2K7;Q15349;Q5SVM6;B7Z3B5;F2Z2J1;Q9UK32;E9PMM7;E9PAN7",0.393656264775757,23.7081008856663,0.597092679493657,0.55476334214112,0.734944948875758,-6.38103527295477,"Q15418;E9PGT3;B7Z2K7;Q15349;Q5SVM6;B7Z3B5;F2Z2J1;Q9UK32;E9PMM7;E9PAN7","Q15418"
"Q96ME1;A0A994ENR3",-0.326778416711896,23.0673730265099,-0.596279451975304,0.555299537642945,0.734944948875758,-6.3815206064947,"Q96ME1;A0A994ENR3","Q96ME1"
"P06241;B3KPS6;E5RFS5;E5RH71;E5RIX5;E5RGT0;E5RGM6;E5RI25;E5RFM0;E5RJX7;E5RHX7;E5RFM6;E5RK23;E5RFM4;E5RHF7",-0.383394713022593,23.9512919376372,-0.596053115791465,0.555448817938851,0.734944948875758,-6.38165556879326,"P06241;B3KPS6;E5RFS5;E5RH71;E5RIX5;E5RGT0;E5RGM6;E5RI25;E5RFM0;E5RJX7;E5RHX7;E5RFM6;E5RK23;E5RFM4;E5RHF7","P06241"
"Q9BZM5;Q8IZX9;B4DSS7;Q5VY80;J7HHH7;J7HBC9;J7HEN7;J7HBD2;J7HBF1;J7HBE3;J7HBC7",-0.320978835421361,23.1378342262903,-0.595853557429535,0.555580453940356,0.734944948875758,-6.38177452218313,"Q9BZM5;Q8IZX9;B4DSS7;Q5VY80;J7HHH7;J7HBC9;J7HEN7;J7HBD2;J7HBF1;J7HBE3;J7HBC7","Q9BZM5"
"Q9BY44;F8WAE5;C9IZE1;H7C5R5;H7C5Q3",-0.319542488988212,25.2291416291035,-0.595783205885491,0.555626864202962,0.734944948875758,-6.3818164482797,"Q9BY44;F8WAE5;C9IZE1;H7C5R5;H7C5Q3","Q9BY44"
"P32456;Q8TCE5;A0A348GSI7",-0.318590111825994,25.4416967994125,-0.595388296856923,0.555887418878165,0.734977897194148,-6.38205170506553,"P32456;Q8TCE5;A0A348GSI7","P32456"
"A0A0S4T4M1",-0.344783202716883,23.2085148956245,-0.594237072218211,0.556647335246757,0.735670779082472,-6.38273664743961,"A0A0S4T4M1","A0A0S4T4M1"
"Q9BV40;B8ZZT4;C9JXZ5",0.31650110956015,28.2797056797427,0.593691143741079,0.55700788486015,0.735692251597841,-6.38306100489301,"Q9BV40;B8ZZT4;C9JXZ5","Q9BV40"
"Q9NQ88;A0A0U1RQD1;A0A6Q8PFP0",-0.341234149634559,23.0833025432653,-0.593498213130363,0.557135331283777,0.735692251597841,-6.38317556284504,"Q9NQ88;A0A0U1RQD1;A0A6Q8PFP0","Q9NQ88"
"P33527;I3L4X2;A0A0A0MS99;Q68CP7;A0A7I2V2E0;Q9UQ98;A0A7I2V4C6;Q9BV39;G0ZCM3;G0ZCM6;G0ZCM5",0.316603488963711,26.7217054138216,0.592618742065607,0.557716482393808,0.735940295896735,-6.38369731244539,"P33527;I3L4X2;A0A0A0MS99;Q68CP7;A0A7I2V2E0;Q9UQ98;A0A7I2V4C6;Q9BV39;G0ZCM3;G0ZCM6;G0ZCM5","P33527"
"B4E2S2",-0.318398957369805,22.8994417469792,-0.591607503489892,0.558385087130275,0.735940295896735,-6.38429629907215,"B4E2S2","B4E2S2"
"O14933;E9PKW8;E9PQT7",-0.326078743379526,23.1604053872341,-0.5915777394427,0.558404772535829,0.735940295896735,-6.38431391405464,"O14933;E9PKW8;E9PQT7","O14933"
"Q01813;A0A8V8TMY4;A0A7I2V3Z0;B1APP6;Q8WTZ9;O14943;B1APP8;Q49A78;Q5VSR5;H0Y757;V9GYV7;V9GY25;A0A7I2V5S1;H0Y3Y3",0.324029082298338,29.0359470468695,0.591574299379273,0.558407047754722,0.735940295896735,-6.38431594989992,"Q01813;A0A8V8TMY4;A0A7I2V3Z0;B1APP6;Q8WTZ9;O14943;B1APP8;Q49A78;Q5VSR5;H0Y757;V9GYV7;V9GY25;A0A7I2V5S1;H0Y3Y3","Q01813"
"O00505;Q53F09;H0Y4S9",0.300565775546218,24.6178850566615,0.591176018933079,0.558670497862171,0.735940295896735,-6.38455157587462,"O00505;Q53F09;H0Y4S9","O00505"
"A0A0S2Z4G4;B2RDE1;Q5HYB6;A0A087WWU8;A0A0S2Z4I4;B4DWT5;Q8NAG3;A0A0S2Z4G8;B4DQ80;D6R904;Q5VU62;Q6LDX7;A0A494C0G0;Q8NI98;Q5VU61;A0A494C034;A0A2R8Y6A3",-0.32768719629529,29.8980083425902,-0.591066248295662,0.558743118850977,0.735940295896735,-6.38461648981914,"A0A0S2Z4G4;B2RDE1;Q5HYB6;A0A087WWU8;A0A0S2Z4I4;B4DWT5;Q8NAG3;A0A0S2Z4G8;B4DQ80;D6R904;Q5VU62;Q6LDX7;A0A494C0G0;Q8NI98;Q5VU61;A0A494C034;A0A2R8Y6A3","A0A0S2Z4G4"
"Q14108;A0A1W2PPX5;A0A1W2PQR6;A0A1W2PQB7;A0A1W2PS43;A0A1W2PRS1;A0A1W2PRF6;A0A1W2PPU6;D6RDG0;A0A1W2PS70;A0A1W2PNX7;A0A1W2PSE4",-0.413872971626848,24.7028926886547,-0.590716020596347,0.558974851227754,0.735940295896735,-6.38482352164723,"Q14108;A0A1W2PPX5;A0A1W2PQR6;A0A1W2PQB7;A0A1W2PS43;A0A1W2PRS1;A0A1W2PRF6;A0A1W2PPU6;D6RDG0;A0A1W2PS70;A0A1W2PNX7;A0A1W2PSE4","Q14108"
"P62899;H7C2W9;C9JU56;B7Z4E3;B2R4C1;B7Z4C8;Q76N53;B8ZZK4",-0.327223630729598,27.1937577992921,-0.589543851302902,0.559750787050859,0.736407261992257,-6.38551555939031,"P62899;H7C2W9;C9JU56;B7Z4E3;B2R4C1;B7Z4C8;Q76N53;B8ZZK4","P62899"
"Q9H3Q1;B2R6D8;J3QQS6;J3KRZ9;J3QR93",-0.320937180777044,23.2141117140097,-0.589466912346017,0.559801737154101,0.736407261992257,-6.38556093643764,"Q9H3Q1;B2R6D8;J3QQS6;J3KRZ9;J3QR93","Q9H3Q1"
"Q8TAF3;A0A024R2L1;F8W9K4;F8W7Q3;C9JC24;F8W7Y5;F8W6P2",-0.302473693740687,24.709041103526,-0.588830951014016,0.560222970362473,0.736523422062697,-6.38593579193053,"Q8TAF3;A0A024R2L1;F8W9K4;F8W7Q3;C9JC24;F8W7Y5;F8W6P2","Q8TAF3"
"Q5H9R7;H7BXH2;E9PKF6;Q7L294;B4DTT7;B4DYU6;H0YEN2;E9PQP7;E9PKG4;E9PNN8;B4E0C2",-0.343356660860046,23.2841221554067,-0.588620617758413,0.560362321434684,0.736523422062697,-6.38605968188375,"Q5H9R7;H7BXH2;E9PKF6;Q7L294;B4DTT7;B4DYU6;H0YEN2;E9PQP7;E9PKG4;E9PNN8;B4E0C2","Q5H9R7"
"Q9UPY6;A0A590UJ74;Q5T8P4",0.310800935117253,22.8017591477695,0.58824869605148,0.560608772022356,0.73653696711783,-6.38627864435149,"Q9UPY6;A0A590UJ74;Q5T8P4","Q9UPY6"
"Q6UVY6",0.323406023317638,23.108071776959,0.586844778134575,0.561539561531627,0.73744921785985,-6.38710395743445,"Q6UVY6","Q6UVY6"
"P46379;A0A0G2JL47;A0A7P0MQS5;A0A1U9X7A9;A0A1U9X7A6;A0A024RCM4;A0A0G2JK23;A0A7I2V508;F6S6P2;X6REW1;A0A0G2JJM1;H0Y710;H0Y4L1",-0.323047534017661,25.0828072784838,-0.585262488243948,0.562589549311622,0.738517173528177,-6.38803181788626,"P46379;A0A0G2JL47;A0A7P0MQS5;A0A1U9X7A9;A0A1U9X7A6;A0A024RCM4;A0A0G2JK23;A0A7I2V508;F6S6P2;X6REW1;A0A0G2JJM1;H0Y710;H0Y4L1","P46379"
"B2RCM3;C9JWY7",0.323459829020454,28.7590657625746,0.584629465642855,0.56300989342172,0.738753160053028,-6.38840233859072,"B2RCM3;C9JWY7","B2RCM3"
"Q99613;B4DVQ5;A1KYQ7;B5ME19;B4DVU3;B4DDN4;B4DRU0;B4E2Z6;B3KNZ4;Q3B7B9;H3BPE4;H3BPE3;H3BTY8",-0.32544513015964,26.5956569451765,-0.583796800351981,0.563563047544797,0.738753160053028,-6.38888911703638,"Q99613;B4DVQ5;A1KYQ7;B5ME19;B4DVU3;B4DDN4;B4DRU0;B4E2Z6;B3KNZ4;Q3B7B9;H3BPE4;H3BPE3;H3BTY8","Q99613"
"P14618;V9HWB8;A0A8V8TNX9;B4DNK4;Q8WUW7;Q9UKK4;Q9NYI7;Q9UK31;Q9UN47",-0.312719581139021,32.2132423413895,-0.582887998941103,0.564167093617414,0.738753160053028,-6.38941963049281,"P14618;V9HWB8;A0A8V8TNX9;B4DNK4;Q8WUW7;Q9UKK4;Q9NYI7;Q9UK31;Q9UN47","P14618"
"Q9UJY5;B0QYR6;B0QYR5;B3KTE2",-0.306912137029453,23.7521003504669,-0.582818956766839,0.564212996710505,0.738753160053028,-6.38945990087453,"Q9UJY5;B0QYR6;B0QYR5;B3KTE2","Q9UJY5"
"P10599;H9ZYJ2",-0.303767683302844,30.497487216485,-0.582653966425176,0.564322699141433,0.738753160053028,-6.38955611626089,"P10599;H9ZYJ2","P10599"
"Q53GQ0;A0A1B0GV93;B4DWS6;B3KQJ0;A0A1B0GVY6",-0.31218151721357,23.1687606545741,-0.582502240629955,0.564423591451181,0.738753160053028,-6.38964457280957,"Q53GQ0;A0A1B0GV93;B4DWS6;B3KQJ0;A0A1B0GVY6","Q53GQ0"
"Q96LD8;A8K8D3;H3BTJ8;H3BS71;H3BTK5",0.324049417191475,23.3880123559282,0.582496648543693,0.564427310165555,0.738753160053028,-6.38964783258047,"Q96LD8;A8K8D3;H3BTJ8;H3BS71;H3BTK5","Q96LD8"
"P63241;I3L397;I3L504;Q6IS14;Q9GZV4;F8WCJ1;C9J7B5;C9J4W5",0.313779102704505,29.6773577984478,0.581337863505153,0.565198164150776,0.739451792779476,-6.39032265787184,"P63241;I3L397;I3L504;Q6IS14;Q9GZV4;F8WCJ1;C9J7B5;C9J4W5","P63241"
"Q04637;Q4LE58;B2RU06;B2RU10;A0A7I2Y1C3;B4DGF1;E7EUU4;E9PGM1;E7EX73;B4DSI9;Q96I65;C9JF13;C9J6B6;C9K073;C9J2Z7;H7C044;A0A6Q8PFB2;H7C0V6;REV__F5H7J8;REV__J3KQX6;REV__C9JQZ6;REV__Q86XB5;REV__Q8NEG2;O95065;C9JHW9;F8WCF2",0.311740464039609,26.7502011530644,0.58096988557715,0.565443063639619,0.739462019074202,-6.39053667702549,"Q04637;Q4LE58;B2RU06;B2RU10;A0A7I2Y1C3;B4DGF1;E7EUU4;E9PGM1;E7EX73;B4DSI9;Q96I65;C9JF13;C9J6B6;C9K073;C9J2Z7;H7C044;A0A6Q8PFB2;H7C0V6;REV__F5H7J8;REV__J3KQX6;REV__C9JQZ6;REV__Q86XB5;REV__Q8NEG2;O95065;C9JHW9;F8WCF2","Q04637"
"Q92530;Q5QPM9;Q5QPM7;A0A140VJT2;B4DFK1;B4DUJ0",0.357683602486475,24.3524186290889,0.580553492785748,0.56572024903558,0.739514441216251,-6.39077869482624,"Q92530;Q5QPM9;Q5QPM7;A0A140VJT2;B4DFK1;B4DUJ0","Q92530"
"O60331;B4DVZ9;A0A7P0T808",0.300926404923707,24.9186050201664,0.57886145841117,0.566847310357595,0.740621549360962,-6.39176040081158,"O60331;B4DVZ9;A0A7P0T808","O60331"
"Q8TBC4;J3JZZ9;B2RBP3;F8W8D4;B7Z5F6;F8WF86",-0.321934352460232,24.0139305216065,-0.578256630093243,0.567250459237425,0.740621549360962,-6.39211063770338,"Q8TBC4;J3JZZ9;B2RBP3;F8W8D4;B7Z5F6;F8WF86","Q8TBC4"
"Q9UHY7;D6RA00;Q7Z508",0.321166050356059,24.1987861645849,0.578213011574876,0.567279538769906,0.740621549360962,-6.39213588195597,"Q9UHY7;D6RA00;Q7Z508","Q9UHY7"
"O00231;B4DTS5;J3QRY4;J3QS13;J3KSW3",-0.313294687352236,26.6565241908744,-0.577769953885066,0.567574958280832,0.740697194509588,-6.39239219637804,"O00231;B4DTS5;J3QRY4;J3QS13;J3KSW3","O00231"
"P78310",0.311361095487111,26.3792233315772,0.577150235231513,0.567988300352949,0.740926603429882,-6.39275038889902,"P78310","P78310"
"Q92598;B4DF68;A0A0A0MSM0;B4DY72;B4DZB4;R4GN69;Q5TBM3;B4DZP3",-0.31436705503609,26.9941640056183,-0.576091844213915,0.568694578728413,0.74153778890214,-6.39336126090684,"Q92598;B4DF68;A0A0A0MSM0;B4DY72;B4DZB4;R4GN69;Q5TBM3;B4DZP3","Q92598"
"O75843;Q86V28;Q86U03;B4E3E1;Q86U41;H0YJ47",0.342131723688052,23.1890940911831,0.575026533051011,0.569405919251628,0.741936842090712,-6.39397501907513,"O75843;Q86V28;Q86U03;B4E3E1;Q86U41;H0YJ47","O75843"
"Q6P4Q7;Q9H8M5",-0.323517132225959,25.0641325893322,-0.574653817662331,0.569654897749186,0.741936842090712,-6.39418948924697,"Q6P4Q7;Q9H8M5","Q6P4Q7"
"P40121;V9HW69;B4DU58;B2R9S4;E7ENU9;A0A979HLS2;A0A979HLS1;B8ZZL6;H7C0X8",-0.308771778694439,30.0884935779616,-0.574564984961447,0.569714247132816,0.741936842090712,-6.39424058582201,"P40121;V9HW69;B4DU58;B2R9S4;E7ENU9;A0A979HLS2;A0A979HLS1;B8ZZL6;H7C0X8","P40121"
"Q96RD7;B6ETL5",0.325444910193351,24.4515476452766,0.574026908497858,0.570073803683124,0.742095239435585,-6.39454992221132,"Q96RD7;B6ETL5","Q96RD7"
"Q99598;C4P0D6;C4P0D8;Q5VVQ1;C4P0D4;Q7Z3N9;Q9NRI2",-0.297766029660011,25.331893656403,-0.573455819156928,0.570455544381125,0.742282370848864,-6.39487792719576,"Q99598;C4P0D6;C4P0D8;Q5VVQ1;C4P0D4;Q7Z3N9;Q9NRI2","Q99598"
"P50151;A0A024R161",0.303923021981944,27.7353911857504,0.57003325550653,0.572746006448205,0.744951957511239,-6.39683697911405,"P50151;A0A024R161","P50151"
"P34949;H3BPB8;B4DW50;F5GX71;H3BP57;H3BN01;H3BNY8;B4DFC4;H3BUZ9;H3BMZ9;H3BPP3;H3BT48;H3BPU7;H3BUG1;B4DYB8;H3BT46;H3BQX0;H3BPM5;H3BU66;Q8NHZ6",0.34460009837921,24.8898842527119,0.569284268807664,0.573247856361628,0.745076058838574,-6.39726416296953,"P34949;H3BPB8;B4DW50;F5GX71;H3BP57;H3BN01;H3BNY8;B4DFC4;H3BUZ9;H3BMZ9;H3BPP3;H3BT48;H3BPU7;H3BUG1;B4DYB8;H3BT46;H3BQX0;H3BPM5;H3BU66;Q8NHZ6","P34949"
"P68363;B3KT06;A8JZY9;B3KPS3;B4DDU2;F8VVB9;B4DN58;F8VS66;C9JDS9;F8VRZ4;F8VWV9;F8VX09;A6NHL2;Q6QMJ5;Q15670;C9K0S6;F8VRK0;A0A7P0Z4A1;F8W0F6;A0AAA9YHK8;Q9H853",0.315078696910899,31.979494630458,0.569115992308535,0.573360638176512,0.745076058838574,-6.39736006366551,"P68363;B3KT06;A8JZY9;B3KPS3;B4DDU2;F8VVB9;B4DN58;F8VS66;C9JDS9;F8VRZ4;F8VWV9;F8VX09;A6NHL2;Q6QMJ5;Q15670;C9K0S6;F8VRK0;A0A7P0Z4A1;F8W0F6;A0AAA9YHK8;Q9H853","P68363"
"M0QXM4;B4DE27;M0QX44;M0R144",-0.321549361417418,23.1562069859698,-0.568821454556435,0.573558069019371,0.745076058838574,-6.3975278537796,"M0QXM4;B4DE27;M0QX44;M0R144","M0QXM4"
"P49721;A0A140VJS6;B7Z478;A0A087WVV1;Q59FJ0",-0.28358750252044,27.3902045658751,-0.567378722592576,0.574525630903179,0.745791949159952,-6.39834851028785,"P49721;A0A140VJS6;B7Z478;A0A087WVV1;Q59FJ0","P49721"
"Q9BPZ7;E9PGB8;B1AMA5;B1AMB1;B1AMA6;B1AMB2;B7Z5E5",-0.315922928755402,23.3609999586354,-0.567286681999444,0.574587385005247,0.745791949159952,-6.39840079568479,"Q9BPZ7;E9PGB8;B1AMA5;B1AMB1;B1AMA6;B1AMB2;B7Z5E5","Q9BPZ7"
"P47755;Q53GE2;Q53GC7;A4D0V4;F8W9N7;B4DE01;C9JUG7",-0.304999892890482,27.2507184925099,-0.565459908116386,0.575813729371647,0.746869137583493,-6.39943681069613,"P47755;Q53GE2;Q53GC7;A4D0V4;F8W9N7;B4DE01;C9JUG7","P47755"
"Q9Y6G5;H0Y9N4;D6RC04;D6RJ90",-0.303173336594828,23.3920818011038,-0.565337114922129,0.575896209005547,0.746869137583493,-6.39950633281346,"Q9Y6G5;H0Y9N4;D6RC04;D6RJ90","Q9Y6G5"
"A8K8U3",0.294764920982765,27.1419636637927,0.564393386092563,0.576530302579146,0.747380720592001,-6.40004015251429,"A8K8U3","A8K8U3"
"P39748;B4DWZ4;Q6FHX6;I3L3E9;F5H1Y3",0.338699742954336,23.2895108962763,0.56366362544517,0.577020867098319,0.747705893011906,-6.40045234238326,"P39748;B4DWZ4;Q6FHX6;I3L3E9;F5H1Y3","P39748"
"O00232;A0A0S2Z489;A0A0S2Z476",-0.305617482598418,26.4048434824636,-0.561818139899001,0.578262371299965,0.749003461829149,-6.40149239510866,"O00232;A0A0S2Z489;A0A0S2Z476","O00232"
"O94804;H0YB71",-0.304080923752036,26.418214257709,-0.561039838179497,0.578786348973046,0.749370951617655,-6.40193001781059,"O94804;H0YB71","O94804"
"A0A7D7L8G3",-0.308504203655307,23.1307872110809,-0.559932284502364,0.579532392712749,0.750025532311645,-6.4025517473706,"A0A7D7L8G3","A0A7D7L8G3"
"O75116;A0A2P9DU05;A0A8V8TL82;E9PF63;A0A8V8TL90;D6REE7;Q14DU5;B4DRJ9;C9JFJ0",0.300728230381452,31.2559891397561,0.559495179332868,0.579826955194486,0.750095509436584,-6.40279678682088,"O75116;A0A2P9DU05;A0A8V8TL82;E9PF63;A0A8V8TL90;D6REE7;Q14DU5;B4DRJ9;C9JFJ0","O75116"
"Q32Q12;P22392;Q6FHN3;J3KPD9;E7ERL0;E5RHP0;O60361;F6XY72;C9K028",0.2882746271023,30.273725951071,0.558952736504763,0.580192606442361,0.750257354682307,-6.40310061745736,"Q32Q12;P22392;Q6FHN3;J3KPD9;E7ERL0;E5RHP0;O60361;F6XY72;C9K028","Q32Q12"
"O14966;Q6FGU7;Q53EX5;B2R7I9",-0.307021320079464,23.4567964042855,-0.558504009975453,0.580495170805653,0.750337520821728,-6.40335173791789,"O14966;Q6FGU7;Q53EX5;B2R7I9","O14966"
"P23381;A0A024R6K8;H0YJP3;G3V3Y5;G3V3H8;G3V277;B4DTK8;G3V5W1;G3V227;G3V3P2;G3V3X0;G3V3S7;G3V4N8;G3V423;G3V2Y7;G3V456;G3V5U1;G3V4C7;G3V2C0;G3V339;G3V313;G3V4S4;G3V3R3;G3V2F2;G3V4N0;P78534;G3V4Q0;G3V4A3;G3V5H5",0.291537763446193,27.3435536157698,0.557125133463349,0.581425395332039,0.751062588998637,-6.40412216088365,"P23381;A0A024R6K8;H0YJP3;G3V3Y5;G3V3H8;G3V277;B4DTK8;G3V5W1;G3V227;G3V3P2;G3V3X0;G3V3S7;G3V4N8;G3V423;G3V2Y7;G3V456;G3V5U1;G3V4C7;G3V2C0;G3V339;G3V313;G3V4S4;G3V3R3;G3V2F2;G3V4N0;P78534;G3V4Q0;G3V4A3;G3V5H5","P23381"
"Q9NR56;C9JP00;A0A0A0MQX8;Q5VZF2;A0A8I5KU79;B4E3F7;O95205;A0PJJ3;B4E233;H7C4T5;Q86VM6;A2A3S3;A0A994J509;A0A994J506;A0A7P0T9I3",-0.331388756094082,24.0593775168447,-0.556782346835809,0.581656761180509,0.751062588998637,-6.4043133972619,"Q9NR56;C9JP00;A0A0A0MQX8;Q5VZF2;A0A8I5KU79;B4E3F7;O95205;A0PJJ3;B4E233;H7C4T5;Q86VM6;A2A3S3;A0A994J509;A0A994J506;A0A7P0T9I3","Q9NR56"
"P40261;B0YJ53",0.303560864293129,28.8113224522209,0.556601973166273,0.581778523571884,0.751062588998637,-6.40441397916843,"P40261;B0YJ53","P40261"
"Q9BV20",-0.2985376217161,23.5219534083863,-0.555036894521826,0.582835564069961,0.752115897531737,-6.40528537439861,"Q9BV20","Q9BV20"
"Q8WZ73;J3KSI3;J3KSU7;K7EN88;J3QR17;C9JE27",0.340718473510847,23.3494048321723,0.553704782271858,0.583736000786393,0.752966330212059,-6.40602516556388,"Q8WZ73;J3KSI3;J3KSU7;K7EN88;J3QR17;C9JE27","Q8WZ73"
"P63098;F6U1T9;D3YTA9;H7BYZ3;Q86YQ0",-0.307181201837189,23.3201886802151,-0.550335887119141,0.58601622169022,0.755595120071019,-6.40788831253283,"P63098;F6U1T9;D3YTA9;H7BYZ3;Q86YQ0","P63098"
"Q9Y4L1;A0A494C039;A0A384P5T6;K7EQK2;A0A087X054;B7Z2N4;A0A8Q3SHG4;B3KXH0;B7Z766;Q05D91;A0A0G2JRS0;Q6IN67;A0A087WWI4;E9PJ21;J3QLE9;J3QQH7;B7Z602;J3KTF1;J3QL06;B7Z4E6;A0A8Q3SHP7;A0A0G2JRG7;A0A0G2JRT9;Q9BST8;A0A0G2JR88;Q68D25;A0A0G2JR71",0.309321500300197,25.2146796826379,0.549537180166949,0.586557457716789,0.755980458933332,-6.4083283979395,"Q9Y4L1;A0A494C039;A0A384P5T6;K7EQK2;A0A087X054;B7Z2N4;A0A8Q3SHG4;B3KXH0;B7Z766;Q05D91;A0A0G2JRS0;Q6IN67;A0A087WWI4;E9PJ21;J3QLE9;J3QQH7;B7Z602;J3KTF1;J3QL06;B7Z4E6;A0A8Q3SHP7;A0A0G2JRG7;A0A0G2JRT9;Q9BST8;A0A0G2JR88;Q68D25;A0A0G2JR71","Q9Y4L1"
"O75884",-0.307362413702627,23.5989998989172,-0.548823398382252,0.587041350555964,0.756116368642236,-6.40872115956114,"O75884","O75884"
"A2VCQ5",-0.282153429171363,23.3689444779115,-0.548666482822577,0.587147754040236,0.756116368642236,-6.40880743594171,"A2VCQ5","A2VCQ5"
"O15037;A8K6L5;G3V3G3;G3V331",-0.307144156144712,23.1737829271343,-0.547746525012433,0.587771760158927,0.756607560848408,-6.4093127667677,"O15037;A8K6L5;G3V3G3;G3V331","O15037"
"O75146;B4DI31;B3KN98;H0YH66",-0.303249577799043,23.4709165894547,-0.546877713868155,0.588361368777735,0.75705408796112,-6.40978923938954,"O75146;B4DI31;B3KN98;H0YH66","O75146"
"P07550;X5DQM5;Q9BYZ0",0.295251266562431,23.2331819419135,0.5458694514341,0.589045973496117,0.757622429416243,-6.41034125993859,"P07550;X5DQM5;Q9BYZ0","P07550"
"Q96S19;A0A087WYU2;H3BNB2;H3BS73;H3BQ55;H3BNT3;H3BMF3",-0.295258870998975,23.4450796872423,-0.545140978233556,0.589540842637818,0.757667729189261,-6.41073947512027,"Q96S19;A0A087WYU2;H3BNB2;H3BS73;H3BQ55;H3BNT3;H3BMF3","Q96S19"
"A0A2U3QLM8;B2DFV9;A0A6B7IER3;G0ZDR9;D3U425;B8Y1W8;B3GUH8;A0A1X9I3R5;A0A0N7A4R2;E0WBU8;Q8MGZ5",-0.319567436512433,23.4420861732626,-0.545102431568051,0.58956703390264,0.757667729189261,-6.4107605318786,"A0A2U3QLM8;B2DFV9;A0A6B7IER3;G0ZDR9;D3U425;B8Y1W8;B3GUH8;A0A1X9I3R5;A0A0N7A4R2;E0WBU8;Q8MGZ5","A0A2U3QLM8"
"Q8IYN3;Q92619;B7Z910;B3KXW7;A0A2X0U2E5;K7ES98;K7EM85;K7EQA4;B3KVA9;B4E3K8;F5H1R4",-0.300549681951502,23.3256713545181,-0.541884828037043,0.591755276831769,0.760166683870794,-6.41251305255271,"Q8IYN3;Q92619;B7Z910;B3KXW7;A0A2X0U2E5;K7ES98;K7EM85;K7EQA4;B3KVA9;B4E3K8;F5H1R4","Q8IYN3"
"P52306;B3KNU0;B7Z2V8;B7Z4M5;Q6U7G8;H0Y8M2;D6RHH8;D6REZ0;D6RB97;D6RBC6;D6RHZ7",-0.293312804267803,27.8142793241408,-0.540634816437039,0.592606444563189,0.760921906848048,-6.41319114697833,"P52306;B3KNU0;B7Z2V8;B7Z4M5;Q6U7G8;H0Y8M2;D6RHH8;D6REZ0;D6RB97;D6RBC6;D6RHZ7","P52306"
"O14974;B2RAH5;F8VZN8;H0YHL8;H0YHI8;A0A3B3ISH4;F8VW28;A0A0U1RQZ1;H0YIM2;H0YIS3;H0YIS4",-0.320781546527819,25.0412173711024,-0.540305019681737,0.592831110497197,0.760921906848048,-6.41336979585622,"O14974;B2RAH5;F8VZN8;H0YHL8;H0YHI8;A0A3B3ISH4;F8VW28;A0A0U1RQZ1;H0YIM2;H0YIS3;H0YIS4","O14974"
"Q96BJ3;B7ZW30;B7Z7D5",0.301086680500404,26.825511697046,0.539416636044713,0.593436503638362,0.761385625194591,-6.41385049574991,"Q96BJ3;B7ZW30;B7Z7D5","Q96BJ3"
"Q15365;Q53SS8",0.294652955956124,29.1955839029634,0.537758371980969,0.594567328972356,0.762249854528955,-6.41474569759446,"Q15365;Q53SS8","Q15365"
"Q16401;A8K4T6;F2Z3J2;Q4VXH0",-0.305825666116046,26.3435101383354,-0.537712131649957,0.594598876585107,0.762249854528955,-6.41477062134449,"Q16401;A8K4T6;F2Z3J2;Q4VXH0","Q16401"
"Q9NRX4;V9HWC4;Q6FIE5",-0.296330110834802,26.8218763011577,-0.53682828953569,0.595202034820104,0.762384085263506,-6.41524661201549,"Q9NRX4;V9HWC4;Q6FIE5","Q9NRX4"
"Q9NUQ8;B4DRU9;A0A0S2Z5L1",0.295545607644129,23.6739027100124,0.53675687786377,0.595250780900529,0.762384085263506,-6.41528503702023,"Q9NUQ8;B4DRU9;A0A0S2Z5L1","Q9NUQ8"
"Q96AD6;P43250;F8W9W2;D6RHX8;B3KPS5;D6RHC7;D6RDA3;D6R9V4",-0.291096478161002,25.4240989211551,-0.536378207694849,0.595509295593425,0.762384085263506,-6.41548870704567,"Q96AD6;P43250;F8W9W2;D6RHX8;B3KPS5;D6RHC7;D6RDA3;D6R9V4","Q96AD6"
"Q8TAA9",0.292357956454534,26.2028009752176,0.536126281355064,0.595681313173185,0.762384085263506,-6.41562412900525,"Q8TAA9","Q8TAA9"
"Q9UPT5;A0A0A0MSB8;B4DJ07;Q5G0E1;A0A0A0MRE1;Q63HP7;B5MCY9;K7ERQ5;C9JME6;C9JKC2",-0.293744972728565,25.5825892759565,-0.535756090030032,0.595934126263224,0.762394807143149,-6.41582301054097,"Q9UPT5;A0A0A0MSB8;B4DJ07;Q5G0E1;A0A0A0MRE1;Q63HP7;B5MCY9;K7ERQ5;C9JME6;C9JKC2","Q9UPT5"
"A0A2H4G024",-0.288867221858645,22.9066499306159,-0.534280663661269,0.59694224180606,0.763371403113203,-6.41661432893085,"A0A2H4G024","A0A2H4G024"
"P15374;A0A140VJZ4;Q5TBK7",0.28449166477872,26.7327765628492,0.533005166584782,0.597814406873287,0.764173415999091,-6.41729669269432,"P15374;A0A140VJZ4;Q5TBK7","P15374"
"Q9ULT8;A0A8I5KU01;H0YJD4;H0YJP0;A0A8I5QJU2;A0A087X2H1;A0A8I5KUD6;G3V4V5;B3KWT6;Q2KQ74;A0A8I5QJE9",0.287652348099829,23.6624744921027,0.532348565283421,0.598263617227166,0.764434339259128,-6.4176473362333,"Q9ULT8;A0A8I5KU01;H0YJD4;H0YJP0;A0A8I5QJU2;A0A087X2H1;A0A8I5KUD6;G3V4V5;B3KWT6;Q2KQ74;A0A8I5QJE9","Q9ULT8"
"Q13144;A0A3B3IUB1;A0A3B3ITG6;A0A3B3ISV1;Q59HD8;A0A3B3ITQ2;A0A3B3IUF2;A0A3B3ISM8;A0A3B3ISX3;A0A3B3ITK8;A0A3B3IST9;A0A3B3ISI2;A0A3B3ISS1;A0A3B3IS56;A0A3B3IRP4",-0.339492750834136,24.0334819402518,-0.529724072452737,0.600060753101533,0.766272143102277,-6.41904465167923,"Q13144;A0A3B3IUB1;A0A3B3ITG6;A0A3B3ISV1;Q59HD8;A0A3B3ITQ2;A0A3B3IUF2;A0A3B3ISM8;A0A3B3ISX3;A0A3B3ITK8;A0A3B3IST9;A0A3B3ISI2;A0A3B3ISS1;A0A3B3IS56;A0A3B3IRP4","Q13144"
"A0A218MK47;Q5R1M4;A0A2U7NI60",-0.272277452677351,22.9241633745612,-0.529530678879712,0.600193281692486,0.766272143102277,-6.41914734883104,"A0A218MK47;Q5R1M4;A0A2U7NI60","A0A218MK47"
"Q8TDQ7",-0.308728537726864,23.4778087825851,-0.528593828346761,0.600835482332782,0.766778178967245,-6.41964432029766,"Q8TDQ7","Q8TDQ7"
"A0A7R8GUF9;A0A7R8C2B1;S6AP29;A0A678ZIU6;A0A6B7HHS5;A0A2K4XGS0;A0A0B7NNM1;A0A2R4FYN0;A0A2K9UYV4;A0A2P9G7M6;A0A4P2ST72;A0A5H2UIP4;A0A7R8C2F1;A0A5H2UJ55;A0A2K4XGN9;A0A858LFC7;C9E8W1;I2G9F9;A0A858B9A4;B7U5E0;A0A2L2FPA2;A0A383S1V3;A0A2R4KPB5;A0A5B9R2U6;A0A858LH31;A0A583ZBV7;A0A583ZC37;A0A2R8BPX5;A0A7S5L7G1;A0A678ZIM8;A0A1W1W540;A0A8E4J387;A0A5H2UZJ0;A0A583ZC05;H6UV87;L0BVQ7;V5N0B6;K7P603;I7A4E7;K7P5B3;G1EQH4;H6V080;I6NXM2;I7APJ3;J7JWP4;J9PWW4;M9P8M0;M9P8J5;E3SWL3;D7NR02;R9QZS6;A0A0A7C4W4;C9WER6;D3U4D7;D3U741;D3U754;F8R1B8;F8R1B6;F6KRX6;F4YU95;F2VNT2;F1CCJ9;D7RJ47;G1ENN7;D7NSS3;D6MLA5;D6MKW4;D6MJK4;D6C6D7;D6C6B1;D5M8C0;D5FZN7;A0A0A7C517;A0A0A7C7S3;A0A0D5CC34;A0A2I4PZL3;V5N028;G1EQG8;K7P628;G1ENV9;F8R8K7;G1EMS0;A0A0D5CCE3;C6K4N5;A0A2H4FZF3;A0A1X9I524;A0A1X9I443;A0A1L2BMB6;A0A1D8QLY6;A0A0K0KR98;A0A0G2R0X7;A0A0E3DC54;M9P9V9;Q45FZ2;G1EQL0;A0A5H2UVU0;A0A0A7C7Z9",-0.298433166529222,23.2624525208171,-0.527526854478865,0.601567277389923,0.767377785216491,-6.42020926590465,"A0A7R8GUF9;A0A7R8C2B1;S6AP29;A0A678ZIU6;A0A6B7HHS5;A0A2K4XGS0;A0A0B7NNM1;A0A2R4FYN0;A0A2K9UYV4;A0A2P9G7M6;A0A4P2ST72;A0A5H2UIP4;A0A7R8C2F1;A0A5H2UJ55;A0A2K4XGN9;A0A858LFC7;C9E8W1;I2G9F9;A0A858B9A4;B7U5E0;A0A2L2FPA2;A0A383S1V3;A0A2R4KPB5;A0A5B9R2U6;A0A858LH31;A0A583ZBV7;A0A583ZC37;A0A2R8BPX5;A0A7S5L7G1;A0A678ZIM8;A0A1W1W540;A0A8E4J387;A0A5H2UZJ0;A0A583ZC05;H6UV87;L0BVQ7;V5N0B6;K7P603;I7A4E7;K7P5B3;G1EQH4;H6V080;I6NXM2;I7APJ3;J7JWP4;J9PWW4;M9P8M0;M9P8J5;E3SWL3;D7NR02;R9QZS6;A0A0A7C4W4;C9WER6;D3U4D7;D3U741;D3U754;F8R1B8;F8R1B6;F6KRX6;F4YU95;F2VNT2;F1CCJ9;D7RJ47;G1ENN7;D7NSS3;D6MLA5;D6MKW4;D6MJK4;D6C6D7;D6C6B1;D5M8C0;D5FZN7;A0A0A7C517;A0A0A7C7S3;A0A0D5CC34;A0A2I4PZL3;V5N028;G1EQG8;K7P628;G1ENV9;F8R8K7;G1EMS0;A0A0D5CCE3;C6K4N5;A0A2H4FZF3;A0A1X9I524;A0A1X9I443;A0A1L2BMB6;A0A1D8QLY6;A0A0K0KR98;A0A0G2R0X7;A0A0E3DC54;M9P9V9;Q45FZ2;G1EQL0;A0A5H2UVU0;A0A0A7C7Z9","A0A7R8GUF9"
"P61018;M0R0X1",-0.270462487666279,22.9144180162186,-0.527191470523488,0.60179739103544,0.767377785216491,-6.42038661481187,"P61018;M0R0X1","P61018"
"B7Z8T0;Q00536;Q96GA5;Q9BRL4;A0A140VK97;H0YAZ9;Q59FJ5;H0YC36;H0YC60",-0.285247302876279,24.7084400457152,-0.525591342280053,0.602895843792593,0.768464297829628,-6.42123122767254,"B7Z8T0;Q00536;Q96GA5;Q9BRL4;A0A140VK97;H0YAZ9;Q59FJ5;H0YC36;H0YC60","B7Z8T0"
"Q8WUN7;B2R886;B3KMW8",-0.287048779492157,25.75303297621,-0.524557021553588,0.603606385409674,0.768473719531701,-6.42177584259233,"Q8WUN7;B2R886;B3KMW8","Q8WUN7"
"P31150;A0A0S2Z3X8;B4DHX4;B4DH24;B4E070;G5E9U5;A0A0S2Z426",0.286364832492623,27.9412457873783,0.524513720285564,0.603636140451112,0.768473719531701,-6.42179861961818,"P31150;A0A0S2Z3X8;B4DHX4;B4DH24;B4E070;G5E9U5;A0A0S2Z426","P31150"
"Q9Y263;E5RIM3;H0YBW4;H0YC16;H0YAU9",0.276791072416703,25.2217564387613,0.524504626432766,0.603642389500695,0.768473719531701,-6.42180340286749,"Q9Y263;E5RIM3;H0YBW4;H0YC16;H0YAU9","Q9Y263"
"Q07021;A8K651;I3L3Q7;I3L3B0",-0.263992880463981,25.350805677069,-0.523555507597471,0.604294765891781,0.76899036100223,-6.4223021792572,"Q07021;A8K651;I3L3Q7;I3L3B0","Q07021"
"O15431;Q9BT69;Q6P708",-0.288351459109879,28.2280374528037,-0.522395536055865,0.60509252224137,0.769691507696099,-6.42291055705101,"O15431;Q9BT69;Q6P708","O15431"
"P12931;Q9H7V3;A0A8I5KYU4;Q71UK5;Q9P134",0.280106740199457,26.8027571944529,0.521795331084983,0.605505500207228,0.769902835363369,-6.42322483008154,"P12931;Q9H7V3;A0A8I5KYU4;Q71UK5;Q9P134","P12931"
"B3KVK2",-0.304095332579159,23.2298060382658,-0.520238999865809,0.606576968179777,0.770761640717134,-6.42403808658742,"B3KVK2","B3KVK2"
"P53041;Q9BPW0;H0YDU8;Q53FR0;B2R6R6;B4DLP6;B4DDZ8;A8MU39",0.272437973613364,25.5980883175913,0.520030543921153,0.606720548727496,0.770761640717134,-6.42414683342152,"P53041;Q9BPW0;H0YDU8;Q53FR0;B2R6R6;B4DLP6;B4DDZ8;A8MU39","P53041"
"Q99832;Q53HV2;Q6IBT3;B7Z7I4;B7Z1C9;F8WAM2;F8WBP8",-0.279215386855999,28.1395017378792,-0.518859398511245,0.607527507709524,0.770761640717134,-6.42475699790574,"Q99832;Q53HV2;Q6IBT3;B7Z7I4;B7Z1C9;F8WAM2;F8WBP8","Q99832"
"Q6GMX3;A0M8Q9;Q6P2J1;Q6NS95;Q6GMW3;Q6GMV8;Q8N355;Q6PJG0;A0A5E4;A2NUT2;S6BGD6;Q567P1;Q6GMW6;Q7Z2U7;Q6IN99;Q6PIK1;Q6PIQ7;Q8NEJ1;Q96E61;Q6GMX4;Q6IPQ0;Q6P5S3;Q6GMV7;Q5CZ94;P0DOY2;B9A064;P0DOX8;A0A0B4J231;Q8TCJ5;P0DOY3;Q6PJR7;Q8N5F4;P0CF74;Q6DHW4;Q6GMW4;A0A5H1ZRQ4;P0CG04;S6BAR0;S6C4S2;S6BAP8;S6B286;S6AWE6;S6B2B0;S6BGF9;S6C4R7;Q5FWF9;A0A5H1ZRQ7;A0M8Q6;S6BAN6",0.318294960371983,24.2284909658136,0.518623864218568,0.607689859488936,0.770761640717134,-6.42487954756609,"Q6GMX3;A0M8Q9;Q6P2J1;Q6NS95;Q6GMW3;Q6GMV8;Q8N355;Q6PJG0;A0A5E4;A2NUT2;S6BGD6;Q567P1;Q6GMW6;Q7Z2U7;Q6IN99;Q6PIK1;Q6PIQ7;Q8NEJ1;Q96E61;Q6GMX4;Q6IPQ0;Q6P5S3;Q6GMV7;Q5CZ94;P0DOY2;B9A064;P0DOX8;A0A0B4J231;Q8TCJ5;P0DOY3;Q6PJR7;Q8N5F4;P0CF74;Q6DHW4;Q6GMW4;A0A5H1ZRQ4;P0CG04;S6BAR0;S6C4S2;S6BAP8;S6B286;S6AWE6;S6B2B0;S6BGF9;S6C4R7;Q5FWF9;A0A5H1ZRQ7;A0M8Q6;S6BAN6","Q6GMX3"
"Q03426;F5H8H2;B2RDU6;B7Z1C2;B7Z301;A0A1B0GWC2;Q59ET9;A0A8V8TMD0;F5H163;F5H368;F5GXC0;F5H092",-0.338771994663926,23.3365886278901,-0.518178107659145,0.607997171227909,0.770761640717134,-6.42511132727061,"Q03426;F5H8H2;B2RDU6;B7Z1C2;B7Z301;A0A1B0GWC2;Q59ET9;A0A8V8TMD0;F5H163;F5H368;F5GXC0;F5H092","Q03426"
"P29401;V9HWD9;Q53EM5;B4E022;B3KSI4;A0A0K0K1H9;B4DVU1;B3KPZ8;E9PFF2;A0A0S2Z5C0;F8W888;A0A0S2Z4T2;Q6MZE3;F8WAX4",-0.278394308538267,29.4640771472052,-0.517732257492794,0.608304620169217,0.770761640717134,-6.42534295976042,"P29401;V9HWD9;Q53EM5;B4E022;B3KSI4;A0A0K0K1H9;B4DVU1;B3KPZ8;E9PFF2;A0A0S2Z5C0;F8W888;A0A0S2Z4T2;Q6MZE3;F8WAX4","P29401"
"B5BUK7;B2RCZ4",0.275312162915238,27.141576674218,0.517692446441572,0.608332076569666,0.770761640717134,-6.42536363326381,"B5BUK7;B2RCZ4","B5BUK7"
"Q15366;A0A384N6B9;B4DRD7;H3BRU6;F8VZX2;F8VXH9;F8W0G4;F8W1G6;J3QT27;H3BSS4;H3BND9;F8VTZ0",0.283944117671471,27.9083701289628,0.517665262668498,0.608350824675563,0.770761640717134,-6.42537774864329,"Q15366;A0A384N6B9;B4DRD7;H3BRU6;F8VZX2;F8VXH9;F8W0G4;F8W1G6;J3QT27;H3BSS4;H3BND9;F8VTZ0","Q15366"
"Q9Y3A3",-0.301654422251474,22.7126158012519,-0.517586730008618,0.6084049886007,0.770761640717134,-6.42541852322878,"Q9Y3A3","Q9Y3A3"
"Q9H9A6;A0A140VJN3",-0.288393664354434,23.0802554530283,-0.515095209741312,0.610124556840764,0.772626265849104,-6.42670897832506,"Q9H9A6;A0A140VJN3","Q9H9A6"
"P11142;V9HW22;E9PKE3;Q53GZ6;Q96IS6;B3KTV0;E9PNE6;B4E1Q1;A8K7Q2;Q53HF2;Q96BE0;E9PS65;Q96H53;E9PM13;B4DTX2;E9PLF4;Q9NZ87;E9PK54;E9PQK7;E9PQQ4;Q9NWW3;E9PPY6;E9PI65;E9PN25;B3KUS2;A4D111",-0.276200245946058,31.4761971766662,-0.514379652229872,0.610618830004752,0.772881630309184,-6.42707846222835,"P11142;V9HW22;E9PKE3;Q53GZ6;Q96IS6;B3KTV0;E9PNE6;B4E1Q1;A8K7Q2;Q53HF2;Q96BE0;E9PS65;Q96H53;E9PM13;B4DTX2;E9PLF4;Q9NZ87;E9PK54;E9PQK7;E9PQQ4;Q9NWW3;E9PPY6;E9PI65;E9PN25;B3KUS2;A4D111","P11142"
"Q9H7D0;A0A2X0SFZ7;Q5H9P3;H0Y7N4;Q68DL4;H0YB14",-0.279125437977317,24.7184939055913,-0.513793095916506,0.611024134162738,0.772881630309184,-6.4273809588179,"Q9H7D0;A0A2X0SFZ7;Q5H9P3;H0Y7N4;Q68DL4;H0YB14","Q9H7D0"
"Q01081;B5BU08;Q8WU68;K7EJH3;A0A1B0GW87;K7EJM7;M0QYK5;Q69YM7;M0R2N4",0.270961621728269,23.5035773322765,0.513727300705713,0.611069605752629,0.772881630309184,-6.4274148693141,"Q01081;B5BU08;Q8WU68;K7EJH3;A0A1B0GW87;K7EJM7;M0QYK5;Q69YM7;M0R2N4","Q01081"
"Q9UL25;Q96GX3",-0.271755898805299,27.1249158730032,-0.512436709173458,0.611961861622261,0.77369641118761,-6.42807917017952,"Q9UL25;Q96GX3","Q9UL25"
"O43665",0.294898901778016,23.6093412879506,0.511963338351712,0.612289280019716,0.773796703558142,-6.42832241469894,"O43665","O43665"
"Q9H4A5;Q5T5I6;D6REM1",-0.362273270837896,23.5458394920307,-0.510778328782685,0.613109276651509,0.774519171274223,-6.42893037016135,"Q9H4A5;Q5T5I6;D6REM1","Q9H4A5"
"Q14192;Q6I9R8;Q2TSB7;Q2XQU9;I0CE67;Q53QP3;Q53T40;F8WDA8;U3KQT4;C9J3S8",-0.280455583237828,26.4318720871436,-0.509453816538669,0.614026406987408,0.775363709876002,-6.42960825671347,"Q14192;Q6I9R8;Q2TSB7;Q2XQU9;I0CE67;Q53QP3;Q53T40;F8WDA8;U3KQT4;C9J3S8","Q14192"
"Q13325;A0A7P0TBP9;A0A7P0T9H9;A0A7P0Z4E6;A0A7P0TB01",-0.271824484310955,23.8294179715125,-0.508741405914517,0.614519962726337,0.775672911268088,-6.42997215342329,"Q13325;A0A7P0TBP9;A0A7P0T9H9;A0A7P0Z4E6;A0A7P0TB01","Q13325"
"O94854",0.320890440870826,23.6076812540358,0.507317275704407,0.615507144241393,0.77660468563467,-6.4306980930451,"O94854","O94854"
"Q99439;B4DDF4;B2RWM5;Q6FHE4;B4DUT8;H3BVI6;A0A087X271;B4DN57;Q6FHC3;Q53GK7;B4DHU5;K7ES69;A0A087X1X5;H3BQH0;A0A087WV51;U3KPS3",-0.272484448052886,27.1962519787463,-0.503929379415972,0.617858505861878,0.779148767410037,-6.43241700484329,"Q99439;B4DDF4;B2RWM5;Q6FHE4;B4DUT8;H3BVI6;A0A087X271;B4DN57;Q6FHC3;Q53GK7;B4DHU5;K7ES69;A0A087X1X5;H3BQH0;A0A087WV51;U3KPS3","Q99439"
"P49591;Q53HA4;Q5T5C7;Q0VGA5",-0.278441680083407,27.1523987141888,-0.50369244966271,0.618023100536208,0.779148767410037,-6.43253679176675,"P49591;Q53HA4;Q5T5C7;Q0VGA5","P49591"
"Q15370;A0A8I5KUS5;B8ZZU8;A0A384MDL3;I3L0M9;A0A0B4J296",-0.262896962706645,27.2697026483201,-0.502825796641724,0.61862533410478,0.779347119643867,-6.43297448213259,"Q15370;A0A8I5KUS5;B8ZZU8;A0A384MDL3;I3L0M9;A0A0B4J296","Q15370"
"Q6P1N9;E5RGF2;A0A0D9SGD3;E5RG17;E5RG62;E5RK70;H0YBX2;G5EA19;U3KQS5",-0.268041324743223,23.2547660065825,-0.502398916356202,0.618922070243321,0.779347119643867,-6.4331897992302,"Q6P1N9;E5RGF2;A0A0D9SGD3;E5RG17;E5RG62;E5RK70;H0YBX2;G5EA19;U3KQS5","Q6P1N9"
"Q9NQS3",-0.301098549437189,23.3670757430225,-0.502387442973827,0.618930046603995,0.779347119643867,-6.43319558388661,"Q9NQS3","Q9NQS3"
"Q99627;E9PGT6;B2R8N1;H7C3S9;B4DFF9",-0.264022096775498,25.2540585195572,-0.500897371302002,0.619966352648694,0.780336987050555,-6.43394574473965,"Q99627;E9PGT6;B2R8N1;H7C3S9;B4DFF9","Q99627"
"P28161;A8HT81;E9PHN6;Q0D2I8;A0A384P5E9;F6XZQ7;E9PHN7;E9PLF1;H3BQT3;Q9UE37;E9PGV1;X5D7U4",0.28342696319276,23.5743555200473,0.498690979768938,0.621502295050259,0.781954682638869,-6.43505250327016,"P28161;A8HT81;E9PHN6;Q0D2I8;A0A384P5E9;F6XZQ7;E9PHN7;E9PLF1;H3BQT3;Q9UE37;E9PGV1;X5D7U4","P28161"
"P43034;A0A6Q8PFU3;A0A6Q8PG63;A0A6Q8PFT2;B4DZN3;B4DF38;I3L3N5;A0A6Q8PH33;I3L495",0.262823264604677,27.5577684018989,0.496792827029498,0.622825047909957,0.782999074967502,-6.43600079805266,"P43034;A0A6Q8PFU3;A0A6Q8PG63;A0A6Q8PFT2;B4DZN3;B4DF38;I3L3N5;A0A6Q8PH33;I3L495","P43034"
"P38646;A0A7I2V2G2;D6RCD7;B7Z4V2;V9HW84;A0A384P5G6;A0A7I2V2S7;Q8N1C8;A0A7I2YQB2;A0A7I2V3F7;B7Z4T3;B7Z1V7;H0Y8K0;A1XP52;Q2F839;A0A3B3ITI4",0.273372693744104,26.5459312208123,0.496779316083181,0.622834467776329,0.782999074967502,-6.43600753520875,"P38646;A0A7I2V2G2;D6RCD7;B7Z4V2;V9HW84;A0A384P5G6;A0A7I2V2S7;Q8N1C8;A0A7I2YQB2;A0A7I2V3F7;B7Z4T3;B7Z1V7;H0Y8K0;A1XP52;Q2F839;A0A3B3ITI4","P38646"
"Q9MY63",-0.286390542911519,23.1955891534984,-0.494918821855019,0.624132226848181,0.784314430112601,-6.43693353816557,"Q9MY63","Q9MY63"
"P41214;Q5SY38;B4DGD2",0.253793548929508,23.2264273622464,0.492815729044454,0.625600680815221,0.785843142755809,-6.43797616983762,"P41214;Q5SY38;B4DGD2","P41214"
"Q9UH65;E7EMB1;B3KUB9;B4E245;E9PJM7;E9PJK8",0.262737105010473,26.5281374232452,0.490982141565166,0.626882229322103,0.786703832668876,-6.43888162538397,"Q9UH65;E7EMB1;B3KUB9;B4E245;E9PJM7;E9PJK8","Q9UH65"
"Q9BQE3;F5H5D3;B7Z1K5;Q53GA7;Q8N532;A0A7P0TA31",-0.258152919882821,28.3530951106325,-0.490891959384983,0.626945290842717,0.786703832668876,-6.43892607310638,"Q9BQE3;F5H5D3;B7Z1K5;Q53GA7;Q8N532;A0A7P0TA31","Q9BQE3"
"P32856;A0A994J7R2;A0A994J5V9;A0A994J599;A0A994J840;A0A994J5I9;A0A994J596;A0A994J835;J3KNU7;A0A994J7R5",0.296270336201413,23.6924173312857,0.490752873641741,0.62704255466971,0.786703832668876,-6.43899460797205,"P32856;A0A994J7R2;A0A994J5V9;A0A994J599;A0A994J840;A0A994J5I9;A0A994J596;A0A994J835;J3KNU7;A0A994J7R5","P32856"
"P07737;K7EJ44;I3L3D5",0.261865593194596,31.6134971897644,0.489998789205647,0.627570010578566,0.787048999997807,-6.43936585225924,"P07737;K7EJ44;I3L3D5","P07737"
"Q9UDY4;B4DNN2;Q59E89",0.251583652890588,23.4097941418423,0.489040003557678,0.628240936161161,0.787573745935153,-6.43983706173916,"Q9UDY4;B4DNN2;Q59E89","Q9UDY4"
"O43264;B2R7C2;B4E1J7;B4DUQ3;F5H3C1",0.272692488368993,23.3465802348008,0.488281449873999,0.628771974609465,0.787909757283069,-6.44020922046529,"O43264;B2R7C2;B4E1J7;B4DUQ3;F5H3C1","O43264"
"Q96S86;H3BTH8;Q86UW8;A8K7T8",-0.269409957460901,23.2794073288968,-0.487705762193398,0.629175129097998,0.787909757283069,-6.44049128255203,"Q96S86;H3BTH8;Q86UW8;A8K7T8","Q96S86"
"P18669;Q6FHU2;Q53G35;Q6P6D7;Q0D2Q6;Q6FHK8;B4DKL5;B4DMJ7;P15259;B7Z9E5;B4DJA4;Q8N0Y7;A4D2J6;B7ZW15",-0.272245817214863,30.6045996390873,-0.487303553993164,0.629456864598832,0.787909757283069,-6.44068815279241,"P18669;Q6FHU2;Q53G35;Q6P6D7;Q0D2Q6;Q6FHK8;B4DKL5;B4DMJ7;P15259;B7Z9E5;B4DJA4;Q8N0Y7;A4D2J6;B7ZW15","P18669"
"E9PQN9;Q01629;A0A7P0T953;P13164;A0A7P0T9Q3;A0A7P0TA08;H7BYV1;Q6IBB0;A0A7P0T8E0;R4GNC9;A0A7P0TAK5;A0A7P0T856;A0A804CKL3;A0A7P0TB81",-0.269510273186828,23.3872140838652,-0.487214240067472,0.6295194341614,0.787909757283069,-6.44073184789064,"E9PQN9;Q01629;A0A7P0T953;P13164;A0A7P0T9Q3;A0A7P0TA08;H7BYV1;Q6IBB0;A0A7P0T8E0;R4GNC9;A0A7P0TAK5;A0A7P0T856;A0A804CKL3;A0A7P0TB81","E9PQN9"
"Q13131;P54646;Q96E92;B2RA25;A0MZF5",0.279908463936927,25.7866575636572,0.486186595651885,0.630239558979568,0.788494658827626,-6.44123403553655,"Q13131;P54646;Q96E92;B2RA25;A0MZF5","Q13131"
"P61163;A0A384NQ21;B4DM97;B4DXP9;R4GMT0;B4DMT4;A0A1B0GVS3",-0.266998241898666,27.6682423304079,-0.485513318168053,0.630711560055429,0.788607641208864,-6.44156248562073,"P61163;A0A384NQ21;B4DM97;B4DXP9;R4GMT0;B4DMT4;A0A1B0GVS3","P61163"
"Q96EK6;G3V4W4;G3V5E4",0.276464840126295,23.2160070595169,0.485336499475711,0.630835544987533,0.788607641208864,-6.4416486701235,"Q96EK6;G3V4W4;G3V5E4","Q96EK6"
"Q13347;A0A7I2YQF8;Q53HU7;Q5U0F4;A0A7I2V3U3;A0A7I2YQI2;A0A7I2V613;A0A7I2V607;A0A7I2V3N2;A0A7I2V2M3;A0A7P0MRT9;A0A7I2V640;A0A7I2V685;A0A7I2YQC8;A0A7I2YQI6;A0A7I2YQT9;A0A7I2YQU2;Q5TFK1;A0A7I2V5V8;A0A7I2V4S8;A0A7I2V3K6;A0A7I2YQP9;A0A7I2V4C2;A0A7I2V391;A0A7I2YQN1;A0A7I2V5E4;A0A7I2V3T4;A0A7I2YQX4;Q9P1D9;A0A7I2V415",0.256051984773638,26.8977431209681,0.483873758244576,0.631861634138992,0.789573892980575,-6.44236044995418,"Q13347;A0A7I2YQF8;Q53HU7;Q5U0F4;A0A7I2V3U3;A0A7I2YQI2;A0A7I2V613;A0A7I2V607;A0A7I2V3N2;A0A7I2V2M3;A0A7P0MRT9;A0A7I2V640;A0A7I2V685;A0A7I2YQC8;A0A7I2YQI6;A0A7I2YQT9;A0A7I2YQU2;Q5TFK1;A0A7I2V5V8;A0A7I2V4S8;A0A7I2V3K6;A0A7I2YQP9;A0A7I2V4C2;A0A7I2V391;A0A7I2YQN1;A0A7I2V5E4;A0A7I2V3T4;A0A7I2YQX4;Q9P1D9;A0A7I2V415","Q13347"
"P62314;J3QLI9;Q7Z5A3",0.305726295066659,25.4795347006555,0.481994186321955,0.633181215593043,0.790905971739968,-6.44327195630354,"P62314;J3QLI9;Q7Z5A3","P62314"
"O00391;A8K4C2;A8K477;A0A140VKE5;Q13876;A8MXT8",0.330127907730922,25.2945058877008,0.478770530315685,0.635447282198372,0.793418764282115,-6.44482714616833,"O00391;A8K4C2;A8K477;A0A140VKE5;Q13876;A8MXT8","O00391"
"Q7L1Q6;Q53FN7;C9IZ80;C9JFN4;B3KU41;C9J188;C9JWF5;C9JV57;H0Y503",0.292762565166125,26.5116375282706,0.477778102229893,0.636145631595496,0.793716011102988,-6.44530385406977,"Q7L1Q6;Q53FN7;C9IZ80;C9JFN4;B3KU41;C9J188;C9JWF5;C9JV57;H0Y503","Q7L1Q6"
"P62917;B4DVG7;E9PKZ0;G3V1A1;E9PKU4;E9PP36",-0.271559741717564,27.6034827949337,-0.477708954518776,0.636194301942119,0.793716011102988,-6.44533703251536,"P62917;B4DVG7;E9PKZ0;G3V1A1;E9PKU4;E9PP36","P62917"
"Q9UJW0;A0A0S2Z5D4;A0A0S2Z5B8;B4DL03;A0A0S2Z5D5;E5RI97;E5RK21;E5RGG1;H9KVE0;B4DS07;Q9NSJ5",0.346189745400242,24.9066196784889,0.476533923248446,0.63702161179914,0.794430390724318,-6.4459001125819,"Q9UJW0;A0A0S2Z5D4;A0A0S2Z5B8;B4DL03;A0A0S2Z5D5;E5RI97;E5RK21;E5RGG1;H9KVE0;B4DS07;Q9NSJ5","Q9UJW0"
"P50591;Q6IBA9;A0A0U5EM55",-0.273360099982558,23.0012459410388,-0.475064197293565,0.638057076989578,0.795366294674698,-6.44660248837241,"P50591;Q6IBA9;A0A0U5EM55","P50591"
"Q14914;F2Z3J9;Q5JVP2;F6XGT7",0.252757681808319,26.5801197215576,0.474744957294043,0.638282088993514,0.795366294674698,-6.44675476921249,"Q14914;F2Z3J9;Q5JVP2;F6XGT7","Q14914"
"Q92890;Q541A5;C9J6N9;C9IZG3;B7Z9N3;B4E3I3;C9JNP9",-0.295071928278904,23.9515974623848,-0.473059449086828,0.639470675628574,0.796529168245017,-6.44755710216334,"Q92890;Q541A5;C9J6N9;C9IZG3;B7Z9N3;B4E3I3;C9JNP9","Q92890"
"P54105;Q9P1H0;E9PMI6;J3KN38",-0.249090694086565,23.0651277964267,-0.47115403719381,0.640815503778206,0.797885651211267,-6.44846072685736,"P54105;Q9P1H0;E9PMI6;J3KN38","P54105"
"P61224;E7ESV4;F5H7Y6;A6NIZ1;F5GX62;Q9BXV4;B7ZB78;F5H004;F5H6R7;B7ZAY2;F5GYB5;F5H0B7;F5H500;F5H077;F5GWU8;F5H491",-0.247458240878284,31.0205843915129,-0.469502841240554,0.641981909124625,0.798502825971946,-6.44924088482013,"P61224;E7ESV4;F5H7Y6;A6NIZ1;F5GX62;Q9BXV4;B7ZB78;F5H004;F5H6R7;B7ZAY2;F5GYB5;F5H0B7;F5H500;F5H077;F5GWU8;F5H491","P61224"
"Q9UEL6",-0.290049373866374,22.7012617506396,-0.469126542749268,0.642247856302571,0.798502825971946,-6.44941830081914,"Q9UEL6","Q9UEL6"
"Q9P2E9;A7BI36;A1A5C4;F8W7S5;A1A5C5;A0A087WU26;B3KSG1;A2A2S5;Q32NB1;V9GY78",-0.263407713262801,25.0206129630888,-0.469119951335672,0.642252515181853,0.798502825971946,-6.44942140726801,"Q9P2E9;A7BI36;A1A5C4;F8W7S5;A1A5C5;A0A087WU26;B3KSG1;A2A2S5;Q32NB1;V9GY78","Q9P2E9"
"P62068;H7BZK6;O75317",-0.276182610773485,24.7713524025062,-0.468854237979433,0.642440336421791,0.798502825971946,-6.44954659874788,"P62068;H7BZK6;O75317","P62068"
"Q15019;A0A384N6H6;B5MCX3;C9J2Q4;H7C2Y0;C9J938;C9JB25;C9IY94;H7C310;C9JQJ4;C9IZU3;B5MD47;C9JZI2;A0A1B0GXJ2;F8WB65;C9JFT1;H7C1T1",-0.249997843519608,28.4564008230953,-0.468640770048945,0.642591245011088,0.798502825971946,-6.44964712402466,"Q15019;A0A384N6H6;B5MCX3;C9J2Q4;H7C2Y0;C9J938;C9JB25;C9IY94;H7C310;C9JQJ4;C9IZU3;B5MD47;C9JZI2;A0A1B0GXJ2;F8WB65;C9JFT1;H7C1T1","Q15019"
"P33176;V9HW29;M1VE91;C1PHA2;M1VRN1;A8K048;M1VKJ2;M1V490;M1VPF9;M1V481;M1VE89;M1VKI9;M1VRN0;M1VPF7;B4DS27;Q6P164;Q2TA90;Q66K46;A0A7I2V3N5;A0A7I2V492;O60282;A1L179;A0A0G2JMZ6;A0A7I2V4K6;A0A7I2V581;Q57Z91;A0A7I2V3V4;A0A7I2V352;A0A7I2YQQ7;Q6PKD1;Q6PJC4;A5D6Y6;Q59GB8;Q57YV6;A0A7I2YQB4;A0A6Q8PFV6;Q9UFW7;Q3LIE3;A0A6Q8PGT2",-0.253643647016126,27.4851377687415,-0.466354922051892,0.6442081666781,0.800193258410591,-6.45072073548803,"P33176;V9HW29;M1VE91;C1PHA2;M1VRN1;A8K048;M1VKJ2;M1V490;M1VPF9;M1V481;M1VE89;M1VKI9;M1VRN0;M1VPF7;B4DS27;Q6P164;Q2TA90;Q66K46;A0A7I2V3N5;A0A7I2V492;O60282;A1L179;A0A0G2JMZ6;A0A7I2V4K6;A0A7I2V581;Q57Z91;A0A7I2V3V4;A0A7I2V352;A0A7I2YQQ7;Q6PKD1;Q6PJC4;A5D6Y6;Q59GB8;Q57YV6;A0A7I2YQB4;A0A6Q8PFV6;Q9UFW7;Q3LIE3;A0A6Q8PGT2","P33176"
"Q99460;A0A7I2V523;A0A7I2V5C8;A0A087WW66;A0A7I2V262;A0A7I2YQY1;Q05CW6;B2R6D0;A0A7P0MW50;A0A7I2V2K8;Q05BX4;A0A7I2V641;A0A7I2V4X0;A0A7I2YQI9;A0A7I2V479;A0A7I2V491;A0A7I2V4A5;H7BZR6;C9J9M4;F8WCE3",-0.251708711782335,26.3651512112719,-0.465196409615423,0.645028329558115,0.80075301112453,-6.45126288664863,"Q99460;A0A7I2V523;A0A7I2V5C8;A0A087WW66;A0A7I2V262;A0A7I2YQY1;Q05CW6;B2R6D0;A0A7P0MW50;A0A7I2V2K8;Q05BX4;A0A7I2V641;A0A7I2V4X0;A0A7I2YQI9;A0A7I2V479;A0A7I2V491;A0A7I2V4A5;H7BZR6;C9J9M4;F8WCE3","Q99460"
"Q9BXS4;Q5T6Z8;Q6P5R1",-0.23881349084002,23.6050872579124,-0.464993151012371,0.645172272188504,0.80075301112453,-6.4513578688556,"Q9BXS4;Q5T6Z8;Q6P5R1","Q9BXS4"
"Q9Y478;B4DVP2;B2R6A0;O43741;F5H2X8;X5D2S2",-0.271952140981782,23.1337499070173,-0.464223834566881,0.645717208985216,0.801067273053131,-6.45171699779251,"Q9Y478;B4DVP2;B2R6A0;O43741;F5H2X8;X5D2S2","Q9Y478"
"O95810;A8K2W3",-0.238887284853039,25.3029660950137,-0.463910597018781,0.64593914451062,0.801067273053131,-6.45186305400918,"O95810;A8K2W3","O95810"
"Q05655;B4DFV1;A0A8V8TMH8;A0A494C1T7;C9K0E3;C9J9P1;C9JZU8;Q04759;A0A494C125;A0A494BZX2",-0.24304911831176,26.3254806948285,-0.461965906878449,0.64731773830218,0.802447561312008,-6.45276764778331,"Q05655;B4DFV1;A0A8V8TMH8;A0A494C1T7;C9K0E3;C9J9P1;C9JZU8;Q04759;A0A494C125;A0A494BZX2","Q05655"
"Q9NRR8",-0.237430774118753,23.4264388821573,-0.461382563671833,0.647731519021854,0.802447561312008,-6.45303826562218,"Q9NRR8","Q9NRR8"
"Q6ZSS7;B7Z7Y2;H7C284;C9IYL1;B7Z810;H7C0X2",-0.236492143770668,23.35767577051,-0.461252250745125,0.647823969023288,0.802447561312008,-6.45309867281218,"Q6ZSS7;B7Z7Y2;H7C284;C9IYL1;B7Z810;H7C0X2","Q6ZSS7"
"P15509;J3JS74;F2Z3C9;A0A1B4XX95",0.277675553265233,23.5319871657845,0.459941503460196,0.648754190224603,0.803280793692155,-6.45370534016946,"P15509;J3JS74;F2Z3C9;A0A1B4XX95","P15509"
"Q15005;E9PL01;B4DDB9;E9PI68;E9PRB9",-0.277524780353257,23.3180573808705,-0.459049858794366,0.649387308198749,0.803745640584086,-6.45411705663889,"Q15005;E9PL01;B4DDB9;E9PI68;E9PRB9","Q15005"
"I6L9I9",-0.270860955137572,22.9287337891974,-0.457622835243375,0.65040112814197,0.804681126011426,-6.45477434427087,"I6L9I9","I6L9I9"
"K7ESP7",-0.25816991902941,23.2074671837955,-0.456451724173164,0.651233643999497,0.805391647753541,-6.4553122504555,"K7ESP7","K7ESP7"
"Q5TFE4;Q5QPD0;A8K2Z3",-0.241609280388392,23.367094427744,-0.454021935077696,0.652962379772869,0.806980784673347,-6.4564239463134,"Q5TFE4;Q5QPD0;A8K2Z3","Q5TFE4"
"P31937;A0A024RA75;H7BZL2",-0.257266130590398,23.2233083956837,-0.453859307810428,0.653078155061258,0.806980784673347,-6.45649814378474,"P31937;A0A024RA75;H7BZL2","P31937"
"R4GNH3;P17980;A8K781;A0A140VK42;E9PM69;E9PKD5;E9PN50;E9PMD8;E9PLG2",-0.251647977888709,26.158709364562,-0.453555023943038,0.653294800032126,0.806980784673347,-6.4566369005774,"R4GNH3;P17980;A8K781;A0A140VK42;E9PM69;E9PKD5;E9PN50;E9PMD8;E9PLG2","R4GNH3"
"P49768;A0A024R6A3;G3V4M0;A0A218KGQ6;A0A218KGQ3;A0A218KGP0;A0A0S2Z4D2;A0A218KGN7;A0A218KGP1;A0A8V8TQ36;A0A218KGN3;Q53FV8;A0A8V8TQ90;A0A8V8TPK5;A0A218KGN4;A0A8V8TLT5;A0A8V8TPL0;A0A8V8TR52;A0A218KGP3;B7Z8T5;A0A8V8TQT3;A0A8V8TR50;A0A8V8TQ54;A0A8V8TQ93;A0A8V8TPL5;G3V2G7;A0A8V8TQ53;G3V3Z0;A0A8V8TQV2;B4DVM3;E5RG63;A0A7I2V2W1;A0A8V8TR55;A0A8V8TQU7;G3V4P4;H0YM52;G3V519;G3V2B1;G3V449;E5RFW4;G3V3P0",-0.24387986522845,27.1455727862765,-0.452871413844917,0.653781630656218,0.807262433102432,-6.45694829946275,"P49768;A0A024R6A3;G3V4M0;A0A218KGQ6;A0A218KGQ3;A0A218KGP0;A0A0S2Z4D2;A0A218KGN7;A0A218KGP1;A0A8V8TQ36;A0A218KGN3;Q53FV8;A0A8V8TQ90;A0A8V8TPK5;A0A218KGN4;A0A8V8TLT5;A0A8V8TPL0;A0A8V8TR52;A0A218KGP3;B7Z8T5;A0A8V8TQT3;A0A8V8TR50;A0A8V8TQ54;A0A8V8TQ93;A0A8V8TPL5;G3V2G7;A0A8V8TQ53;G3V3Z0;A0A8V8TQV2;B4DVM3;E5RG63;A0A7I2V2W1;A0A8V8TR55;A0A8V8TQU7;G3V4P4;H0YM52;G3V519;G3V2B1;G3V449;E5RFW4;G3V3P0","P49768"
"A0A2H4ZEU7",-0.453782635064925,28.1636751151219,-0.451086077090189,0.655053780683782,0.807771401715459,-6.4577593724846,"A0A2H4ZEU7","A0A2H4ZEU7"
"P42025;Q13841",-0.23688062222346,25.1602383809654,-0.450717527195369,0.65531652360811,0.807771401715459,-6.45792640991971,"P42025;Q13841","P42025"
"Q9H8M7;X6R9S5;X6RC97;X6RC30",0.252886784865719,23.3397511782606,0.450545039051956,0.655439507516801,0.807771401715459,-6.45800454023595,"Q9H8M7;X6R9S5;X6RC97;X6RC30","Q9H8M7"
"Q7Z6Z7;A0A994J483;Q5H924;Q5H962;B4DGF6;Q5H935;H0Y659;Q53FW4;A0A994J6V7;Q3B7K0;A0A087X146;Q5H963;A0A087X1S3;Q5H964;Q8IWJ0;A0A994J4V6;A0A1B0GXC7",0.252026519756733,25.9258640938941,0.45053690093492,0.655445310229898,0.807771401715459,-6.45800822575252,"Q7Z6Z7;A0A994J483;Q5H924;Q5H962;B4DGF6;Q5H935;H0Y659;Q53FW4;A0A994J6V7;Q3B7K0;A0A087X146;Q5H963;A0A087X1S3;Q5H964;Q8IWJ0;A0A994J4V6;A0A1B0GXC7","Q7Z6Z7"
"P53582;Q5CZ91;H0Y9L0;D6RF24;H0Y955",0.270691447491302,24.6893926231101,0.450475976118222,0.655488752081381,0.807771401715459,-6.45803581474371,"P53582;Q5CZ91;H0Y9L0;D6RF24;H0Y955","P53582"
"P07099;R4SBI6;Q6FGZ3;B1AQP8",-0.262800309928803,23.7442295148589,-0.449788616358174,0.655978951989163,0.808056220874486,-6.45834682135803,"P07099;R4SBI6;Q6FGZ3;B1AQP8","P07099"
"Q13613;Q8NEC6;H0YDX3;B7Z3D5;F8WA39;E9PPP8;E9PIH9;B3KMG9;F8W764;F8W8S8",-0.236709623188688,25.107124283477,-0.449121107743406,0.656455143553202,0.808323566025439,-6.45864839745658,"Q13613;Q8NEC6;H0YDX3;B7Z3D5;F8WA39;E9PPP8;E9PIH9;B3KMG9;F8W764;F8W8S8","Q13613"
"A0A096LP25;Q2M2I8;Q9BUD9;E9PG46;B7ZLC4;Q6ZSR9;L0R804",0.265668695670715,24.0679503765775,0.44844594475741,0.656936944586828,0.80844709085643,-6.45895298210834,"A0A096LP25;Q2M2I8;Q9BUD9;E9PG46;B7ZLC4;Q6ZSR9;L0R804","A0A096LP25"
"O94887;A0A2X0SSL3;C9JWM9;C9JVQ5;H7C3M7",-0.231845064413278,24.6683245679791,-0.448254116441678,0.657073861917618,0.80844709085643,-6.45903943865782,"O94887;A0A2X0SSL3;C9JWM9;C9JVQ5;H7C3M7","O94887"
"P62333;A0A087X2I1;V9HW24;H0YJC0;H0YJS8;B4DR91;H0YJX2;H0YJE9;H0YJT1",-0.247534485358312,26.772601939923,-0.44632481783091,0.658451568188845,0.809439870023867,-6.4599069387244,"P62333;A0A087X2I1;V9HW24;H0YJC0;H0YJS8;B4DR91;H0YJX2;H0YJE9;H0YJT1","P62333"
"P49720;A0A384NL22;A0A087WXQ8;A0A087WY10;A0A087WUL2",0.23690838718861,27.4035385224373,0.445895811382217,0.65875808595659,0.809439870023867,-6.4600993375342,"P49720;A0A384NL22;A0A087WXQ8;A0A087WY10;A0A087WUL2","P49720"
"Q96KP1;B3KPN7;B4DZI7",-0.237653604517,25.6379060489657,-0.44580346586372,0.6588240731171,0.809439870023867,-6.46014072833472,"Q96KP1;B3KPN7;B4DZI7","Q96KP1"
"P08240;Q6IAX9",0.390674045083184,26.4184862936592,0.445571522161626,0.658989824970682,0.809439870023867,-6.46024465204866,"P08240;Q6IAX9","P08240"
"P26641;Q53YD7;B4DUP0;B4DUK7;B4DSR4;Q2F838;Q2F840",-0.244692000307293,28.9859568476731,-0.445307742552802,0.659178348785066,0.809439870023867,-6.46036277514515,"P26641;Q53YD7;B4DUP0;B4DUK7;B4DSR4;Q2F838;Q2F840","P26641"
"Q5K684",-0.255000700084235,23.1636204874464,-0.444405449532298,0.659823391070867,0.809913088055898,-6.46076630875723,"Q5K684","Q5K684"
"P61960;H0Y614",-0.24295889840835,26.2457096279139,-0.443598083863529,0.660400795468878,0.810143649651707,-6.46112670296264,"P61960;H0Y614","P61960"
"P30154;A8K8B0;B7Z1G3;H0YDG7",0.279119151961353,24.1351499226974,0.443341142288888,0.660584597108097,0.810143649651707,-6.46124126157628,"P30154;A8K8B0;B7Z1G3;H0YDG7","P30154"
"Q13564;H3BMR3;J3QLH4;J3QRA5;J3KTE3;J3KRK3",0.230761075983562,24.9150097936197,0.443053396304254,0.660790459991646,0.810143649651707,-6.4613694767019,"Q13564;H3BMR3;J3QLH4;J3QRA5;J3KTE3;J3KRK3","Q13564"
"Q9NWT6;E9PNR8;B4DI08",-0.244144619989584,23.2117682366603,-0.44237338035753,0.661277072586288,0.810421685421074,-6.46167215461143,"Q9NWT6;E9PNR8;B4DI08","Q9NWT6"
"Q13464;A0A0U1RQV4;D9ZGF8",-0.252015726486817,25.3505700663442,-0.441877700735972,0.66163187058745,0.810538022137571,-6.46189249443356,"Q13464;A0A0U1RQV4;D9ZGF8","Q13464"
"Q9BXB5;Q59ED9;H7C487;B3KUL5;Q9BXB4;Q9GZM0;A0A5F9ZH75;A0A8V8TM06;A0A140VJQ6",0.2297684362598,24.1160628991209,0.440726630680814,0.662456091917295,0.810557749837267,-6.46240322802143,"Q9BXB5;Q59ED9;H7C487;B3KUL5;Q9BXB4;Q9GZM0;A0A5F9ZH75;A0A8V8TM06;A0A140VJQ6","Q9BXB5"
"Q8IWT6;A8K1C7;Q96SW8;Q9NW37",0.23525838450961,25.9035356863676,0.440226368664581,0.66281443728827,0.810557749837267,-6.46262478588713,"Q8IWT6;A8K1C7;Q96SW8;Q9NW37","Q8IWT6"
"B4DDD6;B4DKZ4;B4DUF9;B4DNX5;F8WC20;F8WBB2;F8WFE1;F2Z2V3;F8WB73;F8WCK3;F2Z3E3",-0.290440760209876,23.1827454640995,-0.439813959328047,0.663109913318081,0.810557749837267,-6.46280724839871,"B4DDD6;B4DKZ4;B4DUF9;B4DNX5;F8WC20;F8WBB2;F8WFE1;F2Z2V3;F8WB73;F8WCK3;F2Z3E3","B4DDD6"
"Q9Y3R5;A0A8I5KUN1;A0A8I5KWI7",-0.237392006936069,24.3574288996416,-0.439803154002964,0.663117655672979,0.810557749837267,-6.46281202673516,"Q9Y3R5;A0A8I5KUN1;A0A8I5KWI7","Q9Y3R5"
"P30043;V9HWI1;A0A2R8YEP4;M0R192;A0A2R8Y7Y9;M0QZL1",-0.231456122254755,27.3535595465504,-0.439797503124097,0.663121704720254,0.810557749837267,-6.46281452562358,"P30043;V9HWI1;A0A2R8YEP4;M0R192;A0A2R8Y7Y9;M0QZL1","P30043"
"Q9UKU9;B2R780",0.277523636624615,23.2498376949284,0.439028540170883,0.66367278910645,0.810557749837267,-6.46315427484326,"Q9UKU9;B2R780","Q9UKU9"
"O15031;Q3LIB1;E2PU09;Q2TBE4;A6QRG9;Q16293;H0Y6J7;H0Y7X5;Q86YC4",0.237129052563251,28.7128326900859,0.438637939310566,0.663952789930647,0.810557749837267,-6.46332662831656,"O15031;Q3LIB1;E2PU09;Q2TBE4;A6QRG9;Q16293;H0Y6J7;H0Y7X5;Q86YC4","O15031"
"O95219;F8W9T3;Q9H398",-0.245323316500723,22.9784974920365,-0.438598000917361,0.663981422398302,0.810557749837267,-6.46334424268224,"O95219;F8W9T3;Q9H398","O95219"
"A0A2X0U3N2;G0T3C4;Q6B9Y4;Q6DL87;Q6DL86;Q6DL85;Q6DL89;Q6B9Y5;Q6B9Y3;Q6B9Y2;Q6B9Y1;Q6B9Y0;Q6B851;Q7JFN0;Q6B850;Q95391;Q95370;O19766;O19767;O19768;B0L3Q0;B0L3P9;B0L3P8;C7SJ32;A0A291FAL5;A0A7I8HN19;Q6DL88;O19745;O19809;Q68YS4;O19808;R9WXB4;R9X0X9;O19805;O19806;O19807;D2KT86;Q8WLP2;Q68YS1;Q6B846;Q68YS3;Q6B9Y6;Q68YS2;Q68YS0;Q68YR9;Q68YR8;Q6B848;B7SFZ3;B7SFZ2;Q6B847;Q6B845;Q6B849;Q95HM6",-0.400522621125113,27.0448912366311,-0.438590400858429,0.663986871059383,0.810557749837267,-6.46334759442082,"A0A2X0U3N2;G0T3C4;Q6B9Y4;Q6DL87;Q6DL86;Q6DL85;Q6DL89;Q6B9Y5;Q6B9Y3;Q6B9Y2;Q6B9Y1;Q6B9Y0;Q6B851;Q7JFN0;Q6B850;Q95391;Q95370;O19766;O19767;O19768;B0L3Q0;B0L3P9;B0L3P8;C7SJ32;A0A291FAL5;A0A7I8HN19;Q6DL88;O19745;O19809;Q68YS4;O19808;R9WXB4;R9X0X9;O19805;O19806;O19807;D2KT86;Q8WLP2;Q68YS1;Q6B846;Q68YS3;Q6B9Y6;Q68YS2;Q68YS0;Q68YR9;Q68YR8;Q6B848;B7SFZ3;B7SFZ2;Q6B847;Q6B845;Q6B849;Q95HM6","A0A2X0U3N2"
"P55072;A0A7P0TAW3;A0A7I2V540;C9JUP7;A0A7P0T8A3;A0A7P0T8Q5;A0A7P0TAQ1;Q96IF9;A0A7P0Z4C6;Q0IIN5;Q9NTC4;A0A7I2V2Y2;A0A7I2V5G8;Q9HAP0;Q9HAP1;A0A7P0TAY0;A0A7P0TBK7;A0A7P0Z4D1;A0A7P0TA22;A0A7P0T946;A0A7P0T971;A0A7I2YQJ0;A0A7P0T8D6;A0A7P0T9X5;A0A7P0T8Q4;B4DYX2",0.232321175176022,29.2702792675536,0.43613452713709,0.665748518970804,0.812041335963464,-6.46442766731287,"P55072;A0A7P0TAW3;A0A7I2V540;C9JUP7;A0A7P0T8A3;A0A7P0T8Q5;A0A7P0TAQ1;Q96IF9;A0A7P0Z4C6;Q0IIN5;Q9NTC4;A0A7I2V2Y2;A0A7I2V5G8;Q9HAP0;Q9HAP1;A0A7P0TAY0;A0A7P0TBK7;A0A7P0Z4D1;A0A7P0TA22;A0A7P0T946;A0A7P0T971;A0A7I2YQJ0;A0A7P0T8D6;A0A7P0T9X5;A0A7P0T8Q4;B4DYX2","P55072"
"Q9ULC4;A0A3B3IRV3",-0.243991862148405,26.9898879025386,-0.435775582793544,0.666006159437124,0.812041335963464,-6.46458502637418,"Q9ULC4;A0A3B3IRV3","Q9ULC4"
"Q9H074;D6REB4",-0.231853788155423,25.2027607488241,-0.435377931249154,0.66629163114973,0.812041335963464,-6.4647592050388,"Q9H074;D6REB4","Q9H074"
"P04179;A0A384NL29;Q7Z7M4;Q7Z7M7;Q4ZJI1;Q7Z7M6;F5H4R2;Q7Z7M5;F5H3C5;F5GYZ5;G8JLJ2;F5GXZ9;Q96AM7;Q9UG59;Q6LE88;G5E9P6;A0A4Y1U0K4;A0A4Y1U5Z3;A0A4Y1U4I2;A0A4Y1U1P4",0.242933204217049,27.2187889214964,0.435036254243804,0.66653695957282,0.812041335963464,-6.46490874038273,"P04179;A0A384NL29;Q7Z7M4;Q7Z7M7;Q4ZJI1;Q7Z7M6;F5H4R2;Q7Z7M5;F5H3C5;F5GYZ5;G8JLJ2;F5GXZ9;Q96AM7;Q9UG59;Q6LE88;G5E9P6;A0A4Y1U0K4;A0A4Y1U5Z3;A0A4Y1U4I2;A0A4Y1U1P4","P04179"
"Q5VYK3;J3KN16;A0AAA9X0G7;R4GMY1;B3KV72;R4GMY3;F6XAQ5",0.235122792193938,25.4236422486545,0.434851147540484,0.666669884159619,0.812041335963464,-6.46498970412428,"Q5VYK3;J3KN16;A0AAA9X0G7;R4GMY1;B3KV72;R4GMY3;F6XAQ5","Q5VYK3"
"P05164;J3QSF7;A0A8V8TPE5",-0.233684891199417,23.0308330282665,-0.434719671889432,0.66676430311075,0.812041335963464,-6.46504718953207,"P05164;J3QSF7;A0A8V8TPE5","P05164"
"Q9UBQ5;K7ERF1;B4DVD7;K7ES31;U3LUI4;A0A087WVB9;K7EQM4;K7EK53;B4DQ48",0.231745864515247,26.670296696946,0.434307642005215,0.66706023732692,0.812084652702054,-6.46522723111038,"Q9UBQ5;K7ERF1;B4DVD7;K7ES31;U3LUI4;A0A087WVB9;K7EQM4;K7EK53;B4DQ48","Q9UBQ5"
"D9YZV5;Q15657;A0A0K0K1I0;Q6ZN40;P09493;H0YKX5;D9YZV4;A0A0S2Z4G6;Q8TCG4;H0YL80;H0YKP3;H0YL42;C9IZA2;A0A994J554;A0A494C0V8;O15513",-0.21920323639025,23.1562245321698,-0.433262666238978,0.667811018870182,0.812681454489309,-6.46568309008399,"D9YZV5;Q15657;A0A0K0K1I0;Q6ZN40;P09493;H0YKX5;D9YZV4;A0A0S2Z4G6;Q8TCG4;H0YL80;H0YKP3;H0YL42;C9IZA2;A0A994J554;A0A494C0V8;O15513","D9YZV5"
"P52888;Q96CV8;K7EP46;Q9BW75;B4DU96;K7EIK4;K7EL32;K7EL02;K7EKB6;K7EMU4",0.235266208734863,25.9115635269265,0.43116333447767,0.669320374946292,0.814200565311031,-6.46659562133394,"P52888;Q96CV8;K7EP46;Q9BW75;B4DU96;K7EIK4;K7EL32;K7EL02;K7EKB6;K7EMU4","P52888"
"P40227;Q59ET3;B2R9K8;B4DPJ8;A1JUI8;B4DN39;Q92526;J3KRI6",-0.230618426338015,28.3939986996675,-0.429708133406421,0.670367443805321,0.814917100878103,-6.46722559421614,"P40227;Q59ET3;B2R9K8;B4DPJ8;A1JUI8;B4DN39;Q92526;J3KRI6","P40227"
"Q9GZP4;X6RHB9;X6R8S9;B4DKP7",-0.235516647991574,23.1733526571237,-0.429265675845913,0.670685941044914,0.814917100878103,-6.4674167219112,"Q9GZP4;X6RHB9;X6R8S9;B4DKP7","Q9GZP4"
"Q92743;Q05DJ8;B3KRN4;A0A3B3IU24;H0Y7G9;A8K224",-0.224542393531394,24.9368892933192,-0.42851809245964,0.671224220105434,0.814917100878103,-6.46773921229294,"Q92743;Q05DJ8;B3KRN4;A0A3B3IU24;H0Y7G9;A8K224","Q92743"
"Q9HA64;B4DE94;B2RD19;A0A140VK84;B4DXG0;Q6FIG5;I3L139;I3L2G3;I3L3W5;I3L378;I3L407",-0.227739006208921,25.4220019829141,-0.428511542691859,0.67122893688726,0.814917100878103,-6.46774203525874,"Q9HA64;B4DE94;B2RD19;A0A140VK84;B4DXG0;Q6FIG5;I3L139;I3L2G3;I3L3W5;I3L378;I3L407","Q9HA64"
"O43427;Q53F51;E9PSD3;B4DF10;H0YCE7;E9PJW6;B4DR95;B4DKH9",0.267035329543507,23.4402668068556,0.428417968357933,0.671296325449269,0.814917100878103,-6.46778236136827,"O43427;Q53F51;E9PSD3;B4DF10;H0YCE7;E9PJW6;B4DR95;B4DKH9","O43427"
"O60499;Q5U8S2;F6RTM7;K7EK75;K7ELY2;X6R2W0;K7EIY4;K7EQ84;K7EPP9",0.232289891757542,22.9909050928195,0.42760783499673,0.671879867530096,0.814917100878103,-6.46813112671312,"O60499;Q5U8S2;F6RTM7;K7EK75;K7ELY2;X6R2W0;K7EIY4;K7EQ84;K7EPP9","O60499"
"A0A288QCU4",-0.226365186041651,23.2374644606874,-0.427058361108933,0.67227577371392,0.814917100878103,-6.46836730597542,"A0A288QCU4","A0A288QCU4"
"P49773;A0A384NPU2;D6REP8;D6RE99;H0YC49;D6RD60;A0A6Q8PGQ8;D6RC06;A4D2H4",-0.228467457064419,29.201240567613,-0.426736486649257,0.672507734553273,0.814917100878103,-6.46850551725474,"P49773;A0A384NPU2;D6REP8;D6RE99;H0YC49;D6RD60;A0A6Q8PGQ8;D6RC06;A4D2H4","P49773"
"Q7L5L3",0.219213356666668,22.9263396733245,0.426685783164821,0.672544277317315,0.814917100878103,-6.46852727968871,"Q7L5L3","Q7L5L3"
"A0A2U3TZN6",-0.253672007173108,23.4098184479825,-0.426452617379574,0.672712333848468,0.814917100878103,-6.46862732384233,"A0A2U3TZN6","A0A2U3TZN6"
"P46934;H0Y8X6;H0YA37",-0.264147017530224,24.4570039559067,-0.426353976603515,0.67278343531937,0.814917100878103,-6.46866963125174,"P46934;H0Y8X6;H0YA37","P46934"
"Q8NCG7;B3KRA0;B4DQQ6;E7ET49;B3KR38;B4DVJ1;B4DVH8",0.222399202571367,23.2341006910663,0.42457630815751,0.674065325729302,0.816152853629539,-6.46943042237804,"Q8NCG7;B3KRA0;B4DQQ6;E7ET49;B3KR38;B4DVJ1;B4DVH8","Q8NCG7"
"Q16836;E9PF18;A0A0D9SFP2;B3KTT6;A0A140VK76;B2RB06;A0A804HKJ2;A0A0A0MSE2;A0A1W2PQV5;A0A1W2PNM1;A0A804HJW7;A0A804HLB5;A0A1W2PRT2;A0A1W2PQ78;A0A1W2PQC2;A0A804HJK7;A0A1W2PP40;A0A1W2PQ55",-0.230107516991701,28.8083047615762,-0.423149258239603,0.675095101273365,0.817082507129075,-6.4700388856822,"Q16836;E9PF18;A0A0D9SFP2;B3KTT6;A0A140VK76;B2RB06;A0A804HKJ2;A0A0A0MSE2;A0A1W2PQV5;A0A1W2PNM1;A0A804HJW7;A0A804HLB5;A0A1W2PRT2;A0A1W2PQ78;A0A1W2PQC2;A0A804HJK7;A0A1W2PP40;A0A1W2PQ55","Q16836"
"P16989;Q96GD7",0.290682849314482,24.2978345679561,0.421436891320923,0.676331607208717,0.818261552709072,-6.47076632959125,"P16989;Q96GD7","P16989"
"P51149;A0A158RFU6;B4DPH9;A0A6Q8PGE6;A0A6Q8PG52;A0A6Q8PH84;C9J8S3;C9J592;C9J4V0;C9IZZ0;C9J4S4;C9J7D1;A0A6Q8PF79",-0.218988428816228,28.8453083491639,-0.419700284083991,0.677586552795613,0.819461984555842,-6.47150109333766,"P51149;A0A158RFU6;B4DPH9;A0A6Q8PGE6;A0A6Q8PG52;A0A6Q8PH84;C9J8S3;C9J592;C9J4V0;C9IZZ0;C9J4S4;C9J7D1;A0A6Q8PF79","P51149"
"P78536;B2RNB2;A0A8V8TN27;Q53RS1;A0A8V8TPV7;A0A8V8TNK7;Q53RF5;A0A8V8TPG8;A6H8L4",0.223348455106276,26.8862935539261,0.419113311477439,0.678010936447398,0.81965740727885,-6.47174876504202,"P78536;B2RNB2;A0A8V8TN27;Q53RS1;A0A8V8TPV7;A0A8V8TNK7;Q53RF5;A0A8V8TPG8;A6H8L4","P78536"
"P09132;A0A087WYR0;A0A2U3TZN1;A0A087WWU9;D6RBG4;A0A2R8Y4M3",-0.231675931223624,23.6996962306576,-0.418442904360542,0.678495774688167,0.819925734696782,-6.4720312225568,"P09132;A0A087WYR0;A0A2U3TZN1;A0A087WWU9;D6RBG4;A0A2R8Y4M3","P09132"
"Q5T0F9;H7C1U3;H0Y517",0.229854638927748,26.4184750883501,0.417860599377705,0.67891701079469,0.820117024271355,-6.47227619790843,"Q5T0F9;H7C1U3;H0Y517","Q5T0F9"
"Q13740;F5GXJ9;B3KNN9;B4DX43;H7C543",-0.231354195364617,28.0061443492082,-0.417467921005973,0.679201131495732,0.820130658490046,-6.47244120705659,"Q13740;F5GXJ9;B3KNN9;B4DX43;H7C543","Q13740"
"Q9UNZ2",-0.232276622465204,26.1805540244913,-0.417118227491937,0.679454190938852,0.820130658490046,-6.4725880242322,"Q9UNZ2","Q9UNZ2"
"Q9BZ67;A8K6L3;E9PS62;Q96MK6;Q9BZ68;E9PRP1",0.227691281441192,25.8857204622894,0.41457075233031,0.681298840274119,0.821597731679664,-6.47365389872716,"Q9BZ67;A8K6L3;E9PS62;Q96MK6;Q9BZ68;E9PRP1","Q9BZ67"
"Q8WXI4",-0.223007315684804,23.3106512962965,-0.413902512210349,0.681783050523157,0.821597731679664,-6.47393242432233,"Q8WXI4","Q8WXI4"
"Q15165;B4DKM6;B4DW02;A0A0J9YXF2",-0.235960057792397,23.2548733718818,-0.413736971448804,0.68190302347145,0.821597731679664,-6.47400135381809,"Q15165;B4DKM6;B4DW02;A0A0J9YXF2","Q15165"
"Q4LE36;P53396;Q8N9C4;K7ESG8;K7EIE7",0.225542958675785,28.0713980968133,0.413721711644422,0.681914083188714,0.821597731679664,-6.47400770647343,"Q4LE36;P53396;Q8N9C4;K7ESG8;K7EIE7","Q4LE36"
"Q7KZF4;B2R5U1;B3KU67;A0A140VK49;Q59FF0;B4E299;H7C597",0.228510435735576,26.7079982766032,0.413621515576136,0.681986703212136,0.821597731679664,-6.47404941233351,"Q7KZF4;B2R5U1;B3KU67;A0A140VK49;Q59FF0;B4E299;H7C597","Q7KZF4"
"Q8TAT6;A0A994J7H4;B4DG89;A0A0D9SFI9;I3L4U9",0.234443734891112,24.9890931184075,0.412820879928489,0.682567098175837,0.821979451432601,-6.474382312079,"Q8TAT6;A0A994J7H4;B4DG89;A0A0D9SFI9;I3L4U9","Q8TAT6"
"P41250;A0A6Q8PGZ8;A0A6Q8PGA8;A0A6Q8PGI6;A0A6Q8PHH9;A0A6Q8PGW4;A0A6Q8PHI7;H7C443;A0A6Q8PFZ6;A0A6Q8PF45;A0A6Q8PH49;A0A6Q8PGN7;F8WCK4;A0A6Q8PGZ9;Q75MN1;A0A6Q8PFV5;A0A6Q8PGT3;A0A6Q8PFU7",0.226825464485941,27.3220723326344,0.412319674367575,0.682930531221959,0.822099701613775,-6.47459038586604,"P41250;A0A6Q8PGZ8;A0A6Q8PGA8;A0A6Q8PGI6;A0A6Q8PHH9;A0A6Q8PGW4;A0A6Q8PHI7;H7C443;A0A6Q8PFZ6;A0A6Q8PF45;A0A6Q8PH49;A0A6Q8PGN7;F8WCK4;A0A6Q8PGZ9;Q75MN1;A0A6Q8PFV5;A0A6Q8PGT3;A0A6Q8PFU7","P41250"
"Q5SW96;B3KR97;Q9H7R8",0.238473502217229,23.1326151841462,0.410956279303975,0.683919543103888,0.822972629221076,-6.47515512979571,"Q5SW96;B3KR97;Q9H7R8","Q5SW96"
"Q13685;C9JG97;C9JEH3;C9JTS3;Q59EM1;H7C0R2",-0.211006337593432,23.1827391594737,-0.40987486085861,0.684704412827031,0.823599330353841,-6.47560175809748,"Q13685;C9JG97;C9JEH3;C9JTS3;Q59EM1;H7C0R2","Q13685"
"P62873;A0A140VJJ8;B2R6K4;A0A2L0WW42;F6X3N5;A0A994J3T6;F6UT28;A0A994J6X8;B1AKQ8;Q71UM6;Q71UM7;E9PCP0;F1T0G5;F1T0G4;F5H0S8;P16520;F5H8J8;Q59G26;F5GZN8;A0A6Q8PF84",-0.219539591152582,32.2567322988112,-0.409151651138255,0.685229501911497,0.823913190617563,-6.47589979588258,"P62873;A0A140VJJ8;B2R6K4;A0A2L0WW42;F6X3N5;A0A994J3T6;F6UT28;A0A994J6X8;B1AKQ8;Q71UM6;Q71UM7;E9PCP0;F1T0G5;F1T0G4;F5H0S8;P16520;F5H8J8;Q59G26;F5GZN8;A0A6Q8PF84","P62873"
"Q9UJ68;E5RJK1;H0YAN3;B7Z694;E5RIA9",-0.30544077470287,23.5485365329714,-0.408520489897714,0.685687889232805,0.824146638349564,-6.47615947467073,"Q9UJ68;E5RJK1;H0YAN3;B7Z694;E5RIA9","Q9UJ68"
"Q5T1M5;B4DZS8;A0A8I5QJ94;A0A8I5QJL3;A0A8I5KX71;B4DVS2",-0.228761455892158,23.0715988424158,-0.406505091677442,0.687152404526769,0.825588732557393,-6.47698601554656,"Q5T1M5;B4DZS8;A0A8I5QJ94;A0A8I5QJL3;A0A8I5KX71;B4DVS2","Q5T1M5"
"P25685;Q6FHS4;Q6FI51;M0QXK0;A0A7I2V3K7;M0R080;B4DKK9;M0R1D6;M0QZD0;M0QYT3;M0R128;A0A1B0GX60;A0A7I2YQW1",-0.222731104505939,26.4819330091189,-0.405585061747858,0.68782136621722,0.826074255383715,-6.47736198739878,"P25685;Q6FHS4;Q6FI51;M0QXK0;A0A7I2V3K7;M0R080;B4DKK9;M0R1D6;M0QZD0;M0QYT3;M0R128;A0A1B0GX60;A0A7I2YQW1","P25685"
"O75832;B1AJY7;B1AJY5;B1AJY6",-0.213006020001266,25.9279895239967,-0.404828959194061,0.688371326816732,0.826416539007462,-6.47767033913899,"O75832;B1AJY7;B1AJY5;B1AJY6","O75832"
"Q9NZ09;A0A6G6AA68;A0A0D9SG79",-0.217307055174583,23.3049714346921,-0.403285594172533,0.689494448826315,0.827446397033196,-6.47829798330075,"Q9NZ09;A0A6G6AA68;A0A0D9SG79","Q9NZ09"
"Q59GW5",-0.238035742905172,23.272312930736,-0.402394950387011,0.690142905991739,0.827906047610859,-6.4786591042904,"Q59GW5","Q59GW5"
"Q02790;B2R9U2;F5H1U3;H0YFG2;F5H120",-0.215058850646166,27.6440414331588,-0.401286000752417,0.690950640140926,0.828556342406592,-6.47910763552695,"Q02790;B2R9U2;F5H1U3;H0YFG2;F5H120","Q02790"
"P11586;V9GYY3;F5H2F4;A0A8V8TL50;B7Z809;A0A8V8TMA4;A0A8V8TKT4;V9GZ78;A0A494C1T2;A0A8V8TKR5;A0A8V8TKS0;A0A8V8TL46;A0A8V8TMA9;A0A8C8UXK2",0.218303740557381,27.0886139088071,0.4006166124822,0.691438386336314,0.828736216576799,-6.47937778680554,"P11586;V9GYY3;F5H2F4;A0A8V8TL50;B7Z809;A0A8V8TMA4;A0A8V8TKT4;V9GZ78;A0A494C1T2;A0A8V8TKR5;A0A8V8TKS0;A0A8V8TL46;A0A8V8TMA9;A0A8C8UXK2","P11586"
"P57737;B4DKU9;A0A0A6YYL4;B3KSY4;B3KUH7;I3L442;I3L426;I3L167",0.242837181154751,24.9564782497216,0.400252544402166,0.691703719009959,0.828736216576799,-6.47952452978538,"P57737;B4DKU9;A0A0A6YYL4;B3KSY4;B3KUH7;I3L442;I3L426;I3L167","P57737"
"Q9Y6M4",-0.218687497703446,26.8544134312071,-0.399763696797207,0.692060053395933,0.828736216576799,-6.47972135933003,"Q9Y6M4","Q9Y6M4"
"Q86WQ0;F5H0B6;U3KQ53",-0.221187557764246,23.5222925704557,-0.399621848360523,0.692163463989279,0.828736216576799,-6.47977842861177,"Q86WQ0;F5H0B6;U3KQ53","Q86WQ0"
"P04844;A0A994J5J1;B2RE46;Q5JYR7;B4DJL0;Q5JYR4",0.214359691521157,25.5162290892591,0.398847791280441,0.69272787442655,0.829093722308675,-6.48008949861417,"P04844;A0A994J5J1;B2RE46;Q5JYR7;B4DJL0;Q5JYR4","P04844"
"Q9Y6A4;B4DN94",-0.233326517454632,23.3263949663657,-0.398246080756357,0.693166740519707,0.829300753233972,-6.48033089545532,"Q9Y6A4;B4DN94","Q9Y6A4"
"A0A8Z5DL71",0.221936209806756,23.0536276707655,0.396749604840519,0.694258684468919,0.830207035726638,-6.48092969411679,"A0A8Z5DL71","A0A8Z5DL71"
"Q86X55;A0AA34QVH5;K7EQA8;K7EK20;K7EPK1",0.218905161093726,25.2618771117489,0.396394681537732,0.694517761598376,0.830207035726638,-6.48107138550079,"Q86X55;A0AA34QVH5;K7EQA8;K7EK20;K7EPK1","Q86X55"
"P28070;A0A140VK46;B4DFL3",-0.230223528703004,27.8388203694187,-0.396113846998415,0.694722783984137,0.830207035726638,-6.48118341045098,"P28070;A0A140VK46;B4DFL3","P28070"
"Q05CN4;G5EKE5",-0.203440108836382,23.2165820813361,-0.394717073456094,0.695742841871858,0.830875307305543,-6.48173941625924,"Q05CN4;G5EKE5","Q05CN4"
"A0A0G2JSB1;A0A0G2JQJ2;A0A0G2JNL3;A0A0G2JQT8;A0A0G2JRA1;A0A0G2JQC6",-0.218934203705704,23.1831567580702,-0.39461859617836,0.695814781238243,0.830875307305543,-6.48177854319323,"A0A0G2JSB1;A0A0G2JQJ2;A0A0G2JNL3;A0A0G2JQT8;A0A0G2JRA1;A0A0G2JQC6","A0A0G2JSB1"
"Q04917;B2R6N6;Q9H4N8;A2IDB2;F8WEB6;A2IDB1",-0.207434131428272,28.2908569549358,-0.394241436757285,0.696090329313683,0.830886236941974,-6.48192830656997,"Q04917;B2R6N6;Q9H4N8;A2IDB2;F8WEB6;A2IDB1","Q04917"
"P51148;K7ERI8;K7ERQ8;F8VVK3;K7ENY4;F8VWU4;F8VSF8;F8VVZ0;K7EIP6;F8VPW9;F8VWZ7",0.207564927307565,29.871800982772,0.393544011574224,0.696599970477771,0.830934744476091,-6.48220486842724,"P51148;K7ERI8;K7ERQ8;F8VVK3;K7ENY4;F8VWU4;F8VSF8;F8VVZ0;K7EIP6;F8VPW9;F8VWZ7","P51148"
"P36897;F8W1R9;B4DY26;F8W0K6;Q5T7S2;F8VRH6;F8VXZ5;B4DXN7",-0.229324736544218,23.3732858336766,-0.393456692606474,0.696663788651805,0.830934744476091,-6.48223946035713,"P36897;F8W1R9;B4DY26;F8W0K6;Q5T7S2;F8VRH6;F8VXZ5;B4DXN7","P36897"
"X2L7S8;Q29947",0.209791758912818,30.607317286112,0.392618816479405,0.697276275447833,0.831347363578666,-6.48257100369683,"X2L7S8;Q29947","X2L7S8"
"P16591;W0S1B5;W0S0X4;W0S0D3;W0S4B9;W0S1J7;P07332;Q4JFK8;B4DDX7;Q05DA5;Q2VXS9;E7ENM8;B4DUD9",-0.222060851634318,23.1019615187687,-0.390794255749638,0.698610743487742,0.832620140977557,-6.48329055230976,"P16591;W0S1B5;W0S0X4;W0S0D3;W0S4B9;W0S1J7;P07332;Q4JFK8;B4DDX7;Q05DA5;Q2VXS9;E7ENM8;B4DUD9","P16591"
"Q5BVD1",-0.201989782455886,23.0562487385286,-0.387901971898381,0.700728136721375,0.834824697644755,-6.48442437734806,"Q5BVD1","Q5BVD1"
"P26038;V9HWC0;A0A8V8TKR9;Q6PJT4;V9GZ54;E9PNP4",-0.209104900021671,32.287440417908,-0.387070317140057,0.701337430045467,0.835164817162974,-6.48474885651066,"P26038;V9HWC0;A0A8V8TKR9;Q6PJT4;V9GZ54;E9PNP4","P26038"
"P28066;Q5U0A0;A0A109NGN6",-0.198730039422752,28.9266790591545,-0.386380589542854,0.701842896467332,0.835164817162974,-6.48501743811038,"P28066;Q5U0A0;A0A109NGN6","P28066"
"Q9UL52;Q4W5P3;A8K9S2;A0A0G2JNI0;B2R9P0",-0.220503322785717,23.2725082709521,-0.385857089694632,0.702226635380789,0.835164817162974,-6.48522097357166,"Q9UL52;Q4W5P3;A8K9S2;A0A0G2JNI0;B2R9P0","Q9UL52"
"Q08752;Q6FGM6;E5KN59;E5KN55",-0.210228358886912,23.553170270401,-0.385849928126954,0.702231885547257,0.835164817162974,-6.48522375607689,"Q08752;Q6FGM6;E5KN59;E5KN55","Q08752"
"Q93034;L0L6C1;H0YCA0;L0L6D8",-0.207992676882817,26.9387947998022,-0.385685465545882,0.702352457652607,0.835164817162974,-6.48528764114044,"Q93034;L0L6C1;H0YCA0;L0L6D8","Q93034"
"Q9Y315;E9PPM8;G3V158;E9PML7;E9PMH9;B4DKS9;E9PJ44;E9PJB9;E9PPK3",-0.204821726198919,25.7281007145131,-0.383883064473938,0.703674362392142,0.835285859099546,-6.48598601154865,"Q9Y315;E9PPM8;G3V158;E9PML7;E9PMH9;B4DKS9;E9PJ44;E9PJB9;E9PPK3","Q9Y315"
"Q92616;E1NZA1;B4DM32",-0.210923653578828,26.9197891875881,-0.383816901672684,0.703722904970954,0.835285859099546,-6.48601158578508,"Q92616;E1NZA1;B4DM32","Q92616"
"Q9UBV8;A0A384MQX5",-0.2054749853082,26.0001879369438,-0.383808294834031,0.703729219762566,0.835285859099546,-6.48601491230831,"Q9UBV8;A0A384MQX5","Q9UBV8"
"P83731;C9JXB8;A0A994J4A5;C9JNW5;V9HW01",-0.211784763655601,27.6580608167733,-0.383797223022014,0.7037373431235,0.835285859099546,-6.48601919142938,"P83731;C9JXB8;A0A994J4A5;C9JNW5;V9HW01","P83731"
"Q86T03;G3V5T5",0.226956140233295,23.2171968180983,0.383720985775405,0.70379327916435,0.835285859099546,-6.48604865288145,"Q86T03;G3V5T5","Q86T03"
"E7ETY4;E9PC69;A0A7I2YQR3;A0A0A0MRU9;A0A140VJP1;A8K2S4;Q7KZI7;A9CP04;A0AA34QVG3;A0A7I2V3R3;F5H4F6;B4DIB3;X5D2M4;A0A7I2YQC1;A0A087X0I6;Q9P0L2;A0A7I2V550;F5H6N2;X5DNR8;O75271;A0A7I2YQF3;Q96L34;X5D7J4;K7EN95;Q5DNC6;Q8N2N5;A2SY06;Q59FB8;Q86U11;A0A7I2V5H7;Q9H051;Q6IPE9;F5H4J8;K7EKG8;K7EK17",-0.204230558495716,25.4751330202053,-0.380004582795839,0.706522074566988,0.838017861503521,-6.4874778064375,"E7ETY4;E9PC69;A0A7I2YQR3;A0A0A0MRU9;A0A140VJP1;A8K2S4;Q7KZI7;A9CP04;A0AA34QVG3;A0A7I2V3R3;F5H4F6;B4DIB3;X5D2M4;A0A7I2YQC1;A0A087X0I6;Q9P0L2;A0A7I2V550;F5H6N2;X5DNR8;O75271;A0A7I2YQF3;Q96L34;X5D7J4;K7EN95;Q5DNC6;Q8N2N5;A2SY06;Q59FB8;Q86U11;A0A7I2V5H7;Q9H051;Q6IPE9;F5H4J8;K7EKG8;K7EK17","E7ETY4"
"O95782;Q8N9K4;B4DXJ6",-0.204761288287983,27.5971224784377,-0.379587577775675,0.706828511305398,0.838017861503521,-6.48763730723411,"O95782;Q8N9K4;B4DXJ6","O95782"
"P52799",-0.199960679124409,24.366291589019,-0.379343460639947,0.707007924263519,0.838017861503521,-6.4877305994124,"P52799","P52799"
"E7EX90;A0A804CDA6;Q14203;A0A7P0Z4C3;Q6MZZ3;Q6AWB3;Q6AWB1;Q59F36;O95654;E7EWF7;H8Y0Y3",0.206645153880192,26.523280869963,0.378925975436306,0.707314792975936,0.838017861503521,-6.48789000841517,"E7EX90;A0A804CDA6;Q14203;A0A7P0Z4C3;Q6MZZ3;Q6AWB3;Q6AWB1;Q59F36;O95654;E7EWF7;H8Y0Y3","E7EX90"
"P29692;E9PK01;B2RAR6;E9PRY8;Q9H7G6;Q71RH4;A0A087X1X7;E9PQ49;E9PI39;E9PQZ1;E9PL12;E9PPR1;E9PMW7;H0YCK7;E9PIZ1;E9PK06;E9PK72;E9PKK3;H0YE58;E9PJD0;E9PQC9;E9PNW6",-0.202466108526149,28.5474723496893,-0.378545312026365,0.707594639637856,0.838017861503521,-6.48803520613531,"P29692;E9PK01;B2RAR6;E9PRY8;Q9H7G6;Q71RH4;A0A087X1X7;E9PQ49;E9PI39;E9PQZ1;E9PL12;E9PPR1;E9PMW7;H0YCK7;E9PIZ1;E9PK06;E9PK72;E9PKK3;H0YE58;E9PJD0;E9PQC9;E9PNW6","P29692"
"Q08AM6;B4DMP4;H3BUU8;H3BN23;A0A087WT26;H3BQD9;Q9NW56",0.218468310714801,23.5384347315712,0.378392090255852,0.707707293106853,0.838017861503521,-6.48809360922089,"Q08AM6;B4DMP4;H3BUU8;H3BN23;A0A087WT26;H3BQD9;Q9NW56","Q08AM6"
"Q13113",0.206317306538196,23.2716405288127,0.377694779202291,0.708220062872542,0.838306784098466,-6.48835910532338,"Q13113","Q13113"
"Q9UKK9;A6NFX8;A6NJU6;A6NCQ0;H0YEY4;C9JYY9",0.203000426228268,27.0730569043283,0.375708506556166,0.709681434277266,0.839717903456295,-6.4891127048266,"Q9UKK9;A6NFX8;A6NJU6;A6NCQ0;H0YEY4;C9JYY9","Q9UKK9"
"P12830;D3XNU5;A0A0U2ZQU7;Q9UII7;A0A0E3XJU3;A5D8W4;B3GN61;H3BNC6;H3BVI7;B4DNH0;J3QKP1;A0A3G2JNR5",-0.27522826403321,27.7415643669077,-0.372504294318563,0.712041247652316,0.841780173465666,-6.49032009659307,"P12830;D3XNU5;A0A0U2ZQU7;Q9UII7;A0A0E3XJU3;A5D8W4;B3GN61;H3BNC6;H3BVI7;B4DNH0;J3QKP1;A0A3G2JNR5","P12830"
"Q9NVA2;D6RGI3;A0A384P5S0;D6RER5;D6RDU5;Q96KC0;H0Y961;H0Y9G8;D6RDP1;D6R9Y6",0.194264331641332,28.1063588071034,0.372457478761479,0.712075747527237,0.841780173465666,-6.49033766139295,"Q9NVA2;D6RGI3;A0A384P5S0;D6RER5;D6RDU5;Q96KC0;H0Y961;H0Y9G8;D6RDP1;D6R9Y6","Q9NVA2"
"O60739;Q6FG85;Q53F41",0.209598038082877,23.4620211839287,0.372102332359863,0.712337486347187,0.841780173465666,-6.49047083806295,"O60739;Q6FG85;Q53F41","O60739"
"P25787;A0A024RA52;Q53GF5;A0A7I2V2H3;A0A7I2YQP7;C9JCK5;H3BT36;Q6MZI6",-0.201142873629681,27.356502182696,-0.371876557881087,0.712503898028009,0.841780173465666,-6.490555435979,"P25787;A0A024RA52;Q53GF5;A0A7I2V2H3;A0A7I2YQP7;C9JCK5;H3BT36;Q6MZI6","P25787"
"P23634;Q68DH9;A7E2D8;A1X4Q1;A1X4Q2;H7BZS8;H7BY13;H0YDG5",0.198697036676496,30.0407683415151,0.370193486582762,0.713744891981524,0.842612265896497,-6.49118448088692,"P23634;Q68DH9;A7E2D8;A1X4Q1;A1X4Q2;H7BZS8;H7BY13;H0YDG5","P23634"
"Q9BW60;A0A3G2LMN0;Q502X7",0.202175700898394,23.2397651516662,0.37018857964509,0.713748511221079,0.842612265896497,-6.49118631071184,"Q9BW60;A0A3G2LMN0;Q502X7","Q9BW60"
"Q9NR46;B7ZC39;B7ZC38;Q71RA6;F8WFB9;H7C1Z6",-0.198991824524128,25.2341897307571,-0.368806538784787,0.71476814004154,0.843496719178799,-6.49170072475565,"Q9NR46;B7ZC39;B7ZC38;Q71RA6;F8WFB9;H7C1Z6","Q9NR46"
"Q9Y3A5;A0A0S2Z5I7;A0A8V8TLA5;A0A8V8TLR8;A0A8V8TMR6;A0A8V8TMS1;A0A8V8TLC6;F8WE72;A0A0S2Z5F7;A0A8V8TLS5;A0A8V8TN15",0.203018384782244,26.4911797739851,0.367778820740617,0.715526706403363,0.843858207931807,-6.49208201879891,"Q9Y3A5;A0A0S2Z5I7;A0A8V8TLA5;A0A8V8TLR8;A0A8V8TMR6;A0A8V8TMS1;A0A8V8TLC6;F8WE72;A0A0S2Z5F7;A0A8V8TLS5;A0A8V8TN15","Q9Y3A5"
"O43847;B4DRI0;Q6UUU9;G3V1R5;Q96L67;B4DYV0;H0Y5G9",-0.18825558047844,24.927206532365,-0.367658454270735,0.715615569086127,0.843858207931807,-6.49212660701584,"O43847;B4DRI0;Q6UUU9;G3V1R5;Q96L67;B4DYV0;H0Y5G9","O43847"
"P29590;Q59GQ8;A4VCI9;H3BT57;Q59H09;Q15156;Q9BZY1;B4DTK9;A0A2Z5DI29;Q05835;H3BVD2;H3BT29;H3BUJ5;B4DV67",-0.196373979089966,23.4702972009437,-0.366249087756895,0.716656359325064,0.844766131797005,-6.4926476123799,"P29590;Q59GQ8;A4VCI9;H3BT57;Q59H09;Q15156;Q9BZY1;B4DTK9;A0A2Z5DI29;Q05835;H3BVD2;H3BT29;H3BUJ5;B4DV67","P29590"
"Q13363;X5D7T7;H0Y8U5;X5D8Y5;Q4KMQ8;E9PGB1;E7ESU7;D6RAX2;P56545;Q9NSY3;H0Y9M9;E7EUB3;H0Y8W7",0.197411247077394,23.0539690043721,0.360630431017847,0.720811101432925,0.849342586085868,-6.49470496188267,"Q13363;X5D7T7;H0Y8U5;X5D8Y5;Q4KMQ8;E9PGB1;E7ESU7;D6RAX2;P56545;Q9NSY3;H0Y9M9;E7EUB3;H0Y8W7","Q13363"
"P52943;H0YFA4;Q53FN1;H0YHD8",-0.195622096828341,27.2938487092511,-0.359719352920475,0.721485621599474,0.849558281913165,-6.49503559454352,"P52943;H0YFA4;Q53FN1;H0YHD8","P52943"
"P09525;V9HW59;Q6P452;B4DE02;B4DDZ4;Q59FK3;Q6MZI0;B4E1S2",-0.190355837390133,28.9165702613415,-0.359647376735229,0.721538919136895,0.849558281913165,-6.4950616795473,"P09525;V9HW59;Q6P452;B4DE02;B4DDZ4;Q59FK3;Q6MZI0;B4E1S2","P09525"
"Q8NBT2;K7EJH0;K7EMX1;K7EJV2;K7ESQ2;B4E086;K7ERQ7;A0A0A0MSN0",0.185508167056494,23.2414765352148,0.356840991955223,0.723618117970216,0.851684871678907,-6.496074710465,"Q8NBT2;K7EJH0;K7EMX1;K7EJV2;K7ESQ2;B4E086;K7ERQ7;A0A0A0MSN0","Q8NBT2"
"Q8NB49;A0A067XG54;A0A804HIW2;H7C0E8",0.205486236591153,23.9498397427213,0.35624758846274,0.724058034453249,0.851829978279667,-6.49628790553522,"Q8NB49;A0A067XG54;A0A804HIW2;H7C0E8","Q8NB49"
"A0A3B3IST1;B5MD23;O75954",-0.186579305485765,26.5259834414162,-0.355937944902713,0.724287625007271,0.851829978279667,-6.49639901302539,"A0A3B3IST1;B5MD23;O75954","A0A3B3IST1"
"Q13617;A0A0A0MTN0;A0A8I5QJI3;A0A8I5KYP8;A0A140VKB1;A0A8I5KUA9;A0A8I5KQQ5;Q5T2B5;A0A8I5KU22;A0A0D9SET6;A0A8I5KVR3;A0A8I5KYZ8;A0A8I5KXB2;B7Z1Y1;A0A8I5KPX0;A0A8I5KY75;A0A8I5KS98;A0A8I5KTY5;A0A8I5KVE2;A0A8I5QKN3;A0A8I5KV54;A0A8I5KWB8;A0A8I5KYM7",-0.186658719762189,25.1456101304746,-0.354550971637209,0.725316339172424,0.852718304515186,-6.49689551625441,"Q13617;A0A0A0MTN0;A0A8I5QJI3;A0A8I5KYP8;A0A140VKB1;A0A8I5KUA9;A0A8I5KQQ5;Q5T2B5;A0A8I5KU22;A0A0D9SET6;A0A8I5KVR3;A0A8I5KYZ8;A0A8I5KXB2;B7Z1Y1;A0A8I5KPX0;A0A8I5KY75;A0A8I5KS98;A0A8I5KTY5;A0A8I5KVE2;A0A8I5QKN3;A0A8I5KV54;A0A8I5KWB8;A0A8I5KYM7","Q13617"
"O60493",0.184491865704924,25.5772830856303,0.353337609459946,0.726216713106942,0.853218178464804,-6.49732829418331,"O60493","O60493"
"Q13283;Q32P45;Q5U0Q1;Q6FI03;A0A7I2YQN9;A0A7I2V5M7;Q53HH4;A0A7P0P2U7;A0A7I2YQU8;A0A7I2V651;Q6ZP53;A0A7I2V2S5;E5RJU8;E5RH42;E5RIF8;B7Z8K4;A0A7I2V2V1;A0A7I2V3C4;A0A7I2V4Y8;E5RH00;A0A7I2YQH0;A0A7I2V533;A0A7I2V548;A0A7I2V326;A0A7I2YQQ8;A0A7I2V496;A0A7I2YQB1;A0A7I2V2X7;E5RI46",0.195783522004987,26.3502405192546,0.35324070427935,0.726288638609829,0.853218178464804,-6.4973627945422,"Q13283;Q32P45;Q5U0Q1;Q6FI03;A0A7I2YQN9;A0A7I2V5M7;Q53HH4;A0A7P0P2U7;A0A7I2YQU8;A0A7I2V651;Q6ZP53;A0A7I2V2S5;E5RJU8;E5RH42;E5RIF8;B7Z8K4;A0A7I2V2V1;A0A7I2V3C4;A0A7I2V4Y8;E5RH00;A0A7I2YQH0;A0A7I2V533;A0A7I2V548;A0A7I2V326;A0A7I2YQQ8;A0A7I2V496;A0A7I2YQB1;A0A7I2V2X7;E5RI46","Q13283"
"P01112;X5D945;A0A804HJ06;A0A8C8MQR2",0.199698178856561,28.988423152996,0.352620293463273,0.726749183330261,0.853437764611101,-6.49758345191704,"P01112;X5D945;A0A804HJ06;A0A8C8MQR2","P01112"
"P60228;A0A7I2V3S3;A0A7I2V3I0;A0A7I2V2H9;A0A7I2V2W0;Q6IAX5;A0A7I2V4B4;B2R806;A0A7I2V4G3;A0A7I2V5Z6;B3KW56;A0A7I2V3I2;H0YBP5;E5RGA2;A0A7I2V5P9;E5RHS5;A0A7I2V570;A0A161SXE1;A0A7I2V429;A0A7I2V3W9;H0YBR5;A0A7I2V2Q9;H0YAW4;A0A7I2V5K7;A0A7I2V2S9;E5RII3;E5RJ25;E5RIP5",-0.189590847779311,26.689336775717,-0.350780077579637,0.728115825122678,0.854359321177255,-6.49823568607661,"P60228;A0A7I2V3S3;A0A7I2V3I0;A0A7I2V2H9;A0A7I2V2W0;Q6IAX5;A0A7I2V4B4;B2R806;A0A7I2V4G3;A0A7I2V5Z6;B3KW56;A0A7I2V3I2;H0YBP5;E5RGA2;A0A7I2V5P9;E5RHS5;A0A7I2V570;A0A161SXE1;A0A7I2V429;A0A7I2V3W9;H0YBR5;A0A7I2V2Q9;H0YAW4;A0A7I2V5K7;A0A7I2V2S9;E5RII3;E5RJ25;E5RIP5","P60228"
"Q96FJ2",-0.188143627667309,25.7734055934017,-0.350722862140168,0.728158330902318,0.854359321177255,-6.49825591088239,"Q96FJ2","Q96FJ2"
"Q96T76;H0Y746;Q5T454;H7C1W5;O43410;H0Y7V3;H7C0A9;F8WCH8;B0QZ77",-0.195078545902099,24.612242376928,-0.350195289993918,0.728550309516554,0.854359321177255,-6.49844224556414,"Q96T76;H0Y746;Q5T454;H7C1W5;O43410;H0Y7V3;H7C0A9;F8WCH8;B0QZ77","Q96T76"
"O95562;Q5TIH2",0.247343518904565,23.7171249806187,0.35008855244079,0.728629623062359,0.854359321177255,-6.49847991065575,"O95562;Q5TIH2","O95562"
"Q9UMX0;B3KNI8;B3KNI2;Q59FJ2;H0YDS0;H0YEZ9",-0.184731910497518,26.4304330133645,-0.349163116898314,0.729317414725286,0.854844425602468,-6.49880599690102,"Q9UMX0;B3KNI8;B3KNI2;Q59FJ2;H0YDS0;H0YEZ9","Q9UMX0"
"P62854;Q75MH1;Q5JNZ5;Q76N57;Q76N56",-0.18938677599666,28.5757856077115,-0.348084405051072,0.730119411056595,0.855448155189807,-6.49918501079767,"P62854;Q75MH1;Q5JNZ5;Q76N57;Q76N56","P62854"
"P84098;J3QR09;J3KTE4;A0A7I2YQG2;Q8IWR8;Q53G49;A0A7I2V638;A0A7I2V4U6;A0A7I2V2L0;A0A7I2V512",-0.191075517520492,28.1655697126407,-0.34771429085704,0.73039465345712,0.855448155189807,-6.49931478525155,"P84098;J3QR09;J3KTE4;A0A7I2YQG2;Q8IWR8;Q53G49;A0A7I2V638;A0A7I2V4U6;A0A7I2V2L0;A0A7I2V512","P84098"
"Q8WUX9;B3KUH0;E5RJI3;E5RIU9;B3KRZ9",0.195394402005871,23.0389687984437,0.347224826373425,0.730758708877032,0.855448155189807,-6.49948619757247,"Q8WUX9;B3KUH0;E5RJI3;E5RIU9;B3KRZ9","Q8WUX9"
"Q9BTV4;A0A0S2Z5N2;A0A024R2F9;Q8TEP9",0.214780214488226,24.2033279379877,0.346995134807576,0.730929571523192,0.855448155189807,-6.49956655384404,"Q9BTV4;A0A0S2Z5N2;A0A024R2F9;Q8TEP9","Q9BTV4"
"Q71U36;B4DQK4;Q1ZYQ1;P0DPH8;P0DPH7;Q9UQM3;Q6PEY2;F8VQQ4",-0.232194977640162,23.6840469808805,-0.345646712400423,0.731932916243734,0.855945835786726,-6.50003722769007,"Q71U36;B4DQK4;Q1ZYQ1;P0DPH8;P0DPH7;Q9UQM3;Q6PEY2;F8VQQ4","Q71U36"
"P49589;B4DKY1;A8K067;A8MVQ3;B4DI19;Q53HG6;B4DPV7;Q59HE5;E9PRS8",-0.178849417874485,26.3658812626249,-0.345640526491146,0.731937520213064,0.855945835786726,-6.500039382724,"P49589;B4DKY1;A8K067;A8MVQ3;B4DI19;Q53HG6;B4DPV7;Q59HE5;E9PRS8","P49589"
"P31946;V9HWD6;B5BU24;Q4VY20;Q4VY19;A0A0J9YWE8;Q59EQ2;A0A0J9YWZ2",0.178059341980738,30.6476613525549,0.344977774962737,0.732430843030957,0.855945835786726,-6.50027004900866,"P31946;V9HWD6;B5BU24;Q4VY20;Q4VY19;A0A0J9YWE8;Q59EQ2;A0A0J9YWZ2","P31946"
"P15514;D6RFX5",0.21898491109496,23.6323247837754,0.344948645619873,0.73245252828303,0.855945835786726,-6.50028017720585,"P15514;D6RFX5","P15514"
"P05362;A0A384MEK5;B4DNT6;B4DQW5;K7EKL8;E7ESS4;O00177;A0A1C9J7T1;Q99930;Q15462",-0.190305098148549,23.0706333908305,-0.343580355111993,0.733471400199069,0.856815467123931,-6.50075497211486,"P05362;A0A384MEK5;B4DNT6;B4DQW5;K7EKL8;E7ESS4;O00177;A0A1C9J7T1;Q99930;Q15462","P05362"
"Q96M96;A0A804HK93;F8W1R0;A0A2X0U2J9;B7Z493;E9PJX4;B7Z8F9;F8VWL3;Q49A55",0.203737235166756,23.5359309115593,0.341277047869804,0.735187626542306,0.858498767197848,-6.50154998722205,"Q96M96;A0A804HK93;F8W1R0;A0A2X0U2J9;B7Z493;E9PJX4;B7Z8F9;F8VWL3;Q49A55","Q96M96"
"P37837;A0A140VK56;F2Z393;B4DID5;Q9UMF8;E9PM01;E9PKI8",-0.184027469659185,28.0703806010148,-0.33986051634855,0.736243793633559,0.85914579408336,-6.5020362851756,"P37837;A0A140VK56;F2Z393;B4DID5;Q9UMF8;E9PM01;E9PKI8","P37837"
"O75695;A0A1B2JLU2;B2R6F5",0.18454091095218,28.5702127134365,0.339485971206174,0.73652314230694,0.85914579408336,-6.5021645316721,"O75695;A0A1B2JLU2;B2R6F5","O75695"
"Q9Y5L4;K7EIT2",-0.204999292613667,24.3884588788584,-0.338990786980115,0.736892523831206,0.85914579408336,-6.50233387027295,"Q9Y5L4;K7EIT2","Q9Y5L4"
"P11766;Q6IRT1;Q6FI45;Q5U043;Q2VIM7;H0YAG8;D6RFE4;D6R9G2;D6RAY0",0.183273986191864,27.9195139484733,0.338644836047685,0.737150622968022,0.85914579408336,-6.5024520298604,"P11766;Q6IRT1;Q6FI45;Q5U043;Q2VIM7;H0YAG8;D6RFE4;D6R9G2;D6RAY0","P11766"
"Q15582;A0A0S2Z4Q2;Q53GU8;A0A0S2Z4K6;H0Y8L3;S4R3C6;H0Y9D7;Q59F63;H0YAB8;H0Y8M8;C7FFS5;D6RBX4;H0YAH8",-0.177603182942907,26.1874951365143,-0.338465897552406,0.737284133499756,0.85914579408336,-6.50251309934163,"Q15582;A0A0S2Z4Q2;Q53GU8;A0A0S2Z4K6;H0Y8L3;S4R3C6;H0Y9D7;Q59F63;H0YAB8;H0Y8M8;C7FFS5;D6RBX4;H0YAH8","Q15582"
"P21860;B3KWB3;B4DGQ7;B3KWG5;F8VYK4",-0.189881825279571,23.2209388261299,-0.338318052920339,0.737394450388315,0.85914579408336,-6.50256353270489,"P21860;B3KWB3;B4DGQ7;B3KWG5;F8VYK4","P21860"
"Q9NR50;H0Y580;Q9HA31",0.206375540750955,23.9347889572249,0.336141817356014,0.739018942419684,0.860716983348393,-6.50330336868272,"Q9NR50;H0Y580;Q9HA31","Q9NR50"
"Q9ULV4;Q53G58;Q59EA2;B3KN06;B4DMH3;B4E3S0;B7Z9V0;H0YHL7;F8W1H8;F8VV53;F8VVB7;F8VTT6;F8VRE9;F8VSA4;F8VUX3;Q6QEF8;J3QLV6;J3KSS5;B3KSZ9;B3KRY9",0.180573865710304,28.0354810811306,0.334405212793352,0.740316140978911,0.861127307546556,-6.50389034727589,"Q9ULV4;Q53G58;Q59EA2;B3KN06;B4DMH3;B4E3S0;B7Z9V0;H0YHL7;F8W1H8;F8VV53;F8VVB7;F8VTT6;F8VRE9;F8VSA4;F8VUX3;Q6QEF8;J3QLV6;J3KSS5;B3KSZ9;B3KRY9","Q9ULV4"
"O43447;Q6FH36;C9JQD4;Q6FH57;H0YEL5;A0A7I2YQS4;A0A7I2V5V0;A0A7I2V343;A0A7I2V2H6",0.176388219431729,25.5872625175569,0.334214472538856,0.740458666298718,0.861127307546556,-6.5039546342159,"O43447;Q6FH36;C9JQD4;Q6FH57;H0YEL5;A0A7I2YQS4;A0A7I2V5V0;A0A7I2V343;A0A7I2V2H6","O43447"
"Q8TAD7;F8VQD4",-0.220498097177835,26.0213734275222,-0.333771901180049,0.740789401353449,0.861127307546556,-6.50410365784826,"Q8TAD7;F8VQD4","Q8TAD7"
"A0A0U4BW16;A0A494C024",-0.191778860657678,23.1449482638308,-0.333658400813227,0.740874228654768,0.861127307546556,-6.50414184436575,"A0A0U4BW16;A0A494C024","A0A0U4BW16"
"B4DNA3;B4DUZ8;Q5T0S3;Q5T0R8",0.211647090956752,22.8879412766402,0.333243841578065,0.741184087798334,0.861127307546556,-6.50428121078331,"B4DNA3;B4DUZ8;Q5T0S3;Q5T0R8","B4DNA3"
"Q5T4S7;X6R960;B3KMT2;A0A0A0MSW0;B4DYV5;B4DPF6;B3KM62;Q96HY5;X6RE05;Q5TBN9",-0.202648647421082,25.2325760944547,-0.332633095291843,0.74164066565729,0.861127307546556,-6.50448621793594,"Q5T4S7;X6R960;B3KMT2;A0A0A0MSW0;B4DYV5;B4DPF6;B3KM62;Q96HY5;X6RE05;Q5TBN9","Q5T4S7"
"Q86Y82;Q6LEU0;B1AJQ6;B4DSZ1;B0AZT9",-0.178801936161225,26.727963266905,-0.332536368126009,0.741712985097694,0.861127307546556,-6.50451865177148,"Q86Y82;Q6LEU0;B1AJQ6;B4DSZ1;B0AZT9","Q86Y82"
"Q92982",0.173681349170106,22.9128411127432,0.332330629311465,0.741866816602169,0.861127307546556,-6.5045876074408,"Q92982","Q92982"
"P55899;A0A1W6R2Z1;A0A1W6R2Y2;A0A024QZI2;M0R0H0;M0R0A9;M0R0K7;M0QYM4;M0R220;M0QYN1;M0QYN9;M0R2T3;M0R266",0.183930164403794,23.7924940108286,0.331520112059414,0.742472947885739,0.861127307546556,-6.50485884914215,"P55899;A0A1W6R2Z1;A0A1W6R2Y2;A0A024QZI2;M0R0H0;M0R0A9;M0R0K7;M0QYM4;M0R220;M0QYN1;M0QYN9;M0R2T3;M0R266","P55899"
"Q13433;B4DWH6;K7EQ91",-0.237946324355995,26.2309308137131,-0.331498918155765,0.74248879962858,0.861127307546556,-6.50486593291479,"Q13433;B4DWH6;K7EQ91","Q13433"
"Q8IZ83;B4DVV1;F5H4B6;B4DQ15;M0QY06",0.192379509509824,26.6531145605215,0.3313891159682,0.742570926778687,0.861127307546556,-6.50490262559639,"Q8IZ83;B4DVV1;F5H4B6;B4DQ15;M0QY06","Q8IZ83"
"O00308;B4DHF6;B4DIN7",-0.201597000604664,23.0656802405044,-0.33123749138851,0.742684340269392,0.861127307546556,-6.50495327425975,"O00308;B4DHF6;B4DIN7","O00308"
"Q96K21;Q59G85;H3BRM1;H3BRF9;H3BN64;H3BUW6",-0.19204810146735,23.0396061786213,-0.329946573051373,0.743650169787209,0.861634355023086,-6.50538356045883,"Q96K21;Q59G85;H3BRM1;H3BRF9;H3BN64;H3BUW6","Q96K21"
"Q658P3;B8ZZX6",-0.172931037284918,26.9407811279648,-0.32989174347842,0.743691201141922,0.861634355023086,-6.50540179920458,"Q658P3;B8ZZX6","Q658P3"
"Q9BY32;A0A0S2Z3W7;A0A0S2Z423;Q5NT82",0.226747946783867,25.8448860905981,0.329545394794645,0.7439504065653,0.861634355023086,-6.5055169405748,"Q9BY32;A0A0S2Z3W7;A0A0S2Z423;Q5NT82","Q9BY32"
"Q92945;A0A384P5V3;M0R0C6;M0QYH3;M0R0I5;B4DV73;M0QYG1;M0QXW7;M0R3J3;M0R251;M0R263",-0.235325847584523,25.0240561941107,-0.329070335715774,0.744305987620334,0.861726197248635,-6.50567467555206,"Q92945;A0A384P5V3;M0R0C6;M0QYH3;M0R0I5;B4DV73;M0QYG1;M0QXW7;M0R3J3;M0R251;M0R263","Q92945"
"P55884;B4DV79;A4D210;B4DXN6;Q96G38;Q86UM1;C9JZG1;Q59FS8;C9JQN7",0.174301414949156,26.7146560955399,0.328578131316462,0.744674462233825,0.861832893397885,-6.50583786501035,"P55884;B4DV79;A4D210;B4DXN6;Q96G38;Q86UM1;C9JZG1;Q59FS8;C9JQN7","P55884"
"Q9BVC6;B2R9T9;B4E1S3",-0.181531822691063,23.3833541036294,-0.328001196449038,0.745106445896052,0.862012983957635,-6.50602883792134,"Q9BVC6;B2R9T9;B4E1S3","Q9BVC6"
"P68133;P68032;A8K3K1;A6NL76;B7Z6P1;P62736;P63267;D2JYH4;B3KUD3;Q7Z7J6;B3KW67;A0A804HKV3;Q13707;B4DUI8;B7Z6I1;B8ZZJ2;F6QUT6;F6UVQ4;C9JFL5;F8WB63;B3KPP5",-0.1720212601358,33.290743656353,-0.327323774285998,0.745613777386993,0.862280078483512,-6.50625264804422,"P68133;P68032;A8K3K1;A6NL76;B7Z6P1;P62736;P63267;D2JYH4;B3KUD3;Q7Z7J6;B3KW67;A0A804HKV3;Q13707;B4DUI8;B7Z6I1;B8ZZJ2;F6QUT6;F6UVQ4;C9JFL5;F8WB63;B3KPP5","P68133"
"O00186",-0.171287239176646,27.9902511444857,-0.325938687024019,0.746651449719505,0.862984865244839,-6.50670882989759,"O00186","O00186"
"P42766;F2Z388;A4D2M5",-0.285009047203598,26.9534379087644,-0.325771707096345,0.746776579447201,0.862984865244839,-6.5067636953883,"P42766;F2Z388;A4D2M5","P42766"
"P46779;H0YMF4;H0YKD8;H0YLP6;Q59F34",-0.169863137849493,27.6115544900386,-0.324483279733599,0.747742323305655,0.863687030180241,-6.50718610198532,"P46779;H0YMF4;H0YKD8;H0YLP6;Q59F34","P46779"
"Q9NY35;D6RHU6;D6RCR8;D6RDI6;D6RFX6;D6RCE6;D6R9S8;D6RC11;D6RA76;D6RDY1;D6RDP6;D6RIU2;A0A0R4J2F2;H0Y8T9;D6RAZ7;D6RD48;D6RCP3;D6RB31;D6R9K1",-0.173129200566162,27.399929932675,-0.323896145085773,0.748182549375887,0.863687030180241,-6.50737804072215,"Q9NY35;D6RHU6;D6RCR8;D6RDI6;D6RFX6;D6RCE6;D6R9S8;D6RC11;D6RA76;D6RDY1;D6RDP6;D6RIU2;A0A0R4J2F2;H0Y8T9;D6RAZ7;D6RD48;D6RCP3;D6RB31;D6R9K1","Q9NY35"
"Q12974;E9PMY3;E9PML8;E9PJC0;E9PRR9;E9PL34",-0.171343868812297,27.2278941961129,-0.323677891976979,0.748346214738388,0.863687030180241,-6.50744930128774,"Q12974;E9PMY3;E9PML8;E9PJC0;E9PRR9;E9PL34","Q12974"
"P40429;Q5QTS3;Q53H34;A0A384ME37;A0A7I2V2L9;Q9BSQ6;M0QYS1;Q8J015;A0A7I2V5L3;Q0VGL3;B4DNC8;M0QZU1;A0A096LPE0;Q6NVV1",-0.18679592361396,27.2390064073704,-0.323483711994463,0.748491837953572,0.863687030180241,-6.50751266177245,"P40429;Q5QTS3;Q53H34;A0A384ME37;A0A7I2V2L9;Q9BSQ6;M0QYS1;Q8J015;A0A7I2V5L3;Q0VGL3;B4DNC8;M0QZU1;A0A096LPE0;Q6NVV1","P40429"
"P54578;B2RD79;A6NJA2;B3KTG4;J3QQT6;J3KS55",0.172806545741931,26.8873816134065,0.32309729033657,0.748781658760824,0.863701920737799,-6.50763863792835,"P54578;B2RD79;A6NJA2;B3KTG4;J3QQT6;J3KS55","P54578"
"P41091;Q2VIR3;H7BZU1",-0.17563903921701,27.5304932673275,-0.321646184595006,0.749870337241375,0.864592212780307,-6.50811037322335,"P41091;Q2VIR3;H7BZU1","P41091"
"Q13404;I3L0A0;G3V2F7;E5RIF1;D6RG00",-0.169836048715805,28.180224132656,-0.321329633796307,0.750107896051142,0.864592212780307,-6.50821299947884,"Q13404;I3L0A0;G3V2F7;E5RIF1;D6RG00","Q13404"
"A0A088AWN3;A0A804HIE8;X6RGR3;B9EG73;A0A8V8TR95;A0A8V8TRI9;A0A8V8TQS9;A0A2X0SYY4;Q9BZ29;B7ZVX0;Q6ZSL5;A0A0A0MT38;A6H8Z6;B7Z6H5;B7Z2G6;Q68CY0;H0Y3S1;B3KXE2;Q7Z6H4;B7Z2J2;B7Z6G9;B7Z2D0;A0A0D9SFH5;Q5JUD8;H7BZ79;A0A0J9YW64;A6NIW2;Q5JSL3;B4DEY4;Q4W4X9;Q4ZG60;B4DF07",0.17611164436471,26.4664469110625,0.320037411424543,0.751077915284826,0.865343194760088,-6.50863089877919,"A0A088AWN3;A0A804HIE8;X6RGR3;B9EG73;A0A8V8TR95;A0A8V8TRI9;A0A8V8TQS9;A0A2X0SYY4;Q9BZ29;B7ZVX0;Q6ZSL5;A0A0A0MT38;A6H8Z6;B7Z6H5;B7Z2G6;Q68CY0;H0Y3S1;B3KXE2;Q7Z6H4;B7Z2J2;B7Z6G9;B7Z2D0;A0A0D9SFH5;Q5JUD8;H7BZ79;A0A0J9YW64;A6NIW2;Q5JSL3;B4DEY4;Q4W4X9;Q4ZG60;B4DF07","A0A088AWN3"
"Q15369;E5RHG8;R4GMY8;A0A8I5KYG1;A0A8J9AD82",-0.168625411815494,27.1074240024055,-0.319722562397355,0.751314322350214,0.865343194760088,-6.50873246621098,"Q15369;E5RHG8;R4GMY8;A0A8I5KYG1;A0A8J9AD82","Q15369"
"P10155;B3KN94;G5E9R9;H0Y9N5;D6RDN1;D6RE09",-0.173109281980338,26.0040082980142,-0.318668076150898,0.752106270491754,0.865935569458759,-6.50907191063531,"P10155;B3KN94;G5E9R9;H0Y9N5;D6RDN1;D6RE09","P10155"
"Q92974;A0A8Q3SIN5;V9GYM8;A0A5F9ZI21;B4DJ49;B7Z977;V9GYF5;V9GYG5;V9GZ14;V9GYF0;V9GZ58",-0.166873239278981,25.1881047973307,-0.317367169691823,0.753083664177083,0.866740940431115,-6.50948914410568,"Q92974;A0A8Q3SIN5;V9GYM8;A0A5F9ZI21;B4DJ49;B7Z977;V9GYF5;V9GYG5;V9GZ14;V9GYF0;V9GZ58","Q92974"
"O43765;A0A7I2V697;A0A7I2V5Z3;A0A7I2V4T9;A0A7I2V2U2;A0A7I2V588;B4DEA6;K7EMD6",-0.168265451362775,25.7407332491495,-0.316826835874148,0.753489748526744,0.866888427021362,-6.50966194439466,"O43765;A0A7I2V697;A0A7I2V5Z3;A0A7I2V4T9;A0A7I2V2U2;A0A7I2V588;B4DEA6;K7EMD6","O43765"
"O60547;B2R9X3",-0.166649436329905,25.4361480644738,-0.315468105917446,0.754511208978284,0.867743532744567,-6.51009517742474,"O60547;B2R9X3","O60547"
"Q6FHU0;P28062;X5D2R7;X5CMJ9;Q5JNW7;A0A140T998;B7Z6U7",-0.171600039482072,27.3518121666108,-0.314601485633168,0.755162948673222,0.867979656412786,-6.51037053436912,"Q6FHU0;P28062;X5D2R7;X5CMJ9;Q5JNW7;A0A140T998;B7Z6U7","Q6FHU0"
"Q9BVK6;B2R8A2;B4DPP4;F8W7F7",0.172129265784076,26.3477665234129,0.314455045960989,0.755273096346361,0.867979656412786,-6.5104169892779,"Q9BVK6;B2R8A2;B4DPP4;F8W7F7","Q9BVK6"
"Q15029;Q8IXJ3;B3KX19;Q6IBM8;A8KAP3;B3KWY2;B4DZB1;K7EJ74;K7EP67",0.179075920424637,23.2311942489825,0.312829236645776,0.756496333049696,0.869065216494292,-6.51093129941492,"Q15029;Q8IXJ3;B3KX19;Q6IBM8;A8KAP3;B3KWY2;B4DZB1;K7EJ74;K7EP67","Q15029"
"P62829;Q9BTQ7;C9JD32;B9ZVP7;J3KT29;J3KTJ3",-0.181803150145139,28.5107504151227,-0.312070501300405,0.757067414458456,0.869401055116319,-6.51117041193748,"P62829;Q9BTQ7;C9JD32;B9ZVP7;J3KT29;J3KTJ3","P62829"
"P05387;H0YDD8",-0.169225320150822,29.3637578783308,-0.31102423375024,0.757855142446421,0.869753236879263,-6.51149919276463,"P05387;H0YDD8","P05387"
"P46926;D6RAY7;D6R9P4;A8K3S1;D6RFF8;D6R917;D6RB13;B3KMV2;D6RFK5;V9GYW0;V9GYK3",-0.170142186447734,26.9435881535184,-0.31081736386373,0.758010924690137,0.869753236879263,-6.51156406998387,"P46926;D6RAY7;D6R9P4;A8K3S1;D6RFF8;D6R917;D6RB13;B3KMV2;D6RFK5;V9GYW0;V9GYK3","P46926"
"B7Z481",-0.172876306336736,23.1090820910323,-0.310552145767173,0.758210660812669,0.869753236879263,-6.51164718325078,"B7Z481","B7Z481"
"Q9Y6G9;B3KM42;E9PHI6;Q6MZE7;B4DDM4;C9JGM7;C9JLW1",0.163683311074287,25.674864034978,0.307469615451728,0.760533357096992,0.872096889994676,-6.51260800551978,"Q9Y6G9;B3KM42;E9PHI6;Q6MZE7;B4DDM4;C9JGM7;C9JLW1","Q9Y6G9"
"Q9H9B4;S4R2X2;D6RFI0",-0.162841534650063,23.4182873700188,-0.305156986147219,0.762277419626221,0.873736817513048,-6.5133225962283,"Q9H9B4;S4R2X2;D6RFI0","Q9H9B4"
"Q06124;A0A8I5KW48;A0A3G1LBG2;A0A1W2PPU4;A0A8I5QJ58;A0A8I5KRZ3;A0A8I5KVS6;A0A8I5QL30;A0A0U1RRI0;B3GUD5;H0YF12;B3GUD4;B3GUD3;Q16344;A0A6C0W5X7;A0A6C0W4Z4;A0A6C0W4Z3;A0A6C0W501;A0A6C0W5J5;A0A6C0W5U7;A0A6C0W763",-0.169025441629842,26.0955432775947,-0.304418351533547,0.762834726102985,0.873736817513048,-6.51354970074493,"Q06124;A0A8I5KW48;A0A3G1LBG2;A0A1W2PPU4;A0A8I5QJ58;A0A8I5KRZ3;A0A8I5KVS6;A0A8I5QL30;A0A0U1RRI0;B3GUD5;H0YF12;B3GUD4;B3GUD3;Q16344;A0A6C0W5X7;A0A6C0W4Z4;A0A6C0W4Z3;A0A6C0W501;A0A6C0W5J5;A0A6C0W5U7;A0A6C0W763","Q06124"
"P04843;Q96HX3;Q6IBR0;Q53EP4;B7Z4L4;B4DL99;B4DNJ5;F8WF32",0.160691378055741,25.3231430210907,0.303838060512188,0.763272651386429,0.873736817513048,-6.5137277363932,"P04843;Q96HX3;Q6IBR0;Q53EP4;B7Z4L4;B4DL99;B4DNJ5;F8WF32","P04843"
"P11940;H0YAR2;A0A7I2YQ88;A0A7I2V649;B3KT93;A0A7I2V4N4;E7EQV3;B4DZW4;A0A7I2YQE4;A0A7I2YQ90;E7ERJ7;A0A087WTT1;B4DQX0;H0YBN4;H0YB86;H0YAP2;E5RJB9;E5RGH3;E5RH24;A0A6Q8JFT6;Q4VXU2;A0A6Q8JFV4;B4DM75;Q96DU9;A0A6I8PS38;A0A6I8PLA1;A0A7I2V3J9;E5RHG7;E5RFD8;E5RGC4;A8K8J2;H0YB75;H0YC10;H0YAS6;H0YAS7;E5RJM8",0.164950996401281,27.5942147566395,0.30352042605505,0.763512392633271,0.873736817513048,-6.51382504494458,"P11940;H0YAR2;A0A7I2YQ88;A0A7I2V649;B3KT93;A0A7I2V4N4;E7EQV3;B4DZW4;A0A7I2YQE4;A0A7I2YQ90;E7ERJ7;A0A087WTT1;B4DQX0;H0YBN4;H0YB86;H0YAP2;E5RJB9;E5RGH3;E5RH24;A0A6Q8JFT6;Q4VXU2;A0A6Q8JFV4;B4DM75;Q96DU9;A0A6I8PS38;A0A6I8PLA1;A0A7I2V3J9;E5RHG7;E5RFD8;E5RGC4;A8K8J2;H0YB75;H0YC10;H0YAS6;H0YAS7;E5RJM8","P11940"
"Q9Y639;Q9UFM8;Q9Y499;H3BU51;B7Z960;H3BQ94",0.160397920029972,28.8394841808817,0.303358770861668,0.763634414404698,0.873736817513048,-6.51387452979593,"Q9Y639;Q9UFM8;Q9Y499;H3BU51;B7Z960;H3BQ94","Q9Y639"
"P62826;B5MDF5;J3KQE5;H0YFC6;B4DV51;Q96QB7;Q0EFC9;A0A087X0W0",-0.163451497615689,29.0958349004358,-0.30334567776239,0.763644297704575,0.873736817513048,-6.5138785366244,"P62826;B5MDF5;J3KQE5;H0YFC6;B4DV51;Q96QB7;Q0EFC9;A0A087X0W0","P62826"
"P17174;A0A140VK69;Q2TU84;B7Z1I2",-0.159966328672564,27.5395682254838,-0.302506325969622,0.764277964962315,0.874141170780147,-6.51413504133382,"P17174;A0A140VK69;Q2TU84;B7Z1I2","P17174"
"O75534;A0A8I5KW72;Q9GZV0;A0A8I5KV85;A0A8I5QKX0;A0A8I5KPJ6;A0A8I5KXH5;A0A8I5KXL1;Q96L66;E9PLT0;A0A8I5KTQ3;A0A8I5KYL8;A0A8I5KWW0;E9PNG3;A0A8I5QJA6;A0A8I5KPC0;A0A8I5KPQ8;A0A8I5KS07;A0A8I5KW29;Q9UG93;A0A8I5KYL4;A0A8I5KNL1;A0A8I5KYY8;Q8WU01;E9PLD4;Q9UG12;E9PKN4",-0.16048570025966,24.9760735561533,-0.302094089692145,0.764589242726295,0.874176630521742,-6.51426076145609,"O75534;A0A8I5KW72;Q9GZV0;A0A8I5KV85;A0A8I5QKX0;A0A8I5KPJ6;A0A8I5KXH5;A0A8I5KXL1;Q96L66;E9PLT0;A0A8I5KTQ3;A0A8I5KYL8;A0A8I5KWW0;E9PNG3;A0A8I5QJA6;A0A8I5KPC0;A0A8I5KPQ8;A0A8I5KS07;A0A8I5KW29;Q9UG93;A0A8I5KYL4;A0A8I5KNL1;A0A8I5KYY8;Q8WU01;E9PLD4;Q9UG12;E9PKN4","O75534"
"Q9Y5X2;B2RDT8",-0.168138506823379,22.8945113169573,-0.300965151580181,0.765441902916615,0.874350934052703,-6.51460418245917,"Q9Y5X2;B2RDT8","Q9Y5X2"
"Q969H4;Q53GM7;E9PS82;B4DXN4;A8K9D1;Q53GW4;B4DL25;G3V160;Q59FX4",-0.168768708181414,23.3363663725478,-0.30018189507491,0.766033653260893,0.874350934052703,-6.51484169669008,"Q969H4;Q53GM7;E9PS82;B4DXN4;A8K9D1;Q53GW4;B4DL25;G3V160;Q59FX4","Q969H4"
"Q9Y371;A0A140VJU5;A0A994J549;A0A087WW40",-0.164859197619222,25.6220970482667,-0.300108192787818,0.766089342720681,0.874350934052703,-6.51486401445493,"Q9Y371;A0A140VJU5;A0A994J549;A0A087WW40","Q9Y371"
"Q13043;A0A087WVN8;Q59FZ4;A0A8V8TLK1;A0PJ51;Q15452;Q5H9T5;F5H5B4;Q86YK3",-0.174527428256145,23.6196107350948,-0.299768412119857,0.766346097436467,0.874350934052703,-6.5149668328712,"Q13043;A0A087WVN8;Q59FZ4;A0A8V8TLK1;A0PJ51;Q15452;Q5H9T5;F5H5B4;Q86YK3","Q13043"
"Q06830;A0A384NPQ2;A0A0A0MSI0;B2R4P2;A0A0A0MRQ5",-0.159850105621917,31.8324471676747,-0.299663465659094,0.766425405502686,0.874350934052703,-6.51499856650771,"Q06830;A0A384NPQ2;A0A0A0MSI0;B2R4P2;A0A0A0MRQ5","Q06830"
"O43583;F8VVL1",0.166713215482261,27.4338943796639,0.299261613934867,0.766729108674811,0.874350934052703,-6.51511997601572,"O43583;F8VVL1","O43583"
"U3KPS2;D6CHE9;P24158",0.177929730155213,22.9037068853507,0.298922282364325,0.766985590934834,0.874350934052703,-6.51522237048386,"U3KPS2;D6CHE9;P24158","U3KPS2"
"Q99755;A6PW57;B4DY52;P78517;A6PW58;A2A5X0;B2R729;A0A0A0MT25;A0A0A0MSP5",0.160107361371942,26.410719197347,0.29767245408232,0.767930498811086,0.874350934052703,-6.51559851436617,"Q99755;A6PW57;B4DY52;P78517;A6PW58;A2A5X0;B2R729;A0A0A0MT25;A0A0A0MSP5","Q99755"
"Q9UDY2;A0A3B3ITE1;A0A1B0GTW1;A0A2R8YDH4;A0A3B3ISZ5;A0A3B3IU51;A0A3B3ISF1;A0A3B3IT83;A0A3B3IS03",-0.157495234706605,22.962752914381,-0.29765041690611,0.767947162831539,0.874350934052703,-6.51560513253939,"Q9UDY2;A0A3B3ITE1;A0A1B0GTW1;A0A2R8YDH4;A0A3B3ISZ5;A0A3B3IU51;A0A3B3ISF1;A0A3B3IT83;A0A3B3IS03","Q9UDY2"
"O43242;Q6IBN0;B3KNN7;Q96N86;Q8N9M2;B4DEB0;B4DV84;B4DPM7;O95325;H0YGV8",-0.161153246643725,26.9835331953361,-0.297481345563765,0.768075014546254,0.874350934052703,-6.51565589159754,"O43242;Q6IBN0;B3KNN7;Q96N86;Q8N9M2;B4DEB0;B4DV84;B4DPM7;O95325;H0YGV8","O43242"
"Q00765;B7Z6B3;B2R6C4;B7Z332;B7Z510;H0Y8J8;B7Z2A3;E2QRG8",0.225547609395228,24.1431680148041,0.297480765905358,0.768075452895209,0.874350934052703,-6.51565606557484,"Q00765;B7Z6B3;B2R6C4;B7Z332;B7Z510;H0Y8J8;B7Z2A3;E2QRG8","Q00765"
"Q8N8N7;G3V3Y1;V9HW32",-0.170446645545219,23.5382302892549,-0.297245542234911,0.768253340026967,0.874350934052703,-6.51572663723078,"Q8N8N7;G3V3Y1;V9HW32","Q8N8N7"
"P20962;A0A158RFU3;A0AA34QVV1;O15256;A2VCM6;F5GXR3",-0.212761898156462,24.1255250908802,-0.296722030795145,0.768649289777765,0.874350934052703,-6.51588350157739,"P20962;A0A158RFU3;A0AA34QVV1;O15256;A2VCM6;F5GXR3","P20962"
"P60763;J3KSC4;J3QLK0",-0.174063740055804,23.2268404780467,-0.296699512032489,0.768666322915201,0.874350934052703,-6.51589024290549,"P60763;J3KSC4;J3QLK0","P60763"
"O95747;C9JIG9;F8WBK9",-0.162053148553831,26.7873546898676,-0.293362053848345,0.771192058898234,0.876527440976602,-6.51688373600352,"O95747;C9JIG9;F8WBK9","O95747"
"Q9Y262;B0QY89;B3KPB9;B4DQF6;C9JHP4;C9K0Q7;B4DEH4;B0QY90;H7C3A0;Q8N7H0;B3KNG0;Q7Z5X3",-0.158139463524872,27.1647921581419,-0.293271027846527,0.77126098174219,0.876527440976602,-6.51691067603239,"Q9Y262;B0QY89;B3KPB9;B4DQF6;C9JHP4;C9K0Q7;B4DEH4;B0QY90;H7C3A0;Q8N7H0;B3KNG0;Q7Z5X3","Q9Y262"
"O15371;B4E1K8;B0QYA5;B0QYA4;B0QYA8;B0QYA6",-0.157170661321192,26.2766541137725,-0.292898999884145,0.771542692640242,0.876527440976602,-6.51702069489636,"O15371;B4E1K8;B0QYA5;B0QYA4;B0QYA8;B0QYA6","O15371"
"Q15286;F5H157;B4DTA6;F5H7F8",0.163647953274037,29.1942595009532,0.292686174970049,0.77170386435452,0.876527440976602,-6.51708357061112,"Q15286;F5H157;B4DTA6;F5H7F8","Q15286"
"P49755;A0A024R6I3;Q53GF9;B4DZH3;G3V2K7;B4DL12",-0.17459679438095,24.6679909319429,-0.291755790406644,0.772408563233967,0.876877101461467,-6.51735790422472,"P49755;A0A024R6I3;Q53GF9;B4DZH3;G3V2K7;B4DL12","P49755"
"Q13425;H0YCS0;A0A140TA73;A0A0G2JM75;J3KT21;H7BY41",0.154886747771503,25.1125017823725,0.291537422037837,0.772573990001959,0.876877101461467,-6.51742216656659,"Q13425;H0YCS0;A0A140TA73;A0A0G2JM75;J3KT21;H7BY41","Q13425"
"P50991;A8K3C3;B7Z9L0;B7Z2Z8;B7Z2F4",-0.153534039650658,28.3034038997466,-0.291057582404647,0.772937534565614,0.876970596693397,-6.51756320765618,"P50991;A8K3C3;B7Z9L0;B7Z2Z8;B7Z2F4","P50991"
"Q13596;Q59GU6;Q53GY8;Q53HL9;H0YK42;H0YK43",-0.157505658033312,25.7484549614932,-0.290150577389544,0.773624858401868,0.87737128309414,-6.51782917596672,"Q13596;Q59GU6;Q53GY8;Q53HL9;H0YK42;H0YK43","Q13596"
"P60174;V9HWK1;Q53HE2;B4DUI5;Q2QD09;U3KPZ0;U3KQF3;U3KPS5",-0.155646422581938,31.6170441278325,-0.289849194288767,0.77385328624302,0.87737128309414,-6.51791737020254,"P60174;V9HWK1;Q53HE2;B4DUI5;Q2QD09;U3KPZ0;U3KQF3;U3KPS5","P60174"
"Q6YP21;B4DW13;A0A0A0MRN7",-0.150076130291698,25.5941293759304,-0.289323606210043,0.774251695304842,0.877504010776091,-6.51807095581897,"Q6YP21;B4DW13;A0A0A0MRN7","Q6YP21"
"Q14258;A0A3B3IUA7;I3L2W4",-0.160071651288415,25.9879326465728,-0.286197579958063,0.776622587371216,0.879871358521911,-6.51897870473192,"Q14258;A0A3B3IUA7;I3L2W4","Q14258"
"Q9H8S9",-0.158533412960757,28.7145011116483,-0.284518637398948,0.777896861605684,0.880995029538173,-6.51946219463684,"Q9H8S9","Q9H8S9"
"F5H248;F5H7C6;F5GYF7;F5H4Z0;F5H3M6;G3XAP1;F5GXT7;B3KY75;F5H4U8",0.144875165199874,22.9528733726013,0.282279079470116,0.779597603567816,0.88253599721974,-6.52010272180161,"F5H248;F5H7C6;F5GYF7;F5H4Z0;F5H3M6;G3XAP1;F5GXT7;B3KY75;F5H4U8","F5H248"
"P30040;V9HW71;F8VY02;F8W1G0",-0.15159610742808,26.822693074203,-0.281981847754024,0.779823407610645,0.88253599721974,-6.52018735338798,"P30040;V9HW71;F8VY02;F8W1G0","P30040"
"Q8NFU3",-0.156557432267252,23.0817871507162,-0.281374423120222,0.78028492277087,0.88273800294608,-6.52036003118727,"Q8NFU3","Q8NFU3"
"P35998;C9JX88;A0A140VK70;Q75L23;C9JLS9;B7Z571",-0.154887518455475,26.6484775254829,-0.280423666758826,0.781007460924866,0.883204233773131,-6.52062956712978,"P35998;C9JX88;A0A140VK70;Q75L23;C9JLS9;B7Z571","P35998"
"P53611;Q5T4U8;Q59GT6;Q6IB63",0.180240300208563,23.5816769260873,0.280086977183894,0.781263379602458,0.883204233773131,-6.52072479977542,"P53611;Q5T4U8;Q59GT6;Q6IB63","P53611"
"P49593;Q6IPC0;B5MCT7;B3KX06;Q0VGL7;A8MX49;A0M8Q2;C9J2F3",-0.161056604542701,23.4465876850138,-0.279478670119059,0.781725818467969,0.883406821667245,-6.52089657082702,"P49593;Q6IPC0;B5MCT7;B3KX06;Q0VGL7;A8MX49;A0M8Q2;C9J2F3","P49593"
"P61201;B4DIH5;B2R6N0;Q53HJ0;Q59EL2;H0YM03;H0YKU5;H0YMC2",-0.151345896546498,24.9590949266431,-0.278165163508428,0.782724630365796,0.884215183669293,-6.52126620562325,"P61201;B4DIH5;B2R6N0;Q53HJ0;Q59EL2;H0YM03;H0YKU5;H0YMC2","P61201"
"O00629;A0A7I2YQ95;H7C4F6;A0A7I2V340;A0A7I2V333;A0A7I2V5X0",-0.150733340055144,24.7674655943847,-0.275185697396635,0.784991655563336,0.886303875215148,-6.52209823682581,"O00629;A0A7I2YQ95;H7C4F6;A0A7I2V340;A0A7I2V333;A0A7I2V5X0","O00629"
"Q9C0I1",0.157206732744196,23.3651637117847,0.274988317019032,0.785141906771226,0.886303875215148,-6.52215304143559,"Q9C0I1","Q9C0I1"
"O00299;Q5SRT3;Q53FB0;A0A1U9X8Y4",0.144141658680454,32.2268160778032,0.273325141376885,0.78640829336421,0.88741225289543,-6.5226132845527,"O00299;Q5SRT3;Q53FB0;A0A1U9X8Y4","O00299"
"Q96FZ7;I3L4A1;I3L4G8;I3L3E4",-0.148918410707818,27.6517497980444,-0.271697998362947,0.787647817531984,0.888170633256077,-6.5230608676835,"Q96FZ7;I3L4A1;I3L4G8;I3L3E4","Q96FZ7"
"Q9NUN5;A0A3B3IT31;A0A494C126;A0A3B3IRS7;A0A3B3IU68;A0A3F2YP66;A0A3B3ITP2",0.15363006631479,23.257839133856,0.271695293286267,0.787649878674674,0.888170633256077,-6.5230616095627,"Q9NUN5;A0A3B3IT31;A0A494C126;A0A3B3IRS7;A0A3B3IU68;A0A3F2YP66;A0A3B3ITP2","Q9NUN5"
"Q9Y530;C9J5P1;C9JNE2;C9JA90;H7C5Q1;C9IZY1;C9JXC3",-0.160115550421381,23.3294145906365,-0.268892259351813,0.789786495809383,0.890258070267245,-6.52382640361848,"Q9Y530;C9J5P1;C9JNE2;C9JA90;H7C5Q1;C9IZY1;C9JXC3","Q9Y530"
"A0A2R8YHD2;A0A2R8YEU4;U3KQK2;Q2TAC2;K7ELP0;A0A8Q3SHK3;A0A590UJT6",0.17662037052143,24.0582643784074,0.268347820467492,0.790201688121995,0.890404286579661,-6.52397403560843,"A0A2R8YHD2;A0A2R8YEU4;U3KQK2;Q2TAC2;K7ELP0;A0A8Q3SHK3;A0A590UJT6","A0A2R8YHD2"
"P46783;Q59GE4;Q9NQ39",0.159419092597052,23.7502477492383,0.266991542102875,0.791236265410534,0.890917468152552,-6.52434051383063,"P46783;Q59GE4;Q9NQ39","P46783"
"H0YE97;H0YEY8;B4DLM1;H0YD48;H0YEF7;H0YEH1",-0.156293700387089,23.1839373471643,-0.266626433903692,0.791514838131855,0.890917468152552,-6.52443885349734,"H0YE97;H0YEY8;B4DLM1;H0YD48;H0YEF7;H0YEH1","H0YE97"
"Q5PY49",0.143035408954617,22.9288823485007,0.266452548236131,0.791647520413281,0.890917468152552,-6.52448564145431,"Q5PY49","Q5PY49"
"O60763",-0.148000598178331,25.8546319647237,-0.26592763092068,0.792048093401982,0.890917468152552,-6.52462669829509,"O60763","O60763"
"P62306;A0A0B4J254;F8W0W6",0.164747611087076,25.5715674472121,0.265878841451649,0.792085328370319,0.890917468152552,-6.52463979503652,"P62306;A0A0B4J254;F8W0W6","P62306"
"Q6FGX3;P20340;Q53ET8;A0A024R5J5;B7Z5Z9;F5H3K7;Q53S08;C9JU14;F5GX61;Q9H0N0;Q14964;Q9UL30;Q9UL29;C9J0I2",0.135422411014694,31.3230366754464,0.265012338046572,0.792746706050273,0.890925176163847,-6.52487199533545,"Q6FGX3;P20340;Q53ET8;A0A024R5J5;B7Z5Z9;F5H3K7;Q53S08;C9JU14;F5GX61;Q9H0N0;Q14964;Q9UL30;Q9UL29;C9J0I2","Q6FGX3"
"Q6DN90;B4DGC5;A0A2R8Y695;A0A3B3IU98;A0A0C4DGT3;A0A2R8Y7T6;A0A3B3IRZ4",0.161291345793646,23.4030548341006,0.264775392859833,0.792927586901894,0.890925176163847,-6.52493535909444,"Q6DN90;B4DGC5;A0A2R8Y695;A0A3B3IU98;A0A0C4DGT3;A0A2R8Y7T6;A0A3B3IRZ4","Q6DN90"
"Q6GV32",-0.145341505371327,23.4340008613544,-0.264747193384584,0.792949114790266,0.890925176163847,-6.52494289642667,"Q6GV32","Q6GV32"
"A0A858B940;A0A0S4XQY4;D9UB09;A0A0S4XRX2;Q6F3I9;A0A6B9HSK5;A0A0S4XRI0;A0A0S4XQW8;Q27I52;D2DKW0;B5LZ23;Q9TPX5;A7L3S8;A5YVG5;Q2I0Z3;Q5G0H0;A0A0G2R0Q5;A0A0A7C7K0;A0A0A7C5N4;A0A0A7C4G4;D3U765;I6NWM8;G9I2I7;A0A1L2BM11;Q9TPT7;G9HW17;J9PVP3;K7P5P3;K9L8D8;A0A141AZ40;T1WEQ3;U5ISW7;Q5K145;A0A142JYQ0;Q5K146;G9HW20;F6KRJ2;D3U698;D6C6A6;D3U421;G0ZDR8;A0A0K0KR78;E9LXZ9;E3SWH0;E2GJR9;E0YTG9;D9IFP6;D7RJ43;D7NP95;D7NNQ0;D6MLH4;D6MLH0;D6MJB2;D6MJA9;D6MJ99;G0ZMG5;A7L3T2;D3U420;A0A0X7YN44;D3U418;D6MJ88;C7FDP0;C5IZK6;B6VAW8;A0A1X9I468;A0A2H4FZA8;A0A583ZB01;B5AFW9;B1PQ32;A9YQA3;A0A2L0RIM5;E7BY86;A0A0A7C417;A0A0A7C714;A0A0A7C6V2;A0A0E3DC42;A0A0A7C7Q3;C6K4I2;A0A0K0KRA3;E2GJG2;E0YUF2;U3RD13;A0A0A7C3P5",-0.142870171645281,22.9041844500135,-0.262977785326395,0.794300236901512,0.892121872126689,-6.52541423667512,"A0A858B940;A0A0S4XQY4;D9UB09;A0A0S4XRX2;Q6F3I9;A0A6B9HSK5;A0A0S4XRI0;A0A0S4XQW8;Q27I52;D2DKW0;B5LZ23;Q9TPX5;A7L3S8;A5YVG5;Q2I0Z3;Q5G0H0;A0A0G2R0Q5;A0A0A7C7K0;A0A0A7C5N4;A0A0A7C4G4;D3U765;I6NWM8;G9I2I7;A0A1L2BM11;Q9TPT7;G9HW17;J9PVP3;K7P5P3;K9L8D8;A0A141AZ40;T1WEQ3;U5ISW7;Q5K145;A0A142JYQ0;Q5K146;G9HW20;F6KRJ2;D3U698;D6C6A6;D3U421;G0ZDR8;A0A0K0KR78;E9LXZ9;E3SWH0;E2GJR9;E0YTG9;D9IFP6;D7RJ43;D7NP95;D7NNQ0;D6MLH4;D6MLH0;D6MJB2;D6MJA9;D6MJ99;G0ZMG5;A7L3T2;D3U420;A0A0X7YN44;D3U418;D6MJ88;C7FDP0;C5IZK6;B6VAW8;A0A1X9I468;A0A2H4FZA8;A0A583ZB01;B5AFW9;B1PQ32;A9YQA3;A0A2L0RIM5;E7BY86;A0A0A7C417;A0A0A7C714;A0A0A7C6V2;A0A0E3DC42;A0A0A7C7Q3;C6K4I2;A0A0K0KRA3;E2GJG2;E0YUF2;U3RD13;A0A0A7C3P5","A0A858B940"
"Q6PJF5;Q6ZWP8;B7Z8H4;K7EKI1;K7EPV3;K7EKA3;K7EIY3;K7EQ53;K7ELA9;K7EJ10;K7EQT5",0.140720442831672,26.5899876388351,0.262568209257861,0.794613082127502,0.892151980977567,-6.52552289232942,"Q6PJF5;Q6ZWP8;B7Z8H4;K7EKI1;K7EPV3;K7EKA3;K7EIY3;K7EQ53;K7ELA9;K7EJ10;K7EQT5","Q6PJF5"
"Q4G0X4;E9PM10;E9PK99;E9PMS5;E9PRT1;E9PJJ5",-0.15672312725744,23.1115642313283,-0.260571942294949,0.796138379649781,0.892938045057341,-6.52605006469878,"Q4G0X4;E9PM10;E9PK99;E9PMS5;E9PRT1;E9PJJ5","Q4G0X4"
"Q15404;Q32Q10;B0YJ73",0.147797923744758,25.9388824590165,0.260561140330609,0.796146635388362,0.892938045057341,-6.52605290637636,"Q15404;Q32Q10;B0YJ73","Q15404"
"O94923;B3KML4;H0YNP1",0.153424587054026,23.1289246214103,0.26017157136061,0.79644439162662,0.892938045057341,-6.52615531207242,"O94923;B3KML4;H0YNP1","O94923"
"O14744;B2RDD7;B4DV00;G3V580;H0YJX6;G3V2L6;G3V5L5;G3V2X6;C9JSX3;H0YJ77;G3V507;G3V2F5;G3V5T6;H0YJD3",-0.141290617242912,25.6704344150527,-0.260153289932307,0.79645836529321,0.892938045057341,-6.52616011395022,"O14744;B2RDD7;B4DV00;G3V580;H0YJX6;G3V2L6;G3V5L5;G3V2X6;C9JSX3;H0YJ77;G3V507;G3V2F5;G3V5T6;H0YJD3","O14744"
"P52815;B4DLN1;Q96Q74;Q15693",0.144014045525932,23.2570073787929,0.259270928012699,0.797132892315065,0.893373155275131,-6.52639147949027,"P52815;B4DLN1;Q96Q74;Q15693","P52815"
"P49840;Q68D16;A8MT37;A0A7I2V3W5;A0A7I2V2J2;A0A7I2V2P0;A0A7I2YQM8;A0A7I2V485;A0A7I2YQV9;A0A7I2V4Q6;M0QYV0",0.159257517504734,23.3568502493702,0.256794400265793,0.799026936742934,0.895174215409918,-6.527036672905,"P49840;Q68D16;A8MT37;A0A7I2V3W5;A0A7I2V2J2;A0A7I2V2P0;A0A7I2YQM8;A0A7I2V485;A0A7I2YQV9;A0A7I2V4Q6;M0QYV0","P49840"
"Q8IVF7;F8W1F5;Q9NSL0;Q8N4Y7",-0.157130922282946,22.979700670355,-0.256270342848873,0.799427894473649,0.895301832266898,-6.52717241172438,"Q8IVF7;F8W1F5;Q9NSL0;Q8N4Y7","Q8IVF7"
"Q3SXY8;A0A7P0T892;A0A7P0Z473;A0A7P0T9C1;B4DLH1;A0A7P0T969;A0A7P0TAS1",-0.132707179071119,23.2832167678026,-0.255429996080503,0.800070961768746,0.895700405512103,-6.52738949792742,"Q3SXY8;A0A7P0T892;A0A7P0Z473;A0A7P0T9C1;B4DLH1;A0A7P0T969;A0A7P0TAS1","Q3SXY8"
"Q9UKC9;B3KM70;F8WE99;B4E1B8;B4DFQ9",-0.137938278626454,23.1503292295768,-0.255044736152327,0.800365825790549,0.895709009917733,-6.52748878450037,"Q9UKC9;B3KM70;F8WE99;B4E1B8;B4DFQ9","Q9UKC9"
"Q9H9S4;Q5TAW7;B7ZBJ4;B7ZBJ6;B7ZBJ5",-0.131697880307343,23.1940916632813,-0.254315709893372,0.800923877766316,0.895873945321057,-6.52767625582629,"Q9H9S4;Q5TAW7;B7ZBJ4;B7ZBJ6;B7ZBJ5","Q9H9S4"
"Q9BQA1;A0A024R0H7;B4DJP0;H0Y711",0.154041504920482,25.0951612152995,0.253780421157593,0.801333696224023,0.895873945321057,-6.52781356672839,"Q9BQA1;A0A024R0H7;B4DJP0;H0Y711","Q9BQA1"
"Q13045;B4DIX0;Q59H95;J3KS54;B4DNA8;A0A1W2PNT9;J3QQQ2;J3QQU5;A0A1W2PP30;K7EQZ7;A0A1W2PR04;A0A1W2PS03;J3QLR6;A0A1W2PSB1;A0A1W2PPD5;K7EP27;K7EP37;J3KS39",-0.142857214120312,25.4695144807544,-0.253726608921259,0.801374898187159,0.895873945321057,-6.52782735456904,"Q13045;B4DIX0;Q59H95;J3KS54;B4DNA8;A0A1W2PNT9;J3QQQ2;J3QQU5;A0A1W2PP30;K7EQZ7;A0A1W2PR04;A0A1W2PS03;J3QLR6;A0A1W2PSB1;A0A1W2PPD5;K7EP27;K7EP37;J3KS39","Q13045"
"O94808;B3KMR8;B2RB90;A0A0S2Z4X9;A0A0S2Z4W6;B4DN38;B3KM63;E5RJP4",-0.136380132249979,23.3612010276759,-0.251970411432669,0.802719868536427,0.897055990671843,-6.52827573163978,"O94808;B3KMR8;B2RB90;A0A0S2Z4X9;A0A0S2Z4W6;B4DN38;B3KM63;E5RJP4","O94808"
"Q53H82;A0A024R811",0.143768966184201,23.1138535481044,0.251140023034956,0.803356028858669,0.897445363184164,-6.5284866592899,"Q53H82;A0A024R811","Q53H82"
"Q9UBI6;Q53GD1",-0.135262105507991,31.2084085809752,-0.249665015611272,0.804486368353651,0.898386316826007,-6.52885961737035,"Q9UBI6;Q53GD1","Q9UBI6"
"A0A140TA49;A0A140TA44;A0A0G2JPR0;P0C0L4;A0A8V8TLP6",0.15715360444549,25.9287974623498,0.248693353213145,0.805231214908953,0.898660069186259,-6.52910410841554,"A0A140TA49;A0A140TA44;A0A0G2JPR0;P0C0L4;A0A8V8TLP6","A0A140TA49"
"Q8NBJ7;B4DQ27;J3KQJ1;A0A384ME15;E9PBT8;A0A0S2Z5Q3;A0A0S2Z5C4;B4DN71;E9PG02;J3QT17;A0A0S2Z548;C9JL30;A8MXB9;F8WEX5;A0A494C1B1;Q75LP3;F8WA42;C9J660;F8WES7;B4DLK7;H7C3B2;F8WEV7",0.145623885039345,23.1521668014153,0.248593517035329,0.805307756773194,0.898660069186259,-6.5291291755409,"Q8NBJ7;B4DQ27;J3KQJ1;A0A384ME15;E9PBT8;A0A0S2Z5Q3;A0A0S2Z5C4;B4DN71;E9PG02;J3QT17;A0A0S2Z548;C9JL30;A8MXB9;F8WEX5;A0A494C1B1;Q75LP3;F8WA42;C9J660;F8WES7;B4DLK7;H7C3B2;F8WEV7","Q8NBJ7"
"A0A384P5S9;Q13813;A0A0D9SF54;A0A994J6W3;A0A0D9SFF6;A0A0D9SGF6;A0A994J4G5;A0A994J498;Q9UG16;B4DGT1;B4DTV8;A0A994J7B0;A0A994J6W6;Q14917;A0A5F9ZHC3;A0A1B0GV13;A0A0D9SFH4;A0A1B0GUH3;A0A1B0GTB7",-0.131591350292339,27.7872431422922,-0.247044423108056,0.806495658066189,0.899663790239071,-6.52951684152121,"A0A384P5S9;Q13813;A0A0D9SF54;A0A994J6W3;A0A0D9SFF6;A0A0D9SGF6;A0A994J4G5;A0A994J498;Q9UG16;B4DGT1;B4DTV8;A0A994J7B0;A0A994J6W6;Q14917;A0A5F9ZHC3;A0A1B0GV13;A0A0D9SFH4;A0A1B0GUH3;A0A1B0GTB7","A0A384P5S9"
"P48059;A0A8Q3WLN4;A0A8Q3WKJ2;A0A8Q3WKI3;A0A8Q3WLX8;A0A8Q3WKK6;A0A0J9YXC7;A0A0M3HER1;B4DUX2",0.178442891024194,24.0158401831198,0.246206161336435,0.807138663011633,0.900059166940752,-6.52972561294359,"P48059;A0A8Q3WLN4;A0A8Q3WKJ2;A0A8Q3WKI3;A0A8Q3WLX8;A0A8Q3WKK6;A0A0J9YXC7;A0A0M3HER1;B4DUX2","P48059"
"P62191;Q53XL8;Q53HB3;G3V4X1",0.131160552334098,26.6337328542559,0.244921438065162,0.808124400090344,0.900482423732587,-6.53004420513375,"P62191;Q53XL8;Q53HB3;G3V4X1","P62191"
"Q92796;Q59FY1;Q5JUW8",-0.140199536419292,25.8360231006223,-0.244668455795879,0.808318544972998,0.900482423732587,-6.53010674530705,"Q92796;Q59FY1;Q5JUW8","Q92796"
"O95817;Q53GY1;A0A872G2N3;A0A872G2N7;C9JFK9",0.122919918734475,25.0106731959942,0.24458271211396,0.80838434961566,0.900482423732587,-6.53012792753944,"O95817;Q53GY1;A0A872G2N3;A0A872G2N7;C9JFK9","O95817"
"P24534;C9JZW3;A4D1M6;F2Z2G2;F8WF65",-0.126451928329985,28.3589007994254,-0.240665848454254,0.811391884870499,0.903076220686055,-6.53108766893786,"P24534;C9JZW3;A4D1M6;F2Z2G2;F8WF65","P24534"
"P40926;Q0QF37;Q75MT9;Q6FHZ0;A0A024R4K3;G3XAL0;B3KTM1",-0.127410649066629,28.0545609709456,-0.240382355849266,0.811609676539729,0.903076220686055,-6.53115653358241,"P40926;Q0QF37;Q75MT9;Q6FHZ0;A0A024R4K3;G3XAL0;B3KTM1","P40926"
"P07954;A0A0S2Z4C3;A0A804HI24;A0A804HKE6;A0A0S2Z3X6;A0A0S2Z4H0;A0A0S2Z3S9;A0A0S2Z3W2;A0A0S2Z408",-0.124128380687509,26.2961775770961,-0.240123371068714,0.811808653570022,0.903076220686055,-6.53121937422835,"P07954;A0A0S2Z4C3;A0A804HI24;A0A804HKE6;A0A0S2Z3X6;A0A0S2Z4H0;A0A0S2Z3S9;A0A0S2Z3W2;A0A0S2Z408","P07954"
"Q16531;A0A7P0Z4B9;A0A7P0TAK7;A0A7P0T965;A0A7P0T870;B7Z2A1;F5GY55;A0A7P0Z3Z5;A0A7P0TB30;B4DSA8;B4DZP5;F5GWI0;F5H2L3;A0A7P0Z4L2;F5GZY8;B7Z859;F5H198;A0A7P0TAX4",0.129885800350646,26.2855974474169,0.240042194739218,0.811871023662616,0.903076220686055,-6.53123905714311,"Q16531;A0A7P0Z4B9;A0A7P0TAK7;A0A7P0T965;A0A7P0T870;B7Z2A1;F5GY55;A0A7P0Z3Z5;A0A7P0TB30;B4DSA8;B4DZP5;F5GWI0;F5H2L3;A0A7P0Z4L2;F5GZY8;B7Z859;F5H198;A0A7P0TAX4","Q16531"
"B2RD46;A0A2R8Y566;Q9P260;Q96ES0;A0A075B768",-0.135331564825268,23.4235441129187,-0.238535539816302,0.813028856529051,0.904041712482749,-6.53160317390256,"B2RD46;A0A2R8Y566;Q9P260;Q96ES0;A0A075B768","B2RD46"
"Q00325;F8VVM2;Q8NCF7;Q53HC3;A0A024RBE8;A0A024RBH9;F8VWR4;F8VWQ0;B2RE88",-0.143300635786986,23.3555787895961,-0.237675053374106,0.813690314937063,0.904111158506314,-6.53181010487368,"Q00325;F8VVM2;Q8NCF7;Q53HC3;A0A024RBE8;A0A024RBH9;F8VWR4;F8VWQ0;B2RE88","Q00325"
"P49411;A0A384ME17",0.154108502911122,25.1417774020876,0.237437787774662,0.813872726222678,0.904111158506314,-6.53186703179078,"P49411;A0A384ME17","P49411"
"Q8N1G4",-0.133667811286724,27.5361376184554,-0.237323067657395,0.813960927568365,0.904111158506314,-6.53189453616663,"Q8N1G4","Q8N1G4"
"P20618;A0A140VK45;Q53FT8;Q59GN1",0.130122946382606,28.5258000375387,0.235835311363302,0.815104996902242,0.905059624541863,-6.53225002914208,"P20618;A0A140VK45;Q53FT8;Q59GN1","P20618"
"Q15555;M0QX52;K7EL66;K7ERD8",-0.120765369459708,23.2015517650915,-0.235360473451307,0.815470229582398,0.905142934543594,-6.53236302071671,"Q15555;M0QX52;K7EL66;K7ERD8","Q15555"
"Q14204;A0A2R8Y706;A0A7P0T9C4;A0A7P0TA13;A0A2R8Y5T0;A0A7P0T9R4;A0A7P0TAW9;A0A7P0T7V5;A0A7P0T916;A0A7P0T8N2;A0A7P0TBJ7;A0A7P0TAF3;A0A7P0TB75;A0A2R8Y6H2;A0A7P0T9K2;A0A7P0T9F1;A0A7P0T8W5;A0A2R8YFZ7;A0A7P0T825;A0A7P0TAV5;A0A7P0T990;A0A804HHY6;A0A7P0T942;A0A2R8YGC7;A0A7P0T9S3;A0A7P0T934;A0A7P0T9Y3;Q6P2H7",-0.129071085081272,28.0619286348933,-0.234426468787544,0.816188763750413,0.905618197843308,-6.53258461266053,"Q14204;A0A2R8Y706;A0A7P0T9C4;A0A7P0TA13;A0A2R8Y5T0;A0A7P0T9R4;A0A7P0TAW9;A0A7P0T7V5;A0A7P0T916;A0A7P0T8N2;A0A7P0TBJ7;A0A7P0TAF3;A0A7P0TB75;A0A2R8Y6H2;A0A7P0T9K2;A0A7P0T9F1;A0A7P0T8W5;A0A2R8YFZ7;A0A7P0T825;A0A7P0TAV5;A0A7P0T990;A0A804HHY6;A0A7P0T942;A0A2R8YGC7;A0A7P0T9S3;A0A7P0T934;A0A7P0T9Y3;Q6P2H7","Q14204"
"P51808;A6NGJ0;F2Z328",-0.173904295969592,24.0179892287353,-0.233333895298742,0.817029491347607,0.90622865701038,-6.53284271075683,"P51808;A6NGJ0;F2Z328","P51808"
"B3KS20;B3KRL1",-0.133156852451499,23.3979368027307,-0.230389638389074,0.819296173050186,0.908419752486147,-6.53353224983678,"B3KS20;B3KRL1","B3KS20"
"O75387;B3KNL1;E9PJ68",0.121071409006777,23.0875743653782,0.229106922696109,0.820284188301105,0.908683492440783,-6.53382993048085,"O75387;B3KNL1;E9PJ68","O75387"
"A0A1B0GV68",-0.120685251645273,23.1106196922789,-0.229083086808194,0.820302550795287,0.908683492440783,-6.53383544641579,"A0A1B0GV68","A0A1B0GV68"
"P50570;Q05193;B4DHH5;A0A0D9SFB1;B7ZAC0;B4DK06;A0A0U1RQP1;A0A0D9SFE4;A0A994J7J4;A0A1B0GU67;Q59GI5;A0A994J5P0;A0A1B0GUX5;K7EPK9",0.124647614374645,27.1124976304942,0.228946140750165,0.820408052168401,0.908683492440783,-6.53386712643497,"P50570;Q05193;B4DHH5;A0A0D9SFB1;B7ZAC0;B4DK06;A0A0U1RQP1;A0A0D9SFE4;A0A994J7J4;A0A1B0GU67;Q59GI5;A0A994J5P0;A0A1B0GUX5;K7EPK9","P50570"
"P14868;A0A140VJW5;Q53T60;H7BZ35;C9J7S3;C9JLC1;Q53R85;C9JQM9",0.12380366251346,27.4737867534024,0.228139726177835,0.821029372007908,0.908878200785149,-6.53405329310511,"P14868;A0A140VJW5;Q53T60;H7BZ35;C9J7S3;C9JLC1;Q53R85;C9JQM9","P14868"
"P22314;A0A024R1A3;B4DDE4;B4DL67;Q5JRR6;B3KUJ2;Q5JRR9;Q5JRS0;Q5JRS2;Q5JRS1;Q5JRS3;Q8WY81;Q712V1",0.126616135212917,29.1576395387239,0.227931537269115,0.82118979487681,0.908878200785149,-6.53410124870843,"P22314;A0A024R1A3;B4DDE4;B4DL67;Q5JRR6;B3KUJ2;Q5JRR9;Q5JRS0;Q5JRS2;Q5JRS1;Q5JRS3;Q8WY81;Q712V1","P22314"
"Q9UBC2;A5PKY0;M0R165;A8K5P4;M0R2S2;B4DQX5;B4DME4;M0R1V5;K7EJR2;M0R330;M0QX30",0.11782347034902,24.6237604213474,0.227583435835059,0.82145804681415,0.908878200785149,-6.53418133521156,"Q9UBC2;A5PKY0;M0R165;A8K5P4;M0R2S2;B4DQX5;B4DME4;M0R1V5;K7EJR2;M0R330;M0QX30","Q9UBC2"
"P27918;B3KVK6;E9PAQ1;A0A0S2Z4I5;A0A0S2Z515",0.139621059223376,23.1247229101141,0.226204887236262,0.822520590829077,0.909644793536073,-6.53449729500888,"P27918;B3KVK6;E9PAQ1;A0A0S2Z4I5;A0A0S2Z515","P27918"
"P06737;E9PK47;B2R825;Q6P1L4",-0.125171350259443,26.87943521364,-0.22585882193976,0.822787381303435,0.909644793536073,-6.53457631185218,"P06737;E9PK47;B2R825;Q6P1L4","P06737"
"Q969Q0;B2R4V2;P83881;H0Y5B4;H7BZ11;J3KQN4",-0.186891648636195,26.5479978374124,-0.225429200760184,0.823118617011151,0.909644793536073,-6.53467423919249,"Q969Q0;B2R4V2;P83881;H0Y5B4;H7BZ11;J3KQN4","Q969Q0"
"Q9BXJ1;A0A0C4DFP7;A8K7L9;A0A3B0J271",-0.129233621600967,23.1307735124573,-0.225171277662428,0.823317490270066,0.909644793536073,-6.53473294060547,"Q9BXJ1;A0A0C4DFP7;A8K7L9;A0A3B0J271","Q9BXJ1"
"Q9BQ13",0.117628329077387,22.9698305061372,0.224520888105192,0.823819030127211,0.9098612494885,-6.5348806671208,"Q9BQ13","Q9BQ13"
"Q12904;A0A8C8MUD1;A0A804HJ47;B4DNK3;A0A5F9ZHC5;A0A8C8KIA0;D6R937",0.120614884657936,28.6728999501711,0.224019171435557,0.824205974304705,0.9098612494885,-6.53499433375859,"Q12904;A0A8C8MUD1;A0A804HJ47;B4DNK3;A0A5F9ZHC5;A0A8C8KIA0;D6R937","Q12904"
"Q9H7P6;B7Z1P9;F8W922;B7Z4X0",-0.144958515931837,23.0877010561807,-0.22378246018624,0.82438855115566,0.9098612494885,-6.53504787398045,"Q9H7P6;B7Z1P9;F8W922;B7Z4X0","Q9H7P6"
"Q9BT78;Q53FV3;A0A0S2Z5H7;B3KM48;D6RAX7;D6RFN0;D6RD63;D6REK7",0.123540977955717,25.8704220505978,0.223014008409121,0.824981331407901,0.910029555947103,-6.5352212963592,"Q9BT78;Q53FV3;A0A0S2Z5H7;B3KM48;D6RAX7;D6RFN0;D6RD63;D6REK7","Q9BT78"
"P55011;Q53ZR1;G3XAL9;B7ZM24;Q59GB7",-0.116912631114708,25.6203608725076,-0.222334013254983,0.825505963938791,0.910029555947103,-6.53537426017931,"P55011;Q53ZR1;G3XAL9;B7ZM24;Q59GB7","P55011"
"B4DWS9",0.122998566748983,22.9522610317185,0.221773839279479,0.825938212978989,0.910029555947103,-6.53549992064748,"B4DWS9","B4DWS9"
"P62491;H3BSC1;H3BMH2;B4DMN1;B4DQU5;H3BN38",-0.115640710532787,30.1726934411445,-0.221730245831889,0.825971853468838,0.910029555947103,-6.53550968645223,"P62491;H3BSC1;H3BMH2;B4DMN1;B4DQU5;H3BN38","P62491"
"P78368;K7ESB6;K7EP38;K7EJC0",-0.144371990509025,23.8324859201958,-0.22116611383593,0.826407216909519,0.910029555947103,-6.53563589069365,"P78368;K7ESB6;K7EP38;K7EJC0","P78368"
"Q00688;Q53GD8;G3V5F2",0.115980520191556,26.0552699383506,0.221104025866296,0.826455136124778,0.910029555947103,-6.53564976106707,"Q00688;Q53GD8;G3V5F2","Q00688"
"O75487;Q86SV6",-0.122110240823325,22.8967604281028,-0.220937796634612,0.826583434433518,0.910029555947103,-6.53568687735643,"O75487;Q86SV6","O75487"
"P62136;A0A140VJS9;A0A7I2V4F7;E9PMD7;B3KXM2;C0STL0",-0.119622120702001,28.4939219626399,-0.220423269593733,0.826980585174039,0.91014553463579,-6.53580158653025,"P62136;A0A140VJS9;A0A7I2V4F7;E9PMD7;B3KXM2;C0STL0","P62136"
"O15372;Q6IB98;Q53HR0;Q53HG0;B3KS98;Q5BKY2;E5RGU4;E5RJT0;E5RFW7;B4DJN9;E5RFH0;E5RHC7;E5RH59",-0.118674089790041,28.1752833370823,-0.217373708432832,0.82933541568678,0.912045090491811,-6.53647598585648,"O15372;Q6IB98;Q53HR0;Q53HG0;B3KS98;Q5BKY2;E5RGU4;E5RJT0;E5RFW7;B4DJN9;E5RFH0;E5RHC7;E5RH59","O15372"
"P28072;Q6IAT9;A0A087X2I4;I3L3X7",0.117665246817982,27.4386788565059,0.216520108753082,0.829994843174619,0.912045090491811,-6.53666307855361,"P28072;Q6IAT9;A0A087X2I4;I3L3X7","P28072"
"P49810;A0A7I2V355;A0A218KGQ4;A0A7I2V3R9;B1AP22;A0A7I2V5S6;A0A7I2V551;A0A7I2V4T4;A0A7I2V4Y6;A0A7I2V5L1;A0A7I2V4D0;A0A7I2V5Y0;A0A7I2YQG9;E5RHT1;A0A7I2V5Q3;A0A7I2V3Y8",-0.122356785438864,22.9679144572311,-0.216418300766186,0.830073500830391,0.912045090491811,-6.53668534393,"P49810;A0A7I2V355;A0A218KGQ4;A0A7I2V3R9;B1AP22;A0A7I2V5S6;A0A7I2V551;A0A7I2V4T4;A0A7I2V4Y6;A0A7I2V5L1;A0A7I2V4D0;A0A7I2V5Y0;A0A7I2YQG9;E5RHT1;A0A7I2V5Q3;A0A7I2V3Y8","P49810"
"O95721;C9JAF7",-0.127438048718631,24.5473931902467,-0.216201449010705,0.830241048164348,0.912045090491811,-6.53673273454415,"O95721;C9JAF7","O95721"
"Q16831;F8WD51;C9J486;C9JIP2;B4DND0;Q86Y75",-0.114103570705915,22.931364207226,-0.216008248750041,0.830390328336633,0.912045090491811,-6.53677491648198,"Q16831;F8WD51;C9J486;C9JIP2;B4DND0;Q86Y75","Q16831"
"P13489;A0A140VJT8;E9PIM9;H0YCR7;E9PMJ3;E9PLZ3;E9PIK5;E9PMA9;E9PR82;E9PMI1",0.115412027984185,28.466805128391,0.215916705346109,0.830461063480841,0.912045090491811,-6.5367948902747,"P13489;A0A140VJT8;E9PIM9;H0YCR7;E9PMJ3;E9PLZ3;E9PIK5;E9PMA9;E9PR82;E9PMI1","P13489"
"Q8TDX7;B2R8K8;F8WAG2;Q9HC98;Q5TBH0;Q5TBG1;Q5TBG7;Q5TBH2;Q5TBH1;F5H3U7",-0.11525305863973,24.9566396292253,-0.214645317241166,0.831443607616183,0.91253579484732,-6.53707142088887,"Q8TDX7;B2R8K8;F8WAG2;Q9HC98;Q5TBH0;Q5TBG1;Q5TBG7;Q5TBH2;Q5TBH1;F5H3U7","Q8TDX7"
"P26373;Q6NZ55;A8K4C8;J3QSB4;J3KS98;H3BTH3;O60250;B4DGL7;H3BUK8",-0.11716774774305,28.0274381095489,-0.214581388459703,0.831493019864086,0.91253579484732,-6.53708528259213,"P26373;Q6NZ55;A8K4C8;J3QSB4;J3KS98;H3BTH3;O60250;B4DGL7;H3BUK8","P26373"
"P27348;B4DMT8;Q53S41;B4DY04;E9PG15;Q53RR5;Q3YBA8",-0.111801347748628,30.7093818662596,-0.213562968727219,0.832280277515906,0.913078503542775,-6.53730555178333,"P27348;B4DMT8;Q53S41;B4DY04;E9PG15;Q53RR5;Q3YBA8","P27348"
"O00401;A8K180;A4D0Y1;Q68DE4",-0.118030526950154,25.5884588964765,-0.213080965333066,0.832652936805771,0.913166142720534,-6.53740943776683,"O00401;A8K180;A4D0Y1;Q68DE4","O00401"
"O15438;Q59H05;Q96QA9;Q86VN9;Q2M3C9;H0Y8Q6",0.112235912016622,24.708857174713,0.211238430838116,0.834077848988198,0.914407314936446,-6.53780440112601,"O15438;Q59H05;Q96QA9;Q86VN9;Q2M3C9;H0Y8Q6","O15438"
"Q7Z698;C9J623;B3KPL5;C9JG63",0.133196922843045,23.6098532435883,0.210472000636775,0.834670731483888,0.914735773541197,-6.53796768492549,"Q7Z698;C9J623;B3KPL5;C9JG63","Q7Z698"
"Q9NX76",-0.119611035663006,23.2497099771794,-0.209416922734643,0.835487062519384,0.914990181988131,-6.53819149546312,"Q9NX76","Q9NX76"
"Q14764;X5D2M8;B4DDR2;X5D7K9;B4DXN0;B4DP93;X5DNU0;X5D7S8;X5DP24;X5D7R7;X5DP17;H3BQK6;H3BRL2;H3BNF6;H3BUK7;H3BP76;H3BNF2;H3BQE7;I3L155;H3BUP3;H3BPZ2",0.113776687030686,29.7809852829781,0.209413653493858,0.835489592273869,0.914990181988131,-6.53819218721449,"Q14764;X5D2M8;B4DDR2;X5D7K9;B4DXN0;B4DP93;X5DNU0;X5D7S8;X5DP24;X5D7R7;X5DP17;H3BQK6;H3BRL2;H3BNF6;H3BUK7;H3BP76;H3BNF2;H3BQE7;I3L155;H3BUP3;H3BPZ2","Q14764"
"P08237;A0A2R8Y891;F8VTQ3;A0A024R0Y5;A0A0S2Z4I1;Q96I60;A0A0S2Z4A1;F8VZI0;B4E162;Q7KYX9;A0A0S2Z4A8;F8VP00;F8VZQ1;F8VX13;Q7Z683;P78457;F8VSF7;F8VVE3;F8VYK8;F8VUB8;F8VW30",0.114053855018376,24.9902454064909,0.208758724115736,0.835996415787295,0.915223875338916,-6.53833054911217,"P08237;A0A2R8Y891;F8VTQ3;A0A024R0Y5;A0A0S2Z4I1;Q96I60;A0A0S2Z4A1;F8VZI0;B4E162;Q7KYX9;A0A0S2Z4A8;F8VP00;F8VZQ1;F8VX13;Q7Z683;P78457;F8VSF7;F8VVE3;F8VYK8;F8VUB8;F8VW30","P08237"
"Q96SA4",-0.119370382142069,23.2218475428893,-0.207846734875464,0.836702286523922,0.915675239181794,-6.53852249818115,"Q96SA4","Q96SA4"
"Q13011;A0A384MR44;M0R248;M0QZW4;B4DVS4",0.118335509849089,23.5906413890345,0.206840320648093,0.837481401331725,0.916137495645387,-6.53873334849313,"Q13011;A0A384MR44;M0R248;M0QZW4;B4DVS4","Q13011"
"Q9Y5P6;A0A7I2YQI5;A0A7I2V4B5;A0A7I2V691;A0A7I2V2Y5",0.12826519139594,25.5735178647616,0.206542318842983,0.837712131317937,0.916137495645387,-6.5387955859687,"Q9Y5P6;A0A7I2YQI5;A0A7I2V4B5;A0A7I2V691;A0A7I2V2Y5","Q9Y5P6"
"Q96IJ6;A0A804HIS0;A0A384MDS7;A0A087WUI8;A0A0U1RRC2;F8WD54;C9JAH0;A0A804HLB2;A0A804HLK2;A0A804HIM4;A0A804HKA4;B4DJR0;A0A804HJC3;C9J255",-0.114294847355371,25.7813608194049,-0.205959055056991,0.838163769736401,0.916310128919675,-6.53891714125083,"Q96IJ6;A0A804HIS0;A0A384MDS7;A0A087WUI8;A0A0U1RRC2;F8WD54;C9JAH0;A0A804HLB2;A0A804HLK2;A0A804HIM4;A0A804HKA4;B4DJR0;A0A804HJC3;C9J255","Q96IJ6"
"Q9NZ01;B3KM97;A0A384NL45;B3KSQ1;M0R2N5;M0R3C3",0.136041781259177,23.7346446277128,0.204371337293822,0.839393469485778,0.916557793060724,-6.53924629344046,"Q9NZ01;B3KM97;A0A384NL45;B3KSQ1;M0R2N5;M0R3C3","Q9NZ01"
"Q9HB09;A0A120HB06;A0A109PLW1;M0R1Z8;M0R1K0;A0A0X8AT33;M0QZM6;A0A0X8AXX1;A0A0X8ASA9;A0A0X9JZX1;A0A0X8AT42",-0.116767995964857,23.1871060486075,-0.203950119886337,0.839719774808654,0.916557793060724,-6.539333190308,"Q9HB09;A0A120HB06;A0A109PLW1;M0R1Z8;M0R1K0;A0A0X8AT33;M0QZM6;A0A0X8AXX1;A0A0X8ASA9;A0A0X9JZX1;A0A0X8AT42","Q9HB09"
"Q9NTK5;J3KQ32;Q53SQ6;B4DK14;C9JTK6;Q53SW9;C9JCJ9",0.110321554767786,28.0051111960318,0.203827935225121,0.839814433251086,0.916557793060724,-6.5393583634672,"Q9NTK5;J3KQ32;Q53SQ6;B4DK14;C9JTK6;Q53SW9;C9JCJ9","Q9NTK5"
"O95571;A0A0S2Z580;A0A0S2Z5B3;M0QXB5;M0QY80;B2RCZ7;A0A0S2Z5N8",0.123085001839062,23.4433985892446,0.20382331306452,0.839818014161718,0.916557793060724,-6.53935931545494,"O95571;A0A0S2Z580;A0A0S2Z5B3;M0QXB5;M0QY80;B2RCZ7;A0A0S2Z5N8","O95571"
"A0A2R8Y793;G5E9R0;A0A6Q8PH58;A0A2R8YGF8;C9JUM1;C9JZR7;A1E282;C9JTX5;A0A2R8YEA7;Q562L5;Q562N0;Q562N8;Q562S0;Q562X9;A0A6Q8PGD7;F8WCH0;Q562Y6;Q562Z7;G8FSY7;A0AUL6;K4EQ44;K4EP00;K4ENJ5;Q562N4;Q562P0;Q562U2;Q562P9;Q562R8;Q562M3;Q562N2;Q562L9;Q562L6;Q562M5;Q562N6;Q562Y8;Q562T4;Q562R0;Q562Q9;Q562Q8;Q562Q6;Q562Q4;Q562Q0;Q562R5;Q562P8;Q562L3;Q562Q2;Q562R6;Q562T3;Q562X4;Q562V5;Q562Z4;Q562X7;A0A173GMX0;Q562T0;Q562Y4;Q562Z6;Q562X2;Q562T5;Q562X1;Q562X0;Q562W2;Q562U1;Q562U0;Q562T8;Q562T6;Q562X6",-0.104989457864097,23.0398976615767,-0.20376960213236,0.839859625702966,0.916557793060724,-6.53937037626758,"A0A2R8Y793;G5E9R0;A0A6Q8PH58;A0A2R8YGF8;C9JUM1;C9JZR7;A1E282;C9JTX5;A0A2R8YEA7;Q562L5;Q562N0;Q562N8;Q562S0;Q562X9;A0A6Q8PGD7;F8WCH0;Q562Y6;Q562Z7;G8FSY7;A0AUL6;K4EQ44;K4EP00;K4ENJ5;Q562N4;Q562P0;Q562U2;Q562P9;Q562R8;Q562M3;Q562N2;Q562L9;Q562L6;Q562M5;Q562N6;Q562Y8;Q562T4;Q562R0;Q562Q9;Q562Q8;Q562Q6;Q562Q4;Q562Q0;Q562R5;Q562P8;Q562L3;Q562Q2;Q562R6;Q562T3;Q562X4;Q562V5;Q562Z4;Q562X7;A0A173GMX0;Q562T0;Q562Y4;Q562Z6;Q562X2;Q562T5;Q562X1;Q562X0;Q562W2;Q562U1;Q562U0;Q562T8;Q562T6;Q562X6","A0A2R8Y793"
"P09603;B4DTX0;E9PKP4;F6MF51;E9PJA2;Q59H07",0.122541721822405,23.2469274496178,0.203187096371698,0.840310941285817,0.916729564837518,-6.53949014624964,"P09603;B4DTX0;E9PKP4;F6MF51;E9PJA2;Q59H07","P09603"
"P0CG39",-0.104857857593746,23.1203866344415,-0.20042746762907,0.842449800617998,0.918741583261377,-6.540052910682,"P0CG39","P0CG39"
"Q9Y6E2;B7Z4K8;E7ETZ4;B3KM68;B5MCH7;B5MCE7;Q75MG1;E9PFE3;C9JF98;F8WDX8;E9PFD4;E7EMS9;B7Z6N5",-0.106606039983365,25.2139876254336,-0.19995815346049,0.842813665909866,0.918817135257907,-6.54014785315432,"Q9Y6E2;B7Z4K8;E7ETZ4;B3KM68;B5MCH7;B5MCE7;Q75MG1;E9PFE3;C9JF98;F8WDX8;E9PFD4;E7EMS9;B7Z6N5","Q9Y6E2"
"A6NMY6",0.11186510977819,23.4507294753732,0.198907375385579,0.843628475137082,0.919384071961061,-6.54035962109688,"A6NMY6","A6NMY6"
"P36551;H0YA22;D6RER6",0.114841138845478,25.1029720493402,0.19818650373149,0.844187565243063,0.919672027940312,-6.54050425791576,"P36551;H0YA22;D6RER6","P36551"
"Q5JU85;A0A1W2PR28;A0A6Q8PFR7;A0A9L9PY69;A0A1W2PRJ5;A0A1W2PPU7;A0A1W2PQ34;A0A1W2PR18;C7SDG0",0.101439036687449,23.5840116894243,0.196299472463522,0.845651488876907,0.920945179401911,-6.54088039461216,"Q5JU85;A0A1W2PR28;A0A6Q8PFR7;A0A9L9PY69;A0A1W2PRJ5;A0A1W2PPU7;A0A1W2PQ34;A0A1W2PR18;C7SDG0","Q5JU85"
"O00139;B0AZS5;A0A6Q8PGH7;A0A6Q8PFA6;A0A6Q8PG37;A0A6Q8PH57;B4DM85;D6R9M0;A0A6Q8PGG1;Q8N4N8;B4DY48;A0A140VKG5",-0.113710612309653,23.1840667863478,-0.195424567618966,0.846330413741247,0.921219038493078,-6.54105356905881,"O00139;B0AZS5;A0A6Q8PGH7;A0A6Q8PFA6;A0A6Q8PG37;A0A6Q8PH57;B4DM85;D6R9M0;A0A6Q8PGG1;Q8N4N8;B4DY48;A0A140VKG5","O00139"
"Q96JU8",-0.1195189992713,23.1160052149632,-0.195214205327463,0.846493672433845,0.921219038493078,-6.54109509208721,"Q96JU8","Q96JU8"
"P20073;B4DT77;B4DWU2;B4DHY4;Q53HM8;B2R657;B2R7L2",-0.103713096625953,28.2535104460761,-0.194182070101343,0.847294795509755,0.921769259572699,-6.5412981769774,"P20073;B4DT77;B4DWU2;B4DHY4;Q53HM8;B2R657;B2R7L2","P20073"
"O43752",-0.114560039724861,22.978455484667,-0.193615706061192,0.847734466539206,0.921802278944096,-6.54140915950692,"O43752","O43752"
"Q6P9B6;H3BM75;H3BUB0;H3BTC5",-0.106200363911054,28.3352898818528,-0.193381578440319,0.847916235425012,0.921802278944096,-6.54145494378883,"Q6P9B6;H3BM75;H3BUB0;H3BTC5","Q6P9B6"
"A0A3G6V5V8;U5YMH5;A0A6B9VRL5",0.102273289636702,23.6728110331709,0.192351401696257,0.848716130994005,0.92204274203097,-6.54165574106522,"A0A3G6V5V8;U5YMH5;A0A6B9VRL5","A0A3G6V5V8"
"P19623;K7ESL0;K7EQ47;K7EL89;K7EKM4",0.0994605232950327,26.6993491311331,0.192335258389965,0.848728666999332,0.92204274203097,-6.54165887912913,"P19623;K7ESL0;K7EQ47;K7EL89;K7EKM4","P19623"
"Q9Y3E8;B4DX01;A8K8F0;Q9HC38;B3KV49;B7Z403;I3L3Q4;I3L1I0;I3L1F4",-0.103862101612517,28.3018779560558,-0.191027164642318,0.849744593853749,0.922824995901756,-6.54191228355026,"Q9Y3E8;B4DX01;A8K8F0;Q9HC38;B3KV49;B7Z403;I3L3Q4;I3L1I0;I3L1F4","Q9Y3E8"
"A0A858B974;A0A6C1HWD3;T2ET92;J7RE54",-0.104545561626995,23.0086510267614,-0.190552778021882,0.850113089479106,0.922851255721149,-6.54200375563867,"A0A858B974;A0A6C1HWD3;T2ET92;J7RE54","A0A858B974"
"P02671;A0A0S2Z3E8",0.122656592256352,23.1273039527421,0.190036043690132,0.850514519175652,0.922851255721149,-6.54210313510329,"P02671;A0A0S2Z3E8","P02671"
"Q15436;F5H365;B4DSQ5;B4DF60;B4E0Q9;G3V4V1;G3V1W4;G3V3G5;G3V2R6;G3V5X8;G3V4Q2;G3V5K1",-0.104725793495515,26.8771260687408,-0.189853402198813,0.850656415581374,0.922851255721149,-6.54213819671452,"Q15436;F5H365;B4DSQ5;B4DF60;B4E0Q9;G3V4V1;G3V1W4;G3V3G5;G3V2R6;G3V5X8;G3V4Q2;G3V5K1","Q15436"
"Q04912;G9JXB8;J3KQS7;K9JYP4;H2E273;H7C3Z8",-0.108447026125337,24.8301759372928,-0.186902674824978,0.852949571409361,0.925017285544436,-6.54269998533625,"Q04912;G9JXB8;J3KQS7;K9JYP4;H2E273;H7C3Z8","Q04912"
"P46937;Q86T74;H0YCI3;B4E2Y3;K0KVU2",-0.120764778189095,24.1583152980444,-0.185975625423821,0.853670297414604,0.925477114228762,-6.54287467368022,"P46937;Q86T74;H0YCI3;B4E2Y3;K0KVU2","P46937"
"Q9MY68",0.120405180708111,23.4711551086557,0.185205612285344,0.854269034456132,0.925561819358023,-6.5430191120496,"Q9MY68","Q9MY68"
"Q01082;B2ZZ89;K9MS24;F8W6C1;B4DIF8;P11277;B2RMN7;Q59FP5;Q71VG1;Q71VG2;Q8WYB3",0.10150699828506,27.7609368859331,0.185111872530855,0.854341929442689,0.925561819358023,-6.54303665484234,"Q01082;B2ZZ89;K9MS24;F8W6C1;B4DIF8;P11277;B2RMN7;Q59FP5;Q71VG1;Q71VG2;Q8WYB3","Q01082"
"Q9ULA0;Q53SB6;Q9BSS9;E7EMB6;E5RIA4;E7ETB3;B7Z7F0;C9JBE1;Q9HAC6;F8WAN0;B7Z822;C9J1E2;B9ZVU2",-0.102229592729103,25.8689172498795,-0.18321343058246,0.855818497485089,0.926839546408331,-6.54339002900572,"Q9ULA0;Q53SB6;Q9BSS9;E7EMB6;E5RIA4;E7ETB3;B7Z7F0;C9JBE1;Q9HAC6;F8WAN0;B7Z822;C9J1E2;B9ZVU2","Q9ULA0"
"O75955;Q53HQ0;Q5ST80;Q6IB58;A0A140T9R1;A2VCL5;A0A140T9X0;A2AB10;A2AB09;A2AB12;A0A140T9W4;A2AB13;A0A0G2JJQ6;A2AB11;A0A140T959;A0A140T9C3;A0A140T910;A0A140T957;A0A140T9B1;A0A140T974;A0A140T907;A0A140T905;A2ABJ5",0.0953100663345161,30.0815891647412,0.181076534314986,0.857481163552693,0.928317858077351,-6.5437834405165,"O75955;Q53HQ0;Q5ST80;Q6IB58;A0A140T9R1;A2VCL5;A0A140T9X0;A2AB10;A2AB09;A2AB12;A0A140T9W4;A2AB13;A0A0G2JJQ6;A2AB11;A0A140T959;A0A140T9C3;A0A140T910;A0A140T957;A0A140T9B1;A0A140T974;A0A140T907;A0A140T905;A2ABJ5","O75955"
"P40855;A0A0S2Z497;B7Z8B3;B7Z6I5;Q5QNY5;H0YJ60",0.104117457087675,23.275338024077,0.179404823150603,0.858782343523893,0.92898890716308,-6.54408799870343,"P40855;A0A0S2Z497;B7Z8B3;B7Z6I5;Q5QNY5;H0YJ60","P40855"
"P11310;Q5HYG7;Q5T4U5;A0A0S2Z366;F6YB23;B4DWX6;B7Z9I1;A0A7P0T932;B4DVB1;A0A7P0TB51;A0A7P0T8G6;B4DVE0;A0A7P0TB55;A0A7P0TA63;A0A7P0T8J9;A0A7P0TBD1;A0A7P0TAB2;E9PRX4;B4DJE7;A0A0S2Z3A5;A0A7P0TA39;E9PJM9;A0A7P0T9W7;A0A7P0TB28",-0.116704419981446,23.4600720741354,-0.179342145978171,0.858831136284893,0.92898890716308,-6.54409936262698,"P11310;Q5HYG7;Q5T4U5;A0A0S2Z366;F6YB23;B4DWX6;B7Z9I1;A0A7P0T932;B4DVB1;A0A7P0TB51;A0A7P0T8G6;B4DVE0;A0A7P0TB55;A0A7P0TA63;A0A7P0T8J9;A0A7P0TBD1;A0A7P0TAB2;E9PRX4;B4DJE7;A0A0S2Z3A5;A0A7P0TA39;E9PJM9;A0A7P0T9W7;A0A7P0TB28","P11310"
"P39656;A0A0C4DGS1;U3KQ84",0.0963602882275048,23.019317439889,0.179132233930902,0.858994552182854,0.92898890716308,-6.54413739267269,"P39656;A0A0C4DGS1;U3KQ84","P39656"
"Q9UBB4;Q7Z524;B1AHE4;Q9NTC6;B1AHE3",-0.0980191959285754,25.0716725146658,-0.178495400239637,0.859490364035698,0.92920292735783,-6.54425249672532,"Q9UBB4;Q7Z524;B1AHE4;Q9NTC6;B1AHE3","Q9UBB4"
"Q9BZM4;B4DXQ3",-0.0992432419958575,23.935060981103,-0.176934226166423,0.860706073770448,0.930194817772013,-6.54453293935392,"Q9BZM4;B4DXQ3","Q9BZM4"
"P51452;B5BUI8;K7ES89;K7ELG5;K7EPK5",0.103159263206518,24.9442397172522,0.17634469601169,0.861165240003766,0.930368681528142,-6.54463820053694,"P51452;B5BUI8;K7ES89;K7ELG5;K7EPK5","P51452"
"Q6FI81;H3BV90;B4DHB9;H3BQ23;H3BUG4;H3BPG7;H3BT65",0.0918645662089652,23.3327520308098,0.174207942371854,0.862829900608785,0.931844342104848,-6.54501678168991,"Q6FI81;H3BV90;B4DHB9;H3BQ23;H3BUG4;H3BPG7;H3BT65","Q6FI81"
"Q8WVN6;Q53G63;Q53G27;A8K3U3;A0A348GSH9;J3KSN0;J3QQU6;J3QKK2;J3KTR4",-0.110180161777055,23.4437962421674,-0.173580607848902,0.863318753919893,0.932049565066164,-6.5451270555652,"Q8WVN6;Q53G63;Q53G27;A8K3U3;A0A348GSH9;J3KSN0;J3QQU6;J3QKK2;J3KTR4","Q8WVN6"
"Q01968;Q504W7;A0A2X0TVZ9;A0A2R8YCN4;A0A2R8YG38;A0A2R8YF88;Q6PJ10",0.0981253338747337,23.4930388159124,0.172840249486845,0.863895752180396,0.932349775450053,-6.54525668617358,"Q01968;Q504W7;A0A2X0TVZ9;A0A2R8YCN4;A0A2R8YG38;A0A2R8YF88;Q6PJ10","Q01968"
"P63220;Q8WVC2;Q6FGH5;Q9BYK1;Q9BYK2;Q13666",-0.0938098720824421,27.1196353863497,-0.170746234349878,0.865528133971582,0.933788394969687,-6.5456203368192,"P63220;Q8WVC2;Q6FGH5;Q9BYK1;Q9BYK2;Q13666","P63220"
"Q9NUQ9;Q68D08;A0A8V8TMP7;E5RI16;E5RJE1;E5RIR8;E5RJL8;E5RGI7;Q3ZTR9;E5RK61;E5RFS4;E5RHU5;E5RK81;E5RH75;Q9H0Q0;B3KRB1",0.0900102854967599,28.0183074121947,0.168012582876177,0.867660046648955,0.935764759854112,-6.54608841017241,"Q9NUQ9;Q68D08;A0A8V8TMP7;E5RI16;E5RJE1;E5RIR8;E5RJL8;E5RGI7;Q3ZTR9;E5RK61;E5RFS4;E5RHU5;E5RK81;E5RH75;Q9H0Q0;B3KRB1","Q9NUQ9"
"Q9NZL9;A0A140VJP2;A0A8Q3WK80;A0A8Q3WK74;A8K7A4;H7C0X7;B7Z1X8;A0A8Q3WK84;A0A8Q3SIE5;A0A8Q3WK93;A0A8Q3WLC0;A0A8Q3WKR9;A0A8Q3WLP1;E5RJR3",0.089895558432552,26.1002260196851,0.167417328697183,0.868124406309957,0.935941936840912,-6.54618933369623,"Q9NZL9;A0A140VJP2;A0A8Q3WK80;A0A8Q3WK74;A8K7A4;H7C0X7;B7Z1X8;A0A8Q3WK84;A0A8Q3SIE5;A0A8Q3WK93;A0A8Q3WLC0;A0A8Q3WKR9;A0A8Q3WLP1;E5RJR3","Q9NZL9"
"Q9UEY8;Q59EK1;Q5VU08;Q53FL4",-0.0920225890643422,26.1602164804825,-0.166572734433852,0.868783358810509,0.935994275338742,-6.54633191850622,"Q9UEY8;Q59EK1;Q5VU08;Q53FL4","Q9UEY8"
"P61086;B4DIZ2;D6RDM7;B3KSH4",-0.0861756613093725,25.7762231066521,-0.166261497906514,0.869026209701613,0.935994275338742,-6.54638428010238,"P61086;B4DIZ2;D6RDM7;B3KSH4","P61086"
"Q14161;F8VXI9;Q68DM7;F8W822;B4E2E7;Q6FI58;B5BU58;B4E027;R4GNG3",0.0883775861924967,23.7955578971626,0.165657370743867,0.869497633564513,0.935994275338742,-6.54648563781325,"Q14161;F8VXI9;Q68DM7;F8W822;B4E2E7;Q6FI58;B5BU58;B4E027;R4GNG3","Q14161"
"O60826;B4DLA4;B7ZAR0;B4DPB6",0.0952173392218576,23.2633953342232,0.165215873288031,0.869842181938244,0.935994275338742,-6.54655947732336,"O60826;B4DLA4;B7ZAR0;B4DPB6","O60826"
"O43464;A0A0C4DG44;A0A8Q3SIX7;A8K7G2;A0A384MDW9;A0A8Q3SJ36",-0.112334909175996,23.6758862927722,-0.165208033750862,0.869848300214192,0.935994275338742,-6.54656078669188,"O43464;A0A0C4DG44;A0A8Q3SIX7;A8K7G2;A0A384MDW9;A0A8Q3SJ36","O43464"
"Q6IBS0;D6RG15;A0A7I2V2U8;A0A7I2V5D3;A0A7I2V5B1;H0Y858;B4E0A1;A0A7I2YQM6;A0A7I2V3T5",0.0920302679411584,26.428126202018,0.165047589965623,0.869973518501768,0.935994275338742,-6.54658757057396,"Q6IBS0;D6RG15;A0A7I2V2U8;A0A7I2V5D3;A0A7I2V5B1;H0Y858;B4E0A1;A0A7I2YQM6;A0A7I2V3T5","Q6IBS0"
"C9JIS1",-0.0947065916610406,22.8646546647387,-0.163945791190493,0.870833509110474,0.936287707597691,-6.54677079897903,"C9JIS1","C9JIS1"
"P30419;Q96HI4;A0A7I2V539;A0A7I2V3X4;A0A7I2V4Y5;A0A7I2V3U5;K7EN82;B7Z8J4;K7EN42;A0A7I2V3M5;Q9Y465",-0.0888994489523967,25.0324543024179,-0.163890357190359,0.870876781434062,0.936287707597691,-6.54677998524716,"P30419;Q96HI4;A0A7I2V539;A0A7I2V3X4;A0A7I2V4Y5;A0A7I2V3U5;K7EN82;B7Z8J4;K7EN42;A0A7I2V3M5;Q9Y465","P30419"
"Q96HE7;G3V3E6;G3V5B3;G3V2H0;G3V503;Q86YB8;A0A8I5KWQ1",0.0966872918046171,25.4156870981286,0.163173377203333,0.871436499520299,0.936287707597691,-6.54689852043168,"Q96HE7;G3V3E6;G3V5B3;G3V2H0;G3V503;Q86YB8;A0A8I5KWQ1","Q96HE7"
"P09874;A0A7I2V3E1;B4E0E1;B2R5W3;Q05D33;Q6PJL0;A0A7I2V5E9;A0A7I2V625",-0.0904862992378916,23.2255847374477,-0.163159918171936,0.87144700710359,0.936287707597691,-6.54690074059409,"P09874;A0A7I2V3E1;B4E0E1;B2R5W3;Q05D33;Q6PJL0;A0A7I2V5E9;A0A7I2V625","P09874"
"P55212;D6RHU3;D6RBM3",-0.0917623642742491,23.248004575317,-0.16243872783378,0.872010081445361,0.936406711982054,-6.54701943868738,"P55212;D6RHU3;D6RBM3","P55212"
"Q9GZZ1;C9J5D1;E7EQ69;C9JZU6;F8WCK0;C9J5J3;A0A0D9SF32;B0AZT5",0.0910751912835508,23.3590059986639,0.16206384496343,0.872302800728247,0.936406711982054,-6.54708093194868,"Q9GZZ1;C9J5D1;E7EQ69;C9JZU6;F8WCK0;C9J5J3;A0A0D9SF32;B0AZT5","Q9GZZ1"
"P0C0L5;A0A0G2JL54;A0A140TA29;F5GXS0;A0A3B3ISA6;B4DIE5;B4E344;B4DDH0;B7Z1F8;A0A3B3ISD7;Q9UM89;Q6U2E7;A0A8G1A656;Q6U2M2;Q6U2H4;Q6U2L6;Q6U2K2;Q6XMI6",0.101662386668636,23.3483435002211,0.161864516170716,0.872458449830025,0.936406711982054,-6.54711357074385,"P0C0L5;A0A0G2JL54;A0A140TA29;F5GXS0;A0A3B3ISA6;B4DIE5;B4E344;B4DDH0;B7Z1F8;A0A3B3ISD7;Q9UM89;Q6U2E7;A0A8G1A656;Q6U2M2;Q6U2H4;Q6U2L6;Q6U2K2;Q6XMI6","P0C0L5"
"Q14498;B4DRA0;B4E1M7;Q68DD9;B3KWX7;B4DLM0;G3XAC6;Q6N037;B7Z4L7;H0Y4X3;A0A0U1RQH7;A0A384NQ03;Q5QP23;Q7Z3L0;Q6MZY7;A0A0U1RQW2;Q5QP22",0.0911487237243591,23.3971189474046,0.161008331642429,0.873127074144784,0.93667715629798,-6.54725330935799,"Q14498;B4DRA0;B4E1M7;Q68DD9;B3KWX7;B4DLM0;G3XAC6;Q6N037;B7Z4L7;H0Y4X3;A0A0U1RQH7;A0A384NQ03;Q5QP23;Q7Z3L0;Q6MZY7;A0A0U1RQW2;Q5QP22","Q14498"
"P05120;E7ERB5;E7EPJ9",0.0858090608442055,23.4560754792413,0.160566721649396,0.873471979958527,0.93667715629798,-6.54732509568747,"P05120;E7ERB5;E7EPJ9","P05120"
"P60900;A0A140VK44;G3V295;G3V5Z7;G3V3I1;G3V3U4;Q9BZ93;Q59F72;H0YJC4;G3V4S5;G3V2S7",0.0862086047650479,29.0132892994881,0.16012078527746,0.873820290350306,0.93667715629798,-6.54739738556152,"P60900;A0A140VK44;G3V295;G3V5Z7;G3V3I1;G3V3U4;Q9BZ93;Q59F72;H0YJC4;G3V4S5;G3V2S7","P60900"
"Q08257;C9JH92;A6NP24;A0A384P5L2",0.087378631712081,23.0555522758527,0.15982599283667,0.874050559865781,0.93667715629798,-6.54744506359135,"Q08257;C9JH92;A6NP24;A0A384P5L2","Q08257"
"Q07960;B4DPZ4;H0YE29;O15376;E9PNR6",0.0852425606924925,25.4012727606372,0.159619335410926,0.874211991658679,0.93667715629798,-6.54747843487501,"Q07960;B4DPZ4;H0YE29;O15376;E9PNR6","Q07960"
"O15484;A0A140VKH4;E7EV01;B3KSR7;Q59GM2;Q6ZRM8;A0A3B3IRX8;E9PS73",-0.0928246230595207,25.9771938116283,-0.159204928289333,0.874535725019167,0.936702241186394,-6.54754522393632,"O15484;A0A140VKH4;E7EV01;B3KSR7;Q59GM2;Q6ZRM8;A0A3B3IRX8;E9PS73","O15484"
"P60981;V9HWA6;F6RFD5;B7Z9M9",0.0839432380943599,29.6152023023092,0.157595525551151,0.875793193058449,0.937727074888192,-6.54780296395579,"P60981;V9HWA6;F6RFD5;B7Z9M9","P60981"
"Q8NFQ8",-0.0858387093348227,23.2443364518972,-0.157016952802347,0.876245327488525,0.937889216347532,-6.54789498139874,"Q8NFQ8","Q8NFQ8"
"Q9Y2D4;A0A0U1RRB6;J3QT38;Q9H8D6;F8W6R7",0.0947003916095746,24.6014726973136,0.156417793273494,0.876713594417527,0.938066404021409,-6.54798991686331,"Q9Y2D4;A0A0U1RRB6;J3QT38;Q9H8D6;F8W6R7","Q9Y2D4"
"Q99747;Q6FHY4;J3KTJ6;J3QS28;J3QKW4",-0.0873027345219981,26.2069128265723,-0.155357144117376,0.877542644662963,0.938066404021409,-6.54815708577161,"Q99747;Q6FHY4;J3KTJ6;J3QS28;J3QKW4","Q99747"
"Q9H0B6;A8MZ87;E9PQ02;A8MX29;E9PI24;E9PP09;C9JHT2;E9PM83",0.0991498160393682,24.2256479019605,0.155011341821622,0.877812969519577,0.938066404021409,-6.54821134219447,"Q9H0B6;A8MZ87;E9PQ02;A8MX29;E9PI24;E9PP09;C9JHT2;E9PM83","Q9H0B6"
"P50990;Q53HU0;Q7Z759;H7C4C8;H7C2U0",-0.083032445368211,28.4431663848068,-0.154926255507663,0.877879486539751,0.938066404021409,-6.54822467374274,"P50990;Q53HU0;Q7Z759;H7C4C8;H7C2U0","P50990"
"Q9UHD2;A0A7I2V2F4;A0A494C045;B4E164;A0A7I2V646;A0A494C148;A0A7I2V4W4;A0A494C167;A0A494C0X2;A0A7I2V643;A0A494C1M6;A0A494C0A8;A0A494C0R4;A0A7I2V463;A0A7I2V2N0;A0A494C079;A0A7I2V4Z2;A0A7I2V387",0.0985876073466834,23.1955559701662,0.154881259670653,0.877914662820934,0.938066404021409,-6.54823172085496,"Q9UHD2;A0A7I2V2F4;A0A494C045;B4E164;A0A7I2V646;A0A494C148;A0A7I2V4W4;A0A494C167;A0A494C0X2;A0A7I2V643;A0A494C1M6;A0A494C0A8;A0A494C0R4;A0A7I2V463;A0A7I2V2N0;A0A494C079;A0A7I2V4Z2;A0A7I2V387","Q9UHD2"
"Q99733;B7ZB83;C9JZI7;A0A994J3W0;B7ZAC7;B4DS05;B7ZAK9;A0A0J9YXQ2;A0A2U9QGI0;C9J6D1;A8MXH2;E9PKT8;E9PNJ7;E9PS34;E9PJJ2;E9PNW0;H0YCI4;E9PP22;E9PKI2;C9J1B1",-0.0850885806467829,26.6036390577011,-0.154125907078773,0.87850521058757,0.938375942405011,-6.54834971676048,"Q99733;B7ZB83;C9JZI7;A0A994J3W0;B7ZAC7;B4DS05;B7ZAK9;A0A0J9YXQ2;A0A2U9QGI0;C9J6D1;A8MXH2;E9PKT8;E9PNJ7;E9PS34;E9PJJ2;E9PNW0;H0YCI4;E9PP22;E9PKI2;C9J1B1","Q99733"
"P28300;B7ZAJ4;B4DN04;B4DQF8;Q96PQ9;D0PNI2;B0AZT2",0.0853956239089939,23.4224355466167,0.152442611417128,0.879821494938477,0.939444555785667,-6.54861059745785,"P28300;B7ZAJ4;B4DN04;B4DQF8;Q96PQ9;D0PNI2;B0AZT2","P28300"
"Q07866;Q7RTQ7;B4DGB3;F8W6L3;Q7RTQ2;B5BU63;G3V2E7;G5E9S8;Q7RTQ9;G3V3H3;Q7RTQ1;Q7RTQ0;G3V5R9;Q7RTP8;E7EVH7;Q7RTQ8;Q7RTQ4;B4DS14;Q7Z5D5;G3V2P7;H0YG16;H0YJT3;H0YJL0;H0YJU9;H0YGB8;M1UY77",-0.0827790480393205,26.0550949988084,-0.152076223750731,0.880108044888015,0.939444555785667,-6.5486670019188,"Q07866;Q7RTQ7;B4DGB3;F8W6L3;Q7RTQ2;B5BU63;G3V2E7;G5E9S8;Q7RTQ9;G3V3H3;Q7RTQ1;Q7RTQ0;G3V5R9;Q7RTP8;E7EVH7;Q7RTQ8;Q7RTQ4;B4DS14;Q7Z5D5;G3V2P7;H0YG16;H0YJT3;H0YJL0;H0YJU9;H0YGB8;M1UY77","Q07866"
"H3BQK9;H3BPE1;Q9UPN3;A0A7P0MQR8;A0A590UJG2;H0Y390;E9PNZ4;A0A804HL78;A0A5F9ZGX0;E9PLY5;A0A669KBB0;E9PLY0;Q6ZSD7;A0A669KB06;Q13696;Q9H8U2;H0Y4F5;Q6ZQZ4;H0Y314;H0Y6T5;Q6IPG6;Q96IQ1;Q32Q32;B4DNC4;Q8WXX9",-0.0831259260261348,26.1819248911629,-0.150004371931673,0.881728738482914,0.94078287470127,-6.54898340828135,"H3BQK9;H3BPE1;Q9UPN3;A0A7P0MQR8;A0A590UJG2;H0Y390;E9PNZ4;A0A804HL78;A0A5F9ZGX0;E9PLY5;A0A669KBB0;E9PLY0;Q6ZSD7;A0A669KB06;Q13696;Q9H8U2;H0Y4F5;Q6ZQZ4;H0Y314;H0Y6T5;Q6IPG6;Q96IQ1;Q32Q32;B4DNC4;Q8WXX9","H3BQK9"
"O00244;A0A2Z4T009;E5RGN3;Q6IBA3;E5RIM7",0.0786754525919413,25.6067370908884,0.149288139643127,0.882289128081914,0.94078287470127,-6.54909178085956,"O00244;A0A2Z4T009;E5RGN3;Q6IBA3;E5RIM7","O00244"
"P16401",-0.080730287943986,22.9695081496982,-0.149048049903035,0.882476991309779,0.94078287470127,-6.54912799275281,"P16401","P16401"
"P05198;Q53XC0;H0YJS4;G3V4T5;B4DM12",-0.0784762434187165,27.6924860344783,-0.148829856050891,0.882647727657517,0.94078287470127,-6.54916085168637,"P05198;Q53XC0;H0YJS4;G3V4T5;B4DM12","P05198"
"O00743;A0A024R861;B7Z3E2;Q5T1S7;A0A0S2Z482",-0.0918171881857255,25.4362178037514,-0.148514553215022,0.88289446173342,0.94078287470127,-6.54920824984222,"O00743;A0A024R861;B7Z3E2;Q5T1S7;A0A0S2Z482","O00743"
"P61923;Q53FU3;F8VVA7;F8VXB1;F8VUC5;F8W156;F8W651;F8VYZ4;F8VYK5;F8VXR1",-0.0807109322797395,26.1337197169292,-0.14816039980648,0.88317161177471,0.94078287470127,-6.54926136855127,"P61923;Q53FU3;F8VVA7;F8VXB1;F8VUC5;F8W156;F8W651;F8VYZ4;F8VYK5;F8VXR1","P61923"
"P51153;Q504R6;A0A087WWB9;Q96E17;P20337;P59190;A0A2R8YDI9;G5ELZ6;G5ELZ5;G5EMR8;A8K6I8;A0A0A1HAV6;G3V196;A0A2R8YFB8",-0.0785529572394061,28.2909341656144,-0.146865879498372,0.884184792646214,0.941540583224152,-6.54945445341702,"P51153;Q504R6;A0A087WWB9;Q96E17;P20337;P59190;A0A2R8YDI9;G5ELZ6;G5ELZ5;G5EMR8;A8K6I8;A0A0A1HAV6;G3V196;A0A2R8YFB8","P51153"
"O15084;B4DS25;B4DIW9",0.0751729983330165,22.7512040570745,0.146139802726084,0.884753157489358,0.941824265600446,-6.54956201110958,"O15084;B4DS25;B4DIW9","O15084"
"P60033;E9PJK1;E9PRJ8;H0YDL9;H0YDJ9;E9PIF1;A6NMH8;H0YEE2",0.0771264983664715,30.7594970035371,0.145720129323536,0.885081701561656,0.941852551064758,-6.54962393684827,"P60033;E9PJK1;E9PRJ8;H0YDL9;H0YDJ9;E9PIF1;A6NMH8;H0YEE2","P60033"
"P27986;A0A2X0SFG1;A0A8V8TL10;A0A8V8TL31;B7Z629;A0A8V8TL14;A0A8V8TME9;E5RHI0;B3KWZ7;A0A8V8TLF7;B7Z2N8;J7GU64;J7GXU7;A0A8V8TMF4;H0YBC2;E5RJY0;A0A8V8TMF9;A0A8V8TLF1;A0A1D8GZE1;A0A1D8GZE0",-0.0767454923235711,22.8945736701261,-0.144327202128009,0.886172311960283,0.942577386575519,-6.54982819824928,"P27986;A0A2X0SFG1;A0A8V8TL10;A0A8V8TL31;B7Z629;A0A8V8TL14;A0A8V8TME9;E5RHI0;B3KWZ7;A0A8V8TLF7;B7Z2N8;J7GU64;J7GXU7;A0A8V8TMF4;H0YBC2;E5RJY0;A0A8V8TMF9;A0A8V8TLF1;A0A1D8GZE1;A0A1D8GZE0","P27986"
"Q8TCE6;B4DMU4;A0A3B3IRE4;B4DNL9;B4DDW8",0.0857228294746122,23.0548578082843,0.143847224226573,0.88654816938009,0.942577386575519,-6.54989812921871,"Q8TCE6;B4DMU4;A0A3B3IRE4;B4DNL9;B4DDW8","Q8TCE6"
"P11172;B5LY71;A8K5J1;E9PFD2;B5LY67;B5LY69;F2Z3P2;F2Z303;F8WDG4;B5LY70;B5LY64",-0.076351898781482,25.022090637588,-0.143692338181169,0.886669462075208,0.942577386575519,-6.54992064588374,"P11172;B5LY71;A8K5J1;E9PFD2;B5LY67;B5LY69;F2Z3P2;F2Z303;F8WDG4;B5LY70;B5LY64","P11172"
"Q8TF74;J3KSA3;J3QKM5;A8MWR2",0.0752047752240905,23.1920121876368,0.143141471815397,0.887100873164134,0.94271469281054,-6.55000053216518,"Q8TF74;J3KSA3;J3QKM5;A8MWR2","Q8TF74"
"F8W7C6;H7C123;X5D7P1;H7C2C5;Q96L21",-0.0766844549294099,23.0656683838973,-0.141845751224702,0.888115755064844,0.943462285189998,-6.55018722863452,"F8W7C6;H7C123;X5D7P1;H7C2C5;Q96L21","F8W7C6"
"O00487;A0A140VKF2;Q4ZG77;Q53TH1;Q59G89;C9JW37;Q96DE8",0.0833754080530866,26.7796221307595,0.141470971143307,0.888409340045856,0.943462285189998,-6.55024091344746,"O00487;A0A140VKF2;Q4ZG77;Q53TH1;Q59G89;C9JW37;Q96DE8","O00487"
"Q8IXU6;E9PKZ2;E9PRY2;B4DUB9;E9PJD1",0.082243930527806,23.585232520729,0.140074942023519,0.889503064158968,0.944302265865153,-6.55043963729504,"Q8IXU6;E9PKZ2;E9PRY2;B4DUB9;E9PJD1","Q8IXU6"
"P18085;C9JAK5;C9JPM4;U3KQF2",-0.0742001008292981,29.0843004314496,-0.139491532631514,0.889960203868916,0.944466102710836,-6.55052210211994,"P18085;C9JAK5;C9JPM4;U3KQF2","P18085"
"P48739;B2R7P6;B3KYB6;B3KYB7;B3KVT6",0.0748805441476073,27.3918839952133,0.139028515748047,0.890323035434681,0.94452977806829,-6.55058730482293,"P48739;B2R7P6;B3KYB6;B3KYB7;B3KVT6","P48739"
"P25786;V9HW55;F5GX11;B4E0X6;B4DEV8;F5H112",0.0743405239294361,28.0778956322377,0.136999646432396,0.891913191013732,0.945540488870912,-6.55087046010999,"P25786;V9HW55;F5GX11;B4E0X6;B4DEV8;F5H112","P25786"
"O60551;Q5VUC6;B4DHU9;B3KT39;B2RCF3;Q5VUC7;B4DXS1",-0.0797376318175189,22.9454152809823,-0.136851772365136,0.892029107354037,0.945540488870912,-6.55089093532585,"O60551;Q5VUC6;B4DHU9;B3KT39;B2RCF3;Q5VUC7;B4DXS1","O60551"
"O96013;A8K724;B4DE88;B4E3B5;B4DUG0;M0R2X4;M0R0L9;M0R1R1;Q9NQU5;Q9P286;M0R3G6;B3KTJ2;B0AZM9",-0.0742753245750691,25.7407450723078,-0.1366526422442,0.892185206395349,0.945540488870912,-6.55091847275852,"O96013;A8K724;B4DE88;B4E3B5;B4DUG0;M0R2X4;M0R0L9;M0R1R1;Q9NQU5;Q9P286;M0R3G6;B3KTJ2;B0AZM9","O96013"
"A0A8V8TPI7",0.0700983433328162,26.344545606928,0.135297194833659,0.89324786411236,0.945945694154849,-6.55110485161056,"A0A8V8TPI7","A0A8V8TPI7"
"H0YBN6",0.0778495550117526,22.7896156573504,0.13497077073924,0.89350380757082,0.945945694154849,-6.55114945883328,"H0YBN6","H0YBN6"
"L7RXH5;P27361;E9PQW4;Q8NHX0;E9PBK7;Q7Z3H5;E9PJF0;A1QJE5;Q9BWJ1;H0YDH9;E9PRH7;H0YEX6;K7ELV1;K7EN18;P31152;B4E104;Q16659",0.079371099479598,23.1132100985104,0.134825600309263,0.893617636920057,0.945945694154849,-6.55116926240733,"L7RXH5;P27361;E9PQW4;Q8NHX0;E9PBK7;Q7Z3H5;E9PJF0;A1QJE5;Q9BWJ1;H0YDH9;E9PRH7;H0YEX6;K7ELV1;K7EN18;P31152;B4E104;Q16659","L7RXH5"
"Q9H0A8;A0A0B4J287;H3BM91;H3BTV9;H3BRX0;B4DEN0;H3BPG2;H3BQF2",-0.0806818768927435,23.1099359180098,-0.134285489884829,0.894041162186683,0.945945694154849,-6.55124275520433,"Q9H0A8;A0A0B4J287;H3BM91;H3BTV9;H3BRX0;B4DEN0;H3BPG2;H3BQF2","Q9H0A8"
"Q99447;I3L1R7;B3KSC8;I3L1L9;B7Z4W6;I3L3V9;I3L2Q1;I3L102;I3L1C4",0.0789402434771596,23.8573723902415,0.134230898868438,0.894083971262743,0.945945694154849,-6.55125016700509,"Q99447;I3L1R7;B3KSC8;I3L1L9;B7Z4W6;I3L3V9;I3L2Q1;I3L102;I3L1C4","Q99447"
"Q9NSK0;C9J8T5;H7C4M1;C9JZE5;C9JXT5;C9JQU1;C9K0D5",-0.0876546373226539,23.4733709817519,-0.133683676344236,0.894513109005018,0.946078801962242,-6.5513242968703,"Q9NSK0;C9J8T5;H7C4M1;C9JZE5;C9JXT5;C9JQU1;C9K0D5","Q9NSK0"
"P40306;Q6IB22;J3QQN1;J3QL48",0.0750828499523806,25.3258863469827,0.132850927603715,0.895166221547984,0.946448625426496,-6.55143652535773,"P40306;Q6IB22;J3QQN1;J3QL48","P40306"
"P36021",0.0748784777865765,23.5098374020847,0.131484695392334,0.896237898548446,0.946930770304065,-6.55161913339282,"P36021","P36021"
"Q9Y2H0;F8WF49;A0A0B4J2C2;A0A087X246",-0.0718625545273817,25.4649680952617,-0.131447426814122,0.896267134934604,0.946930770304065,-6.55162408822302,"Q9Y2H0;F8WF49;A0A0B4J2C2;A0A087X246","Q9Y2H0"
"O95994;Q53G64;Q4JM46;B2R7D7;Q4JM47;Q8TD06;H7C3Z9;H7C040;B5MC62;B5MC07",-0.0823821734017152,24.0905293845345,-0.131108472272765,0.8965330441513,0.946930770304065,-6.55166908757345,"O95994;Q53G64;Q4JM46;B2R7D7;Q4JM47;Q8TD06;H7C3Z9;H7C040;B5MC62;B5MC07","O95994"
"Q14152;Q7Z5T5;Q24JU4;J9R021;Q05BS0;Q6P1R0;Q3B770",-0.0714472076196948,26.7474600419257,-0.130286692466744,0.897177779446152,0.946988625503844,-6.55177770466796,"Q14152;Q7Z5T5;Q24JU4;J9R021;Q05BS0;Q6P1R0;Q3B770","Q14152"
"O14818;A0A0K0K1K4;Q05DH1;H0Y586;Q8TAA3;B0YJ74;A0A087WYS6;F5GY34;Q4G1B8",-0.0712930247734498,28.1275718584465,-0.130264669461957,0.89719505878931,0.946988625503844,-6.55178060612841,"O14818;A0A0K0K1K4;Q05DH1;H0Y586;Q8TAA3;B0YJ74;A0A087WYS6;F5GY34;Q4G1B8","O14818"
"P20339;A0A0A1HAN9;F8WCY6;F8WD79",-0.0709535094616882,27.0914374224516,-0.12843076659703,0.898634125378066,0.948186683712513,-6.55202049783992,"P20339;A0A0A1HAN9;F8WCY6;F8WD79","P20339"
"O15160;A0A2R8YEY5;A0A2R8YEZ4;Q96HT3;A0A2R8Y5D3;D6RDJ3;H0Y723;B4DEC2;A0A2R8Y8D6;E7EQB9",0.0743138207118079,23.3950632263898,0.127378566632922,0.899459946604192,0.948737089434722,-6.55215660159287,"O15160;A0A2R8YEY5;A0A2R8YEZ4;Q96HT3;A0A2R8Y5D3;D6RDJ3;H0Y723;B4DEC2;A0A2R8Y8D6;E7EQB9","O15160"
"Q13200;Q59EG8;B4DM22;Q9NSM5;Q13041;C9JPC0;H7C1H2;H7C2Q3;F8WBS8",0.0695887974311731,27.0050931374531,0.126565003914386,0.900098551240605,0.948915441474458,-6.55226107050554,"Q13200;Q59EG8;B4DM22;Q9NSM5;Q13041;C9JPC0;H7C1H2;H7C2Q3;F8WBS8","Q13200"
"Q9BXS5;B3KNH5;K7EJL1;B4DDG7;E7ENJ6;Q59EK3;B4DN99;K7EQX3;K7EPJ8;A0A087WZX7;K7ENA7;K7EK69;K7EQ90;K7ERH5;K7ER75;K7EL08",-0.0664930470380263,26.2224235766541,-0.126387987150635,0.900237509241077,0.948915441474458,-6.55228371250713,"Q9BXS5;B3KNH5;K7EJL1;B4DDG7;E7ENJ6;Q59EK3;B4DN99;K7EQX3;K7EPJ8;A0A087WZX7;K7ENA7;K7EK69;K7EQ90;K7ERH5;K7ER75;K7EL08","Q9BXS5"
"P28482;Q1HBJ4;B4DHN0;Q499G7",-0.0685927510747923,26.5393189443203,-0.125304633717783,0.901088010423782,0.948986557915621,-6.5524215932149,"P28482;Q1HBJ4;B4DHN0;Q499G7","P28482"
"Q8IWB7;Q9H8N9;C9JJ54;A0A494C0A6",-0.065638355421239,24.7827206371948,-0.124468328247144,0.901744644798979,0.948986557915621,-6.55252722062755,"Q8IWB7;Q9H8N9;C9JJ54;A0A494C0A6","Q8IWB7"
"Q9NZN3",0.0722475893643058,23.22095252637,0.124314568323478,0.901865378770522,0.948986557915621,-6.5525465639785,"Q9NZN3","Q9NZN3"
"Q13217;A8KA82;X6R9L0",-0.0674757707556388,23.0761228104577,-0.124169856290735,0.901979010414065,0.948986557915621,-6.55256474726493,"Q13217;A8KA82;X6R9L0","Q13217"
"A0AVT1;B3KSS1;H0Y8S8;H0Y9U5",0.0675207829283373,26.6131786982278,0.124107391694679,0.902028059886894,0.948986557915621,-6.55257258949879,"A0AVT1;B3KSS1;H0Y8S8;H0Y9U5","A0AVT1"
"Q9Y570;A0A140VK39",0.065639941095796,25.584118865037,0.123838312198925,0.902239355376082,0.948986557915621,-6.55260632651793,"Q9Y570;A0A140VK39","Q9Y570"
"P32321;D6RBJ9;D6R9S0;D6RBN2;D6RC36;B4DDC2;D6RAR9;D6RAD7",0.0629690465133308,25.5060167186369,0.123427806669555,0.902561720074691,0.948986557915621,-6.55265765451692,"P32321;D6RBJ9;D6R9S0;D6RBN2;D6RC36;B4DDC2;D6RAR9;D6RAD7","P32321"
"A0PK02;A6QRH1",0.0777490275056181,22.8705812336371,0.123201992094653,0.902739056535956,0.948986557915621,-6.55268581689637,"A0PK02;A6QRH1","A0PK02"
"D1J6X4;Q38MU0",0.0676176355274407,22.8544374558792,0.120810273945288,0.904617628718273,0.950640964950234,-6.55298093647979,"D1J6X4;Q38MU0","D1J6X4"
"Q9H2H8;A0A024R3V4;H7BZ14;B4DN80;C9K058;A0A9L9PXN9",-0.0709270850332544,23.3200167834016,-0.11751550894756,0.907206412898538,0.952690893612931,-6.55337801973544,"Q9H2H8;A0A024R3V4;H7BZ14;B4DN80;C9K058;A0A9L9PXN9","Q9H2H8"
"Q8TBZ3;Q5JPH5;A0A088AWN2;B3KQX8;B3KPG5;Q59GG1;B3KR43;H0YKE8;G3V5V2",0.0619244228784446,23.3410069940535,0.117446970195492,0.907260276693021,0.952690893612931,-6.55338616352433,"Q8TBZ3;Q5JPH5;A0A088AWN2;B3KQX8;B3KPG5;Q59GG1;B3KR43;H0YKE8;G3V5V2","Q8TBZ3"
"O75506;A0A8I5KTJ3;A0A8I5KYC9",-0.0751530277342702,22.8346112499068,-0.117161464671184,0.907484656916966,0.952690893612931,-6.5534200362798,"O75506;A0A8I5KTJ3;A0A8I5KYC9","O75506"
"Q9H3S7;B4DST5;B4DJ12;B4DJ21;C9JD91",0.084625417388775,24.5137417316042,0.114444944740596,0.909619968264935,0.954469813911617,-6.55373820743655,"Q9H3S7;B4DST5;B4DJ12;B4DJ21;C9JD91","Q9H3S7"
"Q6NYC8;A0A1U9X8D3;A0A1U9X8D1;A0A1U9X8C7;A0A0G2JHC2;A0A024RCJ8;A0A1U9X8C1",-0.0594508969101817,22.8723051983404,-0.113424462730793,0.910422292570441,0.954469813911617,-6.55385580405641,"Q6NYC8;A0A1U9X8D3;A0A1U9X8D1;A0A1U9X8C7;A0A0G2JHC2;A0A024RCJ8;A0A1U9X8C1","Q6NYC8"
"Q96FW1;F5GYN4;Q659F9;F5H6Q1;B4DPD5;F5GYJ8;F5H4F3;F5H3F0;B3KUV5;B4E053",-0.0601620182511233,27.2371501951078,-0.113424237364711,0.910422469768584,0.954469813911617,-6.55385582991054,"Q96FW1;F5GYN4;Q659F9;F5H6Q1;B4DPD5;F5GYJ8;F5H4F3;F5H3F0;B3KUV5;B4E053","Q96FW1"
"B4DZC9;A0A5F9ZH68",-0.0634789444659489,23.3799482056701,-0.112774725726173,0.910933179374106,0.954469813911617,-6.5539301290371,"B4DZC9;A0A5F9ZH68","B4DZC9"
"O60262;K7ESC6",-0.0621459266707376,23.6993858019857,-0.112310341976407,0.911298346993733,0.954469813911617,-6.55398298958338,"O60262;K7ESC6","O60262"
"P54764;Q53TA0;E9PG71;Q58F15",0.0621837147317734,23.6100633263963,0.111944231735212,0.911586251210786,0.954469813911617,-6.5540245100726,"P54764;Q53TA0;E9PG71;Q58F15","P54764"
"Q14974;B2RBR9;B7Z752;J3KTM9;B7Z5M1;J3QR48;J3QKQ5;J3QRG4",0.0612335858541719,28.4146959634414,0.111809600459812,0.911692126516022,0.954469813911617,-6.55403974451331,"Q14974;B2RBR9;B7Z752;J3KTM9;B7Z5M1;J3QR48;J3QKQ5;J3QRG4","Q14974"
"P63279;A0AAA9YHF5;A0AAA9YHQ8;H3BPC4;H3BQQ9;A0AAA9YHK4;A0AAA9YHJ6;A8K503;A0AAA9YHJ9;Q7KZS0;A0AAA9YHV5;A0AAA9YHE7;A0AAA9YHD0;A0AAA9YHQ4;A0AAA9YHW0;A0AAA9YHW2",0.0588279016967803,25.3543498615576,0.111335377683574,0.912065072864939,0.954469813911617,-6.55409326013384,"P63279;A0AAA9YHF5;A0AAA9YHQ8;H3BPC4;H3BQQ9;A0AAA9YHK4;A0AAA9YHJ6;A8K503;A0AAA9YHJ9;Q7KZS0;A0AAA9YHV5;A0AAA9YHE7;A0AAA9YHD0;A0AAA9YHQ4;A0AAA9YHW0;A0AAA9YHW2","P63279"
"P68104;Q53HM9;Q6IPT9;Q53HQ7;Q6IPS9;Q53HR5;Q53GA1;Q6IPN6;A0A7I2V659;A0A087WVQ9;A8K9C4;Q5VTE0;Q53G85;A0A4D5RAC7;A0A4D5RAC9;A0A7I2V5N4;Q53GE9;A0A4D5RA76;Q9H2I7;A0A087WV01;B4DV42;A0A4D5RAE2;Q96RE1;A0A4D5RA98;Q53G89;A0A4D5RBG5;A0A7I2V3H3;Q8IUB0;Q53HR1;A0A4D5RA52;A0A4D5RAN2;Q504Z0;B4DNE0;B4E2C5;Q6P4C9;Q9NZS6;Q16577;A0A4D5RA61;A0A4D5RAR2;Q96CD8;A0A4D5RBI9;A0A4D5RAF1;A9X7H1;Q96C29;Q8TBL1;Q6P082;A0A4D5RBK4;A0A4D5RAB8;A0A4D5RBD4;A0A4D5RBH1;A0A4D5RAB6;A0A4D5RA69;A0A4D5RBL9;Q5JR01;A0A4D5RAA9;A6PW80;A0A4D5RBE6;Q2F837;Q14222;A0A4D5RA91",-0.0617125301176173,32.639147499495,-0.111218288768307,0.912157159053607,0.954469813911617,-6.5541064385286,"P68104;Q53HM9;Q6IPT9;Q53HQ7;Q6IPS9;Q53HR5;Q53GA1;Q6IPN6;A0A7I2V659;A0A087WVQ9;A8K9C4;Q5VTE0;Q53G85;A0A4D5RAC7;A0A4D5RAC9;A0A7I2V5N4;Q53GE9;A0A4D5RA76;Q9H2I7;A0A087WV01;B4DV42;A0A4D5RAE2;Q96RE1;A0A4D5RA98;Q53G89;A0A4D5RBG5;A0A7I2V3H3;Q8IUB0;Q53HR1;A0A4D5RA52;A0A4D5RAN2;Q504Z0;B4DNE0;B4E2C5;Q6P4C9;Q9NZS6;Q16577;A0A4D5RA61;A0A4D5RAR2;Q96CD8;A0A4D5RBI9;A0A4D5RAF1;A9X7H1;Q96C29;Q8TBL1;Q6P082;A0A4D5RBK4;A0A4D5RAB8;A0A4D5RBD4;A0A4D5RBH1;A0A4D5RAB6;A0A4D5RA69;A0A4D5RBL9;Q5JR01;A0A4D5RAA9;A6PW80;A0A4D5RBE6;Q2F837;Q14222;A0A4D5RA91","P68104"
"P54577;A0A0S2Z4R1;A0A6Q8PFX2;A0A6Q8PF15;A0A0C4DGZ5;A0A6Q8PFX4;A0A6Q8PFC1;A0A0S2Z4P3;A0A6Q8PGW2",0.0604981341146349,26.410038066173,0.111113790209715,0.912239344427871,0.954469813911617,-6.5541181881739,"P54577;A0A0S2Z4R1;A0A6Q8PFX2;A0A6Q8PF15;A0A0C4DGZ5;A0A6Q8PFX4;A0A6Q8PFC1;A0A0S2Z4P3;A0A6Q8PGW2","P54577"
"Q96QR8",0.0700265536178044,24.8034666352337,0.10988577564923,0.913205219177197,0.955000288781559,-6.55425543722748,"Q96QR8","Q96QR8"
"Q13277;A0A0C4DGE4;A0A286YF28;A0A0J9YW33;Q53YE2;Q7Z338;B4DE70",-0.0597217909767345,27.9144809782025,-0.109690624666026,0.913358724410192,0.955000288781559,-6.55427710793348,"Q13277;A0A0C4DGE4;A0A286YF28;A0A0J9YW33;Q53YE2;Q7Z338;B4DE70","Q13277"
"Q13409;B4DPZ3;A0A140VKE9;Q59GU5;Q9H5W7;B4DX93;E7EUM4;E7ERR6;E7ERH4;E7ET01;E7ESD3;E7EMU4;Q53SA6;E7EU01",0.059731348389878,26.5544421574585,0.109066975544959,0.913849307813451,0.955193026498041,-6.55434610353338,"Q13409;B4DPZ3;A0A140VKE9;Q59GU5;Q9H5W7;B4DX93;E7EUM4;E7ERR6;E7ERH4;E7ET01;E7ESD3;E7EMU4;Q53SA6;E7EU01","Q13409"
"P02787;B4DI57;B4E1B2;Q53H26;Q06AH7;A0A0K0K1H8;B4DHZ6;H7C5E8;C9JVG0;A0PJA6;B4DEX9",-0.0624054534644785,23.1427529982166,-0.107364024970344,0.915189080883462,0.956272945820944,-6.55453250229835,"P02787;B4DI57;B4E1B2;Q53H26;Q06AH7;A0A0K0K1H8;B4DHZ6;H7C5E8;C9JVG0;A0PJA6;B4DEX9","P02787"
"P49915;A0A140VJK6;B4DUT7;Q53F90",0.0603508918220612,23.0671383819585,0.106673939258208,0.915732068566119,0.956519866663673,-6.55460720202927,"P49915;A0A140VJK6;B4DUT7;Q53F90","P49915"
"P20042;Q6IBR8;B5BU01;Q96I16;Q3B7I9;Q59GZ3",0.056290706472776,27.1826918367928,0.105378077549791,0.916751816824948,0.95699662386806,-6.55474617465338,"P20042;Q6IBR8;B5BU01;Q96I16;Q3B7I9;Q59GZ3","P20042"
"Q9Y5P4;A0A2R8YE59;A0A2R8Y5H3;A0A2U3TZL3;A0A2R8Y7Q9;A0A2R8YEK8;A0A2R8Y5S9;A0A2R8YFA1;A0A2R8YE18;A0A2R8Y7C5;A0A2R8YFI2;A0A2R8YEA4",0.0596399960016569,23.6310487371036,0.105061144039772,0.917001242220723,0.95699662386806,-6.55477990536226,"Q9Y5P4;A0A2R8YE59;A0A2R8Y5H3;A0A2U3TZL3;A0A2R8Y7Q9;A0A2R8YEK8;A0A2R8Y5S9;A0A2R8YFA1;A0A2R8YE18;A0A2R8Y7C5;A0A2R8YFI2;A0A2R8YEA4","Q9Y5P4"
"Q9Y2Q5",-0.0531310720000242,24.8758043238897,-0.104924249861626,0.917108980038997,0.95699662386806,-6.55479444338574,"Q9Y2Q5","Q9Y2Q5"
"O75663",-0.0622683364597343,24.8125246367539,-0.104137700565574,0.917728037279983,0.957322323838216,-6.55487760705023,"O75663","O75663"
"Q16539;B4E0K5;L7RSM2;E7EX54;B5TY33;Q15454;H7C4E2",0.0551155327165382,25.2959074994033,0.103140861097025,0.91851267948953,0.957820477207571,-6.55498210672104,"Q16539;B4E0K5;L7RSM2;E7EX54;B5TY33;Q15454;H7C4E2","Q16539"
"Q9GZP0",-0.06569003047845,23.6173525452054,-0.102097365360039,0.919334135407585,0.95834434499139,-6.55509042137953,"Q9GZP0","Q9GZP0"
"Q92879;G5EA30;E9PQK4;E9PSH0;E9PKU1",0.0581271555192231,23.0850854660968,0.101722104538541,0.919629568630725,0.95834434499139,-6.55512910430059,"Q92879;G5EA30;E9PQK4;E9PSH0;E9PKU1","Q92879"
"Q92888;M0QZR4;A0A9L9PYI1;A0A8V8TMH9;A0A2X0SFA4;A0A8V8TP90;M0QYC1;M0R2C7;Q49AN3;M0QYS3;A0A8V8TMG9;Q8NF33;M0QZH8",0.052937904115911,24.9258217845491,0.101090884056112,0.920126538558153,0.958541975204702,-6.55519385115444,"Q92888;M0QZR4;A0A9L9PYI1;A0A8V8TMH9;A0A2X0SFA4;A0A8V8TP90;M0QYC1;M0R2C7;Q49AN3;M0QYS3;A0A8V8TMG9;Q8NF33;M0QZH8","Q92888"
"Q9Y508;A0A096LNV3;A0A096LP02;B4DLW5",0.0560888871148428,24.2331499039675,0.0998707403738382,0.921087269666035,0.959222435421824,-6.55531786454578,"Q9Y508;A0A096LNV3;A0A096LP02;B4DLW5","Q9Y508"
"Q16181;B4DUD6;E7EPK1;A4GYY8;Q3LIE9;Q8TC62;E7ES33;B4DNE4;A0A024RA87;G3V1Q4;A0A023T695;A8K3D0;B4DPQ6;Q59EY4;Q5JXL7;Q3B7A3;A0A0U1RRM2;A4D1Y2;A0A0U1RRE1;A0A5F9ZGZ7;A0A0U1RRH9;Q6ZU15",-0.0525857999285329,28.402770389195,-0.0984990947351013,0.922167436328251,0.960026780343062,-6.55545547952627,"Q16181;B4DUD6;E7EPK1;A4GYY8;Q3LIE9;Q8TC62;E7ES33;B4DNE4;A0A024RA87;G3V1Q4;A0A023T695;A8K3D0;B4DPQ6;Q59EY4;Q5JXL7;Q3B7A3;A0A0U1RRM2;A4D1Y2;A0A0U1RRE1;A0A5F9ZGZ7;A0A0U1RRH9;Q6ZU15","Q16181"
"P42224;A0A669KB53;A0A669KBA4;A0A669KB56;A0A669KB68;A0A8V8TN81;A0A669KBI6;J3KPM9;A0A669KB52;A0A669KB75;E7EPD2;A0A669KB17;A0A8V8TLI6;D2KFR9;E7ENM1;E9PH66;A0A8V8TMY9;Q67C41;A5D905;A0A510GDC6;A0A669KBK4",0.0508907205987654,25.7160903403799,0.0971432735273889,0.92323528930006,0.960586939151628,-6.55558963775262,"P42224;A0A669KB53;A0A669KBA4;A0A669KB56;A0A669KB68;A0A8V8TN81;A0A669KBI6;J3KPM9;A0A669KB52;A0A669KB75;E7EPD2;A0A669KB17;A0A8V8TLI6;D2KFR9;E7ENM1;E9PH66;A0A8V8TMY9;Q67C41;A5D905;A0A510GDC6;A0A669KBK4","P42224"
"O14972;A8MTY9;A8MY26;B7Z606;O60768",-0.0543420789983067,23.5979022122563,-0.0970338692126651,0.923321463153761,0.960586939151628,-6.55560038226145,"O14972;A8MTY9;A8MY26;B7Z606;O60768","O14972"
"O15498;Q9UES0;A0A7I2V4L6;A4D2J0;B5BU81;A0A7I2V3A1;A0A7I2V3V7;A0A7I2V530;H7C3K7;A0A7I2V3S2",-0.0496513256428628,26.9197565528572,-0.0945734511888805,0.925259693481979,0.962282422130808,-6.55583882193057,"O15498;Q9UES0;A0A7I2V4L6;A4D2J0;B5BU81;A0A7I2V3A1;A0A7I2V3V7;A0A7I2V530;H7C3K7;A0A7I2V3S2","O15498"
"P55263;A0A140VJE0;Q86U79;A0A5K1VW54;A0A5K1VW94;A0A5F9ZH31;A0A5F9ZH72;A0A5F9ZHJ1;A0A5F9ZGZ8;A0A5F9ZH83;A0A5F9ZH76",0.0498977417669195,26.8672345677817,0.0936094669927107,0.926019213707571,0.962751309184638,-6.55593057323929,"P55263;A0A140VJE0;Q86U79;A0A5K1VW54;A0A5K1VW94;A0A5F9ZH31;A0A5F9ZH72;A0A5F9ZHJ1;A0A5F9ZGZ8;A0A5F9ZH83;A0A5F9ZH76","P55263"
"P16615;A0A0S2Z3L2;H7C5W9;O14983;Q8N3X5;Q7Z675;Q7Z6E5;Q93084;A8K9K1;B3KS35;H3BVB2;H3BTW4",0.0508200310571034,25.691237236194,0.0920959840308465,0.927211824751244,0.963670003798444,-6.55607273003664,"P16615;A0A0S2Z3L2;H7C5W9;O14983;Q8N3X5;Q7Z675;Q7Z6E5;Q93084;A8K9K1;B3KS35;H3BVB2;H3BTW4","P16615"
"Q15149;A0A8I5KUE3;A0A8I5KYZ1;E9PMV1;A0A8I5KSD5;H0YDN1;Q96IE3;REV__A0A0U1RR03",0.0491125567363078,29.0886516548686,0.0899192888907029,0.928927341106722,0.964315577226952,-6.55627311987572,"Q15149;A0A8I5KUE3;A0A8I5KYZ1;E9PMV1;A0A8I5KSD5;H0YDN1;Q96IE3;REV__A0A0U1RR03","Q15149"
"Q8N668;Q53EN2;Q53QP8;H7C377;Q53SJ8;H0Y7J4;H7C169;A0A2Z4SWX4;Q53Q75",-0.0508840501773733,23.1619661301836,-0.0896284381671747,0.929156595393736,0.964315577226952,-6.55629953322692,"Q8N668;Q53EN2;Q53QP8;H7C377;Q53SJ8;H0Y7J4;H7C169;A0A2Z4SWX4;Q53Q75","Q8N668"
"Q8WZA9;B7ZMD6",0.0562388715669684,23.9150029053855,0.0895442183142401,0.92922298029811,0.964315577226952,-6.55630716560958,"Q8WZA9;B7ZMD6","Q8WZA9"
"P47813;O14602;X6RAC9;A6NJH9;A0A1I9KF45",-0.0534738733349904,25.9073741656655,-0.0895193369687493,0.929242592705525,0.964315577226952,-6.55630941909695,"P47813;O14602;X6RAC9;A6NJH9;A0A1I9KF45","P47813"
"O43592;A8KA19;F8WDU6;F5GYW6;F5GZM3",0.0461364782840583,25.1786359585023,0.0893019299677819,0.92941396295394,0.964315577226952,-6.55632908287955,"O43592;A8KA19;F8WDU6;F5GYW6;F5GZM3","O43592"
"P04632;A0A0C4DGQ5;K7ELJ7;A0A075B7C0;U3KQE2;K7EIV0;K7EKD8;K7EM73;U3KPR7;Q96L46;K7ES78;K7EMQ1",-0.0495004373360466,29.7080503128817,-0.0889542569463981,0.929688022033166,0.964315577226952,-6.55636042949762,"P04632;A0A0C4DGQ5;K7ELJ7;A0A075B7C0;U3KQE2;K7EIV0;K7EKD8;K7EM73;U3KPR7;Q96L46;K7ES78;K7EMQ1","P04632"
"P23229;H7BZ97",0.0533601460899291,22.9584987545219,0.0876934252335655,0.930681966858041,0.965025616565901,-6.55647308234666,"P23229;H7BZ97","P23229"
"Q8NI62",-0.0476495005951918,23.1859308111289,-0.0866635572649243,0.931493921471037,0.965546540733853,-6.55656390639748,"Q8NI62","Q8NI62"
"O95487;B4E2E1;B4DTM6",0.0520103095722426,23.8941011709716,0.082855731509077,0.934496678617406,0.968123742641982,-6.55689040552686,"O95487;B4E2E1;B4DTM6","O95487"
"P07900;K9JA46;Q2VPJ6;Q8TBA7;O75322;Q86U12;Q96HX7;G3V2J8;B4DTA5;Q86SX1;Q14568;Q58FG0;Q58FF9",0.0437454484658595,30.5968423768768,0.0824759642363908,0.934796208042632,0.968123742641982,-6.55692216435949,"P07900;K9JA46;Q2VPJ6;Q8TBA7;O75322;Q86U12;Q96HX7;G3V2J8;B4DTA5;Q86SX1;Q14568;Q58FG0;Q58FF9","P07900"
"Q9Y5X3;Q53FH8;Q6P5V6;B7Z476;Q5QPE4;Q5QPE5;A0A087WUY5",-0.0466398449870127,24.7986032351426,-0.0823298951048539,0.934911418030667,0.968123742641982,-6.5569343408627,"Q9Y5X3;Q53FH8;Q6P5V6;B7Z476;Q5QPE4;Q5QPE5;A0A087WUY5","Q9Y5X3"
"Q9GZT8;Q658J0;E7EXA3;Q6X734;B8ZZI0;C9JN42",-0.0516795358535269,25.4683148299523,-0.0818604177541925,0.935281721405594,0.968185758069713,-6.55697333096612,"Q9GZT8;Q658J0;E7EXA3;Q6X734;B8ZZI0;C9JN42","Q9GZT8"
"P31025;Q5VSP4",-0.0451225767815338,22.880750305062,-0.0809536980389243,0.935996944093409,0.968506499237854,-6.55704800316207,"P31025;Q5VSP4","P31025"
"P25789;B2RDG0;H0YN18;H0YMZ1;H0YL69;H0YMA1;H0YKT8;H0YMI6;H0YLC2;H0YKS0;H0YLS6;H0YMV3",0.0443274671505023,27.5029527704229,0.0802262419971199,0.936570802362366,0.968506499237854,-6.55710731118375,"P25789;B2RDG0;H0YN18;H0YMZ1;H0YL69;H0YMA1;H0YKT8;H0YMI6;H0YLC2;H0YKS0;H0YLS6;H0YMV3","P25789"
"Q9UNK0;I3L305;I3L3D0;K7ER37;K7EQB1",0.0424504602733649,23.0644092692337,0.0802071286110154,0.936585880544396,0.968506499237854,-6.55710886224479,"Q9UNK0;I3L305;I3L3D0;K7ER37;K7EQB1","Q9UNK0"
"P24821",-0.0471469002823817,23.0431062839691,-0.07989307448664,0.936833635203786,0.968506499237854,-6.55713429499415,"P24821","P24821"
"O75131;Q05DL8;A0A087WYQ3;E5RHZ0;A0A087WXR6;H0YB26;A0A087WUS8;E5RFT7;Q9UBL6;Q4G168;B3KWK1;O95741",0.043000973811349,28.3164172035723,0.078627588263742,0.937832031396207,0.969019506203678,-6.55723576601089,"O75131;Q05DL8;A0A087WYQ3;E5RHZ0;A0A087WXR6;H0YB26;A0A087WUS8;E5RFT7;Q9UBL6;Q4G168;B3KWK1;O95741","O75131"
"O60353;B4E236;B7ZB79;B2R9H9;G5EA13;E5RJG0;Q8TDT9;Q59ES7;B4DL33",0.0442934022676376,23.3942978451929,0.0781987879309912,0.938170353649832,0.969019506203678,-6.55726978135248,"O60353;B4E236;B7ZB79;B2R9H9;G5EA13;E5RJG0;Q8TDT9;Q59ES7;B4DL33","O60353"
"Q68EM7;C9IZD3;A0A2X0SF71;B4DWE9;I3L4P6;I3L4P0;I3L1S9",-0.0420791890590095,25.2148379021199,-0.0780827444184555,0.93826191366948,0.969019506203678,-6.5572789547402,"Q68EM7;C9IZD3;A0A2X0SF71;B4DWE9;I3L4P6;I3L4P0;I3L1S9","Q68EM7"
"P23246;Q9BSV4;Q86VG2;A0A384N5Z8;A0A8Q3WMA7;Q6PIX2;H0Y9U2;H0Y9K7",0.0431948969058382,23.6332035793408,0.0763614276686157,0.939620157477029,0.970101049708988,-6.55741342788507,"P23246;Q9BSV4;Q86VG2;A0A384N5Z8;A0A8Q3WMA7;Q6PIX2;H0Y9U2;H0Y9K7","P23246"
"Q14254;Q6FG43;E7EMK3;Q9BTI6",-0.0398075121446944,27.0097809903963,-0.0756073397756198,0.940215245818995,0.970394226244026,-6.55747139507615,"Q14254;Q6FG43;E7EMK3;Q9BTI6","Q14254"
"A0A3S6RF40;A0A2U7N6P6;A0A1C4HDH4;A0A0M4KXM6;R9QZF3;D7NQU2;A0A288R0E7;M9P9T2;K7QT40;A0A6B9HR54;R7RU26;C4PIH6",-0.0426232719322286,23.1989246444031,-0.0752124699399021,0.94052687127699,0.970394744132627,-6.55750151955433,"A0A3S6RF40;A0A2U7N6P6;A0A1C4HDH4;A0A0M4KXM6;R9QZF3;D7NQU2;A0A288R0E7;M9P9T2;K7QT40;A0A6B9HR54;R7RU26;C4PIH6","A0A3S6RF40"
"K7EKX9",0.0422625260129443,23.0866240930057,0.0745972417545432,0.94101241931273,0.970574648094049,-6.55754814086253,"K7EKX9","K7EKX9"
"Q01650;Q2MCL6;Q96QB2;Q9UM01;H0YJ95;A0A0C4DGL4;G3V4Z6;B4DVT0;A0A0S2Z502",0.041756779321954,28.5782840812231,0.0741171910578104,0.94139129906956,0.970644450181143,-6.55758425270526,"Q01650;Q2MCL6;Q96QB2;Q9UM01;H0YJ95;A0A0C4DGL4;G3V4Z6;B4DVT0;A0A0S2Z502","Q01650"
"Q58FF8",-0.0501131150083154,23.9807097941377,-0.0717717021009343,0.94324267334368,0.972231955769642,-6.55775734111565,"Q58FF8","Q58FF8"
"Q9C0B5;H0YEF4;E9PMA5",-0.0388237956493072,27.0523464428125,-0.0706898456413108,0.944096728500713,0.972690496834368,-6.55783530315614,"Q9C0B5;H0YEF4;E9PMA5","Q9C0B5"
"Q9Y2E4;A0A0U1RQW6;Q86XV3",0.0385566217353315,23.5248138973069,0.0704181040141514,0.944311261434583,0.972690496834368,-6.55785469972524,"Q9Y2E4;A0A0U1RQW6;Q86XV3","Q9Y2E4"
"Q14160;A0A0G2JNZ2;A0A0G2JPP5;A0A669KB89;A0A0G2JMS7;A0PJK8;H0YCG0;H0YDF9;A0A669KAX5;Q8WYU8",0.0393323787474564,27.740761522905,0.0697527897826264,0.944836527534514,0.972730509204467,-6.55790187374197,"Q14160;A0A0G2JNZ2;A0A0G2JPP5;A0A669KB89;A0A0G2JMS7;A0PJK8;H0YCG0;H0YDF9;A0A669KAX5;Q8WYU8","Q14160"
"Q8TD16",-0.0405083831206454,23.0560658411603,-0.0692714058186785,0.945216596245229,0.972730509204467,-6.55793572706844,"Q8TD16","Q8TD16"
"Q9UNS2;H7C3P9;B4DN01;C9JLV5;J3QKR0;J3KTQ1;K7ES36;J3QL22;J3QS85;K7ELN6",0.0387257737463358,26.0852405211518,0.0691838523022661,0.945285724077826,0.972730509204467,-6.55794185907978,"Q9UNS2;H7C3P9;B4DN01;C9JLV5;J3QKR0;J3KTQ1;K7ES36;J3QL22;J3QS85;K7ELN6","Q9UNS2"
"P04899;Q96C71;B3KX51;B3KP24;Q93020;Q6LCB5;Q5T697;P19087;A8MTJ3;P11488;F8WE78;A0A3B3ITG4;O43383;A0A3B3ITX3;A0A3B3IS42;A0A3B3IU77;A0A3B3IRK0;Q6AWC5",0.0350477624110681,31.9060723628841,0.0649348525892773,0.948641028532066,0.975861269126489,-6.55823012950772,"P04899;Q96C71;B3KX51;B3KP24;Q93020;Q6LCB5;Q5T697;P19087;A8MTJ3;P11488;F8WE78;A0A3B3ITG4;O43383;A0A3B3ITX3;A0A3B3IS42;A0A3B3IU77;A0A3B3IRK0;Q6AWC5","P04899"
"O76003;A0A140VJK1",0.0345140851981753,26.2195574939091,0.0619805054546676,0.950974552516197,0.977911131434761,-6.55841980292158,"O76003;A0A140VJK1","O76003"
"Q9BTT6;A8K883;Q5T0G3",-0.0351331065619469,26.6340540754405,-0.0616181674770264,0.951260779984952,0.977911131434761,-6.55844245778283,"Q9BTT6;A8K883;Q5T0G3","Q9BTT6"
"O75915;B4DZZ0;B3KQB4;F8WF90;C9JQU6;F8WF33;B4DWQ6",-0.0357547620545269,25.4689635322107,-0.0596336129442192,0.952828587037188,0.978507958551591,-6.55856418478707,"O75915;B4DZZ0;B3KQB4;F8WF90;C9JQU6;F8WF33;B4DWQ6","O75915"
"M0QYT0",-0.0302125917694838,23.2180830031228,-0.059611309119489,0.952846208259601,0.978507958551591,-6.55856553020354,"M0QYT0","M0QYT0"
"Q12955;Q59G01;A0A087WTF3;Q8NAK2",0.0322013464670761,23.3457737976047,0.0594156458488698,0.953000793813659,0.978507958551591,-6.55857731147923,"Q12955;Q59G01;A0A087WTF3;Q8NAK2","Q12955"
"P16152;A0A384NL53;E9PQ63;A8MTM1",-0.0316517661624367,27.93038317603,-0.0590518880113344,0.95328818894005,0.978507958551591,-6.55859911114656,"P16152;A0A384NL53;E9PQ63;A8MTM1","P16152"
"Q4KMQ2;A0A7P0TBC5;A0A7P0TAW4;A0A7P0T8Y2;A0A7P0TAF4;A0A7P0TBI1;B4E1V1;B4DZA5;A0A7P0TBD5;B3KX12",-0.032898247849463,27.1648191776934,-0.0588977556021823,0.953409966668255,0.978507958551591,-6.55860830778673,"Q4KMQ2;A0A7P0TBC5;A0A7P0TAW4;A0A7P0T8Y2;A0A7P0TAF4;A0A7P0TBI1;B4E1V1;B4DZA5;A0A7P0TBD5;B3KX12","Q4KMQ2"
"P43307;C9J3L8;C9J5W0;B2R6N9;A0A3B3IRT8;E9PAL7;C9IZQ1",-0.031039801400162,24.1776046568425,-0.0580700743253931,0.954063924795841,0.978857033367838,-6.55865728217002,"P43307;C9J3L8;C9J5W0;B2R6N9;A0A3B3IRT8;E9PAL7;C9IZQ1","P43307"
"A0A3B3IUC1",-0.0321279690767469,23.065091641818,-0.0566421874048987,0.955192186578498,0.979139329022548,-6.55874014216898,"A0A3B3IUC1","A0A3B3IUC1"
"P01024;V9HWA9;A0A8Q3SI05;A0A8Q3WM02;B4E216;A0A8Q3SI45;A0A8Q3SI22;M0QYC8;M0QXZ3;A0A8Q3SI34;B4DR57;M0R0Q9;A0A8Q3WLS3;A0A8Q3WKN7",0.030234098339541,28.168581471104,0.0556776737025812,0.955954361955945,0.979139329022548,-6.5587949456519,"P01024;V9HWA9;A0A8Q3SI05;A0A8Q3WM02;B4E216;A0A8Q3SI45;A0A8Q3SI22;M0QYC8;M0QXZ3;A0A8Q3SI34;B4DR57;M0R0Q9;A0A8Q3WLS3;A0A8Q3WKN7","P01024"
"P29992;Q59FM5;K7EL62;A0A087WVZ3;Q99061",0.0300287011250866,30.3646285080426,0.0551924309053601,0.956337825208136,0.979139329022548,-6.55882216125158,"P29992;Q59FM5;K7EL62;A0A087WVZ3;Q99061","P29992"
"P60983;G3V4P8;O60234;G3V3X4;M0QYG8;M0R1D2;M0R0C1;Q59G69;M0QYJ8;Q8TDZ6",-0.0291049198449649,27.8947169392287,-0.0548226727061045,0.956630033845671,0.979139329022548,-6.55884273981959,"P60983;G3V4P8;O60234;G3V3X4;M0QYG8;M0R1D2;M0R0C1;Q59G69;M0QYJ8;Q8TDZ6","P60983"
"Q15642;A7VJC9;W4VSQ9;M0R2H7;M0R0F9;M0R070",0.0304472213239571,26.3900273567811,0.0546585576513858,0.956759730933688,0.979139329022548,-6.55885182918437,"Q15642;A7VJC9;W4VSQ9;M0R2H7;M0R0F9;M0R070","Q15642"
"P61026;Q53T70;Q53SX4;Q9UL28",-0.0286549098521505,30.497733282087,-0.0546462593250812,0.956769450121581,0.979139329022548,-6.55885250921879,"P61026;Q53T70;Q53SX4;Q9UL28","P61026"
"P27816;E7EVA0;A0A804HKE7;B4DM10;Q86Y04;H0Y2V1;H7C4C5;F8W9U4;B4DSQ1;B5MEG9;Q8NDS5;Q6NX68;Q05D06;H7C456;A0A0J9YVV8;A0A0J9YW37",0.0323443960576704,25.6473059564349,0.0544432880531102,0.956929856329814,0.979139329022548,-6.55886371039063,"P27816;E7EVA0;A0A804HKE7;B4DM10;Q86Y04;H0Y2V1;H7C4C5;F8W9U4;B4DSQ1;B5MEG9;Q8NDS5;Q6NX68;Q05D06;H7C456;A0A0J9YVV8;A0A0J9YW37","P27816"
"P48637;V9HWJ1;A0A2R8Y430;B7Z1C5;B7Z514;A0A2R8Y5T7;A0A2R8Y6Q7;A0A2R8YF34;A0A2R8Y7I7;A0A2R8Y790;A0A2R8Y446;A0A0S2Z4J7;A0A2R8Y2F2;A0A2R8Y2X9;A0A2R8Y6Y6;A0A2R8Y4V9",-0.028652942285845,27.1293127975942,-0.053732235863301,0.957491808295745,0.979139329022548,-6.55890262179778,"P48637;V9HWJ1;A0A2R8Y430;B7Z1C5;B7Z514;A0A2R8Y5T7;A0A2R8Y6Q7;A0A2R8YF34;A0A2R8Y7I7;A0A2R8Y790;A0A2R8Y446;A0A0S2Z4J7;A0A2R8Y2F2;A0A2R8Y2X9;A0A2R8Y6Y6;A0A2R8Y4V9","P48637"
"Q13526;K7EN45;K7EMU7;B3KUM4",-0.0292961747271505,25.6595508724323,-0.0535821462366281,0.957610428536034,0.979139329022548,-6.55891076988593,"Q13526;K7EN45;K7EMU7;B3KUM4","Q13526"
"P78330;C9JBI3;Q53EY1",-0.027523350115807,25.3169379897392,-0.0534204115114336,0.957738253341691,0.979139329022548,-6.5589195246568,"P78330;C9JBI3;Q53EY1","P78330"
"Q14444;E9PLA9;B4DSF8;G3V153;B3KXU8",0.0316990282671803,25.4988752037623,0.0530657868066321,0.958018530062478,0.979139329022548,-6.55893862802962,"Q14444;E9PLA9;B4DSF8;G3V153;B3KXU8","Q14444"
"Q8WWI5;A0A8V8TN05;A0A8V8TN34;B3KMS7;B3KWF2",0.0290044894613608,27.9425904942271,0.0529548646816912,0.95810619819712,0.979139329022548,-6.5589445772046,"Q8WWI5;A0A8V8TN05;A0A8V8TN34;B3KMS7;B3KWF2","Q8WWI5"
"Q8N3E9;H0YGF8;F5GXC1;K7EQF2",-0.0284990785802215,25.680749989092,-0.0522298845286925,0.958679204744311,0.979404009039472,-6.55898315413016,"Q8N3E9;H0YGF8;F5GXC1;K7EQF2","Q8N3E9"
"P27144;F8VS11;A0A8I5KW96;A0A384N647;K4Q5R3",-0.0283134532348939,23.0244732922963,-0.0514241786181003,0.959316041210152,0.979442100332789,-6.55902540277043,"P27144;F8VS11;A0A8I5KW96;A0A384N647;K4Q5R3","P27144"
"Q9Y625;B4E2M1",0.0284177213151224,24.9375707314148,0.0513881251534241,0.95934453879983,0.979442100332789,-6.55902727794874,"Q9Y625;B4E2M1","Q9Y625"
"P11233;H7C3P7;C9JPE8",-0.0297512277115786,29.9768126198936,-0.050300431294519,0.960204305563908,0.979769159763775,-6.55908323180819,"P11233;H7C3P7;C9JPE8","P11233"
"O00754;B4E0K9;Q59E90;A8K6A7;M0QZ24;M0R174;Q93093",0.027349839598326,23.4675571457757,0.0501880428759155,0.960293145687034,0.979769159763775,-6.55908894514685,"O00754;B4E0K9;Q59E90;A8K6A7;M0QZ24;M0R174;Q93093","O00754"
"B3KP61",-0.0300888016366692,22.8349550450046,-0.0493230823054716,0.960976891751316,0.980146149565845,-6.55913248839228,"B3KP61","B3KP61"
"P63010;A0A140VJE8;A8K916;A8K0G3;Q68DI0;A0A087X253;B4DWG4;A0A087WU93;A0A087WZQ6;A0A087WYD1;B4E261;Q96EL6;B4DIL5;K7ERB2;K7EN71;K7EJ01;K7EJX1;K7EKZ5;H7C034;A0A087WXS3",-0.0258928047318996,28.2396145354794,-0.0481733740248989,0.961885775660385,0.980676350305279,-6.55918919461867,"P63010;A0A140VJE8;A8K916;A8K0G3;Q68DI0;A0A087X253;B4DWG4;A0A087WU93;A0A087WZQ6;A0A087WYD1;B4E261;Q96EL6;B4DIL5;K7ERB2;K7EN71;K7EJ01;K7EJX1;K7EKZ5;H7C034;A0A087WXS3","P63010"
"Q92896;H3BM42;Q6ZMF1;H3BQT1",0.0262047394779827,25.5771954264645,0.0475088395019646,0.962411136811919,0.980676350305279,-6.55922136115271,"Q92896;H3BM42;Q6ZMF1;H3BQT1","Q92896"
"Q99622;U3KQ85;F5GXW5;U3KQ07",0.0309836958658565,23.7387635929967,0.0469753143660444,0.962832938253879,0.980676350305279,-6.55924686291425,"Q99622;U3KQ85;F5GXW5;U3KQ07","Q99622"
"P54619;F8VYY9;H0YIC9;H0YHF8;F8VSL2;F8VVA3;F8VZX1;F8VSH3;F8W046;F8VRY2;B4E094;F8VPF5",-0.0244154656811872,26.1782288654269,-0.0469018881784746,0.962890989368758,0.980676350305279,-6.55925035004188,"P54619;F8VYY9;H0YIC9;H0YHF8;F8VSL2;F8VVA3;F8VZX1;F8VSH3;F8W046;F8VRY2;B4E094;F8VPF5","P54619"
"O14950;P19105;J3QRS3;Q53HL1;Q2F834;P24844;Q71U02;Q6IBG1;A0A384NY64;J3KTJ1",0.0243522316472067,29.3718179146592,0.0466769553823029,0.963068823656643,0.980676350305279,-6.55926099851599,"O14950;P19105;J3QRS3;Q53HL1;Q2F834;P24844;Q71U02;Q6IBG1;A0A384NY64;J3KTJ1","O14950"
"Q9P0L0;A8KA83;J3QKM9;E5RK64;Q59EZ6",0.0274225791811809,26.5805384916799,0.0460487807083692,0.963565475485972,0.980861853146458,-6.55929046567046,"Q9P0L0;A8KA83;J3QKM9;E5RK64;Q59EZ6","Q9P0L0"
"Q13362;Q96B13;Q96L51;Q96L52;Q7L7W2;A0A8Q3WKR3;Q86U13;H0YN84;H0YJU0",-0.0247643903750721,23.080583859805,-0.0437816403496762,0.965358059625364,0.982365999338176,-6.55939349507577,"Q13362;Q96B13;Q96L51;Q96L52;Q7L7W2;A0A8Q3WKR3;Q86U13;H0YN84;H0YJU0","Q13362"
"Q92572;B2R4I8;F5H459",0.0298857864340789,25.4350876725626,0.0412489038240037,0.967360862265601,0.983819268544023,-6.5595024450925,"Q92572;B2R4I8;F5H459","Q92572"
"Q9BTE1;B4DS97;H3BR94;H3BUD2;H3BS05",-0.0215215171295,25.3051394684158,-0.0411778864240651,0.967417023605168,0.983819268544023,-6.55950540649241,"Q9BTE1;B4DS97;H3BR94;H3BUD2;H3BS05","Q9BTE1"
"Q92520;C9JP35;C9JMN4",0.0201370502328402,23.648898438352,0.0393943691752843,0.968827503438454,0.98493252386719,-6.55957810538603,"Q92520;C9JP35;C9JMN4","Q92520"
"P61970;A0A8V8TRD3;H3BRV9;A0A8V8TPY3;A0A8V8TR25",0.0202743661424343,27.2057005152825,0.0382035629085778,0.969769299933292,0.985483372993818,-6.55962485283371,"P61970;A0A8V8TRD3;H3BRV9;A0A8V8TPY3;A0A8V8TR25","P61970"
"P62258;V9HW98;G9K389;G9K388;B7ZA86;B4DJB0;B4DJF2;I3L3T1;K7EIT4;K7EM20;I3L0W5;B3KT37",-0.0203285759717815,32.3470926311201,-0.0377874249114794,0.970098429715344,0.985483372993818,-6.55964085088148,"P62258;V9HW98;G9K389;G9K388;B7ZA86;B4DJB0;B4DJF2;I3L3T1;K7EIT4;K7EM20;I3L0W5;B3KT37","P62258"
"P09417;A0A140VKA9;B7Z415;D6RGG7;D6RHJ7;H0Y8F7",-0.0192044244000655,25.8343587990191,-0.0375107874529803,0.970317229388911,0.985483372993818,-6.55965138901148,"P09417;A0A140VKA9;B7Z415;D6RGG7;D6RHJ7;H0Y8F7","P09417"
"P06744;A0A2U3TZU2;A0A1W6AYU6;B4DE36;K7EQ48;A0A0J9YXP8;A0A2R8Y6C7;A0A0J9YYH3;A0A0J9YX90;K7ERC6;K7EPY4;K7EP41;K7ENA0;A0A0J9YXM3;K7ELR7;A0A2R8YF08;K7ERK8;A0A0J9YXH9;K7EIL4;Q59F85",-0.0193950939804779,23.3992266515223,-0.0370723363438786,0.97066401642948,0.985514670326676,-6.55966793261155,"P06744;A0A2U3TZU2;A0A1W6AYU6;B4DE36;K7EQ48;A0A0J9YXP8;A0A2R8Y6C7;A0A0J9YYH3;A0A0J9YX90;K7ERC6;K7EPY4;K7EP41;K7ENA0;A0A0J9YXM3;K7ELR7;A0A2R8YF08;K7ERK8;A0A0J9YXH9;K7EIL4;Q59F85","P06744"
"P61019;A0A0A1HAW1;E9PKL7;H7C125;O75546;Q9UL31;E9PE37;H0YDL5;H0YD31",-0.0193754434401079,28.040200168333,-0.0361120224405609,0.971423584097276,0.985964906866061,-6.55970348759669,"P61019;A0A0A1HAW1;E9PKL7;H7C125;O75546;Q9UL31;E9PE37;H0YDL5;H0YD31","P61019"
"Q6NXE6;F5H2X2;F5H2K4;F5GWV0;F5H4P3;F5H3X1;F5H052;B4E1N1;Q68CW5;F5GZP0;H0YH65;F5H6J3",-0.0223624608783837,23.5014725039441,-0.0345590686936413,0.972651962022859,0.986890523600943,-6.55975901030097,"Q6NXE6;F5H2X2;F5H2K4;F5GWV0;F5H4P3;F5H3X1;F5H052;B4E1N1;Q68CW5;F5GZP0;H0YH65;F5H6J3","Q6NXE6"
"P31939;V9HWH7;B2R7P8;C9JLK0;F8WEF0",-0.0180729226205969,27.4588520447857,-0.0331854081016314,0.97373857685293,0.987352450448158,-6.55980608906661,"P31939;V9HWH7;B2R7P8;C9JLK0;F8WEF0","P31939"
"P50583",0.0197833613587264,23.2312415496452,0.033059736667804,0.973837990052035,0.987352450448158,-6.55981030082142,"P50583","P50583"
"A8K2R8",-0.017930012837553,22.9486991682925,-0.0327829997616836,0.974056906068926,0.987352450448158,-6.55981951905266,"A8K2R8","A8K2R8"
"P50579;A0A140VJE3;G3V1U3;B3KWL6;F8VQZ7;F8VRR3;F8VY03;F8VSC4;F8VZX9;Q96B43",-0.0208604603790015,24.2944136826054,-0.0316615481450643,0.974944064495932,0.987930648850816,-6.55985608190017,"P50579;A0A140VJE3;G3V1U3;B3KWL6;F8VQZ7;F8VRR3;F8VY03;F8VSC4;F8VZX9;Q96B43","P50579"
"Q15185;A0A087WYT3;B3KUY2;B4DDC6",-0.016129969338639,28.2059821768529,-0.0308367237296612,0.975596587763538,0.988270788319089,-6.5598821616659,"Q15185;A0A087WYT3;B3KUY2;B4DDC6","Q15185"
"O00303;B4DMT5;B3KSH1;H0YDT6;B4DEW9;A0A7I2YQA0;A0A1W2PP79;A0A7I2V4S2;Q9BX72",-0.014977465266977,27.1207689011603,-0.0276657958717254,0.978105282220847,0.990490381573644,-6.55997601220835,"O00303;B4DMT5;B3KSH1;H0YDT6;B4DEW9;A0A7I2YQA0;A0A1W2PP79;A0A7I2V4S2;Q9BX72","O00303"
"Q14766;C9JD84;E7EV71;B7ZLY3;B4DZD1;B4DNR7;B4DST8;H7BZ76;H7C0I7;B4DRF7",0.0180992845571311,24.1705520676694,0.0271655188028886,0.978501100184765,0.99056903943537,-6.55998988988055,"Q14766;C9JD84;E7EV71;B7ZLY3;B4DZD1;B4DNR7;B4DST8;H7BZ76;H7C0I7;B4DRF7","Q14766"
"Q7Z5G4;A0A8Q3WLM5;A0A8I5KQW6;A0A8Q3WKQ1;A0A8Q3SHJ7;A0A8Q3WLN5;A0A8I5KXE5",0.01468431055876,28.0336547769587,0.0267648146931645,0.978818140282081,0.99056903943537,-6.56000082276153,"Q7Z5G4;A0A8Q3WLM5;A0A8I5KQW6;A0A8Q3WKQ1;A0A8Q3SHJ7;A0A8Q3WLN5;A0A8I5KXE5","Q7Z5G4"
"Q9UGP4;C9JRJ5",0.0141596129525432,23.1451045586752,0.0245889730315817,0.980539742437333,0.991301092024514,-6.56005735268999,"Q9UGP4;C9JRJ5","Q9UGP4"
"P33316;A0A0C4DGL3;H0YNW5;H0YKC5;H0YMM5;H0YNJ9;H0YKI0",-0.0134874576878232,23.1988044648461,-0.0245204085266379,0.98059399466505,0.991301092024514,-6.56005905619453,"P33316;A0A0C4DGL3;H0YNW5;H0YKC5;H0YMM5;H0YNJ9;H0YKI0","P33316"
"O43291;A0A140VJV6;K7EM91;Q6LEU8;K7ESI5;K7EKQ0;K7ES27",0.0135937295317596,25.386339968893,0.0240816099147945,0.980941199888754,0.991301092024514,-6.56006984564215,"O43291;A0A140VJV6;K7EM91;Q6LEU8;K7ESI5;K7EKQ0;K7ES27","O43291"
"Q2NKY5",-0.013432735698423,23.198853870599,-0.0239973780485071,0.981007849905903,0.991301092024514,-6.56007189449884,"Q2NKY5","Q2NKY5"
"P63261;I3L4N8;B4E3A4;Q8WVW5;B4DVQ0;A0A804GS07;A0A6Q8PFE4;B7ZAP6;B3KWQ3;Q6PJ43;I3L3I0;I3L1U9;Q96FU6;V9HVZ7;J3KT65;I3L3R2;Q96DE1;A5GZ75;A4UCT3;F1BXA6;Q6S8J3;Q9UE89;A5A3E0;A0A2R8YFE2;P0CG38;Q9BYX7;L0R5C4;A0A7P0TBL1",-0.0123685760652492,34.7790347019598,-0.0238421951775113,0.981130641577325,0.991301092024514,-6.56007565037273,"P63261;I3L4N8;B4E3A4;Q8WVW5;B4DVQ0;A0A804GS07;A0A6Q8PFE4;B7ZAP6;B3KWQ3;Q6PJ43;I3L3I0;I3L1U9;Q96FU6;V9HVZ7;J3KT65;I3L3R2;Q96DE1;A5GZ75;A4UCT3;F1BXA6;Q6S8J3;Q9UE89;A5A3E0;A0A2R8YFE2;P0CG38;Q9BYX7;L0R5C4;A0A7P0TBL1","P63261"
"P51665;B2RD27;B4DXI8;H3BNT7;H3BTM8;H3BQV2",0.0128497633637821,26.5490253120846,0.0229640914286025,0.981825468160139,0.991681876681177,-6.56009644400151,"P51665;B2RD27;B4DXI8;H3BNT7;H3BTM8;H3BQV2","P51665"
"O95336;A0A0K0K1K7;M0R261;M0R0U3;M0R1L2",-0.0123968155874969,28.4327275514758,-0.0224606790769292,0.98222381521457,0.991763055893249,-6.56010801304174,"O95336;A0A0K0K1K7;M0R261;M0R0U3;M0R1L2","O95336"
"C9JD81;A0A3B3ITR4;O00522;A0A8I5KWQ7;A4D1F7;A0A8I5KUF9;C9JIY2;C9J718;C9JF32;A0A8I5KW41;A0A8I5KQD8;A0A0C4DG23;A0A8I5KVW5;A0A8I5KX77;A0A8I5KWG2;A0A8I5KVY1;A0A8I5KVY4;A0A8I5KRK7;C9JEW7;A4D1F6",-0.011865633128938,25.612505699663,-0.0215177270505311,0.982969979699961,0.992069727139352,-6.56012899327264,"C9JD81;A0A3B3ITR4;O00522;A0A8I5KWQ7;A4D1F7;A0A8I5KUF9;C9JIY2;C9J718;C9JF32;A0A8I5KW41;A0A8I5KQD8;A0A0C4DG23;A0A8I5KVW5;A0A8I5KX77;A0A8I5KWG2;A0A8I5KVY1;A0A8I5KVY4;A0A8I5KRK7;C9JEW7;A4D1F6","C9JD81"
"P54725;A0A494C0B4",0.0119620676612442,24.7489050187769,0.0212729415113441,0.983163682779012,0.992069727139352,-6.56013429254669,"P54725;A0A494C0B4","P54725"
"P13693;A0A0P1J1R0;B4DKJ4;J3KPG2;Q5W0H4;A0A0B4J2C3;E9PJF7;H0YCX0;Q9UP43;B4DLD6;Q56UQ5",-0.0113116525571577,28.3853298739095,-0.0208350865562056,0.983510167652847,0.992098387098716,-6.56014362029733,"P13693;A0A0P1J1R0;B4DKJ4;J3KPG2;Q5W0H4;A0A0B4J2C3;E9PJF7;H0YCX0;Q9UP43;B4DLD6;Q56UQ5","P13693"
"Q01130;J3QL05;Q8NAK9;J3KP15;Q53FN0;B3KX15;Q6NXQ0;Q8N220;B3KVY2;B3KUF7;B3KUY1",-0.0123325412286981,23.9158576172466,-0.0196435938680485,0.984453040022096,0.992286810402825,-6.56016802086651,"Q01130;J3QL05;Q8NAK9;J3KP15;Q53FN0;B3KX15;Q6NXQ0;Q8N220;B3KVY2;B3KUF7;B3KUY1","Q01130"
"P49207;Q5MK14",-0.0103502164367768,27.6745406787146,-0.0196342381380029,0.984460443650317,0.992286810402825,-6.56016820677865,"P49207;Q5MK14","P49207"
"F5H6I7;B4DXC4",0.0116410542478462,23.1219951132384,0.0192160950642886,0.984791341310084,0.992286810402825,-6.56017642546389,"F5H6I7;B4DXC4","F5H6I7"
"P13804;A0A8I5KVC9;A0A8I5KUR2;H0YKF0;A0A0S2Z3M4;H3BV91;A0A8I5KUF3;A0A0S2Z3L0;A0A8I5KYH4;A0A8I5KVL5;H0YLU7;A0A8I5KT03;A0A8I5KYP7;H0YK49",-0.0100759035655074,24.4147542999405,-0.0189909257014091,0.984969530300463,0.992286810402825,-6.56018077792945,"P13804;A0A8I5KVC9;A0A8I5KUR2;H0YKF0;A0A0S2Z3M4;H3BV91;A0A8I5KUF3;A0A0S2Z3L0;A0A8I5KYH4;A0A8I5KVL5;H0YLU7;A0A8I5KT03;A0A8I5KYP7;H0YK49","P13804"
"Q9UL15;A0A024R6M6;A8K5J7",-0.0109471518532693,23.5256083682855,-0.0181391148262368,0.985643622469695,0.992645288499509,-6.56019677910019,"Q9UL15;A0A024R6M6;A8K5J7","Q9UL15"
"Q99836;B4DT48;B4DU08;A0A494C0J8;B4E3D6;A0A3B3ITY3;A0A8V8TP38;A0A3F2YP85;A0A0A0MSI9",-0.00941439231108987,22.744312265989,-0.01715903005731,0.986419239205354,0.993105747928179,-6.56021428156237,"Q99836;B4DT48;B4DU08;A0A494C0J8;B4E3D6;A0A3B3ITY3;A0A8V8TP38;A0A3F2YP85;A0A0A0MSI9","Q99836"
"Q9Y2X7;A0A0C4DGN6;Q59FC3;B4DMF7;J3QRU8;B4DS81;Q7Z2E5;Q6PIN6;J3QLH1",0.00912543234793972,23.7476715621857,0.0164313326345863,0.986995131102328,0.993364896388565,-6.56022664814137,"Q9Y2X7;A0A0C4DGN6;Q59FC3;B4DMF7;J3QRU8;B4DS81;Q7Z2E5;Q6PIN6;J3QLH1","Q9Y2X7"
"Q9Y3F4;B0AZV0;H0YH33",-0.00793210168297875,26.8114585238575,-0.0151986228511177,0.987970700389243,0.994026004681951,-6.56024637436358,"Q9Y3F4;B0AZV0;H0YH33","Q9Y3F4"
"P35237;A0A024QZX5;A0A087X1N8;A0A2R8YD12;Q8IXH2;A0A2R8Y6A7;A0A2R8YDD0;A0A2R8Y517;A0A2R8Y5S1;A0A2R8Y6N4",-0.00766787901534016,28.5657195378017,-0.0144262451864651,0.988581971515231,0.994320273832959,-6.56025795069811,"P35237;A0A024QZX5;A0A087X1N8;A0A2R8YD12;Q8IXH2;A0A2R8Y6A7;A0A2R8YDD0;A0A2R8Y517;A0A2R8Y5S1;A0A2R8Y6N4","P35237"
"P17858;Q7L2M7;Q9BSP4;B3KNQ7;Q59GI2;B4E108;Q6MZK4;Q7Z3R9;F8WEU2",-0.00734972676856316,27.7850438110938,-0.0130860469525464,0.989642640714366,0.994729987966702,-6.56027660509352,"P17858;Q7L2M7;Q9BSP4;B3KNQ7;Q59GI2;B4E108;Q6MZK4;Q7Z3R9;F8WEU2","P17858"
"P98194;B4E295;B4E2Q0;D6RGE9;D6REJ1;D6RHV9;H0Y9S7;Q59G44;H0Y9V7",-0.00712545360523364,22.8194973363577,-0.0129668259623646,0.989736996395511,0.994729987966702,-6.56027817651973,"P98194;B4E295;B4E2Q0;D6RGE9;D6REJ1;D6RHV9;H0Y9S7;Q59G44;H0Y9V7","P98194"
"B7Z992",0.00661194978172475,30.1714734888906,0.0124503561665905,0.990145750462021,0.994729987966702,-6.56028481789608,"B7Z992","B7Z992"
"Q14353;A0A1W2PR36;V9HWB2;B4DMJ3",-0.00637186811675861,22.8612195293003,-0.0122996509415324,0.990265024891507,0.994729987966702,-6.56028670497264,"Q14353;A0A1W2PR36;V9HWB2;B4DMJ3","Q14353"
"Q96BM9;B2R7U5;Q9NVJ2;B4DQT8;B4E1J8;A0A087X2J2",-0.00647132677464057,27.2911331672421,-0.0113039728501226,0.991053051853536,0.995201052392524,-6.56029859502346,"Q96BM9;B2R7U5;Q9NVJ2;B4DQT8;B4E1J8;A0A087X2J2","Q96BM9"
"P09110;C9JDE9;A0A024R2M6;F2Z2Q6;F2Z3P7;O43203;B4DVF4;A0A140VJX0;H7C131;Q8NCW8;B4DEN6",-0.00620835851538715,22.7872618117298,-0.0104804441997325,0.991704838518445,0.995441828453357,-6.5603076713691,"P09110;C9JDE9;A0A024R2M6;F2Z2Q6;F2Z3P7;O43203;B4DVF4;A0A140VJX0;H7C131;Q8NCW8;B4DEN6","P09110"
"Q9UHD8;A0A0S2Z5A5;A0A0S2Z5W9;A0A6Q8PHC2;K7EL40;K7EK18;K7EQD7;K7EIE4;K7ER52;K7ER14;K7EJZ2;Q1WWK5;K7EKN4;K7ENQ5;K7EN52;K7EJ51;K7EPY1;K7ENL0;B4DTL7;K7EJV0;K7EQ08",-0.00532509320051844,28.1679029008934,-0.00976601786811278,0.992270280221749,0.995441828453357,-6.56031498938245,"Q9UHD8;A0A0S2Z5A5;A0A0S2Z5W9;A0A6Q8PHC2;K7EL40;K7EK18;K7EQD7;K7EIE4;K7ER52;K7ER14;K7EJZ2;Q1WWK5;K7EKN4;K7ENQ5;K7EN52;K7EJ51;K7EPY1;K7ENL0;B4DTL7;K7EJV0;K7EQ08","Q9UHD8"
"O94973;B7Z5S9;A0A0G2JS82;A0A8I5KPP9;A0A0G2JQM1;B7Z1Q4;B3KMI7;Q8N2F8;A0A0G2JQA4;A0A0G2JRF9;Q59FN8;E9PPY8;E9PQP4;A0A0G2JQT9;A0A0G2JS17;A0A8I5KY83;A0A8I5KYZ9;A0A0G2JQF7;A0A0G2JRS3;A0A0G2JQV2;E9PNC4;A0A0G2JQP3;A0A8I5KV06;A0A8I5QJV7;Q9UFK5;A0A0G2JRP9;M0R2D9",0.00510590197237448,26.2768858454785,0.0093135637832962,0.992628382821083,0.995441828453357,-6.56031935685442,"O94973;B7Z5S9;A0A0G2JS82;A0A8I5KPP9;A0A0G2JQM1;B7Z1Q4;B3KMI7;Q8N2F8;A0A0G2JQA4;A0A0G2JRF9;Q59FN8;E9PPY8;E9PQP4;A0A0G2JQT9;A0A0G2JS17;A0A8I5KY83;A0A8I5KYZ9;A0A0G2JQF7;A0A0G2JRS3;A0A0G2JQV2;E9PNC4;A0A0G2JQP3;A0A8I5KV06;A0A8I5QJV7;Q9UFK5;A0A0G2JRP9;M0R2D9","O94973"
"P62330;Q5U025;Q6FH17;A0A8I5QJX7",0.00471735430756581,30.0786892739032,0.00903702432595075,0.992847255522162,0.995441828453357,-6.5603219242569,"P62330;Q5U025;Q6FH17;A0A8I5QJX7","P62330"
"A0A6Q8PH20;A0A0C4DGB5;A0A1S5UZ18;Q59HE3;P20810;B7Z574;E7EVY3;A0A6Q8PG72;E9PCH5;E9PDE4;B7Z6N0;A0A6Q8PFE5;A0A6Q8PGG5;E7ES10;B7Z5T9;B7Z4U9;B7Z5T6;Q86YM9;B2RCJ7;A0A6Q8PFF6;H0Y7F0;Q6AZE3;E7EQA0;A8K8C4;H0YA91;A0A6Q8PFL0;Q13940;H0Y944;A0A0C4DGD1;E7EN75;D6RBR1;D6RGF7;A0A6Q8PG40;B7Z8U1;E7EQK6;D6RBZ8;Q9Y2M4",0.00499036575472545,27.3544907519407,0.00898479293958952,0.992888595164602,0.995441828453357,-6.56032240048722,"A0A6Q8PH20;A0A0C4DGB5;A0A1S5UZ18;Q59HE3;P20810;B7Z574;E7EVY3;A0A6Q8PG72;E9PCH5;E9PDE4;B7Z6N0;A0A6Q8PFE5;A0A6Q8PGG5;E7ES10;B7Z5T9;B7Z4U9;B7Z5T6;Q86YM9;B2RCJ7;A0A6Q8PFF6;H0Y7F0;Q6AZE3;E7EQA0;A8K8C4;H0YA91;A0A6Q8PFL0;Q13940;H0Y944;A0A0C4DGD1;E7EN75;D6RBR1;D6RGF7;A0A6Q8PG40;B7Z8U1;E7EQK6;D6RBZ8;Q9Y2M4","A0A6Q8PH20"
"P15260;Q7Z687;A0A8Q3SJ27;A0A8Q3WLI6;A0A2R8YFL3;Q5TFC9;B4DLL6;A0A2R8Y7R1;A0A2R8Y4U4;Q14936;Q9BY69;Q53GX8;B2R6Q9;A0A0S2Z3Y2",0.00410895288554158,23.7475885963113,0.00719493488009616,0.9943052277412,0.996541775489975,-6.56033705181287,"P15260;Q7Z687;A0A8Q3SJ27;A0A8Q3WLI6;A0A2R8YFL3;Q5TFC9;B4DLL6;A0A2R8Y7R1;A0A2R8Y4U4;Q14936;Q9BY69;Q53GX8;B2R6Q9;A0A0S2Z3Y2","P15260"
"P02675;B4E1D3;V9HVY1;D6REL8",0.00303314653184827,23.6855632352056,0.00509691880246581,0.995965784117966,0.997753891885347,-6.56035009890416,"P02675;B4E1D3;V9HVY1;D6REL8","P02675"
"Q96CW1;A0A087WY71;E9PFW3;C9JPV8;C9JGT8;A0A8I5KWD3;C9JJD3;B4DNB9;H7C4C3;C9JTK4;B4E304;B4DJB1;B4DFM1;B4DTI4;B7Z4N2;C9JJ47;A0A8I5QJU5;A0A8I5KT55;A0A8I5KTP2",0.0026569558414451,27.7409886204339,0.00485859676052323,0.996154414662062,0.997753891885347,-6.56035129927566,"Q96CW1;A0A087WY71;E9PFW3;C9JPV8;C9JGT8;A0A8I5KWD3;C9JJD3;B4DNB9;H7C4C3;C9JTK4;B4E304;B4DJB1;B4DFM1;B4DTI4;B7Z4N2;C9JJ47;A0A8I5QJU5;A0A8I5KT55;A0A8I5KTP2","Q96CW1"
"P10586;Q5W9G3;H0Y6Z7;Q59FI2;H0Y7Z9;B3KXA8;H0Y380;Q7Z3X4;H0Y4H1;B3KWM1;B3KXJ7;B4DWI5;B4DK48;F5GWR7;Q3KPI9;P23468;Q2HXI4;Q59H90;Q13332;G8JL96;Q9UM81;Q59FX6",0.00222892513617978,25.4486264140214,0.00383545137161694,0.996964230856099,0.998244441746444,-6.56035579963486,"P10586;Q5W9G3;H0Y6Z7;Q59FI2;H0Y7Z9;B3KXA8;H0Y380;Q7Z3X4;H0Y4H1;B3KWM1;B3KXJ7;B4DWI5;B4DK48;F5GWR7;Q3KPI9;P23468;Q2HXI4;Q59H90;Q13332;G8JL96;Q9UM81;Q59FX6","P10586"
"Q14126;J3KSI6;A0A804HJQ3;A0A804HIA2",-0.00146184873108268,27.440449563946,-0.00263741010529661,0.997912480664662,0.998628900139678,-6.56035972297532,"Q14126;J3KSI6;A0A804HJQ3;A0A804HIA2","Q14126"
"P68400;Q8NEV1;Q5U5J2;B5BUH5;E7EU96;A0A2R8YD58;B2R6D7;Q2I0Y7;A0A2R8YF43;A0A2R8Y5A0;A0A2R8Y4D6;A0A2R8YFU2;A0A2R8Y4H0;A0A2R8YDP2;V9GYA2;A0A2R8YDY7;A0A2R8YEW1;A0A087WY74;A0A2R8Y7T1;A0A2R8Y3W6;A0A2R8YCK2;A0A2R8YF47;V9GY80;A0A2R8YEL7;A0A2R8Y797;V9GYW6",-0.00139104309632643,25.9467891524535,-0.00254130481311567,0.997988548167803,0.998628900139678,-6.56035997477621,"P68400;Q8NEV1;Q5U5J2;B5BUH5;E7EU96;A0A2R8YD58;B2R6D7;Q2I0Y7;A0A2R8YF43;A0A2R8Y5A0;A0A2R8Y4D6;A0A2R8YFU2;A0A2R8Y4H0;A0A2R8YDP2;V9GYA2;A0A2R8YDY7;A0A2R8YEW1;A0A087WY74;A0A2R8Y7T1;A0A2R8Y3W6;A0A2R8YCK2;A0A2R8YF47;V9GY80;A0A2R8YEL7;A0A2R8Y797;V9GYW6","P68400"
"Q9UI10;Q9Y3W7;Q71US4;E7ERK9;Q9HBP7;B4DUP5",-0.00080653645616735,24.6341913887912,-0.00128307673819057,0.998984439340429,0.999304832040666,-6.56036240926954,"Q9UI10;Q9Y3W7;Q71US4;E7ERK9;Q9HBP7;B4DUP5","Q9UI10"
"P23526;A0A384MTQ3;Q1RMG2",0.000177091074704094,28.8115043956627,0.000330848223440492,0.999738132164009,0.999738132164009,-6.56036318679133,"P23526;A0A384MTQ3;Q1RMG2","P23526"
