"UNIPROT","Symbol","degree","betweenness","X.1","logFC","AveExpr","t","P.Value","adj.P.Val","B","X"
"A5D8V6","VPS37C",34,0.327170868347339,"A5D8V6;F5H4Q5;B4DYD9",-2.15951538719385,24.8357054505239,-3.48644061743244,0.00148031375044949,0.00716940774480116,-1.3873030612519,"A5D8V6;F5H4Q5;B4DYD9"
"O00421","CCRL2",4,1.30959595959596,"O00421;B2R8C0;C9JP23",3.30132149905953,24.8959604221596,6.15326433057004,7.79976597715711e-07,1.00526735879145e-05,5.84594588340944,"O00421;B2R8C0;C9JP23"
"O00468","AGRN",16,343.205521544732,"O00468",3.42626529297742,29.9327406768345,6.48616613578246,3.03961964027674e-07,4.53615964498716e-06,6.75547420256518,"O00468"
"O00622","CCN1",6,11.7588177888309,"O00622;B4DI61;Q6FI18;Q53FA4;Q9UID7",5.05294903898214,26.8941940582052,7.70830336638185,1.04437113262502e-08,2.43089071840107e-07,10.0021002541741,"O00622;B4DI61;Q6FI18;Q53FA4;Q9UID7"
"O00762","UBE2C",10,221.596408123124,"O00762;Q5TZN3;B2R4U3;A0A0A0MSE8",2.07025514605591,24.3755192247132,3.64062387219903,0.000976450896111913,0.00501738112845644,-0.995587454997938,"O00762;Q5TZN3;B2R4U3;A0A0A0MSE8"
"O14618","CCS",2,0,"O14618;J3KNF4;E9PP76;E9PK03",1.91564080995792,24.1881257346764,3.67460131562478,0.000890254915085594,0.00461246691055144,-0.908368140360682,"O14618;J3KNF4;E9PP76;E9PK03"
"O14786","NRP1",10,375.994234461877,"O14786;E9PEP6;Q5JWQ6",1.11380901082516,23.9281527719012,1.71124097729349,0.096983749484075,0.226586003476277,-5.14571103658885,"O14786;E9PEP6;Q5JWQ6"
"O14939","PLD2",12,38.3570010690355,"O14939;Q86YQ7;B7Z905;I3L1F3;Q59FT5;I3L222;I3L381;I3L4R5;I3L3I7",-4.07114207337044,24.2708305905938,-7.03816218407712,6.50510739311724e-08,1.15280852040527e-06,8.24219838412241,"O14939;Q86YQ7;B7Z905;I3L1F3;Q59FT5;I3L222;I3L381;I3L4R5;I3L3I7"
"O14980","XPO1",28,1644.86149420523,"O14980;A0A7I2V461;A0A7I2V2Y6;A0A7I2YQV4;A0A7I2V3W6;A0A7I2V2H0;A0A7I2V2S3;A0A7I2V3P3;A0A7I2V3N0;A0A7I2V6B9;A0A7I2V488;B7ZB16;B4DR01;A0A7I2V4A3;A0A7I2YQX3;B3KWD0;C9JKM9;C9J673;A0A7I2V2C5;A0A7I2V3J1;A0A7I2YQP1;F8WF71;A0A7P0Z4B7;C9IYM2",-0.812620026309663,26.500797336966,-1.44659710417965,0.158003363279826,0.322304769083472,-5.53636880780493,"O14980;A0A7I2V461;A0A7I2V2Y6;A0A7I2YQV4;A0A7I2V3W6;A0A7I2V2H0;A0A7I2V2S3;A0A7I2V3P3;A0A7I2V3N0;A0A7I2V6B9;A0A7I2V488;B7ZB16;B4DR01;A0A7I2V4A3;A0A7I2YQX3;B3KWD0;C9JKM9;C9J673;A0A7I2V2C5;A0A7I2V3J1;A0A7I2YQP1;F8WF71;A0A7P0Z4B7;C9IYM2"
"O15143","ARPC1B",28,36.8068979980486,"O15143;A4D275;C9JEY1;C9K057;F8VXW2;C9JBJ7;C9JTT6;C9JM51",-1.40665204418792,28.4990660123468,-2.53988869506161,0.0162946697489525,0.054531196295046,-3.60009065292921,"O15143;A4D275;C9JEY1;C9K057;F8VXW2;C9JBJ7;C9JTT6;C9JM51"
"O15144","ARPC2",30,255.659595656136,"O15144;Q53R19;Q9BXV5;H7C3F9;C9JTV5;G5E9J0;G5E9S7",-1.4436301561972,28.9045281201689,-2.75626416035727,0.00968741548642454,0.0351337777932071,-3.12909193145582,"O15144;Q53R19;Q9BXV5;H7C3F9;C9JTV5;G5E9J0;G5E9S7"
"O15145","ARPC3",28,36.8068979980486,"O15145;B2R4D5;Q2LE71;B4DM63;C9JZD1;F8VR50",-1.05782288925133,28.5345878907565,-1.99151433040273,0.0552595301561731,0.145301914194018,-4.67399623793958,"O15145;B2R4D5;Q2LE71;B4DM63;C9JZD1;F8VR50"
"O15230","LAMA5",34,9.02072119677201,"O15230;O75079;A0A087WYH7;A0A075B783;Q566Q1",3.25992473968899,29.3424343533579,6.07783866419299,9.6666965835638e-07,1.22066504632128e-05,5.63880052592942,"O15230;O75079;A0A087WYH7;A0A075B783;Q566Q1"
"O15511","ARPC5",28,36.8068979980486,"O15511;B1ALC0;B3KTE1;Q6IPM3",-0.979365984593279,29.6463035968815,-1.86692223561472,0.071354253479383,0.178328458815862,-4.8907108649974,"O15511;B1ALC0;B3KTE1;Q6IPM3"
"O43143","DHX15",40,64.1173783054349,"O43143;B4E0S6",-2.16138724665285,25.2753442906256,-3.29032907372228,0.0024915333872542,0.0112461543196032,-1.87492954677393,"O43143;B4E0S6"
"O43390","HNRNPR",52,275.43504121598,"O43390;Q0VGD6;Q6MZS5;A0A6Q8PEX7;B2R7W4;B4DMB1;A0A6Q8PH31;B4DT28;A0A6Q8PHG0;B4DMD1;A0A6Q8PH35;A0A286YEZ8;Q7Z334",-1.69239118068467,25.6243047824309,-2.92931761694299,0.00630650100867233,0.0248045102724451,-2.73594802150477,"O43390;Q0VGD6;Q6MZS5;A0A6Q8PEX7;B2R7W4;B4DMB1;A0A6Q8PH31;B4DT28;A0A6Q8PHG0;B4DMD1;A0A6Q8PH35;A0A286YEZ8;Q7Z334"
"O43520","ATP8B1",6,0,"O43520;A0A2R8Y5C5;A0A3B3IRQ1;O60312;Q8TF62;H0YMP8",-3.0586695083054,25.7919127496405,-4.82597265545341,3.50084511105296e-05,0.00028069758101219,2.1788699655486,"O43520;A0A2R8Y5C5;A0A3B3IRQ1;O60312;Q8TF62;H0YMP8"
"O43633","CHMP2A",44,63.4583649570551,"O43633;M0R1T5;M0R1L7;M0QXX8",-2.21393348963019,29.2315234680724,-3.9775697339894,0.000386591236323846,0.002279353622106,-0.118095370130147,"O43633;M0R1T5;M0R1L7;M0QXX8"
"O43854","EDIL3",2,0,"O43854",12.1021670347627,27.6643390672673,18.321508073659,3.12167282884184e-18,9.73649755315771e-15,29.9845581891108,"O43854"
"O43865","AHCYL1",2,0,"O43865;A0A024R0A8;Q2NKW8;Q6ZMM9;Q9BTL0;O43210;Q6ZMI1",-1.0064718226211,26.4785350869001,-1.84613832750493,0.0743990635187713,0.18431348619146,-4.9257863947648,"O43865;A0A024R0A8;Q2NKW8;Q6ZMM9;Q9BTL0;O43210;Q6ZMI1"
"O60266","ADCY3",10,7.88732936870416,"O60266;B3KNM3;B3KVJ0;B7ZLX9;A0A0A0MSC1;U3KQ91;C9JLX3;H7C1A6;Q8NBM1;C9J969;C9JYB5",-2.52422124603242,24.3399069473909,-4.44479303517111,0.000103890900603735,0.000718482747190797,1.13553233645027,"O60266;B3KNM3;B3KVJ0;B7ZLX9;A0A0A0MSC1;U3KQ91;C9JLX3;H7C1A6;Q8NBM1;C9J969;C9JYB5"
"O60437","PPL",10,1316.11676025165,"O60437;K7EKI8;K7EQ71;B7Z394;A0A2R8Y432;REV__Q8NDI1;REV__A0A140VK17;REV__A8K930;A0A2R8Y7A4;A0A2R8YCP0;REV__H7C1E6;Q5JTW2;A0A2R8Y5W6;A8MST6;A0A2R8Y7U5;A0A2R8Y4C1;A0A2R8Y589;REV__Q9ULW3;A0A2U3TZI9",-7.23705889737411,25.9335201755218,-13.3303064498957,2.07759094071133e-14,4.00514331031947e-12,22.3121947304098,"O60437;K7EKI8;K7EQ71;B7Z394;A0A2R8Y432;REV__Q8NDI1;REV__A0A140VK17;REV__A8K930;A0A2R8Y7A4;A0A2R8YCP0;REV__H7C1E6;Q5JTW2;A0A2R8Y5W6;A8MST6;A0A2R8Y7U5;A0A2R8Y4C1;A0A2R8Y589;REV__Q9ULW3;A0A2U3TZI9"
"O60443","GSDME",2,0,"O60443;C9JSR4;A4FTY0;A4FVA8;A8K410",3.1464189071155,25.1117559482692,5.69238011749986,2.90851671848745e-06,3.17191036537145e-05,4.57561792029103,"O60443;C9JSR4;A4FTY0;A4FVA8;A8K410"
"O60503","ADCY9",14,37.9675261415122,"O60503;I3NI20;I3L342",1.68713812078236,24.4526743513663,3.18523783856216,0.00327881991953031,0.0142432302632522,-2.13079560482944,"O60503;I3NI20;I3L342"
"O60603","TLR2",34,1754.0361013269,"O60603;B3KWR9;A0A0S2Z4S4;K9MV98;A0A0S2Z4L7;A0A2R8Y4N9;D2JYJ1;D2JYJ0;D2JYJ4;D2JYJ3;D2JYJ2;C6KIA9;C6KIA6",-2.71531178105974,24.3318554334199,-5.08221556985892,1.6781358870458e-05,0.000148274952739259,2.88611196906561,"O60603;B3KWR9;A0A0S2Z4S4;K9MV98;A0A0S2Z4L7;A0A2R8Y4N9;D2JYJ1;D2JYJ0;D2JYJ4;D2JYJ3;D2JYJ2;C6KIA9;C6KIA6"
"O60610","DIAPH1",6,466,"O60610;Q6URC4;A0A2R8Y5N1;A0RZB8;A0A1E1ERW3;B4DVR3;Q96IL1;Q7KZJ7;B4E2I7;A0A2R8YEF8;A0RZB7",-1.45572081738884,26.9580553454196,-2.65967567708893,0.0122479341301272,0.0427786187590894,-3.34230256063071,"O60610;Q6URC4;A0A2R8Y5N1;A0RZB8;A0A1E1ERW3;B4DVR3;Q96IL1;Q7KZJ7;B4E2I7;A0A2R8YEF8;A0RZB7"
"O60669","SLC16A7",2,0,"O60669;B4DWX9;F8W0N3;F8VS95",-3.15909057832512,24.2737280458775,-6.14779556052107,7.92197550470764e-07,1.01264924586816e-05,5.83093867209483,"O60669;B4DWX9;F8W0N3;F8VS95"
"O60784","TOM1",8,459.319657910167,"O60784;B4DKQ5;B4DJ44;B0QY01;B3KUU1;B3KUF5;V9GYF4;B0QY02;Q6UW50;F8WE29;V9GZ68;H7BYN7;F8WB30;F8WAW7;F8WBB0",-3.64140592309924,24.6173440529048,-5.64507249724558,3.33103942544149e-06,3.55805204381919e-05,4.44473948567035,"O60784;B4DKQ5;B4DJ44;B0QY01;B3KUU1;B3KUF5;V9GYF4;B0QY02;Q6UW50;F8WE29;V9GZ68;H7BYN7;F8WB30;F8WAW7;F8WBB0"
"O75051","PLXNA2",10,49.8378352296224,"O75051;Q9HAE7;A4D1N7",1.21054167931619,24.1302143487559,2.34748628514997,0.0254333562772469,0.0796452191051537,-3.99769409303063,"O75051;Q9HAE7;A4D1N7"
"O75348","ATP6V1G1",18,0,"O75348;A0A7I2V4K4;A0A7I2V3Q6;A0A7I2V375;O95670;A0A7I2V2N1;A0A7I2YQH3;F2Z307",-2.61766666631453,26.0633532477831,-4.89869562913354,2.84207636501329e-05,0.000231447419908001,2.37924557792947,"O75348;A0A7I2V4K4;A0A7I2V3Q6;A0A7I2V375;O95670;A0A7I2V2N1;A0A7I2YQH3;F2Z307"
"O75351","VPS4B",34,11.1112430832968,"O75351;A8K4G7;A8K5D8;K7EKZ3;Q6PJZ4;K7EL71;Q6PIW4;B3KNH6",-4.55464794408816,27.2015767155841,-7.22759388263631,3.85923457746369e-08,7.47636810379456e-07,8.74508405015599,"O75351;A8K4G7;A8K5D8;K7EKZ3;Q6PJZ4;K7EL71;Q6PIW4;B3KNH6"
"O75531","BANF1",6,466,"O75531;B2R4V4",2.4621098003269,27.4056043967845,4.48054358143373,9.38578304925672e-05,0.00065637348274959,1.23276625474293,"O75531;B2R4V4"
"O75874","IDH1",12,886.89079264132,"O75874;A0A024R3Y6;V9HW78;B2R5M8;Q6FIA4;Q6FI37;Q0QER2;C9J4N6;B4DXS4;C9JLU6;C9JJE5;A0A0A0U6N4",-2.67475194833776,28.2426990087734,-4.90975749061823,2.75331774010982e-05,0.000224806231188548,2.40975186929562,"O75874;A0A024R3Y6;V9HW78;B2R5M8;Q6FIA4;Q6FI37;Q0QER2;C9J4N6;B4DXS4;C9JLU6;C9JJE5;A0A0A0U6N4"
"O75962","TRIO",2,0,"O75962;A0A2X0SFJ0;E7EWP2;A0A8V8TLX5;B4E3M5;F5H228;E7EPJ7;A0A994J7G8;A0A804HII1;A0A804HLI0;H7BXZ5;A0A1S5UZ29;C9IZQ6;A0A804HKT9;O60229;A0A804HLF3;A0A804HI91;A0A804HJC5;A0A804HIP9;A0A804HIN3;A0A804HIK8;A0A804HIY9;A0A804HJX0;A0A804HJ49;A0A804HI42;A0A8V8TNC6;H7C1X7;A0A804HKU9;A0A804HLC8",2.12800480993868,24.6274681577018,3.3383334837684,0.0021955025761836,0.0100702537281127,-1.75674735639035,"O75962;A0A2X0SFJ0;E7EWP2;A0A8V8TLX5;B4E3M5;F5H228;E7EPJ7;A0A994J7G8;A0A804HII1;A0A804HLI0;H7BXZ5;A0A1S5UZ29;C9IZQ6;A0A804HKT9;O60229;A0A804HLF3;A0A804HI91;A0A804HJC5;A0A804HIP9;A0A804HIN3;A0A804HIK8;A0A804HIY9;A0A804HJX0;A0A804HJ49;A0A804HI42;A0A8V8TNC6;H7C1X7;A0A804HKU9;A0A804HLC8"
"O94813","SLIT2",2,0,"O94813;A0A087WYV5;X6R3P0;B3KNE2;H0Y9Z6;H0Y968;E9PCX4;F5H0U4",2.76067852295196,25.280227677296,5.00734174537302,2.08077135945734e-05,0.000177320378965777,2.67913891141341,"O94813;A0A087WYV5;X6R3P0;B3KNE2;H0Y9Z6;H0Y968;E9PCX4;F5H0U4"
"O94907","DKK1",2,0,"O94907;I1W660",1.71436988300294,24.6561364817686,3.14056396176243,0.00368105792217434,0.0156847263104669,-2.23832191537479,"O94907;I1W660"
"O95352","ATG7",6,0,"O95352;B3KQM6;B2RB57;B4DQK1;H7C059;C9JE55;C9J415;C9JFF4;H7C2R3;H7BZ92;H7C2J8",-1.19107920576491,24.2287864768536,-2.11459070505696,0.0425708202972235,0.117920416080853,-4.44942329241217,"O95352;B3KQM6;B2RB57;B4DQK1;H7C059;C9JE55;C9J415;C9JFF4;H7C2R3;H7BZ92;H7C2J8"
"O95466","FMNL1",2,0,"O95466",6.21848493847222,25.313810015985,11.038284940803,2.72292960511633e-12,1.80698243369316e-10,17.8287413022641,"O95466"
"O95477","ABCA1",8,163.084045962503,"O95477;B7XCW9;B2RUU2;A0A7I2V5U0;Q6ZNR3;Q59HC0;A5D8U6;B1AMI2",2.64861596146374,24.2579289780299,4.63245238345944,6.08895647001279e-05,0.000453256688066107,1.647494346049,"O95477;B7XCW9;B2RUU2;A0A7I2V5U0;Q6ZNR3;Q59HC0;A5D8U6;B1AMI2"
"O95816","BAG2",4,0,"O95816;B3KM36;B3KN59",3.3210349116724,24.7406194814229,6.44728092947621,3.3918272225785e-07,5.0325550701303e-06,6.64967653474018,"O95816;B3KM36;B3KN59"
"O95858","TSPAN15",2,0,"O95858;H7C285",2.2521771931802,26.9503900718472,4.13281273312719,0.000250610988276675,0.00156958970368464,0.294432961180748,"O95858;H7C285"
"P00491","PNP",8,960.175525141127,"P00491;V9HWH6;Q8N7G1;G3V5M2;A0A8V8TL37;G3V2H3;Q9P1G4;G3V393",-1.43276603077145,27.7470740902939,-2.7265678356212,0.0104159003949041,0.0373845723034592,-3.19513587459927,"P00491;V9HWH6;Q8N7G1;G3V5M2;A0A8V8TL37;G3V2H3;Q9P1G4;G3V393"
"P00533","EGFR",138,25606.7985888264,"P00533;Q2TTR7;A8K2T7;A9CB80;C9JYS6;B7Z2I3;F2YGG7;E7BSV0;Q504U8;Q59FL8;Q68GS6;A0A2D3C335;Q147T7;A0A2D3C337;Q75MF2;A2VCQ7;I3WA72;I3WA73;A0A8V8TPW8;I3WA68;F1JTL6;A0A1Y0B9F1;A0A1Y0B9F8;A0A068JD88;A0A1Y0B9F6;B6RC65;B6RC66;A0A1Y0B9F4;Q9H3C8;E2I6F5;Q9H3D0",2.66096413050353,28.1484132695048,4.99503243679827,2.15562706761042e-05,0.000182794723305273,2.64513373435178,"P00533;Q2TTR7;A8K2T7;A9CB80;C9JYS6;B7Z2I3;F2YGG7;E7BSV0;Q504U8;Q59FL8;Q68GS6;A0A2D3C335;Q147T7;A0A2D3C337;Q75MF2;A2VCQ7;I3WA72;I3WA73;A0A8V8TPW8;I3WA68;F1JTL6;A0A1Y0B9F1;A0A1Y0B9F8;A0A068JD88;A0A1Y0B9F6;B6RC65;B6RC66;A0A1Y0B9F4;Q9H3C8;E2I6F5;Q9H3D0"
"P00734","F2",10,588.823106305085,"P00734;E9PIT3;B4DDT3;C9JV37",-0.56462123847848,22.9568932452411,-0.997522075756931,0.326201310557073,0.533799521315587,-6.06497215638593,"P00734;E9PIT3;B4DDT3;C9JV37"
"P00738","HP",12,82.2016885414835,"P00738;A0A0C4DGL8;J3QR68;H0Y300;Q6NSB4;P00739;Q6PEJ8;B3KP77;J3QLC9;Q14552;J3KTC3;H3BS21",-3.51007830604539,24.5575097384106,-6.65819731900988,1.87428150668346e-07,2.93763016047523e-06,7.2219596635706,"P00738;A0A0C4DGL8;J3QR68;H0Y300;Q6NSB4;P00739;Q6PEJ8;B3KP77;J3QLC9;Q14552;J3KTC3;H3BS21"
"P00749","PLAU",20,21.6292295408382,"P00749;E7ET40;B2R7F2;B4DNJ4;Q59GZ8;Q96SE8;S4R3G7",-1.89591361260727,28.8049525042849,-3.56372572781854,0.00120247536282452,0.00597216665071603,-1.19181117743654,"P00749;E7ET40;B2R7F2;B4DNJ4;Q59GZ8;Q96SE8;S4R3G7"
"P00750","PLAT",10,2.00811262478786,"P00750;B8ZX62;B4DRD3;A0A7I2YQ93;B4DV92;E7ESF4;B4DNJ1;B4DN26;A0A7I2V6D6;A0A7I2V268;E5RHG4;E5RGA1;H0YBH9;Q5HYM8;Q8NG20;Q6LBF5",3.73342507694119,25.7287362984666,6.44595714795563,3.40451785763865e-07,5.0325550701303e-06,6.64607262565618,"P00750;B8ZX62;B4DRD3;A0A7I2YQ93;B4DV92;E7ESF4;B4DNJ1;B4DN26;A0A7I2V6D6;A0A7I2V268;E5RHG4;E5RGA1;H0YBH9;Q5HYM8;Q8NG20;Q6LBF5"
"P00918","CA2",6,118.176092137378,"P00918;V9HW21;A0A0K0K1L1;E5RID5;E5RK37",-6.71714674199423,26.2598410308632,-12.3706390664991,1.48615619990027e-13,1.59486682498859e-11,20.5191370523516,"P00918;V9HW21;A0A0K0K1L1;E5RID5;E5RK37"
"P01011","SERPINA3",6,8.0729811282982,"P01011;B3KS79;G3V3A0;A0A977TIE0;A0A977TIE2;G3V595",-1.1388647470204,23.8395377591679,-1.55349996642317,0.1304112226234,0.281879836009968,-5.38527140685879,"P01011;B3KS79;G3V3A0;A0A977TIE0;A0A977TIE2;G3V595"
"P01033","TIMP1",26,98.2960982176792,"P01033;Q5H9A7;Q6FGX5;B3KQF4;H0Y789;Q58P21;Q5H9B5;Q5H9B4",3.45343113977838,26.0813880868795,5.46365620404841,5.60715952781949e-06,5.64481585830672e-05,3.94240969416193,"P01033;Q5H9A7;Q6FGX5;B3KQF4;H0Y789;Q58P21;Q5H9B5;Q5H9B4"
"P01040","CSTA",8,819.195929407415,"P01040;C9J0E4",-3.24852690580749,24.4673838233705,-6.18162360182556,7.19584930228452e-07,9.46998057967317e-06,5.92373734449789,"P01040;C9J0E4"
"P01111","NRAS",40,1510.52170228758,"P01111;Q5U091",-1.62131878234086,25.8080846207766,-1.82177346805376,0.0781095742113602,0.191528114752541,-4.96650544527171,"P01111;Q5U091"
"P01833","PIGR",2,0,"P01833",-1.20929737128297,23.4448484083286,-2.39166667300803,0.0229964488246259,0.0731897182489878,-3.90826698166868,"P01833"
"P01903","HLA-DRA",10,40.4057287279304,"P01903;B0UXD8;A0A1V0E3V4;A0A0G2JMH6;A0A0G2JH46;Q30118;B4DVL4;Q7YPT8;Q59GE3;B4DLJ8;B4DW37;B4E2U4;Q67AF0;A0A346MPT6;Q08AS3;Q08AS4;Q67AF5;Q30085;A0A896YBD6;A0A5P8NK25;A0A7D7L7R7;A0A2K9UYT9;Q29885;A0A8E4NGV0;Q67AF3;Q67AF6;Q67AF2;A0A5P8NFL4;L8EB08;A0A8G0VL53;B7ZW51;A0A7G8KPP6;I7L1P1;Q67AE8;Q76NI6;A0A8F5FTG8;A0A346ASF5;A0A345F7E0;A0A345F7D7;A0A8F7GNE3;A0A4Y5R8Q2;A0A1W2HC18;A0A5P8NFE2;A0A1U9X7T6;A0A1U9X7S6;A0A140TA34;A0A0U4C4L3;L8E864;A0A7D3V690;A0A6H1PSA9;A0A649ZUV0;Q29882;Q2LIQ8;Q2LIR1;A0A5J6D2Z6;Q5Y7C3;A0A482LU68;Q30069;O19697;Q5Y7H0;A0A0F6R8Y9;A0A6B7IAL1;Q67AG4;O19704;Q67AG3;Q67AG2;Q67AG1;A0A6B7HFD7;A0A5H2UEZ6;A0A1W2PP70;A0A6B7HG10;A0A3S6RHR1;A0A6B7HHG1;A0A6B7HFM0;A0A650AP24;H6X377;A0A7T8GE76;A0A7T8GDZ4;A0A4Y5QRV8;A0A6M8DQ68;A0A6G8IQY1;A0A6B7IC72;Q861G0;A0A6G8IQL3;P01906;A0A6B7HHD8;Q67AF4;Q67AG5;A0A6B7HG83;Q67AF7;Q67AF1;Q67AF8;Q67AF9;A0A4P8NGF6;Q67AG0;A0A5A4LJP2;A0A858B8H4;A0A5A4LKR4;A0A6B7IDI5;A0A8E4J4A3;Q67AC5;Q67AC6;Q67AC7;Q67AE3;Q67AE6;Q67AE5;A0A678ZWG2;Q67AE7;A0A678ZWF7;Q67AG6;Q67AE4;A0A6B7G4C3;A0A1U9X7T9;Q67AE9",5.59179163816666,26.2765593488946,10.1532577053652,2.12123361381659e-11,1.14071166232654e-09,15.9047484179665,"P01903;B0UXD8;A0A1V0E3V4;A0A0G2JMH6;A0A0G2JH46;Q30118;B4DVL4;Q7YPT8;Q59GE3;B4DLJ8;B4DW37;B4E2U4;Q67AF0;A0A346MPT6;Q08AS3;Q08AS4;Q67AF5;Q30085;A0A896YBD6;A0A5P8NK25;A0A7D7L7R7;A0A2K9UYT9;Q29885;A0A8E4NGV0;Q67AF3;Q67AF6;Q67AF2;A0A5P8NFL4;L8EB08;A0A8G0VL53;B7ZW51;A0A7G8KPP6;I7L1P1;Q67AE8;Q76NI6;A0A8F5FTG8;A0A346ASF5;A0A345F7E0;A0A345F7D7;A0A8F7GNE3;A0A4Y5R8Q2;A0A1W2HC18;A0A5P8NFE2;A0A1U9X7T6;A0A1U9X7S6;A0A140TA34;A0A0U4C4L3;L8E864;A0A7D3V690;A0A6H1PSA9;A0A649ZUV0;Q29882;Q2LIQ8;Q2LIR1;A0A5J6D2Z6;Q5Y7C3;A0A482LU68;Q30069;O19697;Q5Y7H0;A0A0F6R8Y9;A0A6B7IAL1;Q67AG4;O19704;Q67AG3;Q67AG2;Q67AG1;A0A6B7HFD7;A0A5H2UEZ6;A0A1W2PP70;A0A6B7HG10;A0A3S6RHR1;A0A6B7HHG1;A0A6B7HFM0;A0A650AP24;H6X377;A0A7T8GE76;A0A7T8GDZ4;A0A4Y5QRV8;A0A6M8DQ68;A0A6G8IQY1;A0A6B7IC72;Q861G0;A0A6G8IQL3;P01906;A0A6B7HHD8;Q67AF4;Q67AG5;A0A6B7HG83;Q67AF7;Q67AF1;Q67AF8;Q67AF9;A0A4P8NGF6;Q67AG0;A0A5A4LJP2;A0A858B8H4;A0A5A4LKR4;A0A6B7IDI5;A0A8E4J4A3;Q67AC5;Q67AC6;Q67AC7;Q67AE3;Q67AE6;Q67AE5;A0A678ZWG2;Q67AE7;A0A678ZWF7;Q67AG6;Q67AE4;A0A6B7G4C3;A0A1U9X7T9;Q67AE9"
"P02649","APOE",30,1132.06111953607,"P02649;A0A0S2Z3D5;A0A346DBY2;J9ZVQ3;A0A0S2Z3V0;E9PEV4;E7ERP7;H0Y7L5;A0A0S2Z3J5;A0A0S2Z3B1;Q6LBZ1;D9ZB55;Q13791;Q8TCZ8;Q6LA97",1.69091803195193,25.8537330926352,2.49679837428108,0.0180295635804013,0.0594441953565241,-3.6909471685385,"P02649;A0A0S2Z3D5;A0A346DBY2;J9ZVQ3;A0A0S2Z3V0;E9PEV4;E7ERP7;H0Y7L5;A0A0S2Z3J5;A0A0S2Z3B1;Q6LBZ1;D9ZB55;Q13791;Q8TCZ8;Q6LA97"
"P02751","FN1",126,8172.31401623978,"P02751;H0Y7Z1;A6YID2;A6YID6;A6YID4;A6YID5;A6YID3;O95617;A6YID7",3.53842274994988,29.6216842632296,6.55480374753976,2.50556848099308e-07,3.83081769226345e-06,6.94190828470092,"P02751;H0Y7Z1;A6YID2;A6YID6;A6YID4;A6YID5;A6YID3;O95617;A6YID7"
"P02786","TFRC",22,1360.53355503932,"P02786;A8K6Q8;A0A8V8TLM6;A0A8V8TM41;A0A8V8TLK7;G3V0E5;B7Z2I6;A0A8V8TM46;A0A8V8TLN0;A0A8V8TN37;A0A8V8TND0;A0A8V8TLK4;F8WBE5",2.12382942054407,27.0417140126054,3.93462245869095,0.000435555041800181,0.00251108350346537,-0.231383344082691,"P02786;A8K6Q8;A0A8V8TLM6;A0A8V8TM41;A0A8V8TLK7;G3V0E5;B7Z2I6;A0A8V8TM46;A0A8V8TLN0;A0A8V8TN37;A0A8V8TND0;A0A8V8TLK4;F8WBE5"
"P02788","LTF",24,865.269242005259,"P02788;E7EQB2;V9HWI4;A0A161I202;E7ER44;B3VMW0;A8K494;Q5EK51;B7ZAL5;B2MV14;Q19KS2;Q8IX02;C9JCF5;B4E1L2;A0A804HKN5",-1.26106415423828,23.7814877708422,-1.8314258723604,0.0766211235100545,0.188471044343738,-4.95042597949687,"P02788;E7EQB2;V9HWI4;A0A161I202;E7ER44;B3VMW0;A8K494;Q5EK51;B7ZAL5;B2MV14;Q19KS2;Q8IX02;C9JCF5;B4E1L2;A0A804HKN5"
"P02795","MT2A",2,0,"P02795;Q8TE66;H3BSP9",1.56203871466489,28.0678246335795,2.89891921743839,0.00680588146033783,0.026369620217135,-2.80599804334293,"P02795;Q8TE66;H3BSP9"
"P03956","MMP1",18,107.812651896236,"P03956;B4DN15;Q5TZP0;Q53G96;Q53FK3;Q53G75;B4DW26;Q53G95;Q96DZ4;A5GZ69",4.21901189088316,25.6217815489061,6.53887194324472,2.62040449938406e-07,3.96749593863052e-06,6.89867047663612,"P03956;B4DN15;Q5TZP0;Q53G96;Q53FK3;Q53G75;B4DW26;Q53G95;Q96DZ4;A5GZ69"
"P03973","SLPI",4,0,"P03973",-2.40283591495864,28.1949423168168,-4.08409508667608,0.000287238837678355,0.00177285726874039,0.164489658807988,"P03973"
"P04040","CAT",2,0,"P04040;A0A384P5Q0;B4DWK8;Q8TAK2",1.73936415253544,24.3354478849803,3.22309853400434,0.00297111373052789,0.013015314221231,-2.03907985587123,"P04040;A0A384P5Q0;B4DWK8;Q8TAK2"
"P04080","CSTB",2,0,"P04080;Q76LA1;A0A1W2PQG6;A0A1W2PS52",-0.835552191189944,29.2444708480964,-1.45711100349367,0.155098653881104,0.317631452038847,-5.52192183288169,"P04080;Q76LA1;A0A1W2PQG6;A0A1W2PS52"
"P04233","CD74",122,4672.43344145631,"P04233;U6FVB0;A9YLN4;M1VPF6;E7EQJ3;H0YBZ8;H0YBZ2;B4DUJ2",3.07129940971713,24.6221260486071,5.78387853436416,2.23788763863012e-06,2.51984532306402e-05,4.82855881647215,"P04233;U6FVB0;A9YLN4;M1VPF6;E7EQJ3;H0YBZ8;H0YBZ2;B4DUJ2"
"P04792","HSPB1",14,1332.06873959258,"P04792;V9HW43;A0A6Q8PFK8;A0A6Q8PGK1;A0A6Q8PHJ6;B4DL87;A0A6Q8PFE7;A0A6Q8PF43;A0A6Q8PHA6;A0A6Q8PH65;A0A6Q8PGY2;A0A8E9ZT92;C9J3N8;A0A8E9ZUD7",-2.78939603610135,30.7474678985686,-5.18133271715509,1.26219784582191e-05,0.000116818845137048,3.16037926816332,"P04792;V9HW43;A0A6Q8PFK8;A0A6Q8PGK1;A0A6Q8PHJ6;B4DL87;A0A6Q8PFE7;A0A6Q8PF43;A0A6Q8PHA6;A0A6Q8PH65;A0A6Q8PGY2;A0A8E9ZT92;C9J3N8;A0A8E9ZUD7"
"P05067","APP",48,3659.71091499424,"P05067;A0A218KGR2;A0A140VJC8;E9PG40;B4DGD0;B4DJT9;A0A0A0MRG2;H7C0V9;B4DQM1;B4DM00;B4DMD5;B7Z313;H7C2L2",3.89771722083527,26.4877829106735,7.07466094268387,5.88080456874508e-08,1.07264499707111e-06,8.33940459253214,"P05067;A0A218KGR2;A0A140VJC8;E9PG40;B4DGD0;B4DJT9;A0A0A0MRG2;H7C0V9;B4DQM1;B4DM00;B4DMD5;B7Z313;H7C2L2"
"P05106","ITGB3",68,349.749982722169,"P05106;L7UUZ7;A0A5E4DMZ9;H3BM21;B4DTY9;L7UW06;I3L4X8;Q2YFE1;F1C630;A7U833;F1C634;F1C633;F1C632;Q1PBM2;F2X0V0;L7WKL1",4.83281290250002,25.9372198163507,9.07068348161404,2.99945258416385e-10,1.10062266000083e-08,13.3970237526605,"P05106;L7UUZ7;A0A5E4DMZ9;H3BM21;B4DTY9;L7UW06;I3L4X8;Q2YFE1;F1C630;A7U833;F1C634;F1C633;F1C632;Q1PBM2;F2X0V0;L7WKL1"
"P05109","S100A8",18,1140.13296477569,"P05109",-4.22935730252304,31.2165503417453,-7.08950066376098,5.64466953532229e-08,1.04175883317575e-06,8.37888478504085,"P05109"
"P05121","SERPINE1",22,57.5189948234544,"P05121;B7ZAB0;B7Z4X6;B7Z1D9;A0A5B9RUH0",3.40999301673345,26.1530551150586,6.24846784493483,5.95223886513574e-07,8.14255834226244e-06,6.10688263765234,"P05121;B7ZAB0;B7Z4X6;B7Z1D9;A0A5B9RUH0"
"P05161","ISG15",60,310.48076469124,"P05161",2.41455069561151,26.5385810290465,3.94720852807948,0.00042060941143951,0.0024339160561778,-0.198223108002916,"P05161"
"P05362","ICAM1",44,1116.00687309205,"P05362;A0A384MEK5;B4DNT6;B4DQW5;K7EKL8;E7ESS4;O00177;A0A1C9J7T1;Q99930;Q15462",-0.190305098148549,23.0706333908305,-0.343580355111993,0.733471400199069,0.856815467123931,-6.50075497211486,"P05362;A0A384MEK5;B4DNT6;B4DQW5;K7EKL8;E7ESS4;O00177;A0A1C9J7T1;Q99930;Q15462"
"P05386","RPLP1",112,36.3390011413004,"P05386;Q7Z612;Q6ICQ4;Q6FG99",-0.676845291229775,27.7659351586321,-1.2484660651654,0.221167451282183,0.40963258939972,-5.79126994292862,"P05386;Q7Z612;Q6ICQ4;Q6FG99"
"P05388","RPLP0",128,278.832480692766,"P05388;A8K4Z4;Q53HW2;Q53HK9;F8VWS0;Q6NSF2;F8VU65;B4E3D5;F8VW21;Q8NHW5;F8VPE8;G3V210;F8VZS0;F8VRK7;F8VQY6;F8VWV4;F8VS58;Q3MHV2;F8W1K8",-0.495726524853769,28.9217869415829,-0.935584124042035,0.356687948331585,0.564725741546301,-6.12374708231762,"P05388;A8K4Z4;Q53HW2;Q53HK9;F8VWS0;Q6NSF2;F8VU65;B4E3D5;F8VW21;Q8NHW5;F8VPE8;G3V210;F8VZS0;F8VRK7;F8VQY6;F8VWV4;F8VS58;Q3MHV2;F8W1K8"
"P05556","ITGB1",110,3155.41393262398,"P05556;H7C4K3;A0A7I2V2F9;E7EUI6;A0A7I2V348;C9JPK5;A0A7I2V5Z8;A0A7I2V5T3;E7EQW5;H7C4N8;Q5T3E6;E9PLR6;Q5T3E5;E9PQJ2;C9JNE0",3.32073568701624,31.3351558290412,6.32296602585545,4.81954070287851e-07,6.89548048269636e-06,6.3106272247066,"P05556;H7C4K3;A0A7I2V2F9;E7EUI6;A0A7I2V348;C9JPK5;A0A7I2V5Z8;A0A7I2V5T3;E7EQW5;H7C4N8;Q5T3E6;E9PLR6;Q5T3E5;E9PQJ2;C9JNE0"
"P05783","KRT18",8,431.634824514858,"P05783;B2RA03;F8VZY9;I6L965;CON__H-INV:HIT000015463",1.87132112831803,26.5328170936951,3.40114239058902,0.00185885325867118,0.00875795062506858,-1.60094035472949,"P05783;B2RA03;F8VZY9;I6L965;CON__H-INV:HIT000015463"
"P06213","INSR",10,52.6236159518565,"P06213;Q86WY9;Q2MKP2;Q2MKP0;Q2MKN9;Q2PJC1;A4ZPI6;Q4U0V1;Q2MKP1",2.31792709095156,24.9863821980399,4.08222420359023,0.000288745562238107,0.00177285726874039,0.159508051165623,"P06213;Q86WY9;Q2MKP2;Q2MKP0;Q2MKN9;Q2PJC1;A4ZPI6;Q4U0V1;Q2MKP1"
"P06493","CDK1",34,2026.69640476772,"P06493;Q5H9N4;A0A024QZP7;I6L9I5;E5RIU6;B7Z3D6;Q9NYV4;A0A2R8YF61;H0YLT2;J3QSD7;A0A2R8Y7W5;B3KX76;A0A2R8YD28;B5BU53;B2R9L6;B4DK59;E7EUK8;Q9BVE2;A0A2R8Y4Z0;G3V317;Q8IWB3;Q14004;F8VYH9;Q9BWF9;A0A2R8YEB7;F8VZZ0;F8VXD2;F8VTV8;F8VWX7;F8VZ51;A0A2R8Y644;Q96Q40;P11802;O94921;P50750;Q6LC83",3.81827951626395,26.0235843582304,6.26028762352631,5.75603897283254e-07,7.9438431664888e-06,6.1392352240026,"P06493;Q5H9N4;A0A024QZP7;I6L9I5;E5RIU6;B7Z3D6;Q9NYV4;A0A2R8YF61;H0YLT2;J3QSD7;A0A2R8Y7W5;B3KX76;A0A2R8YD28;B5BU53;B2R9L6;B4DK59;E7EUK8;Q9BVE2;A0A2R8Y4Z0;G3V317;Q8IWB3;Q14004;F8VYH9;Q9BWF9;A0A2R8YEB7;F8VZZ0;F8VXD2;F8VTV8;F8VWX7;F8VZ51;A0A2R8Y644;Q96Q40;P11802;O94921;P50750;Q6LC83"
"P06702","S100A9",10,99.8355807871251,"P06702;B2R4M6",-4.07099132924974,30.5087893297535,-7.21094051897524,4.0398827545538e-08,7.73030325856031e-07,8.70103770688321,"P06702;B2R4M6"
"P06730","EIF4E",28,1304.07939771082,"P06730;D6RBW1;Q32Q75;X5D7E3;B7Z2T1;H0Y8J7",-0.905923641879969,25.3665965981689,-1.51405110361076,0.140099699298171,0.297259157898636,-5.44210844771532,"P06730;D6RBW1;Q32Q75;X5D7E3;B7Z2T1;H0Y8J7"
"P07355","ANXA2",30,1559.43285233617,"P07355;A0A024R5Z7;V9HW65;H0YMW4;H0YN42;H0YMU9;H0YMD0;H0YM50;H0YL33;B3KRQ1;H0YKS4;H0YNB8;H0YNP5;H0YN28;B4DNH8;A0A7I2V4P4;H0YMM1;H0YKX9;H0YMT9;H0YLV6;H0YKZ7;H0YNA0;H0YKL9;H0YKV8;H0YMD9;H0YKN4;H0YLE2",-1.03154539498116,33.8653787823447,-1.9612529961618,0.0588459388434263,0.152918852723881,-4.72763467571722,"P07355;A0A024R5Z7;V9HW65;H0YMW4;H0YN42;H0YMU9;H0YMD0;H0YM50;H0YL33;B3KRQ1;H0YKS4;H0YNB8;H0YNP5;H0YN28;B4DNH8;A0A7I2V4P4;H0YMM1;H0YKX9;H0YMT9;H0YLV6;H0YKZ7;H0YNA0;H0YKL9;H0YKV8;H0YMD9;H0YKN4;H0YLE2"
"P07384","CAPN1",6,19.9747472696657,"P07384;B2RDI5;B4DWH5;B4DS85;E9PLX0;E9PJJ3;E9PLC9;E9PMC6;E9PJA6;E9PSA6;E9PQB3;E9PL37;E9PRM1;E9PIA9",-1.59512774707952,28.6211364208878,-2.9578801026585,0.00586895367478466,0.0232699742820556,-2.66975843568257,"P07384;B2RDI5;B4DWH5;B4DS85;E9PLX0;E9PJJ3;E9PLC9;E9PMC6;E9PJA6;E9PSA6;E9PQB3;E9PL37;E9PRM1;E9PIA9"
"P07476","IVL",18,1014.5551036209,"P07476;B4DU44;B4DWR5",-4.35980638228827,25.1895904521188,-7.51045398772741,1.78274791848256e-08,3.84826066178829e-07,9.48819165880308,"P07476;B4DU44;B4DWR5"
"P07741","APRT",4,878.97975708319,"P07741;H3BQZ9;H3BQB1;H3BQF1;H3BSW3;Q12898",-2.00005402136427,27.7899357949814,-3.67695371933182,0.000884568768294471,0.00459063226008395,-0.902318171687828,"P07741;H3BQZ9;H3BQB1;H3BQF1;H3BSW3;Q12898"
"P07814","EPRS1",108,2233.3841098156,"P07814;V9GYZ6;Q3KQZ8;B4DKX5;H6WCP5;B4DP50;V9GZ76",-1.31871637778379,27.8192382821632,-2.39369055707845,0.0228900819504352,0.0729256032721219,-3.90414301287758,"P07814;V9GYZ6;Q3KQZ8;B4DKX5;H6WCP5;B4DP50;V9GZ76"
"P07910","HNRNPC",66,735.457674764059,"P07910;G3V2Q1;G3V4C1;B2R5W2;B4DY08;G3V4W0;B2R603;A8K9A4;G3V576;B3KX96;G3V575;B4DMJ1;G3V5X6;G3V251;G3V3K6;B4DSU6;G3V555;B4DQQ2;O60812;G3V5V7;G3V2D6;G3V4M8;P0DMR1;B2RXH8;B7ZW38;A0A0G2JNQ3;A0A0G2JPF8;Q6PKD2;G3V2H6;Q569J8",-1.52417677740465,25.2651732369175,-2.73211453069901,0.0102760652218063,0.0370104473750737,-3.18283289772996,"P07910;G3V2Q1;G3V4C1;B2R5W2;B4DY08;G3V4W0;B2R603;A8K9A4;G3V576;B3KX96;G3V575;B4DMJ1;G3V5X6;G3V251;G3V3K6;B4DSU6;G3V555;B4DQQ2;O60812;G3V5V7;G3V2D6;G3V4M8;P0DMR1;B2RXH8;B7ZW38;A0A0G2JNQ3;A0A0G2JPF8;Q6PKD2;G3V2H6;Q569J8"
"P07942","LAMB1",42,118.625542549743,"P07942;G3XAI2;A0A7I2V4J9;A0A7I2V5X5;A0A7I2V2T9;A0A7I2V3I5;A0A7I2V682;A0A7I2V3J7;Q8TAS6;A0A7I2V2J0;A0A7I2V5R0;A0A7I2V407;E7EPA6;A0A7I2V2R2;C9J296;A0A7I2V5T9",2.49653352297863,28.4241598905188,4.58024808410536,7.06662297814291e-05,0.000513771493445868,1.50470241109523,"P07942;G3XAI2;A0A7I2V4J9;A0A7I2V5X5;A0A7I2V2T9;A0A7I2V3I5;A0A7I2V682;A0A7I2V3J7;Q8TAS6;A0A7I2V2J0;A0A7I2V5R0;A0A7I2V407;E7EPA6;A0A7I2V2R2;C9J296;A0A7I2V5T9"
"P07947","YES1",16,17.3114767080785,"P07947;J3QRU1;B2RA70",-0.798701124845007,28.5842930997145,-1.46985767607276,0.151634292251364,0.312589132539328,-5.50428490762376,"P07947;J3QRU1;B2RA70"
"P07948","LYN",44,802.639294009561,"P07948;A8K379;B4DQ79;E5RJ37",-2.104625040218,27.613021698194,-3.91471936736013,0.000460255633119137,0.00262918923021719,-0.283752944865435,"P07948;A8K379;B4DQ79;E5RJ37"
"P07996","THBS1",50,404.28706533283,"P07996;A0PJG0;A8MZG1;A0A0B6XK25;P35442;Q6MZL6;A0A7I2YQ86;A0A7I2V585;A0A7I2YQT6;A0A3B3ITK0",4.47664946858148,25.3055028825342,8.55050900213397,1.13124522378171e-09,3.63747819894345e-08,12.1315109477044,"P07996;A0PJG0;A8MZG1;A0A0B6XK25;P35442;Q6MZL6;A0A7I2YQ86;A0A7I2V585;A0A7I2YQT6;A0A3B3ITK0"
"P08069","IGF1R",38,584.916169095708,"P08069;C9J5X1;P14616;Q3B833;H0YMJ5;H0YNR0",1.68096953654353,25.161410778018,3.37385261222641,0.00199852905897958,0.00933145529185226,-1.66879764202401,"P08069;C9J5X1;P14616;Q3B833;H0YMJ5;H0YNR0"
"P08294","SOD3",4,1,"P08294;A0A140VJU8;B2R9V7;Q16867;M0R1V4",5.06701188509929,26.1246095673832,8.36976609895345,1.80902007841342e-09,5.1764528665793e-08,11.6827530136507,"P08294;A0A140VJU8;B2R9V7;Q16867;M0R1V4"
"P08473","MME",6,5.15903334171786,"P08473;B7ZKY6;A0A7I2U302;A0A6Q8PFY6;C9IYX7;C9JDZ3;Q3KQS6;L7Z660;L7ZC27",-7.91657371823965,26.7853164540396,-13.6756611625557,1.0487224167628e-14,2.53852274370279e-12,22.9294494038312,"P08473;B7ZKY6;A0A7I2U302;A0A6Q8PFY6;C9IYX7;C9JDZ3;Q3KQS6;L7Z660;L7ZC27"
"P08571","CD14",6,0,"P08571;B2R888;F1C4A7;D6RFL4;E7EVL5",-8.51812739704659,26.4403546220739,-12.406567552475,1.3780555330647e-13,1.59190933615881e-11,20.5883891710455,"P08571;B2R888;F1C4A7;D6RFL4;E7EVL5"
"P08572","COL4A2",50,310.271224618297,"P08572;B4DH43;A0A3B3IS47;A0A087WY39;A0A3B3ITQ8",1.94597148031989,25.320357475833,3.09324458166188,0.00415821008720759,0.0173853314504028,-2.35137340383899,"P08572;B4DH43;A0A3B3IS47;A0A087WY39;A0A3B3ITQ8"
"P08581","MET",32,621.674842090814,"P08581;Q59EB3;B4DLF5;B4DPY6;A0PJF7;Q9UEJ3;B5A929;E6Y365",1.48617712985132,24.1920198618189,2.49889148965745,0.0179415153285865,0.0592164934495887,-3.6865573602511,"P08581;Q59EB3;B4DLF5;B4DPY6;A0PJF7;Q9UEJ3;B5A929;E6Y365"
"P08582","MELTF",2,0,"P08582;A0A8Q3WLY9;Q53XS6;C9JVN1",3.68431757872994,28.6444633356584,7.05941428238389,6.13385421187315e-08,1.09951099349611e-06,8.29881638051181,"P08582;A0A8Q3WLY9;Q53XS6;C9JVN1"
"P08621","SNRNP70",50,61.646052386981,"P08621;A8KAQ5;M0QYR1",-2.20954247423501,24.1823586022084,-3.65721042542364,0.000933406878885558,0.00481205959544472,-0.953048842948129,"P08621;A8KAQ5;M0QYR1"
"P08648","ITGA5",62,485.239951025994,"P08648;B2R627;A8K6A5;H0YIV7",1.84323575430166,28.4755193516753,3.57664052084511,0.00116126227577743,0.00579516326103966,-1.15897254646342,"P08648;B2R627;A8K6A5;H0YIV7"
"P08670","VIM",16,210.446548901066,"P08670;V9HWE1;B0YJC4;Q53HU8;B3KRK8;B0YJC5;A0A1B0GTT5;B3KWQ6;P41219;H7C5W5;A0A1B0GVG8;A0A1X7SBR3;A0A1W2PR46;P14136;B4DJW0;B4E192;A0A7R6M6U0;E7EMV2;A5YM63;E7ESP9;B3KXJ0;Q5RLN2;B4DJT7;P07197;Q59EM6;A0A1W2PRT3;F8W835;B4DE66;B3KQI5;B4DR43;Q16352;P07196;Q8TCR7",3.52227024110501,29.3805529010418,6.73849437709665,1.49696861316311e-07,2.44452623269935e-06,7.43876818562763,"P08670;V9HWE1;B0YJC4;Q53HU8;B3KRK8;B0YJC5;A0A1B0GTT5;B3KWQ6;P41219;H7C5W5;A0A1B0GVG8;A0A1X7SBR3;A0A1W2PR46;P14136;B4DJW0;B4E192;A0A7R6M6U0;E7EMV2;A5YM63;E7ESP9;B3KXJ0;Q5RLN2;B4DJT7;P07197;Q59EM6;A0A1W2PRT3;F8W835;B4DE66;B3KQI5;B4DR43;Q16352;P07196;Q8TCR7"
"P08708","RPS17",124,26.683393096912,"P08708;H3BNC9;H0YN88;A0A075B716;H0YN73;A0A0J9YYC4;A4D1Q6",-0.801014441149025,26.8812453983784,-1.35286138175664,0.185843405652354,0.363540992446748,-5.66110700607287,"P08708;H3BNC9;H0YN88;A0A075B716;H0YN73;A0A0J9YYC4;A4D1Q6"
"P08865","RPSA",130,815.348856490927,"P08865;C9J9K3;A0A8V8TMX1;A0A0C4DG17;A0A8V8TLA4;A0A8I5KQE6;Q96RS2;F8WD59;A0A8V8TMP3;A0A8V8TMZ8",-0.603030905471265,29.3613710216273,-1.13560012153143,0.264790570407521,0.463197862647816,-5.92133404569843,"P08865;C9J9K3;A0A8V8TMX1;A0A0C4DG17;A0A8V8TLA4;A0A8I5KQE6;Q96RS2;F8WD59;A0A8V8TMP3;A0A8V8TMZ8"
"P09012","SNRPA",30,7.59824836896633,"P09012;M0R0G9;M0QXK2;M0R221;M0R2B8;B2R802;M0QZG7;M0R268",-1.36399956069048,25.4496110723817,-2.18433134439972,0.0365906730011155,0.105185538332239,-4.31772941002142,"P09012;M0R0G9;M0QXK2;M0R221;M0R2B8;B2R802;M0QZG7;M0R268"
"P09211","GSTP1",4,930.000000000001,"P09211;V9HWE9;A8MX94;C7DJS1;A0A087X2E9;Q5D6A5;A0A2R8Y5E5;B2C310;A0A3B6XSH2;A0A087X243",-2.67500371437406,31.7693097027657,-5.00912395981595,2.07015024287316e-05,0.000176898591986887,2.68406291872207,"P09211;V9HWE9;A8MX94;C7DJS1;A0A087X2E9;Q5D6A5;A0A2R8Y5E5;B2C310;A0A3B6XSH2;A0A087X243"
"P09382","LGALS1",8,2.14358974358974,"P09382;A0A384MR27;F8WEI7;A0A0B6XK00",2.58122633363753,31.0286142502297,4.87209028548423,3.06739052599126e-05,0.000248498468845889,2.30590206801601,"P09382;A0A384MR27;F8WEI7;A0A0B6XK00"
"P09651","HNRNPA1",80,1950.65150762575,"P09651;A0A024RB53;A0A7I2V3R8;F8W6I7;A0A2R8Y4L2;Q6IPF2;A0A7I2V3W0;A0A7I2V2L6;Q0VAC0;Q9BSM5;F8VZ49;A0A7I2YQX9;F8VTQ5;B4DP35;B4E0B5;F8W646;Q32P51;H0YH80;A0A7I2V5U9;A0A7I2YQ85;A0A7I2V2Z4;F8VYN5;A0A7I2V3W4;A0A7I2V3C7;A0A7I2YQV3;A0A7I2V4M0;Q3MI39;A0A7I2V5T1;A0A7I2V334;A0A7I2V5H0;A0A7I2YQY2",-0.622549580605451,27.4751031016415,-1.13928975931295,0.263272347622865,0.461577544820525,-5.91726028395146,"P09651;A0A024RB53;A0A7I2V3R8;F8W6I7;A0A2R8Y4L2;Q6IPF2;A0A7I2V3W0;A0A7I2V2L6;Q0VAC0;Q9BSM5;F8VZ49;A0A7I2YQX9;F8VTQ5;B4DP35;B4E0B5;F8W646;Q32P51;H0YH80;A0A7I2V5U9;A0A7I2YQ85;A0A7I2V2Z4;F8VYN5;A0A7I2V3W4;A0A7I2V3C7;A0A7I2YQV3;A0A7I2V4M0;Q3MI39;A0A7I2V5T1;A0A7I2V334;A0A7I2V5H0;A0A7I2YQY2"
"P09769","FGR",8,0,"P09769;Q5TGY6;B7Z6W7;P78453",-0.505008754707674,24.0659790945543,-0.881739951644008,0.3846743520078,0.592387664668662,-6.17194808281634,"P09769;Q5TGY6;B7Z6W7;P78453"
"P09972","ALDOC",6,466,"P09972;A0A024QZ64;B7Z1N6;B7Z1Y2;B7Z3K9;B7Z3K7;A8MVZ9;B7Z1Z9;B7Z1L5;J3KSV6;J3QKP5;K7EKH5;C9J8F3;J3QKK1;B7Z1H6",-0.891387182030066,28.7849140346805,-1.64925106456089,0.109151572582207,0.24741551953772,-5.24216742072801,"P09972;A0A024QZ64;B7Z1N6;B7Z1Y2;B7Z3K9;B7Z3K7;A8MVZ9;B7Z1Z9;B7Z1L5;J3KSV6;J3QKP5;K7EKH5;C9J8F3;J3QKK1;B7Z1H6"
"P0DMV8","HSPA1A",8,267.573101292986,"P0DMV8;P0DMV9;A0A0G2JIW1;A8K5I0;A0A1U9X7W4;B4DNT8;Q59EJ3;B4DWK5;B4DFN9;B4DI39;B4E388;B4E1S9;B4DVU9;V9GZ37;B3KTT5;B4DNX1;B4E1T6;B4DNV4;Q9UQC1",-1.29824341744182,30.581194735497,-2.39972848173659,0.0225754108549907,0.072070323906567,-3.8918257076334,"P0DMV8;P0DMV9;A0A0G2JIW1;A8K5I0;A0A1U9X7W4;B4DNT8;Q59EJ3;B4DWK5;B4DFN9;B4DI39;B4E388;B4E1S9;B4DVU9;V9GZ37;B3KTT5;B4DNX1;B4E1T6;B4DNV4;Q9UQC1"
"P0DP25","CALM3",50,3747.6914421613,"P0DP25;P0DP24;P0DP23;B4DJ51;Q9BRL5;B2RDW0;E7EMB3;A8K1M2;Q96HY3;G3V361;A0A590UJI2;M0QZ52;A0A590UJC0;F8WBR5;G3V226;G3V479",-0.85210162542964,32.225749295318,-1.61935080937097,0.115458757079922,0.25813719520184,-5.28762917828237,"P0DP25;P0DP24;P0DP23;B4DJ51;Q9BRL5;B2RDW0;E7EMB3;A8K1M2;Q96HY3;G3V361;A0A590UJI2;M0QZ52;A0A590UJC0;F8WBR5;G3V226;G3V479"
"P10301","RRAS",14,98.423675548539,"P10301;E9PQK5;E9PQC5",1.35402210809679,30.1237256380642,2.44922929755271,0.0201406120525817,0.065572618989564,-3.79005393429657,"P10301;E9PQK5;E9PQC5"
"P10620","MGST1",4,466,"P10620;F5H7F6;F5H6X2;Q6LET6",-1.27873028973933,23.7180570036057,-2.13112244315279,0.0410797182545079,0.114604330264589,-4.41849079928386,"P10620;F5H7F6;F5H6X2;Q6LET6"
"P10644","PRKAR1A",8,17.9899982345407,"P10644;B2R5T5;Q68DQ4;K7EM13;K7EPB2;K7EK41;K7EIE5;Q15300;K7EJ40;K7EMZ6;A6YCE1;K7EMU2;Q6NS41;C9JSK5;B4DM81;A8K099;Q96P62;H7BYW5;K7EQK3;K7EPR5;A6YCE2;P31321;X6RAV4;K7EKR1",2.34580801992857,25.3114977587369,3.5696577711812,0.00118337243403132,0.00589606808585253,-1.17673363170541,"P10644;B2R5T5;Q68DQ4;K7EM13;K7EPB2;K7EK41;K7EIE5;Q15300;K7EJ40;K7EMZ6;A6YCE1;K7EMU2;Q6NS41;C9JSK5;B4DM81;A8K099;Q96P62;H7BYW5;K7EQK3;K7EPR5;A6YCE2;P31321;X6RAV4;K7EKR1"
"P10909","CLU",14,221.541182326497,"P10909;A0A384NKS6;B4DW11;H0YAS8;H0YC35;E7ERK6;H0YLK8;E5RG36;E5RGB0;E5RH61;E5RJZ5;E7ETB4;Q8IWM0;Q8IWL5",-2.64477059069828,25.8959339857158,-5.1085350727755,1.55591333276974e-05,0.00013945096795715,2.95891359577821,"P10909;A0A384NKS6;B4DW11;H0YAS8;H0YC35;E7ERK6;H0YLK8;E5RG36;E5RGB0;E5RH61;E5RJZ5;E7ETB4;Q8IWM0;Q8IWL5"
"P10915","HAPLN1",2,0,"P10915;D6RBS1;D6RC59;D6RAK7;D6RBX9;D6RFI7;D6RG04",3.81018863142549,24.8602109124622,7.10808962767073,5.36238207053812e-08,1.00151315437176e-06,8.42830504833015,"P10915;D6RBS1;D6RC59;D6RAK7;D6RBX9;D6RFI7;D6RG04"
"P11047","LAMC1",42,221.699373691844,"P11047;Q6NVY8;R4GNC7;Q9Y6N6;Q8N2D6;REV__B3KPD3;REV__Q9NQS7",2.94395767737148,29.1175919829814,5.51719340996071,4.80799929551298e-06,4.96561251745198e-05,4.09070394521148,"P11047;Q6NVY8;R4GNC7;Q9Y6N6;Q8N2D6;REV__B3KPD3;REV__Q9NQS7"
"P11216","PYGB",10,1633.74082117816,"P11216;Q59GM9;B4DSD8;H0Y4Z6;Q8TDG6",-0.914365594008192,28.9040470091343,-1.68370374304113,0.102241131604244,0.23586545079411,-5.18892356099799,"P11216;Q59GM9;B4DSD8;H0Y4Z6;Q8TDG6"
"P11387","TOP1",12,52.0578152815334,"P11387;B9EG90;A0A7P0T852",2.13319066823139,24.1484544614657,3.89294703231609,0.000488844974150631,0.00276215122169532,-0.340943051489892,"P11387;B9EG90;A0A7P0T852"
"P11413","G6PD",8,1152.11451274973,"P11413;A0A384NL00;A8K8D9;A0A8G1M3Q3;E7EUI8;Q2VF42;Q2Q9H2;B4DYA7;A0A8Q3SIN6;Q2Q9B7;A0A8Q3SIS5;A0A8Q3SJB9;A0A8Q3WL95;A0A4P8W0G4;A0A8Q3WL80;A0A8Q3WLT0;A0A8Q3WL93;Q0PHS1;E9PD92;A0A8Q3WL83;A0A8Q3WL90;A0A2H4QGB2;A7IZZ3;Q0PHS5;A0A2H4QGB8;A0A2H4QGB6;Q0PHS4;A2IBT6;Q0PHS3;Q0PHS2;Q0PHS6;B6ZHS6;A0A8Q3WLB9;A0A6G9IW12;I3V9R4",1.42842993799835,27.5491835173477,2.68962366597181,0.0113935030751737,0.0402450012360891,-3.27669243148359,"P11413;A0A384NL00;A8K8D9;A0A8G1M3Q3;E7EUI8;Q2VF42;Q2Q9H2;B4DYA7;A0A8Q3SIN6;Q2Q9B7;A0A8Q3SIS5;A0A8Q3SJB9;A0A8Q3WL95;A0A4P8W0G4;A0A8Q3WL80;A0A8Q3WLT0;A0A8Q3WL93;Q0PHS1;E9PD92;A0A8Q3WL83;A0A8Q3WL90;A0A2H4QGB2;A7IZZ3;Q0PHS5;A0A2H4QGB8;A0A2H4QGB6;Q0PHS4;A2IBT6;Q0PHS3;Q0PHS2;Q0PHS6;B6ZHS6;A0A8Q3WLB9;A0A6G9IW12;I3V9R4"
"P12004","PCNA",18,570.747515183274,"P12004;Q6FI35;Q6FHF5;B4DUA2",1.8626232678212,26.970257288665,3.5435270340742,0.00126978548711837,0.00627765563991577,-1.24307402690451,"P12004;Q6FI35;Q6FHF5;B4DUA2"
"P12109","COL6A1",46,298.556696732632,"P12109;A0A384P5H7;Q8TBN2;A0A087X0S5;A0A804HJ28;B4DRR8;B4DQV1",3.81699460964921,27.3635951652515,7.50017898550059,1.83317929393781e-08,3.91622343684386e-07,9.4613681345555,"P12109;A0A384P5H7;Q8TBN2;A0A087X0S5;A0A804HJ28;B4DRR8;B4DQV1"
"P12110","COL6A2",44,295.922745940777,"P12110;A0A384MDP3;Q9BUM6;Q7LCA7;Q6FHW5;C9JH44;H7C0M5",5.78857892630917,26.1051942600969,10.8063470140263,4.61858820875393e-12,2.9398727802252e-10,17.335337358149,"P12110;A0A384MDP3;Q9BUM6;Q7LCA7;Q6FHW5;C9JH44;H7C0M5"
"P12111","COL6A3",40,274.752099752137,"P12111;D9ZGF2;Q63HQ4",6.4674748196218,26.2758025717054,11.4420950980608,1.1026677173204e-12,8.30187762466895e-11,18.6697613683021,"P12111;D9ZGF2;Q63HQ4"
"P12277","CKB",4,0,"P12277;V9HWH2;V9HW77;A0A0S2Z471;B4DP56;G3V4N7;G3V461;H0YJG0",2.12326777552573,24.2998776826978,4.02184927058165,0.000341758039341712,0.00206979286350835,-0.000900227290037137,"P12277;V9HWH2;V9HW77;A0A0S2Z471;B4DP56;G3V4N7;G3V461;H0YJG0"
"P13639","EEF2",134,3044.96999040365,"P13639;Q8TA90;B4DPU3;Q6PK56;B4DRE8;B4DMC6;Q6W6M8",-0.733567938807081,29.6763447541928,-1.33625066626689,0.191152232932706,0.370543079252399,-5.68244122684279,"P13639;Q8TA90;B4DPU3;Q6PK56;B4DRE8;B4DMC6;Q6W6M8"
"P13798","APEH",4,37.8399468351259,"P13798;C9JIF9;H7C393;H7C1U0;C9JLK2;F8WEH5",-0.472840224943127,26.4033762220035,-0.882079702661463,0.384493450699047,0.592387664668662,-6.17165243536406,"P13798;C9JIF9;H7C393;H7C1U0;C9JLK2;F8WEH5"
"P13866","SLC5A1",2,0,"P13866;A4QPH0",-2.70127201902638,24.380352656255,-4.55005955606891,7.70138290601437e-05,0.000549670784527662,1.42225302820549,"P13866;A4QPH0"
"P13987","CD59",10,852.091729661975,"P13987;E9PNW4;A0A2U3TZL5;Q6FHM9;A0A3Q8TLE1;A0A3G2LMK5;A0A3G2LMK3;A0A3G2LMJ8;H0YET2;A0A3G2LMK2;A0A494C0W4;A0A499FJN7;A0A494C059;E9PI80",-1.1221432623238,32.7406276941888,-2.10883152208986,0.0431014396131642,0.119178537370088,-4.46015725642296,"P13987;E9PNW4;A0A2U3TZL5;Q6FHM9;A0A3Q8TLE1;A0A3G2LMK5;A0A3G2LMK3;A0A3G2LMJ8;H0YET2;A0A3G2LMK2;A0A494C0W4;A0A499FJN7;A0A494C059;E9PI80"
"P14174","MIF",4,0,"P14174;I4AY87;A6MUU8",-1.11810332616372,31.5513309208507,-1.95574662985006,0.059519881830804,0.15393243070504,-4.73732637896876,"P14174;I4AY87;A6MUU8"
"P14678","SNRPB",32,61.1045485768432,"P14678;P63162;Q9UIS4;J3QLE5;Q6LBS1;Q66K91;Q5XPV6;B4DVS0;X5DP00;Q15182;J3KRY3;S4R3P3;Q53HE7",-0.620294035817604,23.6202724139531,-1.19377644034461,0.241582390663643,0.435043577644286,-5.85569378638742,"P14678;P63162;Q9UIS4;J3QLE5;Q6LBS1;Q66K91;Q5XPV6;B4DVS0;X5DP00;Q15182;J3KRY3;S4R3P3;Q53HE7"
"P14866","HNRNPL",50,19.4617674834683,"P14866;A0A384N6C7;A0A3B3ITJ4;Q6NTA2;B2R959;M0QXS5;A0A9L9PXI4;M0R076;M0R1W6;B4DPK8;B4DVF8;B7WPG3;Q8WVV9;C9IYN3;H7C464;A0A0S2Z6K1;V9GYK2;M0QYL7;A0A0S2Z5U3;A8K894",-2.24353778582872,25.9718692349543,-3.83830484147283,0.000568452833872696,0.00312419171433303,-0.484009763458937,"P14866;A0A384N6C7;A0A3B3ITJ4;Q6NTA2;B2R959;M0QXS5;A0A9L9PXI4;M0R076;M0R1W6;B4DPK8;B4DVF8;B7WPG3;Q8WVV9;C9IYN3;H7C464;A0A0S2Z6K1;V9GYK2;M0QYL7;A0A0S2Z5U3;A8K894"
"P14923","JUP",16,5114.05446909374,"P14923;A0A0S2Z487;A0A0S2Z495;C9J826;C9JK18;C9JKY1;C9JTX4;Q7KZ86;C9JPI2;K7ERP3",-2.16595715668229,29.6338345756895,-4.14422343874411,0.000242718778268122,0.00152629005931103,0.324929126239758,"P14923;A0A0S2Z487;A0A0S2Z495;C9J826;C9JK18;C9JKY1;C9JTX4;Q7KZ86;C9JPI2;K7ERP3"
"P15144","ANPEP",12,32.2661704115902,"P15144;B4DV63;B4DP01;B4DP96;B4DPH5;H0YLZ8;Q71E46;H0YMC1;Q8IVL7;H0YKT6",-8.56574498933558,29.9958677479606,-11.4355561755243,1.11874897083835e-12,8.30187762466895e-11,18.6563231110528,"P15144;B4DV63;B4DP01;B4DP96;B4DPH5;H0YLZ8;Q71E46;H0YMC1;Q8IVL7;H0YKT6"
"P15153","RAC2",38,1175.94352571389,"P15153;B1AH77;B1AH80;B1AH78",2.10659209446235,28.6787610386027,3.8849750664904,0.000499741107481916,0.00280845498060558,-0.361857306000038,"P15153;B1AH77;B1AH80;B1AH78"
"P15170","GSPT1",108,42.0280438797441,"P15170;H3BR35;Q7KZX8;B2RCT6;A8K2W7;Q8IYD1;B4DQM6;H3BSV8",-0.445215492270918,26.2830143873169,-0.817405333162303,0.419908382124973,0.626048873732214,-6.22597354387274,"P15170;H3BR35;Q7KZX8;B2RCT6;A8K2W7;Q8IYD1;B4DQM6;H3BSV8"
"P15313","ATP6V1B1",22,83.2334886479465,"P15313;B4DWH7;C9JL73;Q71UA2;C9JNS9;C9JZ02;V5NR16",-4.09120253453894,26.2853945029469,-7.44712292306437,2.11760996100986e-08,4.37405660158261e-07,9.32265445733493,"P15313;B4DWH7;C9JL73;Q71UA2;C9JNS9;C9JZ02;V5NR16"
"P15529","CD46",2,0,"P15529;A0A8Q3WKS6;A0A8Q3WKR4;A0A8Q3WKR0;A0A8Q3WKW1;A0A8Q3WLU6;A0A8Q3WLA6;B4DL30;Q92494",-1.20641388653499,28.3229442066257,-2.30700894755416,0.0278691999891403,0.0856394431193385,-4.07861008329642,"P15529;A0A8Q3WKS6;A0A8Q3WKR4;A0A8Q3WKR0;A0A8Q3WKW1;A0A8Q3WLU6;A0A8Q3WLA6;B4DL30;Q92494"
"P15880","RPS2",128,73.5851516554719,"P15880;Q8N5L9;Q3KQT6;Q6IPX5;Q8J014;E9PQD7;H0YEN5;E9PMM9;Q8NI61;E9PPT0;I3L404;Q9BSW5;E9PM36;O60249;H3BNG3;H0YE27;Q6ZNN8",-0.488654813994522,28.1697842262968,-0.8949553666823,0.377678031136202,0.585937075343565,-6.16036846607949,"P15880;Q8N5L9;Q3KQT6;Q6IPX5;Q8J014;E9PQD7;H0YEN5;E9PMM9;Q8NI61;E9PPT0;I3L404;Q9BSW5;E9PM36;O60249;H3BNG3;H0YE27;Q6ZNN8"
"P15927","RPA2",8,6.73629775442503,"P15927;Q5TEJ7;B2R7E8;B4DL94;Q5TEJ0;B4DUL2;B4DQD9",1.19812390221287,24.2643491531215,2.23696664568625,0.0325864078680939,0.0962204475657924,-4.21627962624672,"P15927;Q5TEJ7;B2R7E8;B4DL94;Q5TEJ0;B4DUL2;B4DQD9"
"P15941","MUC1",26,806.931616775028,"P15941;A0A0C4DGW3;A5YRU5;A5YRU8;B4DWK6;B1AVQ7;A6ZID5;A0A0A0MSH4;B6ECA3;A5YRV2;A0A087WVJ0;A0A0A0MRB3;A5YRV0;A6ZIE2;A0A087X0L2;Q7Z546;A6ZID6;B6ECB3;A6ZID7;A6ZIE3;A6ZIF0;A6ZIE6;A6ZIE7;A0A384NPK6;A6ZIE4;Q7Z549;A6ZIE5;B6ECB2;Q7Z551;A5YRU7;Q7Z536;B6ECB1;A0A087WZZ6;B6ECB0;A5YRU9;A0A087X061;A6ZIE1;B6EC96;B6ECA9;V9GZ38;Q7Z542;Q14877",-5.44150349646561,31.3156510670905,-9.29067753574262,1.72921267508502e-10,7.09659780735549e-09,13.9204668983097,"P15941;A0A0C4DGW3;A5YRU5;A5YRU8;B4DWK6;B1AVQ7;A6ZID5;A0A0A0MSH4;B6ECA3;A5YRV2;A0A087WVJ0;A0A0A0MRB3;A5YRV0;A6ZIE2;A0A087X0L2;Q7Z546;A6ZID6;B6ECB3;A6ZID7;A6ZIE3;A6ZIF0;A6ZIE6;A6ZIE7;A0A384NPK6;A6ZIE4;Q7Z549;A6ZIE5;B6ECB2;Q7Z551;A5YRU7;Q7Z536;B6ECB1;A0A087WZZ6;B6ECB0;A5YRU9;A0A087X061;A6ZIE1;B6EC96;B6ECA9;V9GZ38;Q7Z542;Q14877"
"P16070","CD44",100,7386.24710011846,"P16070;A0A385KNS5;A8K309;B4DN59;H0Y2P0;H0YD13;H0YE40;B4E2X0;H0YDW7;H0Y5E4;A0A1Z1VXF2;H0YCV9;J3KN83;H0YDX6;H0YD17;E9PKC6;C1PHC3;Q86UZ1;H0YEV3;H0YEU1;H0YD90;H0YF08;C1PHC4",1.66750890102201,31.5061059107789,3.18009106452109,0.00332292834709935,0.014394740992504,-2.14322210961245,"P16070;A0A385KNS5;A8K309;B4DN59;H0Y2P0;H0YD13;H0YE40;B4E2X0;H0YDW7;H0Y5E4;A0A1Z1VXF2;H0YCV9;J3KN83;H0YDX6;H0YD17;E9PKC6;C1PHC3;Q86UZ1;H0YEV3;H0YEU1;H0YD90;H0YF08;C1PHC4"
"P16104","H2AX",42,297.87780410034,"P16104;Q96QV6",3.20009325272228,24.6659776647834,5.59519473962797,3.84346016802651e-06,4.04991630543064e-05,4.30669023961875,"P16104;Q96QV6"
"P16298","PPP3CB",10,32.2454495480431,"P16298;Q5F2F8;B7Z781;B7Z6P2;Q5F2G0",0.890717686786992,23.9277281178341,1.50002281373398,0.143681946914233,0.302391357911938,-5.46201728437147,"P16298;Q5F2F8;B7Z781;B7Z6P2;Q5F2G0"
"P16333","NCK1",34,570.182812656649,"P16333;B2R6S4;A0A0S2Z4Y3;A0A0S2Z4E4;H7C5C7;C9JVV5;C9J869;A0A0S2Z4D7;C9K098",-2.57818713544951,25.2025175741744,-4.38864708245916,0.000121826728187735,0.000833284134249003,0.983143896449843,"P16333;B2R6S4;A0A0S2Z4Y3;A0A0S2Z4E4;H7C5C7;C9JVV5;C9J869;A0A0S2Z4D7;C9K098"
"P16671","CD36",38,931.756552761598,"P16671;E7EU05;A4D1B1;B3KUB8;D9IX63;D9IX64;D9IX65;B7Z6C3;E9PLT1;E7EX47;A0A0A1ED81;E7ERZ9;E7EWI4;A0A0H3WDK6;A0A0S2Z3J6;E9PC45;E7EVU1;A0A0S2Z452;A0A0G3VR70;E9PJX8;A0A0G3VPD9;A0A0G3VQ57;A0A0H3WDH4;A0A0H3WC42;A0A516AFI0;V5M404;A0A0G3VSQ7;A0A0A1EAI1;Q9BZN2;A0A2D1WBA2;Q9BZN1;Q9BQA7",-5.43008701998445,26.1426592398857,-7.99425435997741,4.86188408615604e-09,1.26368470539339e-07,10.7358916944434,"P16671;E7EU05;A4D1B1;B3KUB8;D9IX63;D9IX64;D9IX65;B7Z6C3;E9PLT1;E7EX47;A0A0A1ED81;E7ERZ9;E7EWI4;A0A0H3WDK6;A0A0S2Z3J6;E9PC45;E7EVU1;A0A0S2Z452;A0A0G3VR70;E9PJX8;A0A0G3VPD9;A0A0G3VQ57;A0A0H3WDH4;A0A0H3WC42;A0A516AFI0;V5M404;A0A0G3VSQ7;A0A0A1EAI1;Q9BZN2;A0A2D1WBA2;Q9BZN1;Q9BQA7"
"P16949","STMN1",4,0,"P16949;B5BU83;A2A2D0;Q96CE4;A0A140VJW2;Q59G27;B7Z4K3",2.49820331974435,26.512076937909,4.27762654627713,0.000166760276860264,0.00109270021749404,0.683058702001329,"P16949;B5BU83;A2A2D0;Q96CE4;A0A140VJW2;Q59G27;B7Z4K3"
"P17096","HMGA1",2,0,"P17096;B4DWA0;A0A994J705;Q5T6U8;A0A994J434;A0A669KAX1;Q6IPL9;Q6ZP45",1.96014976609557,25.6557075216005,3.5263190687994,0.00132999220086776,0.00654297425001033,-1.28665240723954,"P17096;B4DWA0;A0A994J705;Q5T6U8;A0A994J434;A0A669KAX1;Q6IPL9;Q6ZP45"
"P17252","PRKCA",48,1450.91662447672,"P17252;Q2TSD3;L7RSM7;Q59FI5;A0A169TED2;J3KRN5;Q7Z727;P05771;P05129;H3BV73;B7Z3V9;A0A804HHY0;B2R5T1;B7Z3W6;A0A804HIU5",2.76505740675276,25.5611460304956,4.92670326799176,2.6226714296323e-05,0.000215266110237451,2.45649767410062,"P17252;Q2TSD3;L7RSM7;Q59FI5;A0A169TED2;J3KRN5;Q7Z727;P05771;P05129;H3BV73;B7Z3V9;A0A804HHY0;B2R5T1;B7Z3W6;A0A804HIU5"
"P17301","ITGA2",62,258.58747899065,"P17301;E7ESP4;E7EMF1;E9PB77;Q71V33;D6RG08;A0A0X8AZ85;Q16183;F1C629;F1C627;G3LGR5",3.03416118463698,29.8503918336629,5.74047200082511,2.53409319490903e-06,2.80993712814469e-05,4.70859911275101,"P17301;E7ESP4;E7EMF1;E9PB77;Q71V33;D6RG08;A0A0X8AZ85;Q16183;F1C629;F1C627;G3LGR5"
"P17612","PRKACA",36,1238.8074588891,"P17612;A8K8B9;A0A8V8TL59;Q15136;K7ERP6;A0A7I2V5J4;B7Z708;A0A7I2YQ82",-1.4977427103434,25.5590415174631,-2.66672466793361,0.0120416270567328,0.0421587942742117,-3.3269004806567,"P17612;A8K8B9;A0A8V8TL59;Q15136;K7ERP6;A0A7I2V5J4;B7Z708;A0A7I2YQ82"
"P17931","LGALS3",28,845.280394438704,"P17931;Q86TY5;A0A024R693;Q59FR8;Q6FGL0;G3V3R6",-2.87436971609317,29.7396505807552,-5.21849173314194,1.13433694179384e-05,0.000107353945831103,3.26326308865027,"P17931;Q86TY5;A0A024R693;Q59FR8;Q6FGL0;G3V3R6"
"P17936","IGFBP3",12,100.606903090901,"P17936;A6XND0;A6XND1;B4DP07;Q6ZSD0;B3KRZ1;B4DN53;A6XNC9;B3KTQ0;B3KWK7;B3KTS0;B3KVY6;H0Y5K2;H0Y485;B3KPF0;B3KVF9;C9JMX4;B3KRJ8;B3KTS7",4.4141578466593,25.382412866271,4.37285861385324,0.000127399533526504,0.00086949484697848,0.940364635083465,"P17936;A6XND0;A6XND1;B4DP07;Q6ZSD0;B3KRZ1;B4DN53;A6XNC9;B3KTQ0;B3KWK7;B3KTS0;B3KVY6;H0Y5K2;H0Y485;B3KPF0;B3KVF9;C9JMX4;B3KRJ8;B3KTS7"
"P18077","RPL35A",122,20.9716918557494,"P18077;C9K025;F8WBS5;F8WB72",-0.628341517294974,27.4461518956565,-1.14015600180564,0.262916818592087,0.461213474234375,-5.91630209884264,"P18077;C9K025;F8WBS5;F8WB72"
"P18084","ITGB5",52,113.327392377089,"P18084;L7RT22;V9GZ57;H7C5U2;V9GYZ1;H7C4W1;H7C580;V9GYD8",5.98968045315657,25.8996881620916,10.7056043604357,5.82233454576983e-12,3.5517516870682e-10,17.1186499046373,"P18084;L7RT22;V9GZ57;H7C5U2;V9GYZ1;H7C4W1;H7C580;V9GYD8"
"P18124","RPL7",124,43.6706947975537,"P18124;A8MUD9;C9JIJ5;C9JZ88",-0.644176087461226,28.3502120541574,-1.19011502563845,0.242997324641002,0.436583326932769,-5.85991323058298,"P18124;A8MUD9;C9JIJ5;C9JZ88"
"P18621","RPL17",124,43.6706947975537,"P18621;A0A087WXM6;J3QQT2;J3KRX5;A0A0A6YYL6;J3QLC8;A0A0A0MRF8;J3KRB3;A0A087WWH0;J3QS96;A0A087WY81;J3KSJ0;A4D1R6;A4D1R5",-0.531570027257157,26.9924082976348,-0.999358662530894,0.325325230351788,0.532725011463949,-6.06317539274667,"P18621;A0A087WXM6;J3QQT2;J3KRX5;A0A0A6YYL6;J3QLC8;A0A0A0MRF8;J3KRB3;A0A087WWH0;J3QS96;A0A087WY81;J3KSJ0;A4D1R6;A4D1R5"
"P19634","SLC9A1",18,612.860685146816,"P19634;B2RAH2;B4DTZ6;B1ALD5;Q9UBY0",-2.08897431613864,26.5941028696203,-3.61153702588087,0.00105662823065959,0.00536746490460465,-1.07000370955536,"P19634;B2RAH2;B4DTZ6;B1ALD5;Q9UBY0"
"P19838","NFKB1",54,4889.73850607846,"P19838;D6RH30;A0A494C1E9;A0A494C157;D6RC45;A0A510GAH8",-3.64063558250162,25.5634106746369,-6.03892322410782,1.07999628300592e-06,1.3314664856337e-05,5.53179159087465,"P19838;D6RH30;A0A494C1E9;A0A494C157;D6RC45;A0A510GAH8"
"P20908","COL5A1",18,68.0542574467405,"P20908;Q59EE7;B2ZZ86;Q96HC0;H7BY82;P12107;Q59HB5",5.27235704620434,27.202631325931,7.63871730801849,1.25981471329422e-08,2.80668720768905e-07,9.82191858408006,"P20908;Q59EE7;B2ZZ86;Q96HC0;H7BY82;P12107;Q59HB5"
"P21283","ATP6V1C1",18,0,"P21283;A0A024R9I0;E7EV59;B7Z593",-0.837550948172254,25.2909960402625,-1.58388890838426,0.123325490266361,0.270434305540855,-5.3406381436112,"P21283;A0A024R9I0;E7EV59;B7Z593"
"P21333","FLNA",42,525.297156580152,"P21333;A0A7P0NMY4;Q8TES4;Q6NXF2;Q96C61;B4E2F9;B4DTD5;A0A087WWY3;A0A7I2V3E6;F8WE98;Q2VP91;Q86TQ3;H0Y5C6;H0Y5F3;H7C2E7;A0A669KBC6",-0.477561711130576,23.2859726934204,-0.808601737624262,0.424880309077844,0.630148209231476,-6.23306223018008,"P21333;A0A7P0NMY4;Q8TES4;Q6NXF2;Q96C61;B4E2F9;B4DTD5;A0A087WWY3;A0A7I2V3E6;F8WE98;Q2VP91;Q86TQ3;H0Y5C6;H0Y5F3;H7C2E7;A0A669KBC6"
"P21462","FPR1",2,0,"P21462;B2RC44",3.13080543474419,25.0422792602227,5.46701257602957,5.5533583188142e-06,5.64199498253469e-05,3.95170744111941,"P21462;B2RC44"
"P21741","MDK",2,0,"P21741;E9PPJ5;E9PLM6",3.41408897759361,24.8831128447594,4.61337528134373,6.4296115064907e-05,0.000474088848433676,1.59528318287556,"P21741;E9PPJ5;E9PLM6"
"P22528","SPRR1B",12,235.551371291561,"P22528",-7.22993228768414,26.9127843677182,-11.9471845590267,3.66020036517254e-13,3.35769557028623e-11,19.690111836999,"P22528"
"P22532","SPRR2D",8,0,"P22532;Q15515;Q9BYE4;Q96RM1",-3.02934583875544,25.2568108402378,-4.99485401705907,2.15673158628857e-05,0.000182794723305273,2.64464088778014,"P22532;Q15515;Q9BYE4;Q96RM1"
"P22626","HNRNPA2B1",58,1089.83293795333,"P22626;A0A7I2V323;A0A7I2V4N1;A0A7I2V3P1;A0A7I2V3P7;A0A384NL58;A0A7I2V4S4;A0A024RA28;A0A7I2V4I6;I6L957;A0A087WUI2;A0A7I2V4N0;A0A7I2YQN4",-0.87512207229096,27.1296733068745,-1.61921128694546,0.115488878329706,0.25813719520184,-5.28783967716902,"P22626;A0A7I2V323;A0A7I2V4N1;A0A7I2V3P1;A0A7I2V3P7;A0A384NL58;A0A7I2V4S4;A0A024RA28;A0A7I2V4I6;I6L957;A0A087WUI2;A0A7I2V4N0;A0A7I2YQN4"
"P22735","TGM1",18,1184.65279118736,"P22735;A8K5N5;B0AZN7;B0AZM8;B4DRV1;H0YMQ8;H0YLT9;H0YN27;H0YNM4;G1APU8;H0YLJ6;H0YKI6",-10.0491677052415,25.9211747900858,-14.6255807507956,1.70350477242261e-15,1.17587344907209e-12,24.554762195955,"P22735;A8K5N5;B0AZN7;B0AZM8;B4DRV1;H0YMQ8;H0YLT9;H0YN27;H0YNM4;G1APU8;H0YLJ6;H0YKI6"
"P23193","TCEA1",36,0,"P23193;B7Z4W0;A0A384MTX4;Q15560;B7Z4S1;A0A0A0MT58;Q6IB64",-3.44792933347734,24.7672419567814,-3.18096046705808,0.00331543792316762,0.0143822682647563,-2.14112370194776,"P23193;B7Z4W0;A0A384MTX4;Q15560;B7Z4S1;A0A0A0MT58;Q6IB64"
"P23229","ITGA6",52,66.0836103787045,"P23229;H7BZ97",0.0533601460899291,22.9584987545219,0.0876934252335655,0.930681966858041,0.965025616565901,-6.55647308234666,"P23229;H7BZ97"
"P23396","RPS3",138,2006.17294651372,"P23396;Q53G83;E9PL09;E9PPU1;H0YEU2;H0YCJ7;Q9NQS8;F2Z2S8;H0YF32;A7E2S3;E9PK82;E9PJH4;E9PQ96;E9PSF4;E9PQX2;E9PJN9;H0YES8",-0.563453087686849,28.4004513297681,-1.05992693647506,0.297331763924341,0.503189241280532,-6.00219288499844,"P23396;Q53G83;E9PL09;E9PPU1;H0YEU2;H0YCJ7;Q9NQS8;F2Z2S8;H0YF32;A7E2S3;E9PK82;E9PJH4;E9PQ96;E9PSF4;E9PQX2;E9PJN9;H0YES8"
"P24821","TNC",16,0,"P24821",-0.0471469002823817,23.0431062839691,-0.07989307448664,0.936833635203786,0.968506499237854,-6.55713429499415,"P24821"
"P25116","F2R",12,533.125727574463,"P25116;B4DLS3;Q16292",1.59052259612281,24.4893157867081,2.84297022191342,0.00782375000063536,0.0296316565382,-2.93384106383492,"P25116;B4DLS3;Q16292"
"P25311","AZGP1",4,26.9908791255855,"P25311;A0A140VK00;C9JEV0;A0JLQ0;H7BZJ8",-2.01825997846264,24.5692672191909,-3.75820422517814,0.000708450211315006,0.00378365789227997,-0.692477944899504,"P25311;A0A140VK00;C9JEV0;A0JLQ0;H7BZJ8"
"P25398","RPS12",124,31.9718634554912,"P25398",-0.718089075931264,28.0108460803451,-1.35750098536713,0.184381182286587,0.361916241379398,-5.65510629497644,"P25398"
"P25942","CD40",14,14.7338057262318,"P25942;A0A0S2Z3C7;A0A0S2Z349;A0A8Q3WKP3;A0A8Q3SI60;Q09LL4;Q6P2H9;A0A087X1D0;H0YE23",4.05163229302237,25.3666877524746,7.47739035818153,1.95026358664906e-08,4.11004873429622e-07,9.40183037670431,"P25942;A0A0S2Z3C7;A0A0S2Z349;A0A8Q3WKP3;A0A8Q3SI60;Q09LL4;Q6P2H9;A0A087X1D0;H0YE23"
"P26006","ITGA3",56,70.456533416773,"P26006;B4E0H8;A0A140VJM0;Q59F03;D6R9X8;B4DDT0;K7EMU3;H0YA49;H0YA32",3.55554486897546,31.1473160215557,6.49905915416465,2.93118885124632e-07,4.41660774253009e-06,6.79052514799015,"P26006;B4E0H8;A0A140VJM0;Q59F03;D6R9X8;B4DDT0;K7EMU3;H0YA49;H0YA32"
"P26196","DDX6",10,438.72539127404,"P26196;B2R858;Q8IV96",-0.558644769632988,26.2940572627872,-1.0148894260639,0.317981031154274,0.525587088590451,-6.04785773886197,"P26196;B2R858;Q8IV96"
"P26368","U2AF2",62,379.087635465788,"P26368;B5BU25",-1.41971705864357,25.812003168765,-2.43046231613345,0.0210339618341266,0.0680680317015773,-3.82880304479224,"P26368;B5BU25"
"P27105","STOM",2,0,"P27105;B4E2V5;B4DZK8;F8VSL7;B4E310",-3.80598309455215,29.9607948429619,-7.16670892409962,4.56247610821147e-08,8.62446241303733e-07,8.58389496988111,"P27105;B4E2V5;B4DZK8;F8VSL7;B4E310"
"P27635","RPL10",124,726.253248957083,"P27635;X1WI28;X5D2T3;B8A6G2;X5D2W5;A6QRI9",-0.87297291197418,27.8362123324369,-1.4577663728632,0.15491900971226,0.317631452038847,-5.52101828690787,"P27635;X1WI28;X5D2T3;B8A6G2;X5D2W5;A6QRI9"
"P28065","PSMB9",16,586.164073851173,"P28065;A2ACR1;A0A0G2JJA7;A0A1U9X8E3;A0A1U9X8E2;A0A1U9X8D7;A2ACR0;A0A0G2JJQ0;B4DZW2;A0A0G2JJ13;A0A0G2JHI2",3.40162492517281,24.7581235612048,4.73780480909473,4.50607283018405e-05,0.000351361028933602,1.93640985513618,"P28065;A2ACR1;A0A0G2JJA7;A0A1U9X8E3;A0A1U9X8E2;A0A1U9X8D7;A2ACR0;A0A0G2JJQ0;B4DZW2;A0A0G2JJ13;A0A0G2JHI2"
"P29279","CCN2",18,336.907852691972,"P29279;B3KWK5;B3KRV6;Q6FHL8;Q5M8T4;B2RCP7",2.44165699157863,24.5866966218286,2.76956983917827,0.00937670128344612,0.0343665467721133,-3.0993614705348,"P29279;B3KWK5;B3KRV6;Q6FHL8;Q5M8T4;B2RCP7"
"P29317","EPHA2",22,136.194168008711,"P29317;B4DL04;Q96HF4",5.09903353539291,27.4352458109042,9.40924721742105,1.28847572272018e-10,5.5051449029647e-09,14.1996616368544,"P29317;B4DL04;Q96HF4"
"P29350","PTPN6",18,258.55210458194,"P29350;B4DTD7;B4DPS0;Q53EL0;Q53XS4;F5GY79;F5H0N8;F5H5H9;F5H1Z8",-2.23633058767584,24.2094567439624,-3.98183524766725,0.000382033075565138,0.00226102687417015,-0.106822892371676,"P29350;B4DTD7;B4DPS0;Q53EL0;Q53XS4;F5GY79;F5H0N8;F5H5H9;F5H1Z8"
"P29353","SHC1",42,492.233331549466,"P29353;B4DL02;X6R6D0;Q5T182;Q59HB0;Q5T181;H0Y539;Q8NFT0;Q8NFT1;Q5T188;Q6S5L8;P98077;Q5T187",-0.865370640403842,25.1892104159763,-1.6516618630881,0.108655722416632,0.246829714652203,-5.2384715977286,"P29353;B4DL02;X6R6D0;Q5T182;Q59HB0;Q5T181;H0Y539;Q8NFT0;Q8NFT1;Q5T188;Q6S5L8;P98077;Q5T187"
"P29466","CASP1",16,1980.25919001662,"P29466;A0A8Q3SI67;A8K257;B2R8U9;A8K249;B4DKN4;B4DVD8;A0A8Q3SI00;A0A8Q3SIY2;G3V169;Q5FBZ0;A0A7L9VV54;A0A8I5KS59;Q5EG05;H0YEC7",-1.29109916654396,24.4521382335441,-2.09160114146003,0.0447241047054806,0.122578631437956,-4.49214085564126,"P29466;A0A8Q3SI67;A8K257;B2R8U9;A8K249;B4DKN4;B4DVD8;A0A8Q3SI00;A0A8Q3SIY2;G3V169;Q5FBZ0;A0A7L9VV54;A0A8I5KS59;Q5EG05;H0YEC7"
"P29508","SERPINB3",2,0,"P29508;Q9BYH9",-7.69241842101399,26.6263892925187,-13.7009629167264,9.97980681379175e-15,2.53852274370279e-12,22.9741064460848,"P29508;Q9BYH9"
"P30048","PRDX3",2,0,"P30048;A0A384MTR2;Q53HC2;A4UCS5",1.34342059261564,24.3760583358295,2.48779552309616,0.0184128153235809,0.0605797162386593,-3.70980084192607,"P30048;A0A384MTR2;Q53HC2;A4UCS5"
"P30050","RPL12",122,20.9716918557494,"P30050;Q59FI9;Q76P68",-0.515391039729806,28.4047966668476,-0.973220991897437,0.337944633485083,0.548343398731212,-6.08845435425599,"P30050;Q59FI9;Q76P68"
"P30153","PPP2R1A",22,737.071487993996,"P30153;A0A994J3H1;A8K7B7;A0A994J3N8;B4DDF7;C9J9C1;B4DQY1;A8K3H8;B4DE69;Q8NB89;B3KQV6;B4E1Q0;A0A994J6A3;E9PH38;E9PHZ6;E9PPI5;M0R0K6;E9PNM7;M0QXG4",-0.484312740056886,28.8991625074113,-0.880443102533693,0.385365364415747,0.592387664668662,-6.17307559096654,"P30153;A0A994J3H1;A8K7B7;A0A994J3N8;B4DDF7;C9J9C1;B4DQY1;A8K3H8;B4DE69;Q8NB89;B3KQV6;B4E1Q0;A0A994J6A3;E9PH38;E9PHZ6;E9PPI5;M0R0K6;E9PNM7;M0QXG4"
"P31151","S100A7",8,475.70985049158,"P31151;Q86SG5",-2.78488763833423,27.550243645149,-4.73010366905025,4.60643812036469e-05,0.00035651316370763,1.91525919915872,"P31151;Q86SG5"
"P31943","HNRNPH1",56,97.9194053758636,"P31943;G8JLB6;A0A384MEJ3;E9PCY7;H0YBD7;A0A9L9PY23;E5RGV0;D6RBM0;Q68DG4;D6RIU0;E7EN40;D6RIT2;D6RDU3;D6RFM3;B4DP51;D6RAM1;E7EQJ0;D6R9D3;D6RDL0;D6RF17;E5RJ94",-0.646465195749919,27.1496095257416,-1.1750365983231,0.248888685155064,0.444861781661114,-5.87716514108363,"P31943;G8JLB6;A0A384MEJ3;E9PCY7;H0YBD7;A0A9L9PY23;E5RGV0;D6RBM0;Q68DG4;D6RIU0;E7EN40;D6RIT2;D6RDU3;D6RFM3;B4DP51;D6RAM1;E7EQJ0;D6R9D3;D6RDL0;D6RF17;E5RJ94"
"P31944","CASP14",6,466,"P31944;B2CIS9;A9UFC0",-4.78581036273455,26.1338026647331,-8.14559407213031,3.2571328016019e-09,8.75775621396236e-08,11.1198268535096,"P31944;B2CIS9;A9UFC0"
"P31949","S100A11",2,0,"P31949;V9HWH9;B2R5H0",-1.86370859980168,31.590231253727,-3.44440247221619,0.00165650187677476,0.0079364506200622,-1.49287810369381,"P31949;V9HWH9;B2R5H0"
"P32004","L1CAM",16,994.441735096466,"P32004;Q7Z3Z9;A8K139;Q86SE4;H3BLW5;Q7Z2J6;Q7Z2I3;E9PHJ4;E7EMY4;E7EVM4;E7EPI4;H0Y5C3;Q7Z2J0",2.7251934175751,24.7768527918898,4.989002099189,2.19327262775427e-05,0.000184388607168884,2.628476987698,"P32004;Q7Z3Z9;A8K139;Q86SE4;H3BLW5;Q7Z2J6;Q7Z2I3;E9PHJ4;E7EMY4;E7EVM4;E7EPI4;H0Y5C3;Q7Z2J0"
"P32455","GBP1",6,12.444993529801,"P32455;B4DNS2;A0A7P0TAZ1;A0A348GSI6;Q9H0R5;H3BNS1",1.48543413317763,26.4252652270101,2.68595523548876,0.0114951017393318,0.0405121156214416,-3.28475356429487,"P32455;B4DNS2;A0A7P0TAZ1;A0A348GSI6;Q9H0R5;H3BNS1"
"P32969","RPL9",122,20.9716918557494,"P32969;Q53Z07;D6RAN4;A0A2R8Y5Y7;H0Y9V9;B4E1M5;B4DLV8;H0Y9R4;Q2NKY6",-0.682090017913076,28.0035059994082,-1.24886677986397,0.221022802950188,0.40963258939972,-5.79078827151874,"P32969;Q53Z07;D6RAN4;A0A2R8Y5Y7;H0Y9V9;B4E1M5;B4DLV8;H0Y9R4;Q2NKY6"
"P33778","H2BC3",44,113.698816216332,"P33778;Q16778;P23527;P06899;Q8N257;Q6DRA6;Q6DN03",3.4841504591376,30.9623356203246,6.03411756318708,1.09488952639134e-06,1.3362840575995e-05,5.51857106370498,"P33778;Q16778;P23527;P06899;Q8N257;Q6DRA6;Q6DN03"
"P35222","CTNNB1",84,14338.8008363549,"P35222;A0A2R8Y5A3;A0A2R8YCH5;A0A2R8Y543;A0A2R8Y804;B4DL06;A0A2R8Y750;B5BU28;A0A2R8Y7Z0;B4DGU4;A0A2R8Y5Z1;A0A2R8Y5C3;B4DSW9;A0A2R8Y6G0;A0A2R8Y815;A0A2R8YG06;G9GAG7;C9IZ65",-0.918167206420808,29.2682563613188,-1.74279786620001,0.0912395847208349,0.217332074067202,-5.09548143546095,"P35222;A0A2R8Y5A3;A0A2R8YCH5;A0A2R8Y543;A0A2R8Y804;B4DL06;A0A2R8Y750;B5BU28;A0A2R8Y7Z0;B4DGU4;A0A2R8Y5Z1;A0A2R8Y5C3;B4DSW9;A0A2R8Y6G0;A0A2R8Y815;A0A2R8YG06;G9GAG7;C9IZ65"
"P35240","NF2",8,0,"P35240;A0A5K1VW66;B7Z4B6;A0A5F9ZHA0",-2.85114163804032,24.6601997707759,-5.15369026654158,1.36656587307502e-05,0.000124629209301784,3.08386352376617,"P35240;A0A5K1VW66;B7Z4B6;A0A5F9ZHA0"
"P35268","RPL22",118,4.57185805077529,"P35268;Q7Z4W8;K7ERI7;K7EP65;K7EKS7;K7ELC4;K7EMH1;K7EJT5",-0.95840307164023,28.2252458700129,-1.81962883237529,0.0784436195203269,0.191894626889333,-4.97006882572467,"P35268;Q7Z4W8;K7ERI7;K7EP65;K7EKS7;K7ELC4;K7EMH1;K7EJT5"
"P35321","SPRR1A",10,0.5,"P35321",-7.17262390784281,27.5887035508919,-11.8216712665611,4.80045738684322e-13,4.15906294154556e-11,19.4397918854516,"P35321"
"P35573","AGL",6,4.44612068965517,"P35573;G1UI17;A0A0S2A4E4;A0A0M4G3H8",-1.50823619408303,23.9778996977893,-2.51628492167148,0.0172249839675855,0.0570326167674089,-3.64998541415809,"P35573;G1UI17;A0A0S2A4E4;A0A0M4G3H8"
"P35637","FUS",46,1245.9078490129,"P35637;Q59H57;B4DR70;A8K4H1;Q8TBR3;Q6IBQ5;H3BPE7;Q13344;Q70T18",1.48747542151044,25.0327703603268,2.60113910297411,0.0140922796923744,0.0483009014950721,-3.46921829724162,"P35637;Q59H57;B4DR70;A8K4H1;Q8TBR3;Q6IBQ5;H3BPE7;Q13344;Q70T18"
"P36543","ATP6V1E1",20,27.8497296604155,"P36543;Q53Y06;C9J8H1;Q96A05;A0A140VKA8",-2.24153907864587,26.7765790209449,-4.29250126816773,0.000159903625542643,0.00105441735320826,0.723162987622562,"P36543;Q53Y06;C9J8H1;Q96A05;A0A140VKA8"
"P36578","RPL4",126,72.4149822696101,"P36578;Q59GY2;B4DMJ6;Q53G74;H3BM89;B4DFI6;B4DMJ2;H3BTP7;H3BU31;B4DP82",-0.795859124000025,28.1470168899457,-1.41063335791259,0.168266775397895,0.337507442100344,-5.58509477167527,"P36578;Q59GY2;B4DMJ6;Q53G74;H3BM89;B4DFI6;B4DMJ2;H3BTP7;H3BU31;B4DP82"
"P37108","SRP14",102,0,"P37108;H0YLA2",-1.74597425962656,25.1165759424146,-2.96980479412483,0.00569490229916654,0.0227431501550582,-2.64201993064851,"P37108;H0YLA2"
"P38159","RBMX",46,35.399109884572,"P38159;H0Y6E7;H3BT71;H3BR27;Q96E39;H3BNC1;A0A1B0GUK8;B4E352;Q2VIN3;Q8N7X1;O75526;A8K8A6",-3.01016058899001,25.1967707541753,-4.34543214760311,0.00013768459946578,0.000928506382845237,0.866131285893321,"P38159;H0Y6E7;H3BT71;H3BR27;Q96E39;H3BNC1;A0A1B0GUK8;B4E352;Q2VIN3;Q8N7X1;O75526;A8K8A6"
"P38606","ATP6V1A",20,27.8497296604155,"P38606;A0A994J738;B7Z2V6;A0A994J477;C9JVW8;C9JA17",-2.07872359975261,27.3397282158006,-3.88834710906798,0.000495103526026706,0.00279245551117052,-0.353012548196439,"P38606;A0A994J738;B7Z2V6;A0A994J477;C9JVW8;C9JA17"
"P38919","EIF4A3",78,963.423124236604,"P38919;I3L3H2",-0.993294899322244,25.3010654470202,-1.8296952355771,0.0768861990744648,0.188825240089178,-4.95331397553759,"P38919;I3L3H2"
"P39019","RPS19",126,44.5703019628987,"P39019;B0ZBD0;Q8WVX7;M0R2L9;M0QYF7;M0R140;A0A075B6E2",-0.595078987595031,27.9082328824759,-1.11732047223228,0.272405655351046,0.472280844380163,-5.94133746341813,"P39019;B0ZBD0;Q8WVX7;M0R2L9;M0QYF7;M0R140;A0A075B6E2"
"P39023","RPL3",124,43.6706947975537,"P39023;Q8TBW1;Q96QL0;Q9NY85;G5E9G0;B3KS36;B5MCW2;Q9BT63;H7C422;Q49AJ9;H7C3M2;B4DN06;F8WCR1;Q92901;B2R7Y3",-0.775917597140083,28.0825750343414,-1.44591158373801,0.158194245033795,0.322304769083472,-5.53730760563531,"P39023;Q8TBW1;Q96QL0;Q9NY85;G5E9G0;B3KS36;B5MCW2;Q9BT63;H7C422;Q49AJ9;H7C3M2;B4DN06;F8WCR1;Q92901;B2R7Y3"
"P39060","COL18A1",22,3.22928132084122,"P39060;H7BXV5;Q8NG19;H7C457",9.85203636025415,27.327666095952,15.5517931428425,3.14841181999978e-16,4.90994823328966e-13,26.0426209125982,"P39060;H7BXV5;Q8NG19;H7C457"
"P39687","ANP32A",6,34.8114220830299,"P39687;H0YN26;Q6PKH8;Q08AJ6;A0A384P5U2;Q3KPI8;O95626;O43423",-1.83923457028973,24.3036663420518,-2.19816582555643,0.0354976736327924,0.102789614315981,-4.29123407464948,"P39687;H0YN26;Q6PKH8;Q08AJ6;A0A384P5U2;Q3KPI8;O95626;O43423"
"P42226","STAT6",4,0,"P42226;A0A494C0T4;A8K4S9;B2R680;A0A1W2PNW1;Q9BQD2;H0YJH6;B4DQB3;B7ZAC1;B4DR42;G3V568;G3V370;G3V5K5;G3V2L2;G3V5I8;G3V2H4;G3V2M3;Q5FBW6;H0YIY2",-1.85022701105431,25.0150654012937,-3.00623172337324,0.00519295352270811,0.021062187304716,-2.55690956863861,"P42226;A0A494C0T4;A8K4S9;B2R680;A0A1W2PNW1;Q9BQD2;H0YJH6;B4DQB3;B7ZAC1;B4DR42;G3V568;G3V370;G3V5K5;G3V2L2;G3V5I8;G3V2H4;G3V2M3;Q5FBW6;H0YIY2"
"P42677","RPS27",122,21.3224289185168,"P42677;Q71UM5;H0YMV8;A4D1G5;C9J1C5;C9JLI6",-1.99854348669692,27.4557336686306,-2.32242764418089,0.0269174849574468,0.0833720313627374,-4.04790314320135,"P42677;Q71UM5;H0YMV8;A4D1G5;C9J1C5;C9JLI6"
"P42892","ECE1",2,0,"P42892;A0A3B3ISF9;B4DKB2;E9PN99;E9PHZ1",4.5855098008282,25.9170838111425,8.45829228025872,1.4366595672831e-09,4.39307959838823e-08,11.9031255209898,"P42892;A0A3B3ISF9;B4DKB2;E9PN99;E9PHZ1"
"P43121","MCAM",4,0,"P43121;B2R642;B3KXZ9",4.14720468646942,25.6783120951801,7.69327029469302,1.08750232459218e-08,2.51253314844668e-07,9.96322720576548,"P43121;B2R642;B3KXZ9"
"P43353","ALDH3B1",2,0,"P43353;Q59F10;A0A087X2D4;Q9BUJ8;B4DSX1;P48448;A0A087WUF8",-2.41233857742187,26.476381914102,-4.35674846993682,0.000133345217887705,0.000903881547144489,0.896748037948583,"P43353;Q59F10;A0A087X2D4;Q9BUJ8;B4DSX1;P48448;A0A087WUF8"
"P43490","NAMPT",4,0,"P43490;A0A7P0T9I9;A0A7P0T895;A0A7P0T931;A0A7P0T8L3;A0A7P0T973;A0A7P0T862;A0A7P0TAS5;A0A7P0T8D2;A0A0C4DFS8;B7Z8W6;A0A7P0TA73;A0A7P0TBB7;A0A7P0T941;A0A7P0Z466;A0A7P0Z4N0;A0A7P0T9F0;A0A7P0TB17;A0A7P0T8Z3;A0A7P0T8R4;A0A7P0TAI8;A0A7P0Z437;Q658Z1;A0A7P0Z4L4;C9JG65;C9JF35;A0A7P0TAZ2",1.2684372039502,28.5712033873375,2.25390584056412,0.0313840628042342,0.0938913237675066,-4.18326193454723,"P43490;A0A7P0T9I9;A0A7P0T895;A0A7P0T931;A0A7P0T8L3;A0A7P0T973;A0A7P0T862;A0A7P0TAS5;A0A7P0T8D2;A0A0C4DFS8;B7Z8W6;A0A7P0TA73;A0A7P0TBB7;A0A7P0T941;A0A7P0Z466;A0A7P0Z4N0;A0A7P0T9F0;A0A7P0TB17;A0A7P0T8Z3;A0A7P0T8R4;A0A7P0TAI8;A0A7P0Z437;Q658Z1;A0A7P0Z4L4;C9JG65;C9JF35;A0A7P0TAZ2"
"P43686","PSMC4",34,71.1343208625927,"P43686;A8K2M0",-0.658017352596492,26.5027752256206,-1.1870809629979,0.244174443029596,0.438445646407203,-5.86340076017716,"P43686;A8K2M0"
"P45985","MAP2K4",10,14.8062714889201,"P45985;B7ZA62;B7Z9Y5;B4DH44",-1.20929721378555,23.5916129629131,-1.96841950653589,0.0579787613316724,0.150822148952032,-4.71498934793712,"P45985;B7ZA62;B7Z9Y5;B4DH44"
"P46531","NOTCH1",28,428.20065988337,"P46531;A0A7P0T8W1;A0A7P0TB20;A0A7P0T8U6;A0A7P0TAK8;A0A7P0TA56;A0A7P0TBG2;A0A7P0Z4H9",2.01498454781978,24.2340628715938,4.01349450369488,0.000349808038475333,0.00210616013729878,-0.0230426602661931,"P46531;A0A7P0T8W1;A0A7P0TB20;A0A7P0T8U6;A0A7P0TAK8;A0A7P0TA56;A0A7P0TBG2;A0A7P0Z4H9"
"P46776","RPL27A",122,25.3755819724374,"P46776;E9PJD9;Q6NZ52;Q9BQQ5;E9PLL6;E9PLX7",-0.902736789357206,28.2441392748776,-1.71994813417605,0.0953692907491305,0.224268997670808,-5.13192708575356,"P46776;E9PJD9;Q6NZ52;Q9BQQ5;E9PLL6;E9PLX7"
"P46777","RPL5",132,444.541091821241,"P46777;A0A2R8Y6J3;B3KTM6;A2RUM7;Q59GX9;Q5T7N0;A0A2R8Y4A2;Q9BUV4",-0.923438551255394,27.4017112013525,-1.72242092613556,0.0949149275794835,0.223594908701215,-5.12800201148109,"P46777;A0A2R8Y6J3;B3KTM6;A2RUM7;Q59GX9;Q5T7N0;A0A2R8Y4A2;Q9BUV4"
"P46781","RPS9",126,51.0421001009116,"P46781;A5D904;B5MCT8;C9JM19;B7Z732;F2Z3C0;A8MXK4",-0.542668383901766,28.5769433107273,-0.993377446896942,0.328184266920741,0.536762836143572,-6.06901553631322,"P46781;A5D904;B5MCT8;C9JM19;B7Z732;F2Z3C0;A8MXK4"
"P46782","RPS5",128,55.7412866869553,"P46782;M0R0F0;Q53G25;M0R0R2;M0QZN2;Q59EK8",-0.862373387944093,27.5059455083573,-1.59552480389417,0.120697173109164,0.265857685683251,-5.32335396784484,"P46782;M0R0F0;Q53G25;M0R0R2;M0QZN2;Q59EK8"
"P46939","UTRN",4,0.748008197476283,"P46939;A8K8Z1;H0Y337;Q5T097;Q6LBS5;A0A0D9SG57;A0A0A0MSM3;Q5T098",3.20590401718244,24.6649064219408,5.73958158059417,2.54056514952485e-06,2.80993712814469e-05,4.70613763885671,"P46939;A8K8Z1;H0Y337;Q5T097;Q6LBS5;A0A0D9SG57;A0A0A0MSM3;Q5T098"
"P46940","IQGAP1",42,1277.5263626678,"P46940;A4QPB0;A0A0J9YXZ5;H0YLE8;Q6P1N4;B4E2M0;Q5FWG8;Q05DN7;B4DNP4;Q96PA3;A0A087X225;H0YKA5;A0A087WWP1;E9PDT6;D6R939",-1.13759059997782,29.860712254091,-2.11564449748709,0.0424743589415519,0.117862567205249,-4.44745687891103,"P46940;A4QPB0;A0A0J9YXZ5;H0YLE8;Q6P1N4;B4E2M0;Q5FWG8;Q05DN7;B4DNP4;Q96PA3;A0A087X225;H0YKA5;A0A087WWP1;E9PDT6;D6R939"
"P46976","GYG1",4,0,"P46976;C9JQ42;B2R5R5;G5E9W8;B4DSX6;C9J8R8;C9J7C7",-2.81127861874422,24.1840138153027,-5.25543044946444,1.02006872223728e-05,9.75949185477937e-05,3.36556099394342,"P46976;C9JQ42;B2R5R5;G5E9W8;B4DSX6;C9J8R8;C9J7C7"
"P48426","PIP4K2A",2,0,"P48426;H7BXS3;B4DH09",1.80679746614514,26.3680898197758,3.24090622008851,0.00283612117908849,0.0124941553073121,-1.99575897584603,"P48426;H7BXS3;B4DH09"
"P48509","CD151",16,26.0557705720241,"P48509;K4DIA7;A0A6M5CDG2;E9PMR4;Q53FU5;A0A6M5CII8;A0A6M5CH24;E9PRJ3;E9PJC8;E9PLZ6;K4DIB7;E9PP93;E9PK37;E9PSA1;E9PJE8;Q6ZNZ0",1.74149973222255,31.9190045470324,3.3749492517353,0.00199272650080561,0.00931831177812998,-1.66607552391775,"P48509;K4DIA7;A0A6M5CDG2;E9PMR4;Q53FU5;A0A6M5CII8;A0A6M5CH24;E9PRJ3;E9PJC8;E9PLZ6;K4DIB7;E9PP93;E9PK37;E9PSA1;E9PJE8;Q6ZNZ0"
"P48960","ADGRE5",4,9.48179925620503,"P48960;B4DTS6;B3KUI0;B4E336;K7EPE8;K7EKV5;K7EPP8;Q7Z618",3.33856024868301,28.5737348928677,6.2218968406776,6.41829186599937e-07,8.66608325976279e-06,6.0341178685655,"P48960;B4DTS6;B3KUI0;B4E336;K7EPE8;K7EKV5;K7EPP8;Q7Z618"
"P49407","ARRB1",24,406.992172473368,"P49407;A8K103;H0YET9;E9PM35",1.33726150706784,23.8589433364519,2.19737352892173,0.0355594722176797,0.102789614315981,-4.29275473350051,"P49407;A8K103;H0YET9;E9PM35"
"P49792","RANBP2",10,74.4843815281126,"P49792;A0A8V8TMN6;A0A8V8TLN4;A6NKT7;Q13073;A0A8V8TLA0;A0A8V8TL79;J3KNE0",-1.14330032748533,23.9771200563155,-1.91817664631132,0.0642998185281186,0.164139697005672,-4.80288591816885,"P49792;A0A8V8TMN6;A0A8V8TLN4;A6NKT7;Q13073;A0A8V8TLA0;A0A8V8TL79;J3KNE0"
"P50281","MMP14",14,55.8202258650351,"P50281;K4RH61;A0A7P0TAG0;B2R6P3;A0A7P0TAV6;P51511;Q9Y5R2;A0A7P0TBK8;Q7KZY0;Q2PW48;Q86VV6",2.68391918777959,26.106754900326,5.21803151888066,1.13583847785393e-05,0.000107353945831103,3.26198871291278,"P50281;K4RH61;A0A7P0TAG0;B2R6P3;A0A7P0TAV6;P51511;Q9Y5R2;A0A7P0TBK8;Q7KZY0;Q2PW48;Q86VV6"
"P50454","SERPINH1",16,49.6074375366088,"P50454;B4DN87;A8K259;E9PJH8;E9PKH2;E9PR70;E9PPV6;Q9NPA9;E9PNX1;E9PK86;E9PMI5;E9PIG2;E9PRS3;E9PLA6;H0YEP8;E9PQ34",2.37946359691551,25.097959854904,4.07179334302925,0.000297289365174259,0.00181457050876422,0.131745589201684,"P50454;B4DN87;A8K259;E9PJH8;E9PKH2;E9PR70;E9PPV6;Q9NPA9;E9PNX1;E9PK86;E9PMI5;E9PIG2;E9PRS3;E9PLA6;H0YEP8;E9PQ34"
"P51991","HNRNPA3",38,18.9310656977773,"P51991;B4E3E6;A0A7I2V2R3;A0A7I2V5D8;B4DDB6;A0A384NL63;A0A7I2V4G0;A0A7I2V402;A0A7I2V4J6;Q65ZQ3;Q8NFG3;H7C1J8;B4E036;Q66K53",-2.50050732802652,25.2833297965016,-3.94246242785934,0.000426185410888895,0.00246161536400457,-0.210731468053357,"P51991;B4E3E6;A0A7I2V2R3;A0A7I2V5D8;B4DDB6;A0A384NL63;A0A7I2V4G0;A0A7I2V402;A0A7I2V4J6;Q65ZQ3;Q8NFG3;H7C1J8;B4E036;Q66K53"
"P52272","HNRNPM",60,270.103851994114,"P52272;Q7KYM9;Q59ES8;M0R019;M0R2T0;B4DEG4;M0QZM1;M0R0N3;Q6P2D7;M0QYQ7;M0R0Y6;M0R2I7;M0QYL3;M0QY96",-2.24070389252966,27.2970076463483,-3.91071956557611,0.000465382301385773,0.00265361498724356,-0.294267080917628,"P52272;Q7KYM9;Q59ES8;M0R019;M0R2T0;B4DEG4;M0QZM1;M0R0N3;Q6P2D7;M0QYQ7;M0R0Y6;M0R2I7;M0QYL3;M0QY96"
"P52292","KPNA2",16,330.204910556462,"P52292;A0A7I2V3Z3;A0A7I2V351;A0A7I2V487;Q7Z726;A8K7D9;A0A7I2YQE1;J3QLL0;J3KS65;J3QL07",2.13123114815908,24.836030570191,3.98301912173339,0.000380777335894629,0.00225787929782386,-0.103693612579252,"P52292;A0A7I2V3Z3;A0A7I2V351;A0A7I2V487;Q7Z726;A8K7D9;A0A7I2YQE1;J3QLL0;J3KS65;J3QL07"
"P52434","POLR2H",44,1299.58694403717,"P52434;C9JLU1",-0.839799849896004,23.2833391529972,-1.45740472933348,0.155018119799518,0.317631452038847,-5.52151692203413,"P52434;C9JLU1"
"P52597","HNRNPF",48,14.200143452689,"P52597;B4DKS8;A0A1B0GW42",-1.13331129157481,26.8467336187226,-2.06829466162514,0.047004842919667,0.127818748968127,-4.5350901951559,"P52597;B4DKS8;A0A1B0GW42"
"P52907","CAPZA1",4,0,"P52907;A8K0T9",-0.777433441763499,29.7066922876852,-1.47725731246601,0.149651700133636,0.310294047235193,-5.49398527558047,"P52907;A8K0T9"
"P53985","SLC16A1",4,16.652367181031,"P53985;B4DKS0;B2R6A5;Q5T8R5;Q5T8R3;Q5T8R4",-4.90439746184609,25.7630071968892,-9.15159365367882,2.44765158092468e-10,9.58315574085775e-09,13.5903560002437,"P53985;B4DKS0;B2R6A5;Q5T8R5;Q5T8R3;Q5T8R4"
"P53990","IST1",34,170.327717067361,"P53990;A8K5S3;B4DLP1;B4DXC9",-2.61608376828195,28.4716103041101,-4.70659457450364,4.92675848516765e-05,0.000379421227536739,1.85072228951793,"P53990;A8K5S3;B4DLP1;B4DXC9"
"P54105","CLNS1A",6,0,"P54105;Q9P1H0;E9PMI6;J3KN38",-0.249090694086565,23.0651277964267,-0.47115403719381,0.640815503778206,0.797885651211267,-6.44846072685736,"P54105;Q9P1H0;E9PMI6;J3KN38"
"P54289","CACNA2D1",2,0,"P54289;A0A994J595;Q9UIU0;A0A994J5M8;Q9UDQ3;H0Y715;B7Z658;Q9UDU5;E7ERK3",2.53935019772674,25.088817610549,4.6145227255766,6.40859813647113e-05,0.000473659184541551,1.59842259078089,"P54289;A0A994J595;Q9UIU0;A0A994J5M8;Q9UDQ3;H0Y715;B7Z658;Q9UDU5;E7ERK3"
"P55085","F2RL1",2,0,"P55085",3.37231856019676,25.2172004682571,6.2907753940056,5.27954734336686e-07,7.38426375065526e-06,6.22263887942684,"P55085"
"P55268","LAMB2",28,5.87257947938561,"P55268;Q15483;Q8N9Q8;F5H520",7.94397288514485,25.4105071734373,14.5714073236488,1.88501675067664e-15,1.17587344907209e-12,24.4648439775784,"P55268;Q15483;Q8N9Q8;F5H520"
"P55287","CDH11",4,0,"P55287;H3BUU9;B4DMA7;Q96CZ9;Q59EQ1",4.46688145731751,25.4952697271822,7.90866321663849,6.1057644424825e-09,1.52351034368823e-07,10.5173867463111,"P55287;H3BUU9;B4DMA7;Q96CZ9;Q59EQ1"
"P55795","HNRNPH2",34,2.69312903574621,"P55795;A0A384MDT2;B4DFK9;B4DP00;H0YAQ2",-1.86631164881733,23.5275957631429,-3.10606045120562,0.00402346917908243,0.0169126689616686,-2.320841799454,"P55795;A0A384MDT2;B4DFK9;B4DP00;H0YAQ2"
"P56199","ITGA1",46,23.4409781158825,"P56199;B4DTY8;A0A494C0F7",1.3279085134554,26.4801934632571,2.53049781332264,0.0166591147674919,0.0555719561067457,-3.61997786920071,"P56199;B4DTY8;A0A494C0F7"
"P59998","ARPC4",22,29.1084727183676,"P59998;F8WCF6;F8WDD7;A0A0A6YYG9;Q9H7Z5;H7C0A3;F8WE39;R4GN08;F8WDW3",-1.41933428286802,29.4807378871846,-2.6373605908194,0.0129228845259031,0.0448347906966539,-3.39089372804172,"P59998;F8WCF6;F8WDD7;A0A0A6YYG9;Q9H7Z5;H7C0A3;F8WE39;R4GN08;F8WDW3"
"P60953","CDC42",100,9668.34268300245,"P60953;B4E1U9;A0A8Q3WLC5;A0A590UJK8;A0A8Q3SI43;B7ZAY4;B4DMH5;Q5JYX0;Q9UJM1;A0A494C1M1;Q9UJM0;A0A494BZX6;A0A3B3IRV0;A0A8Q3WKT2",-1.19249224963627,29.9752507164483,-1.98689873204363,0.0557938966612179,0.146359262982623,-4.68221835028834,"P60953;B4E1U9;A0A8Q3WLC5;A0A590UJK8;A0A8Q3SI43;B7ZAY4;B4DMH5;Q5JYX0;Q9UJM1;A0A494C1M1;Q9UJM0;A0A494BZX6;A0A3B3IRV0;A0A8Q3WKT2"
"P61020","RAB5B",2,0,"P61020;Q6FI54;F8VUA5",-0.781738027809091,27.9917883679966,-1.47890252071346,0.149213727811948,0.3098519421075,-5.49168920349511,"P61020;Q6FI54;F8VUA5"
"P61077","UBE2D3",12,18.3691362898806,"P61077;P62837;D6RFM0;D6RAH7;H9KV45;A0A087WY85;D6RAW0;D6RA11",-1.64567399473728,26.8576942338499,-1.68169206850505,0.10263435073936,0.236422850779959,-5.19205760000789,"P61077;P62837;D6RFM0;D6RAH7;H9KV45;A0A087WY85;D6RAW0;D6RA11"
"P61158","ACTR3",28,287.586701727691,"P61158;B4DXW1;Q59FV6;B4DT29;B4DTI0;B4E1U3;F8WDR7;F8WEW2;F8WE84;Q9C0K3;A0A0A0MTI9;H7C4J1;C9IZN3",-1.31922722950493,29.3860986481636,-2.37985764253155,0.0236261052929962,0.0748120024455382,-3.93228211724332,"P61158;B4DXW1;Q59FV6;B4DT29;B4DTI0;B4E1U3;F8WDR7;F8WEW2;F8WE84;Q9C0K3;A0A0A0MTI9;H7C4J1;C9IZN3"
"P61160","ACTR2",34,142.804698246796,"P61160;Q8IY98;B4DHK9;B4DWQ5;A0A1B0GWD0;A0A1B0GWH0",-1.21566544344882,29.7232567307427,-2.23844657703114,0.032479736468938,0.0960230313238083,-4.21340206674868,"P61160;Q8IY98;B4DHK9;B4DWQ5;A0A1B0GWD0;A0A1B0GWH0"
"P61247","RPS3A",128,73.5851516554719,"P61247;Q6NXR8;D6RG13;A8K4W0;D6RAT0;B7Z3M5;D6RB09;E9PFI5;H0Y9Y4;H0Y8L7;D6R9B6;D6RAS7;D6RED7;D6RI02;D6RGE0;A4D1I1",-0.584002928098489,29.0003319679046,-1.07015223512225,0.292777398979366,0.497641802406889,-5.99156840642423,"P61247;Q6NXR8;D6RG13;A8K4W0;D6RAT0;B7Z3M5;D6RB09;E9PFI5;H0Y9Y4;H0Y8L7;D6R9B6;D6RAS7;D6RED7;D6RI02;D6RGE0;A4D1I1"
"P61313","RPL15",122,20.9716918557494,"P61313;B4DLP4;A0A2R8YEM3;E7EQV9;E7EX53;A0A2R8Y738;E7ENU7;E7ERA2;B4DEN1;A4D1Q5",-0.793777862302104,28.5856899869391,-1.43049285210965,0.162536114873197,0.32897478409442,-5.55832045348646,"P61313;B4DLP4;A0A2R8YEM3;E7EQV9;E7EX53;A0A2R8Y738;E7ENU7;E7ERA2;B4DEN1;A4D1Q5"
"P61353","RPL27",122,71.5346049757632,"P61353;E4W6B6;B2R4D8;K7ELC7;K7EQQ9;Q6LCU2;K7ERY7",-0.767570424473178,28.1550898946478,-1.41557862078434,0.166825098513642,0.334831069667985,-5.57845829384404,"P61353;E4W6B6;B2R4D8;K7ELC7;K7EQQ9;Q6LCU2;K7ERY7"
"P61421","ATP6V0D1",18,0,"P61421;B2R7M1;F5GYQ1;B7Z6L9;J3QL14;B7Z788;H3BQB4;H3BSG7;H3BQJ1",-2.27561323403613,25.7459255808747,-4.34505359550799,0.000137832143397674,0.000928506382845237,0.865107402131316,"P61421;B2R7M1;F5GYQ1;B7Z6L9;J3QL14;B7Z788;H3BQB4;H3BSG7;H3BQJ1"
"P61513","RPL37A",122,20.9716918557494,"P61513;C9J4Z3;M0R0A1;Q6P4E4;E9PEL3;M0R2L6;G5E9R3;A6NKH3",-0.748588742799484,27.0719581145599,-1.35518605712552,0.185109637959203,0.362889353107955,-5.6581026231873,"P61513;C9J4Z3;M0R0A1;Q6P4E4;E9PEL3;M0R2L6;G5E9R3;A6NKH3"
"P61626","LYZ",6,28.823444347896,"P61626;B2R4C5;F8VV32;A0A0B4J259",-1.10790712105506,24.1251475261686,-1.67768241998833,0.10342187432577,0.237710262359673,-5.19829505524104,"P61626;B2R4C5;F8VV32;A0A0B4J259"
"P61769","B2M",28,2285.9422644008,"P61769;B4E0X1;H0YLF3;F5H6I0;A6XND9;A6XMH4;A6XMH5",2.19970538228994,30.2890360045127,4.25677550252303,0.000176861880844052,0.00114446515840788,0.626897142135237,"P61769;B4E0X1;H0YLF3;F5H6I0;A6XND9;A6XMH4;A6XMH5"
"P61956","SUMO2",10,120.93149528825,"P61956;P55854;Q6EEV6;A8MUA9;A8MU27",1.26609296880921,28.539578802925,2.35579972100589,0.0249576273523574,0.0783127160080511,-3.98095429246764,"P61956;P55854;Q6EEV6;A8MUA9;A8MU27"
"P61978","HNRNPK",68,2627.98895433943,"P61978;A0A994J4U9;A0A994J4S7;A0A994J782;Q5EC54;B4DFF1",-0.841844584567109,24.3742679917201,-1.27788792410507,0.210735068032475,0.396192089929649,-5.75553386722638,"P61978;A0A994J4U9;A0A994J4S7;A0A994J782;Q5EC54;B4DFF1"
"P62081","RPS7",128,55.7412866869553,"P62081;A0A2R8Y623;B5MCP9;Q59FS3",-1.28233469543915,27.4554160203308,-2.20767878126028,0.0347631371658614,0.100955516592478,-4.27294480728421,"P62081;A0A2R8Y623;B5MCP9;Q59FS3"
"P62140","PPP1CB",4,0,"P62140;V9HW04;A0A8V8TQ71;B4DJ75;A0A8V8TRH9;B7ZB67;H0Y3Y6;B4E163;C9JP48;C9J9S3;A0A8V8TR83",-1.78270432881297,27.9340166606208,-3.35540149170448,0.00209862889180509,0.0097550275909688,-1.71453769612725,"P62140;V9HW04;A0A8V8TQ71;B4DJ75;A0A8V8TRH9;B7ZB67;H0Y3Y6;B4E163;C9JP48;C9J9S3;A0A8V8TR83"
"P62241","RPS8",126,51.0421001009116,"P62241;Q5JR94;Q5JR95;Q9BS10",-1.13385272339552,28.9209541402882,-2.16504513899945,0.038164537065988,0.108410920864132,-4.35446209200363,"P62241;Q5JR94;Q5JR95;Q9BS10"
"P62244","RPS15A",124,30.5228293732496,"P62244;B2R4W8;I3L3P7;A8K7H3;I3L246;H3BV27;H3BT37;I3L303;H3BVC7",-0.702401553902217,28.3585962147519,-1.25123272725005,0.220170202423775,0.408756465095092,-5.78794148653207,"P62244;B2R4W8;I3L3P7;A8K7H3;I3L246;H3BV27;H3BT37;I3L303;H3BVC7"
"P62249","RPS16",124,26.683393096912,"P62249;M0R210;M0R3H0;M0R1M5;M0QX76;Q6IPX4;B4DP32",-0.660632791930222,28.0859906735293,-1.22989454680465,0.227949612702941,0.418959836193561,-5.81344016549782,"P62249;M0R210;M0R3H0;M0R1M5;M0QX76;Q6IPX4;B4DP32"
"P62263","RPS14",122,23.575900975972,"P62263;A0A2R8Y811;E5RH77;A4D1M5",-0.506726975098459,28.5617785796398,-0.960837736823716,0.344037020961604,0.553690128162664,-6.10021100231232,"P62263;A0A2R8Y811;E5RH77;A4D1M5"
"P62266","RPS23",126,71.7698813653035,"P62266;A8K517;D6RD47;D6RDJ2;D6RIX0;D6R9I7",-0.530615701588182,27.5607616840657,-0.969732049798196,0.339653747159445,0.549697752503586,-6.09178107606548,"P62266;A8K517;D6RD47;D6RDJ2;D6RIX0;D6R9I7"
"P62269","RPS18",130,86.4400989894991,"P62269;A0A0G2JQH2;Q5GGW2;J3JS69",-0.6244708339398,28.6094679424394,-1.17609793127783,0.24847060930595,0.444369168821822,-5.87595739058235,"P62269;A0A0G2JQH2;Q5GGW2;J3JS69"
"P62273","RPS29",126,71.7698813653035,"P62273;A0A087WTT6;A0A2R8Y851;A0A2R8Y6P7",-1.47257596184413,26.5772915047917,-2.61447294394506,0.0136508567491575,0.04689099361302,-3.44046494610241,"P62273;A0A087WTT6;A0A2R8Y851;A0A2R8Y6P7"
"P62277","RPS13",128,191.831462987847,"P62277;J3KMX5;E9PS50",-0.58256703633981,27.8529759203093,-1.12296645791777,0.270037001748207,0.46940886454993,-5.93519094780269,"P62277;J3KMX5;E9PS50"
"P62280","RPS11",124,26.683393096912,"P62280;M0QZC5;M0R1H5",-0.727156423322633,27.8466226207533,-1.32451837300951,0.194971898242235,0.374918218629797,-5.69736850031548,"P62280;M0QZC5;M0R1H5"
"P62316","SNRPD2",60,749.237146846452,"P62316;K7ERG4",-0.867011766661275,23.3303762309281,-1.5899968109177,0.121940050189206,0.268027495799953,-5.33157870700032,"P62316;K7ERG4"
"P62318","SNRPD3",44,216.67161261277,"P62318;H3BT13",-1.13484801527179,25.9050572640367,-2.10198045167679,0.0437402852719093,0.120509235176065,-4.47289788391591,"P62318;H3BT13"
"P62424","RPL7A",126,99.6783400161857,"P62424;Q9BY74;Q5T8U2;Q5T8U3",-0.867269927022196,28.0640695958493,-1.57885568180866,0.12447682693643,0.272451384712088,-5.34808136781063,"P62424;Q9BY74;Q5T8U2;Q5T8U3"
"P62495","ETF1",118,72.082021516001,"P62495;B7Z7P8;I3L492;D6RJE8;D6RCB3",-0.720182812769334,26.9361323004017,-1.3349386403025,0.191576498534113,0.370791320761442,-5.68411636575869,"P62495;B7Z7P8;I3L492;D6RJE8;D6RCB3"
"P62701","RPS4X",126,37.5274547440456,"P62701;Q96IR1;B2R491;Q53HV1;P22090;Q8TD47;C9JEH7;A4FU11;Q496E4;B7Z1M6;Q53HI6",-0.820303827624439,28.3088276904688,-1.51640262441589,0.139506327496931,0.296201657905328,-5.43875558427,"P62701;Q96IR1;B2R491;Q53HV1;P22090;Q8TD47;C9JEH7;A4FU11;Q496E4;B7Z1M6;Q53HI6"
"P62750","RPL23A",128,119.459748693897,"P62750;H7BY10;K7EJV9;K7ERT8;A8MUS3;K7EMA7;Q53RC5;O95014;B9EJE3",-0.395638326663907,27.8544225778023,-0.739249026830062,0.465293231380603,0.664795963662896,-6.28632509772302,"P62750;H7BY10;K7EJV9;K7ERT8;A8MUS3;K7EMA7;Q53RC5;O95014;B9EJE3"
"P62753","RPS6",142,986.652991681606,"P62753;Q96DV6;A2A3R6;A2A3R5;A2A3R7;Q9BZU1",-0.631124724574207,28.7978947054908,-1.16663864811703,0.25221496815009,0.448464175744655,-5.88668650403268,"P62753;Q96DV6;A2A3R6;A2A3R5;A2A3R7;Q9BZU1"
"P62805","H4C11",50,56.1458058120094,"P62805;B2R4R0;Q0VAS5;Q6B823",3.55592798697397,30.7951160050684,6.41293225751713,3.7371231974173e-07,5.47234143321341e-06,6.55611828034464,"P62805;B2R4R0;Q0VAS5;Q6B823"
"P62805","H4C3",50,56.1458058120094,"P62805;B2R4R0;Q0VAS5;Q6B823",3.55592798697397,30.7951160050684,6.41293225751713,3.7371231974173e-07,5.47234143321341e-06,6.55611828034464,"P62805;B2R4R0;Q0VAS5;Q6B823"
"P62805","H4C15",50,56.1458058120094,"P62805;B2R4R0;Q0VAS5;Q6B823",3.55592798697397,30.7951160050684,6.41293225751713,3.7371231974173e-07,5.47234143321341e-06,6.55611828034464,"P62805;B2R4R0;Q0VAS5;Q6B823"
"P62805","H4C12",50,56.1458058120094,"P62805;B2R4R0;Q0VAS5;Q6B823",3.55592798697397,30.7951160050684,6.41293225751713,3.7371231974173e-07,5.47234143321341e-06,6.55611828034464,"P62805;B2R4R0;Q0VAS5;Q6B823"
"P62805","H4C8",50,56.1458058120094,"P62805;B2R4R0;Q0VAS5;Q6B823",3.55592798697397,30.7951160050684,6.41293225751713,3.7371231974173e-07,5.47234143321341e-06,6.55611828034464,"P62805;B2R4R0;Q0VAS5;Q6B823"
"P62805","H4C5",50,56.1458058120094,"P62805;B2R4R0;Q0VAS5;Q6B823",3.55592798697397,30.7951160050684,6.41293225751713,3.7371231974173e-07,5.47234143321341e-06,6.55611828034464,"P62805;B2R4R0;Q0VAS5;Q6B823"
"P62805","H4C14",50,56.1458058120094,"P62805;B2R4R0;Q0VAS5;Q6B823",3.55592798697397,30.7951160050684,6.41293225751713,3.7371231974173e-07,5.47234143321341e-06,6.55611828034464,"P62805;B2R4R0;Q0VAS5;Q6B823"
"P62805","H4C2",50,56.1458058120094,"P62805;B2R4R0;Q0VAS5;Q6B823",3.55592798697397,30.7951160050684,6.41293225751713,3.7371231974173e-07,5.47234143321341e-06,6.55611828034464,"P62805;B2R4R0;Q0VAS5;Q6B823"
"P62805","H4C4",50,56.1458058120094,"P62805;B2R4R0;Q0VAS5;Q6B823",3.55592798697397,30.7951160050684,6.41293225751713,3.7371231974173e-07,5.47234143321341e-06,6.55611828034464,"P62805;B2R4R0;Q0VAS5;Q6B823"
"P62805","H4C13",50,56.1458058120094,"P62805;B2R4R0;Q0VAS5;Q6B823",3.55592798697397,30.7951160050684,6.41293225751713,3.7371231974173e-07,5.47234143321341e-06,6.55611828034464,"P62805;B2R4R0;Q0VAS5;Q6B823"
"P62805","H4C1",50,56.1458058120094,"P62805;B2R4R0;Q0VAS5;Q6B823",3.55592798697397,30.7951160050684,6.41293225751713,3.7371231974173e-07,5.47234143321341e-06,6.55611828034464,"P62805;B2R4R0;Q0VAS5;Q6B823"
"P62805","H4C6",58,747.806861085123,"P62805;B2R4R0;Q0VAS5;Q6B823",3.55592798697397,30.7951160050684,6.41293225751713,3.7371231974173e-07,5.47234143321341e-06,6.55611828034464,"P62805;B2R4R0;Q0VAS5;Q6B823"
"P62805","H4C9",50,56.1458058120094,"P62805;B2R4R0;Q0VAS5;Q6B823",3.55592798697397,30.7951160050684,6.41293225751713,3.7371231974173e-07,5.47234143321341e-06,6.55611828034464,"P62805;B2R4R0;Q0VAS5;Q6B823"
"P62841","RPS15",128,73.5851516554719,"P62841;K7ELC2;K7EM56;A0A0B4J2B4;K7EJ78;S4R417;K7EQJ5;S4R456",-1.16456327746028,25.2859956326846,-1.83310901615041,0.0763640720760683,0.188135498266396,-4.94761513894627,"P62841;K7ELC2;K7EM56;A0A0B4J2B4;K7EJ78;S4R417;K7EQJ5;S4R456"
"P62847","RPS24",128,71.1667510711404,"P62847;E7ETK0;A0A2R8Y849;A0A2R8YD14;A0A2R8Y8A0",-0.736034017402908,26.2983726571836,-1.32910714948813,0.193471002380473,0.373116239598141,-5.69154404674492,"P62847;E7ETK0;A0A2R8Y849;A0A2R8YD14;A0A2R8Y8A0"
"P62851","RPS25",128,86.3507566099235,"P62851",-1.15688186006583,27.5805067621525,-2.11496256882633,0.0425367587215613,0.117920416080853,-4.44872946474813,"P62851"
"P62877","RBX1",18,448.436400933909,"P62877",1.4167648550524,24.9698742944803,2.52361312918337,0.0169310489151184,0.0562639605082138,-3.63452720798081,"P62877"
"P62888","RPL30",126,165.261416776549,"P62888;E5RI99;A0A0B4J213;E5RJH3;A0A0C4DH44",-0.562811989018574,28.0489996554222,-1.01899232124414,0.316060018110924,0.523291823201886,-6.04377426701228,"P62888;E5RI99;A0A0B4J213;E5RJH3;A0A0C4DH44"
"P62906","RPL10A",118,55.2204635861568,"P62906;Q1JQ76",-0.820572453560381,27.7190848893825,-1.51941964442463,0.138747999423647,0.295395911400926,-5.43444728443481,"P62906;Q1JQ76"
"P62910","RPL32",120,39.724441355893,"P62910;D3YTB1;F8W727",-0.46226919827194,26.571729828974,-0.810366612911482,0.423880695043912,0.629863691206271,-6.23164703791817,"P62910;D3YTB1;F8W727"
"P62913","RPL11",128,161.519349825203,"P62913;Q5VVD0;Q5VVC8;Q08ES8",-0.488452193192995,28.4257823538369,-0.887052347308659,0.381852000689101,0.589897966943207,-6.16731291576464,"P62913;Q5VVD0;Q5VVC8;Q08ES8"
"P62979","RPS27A",198,19356.9952588532,"P62979;A0A248RGE3;Q5RKT7;B2RDW1;P62987;J3QTR3;Q3MIH3;M0R1V7;Q49A90;M0R1M6;Q8WYN9;M0R2S1;J3QSA3;F5GZ39",-2.29030107893188,33.3658498843001,-4.31128768660198,0.000151639813288219,0.00100845325724085,0.773860055496691,"P62979;A0A248RGE3;Q5RKT7;B2RDW1;P62987;J3QTR3;Q3MIH3;M0R1V7;Q49A90;M0R1M6;Q8WYN9;M0R2S1;J3QSA3;F5GZ39"
"P62993","GRB2",60,2174.50539889592,"P62993;A0A384ME16;Q6ICN0;B0LPF3;B3KR50;J3KT38;J3QRL5;J3QLF6",-0.8963579770301,27.4105613573646,-1.70886763692356,0.0974277623616864,0.227452987130314,-5.14945817684331,"P62993;A0A384ME16;Q6ICN0;B0LPF3;B3KR50;J3KT38;J3QRL5;J3QLF6"
"P63104","YWHAZ",20,620.563637853558,"P63104;D0PNI1;E7EX29;B0AZS6;E7ESK7;B7Z2E6;H0YB80;E9PD24;E7EVZ2;E5RIR4;Q2F831;E5RGE1;Q6LD62",-0.845228539016531,32.6820264010585,-1.59284148770268,0.12129916771017,0.266995133442499,-5.32734931500762,"P63104;D0PNI1;E7EX29;B0AZS6;E7ESK7;B7Z2E6;H0YB80;E9PD24;E7EVZ2;E5RIR4;Q2F831;E5RGE1;Q6LD62"
"P63151","PPP2R2A",10,32.3570194068005,"P63151;A0A140VJT0;Q56VW8;A0A590UJY3;A0A590UJJ1;Q66LE6;E5RFR9;E5RIY1;Q6PEG1;Q6IN90;Q00005;B3KMA9;H0YB06;Q59GC6;Q9Y2T4;Q9NZ48;E5RJV2;E5RHQ2",-0.977733492545209,26.3547976975021,-1.87150277898864,0.0706977976572612,0.176971453365167,-4.88293863065196,"P63151;A0A140VJT0;Q56VW8;A0A590UJY3;A0A590UJJ1;Q66LE6;E5RFR9;E5RIY1;Q6PEG1;Q6IN90;Q00005;B3KMA9;H0YB06;Q59GC6;Q9Y2T4;Q9NZ48;E5RJV2;E5RHQ2"
"P63173","RPL38",124,62.1272313217056,"P63173;J3KT73;J3QL01;J3KSP2",-2.21452820216015,23.7145680385853,-3.97800078112571,0.000386128208106626,0.002279353622106,-0.11695640932174,"P63173;J3KT73;J3QL01;J3KSP2"
"P68366","TUBA4A",8,1229.05864473411,"P68366;C9JEV8;C9JQ00;C9JJQ8;C9JDL2",-2.03770198252481,27.3085095936394,-3.74825784107543,0.000728021772591614,0.00387491451998847,-0.718255674040281,"P68366;C9JEV8;C9JQ00;C9JJQ8;C9JDL2"
"P78324","SIRPA",10,8.77284128730233,"P78324;B4DP97;Q5TFQ8;H3BQ21;Q2QD20;O00241;H3BTT9;H3BU43;H3BSK5;H3BUA5;H3BRP9;H3BV43;H3BML4;H9KV29;A2RRP5",-2.52432617843842,24.8574357918332,-4.58313525568767,7.00870238784388e-05,0.000510750998777688,1.51259258130717,"P78324;B4DP97;Q5TFQ8;H3BQ21;Q2QD20;O00241;H3BTT9;H3BU43;H3BSK5;H3BUA5;H3BRP9;H3BV43;H3BML4;H9KV29;A2RRP5"
"P78406","RAE1",8,10.9419749062365,"P78406;E9PPG9;E9PQ57;Q5J8M4;B0QZ36;B0QZ37",-1.26431198786588,23.7433948277545,-2.41092738890872,0.0220021865742952,0.0705291057813224,-3.86892420691796,"P78406;E9PPG9;E9PQ57;Q5J8M4;B0QZ36;B0QZ37"
"P80188","LCN2",24,1877.31144274306,"P80188;X6R8F3;B2ZDQ1",-3.90698613844667,25.3429863067923,-6.62469443860439,2.05892871199804e-07,3.19492470284671e-06,7.13132028181775,"P80188;X6R8F3;B2ZDQ1"
"P98088","MUC5AC",10,58.2002604155223,"P98088;T1S9D5;O75372;T1R7N1;T1R7M6;T1R7A8;T1R7Q9;T1R7N3;Q14887;Q14889",4.39352642557257,25.6476106985765,6.90708677487758,9.35626111431797e-08,1.60341639645922e-06,7.89192119226559,"P98088;T1S9D5;O75372;T1R7N1;T1R7M6;T1R7A8;T1R7Q9;T1R7N3;Q14887;Q14889"
"P98160","HSPG2",28,527.752174532791,"P98160;Q59EG0;Q2VPA1;A0A0U1RQT3;A0A3B3IT11;H0Y5A9;H7BYA5",2.80571113228391,30.1614268639867,5.02452553273145,1.98058766102918e-05,0.000170177766246557,2.72662079034669,"P98160;Q59EG0;Q2VPA1;A0A0U1RQT3;A0A3B3IT11;H0Y5A9;H7BYA5"
"P98196","ATP11A",8,1,"P98196;Q6PJ25;H0Y547;E9PEJ6;Q659C3;H0Y8F0;A0A087WVE8",-2.45292957528926,25.1141947522449,-4.35608170506051,0.000133597112290352,0.000903881547144489,0.894943594558365,"P98196;Q6PJ25;H0Y547;E9PEJ6;Q659C3;H0Y8F0;A0A087WVE8"
"Q00535","CDK5",10,428.448502185447,"Q00535;A0A090N7W4;Q6IAW3;A0A0S2Z355",0.558432978278688,23.922575410474,1.02633667728227,0.3126413111225,0.519791177713795,-6.03642626193299,"Q00535;A0A090N7W4;Q6IAW3;A0A0S2Z355"
"Q00839","HNRNPU",52,45.3178325190349,"Q00839;A0A1W2PPS1;B4DLR3;A0A1X7SBS1;B3KX72;A0A1W2PP35;Q96BA7;A0A994J6V2;Q5RI18;A0A1W2PPH7;A0A1W2PPL4;A0A1W2PP34;A0A1W2PQL0;Q7Z4Q5;A0A1W2PQD4;A0A1W2PQ74;A0A1W2PRZ7;A0A1W2PP22;Q9UEL2;A0A1W2PPE9",-1.75991278739995,26.2149418436997,-3.05256618787736,0.00461487424393219,0.019014257287747,-2.44784669926532,"Q00839;A0A1W2PPS1;B4DLR3;A0A1X7SBS1;B3KX72;A0A1W2PP35;Q96BA7;A0A994J6V2;Q5RI18;A0A1W2PPH7;A0A1W2PPL4;A0A1W2PP34;A0A1W2PQL0;Q7Z4Q5;A0A1W2PQD4;A0A1W2PQ74;A0A1W2PRZ7;A0A1W2PP22;Q9UEL2;A0A1W2PPE9"
"Q01081","U2AF1",42,461.416569578398,"Q01081;B5BU08;Q8WU68;K7EJH3;A0A1B0GW87;K7EJM7;M0QYK5;Q69YM7;M0R2N4",0.270961621728269,23.5035773322765,0.513727300705713,0.611069605752629,0.772881630309184,-6.4274148693141,"Q01081;B5BU08;Q8WU68;K7EJH3;A0A1B0GW87;K7EJM7;M0QYK5;Q69YM7;M0R2N4"
"Q01105","SET",4,0,"Q01105;A0A8I5KS71;Q5VXV3;A0A8J8YYJ1;B2RCX0;A0A0C4DFV9;P0DME0;A0A8I5KTZ2",-1.51273530845769,26.9659818620228,-2.75317443016821,0.00976093054578231,0.0353592826623636,-3.13598344103085,"Q01105;A0A8I5KS71;Q5VXV3;A0A8J8YYJ1;B2RCX0;A0A0C4DFV9;P0DME0;A0A8I5KTZ2"
"Q01130","SRSF2",54,658.539512891292,"Q01130;J3QL05;Q8NAK9;J3KP15;Q53FN0;B3KX15;Q6NXQ0;Q8N220;B3KVY2;B3KUF7;B3KUY1",-0.0123325412286981,23.9158576172466,-0.0196435938680485,0.984453040022096,0.992286810402825,-6.56016802086651,"Q01130;J3QL05;Q8NAK9;J3KP15;Q53FN0;B3KX15;Q6NXQ0;Q8N220;B3KVY2;B3KUF7;B3KUY1"
"Q01469","FABP5",4,30.0527749131199,"Q01469;E7DVW5;I6L8B7;A8MUU1",-3.97968588535628,29.0511475630802,-7.64487760813471,1.23904154440246e-08,2.78026660215199e-07,9.83789466824775,"Q01469;E7DVW5;I6L8B7;A8MUU1"
"Q01973","ROR1",2,0,"Q01973;A2VCQ3",2.9881860572328,24.9526335309353,5.51358222214171,4.85811643528593e-06,4.98436354001869e-05,4.08070224133647,"Q01973;A2VCQ3"
"Q02388","COL7A1",2,0,"Q02388;Q59F16;C9JBL3",1.91790167956124,27.3744472126914,2.87192372495649,0.00728036536085504,0.0278961419662246,-2.86786011576769,"Q02388;Q59F16;C9JBL3"
"Q02487","DSC2",4,0,"Q02487;Q63HM4;A0A3B3ISU0;A9X9L0;A9X9K9;A8K2P8;B4DLJ5;Q68DY8;A9X9L1",-4.52255988848587,25.6852854325274,-7.87614842397959,6.65926876890324e-09,1.63545348741805e-07,10.4341239356361,"Q02487;Q63HM4;A0A3B3ISU0;A9X9L0;A9X9K9;A8K2P8;B4DLJ5;Q68DY8;A9X9L1"
"Q02543","RPL18A",124,62.1272313217056,"Q02543;M0R3D6;M0R1A7;M0R117;B4DM74;B2R4C0;M0R0P7;Q53HD3;B4DM94;B4DUV3;Q32XH3;Q76N54",-0.527881862411775,27.6784892364081,-0.941438593260505,0.353728066609901,0.562323057979755,-6.11834342354206,"Q02543;M0R3D6;M0R1A7;M0R117;B4DM74;B2R4C0;M0R0P7;Q53HD3;B4DM94;B4DUV3;Q32XH3;Q76N54"
"Q02809","PLOD1",12,0,"Q02809;B4DGN8;B2R5M9;B4DHT1;Q5JXB7;Q5JXB8",3.04570454947546,25.463048692424,5.56742300644232,4.16233265691205e-06,4.34191155749454e-05,4.22980213432318,"Q02809;B4DGN8;B2R5M9;B4DHT1;Q5JXB7;Q5JXB8"
"Q02878","RPL6",126,84.8262342635098,"Q02878;Q8TBK5;Q8N5Z7;Q9HBB3;B4DRX3;B2R4K7;F8VZ45;U3KQR5;F8VR69;F8VZA3;F8VWR1;F8VU16",-0.525425640668288,27.9385045981174,-0.976732307227602,0.336230418859392,0.545914979917982,-6.08509496469404,"Q02878;Q8TBK5;Q8N5Z7;Q9HBB3;B4DRX3;B2R4K7;F8VZ45;U3KQR5;F8VR69;F8VZA3;F8VWR1;F8VU16"
"Q03135","CAV1",66,4244.09130831297,"Q03135;Q2TNI1;A9XTE5;Q59E85;E9PCT5;C9JKI3;Q7Z4F3;A0A1I9UVK8;P56539",1.41948974730054,28.2734726373323,2.65451200054634,0.0124011405787836,0.0432169357153363,-3.35356915598306,"Q03135;Q2TNI1;A9XTE5;Q59E85;E9PCT5;C9JKI3;Q7Z4F3;A0A1I9UVK8;P56539"
"Q03405","PLAUR",12,76.5861024844221,"Q03405;M0R1I2;M0QYR6;Q9UPI5;M0R0H5;M0R0Y4;M0R2E9;M0QYS6;M0R383;M0QX27",-1.37484905162068,29.5391643086698,-2.58837847449893,0.0145270576103229,0.0493034740877009,-3.49664814020652,"Q03405;M0R1I2;M0QYR6;Q9UPI5;M0R0H5;M0R0Y4;M0R2E9;M0QYS6;M0R383;M0QX27"
"Q04721","NOTCH2",8,513.787510345528,"Q04721;Q6IQ50;Q9UFD5;D2WEZ3;A0A1W2PQQ5;Q13560",2.00645275011886,25.01738336477,3.69801601632609,0.000835205364785319,0.00435619654308597,-0.848084848544969,"Q04721;Q6IQ50;Q9UFD5;D2WEZ3;A0A1W2PQQ5;Q13560"
"Q05209","PTPN12",8,0.510128248944038,"Q05209;B4E105;C9J1X8;F8WB51;H0YC15;C9JJC1",1.59685340718661,24.1033954853557,2.71294836990558,0.0107668182066373,0.0384230045612148,-3.22528054350382,"Q05209;B4E105;C9J1X8;F8WB51;H0YC15;C9JJC1"
"Q05639","EEF1A2",30,427.343348872517,"Q05639;A0A9L9PYI8;A0A2U3TZH3;A0A9L9PXK0;Q59GP5;A0A2R8Y488;A0A2R8Y660;A0A4D5RA53;Q6NSH7;A0A4D5RAE1;A0A2R8YDN5;A0A4D5RA40;A0A4D5RA74;A0A4D5RAA6;A0A4D5RAC3;A0A4D5RAB0;A0A4D5RAB4;A0A6Q8PFK6;Q6NS35;A0A4D5RA70",0.891077460947368,23.1939733132307,1.6820636195292,0.102561629357227,0.236422850779959,-5.19147898527985,"Q05639;A0A9L9PYI8;A0A2U3TZH3;A0A9L9PXK0;Q59GP5;A0A2R8Y488;A0A2R8Y660;A0A4D5RA53;Q6NSH7;A0A4D5RAE1;A0A2R8YDN5;A0A4D5RA40;A0A4D5RA74;A0A4D5RAA6;A0A4D5RAC3;A0A4D5RAB0;A0A4D5RAB4;A0A6Q8PFK6;Q6NS35;A0A4D5RA70"
"Q06481","APLP2",2,0,"Q06481;A0A140VJE9;B4DTV1;B4E3I5;B4DKY3",4.58856170361619,26.3851871240474,8.32139398065383,2.05266363418619e-09,5.82023443184247e-08,11.5618742194557,"Q06481;A0A140VJE9;B4DTV1;B4E3I5;B4DKY3"
"Q07020","RPL18",126,84.8262342635098,"Q07020;Q0QEW2;H0YHA7;J3QQ67;G3V203;F8VUA6;F8VYV2;B4DDY5;A0A075B7A0",-0.576145427504724,28.3636853303862,-1.07589165879237,0.290242677409309,0.494951837528504,-5.98556346620598,"Q07020;Q0QEW2;H0YHA7;J3QQ67;G3V203;F8VUA6;F8VYV2;B4DDY5;A0A075B7A0"
"Q07955","SRSF1",76,758.613523582517,"Q07955;J3KTL2;Q59FA2;A0A2I7N9Y9;J3KSR8;B7Z570;A8K1L8;J3QQV5;J3KSW7",-1.06483734248762,24.7845292185078,-1.79916992258485,0.0816919869893698,0.198594939532225,-5.0038920104776,"Q07955;J3KTL2;Q59FA2;A0A2I7N9Y9;J3KSR8;B7Z570;A8K1L8;J3QQV5;J3KSW7"
"Q08211","DHX9",84,2683.45934990519,"Q08211;Q58F26;Q6PJK6;B3KU66",-0.971858032144116,26.1537334983026,-1.71170577404854,0.0968969926379033,0.226553013521455,-5.14497669177217,"Q08211;Q58F26;Q6PJK6;B3KU66"
"Q08431","MFGE8",12,71.108887604026,"Q08431;H0YKB5;B4E396;A0A8Q3SI86;A0A8Q3WKS4;A0A8Q3SIX6;A0A8Q3SIZ9;H0YKS8",1.6238487957063,32.4149554279874,3.12111400848761,0.00387050693027641,0.0163578741402874,-2.28489641774667,"Q08431;H0YKB5;B4E396;A0A8Q3SI86;A0A8Q3WKS4;A0A8Q3SIX6;A0A8Q3SIZ9;H0YKS8"
"Q08722","CD47",20,82.5414650708168,"Q08722;A0A2R8Y484;A0A0A1TSG4;H7BYS8",1.15961840593103,30.1854127642509,2.24051596774134,0.0323311034920766,0.0956742996127011,-4.20937608420769,"Q08722;A0A2R8Y484;A0A0A1TSG4;H7BYS8"
"Q12905","ILF2",40,10.6406529894104,"Q12905;B4DY09;F4ZW63;F4ZW62;Q53FG3;X6R6Z1;A0A0A0MRL0",-1.46318939741464,25.9980494804153,-2.71378546691575,0.010744935710296,0.0383888367473233,-3.22343039789694,"Q12905;B4DY09;F4ZW63;F4ZW62;Q53FG3;X6R6Z1;A0A0A0MRL0"
"Q12913","PTPRJ",6,10.5170632997308,"Q12913;A0A8V8TP51;Q9NPR5;E9PPH3;E9PJ83",5.42996580880978,25.9114633643987,10.1547288777007,2.11383129045865e-11,1.14071166232654e-09,15.9080401268935,"Q12913;A0A8V8TP51;Q9NPR5;E9PPH3;E9PJ83"
"Q13393","PLD1",10,101.203637328212,"Q13393;Q59EA4;H7C0L3;C9IY79;F8WBV7",-0.834111064916929,25.7959462110004,-1.4769820238161,0.149725085312269,0.310294047235193,-5.49436925547553,"Q13393;Q59EA4;H7C0L3;C9IY79;F8WBV7"
"Q13501","SQSTM1",30,2116.03325166008,"Q13501;E7EMC7;E3WH17;E9PFW8;B4E3V2;E3W990;B4DE82;C9JRJ8;Q13502;D6RBF1;C9J6J8",1.75414226911315,25.882976746772,3.0320736028161,0.0048625849793354,0.0199034154206655,-2.49619213726064,"Q13501;E7EMC7;E3WH17;E9PFW8;B4E3V2;E3W990;B4DE82;C9JRJ8;Q13502;D6RBF1;C9J6J8"
"Q13509","TUBB3",2,0,"Q13509;Q9BV28;Q53G92;B2RBD5;A0A0B4J269;Q3ZCR3;G3V2A3;G3V5W4;G3V2R8;G3V3R4;G3V2N6;G3V3J6;G3V3W7",-1.08444239637109,26.5977353474099,-1.89456044071436,0.0674716503334273,0.170676461792344,-4.84358564687524,"Q13509;Q9BV28;Q53G92;B2RBD5;A0A0B4J269;Q3ZCR3;G3V2A3;G3V5W4;G3V2R8;G3V3R4;G3V2N6;G3V3J6;G3V3W7"
"Q13616","CUL1",16,365.792269216296,"Q13616;A0A590UJ21;A0A590UJ50;A0A090N7U0;B4DLA3;A0A590UJ56;A0A590UK34;B3KTW0;A0A590UJC4;A0A590UJR3;Q75MQ1;A0A590UJA0;A0A590UJM8;B3KU45;A0A590UJ59;A0A590UJ97",-1.28617946272286,25.4702627655904,-2.35172676581017,0.0251896801099378,0.0789614193596944,-3.98916064162525,"Q13616;A0A590UJ21;A0A590UJ50;A0A090N7U0;B4DLA3;A0A590UJ56;A0A590UK34;B3KTW0;A0A590UJC4;A0A590UJR3;Q75MQ1;A0A590UJA0;A0A590UJM8;B3KU45;A0A590UJ59;A0A590UJ97"
"Q13867","BLMH",2,0,"Q13867;K7ESE8;J3KSD8;K7ES02;B4DXF3;J3KS79;K7ENH5",1.8301494468003,25.3260540221359,3.02589285795809,0.0049397382126237,0.0201662872842583,-2.51073955334274,"Q13867;K7ESE8;J3KSD8;K7ES02;B4DXF3;J3KS79;K7ENH5"
"Q14103","HNRNPD",36,138.379345227139,"Q14103;A0A994J4R1;H0Y8G5;H0YA96;A0A994J440;D6RAF8;D6RF44;D6RD83;B4E0W4;A0A994J4B1",-1.5453642421252,28.5994295485519,-2.7907355065362,0.00890157966415594,0.033013111739004,-3.05189337355101,"Q14103;A0A994J4R1;H0Y8G5;H0YA96;A0A994J440;D6RAF8;D6RF44;D6RD83;B4E0W4;A0A994J4B1"
"Q14116","IL18",10,312.012164148909,"Q14116;B0YJ28;Q96KJ8",-2.16145303755154,24.1126374824074,-3.75679938579134,0.000711183132229696,0.00379176100756311,-0.6961203100756,"Q14116;B0YJ28;Q96KJ8"
"Q14185","DOCK1",20,424.014632205247,"Q14185;B2RUU3;A0A2X0U2H5;A0A096LNH6",-1.62946906784319,24.137396839597,-2.78515784006487,0.00902455036487723,0.0334294211259526,-3.06442312811905,"Q14185;B2RUU3;A0A2X0U2H5;A0A096LNH6"
"Q14315","FLNC",32,103.905174396676,"Q14315;Q59H94;B3KM41",4.43085379043034,25.5531209527231,8.20764259167251,2.76610752146425e-09,7.56797312232193e-08,11.2763346220931,"Q14315;Q59H94;B3KM41"
"Q14512","FGFBP1",2,0,"Q14512",2.49298210215848,26.5865427434997,3.73822130351288,0.000748303807455151,0.00397356936581209,-0.744242062872554,"Q14512"
"Q14573","ITPR3",14,482.693348646546,"Q14573;Q59ES2;A6H8K3",2.10658539105804,25.6115630478633,2.85015679777366,0.00768542882621153,0.0293400887502494,-2.91749973925551,"Q14573;Q59ES2;A6H8K3"
"Q14CN2","CLCA4",2,0,"Q14CN2;Q9NXP1;A8K7I4;B3KUF3;B4DUZ6",-7.69296756293638,25.4714390514102,-12.8128052368754,5.92717148575827e-14,7.39473914563201e-12,21.3597914964336,"Q14CN2;Q9NXP1;A8K7I4;B3KUF3;B4DUZ6"
"Q15008","PSMD6",10,0,"Q15008;B3KT66;C9J7B7;C9J0E9;H7C531",-0.625603796811486,26.7224912907044,-1.16516309533625,0.252802751065608,0.448537648394225,-5.88835299539031,"Q15008;B3KT66;C9J7B7;C9J0E9;H7C531"
"Q15029","EFTUD2",136,1733.37989345117,"Q15029;Q8IXJ3;B3KX19;Q6IBM8;A8KAP3;B3KWY2;B4DZB1;K7EJ74;K7EP67",0.179075920424637,23.2311942489825,0.312829236645776,0.756496333049696,0.869065216494292,-6.51093129941492,"Q15029;Q8IXJ3;B3KX19;Q6IBM8;A8KAP3;B3KWY2;B4DZB1;K7EJ74;K7EP67"
"Q15075","EEA1",10,984.632674939665,"Q15075;A8K7J3;Q05D76",-0.882794328981213,25.2885568992895,-1.56870186742669,0.126826239632719,0.276177693317173,-5.36303577440473,"Q15075;A8K7J3;Q05D76"
"Q15382","RHEB",10,493.026356715759,"Q15382;Q6NZ61;A8K005;A0A090N900;C9J931;C9J469;F8WBL3",1.683064906518,26.3491331048771,3.1684983851549,0.00342436260205795,0.0147521919279264,-2.17117513007318,"Q15382;Q6NZ61;A8K005;A0A090N900;C9J931;C9J469;F8WBL3"
"Q15393","SF3B3",30,12.8435992813299,"Q15393;B3KQH1;A8K6V3;B3KM77",-0.708175081849603,25.0103388822908,-1.3126949006912,0.198880369266346,0.380790590387804,-5.71229304923924,"Q15393;B3KQH1;A8K6V3;B3KM77"
"Q15399","TLR1",10,85.9031128759408,"Q15399;Q6FI64;Q5FWG5;D1CS44;D1CS43;D1CS38;D1CS36;D1CS35;D1CS34;D1CS42;A8KAB7;D6RAP2",-2.21420055446183,23.8668843966363,-4.23360810182709,0.000188793465065045,0.00121914454976786,0.56457453510803,"Q15399;Q6FI64;Q5FWG5;D1CS44;D1CS43;D1CS38;D1CS36;D1CS35;D1CS34;D1CS42;A8KAB7;D6RAP2"
"Q16186","ADRM1",10,0,"Q16186;B4DMP7;Q68E00;A0A087WX59;A0A087WUX6",-1.32635576085538,23.5004969550841,-2.20232242689539,0.0351750331092628,0.10205667745841,-4.28324977846325,"Q16186;B4DMP7;Q68E00;A0A087WX59;A0A087WUX6"
"Q16270","IGFBP7",14,402.203306374202,"Q16270",5.53507697296751,26.0600952755723,9.85260696321986,4.35921699939192e-11,2.19296739050055e-09,15.2254497465523,"Q16270"
"Q16864","ATP6V1F",18,0,"Q16864;A4D1K0",-0.369421143220954,23.5886666682396,-0.702634619861955,0.487504188627121,0.682385676188952,-6.31258741374791,"Q16864;A4D1K0"
"Q16881","TXNRD1",4,466,"Q16881;A0A140VKC9;B7Z2S5;B2R5P6;A0A182DWI3;Q6ZR44;E9PIR7;E9PKD3;A0A0B4J225;E9PIZ5;E9PLT3;E9PKI4;E9PQI3;A0A182DWF3;Q59ET7;D3YTF8;E9PRI8;A0A182DWF2;Q17RE6;Q9NNW7;A0A096LPK7;A4FTY4;E7EWK1;Q6M1B7;A0A096LPD9;B3KUQ5",1.21872799748096,27.2544787505481,2.25773753226734,0.0311176841651585,0.093502945001088,-4.17576859150202,"Q16881;A0A140VKC9;B7Z2S5;B2R5P6;A0A182DWI3;Q6ZR44;E9PIR7;E9PKD3;A0A0B4J225;E9PIZ5;E9PLT3;E9PKI4;E9PQI3;A0A182DWF3;Q59ET7;D3YTF8;E9PRI8;A0A182DWF2;Q17RE6;Q9NNW7;A0A096LPK7;A4FTY4;E7EWK1;Q6M1B7;A0A096LPD9;B3KUQ5"
"Q3LXA3","TKFC",2,0,"Q3LXA3;A0A140VJH7;H0YCY6;Q9UFX5;I3L252;A0AUP5;E9PQR1;E9PJG8",-2.19338338460864,24.009625532608,-3.85448250102858,0.000543650375164737,0.00303879125472906,-0.441723014095479,"Q3LXA3;A0A140VJH7;H0YCY6;Q9UFX5;I3L252;A0AUP5;E9PQR1;E9PJG8"
"Q52LW3","ARHGAP29",2,0,"Q52LW3;A0A2X0U4J5;F8VWZ8",1.91537371492917,24.257968637897,3.04496305130568,0.00470534886626685,0.0193359461316025,-2.46580390155127,"Q52LW3;A0A2X0U4J5;F8VWZ8"
"Q5SSG8","MUC21",6,0,"Q5SSG8;A0A0C4DGM6;A0A140TA51;A0A0G2JMC4;B4DWR2;B7ZAP8;A0A140TA38;A0A0G2JJF7;A0A0G2JHX4;A0A0G2JKD1;A0A140T8X8;B4DRX4",-7.34802104072146,26.593281190023,-13.0839793574646,3.40953607502827e-14,4.83379228091508e-12,21.8630233594986,"Q5SSG8;A0A0C4DGM6;A0A140TA51;A0A0G2JMC4;B4DWR2;B7ZAP8;A0A140TA38;A0A0G2JJF7;A0A0G2JHX4;A0A0G2JKD1;A0A140T8X8;B4DRX4"
"Q687X5","STEAP4",2,0,"Q687X5;C9JS50",-6.47918490242252,26.079744261611,-10.7594867308499,5.14313856719529e-12,3.20828983821642e-10,17.2347252543932,"Q687X5;C9JS50"
"Q68CZ2","TNS3",4,0,"Q68CZ2;C9JHU5;A0A994J537;E9PCX8;A0A994J7F3;Q8NDL6;Q59GW4;A0A994J4W0;A0A994J7T8;Q9H8D5;A0A0A7M2D8;Q0VG55;E9PF55;C9JWN9;E9PGF5;Q0VG54;B2RU35;A0A994J515;A0A494C067;Q9HBL0;C9JTD0;Q9UFN8;Q6PJM3;H0Y4U1;Q59G71;A0A2R8Y4T1;A7E2A6;F8VV64;Q9H757;B3KYA3;Q63HR2;A0A0A7M2A0",2.99135119457488,24.5517954812842,5.01040604742207,2.06254307917513e-05,0.000176732743515034,2.68760522880236,"Q68CZ2;C9JHU5;A0A994J537;E9PCX8;A0A994J7F3;Q8NDL6;Q59GW4;A0A994J4W0;A0A994J7T8;Q9H8D5;A0A0A7M2D8;Q0VG55;E9PF55;C9JWN9;E9PGF5;Q0VG54;B2RU35;A0A994J515;A0A494C067;Q9HBL0;C9JTD0;Q9UFN8;Q6PJM3;H0Y4U1;Q59G71;A0A2R8Y4T1;A7E2A6;F8VV64;Q9H757;B3KYA3;Q63HR2;A0A0A7M2A0"
"Q6FI13","H2AC19",38,0,"Q6FI13;A3KPC7;A0A0U1RRH7;A0A0U1RR32;B2R5B3;P0C0S8;A4FTV9;P20671;Q96KK5;Q16777;Q9BTM1;Q99878;B2R5B6;B4E0B3;H0YFX9;A0A3B3IS11;REV__Q6N028;REV__H0Y672;REV__E7EQ67;V9GZN0",4.44700067810138,30.3418748851228,7.31129812931041,3.06789833017008e-08,6.17340315600031e-07,8.96598278418449,"Q6FI13;A3KPC7;A0A0U1RRH7;A0A0U1RR32;B2R5B3;P0C0S8;A4FTV9;P20671;Q96KK5;Q16777;Q9BTM1;Q99878;B2R5B6;B4E0B3;H0YFX9;A0A3B3IS11;REV__Q6N028;REV__H0Y672;REV__E7EQ67;V9GZN0"
"Q6FI13","H2AC18",44,24.5203730104872,"Q6FI13;A3KPC7;A0A0U1RRH7;A0A0U1RR32;B2R5B3;P0C0S8;A4FTV9;P20671;Q96KK5;Q16777;Q9BTM1;Q99878;B2R5B6;B4E0B3;H0YFX9;A0A3B3IS11;REV__Q6N028;REV__H0Y672;REV__E7EQ67;V9GZN0",4.44700067810138,30.3418748851228,7.31129812931041,3.06789833017008e-08,6.17340315600031e-07,8.96598278418449,"Q6FI13;A3KPC7;A0A0U1RRH7;A0A0U1RR32;B2R5B3;P0C0S8;A4FTV9;P20671;Q96KK5;Q16777;Q9BTM1;Q99878;B2R5B6;B4E0B3;H0YFX9;A0A3B3IS11;REV__Q6N028;REV__H0Y672;REV__E7EQ67;V9GZN0"
"Q6IAA8","LAMTOR1",10,344.414214251768,"Q6IAA8;B4DUK2;F5GX19;F5H3Y3;H0YFI1;F5H479",2.52776563862093,24.6489382339542,4.01130218325222,0.000351950979141271,0.00211102904604158,-0.0288506436840343,"Q6IAA8;B4DUK2;F5GX19;F5H3Y3;H0YFI1;F5H479"
"Q6PCB8","EMB",6,862.782950350634,"Q6PCB8;D6RDX7",-3.1938672244331,24.4466030460412,-6.22975012310659,6.27683782051346e-07,8.51193789660064e-06,6.05562921117702,"Q6PCB8;D6RDX7"
"Q6R327","RICTOR",16,384.652141601892,"Q6R327;D6R9S6;A0AA34QVX7;Q8N6M7;A0AA34QVL6",1.50612880223757,24.0087108562487,2.69675338426259,0.0111984287070989,0.0396457424942583,-3.26100604705016,"Q6R327;D6R9S6;A0AA34QVX7;Q8N6M7;A0AA34QVL6"
"Q6UX06","OLFM4",4,0,"Q6UX06;B4DV64",-3.34196450635401,24.9080783100623,-6.43896312882325,3.47236760604598e-07,5.10863894493275e-06,6.62702947857616,"Q6UX06;B4DV64"
"Q6XQN6","NAPRT",4,0,"Q6XQN6;G5E977;C9J8U2;H0YF31;A0A087WUT5;Q8WY82;H0YDA6",-2.64676544760343,25.1567387758846,-4.51573992305042,8.49179916193873e-05,0.00060058779106773,1.32863772814585,"Q6XQN6;G5E977;C9J8U2;H0YF31;A0A087WUT5;Q8WY82;H0YDA6"
"Q71DI3","H3C14",48,45.4539921274142,"Q71DI3",2.83493449762814,29.3635804057724,4.0204697026496,0.000343074654399514,0.00207374001370559,-0.0045574039116465,"Q71DI3"
"Q71DI3","H3C13",62,2760.329094227,"Q71DI3",2.83493449762814,29.3635804057724,4.0204697026496,0.000343074654399514,0.00207374001370559,-0.0045574039116465,"Q71DI3"
"Q71DI3","H3C15",46,44.4009643373508,"Q71DI3",2.83493449762814,29.3635804057724,4.0204697026496,0.000343074654399514,0.00207374001370559,-0.0045574039116465,"Q71DI3"
"Q71UI9","H2AZ2",34,44.4660885692933,"Q71UI9;P0C0S5;C9J0D1;A0A494C189;C9J386",3.57512431924795,25.5313936992802,6.36845001102304,4.23762682329654e-07,6.14751537761019e-06,6.4348180416056,"Q71UI9;P0C0S5;C9J0D1;A0A494C189;C9J386"
"Q7L576","CYFIP1",34,616.443422950557,"Q7L576;X5D2F4;B3KWV6;A0A087WVZ5;A0A0G2JR96;A0A0G2JQT1;B3KWT5;A0A0G2JQH3;A0A0G2JRX2;A0A087WU52;A0A0G2JRV9;A0A087WWL1;H0YL50",-0.928394804046455,27.5975460982999,-1.71919430531679,0.0955081657948434,0.224314735778702,-5.13312271914744,"Q7L576;X5D2F4;B3KWV6;A0A087WVZ5;A0A0G2JR96;A0A0G2JQT1;B3KWT5;A0A0G2JQH3;A0A0G2JRX2;A0A087WU52;A0A0G2JRV9;A0A087WWL1;H0YL50"
"Q7Z699","SPRED1",4,0,"Q7Z699;H0YMN8",1.80103868387316,24.4547909694964,3.39448099718538,0.0018920546585715,0.00887416312794661,-1.61752672277786,"Q7Z699;H0YMN8"
"Q86U42","PABPN1",30,190.008101551048,"Q86U42;B4DEH8;G3V4T2;A0A7I2V383;H0YJH9",-0.924191492711124,23.522715607972,-1.45333369112777,0.156137293067362,0.319339158739083,-5.52712265627174,"Q86U42;B4DEH8;G3V4T2;A0A7I2V383;H0YJH9"
"Q86UK0","ABCA12",2,0,"Q86UK0;B3KVV3",-4.07650097019991,24.9418295153499,-7.27862408402865,3.35508568112008e-08,6.70802066629072e-07,8.8798525623153,"Q86UK0;B3KVV3"
"Q86VI3","IQGAP3",14,128.696333600241,"Q86VI3;A2RRC9;F2Z2E2",2.50350967073975,24.7096151584289,4.61985735737135,6.31179460121681e-05,0.000467612526394186,1.61301979447696,"Q86VI3;A2RRC9;F2Z2E2"
"Q86VN1","VPS36",42,1385.92041824628,"Q86VN1;Q59H03;A0A3B3ISW7",-3.00883956549698,24.848822373789,-5.41948033058639,6.36593008345089e-06,6.36388972124466e-05,3.8200276031619,"Q86VN1;Q59H03;A0A3B3ISW7"
"Q86VP6","CAND1",4,0,"Q86VP6;A8K8U1;A0A0C4DGH5;B3KMG3;H0YH27;B3KM30;O75155;F5H6I6;A0A384MDT0;A0A3B3ISC4;F8WBB8",-0.830153607410605,28.0084419797542,-1.53811008220316,0.134124088446312,0.287330703366875,-5.4075937032658,"Q86VP6;A8K8U1;A0A0C4DGH5;B3KMG3;H0YH27;B3KM30;O75155;F5H6I6;A0A384MDT0;A0A3B3ISC4;F8WBB8"
"Q86X29","LSR",2,0,"Q86X29;A0A8Z5AA41;A0A8Z5ABK9;S4R3V8;M0R1W9",-0.658281864117207,23.1592607530311,-1.09546098772814,0.281716821836058,0.4838517441116,-5.96486528542493,"Q86X29;A0A8Z5AA41;A0A8Z5ABK9;S4R3V8;M0R1W9"
"Q8IZP0","ABI1",36,1000.5494268368,"Q8IZP0;A0A0A0MRT6;B6VEX3;B6VEX4;B6VEX5;Q59G41;B4DKX2;B7Z9E9;B7Z5L1;B7Z612;B4DG63;Q53SH3;Q13802;H0Y6B5;B4DMM5;B4DSH8;B7ZAM8;B7Z617",-1.05049284293367,27.852012158153,-1.9549572406604,0.059617046123302,0.154055979170322,-4.73871404215186,"Q8IZP0;A0A0A0MRT6;B6VEX3;B6VEX4;B6VEX5;Q59G41;B4DKX2;B7Z9E9;B7Z5L1;B7Z612;B4DG63;Q53SH3;Q13802;H0Y6B5;B4DMM5;B4DSH8;B7ZAM8;B7Z617"
"Q8N684","CPSF7",4,0,"Q8N684;F5H669;B4DGF8;J3QT54;F5H6M0;F5H047",-2.99697246921435,24.4973102418195,-3.51747078923508,0.0013620156407594,0.00667944462818959,-1.30902613114249,"Q8N684;F5H669;B4DGF8;J3QT54;F5H6M0;F5H047"
"Q8NEZ2","VPS37A",36,0.379656862745098,"Q8NEZ2;B3KW95;H0YBN0;E5RG91;E5RJ10;E5RHB8;E5RJX6",-1.57284956861383,24.5740734878082,-2.76661846509174,0.00944480672116222,0.034454213056497,-3.10596344398145,"Q8NEZ2;B3KW95;H0YBN0;E5RG91;E5RJ10;E5RHB8;E5RJX6"
"Q8NG11","TSPAN14",2,0,"Q8NG11;H7BXY6;A6NEP9;Q8N2P5",-1.88162573864447,28.8789915657269,-3.56420200542718,0.00120093065159039,0.00597216665071603,-1.19060099115295,"Q8NG11;H7BXY6;A6NEP9;Q8N2P5"
"Q8WU90","ZC3H15",32,0,"Q8WU90;B7Z592;F8WB26",3.16963444742651,25.0154219499446,4.9890195390428,2.19316281670212e-05,0.000184388607168884,2.62852515700892,"Q8WU90;B7Z592;F8WB26"
"Q8WUW1","BRK1",32,51.9795164233829,"Q8WUW1",-1.4116762459309,25.8225288366119,-2.22976236877083,0.0331101880156602,0.0973333425267145,-4.23026802913941,"Q8WUW1"
"Q8WUX9","CHMP7",44,63.4583649570551,"Q8WUX9;B3KUH0;E5RJI3;E5RIU9;B3KRZ9",0.195394402005871,23.0389687984437,0.347224826373425,0.730758708877032,0.855448155189807,-6.49948619757247,"Q8WUX9;B3KUH0;E5RJI3;E5RIU9;B3KRZ9"
"Q92499","DDX1",16,510.49947756009,"Q92499;A0A7I2V430;A0A7I2V4F0;A3RJH1;A0A087X2G1;A0A087WZ71;F1T0B3;A0A7I2YQ77;A0A7I2V2M5;B4DP70;A0A7I2V4J3;A0A7I2V421;A0A7I2V5X8;A0A7I2YQD0;A0A7I2V4Q0",-0.53585224299826,25.3045951339218,-0.86753239474713,0.392288020151575,0.599633995345103,-6.18421435971971,"Q92499;A0A7I2V430;A0A7I2V4F0;A3RJH1;A0A087X2G1;A0A087WZ71;F1T0B3;A0A7I2YQ77;A0A7I2V2M5;B4DP70;A0A7I2V4J3;A0A7I2V421;A0A7I2V5X8;A0A7I2YQD0;A0A7I2V4Q0"
"Q92542","NCSTN",8,350.092253628679,"Q92542;A0A8V8TNV7;A0A8V8TNI9;A0A8V8TNI3;A0A8V8TPR8;B4DR82;Q5T209;A0A8V8TNU8;B4DJN0;A0A8V8TNV3;A0A8V8TNC8;A0A8V8TPQ8;H0Y3Z4;H0Y6T7;Q5T205;A0A8V8TQ51;Q5T210;A0A2R8YCK1",-0.761504164452379,28.8024555136256,-1.46254499526298,0.153614139856058,0.315509037524342,-5.51441941100554,"Q92542;A0A8V8TNV7;A0A8V8TNI9;A0A8V8TNI3;A0A8V8TPR8;B4DR82;Q5T209;A0A8V8TNU8;B4DJN0;A0A8V8TNV3;A0A8V8TNC8;A0A8V8TPQ8;H0Y3Z4;H0Y6T7;Q5T205;A0A8V8TQ51;Q5T210;A0A2R8YCK1"
"Q92600","CNOT9",4,23.4915515569672,"Q92600;D5MQE1;B2RE59;B4DJE1",-2.30898434684526,24.261586133448,-3.82360691425579,0.000591941540797691,0.00322210412870506,-0.522376292431508,"Q92600;D5MQE1;B2RE59;B4DJE1"
"Q92626","PXDN",12,336.673307400692,"Q92626;H7C1W1;C9J4I9;H7C300",2.90134275973611,26.1124530406054,5.73589789939596,2.5675166746491e-06,2.82971184036415e-05,4.69595420719521,"Q92626;H7C1W1;C9J4I9;H7C300"
"Q92633","LPAR1",8,96.7260382750016,"Q92633;Q6GPG7;Q5VZX0;B4DQ18;B1AP63",3.67910694115393,25.17659692315,6.16141795422076,7.62107835692027e-07,9.88465725588874e-06,5.86831720436506,"Q92633;Q6GPG7;Q5VZX0;B4DQ18;B1AP63"
"Q92747","ARPC1A",18,0,"Q92747;V9HVZ6;Q53GB6;A0A0K0K1L3;Q59GQ0",-3.37485489278865,24.990984884806,-4.1526333453856,0.000237058922950496,0.00149371066804565,0.34741977872693,"Q92747;V9HVZ6;Q53GB6;A0A0K0K1L3;Q59GQ0"
"Q92817","EVPL",12,1989.12952744284,"Q92817;K7EKI0;B7ZLH8;K7EQ87;A8MZ36",-7.66667425231876,24.7539335117796,-13.7838513758392,8.48719079061589e-15,2.53852274370279e-12,23.1198684112557,"Q92817;K7EKI0;B7ZLH8;K7EQ87;A8MZ36"
"Q92900","UPF1",28,139.158638390961,"Q92900;A0A024R7L5;A0A994J4L7;A0A8A5YP40;A0A994J773;A0A8A5YP91;B3KY55;A0A8A5YQV3;A0A8A5YNG5;A0A994J597;A0A8A5YNF9;A0A059XBJ1;A0A059XAJ5;A0A059XG67;A0A8A5YPS5;Q6ZUC8;A0A059X4U2;A0A059XAL2",-0.41589904319741,25.0845147894275,-0.756822636003738,0.454845629145494,0.653630680809593,-6.27326305577358,"Q92900;A0A024R7L5;A0A994J4L7;A0A8A5YP40;A0A994J773;A0A8A5YP91;B3KY55;A0A8A5YQV3;A0A8A5YNG5;A0A994J597;A0A8A5YNF9;A0A059XBJ1;A0A059XAJ5;A0A059XG67;A0A8A5YPS5;Q6ZUC8;A0A059X4U2;A0A059XAL2"
"Q93050","ATP6V0A1",18,0,"Q93050;K7ENA1;K7ERA6;A0A994J4L9;Q53X12;Q53ET5;A0A994J735;K7EN36;A0A994J4L1;A0A994J6N3;Q5CZH6;A0A994J731;A0A994J6N0;A0A994J3Z9;A0A994J3Z0;A0A994J728;A0A994J3Z4;B7Z641;A0A994J473;B7Z2A9;A0A994J4L6;K7EM24;B7Z2J9;K7EPG4;K7ELZ6;F5H1T6;Q6AHY6;A0A994J403;K7EQW2",-0.393148138678544,23.6514700637939,-0.627011954889608,0.535222744028214,0.72043476110119,-6.362730780265,"Q93050;K7ENA1;K7ERA6;A0A994J4L9;Q53X12;Q53ET5;A0A994J735;K7EN36;A0A994J4L1;A0A994J6N3;Q5CZH6;A0A994J731;A0A994J6N0;A0A994J3Z9;A0A994J3Z0;A0A994J728;A0A994J3Z4;B7Z641;A0A994J473;B7Z2A9;A0A994J4L6;K7EM24;B7Z2J9;K7EPG4;K7ELZ6;F5H1T6;Q6AHY6;A0A994J403;K7EQW2"
"Q93077","H2AC6",46,44.4009643373508,"Q93077;Q7L7L0;P04908;Q08AJ9",4.00731345285644,25.4333675388877,7.06093667257302,6.10809858023016e-08,1.09951099349611e-06,8.30287029566384,"Q93077;Q7L7L0;P04908;Q08AJ9"
"Q93079","H2BC9",42,0.703728070175439,"Q93079;I6L9F7;Q99877;P62807;O60814;P58876;Q5QNW6;Q99879;B2R4S9;B4DR52;Q0D2M2;U3KQK0;A8K9J7;P57053;Q99880;Q96A08;A0A2R8Y619;L0R4T3",6.83737301224086,26.7084276368947,11.7831908649795,5.21860155384946e-13,4.2833732227517e-11,19.3626220648255,"Q93079;I6L9F7;Q99877;P62807;O60814;P58876;Q5QNW6;Q99879;B2R4S9;B4DR52;Q0D2M2;U3KQK0;A8K9J7;P57053;Q99880;Q96A08;A0A2R8Y619;L0R4T3"
"Q96AC1","FERMT2",12,76.1061737235826,"Q96AC1;A8K6S3;H0YJ34;A0A0U1RRM8;G3V3J0;G3V281;G3V5R2;H0YJB6;G3V379;A0A8V8TN73",5.65013809420427,25.078133619915,9.91552652831066,3.74558065129357e-11,1.94707767523077e-09,15.3687004739522,"Q96AC1;A8K6S3;H0YJ34;A0A0U1RRM8;G3V3J0;G3V281;G3V5R2;H0YJB6;G3V379;A0A8V8TN73"
"Q96CF2","CHMP4C",42,12.3886886769188,"Q96CF2",-2.27750945863844,24.1378472465021,-3.50687834139428,0.00140133227088459,0.00685071371926179,-1.33577938250984,"Q96CF2"
"Q96EY5","MVB12A",34,0.320833333333333,"Q96EY5;E9PQA6;A8K0C2;E9PLZ8;M0QZK6;E9PLL0;E9PJW8",-2.58071761017467,27.2269325636089,-4.78118669102977,3.9799676544471e-05,0.000314266306689127,2.05563961723993,"Q96EY5;E9PQA6;A8K0C2;E9PLZ8;M0QZK6;E9PLL0;E9PJW8"
"Q96FX8","PERP",2,0,"Q96FX8",-2.58143183798374,24.3692820756846,-4.60345854767336,6.61408794053694e-05,0.000485396242036111,1.56815627160706,"Q96FX8"
"Q96G03","PGM2",10,630.500942291864,"Q96G03;B4DN40;E7ENQ8;Q4W5D6;E9PD70;H0Y921",-2.08825564099307,26.9784923784098,-3.65046767281633,0.000950678210804523,0.004893012111385,-0.970350565284295,"Q96G03;B4DN40;E7ENQ8;Q4W5D6;E9PD70;H0Y921"
"Q96H20","SNF8",34,0.335014005602241,"Q96H20;D6RJ86;D6RFY6",-3.86877087677223,24.8961407670635,-7.13393311385343,4.9935341372895e-08,9.38242950253371e-07,8.4969477667203,"Q96H20;D6RJ86;D6RFY6"
"Q96J02","ITCH",12,159.114186147995,"Q96J02;A0A590UJW8;A0A8V8TKK4;A0A590UJQ1;A0A590UK44;B4DN85;Q59ER4;A0A590UK95;A0A1W2PNZ8;A0A590UIY0;A0A8V8TKI4;H0YBS9",-1.03735180998344,26.1903836649751,-1.85430362736617,0.0731898275457033,0.181461901522296,-4.91204369849686,"Q96J02;A0A590UJW8;A0A8V8TKK4;A0A590UJQ1;A0A590UK44;B4DN85;Q59ER4;A0A590UK95;A0A1W2PNZ8;A0A590UIY0;A0A8V8TKI4;H0YBS9"
"Q96J84","KIRREL1",4,0,"Q96J84;Q5W0G0;B4DN67;Q5W0F9",2.81521695109719,24.5087060681228,5.22589916395025,1.11043997001855e-05,0.000105593361783166,3.2837754516951,"Q96J84;Q5W0G0;B4DN67;Q5W0F9"
"Q96JJ3","ELMO2",8,2.20980715623453,"Q96JJ3;Q5JVZ5;B4DRL5;Q5JVZ4;B7Z1S8;B4DZ20;Q5JVZ8;Q5JW01;H0YCM7",1.75512932814414,24.3693577071362,3.14670557036221,0.00362309513380035,0.015458869661181,-2.22358485066375,"Q96JJ3;Q5JVZ5;B4DRL5;Q5JVZ4;B7Z1S8;B4DZ20;Q5JVZ8;Q5JW01;H0YCM7"
"Q96SB4","SRPK1",14,0.616238596051399,"Q96SB4;A8K8B2;H3BLV9;P78362;Q9UPE1;H7C2I2;H7C521;A8MPP7;A8MPY5;H7C5L6;E7ETV6;Q59GF4;C9J2M4;A0A994J591",1.60723160038897,24.8253820121868,2.91404956367752,0.00655283856968562,0.0255478793735618,-2.77118291595907,"Q96SB4;A8K8B2;H3BLV9;P78362;Q9UPE1;H7C2I2;H7C521;A8MPP7;A8MPY5;H7C5L6;E7ETV6;Q59GF4;C9J2M4;A0A994J591"
"Q99102","MUC4",8,98.4648679939083,"Q99102;E9PDY6;A0A0G2JNM3;A0A0G2JNJ5;A0A0G2JMX1;E7ENC5;A0A0G2JPA4;A0A0G2JM16;A0A0G2JQC1;A0A0G2JR97;A0A0G2JSC3;A0A0G2JRU8;A0A0G2JS65;E7EWN1;A0A0G2JRT1;A0A0G2JQK9;A0A0G2JN54;A0T3F4;E7ETT5;A0A0G2JRK4;E7EQT2;A0A0G2JQN9;A0A0G2JRJ6;A0A0G2JS19;A0A0G2JR43;A0A0G2JQI2;E7ERK0;A0A0G2JRV5;A0A0G2JRW3;A0A0G2JRW6;E7EUL9;H0Y2Y1;E7EW47;A0A0G2JRE6;A0A0G2JRS2;A0A0G2JRY3;A0A0G2JRD8;A0A0G2JSB4;A0A0G2JSD9;A0A0G2JRC8",-6.10368033557066,23.712205790949,-8.40833148737488,1.63601380026814e-09,4.79052014250728e-08,11.7788909468576,"Q99102;E9PDY6;A0A0G2JNM3;A0A0G2JNJ5;A0A0G2JMX1;E7ENC5;A0A0G2JPA4;A0A0G2JM16;A0A0G2JQC1;A0A0G2JR97;A0A0G2JSC3;A0A0G2JRU8;A0A0G2JS65;E7EWN1;A0A0G2JRT1;A0A0G2JQK9;A0A0G2JN54;A0T3F4;E7ETT5;A0A0G2JRK4;E7EQT2;A0A0G2JQN9;A0A0G2JRJ6;A0A0G2JS19;A0A0G2JR43;A0A0G2JQI2;E7ERK0;A0A0G2JRV5;A0A0G2JRW3;A0A0G2JRW6;E7EUL9;H0Y2Y1;E7EW47;A0A0G2JRE6;A0A0G2JRS2;A0A0G2JRY3;A0A0G2JRD8;A0A0G2JSB4;A0A0G2JSD9;A0A0G2JRC8"
"Q99715","COL12A1",20,468.337465483989,"Q99715;D6RGG3;B9EJB8;H0Y4P7;H0Y5N9;H0Y991",3.99627052040347,25.2904001728267,7.01027230060716,7.02711988764563e-08,1.23828174743315e-06,8.16782171450303,"Q99715;D6RGG3;B9EJB8;H0Y4P7;H0Y5N9;H0Y991"
"Q99816","TSG101",50,6545.44277779122,"Q99816;F5H442;L0L6B6;Q86SI0;J3QRU6;J3QKS4",-2.60307027942783,28.440250985338,-4.68787819507589,5.19750763844614e-05,0.000397329076576312,1.79937468823112,"Q99816;F5H442;L0L6B6;Q86SI0;J3QRU6;J3QKS4"
"Q9BRG1","VPS25",42,12.3886886769188,"Q9BRG1;K7EKV4;K7ENE3;K7EP45",-3.1666077120843,25.6492775088868,-5.71948706125891,2.6911200988708e-06,2.95549422125987e-05,4.65058154930876,"Q9BRG1;K7EKV4;K7ENE3;K7EP45"
"Q9BUF5","TUBB6",2,0,"Q9BUF5;K7ESM5;B4DP54;B3KS31;B4E386;K7EL29;K7ESQ3;K7EQT3;K7EJ64;K7ERA8;K7EJZ4;K7ES63;K7EN98;K7EPE5",-1.02490458794195,28.2791707978196,-1.80037225994704,0.0814979681377471,0.198288260213891,-5.0019128058597,"Q9BUF5;K7ESM5;B4DP54;B3KS31;B4E386;K7EL29;K7ESQ3;K7EQT3;K7EJ64;K7ERA8;K7EJZ4;K7ES63;K7EN98;K7EPE5"
"Q9BY43","CHMP4A",44,63.4583649570551,"Q9BY43;H0YIN6",-2.3329616495399,26.6458971515172,-4.29352339452146,0.000159442804760605,0.00105360616111934,0.725919978290915,"Q9BY43;H0YIN6"
"Q9BYG5","PARD6B",4,0,"Q9BYG5",2.76217750103107,24.5424179384506,5.19628888538017,1.20908869096763e-05,0.00011290861159066,3.20178579490598,"Q9BYG5"
"Q9BZL1","UBL5",16,0.454581785520989,"Q9BZL1;A0A024R7B0;B2R4N3",-1.51477952896549,24.8311191997217,-1.99204509445629,0.055198369089299,0.14528583391521,-4.67304980723103,"Q9BZL1;A0A024R7B0;B2R4N3"
"Q9C0C2","TNKS1BP1",6,514.367783975762,"Q9C0C2;A0A024R542;B3KXS7;Q86TK2;E9PKK0;E9PKE7;A0A2R8Y5C4",-1.01360658218642,25.1939768345437,-1.74272178071816,0.091253081784617,0.217332074067202,-5.09560344699996,"Q9C0C2;A0A024R542;B3KXS7;Q86TK2;E9PKK0;E9PKE7;A0A2R8Y5C4"
"Q9GZQ8","MAP1LC3B",10,243.157102250151,"Q9GZQ8;A6NCE7;H3BTL1;H6UMI0;Q658J6;Q9H492",1.58089700714896,23.9554501203486,2.55956802182718,0.0155546527428076,0.0524486074646669,-3.5582608192604,"Q9GZQ8;A6NCE7;H3BTL1;H6UMI0;Q658J6;Q9H492"
"Q9H0E2","TOLLIP",6,42.5812937596945,"Q9H0E2;Q6FIE9;Q8N8J5;F2Z2Y8;B3KR28;Q59FB9;E7EN89;E9PQ25;E9PNS3;E9PP67",-2.82248591001168,27.2993359349234,-5.28693071463623,9.31763416369275e-06,8.96966078906102e-05,3.45281242791075,"Q9H0E2;Q6FIE9;Q8N8J5;F2Z2Y8;B3KR28;Q59FB9;E7EN89;E9PQ25;E9PNS3;E9PP67"
"Q9H0H5","RACGAP1",14,199.983195480631,"Q9H0H5;B2RE34;A0A2X0U4T9;F8VRD2;H0YIK5;Q9H9L9;F8VWX0;F8VVE5;F8VWY4;F8VV47;F8VZ66;F8W0L1;F8VS54;Q9BZ74;F8VVY0;F8VXH1;F8W1E5;F8VV39;F8VUW9;F8VV37;F8VQZ5;F8VZ41;F8VYH6;F8VQF5;F8W1T4",1.80627003730231,24.8810230044822,3.16640816725503,0.0034429632952979,0.0148118655421161,-2.17620977641111,"Q9H0H5;B2RE34;A0A2X0U4T9;F8VRD2;H0YIK5;Q9H9L9;F8VWX0;F8VVE5;F8VWY4;F8VV47;F8VZ66;F8W0L1;F8VS54;Q9BZ74;F8VVY0;F8VXH1;F8W1E5;F8VV39;F8VUW9;F8VV37;F8VQZ5;F8VZ41;F8VYH6;F8VQF5;F8W1T4"
"Q9H1Y0","ATG5",8,102.836468124377,"Q9H1Y0;B3KMH8;A9UGY9;A0A1B0GV54;A0A1B0GUS1;L7UQJ2;B7Z5Y6;A0A2R8Y718",-0.35143517027171,23.2230705645889,-0.650761701545799,0.519974501937606,0.708828877422811,-6.3475801564378,"Q9H1Y0;B3KMH8;A9UGY9;A0A1B0GV54;A0A1B0GUS1;L7UQJ2;B7Z5Y6;A0A2R8Y718"
"Q9H444","CHMP4B",42,12.3886886769188,"Q9H444;P59074",-2.0797334421696,29.2615193506082,-3.84378265005115,0.000559933459613255,0.00309867416462478,-0.469698053346145,"Q9H444;P59074"
"Q9H9H4","VPS37B",36,0.452170868347339,"Q9H9H4;F5H4M0;F5H1F6",-3.05893299320643,27.7228445009138,-5.51406980295779,4.85131917543608e-06,4.98436354001869e-05,4.08205267643485,"Q9H9H4;F5H4M0;F5H1F6"
"Q9HBH0","RHOF",2,0,"Q9HBH0;V9GY67;A8K0B7;F5GXB1;V9GYQ1;V9GYB3",-1.71394822444302,26.9646551461857,-3.22682438556829,0.00294237091069722,0.012907531463382,-2.03002552818475,"Q9HBH0;V9GY67;A8K0B7;F5GXB1;V9GYQ1;V9GYB3"
"Q9HD67","MYO10",6,0,"Q9HD67;A0A0A0MQX1;Q69YP8;B7ZA23;B7Z3D4;Q8NCI3;E9PEW5;D6RGD1;B4DIJ5;B4E0P0;E9PCN3;Q6IPD7",1.76256544553592,24.2428534551561,3.01054187939224,0.00513641252593237,0.0208871847045412,-2.54680191004645,"Q9HD67;A0A0A0MQX1;Q69YP8;B7ZA23;B7Z3D4;Q8NCI3;E9PEW5;D6RGD1;B4DIJ5;B4E0P0;E9PCN3;Q6IPD7"
"Q9NP79","VTA1",36,11.1753187135489,"Q9NP79;A0A087WY55;Q9C063;Q5TGM0",-2.26913384289829,27.6853526842401,-4.22014354600616,0.000196088488537276,0.00126103091906756,0.528392075446264,"Q9NP79;A0A087WY55;Q9C063;Q5TGM0"
"Q9NQW6","ANLN",10,25.3634183091614,"Q9NQW6;A8K5D9;B4DSL6;C9JJT6;H7C3S1;H7C1C2;H7C1K5",3.45474158629448,24.9533044632601,6.23956691386615,6.10442997704157e-07,8.31428694252955e-06,6.08251289355789,"Q9NQW6;A8K5D9;B4DSL6;C9JJT6;H7C3S1;H7C1C2;H7C1K5"
"Q9NR12","PDLIM7",2,0,"Q9NR12;D6RAN1;D6RF83;H7BYK4;D6RH06",2.21096410049375,24.7594767077937,3.92044866288564,0.000453008277442717,0.00259730297305852,-0.268686542692746,"Q9NR12;D6RAN1;D6RF83;H7BYK4;D6RH06"
"Q9NV96","TMEM30A",8,1,"Q9NV96;B4DIF5;B4DDK3;A0A669KBE6;A0A669KBF5;A0A669KB92;E5RG19;A0A669KBA0",-1.30050533607576,26.5922013933907,-2.40064075518675,0.022528211248434,0.0719933308236329,-3.88996284183819,"Q9NV96;B4DIF5;B4DDK3;A0A669KBE6;A0A669KBF5;A0A669KB92;E5RG19;A0A669KBA0"
"Q9NWQ8","PAG1",4,0,"Q9NWQ8",1.26905108232921,24.245185694386,2.4024288688972,0.0224359578042447,0.0717720537348093,-3.88631010974163,"Q9NWQ8"
"Q9NZT1","CALML5",40,2339.45610836096,"Q9NZT1;Q53H37",-4.12913127596957,25.7445952319352,-5.64142407864271,3.36607814746343e-06,3.5832074204568e-05,4.4346435440472,"Q9NZT1;Q53H37"
"Q9NZZ3","CHMP5",38,11.5208315340617,"Q9NZZ3",-2.46781577107329,28.0961569142487,-4.43472212060228,0.000106903835344713,0.000737683766460528,1.10816933621502,"Q9NZZ3"
"Q9UBC9","SPRR3",12,69.3645858201691,"Q9UBC9;B1AN48",-6.66174347623097,25.9661108534784,-11.7952127390594,5.08410048189273e-13,4.2833732227517e-11,19.3867526310641,"Q9UBC9;B1AN48"
"Q9UBP0","SPAST",12,0,"Q9UBP0;A0A2R8YGN6;A0A2R8YCL5;A0A2R8Y4I8;E5KRP6;A0A2U3TZR0;E5KRP5;A0A2R8Y481;A0A2R8YFW8;A0A2R8Y7K2;A0A2R8Y5N9;A0A2R8Y7W6;B4E267;A0A994J6X4;A0A2R8YEA0;A0A2R8YFC9",-1.43156321719175,23.9749067223409,-2.53372878947681,0.0165328873998384,0.0552099312634859,-3.61314098273426,"Q9UBP0;A0A2R8YGN6;A0A2R8YCL5;A0A2R8Y4I8;E5KRP6;A0A2U3TZR0;E5KRP5;A0A2R8Y481;A0A2R8YFW8;A0A2R8Y7K2;A0A2R8Y5N9;A0A2R8Y7W6;B4E267;A0A994J6X4;A0A2R8YEA0;A0A2R8YFC9"
"Q9UI12","ATP6V1H",20,3756.68502862306,"Q9UI12;G3V126;B4E054;B3KUZ7;Q8TF11;E5RG49;E5RHH0;E5RK31;E5RJG1;H0YB41",-3.3386905545247,25.1019537041866,-6.0645981399556,1.00381603004266e-06,1.2573904408446e-05,5.60240183445932,"Q9UI12;G3V126;B4E054;B3KUZ7;Q8TF11;E5RG49;E5RHH0;E5RK31;E5RJG1;H0YB41"
"Q9UIQ6","LNPEP",2,0,"Q9UIQ6;B2RAK1",1.70497166249199,25.7202797012311,3.06346751311936,0.00448802895645539,0.0185406123379925,-2.42205861171198,"Q9UIQ6;B2RAK1"
"Q9UIW2","PLXNA1",12,214.123470900088,"Q9UIW2;B4DE20;Q6ZTY7;B3KY38;A0A804HKL4;Q9NSM6",2.21197759069493,26.8120552550374,4.20266635672716,0.000205972612317101,0.00131645200372344,0.481469810860687,"Q9UIW2;B4DE20;Q6ZTY7;B3KY38;A0A804HKL4;Q9NSM6"
"Q9UK41","VPS28",42,12.3886886769188,"Q9UK41;Q548N1;E9PQR7;A0A0S2Z5H5;E9PM90;E9PR04;Q71MH5;E9PLM9",-2.75402421812236,29.0309104791514,-5.10023856260227,1.59344976111487e-05,0.00014194438460424,2.93596250156384,"Q9UK41;Q548N1;E9PQR7;A0A0S2Z5H5;E9PM90;E9PR04;Q71MH5;E9PLM9"
"Q9ULZ3","PYCARD",4,0,"Q9ULZ3;B2RAZ4;H3BP42",-3.03994789097296,25.5789936545385,-4.56985356493388,7.27910579358361e-05,0.000522814073481828,1.47630285747442,"Q9ULZ3;B2RAZ4;H3BP42"
"Q9UN37","VPS4A",40,11.9536746713166,"Q9UN37;I3L4J1;Q9UF30;Q9NXK5;Q49AN7",-2.59895209831632,26.3519523949768,-4.66135339187317,5.6066839703945e-05,0.000423420031565628,1.72665616220155,"Q9UN37;I3L4J1;Q9UF30;Q9NXK5;Q49AN7"
"Q9UNM6","PSMD13",10,0,"Q9UNM6;B4DJ66;B2RBM7;Q9Y6E3;J3KNQ3;Q53GN6;E9PL38;Q9UNM7;H0YD73;E9PQG3;E9PPD2",-0.531822496982215,26.9756787140218,-1.00781110670649,0.321313992109316,0.529452771865827,-6.05486633924778,"Q9UNM6;B4DJ66;B2RBM7;Q9Y6E3;J3KNQ3;Q53GN6;E9PL38;Q9UNM7;H0YD73;E9PQG3;E9PPD2"
"Q9UQ80","PA2G4",114,90.9781900963866,"Q9UQ80;A8K6Y1;Q6PIN5;Q05D08;F8VR77;F8W0A3;H0YIN7;F8VZ69",-0.867821030047867,28.156936170732,-1.63923921536038,0.111230912298298,0.251641759164751,-5.25746754415207,"Q9UQ80;A8K6Y1;Q6PIN5;Q05D08;F8VR77;F8W0A3;H0YIN7;F8VZ69"
"Q9UQB8","BAIAP2",26,375.270208169161,"Q9UQB8;B4DMV0;I3L3C5",-2.69571870300652,27.2863168519062,-4.96288717850564,2.36400971084465e-05,0.000195193300959064,2.55636251169278,"Q9UQB8;B4DMV0;I3L3C5"
"Q9UQC9","CLCA2",2,0,"Q9UQC9;B4DKU6",-3.94342137706382,24.6979284670429,-7.68590795479156,1.10928171535364e-08,2.54400711043235e-07,9.94417879775534,"Q9UQC9;B4DKU6"
"Q9UQN3","CHMP2B",50,1766.17741531147,"Q9UQN3;B2RE76;A0A087WW88;C9J0A7",-3.97827494796961,26.9370048310449,-6.55188401311035,2.52622645171581e-07,3.84356112336664e-06,6.93398599280663,"Q9UQN3;B2RE76;A0A087WW88;C9J0A7"
"Q9Y224","RTRAF",4,0,"Q9Y224;Q5RLJ0;Q549M8;G3V4C6;H0YJB9;G3V4E7",-0.467524589719009,25.6737038499245,-0.884073145479728,0.383433136682902,0.591457939324417,-6.1699155839434,"Q9Y224;Q5RLJ0;Q549M8;G3V4C6;H0YJB9;G3V4E7"
"Q9Y2A7","NCKAP1",32,63.5640568078703,"Q9Y2A7;A0A994J4I5;A0A994J6K9;B3KMK7;B3KM75;P55160;F8W050",-1.12721237379488,27.6881457865768,-2.03691780096317,0.0502370521406817,0.134497309550889,-4.59233791853542,"Q9Y2A7;A0A994J4I5;A0A994J6K9;B3KMK7;B3KM75;P55160;F8W050"
"Q9Y2G3","ATP11B",4,0,"Q9Y2G3;B4E3T1;H7C4W6;B4DKX1;B3KSJ2;A0A0C4DG94;Q7Z678;H0Y854",-1.36182467698879,24.6615190147597,-2.38479044144236,0.0233612052906088,0.0741991846246527,-3.92226054135227,"Q9Y2G3;B4E3T1;H7C4W6;B4DKX1;B3KSJ2;A0A0C4DG94;Q7Z678;H0Y854"
"Q9Y2J8","PADI2",2,0,"Q9Y2J8;B4DIU3;Q6ZWF8",-4.20753508257238,25.1860827069889,-7.73537001743014,9.71047509231747e-09,2.27721592578483e-07,10.0720166297604,"Q9Y2J8;B4DIU3;Q6ZWF8"
"Q9Y3E7","CHMP3",46,235.237633005618,"Q9Y3E7;A0A140T963",-1.24537109380361,27.999979289271,-2.30755430400763,0.027835025648432,0.0856187820487766,-4.07752642833747,"Q9Y3E7;A0A140T963"
"Q9Y3I0","RTCB",8,24.2178430257983,"Q9Y3I0;B4DNA0;B4DNG5;B4DXF1",-0.737352932929895,26.3235562843704,-1.33000990946898,0.193176778024628,0.373116239598141,-5.69039607768108,"Q9Y3I0;B4DNA0;B4DNG5;B4DXF1"
"Q9Y3U8","RPL36",124,62.1272313217056,"Q9Y3U8;J3QSB5;J3KTD3",-2.02300101356212,27.1916865788664,-2.83588374472375,0.00796243100556905,0.030074512893442,-2.94993142882683,"Q9Y3U8;J3QSB5;J3KTD3"
"Q9Y446","PKP3",12,488.834586466165,"Q9Y446;E9PKC4;E9PQ15;E9PK71;E9PRW6;E9PJR7;H0YEY5",-3.20412140624731,26.4786756360931,-5.62748122902333,3.5034257583123e-06,3.71672957148846e-05,4.39605775614523,"Q9Y446;E9PKC4;E9PQ15;E9PK71;E9PRW6;E9PJR7;H0YEY5"
"Q9Y450","HBS1L",106,26.4525067968006,"Q9Y450;D9YZV0;B3KNB9;A8K9E1;H0YES5;B7Z1K2;B7Z524;H0YDX7;J3QT46;E9PJ90;E9PN23;G5E991;E9PMN1;E9PLR4;E9PHZ9;Q9P0A5",-0.401154619781895,24.2412052439966,-0.706103779961717,0.485374287880516,0.680090927178495,-6.31015442153942,"Q9Y450;D9YZV0;B3KNB9;A8K9E1;H0YES5;B7Z1K2;B7Z524;H0YDX7;J3QT46;E9PJ90;E9PN23;G5E991;E9PMN1;E9PLR4;E9PHZ9;Q9P0A5"
"Q9Y490","TLN1",44,1612.63343167679,"Q9Y490;B4DGF3",1.63085773206727,28.6088147200637,2.94176708513899,0.0061121319739761,0.0241313159833309,-2.70714184810625,"Q9Y490;B4DGF3"
"Q9Y4D7","PLXND1",4,0,"Q9Y4D7;H0YAB2;B4DRU3;H0YAM9;H0Y9D1;H0YA64",1.32529836624288,24.5394736981187,2.30203676983808,0.0281825310211155,0.0863470670479952,-4.08848179856133,"Q9Y4D7;H0YAB2;B4DRU3;H0YAM9;H0Y9D1;H0YA64"
"Q9Y4K0","LOXL2",2,0,"Q9Y4K0;W6I206;W8QRJ0;H0YAR1;B4DDQ4;E5RHH3;E5RFY0;E5RJL2;E5RI22;H0YAP6",3.09569606109237,28.7790376984993,5.21050821422249,1.16066828360777e-05,0.000109191718667273,3.24115652486997,"Q9Y4K0;W6I206;W8QRJ0;H0YAR1;B4DDQ4;E5RHH3;E5RFY0;E5RJL2;E5RI22;H0YAP6"
"Q9Y5K8","ATP6V1D",18,0,"Q9Y5K8;G3V2S6;Q9H3H0;G3V2V6;H0YJH8;Q8N5Z9;Q6PJ05;H0YJ55;H0YJS0;Q9NW63;G3V559",-2.56117993115924,25.097999133754,-4.09529781045226,0.000278376800625725,0.00172959609791163,0.194332592844387,"Q9Y5K8;G3V2S6;Q9H3H0;G3V2V6;H0YJH8;Q8N5Z9;Q6PJ05;H0YJ55;H0YJS0;Q9NW63;G3V559"
"Q9Y6W5","WASF2",38,188.814289320524,"Q9Y6W5;Q05BU7;B4E3J5;Q8NBU0",-2.79489033945303,25.8708529177718,-4.64789404884478,5.826375038976e-05,0.000435790497519572,1.68978067949918,"Q9Y6W5;Q05BU7;B4E3J5;Q8NBU0"
