"uniprotswissprot","entrezgene_id","hgnc_symbol","Symbol_biomat","Protein_Description","GO_BP","GO_CC","GO_MF","GO_BP_IDs","GO_CC_IDs","GO_MF_IDs"
"O00468",375790,"AGRN","AGRN","agrin [Source:HGNC Symbol;Acc:HGNC:329]","receptor clustering; nervous system development; signal transduction; cell differentiation; filopodium assembly; cell surface receptor signaling pathway; positive regulation of transcription by RNA polymerase II; synapse organization; membrane organization; synaptic signaling; cytoskeleton organization; G protein-coupled acetylcholine receptor signaling pathway; clustering of voltage-gated sodium channels; chemical synaptic transmission; neuromuscular junction development; positive regulation of synaptic assembly at neuromuscular junction; chondrocyte differentiation","extracellular region; plasma membrane; basement membrane; extracellular exosome; synapse; extracellular matrix; lysosomal lumen; Golgi lumen","protein binding; calcium ion binding; laminin binding; metal ion binding; receptor ligand activity; structural constituent of cytoskeleton; dystroglycan binding; extracellular matrix structural constituent; transmembrane receptor protein tyrosine kinase activator activity; acetylcholine receptor regulator activity; chondroitin sulfate binding; heparan sulfate proteoglycan binding","GO:0043113; GO:0007399; GO:0007165; GO:0030154; GO:0046847; GO:0007166; GO:0045944; GO:0050808; GO:0061024; GO:0099536; GO:0007010; GO:0007213; GO:0045162; GO:0007268; GO:0007528; GO:0045887; GO:0002062","GO:0005576; GO:0005886; GO:0005604; GO:0070062; GO:0045202; GO:0031012; GO:0043202; GO:0005796","GO:0005515; GO:0005509; GO:0043236; GO:0046872; GO:0048018; GO:0005200; GO:0002162; GO:0005201; GO:0030297; GO:0030548; GO:0035374; GO:0043395"
"O14786",8829,"NRP1","NRP1","neuropilin 1 [Source:HGNC Symbol;Acc:HGNC:8004]","angiogenesis; axon guidance; vascular endothelial growth factor signaling pathway; positive regulation of endothelial cell migration; cellular response to vascular endothelial growth factor stimulus; platelet-derived growth factor receptor signaling pathway; positive regulation of ERK1 and ERK2 cascade; branching involved in blood vessel morphogenesis; nervous system development; cell differentiation; symbiont entry into host cell; positive regulation of endothelial cell proliferation; regulation of plasma membrane bounded cell projection organization; signal transduction; cell-cell signaling; integrin-mediated signaling pathway; animal organ morphogenesis; substrate-dependent cell migration, cell extension; vasculogenesis; neural crest cell migration; neuron migration; sprouting angiogenesis; cell migration involved in sprouting angiogenesis; outflow tract septum morphogenesis; motor neuron axon guidance; response to wounding; positive regulation of smooth muscle cell migration; facial nerve structural organization; trigeminal nerve structural organization; branchiomotor neuron axon guidance; regulation of vascular endothelial growth factor receptor signaling pathway; retinal ganglion cell axon guidance; regulation of Cdc42 protein signal transduction; cellular response to hepatocyte growth factor stimulus; endothelial cell chemotaxis; neuropilin signaling pathway; VEGF-activated neuropilin signaling pathway; vascular endothelial growth factor receptor signaling pathway; hepatocyte growth factor receptor signaling pathway; positive regulation of axon extension involved in axon guidance; artery morphogenesis; axon extension involved in axon guidance; positive chemotaxis; positive regulation of focal adhesion assembly; axonogenesis involved in innervation; regulation of vesicle-mediated transport; angiogenesis involved in coronary vascular morphogenesis; retina vasculature morphogenesis in camera-type eye; sympathetic ganglion development; semaphorin-plexin signaling pathway; commissural neuron axon guidance; endothelial tip cell fate specification; motor neuron migration; sympathetic neuron projection extension; sympathetic neuron projection guidance; positive regulation of substrate adhesion-dependent cell spreading; vestibulocochlear nerve structural organization; gonadotrophin-releasing hormone neuronal migration to the hypothalamus; positive regulation of phosphorylation; negative regulation of neuron apoptotic process; endothelial cell migration; positive regulation of angiogenesis; neuron development; coronary artery morphogenesis; renal artery morphogenesis; trigeminal ganglion development; positive regulation of cell migration involved in sprouting angiogenesis; sensory neuron axon guidance; postsynapse organization","membrane; cytoplasm; extracellular region; extracellular space; plasma membrane; focal adhesion; mitochondrial membrane; axon; cytosol; neuron projection; cytoplasmic vesicle; early endosome; sorting endosome; semaphorin receptor complex; receptor complex; postsynaptic membrane; glutamatergic synapse; neurofilament","vascular endothelial growth factor receptor activity; semaphorin receptor activity; protein binding; metal ion binding; heparin binding; growth factor binding; GTPase activator activity; coreceptor activity; cytokine binding; vascular endothelial growth factor binding; protein kinase binding","GO:0001525; GO:0007411; GO:0038084; GO:0010595; GO:0035924; GO:0048008; GO:0070374; GO:0001569; GO:0007399; GO:0030154; GO:0046718; GO:0001938; GO:0120035; GO:0007165; GO:0007267; GO:0007229; GO:0009887; GO:0006930; GO:0001570; GO:0001755; GO:0001764; GO:0002040; GO:0002042; GO:0003148; GO:0008045; GO:0009611; GO:0014911; GO:0021612; GO:0021637; GO:0021785; GO:0030947; GO:0031290; GO:0032489; GO:0035729; GO:0035767; GO:0038189; GO:0038190; GO:0048010; GO:0048012; GO:0048842; GO:0048844; GO:0048846; GO:0050918; GO:0051894; GO:0060385; GO:0060627; GO:0060978; GO:0061299; GO:0061549; GO:0071526; GO:0071679; GO:0097102; GO:0097475; GO:0097490; GO:0097491; GO:1900026; GO:0021649; GO:0021828; GO:0042327; GO:0043524; GO:0043542; GO:0045766; GO:0048666; GO:0060982; GO:0061441; GO:0061551; GO:0090050; GO:0097374; GO:0099173","GO:0016020; GO:0005737; GO:0005576; GO:0005615; GO:0005886; GO:0005925; GO:0031966; GO:0030424; GO:0005829; GO:0043005; GO:0031410; GO:0005769; GO:0097443; GO:0002116; GO:0043235; GO:0045211; GO:0098978; GO:0005883","GO:0005021; GO:0017154; GO:0005515; GO:0046872; GO:0008201; GO:0019838; GO:0005096; GO:0015026; GO:0019955; GO:0038085; GO:0019901"
"O15230",3911,"LAMA5","LAMA5","laminin subunit alpha 5 [Source:HGNC Symbol;Acc:HGNC:6485]","cell adhesion; regulation of cell adhesion; regulation of cell migration; regulation of embryonic development; cell migration; integrin-mediated signaling pathway; system development; skeletal system morphogenesis; animal organ morphogenesis; substrate adhesion-dependent cell spreading; postsynapse organization","nucleus; extracellular region; extracellular space; basement membrane; extracellular exosome; extracellular matrix; laminin-10 complex; neuromuscular junction; synaptic cleft; extracellular matrix of synaptic cleft; glutamatergic synapse; laminin-5 complex; laminin-11 complex; laminin-522 complex; laminin-15 complex","protein binding; signaling receptor binding; integrin binding; receptor ligand activity; extracellular matrix structural constituent","GO:0007155; GO:0030155; GO:0030334; GO:0045995; GO:0016477; GO:0007229; GO:0048731; GO:0048705; GO:0009887; GO:0034446; GO:0099173","GO:0005634; GO:0005576; GO:0005615; GO:0005604; GO:0070062; GO:0031012; GO:0043259; GO:0031594; GO:0043083; GO:0098965; GO:0098978; GO:0005610; GO:0043260; GO:1990339; GO:1990340","GO:0005515; GO:0005102; GO:0005178; GO:0048018; GO:0005201"
"O15427",9123,"SLC16A3","SLC16A3","solute carrier family 16 member 3 [Source:HGNC Symbol;Acc:HGNC:10924]","transmembrane transport; monocarboxylic acid transport; lactate transport; lactate transmembrane transport; pyruvate transmembrane transport; plasma membrane lactate transport; pyruvate catabolic process","membrane; plasma membrane; basolateral plasma membrane; apical part of cell; apical plasma membrane; lateral plasma membrane","transmembrane transporter activity; monocarboxylic acid transmembrane transporter activity; RNA binding; protein binding; symporter activity; lactate:proton symporter activity; pyruvate transmembrane transporter activity; lactate transmembrane transporter activity","GO:0055085; GO:0015718; GO:0015727; GO:0035873; GO:1901475; GO:0035879; GO:0042867","GO:0016020; GO:0005886; GO:0016323; GO:0045177; GO:0016324; GO:0016328","GO:0022857; GO:0008028; GO:0003723; GO:0005515; GO:0015293; GO:0015650; GO:0050833; GO:0015129"
"O43633",27243,"CHMP2A","CHMP2A","charged multivesicular body protein 2A [Source:HGNC Symbol;Acc:HGNC:30216]","vacuolar transport; protein transport; plasma membrane repair; mitotic metaphase chromosome alignment; nuclear membrane reassembly; viral budding via host ESCRT complex; ubiquitin-dependent protein catabolic process via the multivesicular body sorting pathway; viral budding from plasma membrane; midbody abscission; multivesicular body sorting pathway; autophagosome maturation; late endosome to lysosome transport; protein polymerization; establishment of protein localization; protein homooligomerization; regulation of centrosome duplication; nucleus organization; macroautophagy; membrane fission; late endosome to vacuole transport; membrane invagination; autophagy; viral release from host cell; endosome transport via multivesicular body sorting pathway; multivesicular body-lysosome fusion","membrane; nuclear envelope; extracellular exosome; kinetochore; midbody; lysosomal membrane; kinetochore microtubule; multivesicular body membrane; nuclear pore; late endosome membrane; cytosol; plasma membrane; chromatin; autophagosome membrane; multivesicular body; ESCRT III complex; membrane coat","protein binding; protein domain specific binding; phosphatidylcholine binding","GO:0007034; GO:0015031; GO:0001778; GO:0007080; GO:0031468; GO:0039702; GO:0043162; GO:0046761; GO:0061952; GO:0071985; GO:0097352; GO:1902774; GO:0051258; GO:0045184; GO:0051260; GO:0010824; GO:0006997; GO:0016236; GO:0090148; GO:0045324; GO:0010324; GO:0006914; GO:0019076; GO:0032509; GO:0061763","GO:0016020; GO:0005635; GO:0070062; GO:0000776; GO:0030496; GO:0005765; GO:0005828; GO:0032585; GO:0005643; GO:0031902; GO:0005829; GO:0005886; GO:0000785; GO:0000421; GO:0005771; GO:0000815; GO:0030117","GO:0005515; GO:0019904; GO:0031210"
"O60437",5493,"PPL","PPL","periplakin [Source:HGNC Symbol;Acc:HGNC:9273]","intermediate filament cytoskeleton organization; keratinization; wound healing; response to mechanical stimulus","cytoskeleton; cytoplasm; plasma membrane; extracellular exosome; lateral plasma membrane; desmosome; membrane; cornified envelope; cytosol; intermediate filament","protein binding; cadherin binding; structural molecule activity; structural constituent of cytoskeleton","GO:0045104; GO:0031424; GO:0042060; GO:0009612","GO:0005856; GO:0005737; GO:0005886; GO:0070062; GO:0016328; GO:0030057; GO:0016020; GO:0001533; GO:0005829; GO:0005882","GO:0005515; GO:0045296; GO:0005198; GO:0005200"
"O60664",10226,"PLIN3","PLIN3","perilipin 3 [Source:HGNC Symbol;Acc:HGNC:16893]","lipid storage; cellular response to glucose starvation; vesicle-mediated transport; positive regulation of triglyceride storage; lipid droplet disassembly","cytoplasm; membrane; endosome membrane; lipid droplet; cytosol; Golgi apparatus; transport vesicle; endosome","protein binding; cadherin binding","GO:0019915; GO:0042149; GO:0016192; GO:0010890; GO:1905691","GO:0005737; GO:0016020; GO:0010008; GO:0005811; GO:0005829; GO:0005794; GO:0030133; GO:0005768","GO:0005515; GO:0045296"
"O75083",9948,"WDR1","WDR1","WD repeat domain 1 [Source:HGNC Symbol;Acc:HGNC:12754]","sensory perception of sound; actin filament depolymerization; regulation of actin filament depolymerization; locomotion; apical junction assembly; maintenance of epithelial cell apical/basal polarity; sarcomere organization; neutrophil mediated immunity; regulation of cell shape; actin filament fragmentation; platelet formation; cortical cytoskeleton organization; establishment of planar polarity of follicular epithelium; neutrophil migration","cytoplasm; cytosol; cytoskeleton; cell junction; extracellular exosome; anchoring junction; extracellular region; cell-cell junction; cortical actin cytoskeleton; synapse; glutamatergic synapse; actin cytoskeleton","actin binding; protein binding; actin filament binding","GO:0007605; GO:0030042; GO:0030834; GO:0040011; GO:0043297; GO:0045199; GO:0045214; GO:0002446; GO:0008360; GO:0030043; GO:0030220; GO:0030865; GO:0042247; GO:1990266","GO:0005737; GO:0005829; GO:0005856; GO:0030054; GO:0070062; GO:0070161; GO:0005576; GO:0005911; GO:0030864; GO:0045202; GO:0098978; GO:0015629","GO:0003779; GO:0005515; GO:0051015"
"O75351",9525,"VPS4B","VPS4B","vacuolar protein sorting 4 homolog B [Source:HGNC Symbol;Acc:HGNC:10895]","cell division; protein transport; mitotic metaphase chromosome alignment; viral budding via host ESCRT complex; ubiquitin-dependent protein catabolic process via the multivesicular body sorting pathway; viral budding from plasma membrane; midbody abscission; endosomal transport; regulation of centrosome duplication; lysosomal transport; response to lipid; nucleus organization; regulation of G2/M transition of mitotic cell cycle; protein depolymerization; ubiquitin-independent protein catabolic process via the multivesicular body sorting pathway; macroautophagy; membrane fission; positive regulation of G2/M transition of mitotic cell cycle; plasma membrane repair; autophagy; nuclear membrane reassembly; multivesicular body sorting pathway; autophagosome maturation; vacuole organization; endosome to lysosome transport via multivesicular body sorting pathway; late endosomal microautophagy; late endosome to lysosome transport via multivesicular body sorting pathway","nucleus; cytoplasm; endosome membrane; extracellular exosome; centrosome; spindle pole; late endosome membrane; Flemming body; cytosol; plasma membrane; endosome; midbody","ATP binding; ATP hydrolysis activity; nucleotide binding; hydrolase activity; protein binding; identical protein binding; protein homodimerization activity; protein-containing complex binding","GO:0051301; GO:0015031; GO:0007080; GO:0039702; GO:0043162; GO:0046761; GO:0061952; GO:0016197; GO:0010824; GO:0007041; GO:0033993; GO:0006997; GO:0010389; GO:0051261; GO:0090611; GO:0016236; GO:0090148; GO:0010971; GO:0001778; GO:0006914; GO:0031468; GO:0071985; GO:0097352; GO:0007033; GO:0032510; GO:0061738; GO:0061764","GO:0005634; GO:0005737; GO:0010008; GO:0070062; GO:0005813; GO:0000922; GO:0031902; GO:0090543; GO:0005829; GO:0005886; GO:0005768; GO:0030496","GO:0005524; GO:0016887; GO:0000166; GO:0016787; GO:0005515; GO:0042802; GO:0042803; GO:0044877"
"O75874",3417,"IDH1","IDH1","isocitrate dehydrogenase (NADP(+)) 1 [Source:HGNC Symbol;Acc:HGNC:5382]","isocitrate metabolic process; glyoxylate cycle; tricarboxylic acid cycle; 2-oxoglutarate metabolic process; NADPH regeneration; female gonad development; response to steroid hormone; NADP+ metabolic process","cytosol; peroxisome; peroxisomal matrix; mitochondrion; extracellular exosome; extracellular region; cytoplasm; secretory granule lumen; ficolin-1-rich granule lumen; tertiary granule lumen","magnesium ion binding; NAD binding; oxidoreductase activity, acting on the CH-OH group of donors, NAD or NADP as acceptor; isocitrate dehydrogenase (NADP+) activity; metal ion binding; protein binding; oxidoreductase activity; NADP binding; protein homodimerization activity; identical protein binding; cadherin binding","GO:0006102; GO:0006097; GO:0006099; GO:0006103; GO:0006740; GO:0008585; GO:0048545; GO:0006739","GO:0005829; GO:0005777; GO:0005782; GO:0005739; GO:0070062; GO:0005576; GO:0005737; GO:0034774; GO:1904813; GO:1904724","GO:0000287; GO:0051287; GO:0016616; GO:0004450; GO:0046872; GO:0005515; GO:0016491; GO:0050661; GO:0042803; GO:0042802; GO:0045296"
"P00533",1956,"EGFR","EGFR","epidermal growth factor receptor [Source:HGNC Symbol;Acc:HGNC:3236]","positive regulation of cell population proliferation; positive regulation of G1/S transition of mitotic cell cycle; positive regulation of MAPK cascade; positive regulation of phosphatidylinositol 3-kinase/protein kinase B signal transduction; positive regulation of ERK1 and ERK2 cascade; positive regulation of canonical Wnt signaling pathway; positive regulation of cell migration; signal transduction; MAPK cascade; negative regulation of apoptotic process; cell surface receptor protein tyrosine kinase signaling pathway; positive regulation of DNA repair; positive regulation of transcription by RNA polymerase II; symbiont entry into host cell; negative regulation of protein catabolic process; cell-cell adhesion; epidermal growth factor receptor signaling pathway; cellular response to epidermal growth factor stimulus; negative regulation of epidermal growth factor receptor signaling pathway; ossification; learning or memory; positive regulation of protein phosphorylation; positive regulation of peptidyl-serine phosphorylation; neuron differentiation; protein insertion into membrane; ERBB2-EGFR signaling pathway; positive regulation of epithelial cell proliferation; phosphatidylinositol 3-kinase/protein kinase B signal transduction; positive regulation of cell growth; positive regulation of phosphorylation; positive regulation of DNA replication; cellular response to estradiol stimulus; cell surface receptor signaling pathway; positive regulation of toll-like receptor 9 signaling pathway; regulation of peptidyl-tyrosine phosphorylation; response to UV-A; positive regulation of protein kinase C signaling; positive regulation of protein localization to plasma membrane; negative regulation of cardiocyte differentiation; protein phosphorylation; positive regulation of fibroblast proliferation; cellular response to amino acid stimulus","nucleus; cytoplasm; extracellular region; extracellular space; plasma membrane; membrane; endosome membrane; focal adhesion; cell junction; endoplasmic reticulum membrane; perinuclear region of cytoplasm; Golgi apparatus; early endosome membrane; Golgi membrane; nuclear membrane; membrane raft; cell surface; basolateral plasma membrane; endosome; protein-containing complex; receptor complex; endocytic vesicle; clathrin-coated endocytic vesicle membrane; intracellular vesicle; basal plasma membrane; ruffle membrane; multivesicular body, internal vesicle lumen; Shc-EGFR complex","protein binding; nucleotide binding; enzyme binding; transferase activity; ATP binding; protein kinase activity; kinase activity; ubiquitin protein ligase binding; protein tyrosine kinase activity; transmembrane receptor protein tyrosine kinase activity; identical protein binding; double-stranded DNA binding; virus receptor activity; actin filament binding; kinase binding; chromatin binding; protein phosphatase binding; MAP kinase kinase kinase activity; cadherin binding; epidermal growth factor receptor activity; transmembrane signaling receptor activity; protein tyrosine kinase activator activity; epidermal growth factor binding","GO:0008284; GO:1900087; GO:0043410; GO:0051897; GO:0070374; GO:0090263; GO:0030335; GO:0007165; GO:0000165; GO:0043066; GO:0007169; GO:0045739; GO:0045944; GO:0046718; GO:0042177; GO:0098609; GO:0007173; GO:0071364; GO:0042059; GO:0001503; GO:0007611; GO:0001934; GO:0033138; GO:0030182; GO:0051205; GO:0038134; GO:0050679; GO:0043491; GO:0030307; GO:0042327; GO:0045740; GO:0071392; GO:0007166; GO:0034165; GO:0050730; GO:0070141; GO:0090037; GO:1903078; GO:1905208; GO:0006468; GO:0048146; GO:0071230","GO:0005634; GO:0005737; GO:0005576; GO:0005615; GO:0005886; GO:0016020; GO:0010008; GO:0005925; GO:0030054; GO:0005789; GO:0048471; GO:0005794; GO:0031901; GO:0000139; GO:0031965; GO:0045121; GO:0009986; GO:0016323; GO:0005768; GO:0032991; GO:0043235; GO:0030139; GO:0030669; GO:0097708; GO:0009925; GO:0032587; GO:0097489; GO:0070435","GO:0005515; GO:0000166; GO:0019899; GO:0016740; GO:0005524; GO:0004672; GO:0016301; GO:0031625; GO:0004713; GO:0004714; GO:0042802; GO:0003690; GO:0001618; GO:0051015; GO:0019900; GO:0003682; GO:0019903; GO:0004709; GO:0045296; GO:0005006; GO:0004888; GO:0030296; GO:0048408"
"P00750",5327,"PLAT","PLAT","plasminogen activator, tissue type [Source:HGNC Symbol;Acc:HGNC:9051]","proteolysis; plasminogen activation; zymogen activation; blood coagulation; protein modification process; negative regulation of proteolysis; negative regulation of plasminogen activation; fibrinolysis; negative regulation of fibrinolysis; smooth muscle cell migration; platelet-derived growth factor receptor signaling pathway; prevention of polyspermy; trans-synaptic signaling by BDNF, modulating synaptic transmission","extracellular region; cytoplasm; extracellular exosome; extracellular space; cell surface; Schaffer collateral - CA1 synapse; glutamatergic synapse; secretory granule; apical part of cell","serine-type endopeptidase activity; protein binding; hydrolase activity; peptidase activity; serine-type peptidase activity; signaling receptor binding; phosphoprotein binding","GO:0006508; GO:0031639; GO:0031638; GO:0007596; GO:0036211; GO:0045861; GO:0010757; GO:0042730; GO:0051918; GO:0014909; GO:0048008; GO:0060468; GO:0099183","GO:0005576; GO:0005737; GO:0070062; GO:0005615; GO:0009986; GO:0098685; GO:0098978; GO:0030141; GO:0045177","GO:0004252; GO:0005515; GO:0016787; GO:0008233; GO:0008236; GO:0005102; GO:0051219"
"P01033",7076,"TIMP1","TIMP1","TIMP metallopeptidase inhibitor 1 [Source:HGNC Symbol;Acc:HGNC:11820]","signal transduction; positive regulation of cell population proliferation; negative regulation of proteolysis; negative regulation of catalytic activity; response to cytokine; response to hormone; negative regulation of endopeptidase activity; negative regulation of apoptotic process; response to peptide hormone; cartilage development; cellular response to UV-A; cellular response to acetaldehyde","extracellular region; extracellular space; extracellular exosome; secretory granule lumen; extracellular matrix; endoplasmic reticulum lumen; platelet alpha granule lumen; basement membrane","protein binding; metalloendopeptidase inhibitor activity; growth factor activity; metal ion binding; peptidase inhibitor activity; zinc ion binding; cytokine activity; enzyme inhibitor activity; protease binding","GO:0007165; GO:0008284; GO:0045861; GO:0043086; GO:0034097; GO:0009725; GO:0010951; GO:0043066; GO:0043434; GO:0051216; GO:0071492; GO:1905641","GO:0005576; GO:0005615; GO:0070062; GO:0034774; GO:0031012; GO:0005788; GO:0031093; GO:0005604","GO:0005515; GO:0008191; GO:0008083; GO:0046872; GO:0030414; GO:0008270; GO:0005125; GO:0004857; GO:0002020"
"P01889",3106,"HLA-B","HLA-B","major histocompatibility complex, class I, B [Source:HGNC Symbol;Acc:HGNC:4932]","immune response; antigen processing and presentation; immune system process; innate immune response; antigen processing and presentation of peptide antigen via MHC class I; adaptive immune response; defense response; detection of bacterium; positive regulation of T cell mediated cytotoxicity; antigen processing and presentation of endogenous peptide antigen via MHC class Ib; antigen processing and presentation of exogenous peptide antigen via MHC class Ib; antigen processing and presentation of endogenous peptide antigen via MHC class I via ER pathway, TAP-independent; regulation of T cell anergy; regulation of natural killer cell mediated immunity; regulation of interleukin-12 production; regulation of interleukin-6 production; protection from natural killer cell mediated cytotoxicity","plasma membrane; membrane; Golgi apparatus; ER to Golgi transport vesicle membrane; endoplasmic reticulum membrane; endoplasmic reticulum; early endosome membrane; recycling endosome membrane; extracellular exosome; Golgi membrane; cell surface; phagocytic vesicle membrane; lumenal side of endoplasmic reticulum membrane; extracellular space; MHC class I protein complex; secretory granule membrane; external side of plasma membrane","signaling receptor binding; protein binding; protein-folding chaperone binding; peptide antigen binding; beta-2-microglobulin binding; TAP binding","GO:0006955; GO:0019882; GO:0002376; GO:0045087; GO:0002474; GO:0002250; GO:0006952; GO:0016045; GO:0001916; GO:0002476; GO:0002477; GO:0002486; GO:0002667; GO:0002715; GO:0032655; GO:0032675; GO:0042270","GO:0005886; GO:0016020; GO:0005794; GO:0012507; GO:0005789; GO:0005783; GO:0031901; GO:0055038; GO:0070062; GO:0000139; GO:0009986; GO:0030670; GO:0098553; GO:0005615; GO:0042612; GO:0030667; GO:0009897","GO:0005102; GO:0005515; GO:0051087; GO:0042605; GO:0030881; GO:0046977"
"P01903",3122,"HLA-DRA","HLA-DRA","major histocompatibility complex, class II, DR alpha [Source:HGNC Symbol;Acc:HGNC:4947]","immune response; antigen processing and presentation; immune system process; adaptive immune response; cognition; antigen processing and presentation of peptide or polysaccharide antigen via MHC class II; antigen processing and presentation of exogenous peptide antigen via MHC class II; positive regulation of T cell activation; positive regulation of T cell mediated cytotoxicity; myeloid dendritic cell antigen processing and presentation; antigen processing and presentation of endogenous peptide antigen via MHC class II; peptide antigen assembly with MHC class II protein complex; positive regulation of CD4-positive, CD25-positive, alpha-beta regulatory T cell differentiation; regulation of T-helper cell differentiation; positive regulation of immune response; positive regulation of CD4-positive, alpha-beta T cell activation","membrane; MHC class II protein complex; plasma membrane; endosome membrane; endoplasmic reticulum membrane; cytoplasmic vesicle; early endosome membrane; extracellular exosome; cell surface; lysosomal membrane; late endosome membrane; immunological synapse; trans-Golgi network membrane; Golgi membrane; endocytic vesicle membrane; ER to Golgi transport vesicle membrane; clathrin-coated endocytic vesicle membrane; lumenal side of endoplasmic reticulum membrane; lysosome; transport vesicle membrane","peptide antigen binding; protein binding; polysaccharide binding; MHC class II protein complex binding; T cell receptor binding","GO:0006955; GO:0019882; GO:0002376; GO:0002250; GO:0050890; GO:0002504; GO:0019886; GO:0050870; GO:0001916; GO:0002469; GO:0002491; GO:0002503; GO:0032831; GO:0045622; GO:0050778; GO:2000516","GO:0016020; GO:0042613; GO:0005886; GO:0010008; GO:0005789; GO:0031410; GO:0031901; GO:0070062; GO:0009986; GO:0005765; GO:0031902; GO:0001772; GO:0032588; GO:0000139; GO:0030666; GO:0012507; GO:0030669; GO:0098553; GO:0005764; GO:0030658","GO:0042605; GO:0005515; GO:0030247; GO:0023026; GO:0042608"
"P02751",2335,"FN1","FN1","fibronectin 1 [Source:HGNC Symbol;Acc:HGNC:3778]","positive regulation of phosphatidylinositol 3-kinase/protein kinase B signal transduction; cell adhesion; angiogenesis; regulation of cell shape; positive regulation of gene expression; positive regulation of cell population proliferation; acute-phase response; nervous system development; response to wounding; heart development; integrin-mediated signaling pathway; endothelial cell migration; positive regulation of fibroblast proliferation; regulation of protein phosphorylation; substrate adhesion-dependent cell spreading; regulation of ERK1 and ERK2 cascade; cell-matrix adhesion; biological process involved in interaction with symbiont; neural crest cell migration; cell-substrate junction assembly; endodermal cell differentiation; enteric nervous system development; negative regulation of transforming growth factor beta production; blood coagulation, fibrin clot formation; response to muscle activity","extracellular region; extracellular space; extracellular exosome; extracellular matrix; plasma membrane; endoplasmic reticulum-Golgi intermediate compartment; blood microparticle; endoplasmic reticulum lumen; platelet alpha granule lumen; fibrinogen complex; fibronectin fibril; basement membrane; apical plasma membrane","protein binding; signaling receptor binding; integrin binding; heparin binding; identical protein binding; protease binding; collagen binding; extracellular matrix structural constituent; proteoglycan binding; peptidase activator activity; receptor ligand activity","GO:0051897; GO:0007155; GO:0001525; GO:0008360; GO:0010628; GO:0008284; GO:0006953; GO:0007399; GO:0009611; GO:0007507; GO:0007229; GO:0043542; GO:0048146; GO:0001932; GO:0034446; GO:0070372; GO:0007160; GO:0051702; GO:0001755; GO:0007044; GO:0035987; GO:0048484; GO:0071635; GO:0072378; GO:0014850","GO:0005576; GO:0005615; GO:0070062; GO:0031012; GO:0005886; GO:0005793; GO:0072562; GO:0005788; GO:0031093; GO:0005577; GO:0061800; GO:0005604; GO:0016324","GO:0005515; GO:0005102; GO:0005178; GO:0008201; GO:0042802; GO:0002020; GO:0005518; GO:0005201; GO:0043394; GO:0016504; GO:0048018"
"P03956",4312,"MMP1","MMP1","matrix metallopeptidase 1 [Source:HGNC Symbol;Acc:HGNC:7155]","proteolysis; collagen catabolic process; positive regulation of protein-containing complex assembly; extracellular matrix organization; extracellular matrix disassembly; cellular response to UV-A","extracellular matrix; extracellular region","zinc ion binding; metallopeptidase activity; metalloendopeptidase activity; hydrolase activity; metal ion binding; peptidase activity; endopeptidase activity; serine-type endopeptidase activity","GO:0006508; GO:0030574; GO:0031334; GO:0030198; GO:0022617; GO:0071492","GO:0031012; GO:0005576","GO:0008270; GO:0008237; GO:0004222; GO:0016787; GO:0046872; GO:0008233; GO:0004175; GO:0004252"
"P04179",6648,"SOD2","SOD2","superoxide dismutase 2 [Source:HGNC Symbol;Acc:HGNC:11180]","superoxide metabolic process; negative regulation of vascular associated smooth muscle cell proliferation; negative regulation of cell population proliferation; positive regulation of cell migration; positive regulation of vascular associated smooth muscle cell apoptotic process; positive regulation of vascular associated smooth muscle cell differentiation; regulation of transcription by RNA polymerase II; response to hypoxia; response to oxidative stress; response to xenobiotic stimulus; response to manganese ion; response to zinc ion; response to selenium ion; positive regulation of hydrogen peroxide biosynthetic process; response to activity; removal of superoxide radicals; response to nutrient levels; response to lipopolysaccharide; response to L-ascorbic acid; response to silicon dioxide; response to isolation stress; response to immobilization stress; response to hydrogen peroxide; hydrogen peroxide metabolic process; negative regulation of apoptotic process; response to cadmium ion; response to electrical stimulus; response to magnetism; cellular response to ethanol; negative regulation of neuron apoptotic process; regulation of blood pressure; cellular response to oxidative stress; response to superoxide; release of cytochrome c from mitochondria; acetylcholine-mediated vasodilation involved in regulation of systemic arterial blood pressure; intracellular oxygen homeostasis","mitochondrion; mitochondrial matrix; extracellular exosome; cytoplasm; mitochondrial nucleoid","metal ion binding; superoxide dismutase activity; protein binding; oxidoreductase activity; identical protein binding; manganese ion binding; DNA binding; oxygen binding; enzyme binding","GO:0006801; GO:1904706; GO:0008285; GO:0030335; GO:1905461; GO:1905065; GO:0006357; GO:0001666; GO:0006979; GO:0009410; GO:0010042; GO:0010043; GO:0010269; GO:0010729; GO:0014823; GO:0019430; GO:0031667; GO:0032496; GO:0033591; GO:0034021; GO:0035900; GO:0035902; GO:0042542; GO:0042743; GO:0043066; GO:0046686; GO:0051602; GO:0071000; GO:0071361; GO:0043524; GO:0008217; GO:0034599; GO:0000303; GO:0001836; GO:0003069; GO:0032364","GO:0005739; GO:0005759; GO:0070062; GO:0005737; GO:0042645","GO:0046872; GO:0004784; GO:0005515; GO:0016491; GO:0042802; GO:0030145; GO:0003677; GO:0019825; GO:0019899"
"P04439",3105,"HLA-A","HLA-A","major histocompatibility complex, class I, A [Source:HGNC Symbol;Acc:HGNC:4931]","immune response; antigen processing and presentation; immune system process; innate immune response; antigen processing and presentation of peptide antigen via MHC class I; adaptive immune response; antigen processing and presentation of endogenous peptide antigen via MHC class I; antibacterial humoral response; detection of bacterium; positive regulation of type II interferon production; positive regulation of T cell mediated cytotoxicity; peptide antigen assembly with MHC class I protein complex; antigen processing and presentation of endogenous peptide antigen via MHC class Ib; antigen processing and presentation of exogenous peptide antigen via MHC class Ib; antigen processing and presentation of endogenous peptide antigen via MHC class I via ER pathway, TAP-independent; regulation of natural killer cell mediated immunity; protection from natural killer cell mediated cytotoxicity; T cell mediated cytotoxicity; T cell mediated cytotoxicity directed against tumor cell target; antigen processing and presentation of endogenous peptide antigen via MHC class I via ER pathway, TAP-dependent; positive regulation of T cell cytokine production; CD8-positive, alpha-beta T cell activation; antigen processing and presentation of exogenous peptide antigen via MHC class I; positive regulation of CD8-positive, alpha-beta T cell activation","plasma membrane; membrane; Golgi apparatus; ER to Golgi transport vesicle membrane; endoplasmic reticulum membrane; endoplasmic reticulum; early endosome membrane; recycling endosome membrane; extracellular exosome; Golgi membrane; cell surface; phagocytic vesicle membrane; lumenal side of endoplasmic reticulum membrane; extracellular space; MHC class I protein complex; endoplasmic reticulum exit site; external side of plasma membrane; MHC class I peptide loading complex; Golgi medial cisterna","RNA binding; peptide antigen binding; protein binding; beta-2-microglobulin binding; signaling receptor binding; TAP complex binding; TAP binding; T cell receptor binding; CD8 receptor binding","GO:0006955; GO:0019882; GO:0002376; GO:0045087; GO:0002474; GO:0002250; GO:0019885; GO:0019731; GO:0016045; GO:0032729; GO:0001916; GO:0002502; GO:0002476; GO:0002477; GO:0002486; GO:0002715; GO:0042270; GO:0001913; GO:0002419; GO:0002485; GO:0002726; GO:0036037; GO:0042590; GO:2001187","GO:0005886; GO:0016020; GO:0005794; GO:0012507; GO:0005789; GO:0005783; GO:0031901; GO:0055038; GO:0070062; GO:0000139; GO:0009986; GO:0030670; GO:0098553; GO:0005615; GO:0042612; GO:0070971; GO:0009897; GO:0042824; GO:0005797","GO:0003723; GO:0042605; GO:0005515; GO:0030881; GO:0005102; GO:0062061; GO:0046977; GO:0042608; GO:0042610"
"P04899",2771,"GNAI2","GNAI2","G protein subunit alpha i2 [Source:HGNC Symbol;Acc:HGNC:4385]","G protein-coupled receptor signaling pathway; signal transduction; adenylate cyclase-modulating G protein-coupled receptor signaling pathway; positive regulation of cell population proliferation; cell division; angiogenesis; gamma-aminobutyric acid signaling pathway; adenylate cyclase-inhibiting G protein-coupled receptor signaling pathway; response to nutrient; negative regulation of adenylate cyclase activity; G protein-coupled adenosine receptor signaling pathway; adenylate cyclase-activating G protein-coupled receptor signaling pathway; positive regulation of cell migration; positive regulation of superoxide anion generation; positive regulation of urine volume; negative regulation of calcium ion-dependent exocytosis; modulation of chemical synaptic transmission; negative regulation of synaptic transmission; regulation of calcium ion transport; positive regulation of ERK1 and ERK2 cascade; negative regulation of adenylate cyclase-activating adrenergic receptor signaling pathway; positive regulation of vascular associated smooth muscle cell proliferation; positive regulation of neural precursor cell proliferation; negative regulation of apoptotic signaling pathway","cytoplasm; plasma membrane; membrane; cytosol; ciliary basal body; extracellular exosome; midbody; centrosome; extracellular vesicle; heterotrimeric G-protein complex; cytoplasmic side of plasma membrane; hippocampal mossy fiber to CA3 synapse; neuronal dense core vesicle; dendrite; cell body","GTPase activity; GTP binding; G-protein beta/gamma-subunit complex binding; guanyl nucleotide binding; nucleotide binding; hydrolase activity; metal ion binding; protein binding; G protein-coupled receptor binding","GO:0007186; GO:0007165; GO:0007188; GO:0008284; GO:0051301; GO:0001525; GO:0007214; GO:0007193; GO:0007584; GO:0007194; GO:0001973; GO:0007189; GO:0030335; GO:0032930; GO:0035810; GO:0045955; GO:0050804; GO:0050805; GO:0051924; GO:0070374; GO:0071878; GO:1904707; GO:2000179; GO:2001234","GO:0005737; GO:0005886; GO:0016020; GO:0005829; GO:0036064; GO:0070062; GO:0030496; GO:0005813; GO:1903561; GO:0005834; GO:0009898; GO:0098686; GO:0098992; GO:0030425; GO:0044297","GO:0003924; GO:0005525; GO:0031683; GO:0019001; GO:0000166; GO:0016787; GO:0046872; GO:0005515; GO:0001664"
"P05026",481,"ATP1B1","ATP1B1","ATPase Na+/K+ transporting subunit beta 1 [Source:HGNC Symbol;Acc:HGNC:804]","potassium ion transport; sodium ion transport; monoatomic ion transport; immune system process; innate immune response; cell adhesion; establishment or maintenance of transmembrane electrochemical gradient; intracellular sodium ion homeostasis; intracellular potassium ion homeostasis; proton transmembrane transport; intracellular calcium ion homeostasis; cardiac muscle contraction; sodium ion transmembrane transport; relaxation of cardiac muscle; membrane repolarization; membrane repolarization during cardiac muscle cell action potential; cell communication by electrical coupling involved in cardiac conduction; regulation of gene expression; regulation of cardiac muscle contraction by calcium ion signaling; protein transport into plasma membrane raft; ATP metabolic process; protein localization to plasma membrane; response to hypoxia; metal ion transport; regulation of calcium ion transmembrane transport","sodium:potassium-exchanging ATPase complex; plasma membrane; membrane; apical plasma membrane; extracellular exosome; sarcolemma; extracellular vesicle; T-tubule; lateral plasma membrane; intercalated disc; organelle membrane; sperm flagellum; caveola; basolateral plasma membrane","protein binding; protein-macromolecule adaptor activity; ATPase activator activity; MHC class II protein complex binding; P-type sodium:potassium-exchanging transporter activity; transporter activator activity; protein kinase binding; protein heterodimerization activity","GO:0006813; GO:0006814; GO:0006811; GO:0002376; GO:0045087; GO:0007155; GO:0010248; GO:0006883; GO:0030007; GO:1902600; GO:0006874; GO:0060048; GO:0035725; GO:0055119; GO:0086009; GO:0086013; GO:0086064; GO:0010468; GO:0010882; GO:0044861; GO:0046034; GO:0072659; GO:0001666; GO:0030001; GO:1903169","GO:0005890; GO:0005886; GO:0016020; GO:0016324; GO:0070062; GO:0042383; GO:1903561; GO:0030315; GO:0016328; GO:0014704; GO:0031090; GO:0036126; GO:0005901; GO:0016323","GO:0005515; GO:0030674; GO:0001671; GO:0023026; GO:0005391; GO:0141109; GO:0019901; GO:0046982"
"P05106",3690,"ITGB3","ITGB3","integrin subunit beta 3 [Source:HGNC Symbol;Acc:HGNC:6156]","positive regulation of endothelial cell migration; positive regulation of vascular endothelial growth factor receptor signaling pathway; negative regulation of low-density lipoprotein particle clearance; negative regulation of macrophage derived foam cell differentiation; negative regulation of lipid storage; positive regulation of cell migration; cell adhesion; angiogenesis; regulation of transport; regulation of protein localization; regulation of developmental process; integrin-mediated signaling pathway; negative chemotaxis; positive regulation of cell population proliferation; platelet activation; platelet aggregation; symbiont entry into host cell; cell-matrix adhesion; heterotypic cell-cell adhesion; mesodermal cell differentiation; cell-substrate adhesion; cell migration; positive regulation of endothelial cell proliferation; blood coagulation; substrate adhesion-dependent cell spreading; regulation of postsynaptic neurotransmitter receptor internalization; wound healing; regulation of bone resorption; smooth muscle cell migration; negative regulation of lipid transport; tube development; wound healing, spreading of epidermal cells; apolipoprotein A-I-mediated signaling pathway; apoptotic cell clearance; negative regulation of lipoprotein metabolic process; angiogenesis involved in wound healing; positive regulation of leukocyte migration; embryo implantation; regulation of G protein-coupled receptor signaling pathway; positive regulation of gene expression; positive regulation of fibroblast migration; response to activity; positive regulation of smooth muscle cell migration; regulation of actin cytoskeleton organization; response to platelet-derived growth factor; positive regulation of angiogenesis; positive regulation of bone resorption; positive regulation of smooth muscle cell proliferation; regulation of release of sequestered calcium ion into cytosol; positive regulation of ERK1 and ERK2 cascade; cellular response to mechanical stimulus; cellular response to xenobiotic stimulus; positive regulation of glomerular mesangial cell proliferation; maintenance of postsynaptic specialization structure; cellular response to insulin-like growth factor stimulus; positive regulation of T cell migration","plasma membrane; melanosome; focal adhesion; lamellipodium membrane; filopodium membrane; ruffle membrane; extracellular exosome; synapse; cell surface; filopodium; postsynaptic membrane; ruffle; microvillus membrane; integrin complex; integrin alphav-beta3 complex; nucleus; cell-cell junction; glutamatergic synapse; receptor complex; platelet alpha granule membrane; protein-containing complex; alphav-beta3 integrin-vitronectin complex; alphav-beta3 integrin-IGF-1-IGF1R complex; alphav-beta3 integrin-PKCalpha complex; alphav-beta3 integrin-HMGB1 complex; integrin alphaIIb-beta3 complex; synaptic membrane; glycinergic synapse; external side of plasma membrane; apical plasma membrane; alpha9-beta1 integrin-ADAM8 complex","protein binding; enzyme binding; metal ion binding; protein disulfide isomerase activity; identical protein binding; virus receptor activity; protease binding; fibroblast growth factor binding; fibronectin binding; coreceptor activity; extracellular matrix binding; insulin-like growth factor I binding; integrin binding; vascular endothelial growth factor receptor 2 binding; platelet-derived growth factor receptor binding; cell adhesion molecule binding; cell adhesion receptor activity; C-X3-C chemokine binding; neuregulin binding; fibrinogen binding; protein kinase C binding","GO:0010595; GO:0030949; GO:0010989; GO:0010745; GO:0010888; GO:0030335; GO:0007155; GO:0001525; GO:0051049; GO:0032880; GO:0050793; GO:0007229; GO:0050919; GO:0008284; GO:0030168; GO:0070527; GO:0046718; GO:0007160; GO:0034113; GO:0048333; GO:0031589; GO:0016477; GO:0001938; GO:0007596; GO:0034446; GO:0099149; GO:0042060; GO:0045124; GO:0014909; GO:0032369; GO:0035295; GO:0035313; GO:0038027; GO:0043277; GO:0050748; GO:0060055; GO:0002687; GO:0007566; GO:0008277; GO:0010628; GO:0010763; GO:0014823; GO:0014911; GO:0032956; GO:0036119; GO:0045766; GO:0045780; GO:0048661; GO:0051279; GO:0070374; GO:0071260; GO:0071466; GO:0072126; GO:0098880; GO:1990314; GO:2000406","GO:0005886; GO:0042470; GO:0005925; GO:0031258; GO:0031527; GO:0032587; GO:0070062; GO:0045202; GO:0009986; GO:0030175; GO:0045211; GO:0001726; GO:0031528; GO:0008305; GO:0034683; GO:0005634; GO:0005911; GO:0098978; GO:0043235; GO:0031092; GO:0032991; GO:0071062; GO:0035867; GO:0035866; GO:0035868; GO:0070442; GO:0097060; GO:0098690; GO:0009897; GO:0016324; GO:0071133","GO:0005515; GO:0019899; GO:0046872; GO:0003756; GO:0042802; GO:0001618; GO:0002020; GO:0017134; GO:0001968; GO:0015026; GO:0050840; GO:0031994; GO:0005178; GO:0043184; GO:0005161; GO:0050839; GO:0004895; GO:0019960; GO:0038132; GO:0070051; GO:0005080"
"P05121",5054,"SERPINE1","SERPINE1","serpin family E member 1 [Source:HGNC Symbol;Acc:HGNC:8583]","negative regulation of cell migration; positive regulation of angiogenesis; positive regulation of inflammatory response; cellular response to lipopolysaccharide; negative regulation of vascular wound healing; negative regulation of wound healing; angiogenesis; negative regulation of proteolysis; response to bacterium; positive regulation of interleukin-8 production; positive regulation of receptor-mediated endocytosis; negative regulation of smooth muscle cell migration; positive regulation of blood coagulation; negative regulation of fibrinolysis; negative regulation of plasminogen activation; fibrinolysis; negative regulation of blood coagulation; positive regulation of leukotriene production involved in inflammatory response; positive regulation of coagulation; negative regulation of thrombin-activated receptor signaling pathway; positive regulation of monocyte chemotaxis; replicative senescence; dentinogenesis","extracellular space; extracellular region; extracellular exosome; plasma membrane; extracellular matrix; platelet alpha granule lumen","serine-type endopeptidase inhibitor activity; peptidase inhibitor activity; protein binding; protease binding; signaling receptor binding; endopeptidase inhibitor activity","GO:0030336; GO:0045766; GO:0050729; GO:0071222; GO:0061044; GO:0061045; GO:0001525; GO:0045861; GO:0009617; GO:0032757; GO:0048260; GO:0014912; GO:0030194; GO:0051918; GO:0010757; GO:0042730; GO:0030195; GO:0035491; GO:0050820; GO:0070495; GO:0090026; GO:0090399; GO:0097187","GO:0005615; GO:0005576; GO:0070062; GO:0005886; GO:0031012; GO:0031093","GO:0004867; GO:0030414; GO:0005515; GO:0002020; GO:0005102; GO:0004866"
"P05362",3383,"ICAM1","ICAM1","intercellular adhesion molecule 1 [Source:HGNC Symbol;Acc:HGNC:5344]","cell adhesion; cell-cell adhesion; cellular response to amyloid-beta; positive regulation of ERK1 and ERK2 cascade; signal transduction; immune response; symbiont entry into host cell; cellular response to oxygen-containing compound; leukocyte migration; establishment of endothelial barrier; immune effector process; leukocyte cell-cell adhesion; heterophilic cell-cell adhesion via plasma membrane cell adhesion molecules; leukocyte adhesion to vascular endothelial cell; regulation of leukocyte mediated cytotoxicity; T cell activation via T cell receptor contact with antigen bound to MHC molecule on antigen presenting cell; positive regulation of cellular extravasation; membrane to membrane docking; adhesion of symbiont to host; receptor-mediated virion attachment to host cell","membrane; extracellular space; plasma membrane; focal adhesion; extracellular exosome; cell surface; membrane raft; immunological synapse; external side of plasma membrane; extracellular matrix","integrin binding; protein binding; receptor ligand activity; virus receptor activity; signaling receptor activity; transmembrane signaling receptor activity","GO:0007155; GO:0098609; GO:1904646; GO:0070374; GO:0007165; GO:0006955; GO:0046718; GO:1901701; GO:0050900; GO:0061028; GO:0002252; GO:0007159; GO:0007157; GO:0061756; GO:0001910; GO:0002291; GO:0002693; GO:0022614; GO:0044406; GO:0046813","GO:0016020; GO:0005615; GO:0005886; GO:0005925; GO:0070062; GO:0009986; GO:0045121; GO:0001772; GO:0009897; GO:0031012","GO:0005178; GO:0005515; GO:0048018; GO:0001618; GO:0038023; GO:0004888"
"P05556",3688,"ITGB1","ITGB1","integrin subunit beta 1 [Source:HGNC Symbol;Acc:HGNC:6153]","positive regulation of angiogenesis; positive regulation of phosphatidylinositol 3-kinase/protein kinase B signal transduction; positive regulation of fibroblast growth factor receptor signaling pathway; positive regulation of cell migration; cell adhesion; angiogenesis; regulation of developmental process; integrin-mediated signaling pathway; symbiont entry into host cell; receptor internalization; CD40 signaling pathway; muscle organ development; myoblast fusion; cell-matrix adhesion; heterotypic cell-cell adhesion; mesodermal cell differentiation; cell-substrate adhesion; positive regulation of GTPase activity; cell migration; positive regulation of protein localization to plasma membrane; negative regulation of vasoconstriction; cell-cell adhesion; extracellular matrix organization; maintenance of blood-brain barrier; positive regulation of wound healing; cellular defense response; homophilic cell adhesion via plasma membrane adhesion molecules; phagocytosis; wound healing, spreading of epidermal cells; cellular response to low-density lipoprotein particle stimulus; leukocyte cell-cell adhesion; calcium-independent cell-matrix adhesion; positive regulation of apoptotic process; positive regulation of glutamate uptake involved in transmission of nerve impulse; establishment of mitotic spindle orientation; regulation of collagen catabolic process; positive regulation of fibroblast migration; cell projection organization; lamellipodium assembly; B cell differentiation; myoblast differentiation; negative regulation of anoikis; response to muscle activity; modulation of chemical synaptic transmission; basement membrane organization; regulation of synapse pruning","cytoplasm; plasma membrane; membrane; cell projection; melanosome; cleavage furrow; focal adhesion; ruffle membrane; extracellular exosome; synapse; lamellipodium; cell surface; anchoring junction; filopodium; sarcolemma; recycling endosome; ruffle; integrin alpha9-beta1 complex; integrin complex; endosome membrane; receptor complex; membrane raft; integrin alpha10-beta1 complex; perinuclear region of cytoplasm; neuromuscular junction; glial cell projection; integrin alpha1-beta1 complex; integrin alpha2-beta1 complex; integrin alpha3-beta1 complex; integrin alpha4-beta1 complex; integrin alpha5-beta1 complex; integrin alpha8-beta1 complex; integrin alpha11-beta1 complex; cytoplasmic vesicle; Schaffer collateral - CA1 synapse; glutamatergic synapse; external side of plasma membrane; intercalated disc; myelin sheath abaxonal region; dendritic spine; synaptic membrane; integrin alpha7-beta1 complex","protein binding; calcium ion binding; metal ion binding; magnesium ion binding; protein heterodimerization activity; virus receptor activity; protein-containing complex binding; protease binding; cell adhesion molecule binding; protein kinase binding; fibronectin binding; coreceptor activity; cadherin binding; integrin binding; actin binding; collagen binding involved in cell-matrix adhesion; cell adhesion receptor activity; C-X3-C chemokine binding; laminin binding; integrin binding involved in cell-matrix adhesion; protein tyrosine kinase binding; signaling receptor activity","GO:0045766; GO:0051897; GO:0045743; GO:0030335; GO:0007155; GO:0001525; GO:0050793; GO:0007229; GO:0046718; GO:0031623; GO:0023035; GO:0007517; GO:0007520; GO:0007160; GO:0034113; GO:0048333; GO:0031589; GO:0043547; GO:0016477; GO:1903078; GO:0045906; GO:0098609; GO:0030198; GO:0035633; GO:0090303; GO:0006968; GO:0007156; GO:0006909; GO:0035313; GO:0071404; GO:0007159; GO:0007161; GO:0043065; GO:0051951; GO:0000132; GO:0010710; GO:0010763; GO:0030030; GO:0030032; GO:0030183; GO:0045445; GO:2000811; GO:0014850; GO:0050804; GO:0071711; GO:1905806","GO:0005737; GO:0005886; GO:0016020; GO:0042995; GO:0042470; GO:0032154; GO:0005925; GO:0032587; GO:0070062; GO:0045202; GO:0030027; GO:0009986; GO:0070161; GO:0030175; GO:0042383; GO:0055037; GO:0001726; GO:0034679; GO:0008305; GO:0010008; GO:0043235; GO:0045121; GO:0034680; GO:0048471; GO:0031594; GO:0097386; GO:0034665; GO:0034666; GO:0034667; GO:0034668; GO:0034674; GO:0034678; GO:0034681; GO:0031410; GO:0098685; GO:0098978; GO:0009897; GO:0014704; GO:0035748; GO:0043197; GO:0097060; GO:0034677","GO:0005515; GO:0005509; GO:0046872; GO:0000287; GO:0046982; GO:0001618; GO:0044877; GO:0002020; GO:0050839; GO:0019901; GO:0001968; GO:0015026; GO:0045296; GO:0005178; GO:0003779; GO:0098639; GO:0004895; GO:0019960; GO:0043236; GO:0098640; GO:1990782; GO:0038023"
"P06748",4869,"NPM1","NPM1","nucleophosmin 1 [Source:HGNC Symbol;Acc:HGNC:7910]","negative regulation of cell population proliferation; positive regulation of macromolecule metabolic process; signal transduction; negative regulation of apoptotic process; DNA repair; regulation of cell population proliferation; intracellular protein transport; positive regulation of DNA-templated transcription; ribosome biogenesis; positive regulation of transcription by RNA polymerase II; protein localization; positive regulation of cell population proliferation; chromatin remodeling; protein import into nucleus; canonical NF-kappaB signal transduction; nucleocytoplasmic transport; macrophage differentiation; centrosome cycle; nucleosome assembly; ribosomal large subunit export from nucleus; ribosomal small subunit export from nucleus; cellular senescence; positive regulation of cell cycle G2/M phase transition; ribosome assembly; ribosomal large subunit biogenesis; ribosomal small subunit biogenesis; cellular response to UV; regulation of centrosome duplication; negative regulation of centrosome duplication; regulation of centriole replication; positive regulation of protein localization to nucleolus","nucleus; cytoplasm; membrane; nucleoplasm; focal adhesion; nucleolus; centrosome; cytosol; protein-containing complex; ribonucleoprotein complex; protein-DNA complex; granular component; spindle pole centrosome; nuclear speck; large ribosomal subunit; small ribosomal subunit","nucleic acid binding; RNA binding; protein binding; identical protein binding; protein homodimerization activity; histone binding; transcription coactivator activity; protein kinase binding; protein kinase inhibitor activity; chromatin binding; molecular adaptor activity; DNA-binding transcription factor binding; core promoter sequence-specific DNA binding; rRNA binding; ribosomal large subunit binding; ribosomal small subunit binding","GO:0008285; GO:0010604; GO:0007165; GO:0043066; GO:0006281; GO:0042127; GO:0006886; GO:0045893; GO:0042254; GO:0045944; GO:0008104; GO:0008284; GO:0006338; GO:0006606; GO:0007249; GO:0006913; GO:0030225; GO:0007098; GO:0006334; GO:0000055; GO:0000056; GO:0090398; GO:1902751; GO:0042255; GO:0042273; GO:0042274; GO:0034644; GO:0010824; GO:0010826; GO:0046599; GO:1904751","GO:0005634; GO:0005737; GO:0016020; GO:0005654; GO:0005925; GO:0005730; GO:0005813; GO:0005829; GO:0032991; GO:1990904; GO:0032993; GO:0001652; GO:0031616; GO:0016607; GO:0015934; GO:0015935","GO:0003676; GO:0003723; GO:0005515; GO:0042802; GO:0042803; GO:0042393; GO:0003713; GO:0019901; GO:0004860; GO:0003682; GO:0060090; GO:0140297; GO:0001046; GO:0019843; GO:0043023; GO:0043024"
"P06753",7170,"TPM3","TPM3","tropomyosin 3 [Source:HGNC Symbol;Acc:HGNC:12012]","actin filament organization; muscle contraction","cytoskeleton; extracellular exosome; mitochondrion; muscle thin filament tropomyosin; cytosol; actin filament; stress fiber","actin binding; protein binding; actin filament binding","GO:0007015; GO:0006936","GO:0005856; GO:0070062; GO:0005739; GO:0005862; GO:0005829; GO:0005884; GO:0001725","GO:0003779; GO:0005515; GO:0051015"
"P06756",3685,"ITGAV","ITGAV","integrin subunit alpha V [Source:HGNC Symbol;Acc:HGNC:6150]","cell adhesion; positive regulation of cell population proliferation; negative regulation of low-density lipoprotein particle clearance; negative regulation of macrophage derived foam cell differentiation; negative regulation of lipid storage; angiogenesis; calcium ion transmembrane transport; integrin-mediated signaling pathway; negative chemotaxis; tissue development; symbiont entry into host cell; cell-matrix adhesion; heterotypic cell-cell adhesion; formation of primary germ layer; apoptotic cell clearance; cell-substrate adhesion; vasculogenesis; positive regulation of cytosolic calcium ion concentration; cell migration; positive regulation of cell migration; ERK1 and ERK2 cascade; transforming growth factor beta production; extrinsic apoptotic signaling pathway in absence of ligand; cell-cell adhesion; positive regulation of intracellular signal transduction; substrate adhesion-dependent cell spreading; endodermal cell differentiation; positive regulation of cell adhesion; negative regulation of lipid transport; wound healing, spreading of epidermal cells; apolipoprotein A-I-mediated signaling pathway; negative regulation of lipoprotein metabolic process; regulation of phagocytosis; positive regulation of small GTPase mediated signal transduction; entry into host cell by a symbiont-containing vacuole","integrin complex; plasma membrane; membrane; focal adhesion; lamellipodium membrane; filopodium membrane; ruffle membrane; extracellular exosome; cell surface; integrin alphav-beta6 complex; microvillus membrane; integrin alphav-beta3 complex; integrin alphav-beta5 complex; specific granule membrane; external side of plasma membrane; alphav-beta3 integrin-PKCalpha complex; alphav-beta3 integrin-HMGB1 complex; phagocytic vesicle; integrin alphav-beta1 complex; integrin alphav-beta8 complex; alphav-beta3 integrin-IGF-1-IGF1R complex","metal ion binding; protein binding; integrin binding; virus receptor activity; protease binding; fibroblast growth factor binding; fibronectin binding; coreceptor activity; extracellular matrix binding; signaling receptor activity; opsonin binding; protein kinase C binding; signaling receptor binding; C-X3-C chemokine binding; neuregulin binding; insulin-like growth factor I binding; transforming growth factor beta binding","GO:0007155; GO:0008284; GO:0010989; GO:0010745; GO:0010888; GO:0001525; GO:0070588; GO:0007229; GO:0050919; GO:0009888; GO:0046718; GO:0007160; GO:0034113; GO:0001704; GO:0043277; GO:0031589; GO:0001570; GO:0007204; GO:0016477; GO:0030335; GO:0070371; GO:0071604; GO:0097192; GO:0098609; GO:1902533; GO:0034446; GO:0035987; GO:0045785; GO:0032369; GO:0035313; GO:0038027; GO:0050748; GO:0050764; GO:0051057; GO:0085017","GO:0008305; GO:0005886; GO:0016020; GO:0005925; GO:0031258; GO:0031527; GO:0032587; GO:0070062; GO:0009986; GO:0034685; GO:0031528; GO:0034683; GO:0034684; GO:0035579; GO:0009897; GO:0035866; GO:0035868; GO:0045335; GO:0034682; GO:0034686; GO:0035867","GO:0046872; GO:0005515; GO:0005178; GO:0001618; GO:0002020; GO:0017134; GO:0001968; GO:0015026; GO:0050840; GO:0038023; GO:0001846; GO:0005080; GO:0005102; GO:0019960; GO:0038132; GO:0031994; GO:0050431"
"P07203",2876,"GPX1","GPX1","glutathione peroxidase 1 [Source:HGNC Symbol;Acc:HGNC:4553]","response to oxidative stress; cellular response to oxidative stress; epigenetic regulation of gene expression; lipid metabolic process; cellular oxidant detoxification; glutathione metabolic process; arachidonate metabolic process; negative regulation of release of cytochrome c from mitochondria; lipoxygenase pathway; response to hydrogen peroxide; hydrogen peroxide catabolic process; UV protection; response to selenium ion; regulation of mammary gland epithelial cell proliferation; cell redox homeostasis; heart contraction; regulation of proteasomal protein catabolic process; positive regulation of supramolecular fiber organization; response to hormone; response to glucose; response to estradiol; response to vitamin E; response to nicotine; response to folic acid; cellular response to glucose stimulus","cytoplasm; cytosol; mitochondrion; mitochondrial matrix; Lewy body","peroxidase activity; protein binding; oxidoreductase activity; phospholipid-hydroperoxide glutathione peroxidase activity; glutathione peroxidase activity; SH3 domain binding; protein tyrosine kinase binding","GO:0006979; GO:0034599; GO:0040029; GO:0006629; GO:0098869; GO:0006749; GO:0019369; GO:0090201; GO:0019372; GO:0042542; GO:0042744; GO:0009650; GO:0010269; GO:0033599; GO:0045454; GO:0060047; GO:0061136; GO:1902905; GO:0009725; GO:0009749; GO:0032355; GO:0033197; GO:0035094; GO:0051593; GO:0071333","GO:0005737; GO:0005829; GO:0005739; GO:0005759; GO:0097413","GO:0004601; GO:0005515; GO:0016491; GO:0047066; GO:0004602; GO:0017124; GO:1990782"
"P07384",823,"CAPN1","CAPN1","calpain 1 [Source:HGNC Symbol;Acc:HGNC:1476]","proteolysis; regulation of macroautophagy; positive regulation of cell population proliferation; NMDA selective glutamate receptor signaling pathway; regulation of catalytic activity; self proteolysis","cytoplasm; plasma membrane; cytosol; focal adhesion; extracellular exosome; extracellular region; ficolin-1-rich granule lumen; membrane; cornified envelope; mitochondrion; lysosome","calcium ion binding; calcium-dependent cysteine-type endopeptidase activity; hydrolase activity; metal ion binding; protein binding; peptidase activity; cysteine-type peptidase activity","GO:0006508; GO:0016241; GO:0008284; GO:0098989; GO:0050790; GO:0097264","GO:0005737; GO:0005886; GO:0005829; GO:0005925; GO:0070062; GO:0005576; GO:1904813; GO:0016020; GO:0001533; GO:0005739; GO:0005764","GO:0005509; GO:0004198; GO:0016787; GO:0046872; GO:0005515; GO:0008233; GO:0008234"
"P07737",5216,"PFN1","PFN1","profilin 1 [Source:HGNC Symbol;Acc:HGNC:8881]","actin cytoskeleton organization; regulation of actin filament organization; positive regulation of actin filament polymerization; positive regulation of epithelial cell migration; positive regulation of ruffle assembly; regulation of actin filament polymerization; positive regulation of actin filament bundle assembly; negative regulation of actin filament bundle assembly; modulation of chemical synaptic transmission; synapse maturation; modification of postsynaptic actin cytoskeleton","nucleus; cytoplasm; membrane; cytoskeleton; focal adhesion; extracellular exosome; cell cortex; cytosol; blood microparticle; glutamatergic synapse","actin binding; RNA binding; protein binding; phosphotyrosine residue binding; cadherin binding; actin monomer binding; phosphatidylinositol-4,5-bisphosphate binding; proline-rich region binding; adenyl-nucleotide exchange factor activity; small GTPase binding","GO:0030036; GO:0110053; GO:0030838; GO:0010634; GO:1900029; GO:0030833; GO:0032233; GO:0032232; GO:0050804; GO:0060074; GO:0098885","GO:0005634; GO:0005737; GO:0016020; GO:0005856; GO:0005925; GO:0070062; GO:0005938; GO:0005829; GO:0072562; GO:0098978","GO:0003779; GO:0003723; GO:0005515; GO:0001784; GO:0045296; GO:0003785; GO:0005546; GO:0070064; GO:0000774; GO:0031267"
"P07942",3912,"LAMB1","LAMB1","laminin subunit beta 1 [Source:HGNC Symbol;Acc:HGNC:6486]","signal transduction; positive regulation of cell migration; cell adhesion; anatomical structure morphogenesis; neuron projection development; substrate adhesion-dependent cell spreading; regulation of cell adhesion; regulation of cell migration; regulation of embryonic development; positive regulation of skeletal muscle acetylcholine-gated channel clustering; positive regulation of epithelial cell proliferation; endodermal cell differentiation; negative regulation of cell adhesion; neuronal-glial interaction involved in cerebral cortex radial glia guided migration; odontogenesis; positive regulation of cell adhesion; positive regulation of muscle cell differentiation","cytoplasm; extracellular region; extracellular space; perinuclear region of cytoplasm; basement membrane; extracellular exosome; extracellular matrix; laminin-1 complex; laminin-10 complex; endoplasmic reticulum lumen; nucleus; laminin-2 complex; laminin-6 complex; laminin complex; laminin-8 complex; laminin-12 complex","protein binding; structural molecule activity; receptor ligand activity; extracellular matrix structural constituent; integrin binding; enzyme binding; glycosphingolipid binding","GO:0007165; GO:0030335; GO:0007155; GO:0009653; GO:0031175; GO:0034446; GO:0030155; GO:0030334; GO:0045995; GO:1904395; GO:0050679; GO:0035987; GO:0007162; GO:0021812; GO:0042476; GO:0045785; GO:0051149","GO:0005737; GO:0005576; GO:0005615; GO:0048471; GO:0005604; GO:0070062; GO:0031012; GO:0005606; GO:0043259; GO:0005788; GO:0005634; GO:0005607; GO:0005611; GO:0043256; GO:0043257; GO:0043261","GO:0005515; GO:0005198; GO:0048018; GO:0005201; GO:0005178; GO:0019899; GO:0043208"
"P07996",7057,"THBS1","THBS1","thrombospondin 1 [Source:HGNC Symbol;Acc:HGNC:11785]","cell adhesion; positive regulation of blood vessel endothelial cell migration; negative regulation of blood vessel endothelial cell migration; negative regulation of angiogenesis; positive regulation of angiogenesis; negative regulation of cell migration involved in sprouting angiogenesis; positive regulation of cell population proliferation; negative regulation of sprouting angiogenesis; negative regulation of cell population proliferation; positive regulation of endothelial cell migration; negative regulation of endothelial cell proliferation; response to hypoxia; positive regulation of cell migration; negative regulation of fibroblast growth factor receptor signaling pathway; negative regulation of endothelial cell migration; response to glucose; positive regulation of MAPK cascade; negative regulation of cell-matrix adhesion; positive regulation of transforming growth factor beta receptor signaling pathway; positive regulation of translation; positive regulation of fibroblast migration; apoptotic process; negative regulation of apoptotic process; angiogenesis; inflammatory response; positive regulation of chemotaxis; response to xenobiotic stimulus; positive regulation of immune system process; response to unfolded protein; positive regulation of phosphatidylinositol 3-kinase/protein kinase B signal transduction; response to endoplasmic reticulum stress; negative regulation of tumor necrosis factor production; regulation of cell-substrate adhesion; blood vessel morphogenesis; negative regulation of interleukin-12 production; positive regulation of tumor necrosis factor production; positive regulation of reactive oxygen species metabolic process; negative regulation of interleukin-10 production; positive regulation of phosphorylation; sprouting angiogenesis; cell migration; negative regulation of focal adhesion assembly; immune response; chronic inflammatory response; positive regulation of macrophage activation; negative regulation of fibrinolysis; nitric oxide-cGMP-mediated signaling; positive regulation of smooth muscle cell proliferation; response to progesterone; response to calcium ion; blood coagulation, fibrin clot formation; negative regulation of plasminogen activation; negative regulation of nitric oxide mediated signal transduction; negative regulation of antigen processing and presentation of peptide or polysaccharide antigen via MHC class II; negative regulation of dendritic cell antigen processing and presentation; response to mechanical stimulus; negative regulation of long-chain fatty acid import across plasma membrane; negative regulation of cGMP-mediated signaling; positive regulation of macrophage chemotaxis; response to magnesium ion; positive regulation of transforming growth factor beta1 production; response to testosterone; cellular response to heat; engulfment of apoptotic cell; behavioral response to pain; cellular response to tumor necrosis factor; cellular response to growth factor stimulus; positive regulation of transforming growth factor beta production","extracellular region; extracellular space; endoplasmic reticulum; extracellular exosome; extracellular matrix; cell surface; sarcoplasmic reticulum; external side of plasma membrane; endoplasmic reticulum lumen; platelet alpha granule lumen; fibrinogen complex; secretory granule; thrombospondin complex","protein binding; calcium ion binding; heparin binding; fibronectin binding; extracellular matrix binding; phosphatidylserine binding; protein homodimerization activity; extracellular matrix structural constituent; fibroblast growth factor binding; protease binding; endopeptidase inhibitor activity; low-density lipoprotein particle binding; integrin binding; transforming growth factor beta binding; proteoglycan binding; laminin binding; fibrinogen binding; collagen V binding","GO:0007155; GO:0043536; GO:0043537; GO:0016525; GO:0045766; GO:0090051; GO:0008284; GO:1903671; GO:0008285; GO:0010595; GO:0001937; GO:0001666; GO:0030335; GO:0040037; GO:0010596; GO:0009749; GO:0043410; GO:0001953; GO:0030511; GO:0045727; GO:0010763; GO:0006915; GO:0043066; GO:0001525; GO:0006954; GO:0050921; GO:0009410; GO:0002684; GO:0006986; GO:0051897; GO:0034976; GO:0032720; GO:0010810; GO:0048514; GO:0032695; GO:0032760; GO:2000379; GO:0032693; GO:0042327; GO:0002040; GO:0016477; GO:0051895; GO:0006955; GO:0002544; GO:0043032; GO:0051918; GO:0038060; GO:0048661; GO:0032570; GO:0051592; GO:0072378; GO:0010757; GO:0010751; GO:0002581; GO:0002605; GO:0009612; GO:0010748; GO:0010754; GO:0010759; GO:0032026; GO:0032914; GO:0033574; GO:0034605; GO:0043652; GO:0048266; GO:0071356; GO:0071363; GO:0071636","GO:0005576; GO:0005615; GO:0005783; GO:0070062; GO:0031012; GO:0009986; GO:0016529; GO:0009897; GO:0005788; GO:0031093; GO:0005577; GO:0030141; GO:1990341","GO:0005515; GO:0005509; GO:0008201; GO:0001968; GO:0050840; GO:0001786; GO:0042803; GO:0005201; GO:0017134; GO:0002020; GO:0004866; GO:0030169; GO:0005178; GO:0050431; GO:0043394; GO:0043236; GO:0070051; GO:0070052"
"P08134",389,"RHOC","RHOC","ras homolog family member C [Source:HGNC Symbol;Acc:HGNC:669]","small GTPase-mediated signal transduction; positive regulation of cell migration; mitotic cytokinesis; wound healing, spreading of cells; positive regulation of canonical NF-kappaB signal transduction; signal transduction; regulation of actin cytoskeleton organization; actin filament organization; cell migration; positive regulation of protein-containing complex assembly; apical junction assembly; positive regulation of lipase activity","plasma membrane; cleavage furrow; extracellular exosome; stereocilium; cytosol; endoplasmic reticulum membrane; nucleus; membrane","GTPase activity; GTP binding; nucleotide binding; protein binding; protein kinase binding","GO:0007264; GO:0030335; GO:0000281; GO:0044319; GO:0043123; GO:0007165; GO:0032956; GO:0007015; GO:0016477; GO:0031334; GO:0043297; GO:0060193","GO:0005886; GO:0032154; GO:0070062; GO:0032420; GO:0005829; GO:0005789; GO:0005634; GO:0016020","GO:0003924; GO:0005525; GO:0000166; GO:0005515; GO:0019901"
"P08195",6520,"SLC3A2","SLC3A2","solute carrier family 3 member 2 [Source:HGNC Symbol;Acc:HGNC:11026]","carbohydrate metabolic process; amino acid transport; calcium ion transport; L-leucine transport; symbiont entry into host cell; phenylalanine transport; tryptophan transport; response to exogenous dsRNA; isoleucine transport; thyroid hormone transport; methionine transport; proline transport; tyrosine transport; valine transport; amino acid import across plasma membrane; transport across blood-brain barrier; L-histidine transport","plasma membrane; membrane; melanosome; apical plasma membrane; extracellular exosome; cell surface; basolateral plasma membrane; lysosomal membrane; anchoring junction; basal plasma membrane; amino acid transport complex; synapse; neuronal cell body; apical pole of neuron","RNA binding; protein binding; protein heterodimerization activity; virus receptor activity; cadherin binding; double-stranded RNA binding; exogenous protein binding; aromatic amino acid transmembrane transporter activity; neutral L-amino acid transmembrane transporter activity; protein homodimerization activity","GO:0005975; GO:0006865; GO:0006816; GO:0015820; GO:0046718; GO:0015823; GO:0015827; GO:0043330; GO:0015818; GO:0070327; GO:0015821; GO:0015824; GO:0015828; GO:0015829; GO:0089718; GO:0150104; GO:1902024","GO:0005886; GO:0016020; GO:0042470; GO:0016324; GO:0070062; GO:0009986; GO:0016323; GO:0005765; GO:0070161; GO:0009925; GO:1990184; GO:0045202; GO:0043025; GO:0044225","GO:0003723; GO:0005515; GO:0046982; GO:0001618; GO:0045296; GO:0003725; GO:0140272; GO:0015173; GO:0015175; GO:0042803"
"P08238",3326,"HSP90AB1","HSP90AB1","heat shock protein 90 alpha family class B member 1 [Source:HGNC Symbol;Acc:HGNC:5258]","protein folding; negative regulation of proteasomal protein catabolic process; telomere maintenance via telomerase; regulation of cell cycle; response to unfolded protein; positive regulation of cell differentiation; positive regulation of transforming growth factor beta receptor signaling pathway; negative regulation of proteasomal ubiquitin-dependent protein catabolic process; positive regulation of nitric oxide biosynthetic process; regulation of protein ubiquitination; cellular response to heat; regulation of protein localization; virion attachment to host cell; supramolecular fiber organization","neuronal cell body; nucleus; cytoplasm; extracellular region; plasma membrane; membrane; cytosol; melanosome; mitochondrion; extracellular exosome; cell surface; COP9 signalosome; protein-containing complex; ficolin-1-rich granule lumen; secretory granule lumen; nucleoplasm; perinuclear region of cytoplasm; axonal growth cone; protein folding chaperone complex; dendritic growth cone; aryl hydrocarbon receptor complex","ATP binding; ATP hydrolysis activity; DNA polymerase binding; nucleotide binding; RNA binding; protein binding; identical protein binding; kinase binding; heat shock protein binding; histone deacetylase binding; protein phosphatase activator activity; protein dimerization activity; histone methyltransferase binding; cadherin binding; disordered domain specific binding; TPR domain binding; tau protein binding; peptide binding; double-stranded RNA binding; nitric-oxide synthase regulator activity; MHC class II protein complex binding; protein homodimerization activity; ubiquitin protein ligase binding; ATP-dependent protein binding; protein folding chaperone; protein kinase regulator activity; protein kinase binding","GO:0006457; GO:1901799; GO:0007004; GO:0051726; GO:0006986; GO:0045597; GO:0030511; GO:0032435; GO:0045429; GO:0031396; GO:0034605; GO:0032880; GO:0019062; GO:0097435","GO:0043025; GO:0005634; GO:0005737; GO:0005576; GO:0005886; GO:0016020; GO:0005829; GO:0042470; GO:0005739; GO:0070062; GO:0009986; GO:0008180; GO:0032991; GO:1904813; GO:0034774; GO:0005654; GO:0048471; GO:0044295; GO:0101031; GO:0044294; GO:0034751","GO:0005524; GO:0016887; GO:0070182; GO:0000166; GO:0003723; GO:0005515; GO:0042802; GO:0019900; GO:0031072; GO:0042826; GO:0072542; GO:0046983; GO:1990226; GO:0045296; GO:0097718; GO:0030911; GO:0048156; GO:0042277; GO:0003725; GO:0030235; GO:0023026; GO:0042803; GO:0031625; GO:0043008; GO:0044183; GO:0019887; GO:0019901"
"P08582",4241,"MELTF","MELTF","melanotransferrin [Source:HGNC Symbol;Acc:HGNC:7037]","monoatomic ion transport; iron ion transport; positive regulation of extracellular matrix disassembly; negative regulation of substrate adhesion-dependent cell spreading; positive regulation of plasminogen activation","extracellular region; extracellular space; plasma membrane; extracellular exosome; cell surface; side of membrane; early endosome; recycling endosome; endoplasmic reticulum lumen","metal ion binding; protein binding; iron ion binding","GO:0006811; GO:0006826; GO:0090091; GO:1900025; GO:0010756","GO:0005576; GO:0005615; GO:0005886; GO:0070062; GO:0009986; GO:0098552; GO:0005769; GO:0055037; GO:0005788","GO:0046872; GO:0005515; GO:0005506"
"P08648",3678,"ITGA5","ITGA5","integrin subunit alpha 5 [Source:HGNC Symbol;Acc:HGNC:6141]","cell adhesion; positive regulation of vascular endothelial growth factor receptor signaling pathway; positive regulation of sprouting angiogenesis; integrin-mediated signaling pathway; symbiont entry into host cell; tissue development; CD40 signaling pathway; cell-cell adhesion; heterotypic cell-cell adhesion; formation of primary germ layer; cell-substrate adhesion; angiogenesis; wound healing, spreading of epidermal cells; cell-matrix adhesion; regulation of angiogenesis; endodermal cell differentiation; negative regulation of anoikis; female pregnancy; positive regulation of cell-substrate adhesion; response to muscle activity; positive regulation of cell migration","integrin complex; plasma membrane; focal adhesion; cell surface; cell junction; ruffle; cell-cell junction; ruffle membrane; alphav-beta3 integrin-vitronectin complex; integrin alpha5-beta1 complex; postsynaptic membrane; glutamatergic synapse; endoplasmic reticulum; Golgi apparatus; external side of plasma membrane; cytoplasmic vesicle; synapse","protein binding; signaling receptor binding; calcium ion binding; metal ion binding; virus receptor activity; signaling receptor activity; vascular endothelial growth factor receptor 2 binding; platelet-derived growth factor receptor binding; epidermal growth factor receptor binding; integrin binding; cell adhesion molecule binding","GO:0007155; GO:0030949; GO:1903672; GO:0007229; GO:0046718; GO:0009888; GO:0023035; GO:0098609; GO:0034113; GO:0001704; GO:0031589; GO:0001525; GO:0035313; GO:0007160; GO:0045765; GO:0035987; GO:2000811; GO:0007565; GO:0010811; GO:0014850; GO:0030335","GO:0008305; GO:0005886; GO:0005925; GO:0009986; GO:0030054; GO:0001726; GO:0005911; GO:0032587; GO:0071062; GO:0034674; GO:0045211; GO:0098978; GO:0005783; GO:0005794; GO:0009897; GO:0031410; GO:0045202","GO:0005515; GO:0005102; GO:0005509; GO:0046872; GO:0001618; GO:0038023; GO:0043184; GO:0005161; GO:0005154; GO:0005178; GO:0050839"
"P08670",7431,"VIM","VIM","vimentin [Source:HGNC Symbol;Acc:HGNC:12692]","intermediate filament organization; cellular response to lipopolysaccharide; cellular response to muramyl dipeptide; positive regulation of protein localization; regulation of mRNA stability; positive regulation of axon extension; positive regulation of collagen biosynthetic process; positive regulation of gene expression","intermediate filament; cytoplasm; plasma membrane; cytosol; cytoskeleton; focal adhesion; peroxisome; extracellular exosome; axon; nuclear matrix; intermediate filament cytoskeleton; microtubule organizing center; cell leading edge; neuron projection; phagocytic vesicle","protein binding; identical protein binding; structural constituent of cytoskeleton; protein domain specific binding; scaffold protein binding; molecular adaptor activity; double-stranded RNA binding; RNA binding; structural constituent of eye lens; keratin filament binding","GO:0045109; GO:0071222; GO:0071225; GO:1903829; GO:0043488; GO:0045773; GO:0032967; GO:0010628","GO:0005882; GO:0005737; GO:0005886; GO:0005829; GO:0005856; GO:0005925; GO:0005777; GO:0070062; GO:0030424; GO:0016363; GO:0045111; GO:0005815; GO:0031252; GO:0043005; GO:0045335","GO:0005515; GO:0042802; GO:0005200; GO:0019904; GO:0097110; GO:0060090; GO:0003725; GO:0003723; GO:0005212; GO:1990254"
"P08758",308,"ANXA5","ANXA5","annexin A5 [Source:HGNC Symbol;Acc:HGNC:543]","negative regulation of coagulation; signal transduction; negative regulation of apoptotic process; blood coagulation; hemostasis","cytoplasm; membrane; focal adhesion; extracellular exosome; extracellular region; cytosol; extracellular matrix; sarcolemma; vesicle membrane; external side of plasma membrane; endothelial microparticle","calcium ion binding; calcium-dependent phospholipid binding; protein binding; phosphatidylserine binding; phospholipid binding; phospholipase inhibitor activity","GO:0050819; GO:0007165; GO:0043066; GO:0007596; GO:0007599","GO:0005737; GO:0016020; GO:0005925; GO:0070062; GO:0005576; GO:0005829; GO:0031012; GO:0042383; GO:0012506; GO:0009897; GO:0072563","GO:0005509; GO:0005544; GO:0005515; GO:0001786; GO:0005543; GO:0004859"
"P09211",2950,"GSTP1","GSTP1","glutathione S-transferase pi 1 [Source:HGNC Symbol;Acc:HGNC:4638]","negative regulation of canonical NF-kappaB signal transduction; cellular response to lipopolysaccharide; negative regulation of ERK1 and ERK2 cascade; negative regulation of MAPK cascade; negative regulation of transcription by RNA polymerase II; negative regulation of JNK cascade; negative regulation of tumor necrosis factor-mediated signaling pathway; regulation of ERK1 and ERK2 cascade; negative regulation of fibroblast proliferation; lipid metabolic process; negative regulation of apoptotic process; prostaglandin metabolic process; cellular oxidant detoxification; xenobiotic metabolic process; glutathione metabolic process; negative regulation of tumor necrosis factor production; central nervous system development; negative regulation of interleukin-1 beta production; positive regulation of superoxide anion generation; negative regulation of acute inflammatory response; linoleic acid metabolic process; glutathione derivative biosynthetic process; response to reactive oxygen species; response to toxic substance; oligodendrocyte development; animal organ regeneration; response to nutrient levels; response to estradiol; cellular response to insulin stimulus; regulation of stress-activated MAPK cascade; negative regulation of stress-activated MAPK cascade; response to L-ascorbic acid; common myeloid progenitor cell proliferation; nitric oxide storage; response to amino acid; response to ethanol; negative regulation of leukocyte proliferation; cellular response to epidermal growth factor stimulus; cellular response to glucocorticoid stimulus; cellular response to cell-matrix adhesion; negative regulation of smooth muscle cell chemotaxis; negative regulation of vascular associated smooth muscle cell proliferation","nucleus; cytoplasm; extracellular space; cytosol; mitochondrion; extracellular exosome; vesicle; extracellular region; secretory granule lumen; ficolin-1-rich granule lumen; TRAF2-GSTP1 complex","glutathione transferase activity; protein binding; transferase activity; protein serine/threonine kinase inhibitor activity; glutathione peroxidase activity; fatty acid binding; JUN kinase binding; toxic substance binding; protein kinase binding; S-nitrosoglutathione binding; dinitrosyl-iron complex binding; nitric oxide binding","GO:0043124; GO:0071222; GO:0070373; GO:0043409; GO:0000122; GO:0046329; GO:0010804; GO:0070372; GO:0048147; GO:0006629; GO:0043066; GO:0006693; GO:0098869; GO:0006805; GO:0006749; GO:0032720; GO:0007417; GO:0032691; GO:0032930; GO:0002674; GO:0043651; GO:1901687; GO:0000302; GO:0009636; GO:0014003; GO:0031100; GO:0031667; GO:0032355; GO:0032869; GO:0032872; GO:0032873; GO:0033591; GO:0035726; GO:0035732; GO:0043200; GO:0045471; GO:0070664; GO:0071364; GO:0071385; GO:0071460; GO:0071672; GO:1904706","GO:0005634; GO:0005737; GO:0005615; GO:0005829; GO:0005739; GO:0070062; GO:0031982; GO:0005576; GO:0034774; GO:1904813; GO:0097057","GO:0004364; GO:0005515; GO:0016740; GO:0030291; GO:0004602; GO:0005504; GO:0008432; GO:0015643; GO:0019901; GO:0035730; GO:0035731; GO:0070026"
"P09382",3956,"LGALS1","LGALS1","galectin 1 [Source:HGNC Symbol;Acc:HGNC:6561]","signal transduction; apoptotic process; positive regulation of canonical NF-kappaB signal transduction; regulation of apoptotic process; positive regulation of viral entry into host cell; positive regulation of apoptotic process; positive regulation of inflammatory response; cell-cell adhesion","extracellular space; cytoplasm; extracellular region; plasma membrane; cytosol; extracellular exosome; extracellular matrix; endoplasmic reticulum lumen","carbohydrate binding; RNA binding; protein binding; receptor ligand activity; laminin binding; lactose binding","GO:0007165; GO:0006915; GO:0043123; GO:0042981; GO:0046598; GO:0043065; GO:0050729; GO:0098609","GO:0005615; GO:0005737; GO:0005576; GO:0005886; GO:0005829; GO:0070062; GO:0031012; GO:0005788","GO:0030246; GO:0003723; GO:0005515; GO:0048018; GO:0043236; GO:0030395"
"P09496",1211,"CLTA","CLTA","clathrin light chain A [Source:HGNC Symbol;Acc:HGNC:2090]","intracellular protein transport; vesicle-mediated transport; cell division; chromosome segregation; clathrin-dependent endocytosis; mitotic cell cycle; mitotic spindle organization; clathrin coat assembly; clathrin coat disassembly; endocytosis; synaptic vesicle endocytosis","clathrin coat of trans-Golgi network vesicle; clathrin coat of coated pit; membrane; plasma membrane; cytoplasmic vesicle; spindle; lysosome; endosome; clathrin-coated pit; cytoplasmic vesicle membrane; synaptic vesicle membrane; cytosol; trans-Golgi network membrane; endolysosome membrane; kinetochore microtubule; clathrin-coated endocytic vesicle; clathrin vesicle coat; clathrin coat; clathrin complex; presynaptic endocytic zone membrane; postsynaptic endocytic zone; clathrin-coated vesicle","structural molecule activity; protein binding; clathrin heavy chain binding; peptide binding; protein-containing complex binding; GTPase binding","GO:0006886; GO:0016192; GO:0051301; GO:0007059; GO:0072583; GO:0000278; GO:0007052; GO:0048268; GO:0072318; GO:0006897; GO:0048488","GO:0030130; GO:0030132; GO:0016020; GO:0005886; GO:0031410; GO:0005819; GO:0005764; GO:0005768; GO:0005905; GO:0030659; GO:0030672; GO:0005829; GO:0032588; GO:0036020; GO:0005828; GO:0045334; GO:0030125; GO:0030118; GO:0071439; GO:0098835; GO:0098843; GO:0030136","GO:0005198; GO:0005515; GO:0032050; GO:0042277; GO:0044877; GO:0051020"
"P10301",6237,"RRAS","RRAS","RAS related [Source:HGNC Symbol;Acc:HGNC:10447]","signal transduction; positive regulation of angiogenesis; face morphogenesis; Ras protein signal transduction; regulation of phosphatidylinositol 3-kinase/protein kinase B signal transduction; establishment or maintenance of cell polarity; regulation of ERK1 and ERK2 cascade; leukocyte differentiation; positive regulation of endothelial cell migration","membrane; plasma membrane; focal adhesion; extracellular exosome","GTPase activity; GTP binding; nucleotide binding; hydrolase activity; protein binding; G protein activity; GDP binding; protein-containing complex binding","GO:0007165; GO:0045766; GO:0060325; GO:0007265; GO:0051896; GO:0007163; GO:0070372; GO:0002521; GO:0010595","GO:0016020; GO:0005886; GO:0005925; GO:0070062","GO:0003924; GO:0005525; GO:0000166; GO:0016787; GO:0005515; GO:0003925; GO:0019003; GO:0044877"
"P10599",7295,"TXN","TXN","thioredoxin [Source:HGNC Symbol;Acc:HGNC:12435]","cell redox homeostasis; response to radiation; cellular homeostasis; positive regulation of phosphatidylinositol 3-kinase/protein kinase B signal transduction; positive regulation of DNA binding; cellular detoxification of hydrogen peroxide; response to nitric oxide","nucleus; cytoplasm; extracellular region; cytosol; nucleoplasm; extracellular exosome","protein-disulfide reductase activity; RNA binding; protein binding; protein homodimerization activity; protein-disulfide reductase [NAD(P)H] activity; thioredoxin-disulfide reductase (NADPH) activity","GO:0045454; GO:0009314; GO:0019725; GO:0051897; GO:0043388; GO:0061692; GO:0071731","GO:0005634; GO:0005737; GO:0005576; GO:0005829; GO:0005654; GO:0070062","GO:0015035; GO:0003723; GO:0005515; GO:0042803; GO:0047134; GO:0004791"
"P11021",3309,"HSPA5","HSPA5","heat shock protein family A (Hsp70) member 5 [Source:HGNC Symbol;Acc:HGNC:5238]","positive regulation of cell migration; negative regulation of apoptotic process; protein folding; maintenance of protein localization in endoplasmic reticulum; substantia nigra development; ERAD pathway; negative regulation of protein-containing complex assembly; protein refolding; positive regulation of transcription by RNA polymerase II; cellular response to glucose starvation; response to endoplasmic reticulum stress; cerebellum structural organization; cerebellar Purkinje cell layer development; post-translational protein targeting to membrane, translocation; positive regulation of protein ubiquitination; protein folding in endoplasmic reticulum; positive regulation of protein catabolic process; regulation of protein folding in endoplasmic reticulum","nucleus; cytoplasm; membrane; melanosome; endoplasmic reticulum lumen; mitochondrion; cytosol; focal adhesion; endoplasmic reticulum; extracellular exosome; cell surface; COP9 signalosome; midbody; protein-containing complex; endoplasmic reticulum-Golgi intermediate compartment; endoplasmic reticulum membrane; intracellular membrane-bounded organelle; plasma membrane; endoplasmic reticulum chaperone complex","ATP binding; ATP hydrolysis activity; nucleotide binding; hydrolase activity; enzyme binding; calcium ion binding; protein binding; ubiquitin protein ligase binding; protein domain specific binding; cadherin binding; protein serine/threonine kinase inhibitor activity; protein sequestering activity; protein-folding chaperone binding; protein folding chaperone; heat shock protein binding; misfolded protein binding; ribosome binding","GO:0030335; GO:0043066; GO:0006457; GO:0035437; GO:0021762; GO:0036503; GO:0031333; GO:0042026; GO:0045944; GO:0042149; GO:0034976; GO:0021589; GO:0021680; GO:0031204; GO:0031398; GO:0034975; GO:0045732; GO:0060904","GO:0005634; GO:0005737; GO:0016020; GO:0042470; GO:0005788; GO:0005739; GO:0005829; GO:0005925; GO:0005783; GO:0070062; GO:0009986; GO:0008180; GO:0030496; GO:0032991; GO:0005793; GO:0005789; GO:0043231; GO:0005886; GO:0034663","GO:0005524; GO:0016887; GO:0000166; GO:0016787; GO:0019899; GO:0005509; GO:0005515; GO:0031625; GO:0019904; GO:0045296; GO:0030291; GO:0140311; GO:0051087; GO:0044183; GO:0031072; GO:0051787; GO:0043022"
"P11047",3915,"LAMC1","LAMC1","laminin subunit gamma 1 [Source:HGNC Symbol;Acc:HGNC:6492]","signal transduction; cell adhesion; tissue development; substrate adhesion-dependent cell spreading; maintenance of blood-brain barrier; cell migration; regulation of cell adhesion; regulation of cell migration; regulation of embryonic development; endoderm development; protein-containing complex assembly; positive regulation of skeletal muscle acetylcholine-gated channel clustering; positive regulation of epithelial cell proliferation; positive regulation of cell adhesion; positive regulation of muscle cell differentiation; extracellular matrix disassembly; hemidesmosome assembly","extracellular region; extracellular space; basement membrane; extracellular exosome; extracellular matrix; laminin-1 complex; laminin-10 complex; endoplasmic reticulum lumen; laminin-11 complex; laminin-2 complex; laminin-6 complex; laminin-8 complex; laminin-3 complex; laminin-4 complex; laminin-7 complex; laminin-9 complex","receptor ligand activity; extracellular matrix structural constituent; extracellular matrix constituent conferring elasticity","GO:0007165; GO:0007155; GO:0009888; GO:0034446; GO:0035633; GO:0016477; GO:0030155; GO:0030334; GO:0045995; GO:0007492; GO:0065003; GO:1904395; GO:0050679; GO:0045785; GO:0051149; GO:0022617; GO:0031581","GO:0005576; GO:0005615; GO:0005604; GO:0070062; GO:0031012; GO:0005606; GO:0043259; GO:0005788; GO:0043260; GO:0005607; GO:0005611; GO:0043257; GO:0005608; GO:0005609; GO:0005612; GO:0043258","GO:0048018; GO:0005201; GO:0030023"
"P11233",5898,"RALA","RALA","RAS like proto-oncogene A [Source:HGNC Symbol;Acc:HGNC:9839]","signal transduction; regulation of actin cytoskeleton organization; positive regulation of epidermal growth factor receptor signaling pathway; cell division; exocytosis; regulation of exocytosis; receptor internalization; positive regulation of mitochondrial fission; Ras protein signal transduction; protein localization to mitochondrion; chemotaxis; neural tube closure; membrane raft localization; regulation of postsynaptic neurotransmitter receptor internalization","membrane; plasma membrane; mitochondrion; cleavage furrow; focal adhesion; extracellular exosome; cell surface; Flemming body; endocytic vesicle; cytoplasmic vesicle membrane; synaptic membrane; Schaffer collateral - CA1 synapse","GTPase activity; GTP binding; protein binding; nucleotide binding; hydrolase activity; G protein activity; ubiquitin protein ligase binding; myosin binding; GDP binding; Edg-2 lysophosphatidic acid receptor binding","GO:0007165; GO:0032956; GO:0045742; GO:0051301; GO:0006887; GO:0017157; GO:0031623; GO:0090141; GO:0007265; GO:0070585; GO:0006935; GO:0001843; GO:0051665; GO:0099149","GO:0016020; GO:0005886; GO:0005739; GO:0032154; GO:0005925; GO:0070062; GO:0009986; GO:0090543; GO:0030139; GO:0030659; GO:0097060; GO:0098685","GO:0003924; GO:0005525; GO:0005515; GO:0000166; GO:0016787; GO:0003925; GO:0031625; GO:0017022; GO:0019003; GO:0031755"
"P13726",2152,"F3","F3","coagulation factor III, tissue factor [Source:HGNC Symbol;Acc:HGNC:3541]","blood coagulation; positive regulation of angiogenesis; positive regulation of cell migration; positive regulation of gene expression; positive regulation of platelet-derived growth factor receptor signaling pathway; positive regulation of TOR signaling; response to stress; hemostasis; cytokine-mediated signaling pathway; positive regulation of endothelial cell proliferation; positive regulation of interleukin-8 production; protein processing; positive regulation of positive chemotaxis; activation of plasma proteins involved in acute inflammatory response; activation of blood coagulation via clotting cascade","membrane; extracellular space; extracellular region; cell surface; plasma membrane; extracellular matrix; external side of plasma membrane; serine-type peptidase complex","protein binding; protease binding; cytokine receptor activity; phospholipid binding; serine-type endopeptidase activity","GO:0007596; GO:0045766; GO:0030335; GO:0010628; GO:0010641; GO:0032008; GO:0006950; GO:0007599; GO:0019221; GO:0001938; GO:0032757; GO:0016485; GO:0050927; GO:0002541; GO:0002543","GO:0016020; GO:0005615; GO:0005576; GO:0009986; GO:0005886; GO:0031012; GO:0009897; GO:1905286","GO:0005515; GO:0002020; GO:0004896; GO:0005543; GO:0004252"
"P14625",7184,"HSP90B1","HSP90B1","heat shock protein 90 beta family member 1 [Source:HGNC Symbol;Acc:HGNC:12028]","protein folding; negative regulation of apoptotic process; response to hypoxia; protein transport; ERAD pathway; positive regulation of Wnt signaling pathway; protein localization to plasma membrane; response to endoplasmic reticulum stress; positive regulation of toll-like receptor signaling pathway; protein folding in endoplasmic reticulum; actin rod assembly; cellular response to ATP; cellular response to manganese ion","nucleus; membrane; endoplasmic reticulum; melanosome; endoplasmic reticulum lumen; cytosol; focal adhesion; endoplasmic reticulum membrane; perinuclear region of cytoplasm; extracellular exosome; midbody; extracellular region; protein-containing complex; sarcoplasmic reticulum lumen; endocytic vesicle lumen; smooth endoplasmic reticulum; plasma membrane; endoplasmic reticulum chaperone complex","ATP binding; ATP hydrolysis activity; nucleotide binding; RNA binding; hydrolase activity; calcium ion binding; protein binding; protein folding chaperone; protein phosphatase inhibitor activity; protein phosphatase binding; AP-3 adaptor complex binding","GO:0006457; GO:0043066; GO:0001666; GO:0015031; GO:0036503; GO:0030177; GO:0072659; GO:0034976; GO:0034123; GO:0034975; GO:0031247; GO:0071318; GO:0071287","GO:0005634; GO:0016020; GO:0005783; GO:0042470; GO:0005788; GO:0005829; GO:0005925; GO:0005789; GO:0048471; GO:0070062; GO:0030496; GO:0005576; GO:0032991; GO:0033018; GO:0071682; GO:0005790; GO:0005886; GO:0034663","GO:0005524; GO:0016887; GO:0000166; GO:0003723; GO:0016787; GO:0005509; GO:0005515; GO:0044183; GO:0004864; GO:0019903; GO:0035651"
"P14923",3728,"JUP","JUP","junction plakoglobin [Source:HGNC Symbol;Acc:HGNC:6207]","cell adhesion; negative regulation of blood vessel endothelial cell migration; positive regulation of angiogenesis; positive regulation of canonical Wnt signaling pathway; cell-cell adhesion; detection of mechanical stimulus; cellular response to indole-3-methanol; protein localization to plasma membrane; positive regulation of transcription by RNA polymerase II; positive regulation of axon extension; desmosome assembly; canonical Wnt signaling pathway; positive regulation of cell-matrix adhesion; regulation of cell population proliferation; cell migration; regulation of heart rate by cardiac conduction; positive regulation of protein import into nucleus; bundle of His cell-Purkinje myocyte adhesion involved in cell communication; regulation of ventricular cardiac muscle cell action potential; positive regulation of protein localization","cytoplasm; nucleus; plasma membrane; membrane; cytoskeleton; focal adhesion; cell junction; extracellular exosome; axon; anchoring junction; extracellular region; cell-cell junction; adherens junction; catenin-TCF7L2 complex; desmosome; cytosol; ficolin-1-rich granule lumen; specific granule lumen; cytoplasmic side of plasma membrane; cornified envelope; intercalated disc; catenin complex; zonula adherens; protein-DNA complex; gamma-catenin-TCF7L2 complex; intermediate filament; Z disc","protein binding; cadherin binding; protein phosphatase binding; transcription coactivator activity; nuclear receptor binding; cell adhesion molecule binding; structural molecule activity; alpha-catenin binding; cell adhesive protein binding involved in bundle of His cell-Purkinje myocyte communication; cytoskeletal protein-membrane anchor activity","GO:0007155; GO:0043537; GO:0045766; GO:0090263; GO:0098609; GO:0050982; GO:0071681; GO:0072659; GO:0045944; GO:0045773; GO:0002159; GO:0060070; GO:0001954; GO:0042127; GO:0016477; GO:0086091; GO:0042307; GO:0086073; GO:0098911; GO:1903829","GO:0005737; GO:0005634; GO:0005886; GO:0016020; GO:0005856; GO:0005925; GO:0030054; GO:0070062; GO:0030424; GO:0070161; GO:0005576; GO:0005911; GO:0005912; GO:0071664; GO:0030057; GO:0005829; GO:1904813; GO:0035580; GO:0009898; GO:0001533; GO:0014704; GO:0016342; GO:0005915; GO:0032993; GO:0071665; GO:0005882; GO:0030018","GO:0005515; GO:0045296; GO:0019903; GO:0003713; GO:0016922; GO:0050839; GO:0005198; GO:0045294; GO:0086083; GO:0106006"
"P15151",5817,"PVR","PVR","PVR cell adhesion molecule [Source:HGNC Symbol;Acc:HGNC:9705]","signal transduction; cell adhesion; symbiont entry into host cell; positive regulation of natural killer cell mediated cytotoxicity directed against tumor cell target; natural killer cell mediated cytotoxicity; susceptibility to natural killer cell mediated cytotoxicity; negative regulation of natural killer cell mediated cytotoxicity; susceptibility to T cell mediated cytotoxicity; homophilic cell adhesion via plasma membrane adhesion molecules; heterophilic cell-cell adhesion via plasma membrane cell adhesion molecules; positive regulation of natural killer cell mediated cytotoxicity","extracellular region; plasma membrane; focal adhesion; adherens junction; cell surface; membrane; cytoplasm; extracellular space","protein binding; receptor ligand activity; virus receptor activity; cell adhesion molecule binding; signaling receptor activity; cell adhesion mediator activity","GO:0007165; GO:0007155; GO:0046718; GO:0002860; GO:0042267; GO:0042271; GO:0045953; GO:0060370; GO:0007156; GO:0007157; GO:0045954","GO:0005576; GO:0005886; GO:0005925; GO:0005912; GO:0009986; GO:0016020; GO:0005737; GO:0005615","GO:0005515; GO:0048018; GO:0001618; GO:0050839; GO:0038023; GO:0098631"
"P15153",5880,"RAC2","RAC2","Rac family small GTPase 2 [Source:HGNC Symbol;Acc:HGNC:9802]","small GTPase-mediated signal transduction; actin filament organization; signal transduction; regulation of actin cytoskeleton organization; regulation of cell-substrate adhesion; regulation of cell shape; positive regulation of lamellipodium assembly; establishment or maintenance of cell polarity; positive regulation of establishment of protein localization to mitochondrion; cortical cytoskeleton organization; superoxide anion generation; respiratory burst; chemotaxis; regulation of hydrogen peroxide metabolic process; actin cytoskeleton organization; regulation of T cell proliferation; regulation of mast cell degranulation; bone resorption; regulation of respiratory burst; regulation of mast cell chemotaxis; lymphocyte aggregation; positive regulation of neutrophil chemotaxis; regulation of neutrophil migration","cytoplasm; cytosol; focal adhesion; extracellular exosome; lamellipodium; plasma membrane; NADPH oxidase complex; actin filament; cytoskeleton; endoplasmic reticulum membrane; cytoplasmic vesicle; phagocytic vesicle membrane; mitochondrial outer membrane; nuclear envelope; membrane","GTPase activity; GTP binding; nucleotide binding; hydrolase activity; protein binding; G protein activity; protein kinase binding; protein kinase regulator activity","GO:0007264; GO:0007015; GO:0007165; GO:0032956; GO:0010810; GO:0008360; GO:0010592; GO:0007163; GO:1903749; GO:0030865; GO:0042554; GO:0045730; GO:0006935; GO:0010310; GO:0030036; GO:0042129; GO:0043304; GO:0045453; GO:0060263; GO:0060753; GO:0071593; GO:0090023; GO:1902622","GO:0005737; GO:0005829; GO:0005925; GO:0070062; GO:0030027; GO:0005886; GO:0043020; GO:0005884; GO:0005856; GO:0005789; GO:0031410; GO:0030670; GO:0005741; GO:0005635; GO:0016020","GO:0003924; GO:0005525; GO:0000166; GO:0016787; GO:0005515; GO:0003925; GO:0019901; GO:0019887"
"P16070",960,"CD44","CD44","CD44 molecule (IN blood group) [Source:HGNC Symbol;Acc:HGNC:1681]","cell adhesion; positive regulation of ERK1 and ERK2 cascade; negative regulation of apoptotic process; cell migration; regulation of apoptotic process; cytokine-mediated signaling pathway; anatomical structure morphogenesis; system development; cell-cell adhesion; cartilage development; T cell activation; positive regulation of heterotypic cell-cell adhesion; cell-matrix adhesion; inflammatory response; NK T cell activation; wound healing, spreading of cells; cellular response to fibroblast growth factor stimulus; carbohydrate derivative transport; negative regulation of DNA damage response, signal transduction by p53 class mediator; hyaluronan catabolic process; endocytosis; monocyte aggregation","membrane; extracellular region; plasma membrane; cell projection; focal adhesion; lamellipodium membrane; apical plasma membrane; extracellular exosome; cell surface; basolateral plasma membrane; protein-containing complex; microvillus; membrane raft; secretory granule membrane; macrophage migration inhibitory factor receptor complex","hyaluronic acid binding; protein binding; signaling receptor activity; transmembrane signaling receptor activity; collagen binding; cargo receptor activity; cytokine receptor activity","GO:0007155; GO:0070374; GO:0043066; GO:0016477; GO:0042981; GO:0019221; GO:0009653; GO:0048731; GO:0098609; GO:0051216; GO:0042110; GO:0034116; GO:0007160; GO:0006954; GO:0051132; GO:0044319; GO:0044344; GO:1901264; GO:0043518; GO:0030214; GO:0006897; GO:0070487","GO:0016020; GO:0005576; GO:0005886; GO:0042995; GO:0005925; GO:0031258; GO:0016324; GO:0070062; GO:0009986; GO:0016323; GO:0032991; GO:0005902; GO:0045121; GO:0030667; GO:0035692","GO:0005540; GO:0005515; GO:0038023; GO:0004888; GO:0005518; GO:0038024; GO:0004896"
"P16144",3691,"ITGB4","ITGB4","integrin subunit beta 4 [Source:HGNC Symbol;Acc:HGNC:6158]","cell communication; cell-matrix adhesion; integrin-mediated signaling pathway; hemidesmosome assembly; cell motility; autophagy; cell adhesion; mesodermal cell differentiation; response to wounding; cell migration; cell-cell adhesion; skin morphogenesis; nail development","membrane; integrin complex; plasma membrane; cell junction; extracellular exosome; cell surface; hemidesmosome; cell leading edge; receptor complex; focal adhesion","protein binding; metal ion binding; G protein-coupled receptor binding; insulin-like growth factor I binding; integrin binding; neuregulin binding","GO:0007154; GO:0007160; GO:0007229; GO:0031581; GO:0048870; GO:0006914; GO:0007155; GO:0048333; GO:0009611; GO:0016477; GO:0098609; GO:0043589; GO:0035878","GO:0016020; GO:0008305; GO:0005886; GO:0030054; GO:0070062; GO:0009986; GO:0030056; GO:0031252; GO:0043235; GO:0005925","GO:0005515; GO:0046872; GO:0001664; GO:0031994; GO:0005178; GO:0038132"
"P16949",3925,"STMN1","STMN1","stathmin 1 [Source:HGNC Symbol;Acc:HGNC:6510]","regulation of microtubule polymerization or depolymerization; nervous system development; cell differentiation; response to virus; microtubule depolymerization; neuron projection development; signal transduction; intracellular signal transduction; mitotic cytokinesis; mitotic spindle organization; hepatocyte growth factor receptor signaling pathway","cytoskeleton; microtubule; extracellular exosome; cytoplasm; cytosol; neuron projection; membrane","protein binding; tubulin binding","GO:0031110; GO:0007399; GO:0030154; GO:0009615; GO:0007019; GO:0031175; GO:0007165; GO:0035556; GO:0000281; GO:0007052; GO:0048012","GO:0005856; GO:0005874; GO:0070062; GO:0005737; GO:0005829; GO:0043005; GO:0016020","GO:0005515; GO:0015631"
"P17301",3673,"ITGA2","ITGA2","integrin subunit alpha 2 [Source:HGNC Symbol;Acc:HGNC:6137]","cell adhesion; integrin-mediated signaling pathway; symbiont entry into host cell; cell-matrix adhesion; mesodermal cell differentiation; cell-substrate adhesion; cell-cell adhesion; blood coagulation; extracellular matrix organization; animal organ morphogenesis; response to hypoxia; positive regulation of leukocyte migration; substrate-dependent cell migration; hypotonic response; female pregnancy; response to xenobiotic stimulus; positive regulation of epithelial cell migration; response to amine; response to muscle activity; positive regulation of smooth muscle cell migration; mammary gland development; positive regulation of cell projection organization; positive regulation of collagen biosynthetic process; response to L-ascorbic acid; collagen-activated signaling pathway; skin morphogenesis; positive regulation of translation; positive regulation of cell adhesion; positive regulation of smooth muscle contraction; focal adhesion assembly; positive regulation of smooth muscle cell proliferation; positive regulation of positive chemotaxis; positive regulation of transmission of nerve impulse; positive regulation of phagocytosis, engulfment; hepatocyte differentiation; response to parathyroid hormone; cellular response to mechanical stimulus; cellular response to estradiol stimulus","integrin complex; membrane; focal adhesion; cell surface; plasma membrane; integrin alpha2-beta1 complex; presynapse; external side of plasma membrane; axon; axon terminus; basal part of cell; perinuclear region of cytoplasm","metal ion binding; protein binding; virus receptor activity; protein-containing complex binding; collagen binding; signaling receptor activity; amyloid-beta binding; collagen binding involved in cell-matrix adhesion; heparan sulfate proteoglycan binding; integrin binding; collagen receptor activity; laminin binding","GO:0007155; GO:0007229; GO:0046718; GO:0007160; GO:0048333; GO:0031589; GO:0098609; GO:0007596; GO:0030198; GO:0009887; GO:0001666; GO:0002687; GO:0006929; GO:0006971; GO:0007565; GO:0009410; GO:0010634; GO:0014075; GO:0014850; GO:0014911; GO:0030879; GO:0031346; GO:0032967; GO:0033591; GO:0038065; GO:0043589; GO:0045727; GO:0045785; GO:0045987; GO:0048041; GO:0048661; GO:0050927; GO:0051971; GO:0060100; GO:0070365; GO:0071107; GO:0071260; GO:0071392","GO:0008305; GO:0016020; GO:0005925; GO:0009986; GO:0005886; GO:0034666; GO:0098793; GO:0009897; GO:0030424; GO:0043679; GO:0045178; GO:0048471","GO:0046872; GO:0005515; GO:0001618; GO:0044877; GO:0005518; GO:0038023; GO:0001540; GO:0098639; GO:0043395; GO:0005178; GO:0038064; GO:0043236"
"P18084",3693,"ITGB5","ITGB5","integrin subunit beta 5 [Source:HGNC Symbol;Acc:HGNC:6160]","cell adhesion; integrin-mediated signaling pathway; symbiont entry into host cell; transforming growth factor beta receptor signaling pathway; cell-matrix adhesion; formation of primary germ layer; cell migration; stress fiber assembly; cell-cell adhesion; endodermal cell differentiation; wound healing, spreading of epidermal cells; epithelial cell-cell adhesion","plasma membrane; focal adhesion; extracellular exosome; cell surface; integrin alphav-beta5 complex; receptor complex; integrin complex; phagocytic vesicle","metal ion binding; protein binding; virus receptor activity; signaling receptor binding; integrin binding","GO:0007155; GO:0007229; GO:0046718; GO:0007179; GO:0007160; GO:0001704; GO:0016477; GO:0043149; GO:0098609; GO:0035987; GO:0035313; GO:0090136","GO:0005886; GO:0005925; GO:0070062; GO:0009986; GO:0034684; GO:0043235; GO:0008305; GO:0045335","GO:0046872; GO:0005515; GO:0001618; GO:0005102; GO:0005178"
"P18085",378,"ARF4","ARF4","ARF GTPase 4 [Source:HGNC Symbol;Acc:HGNC:655]","negative regulation of apoptotic process; protein transport; vesicle-mediated transport; cell migration; positive regulation of transcription by RNA polymerase II; intracellular protein transport; regulation of cilium assembly; retrograde vesicle-mediated transport, Golgi to endoplasmic reticulum; regulation of reactive oxygen species metabolic process; cilium assembly; dendritic spine development; endoplasmic reticulum to Golgi vesicle-mediated transport; epidermal growth factor receptor signaling pathway; response to axon injury; regulation of synapse organization; regulation of postsynapse organization","membrane; Golgi apparatus; cytosol; ruffle membrane; extracellular exosome; Golgi membrane; cytoplasm; plasma membrane; dendritic spine; glutamatergic synapse","GTPase activity; GTP binding; nucleotide binding; protein binding; epidermal growth factor receptor binding; guanyl-nucleotide exchange factor activity","GO:0043066; GO:0015031; GO:0016192; GO:0016477; GO:0045944; GO:0006886; GO:1902017; GO:0006890; GO:2000377; GO:0060271; GO:0060996; GO:0006888; GO:0007173; GO:0048678; GO:0050807; GO:0099175","GO:0016020; GO:0005794; GO:0005829; GO:0032587; GO:0070062; GO:0000139; GO:0005737; GO:0005886; GO:0043197; GO:0098978","GO:0003924; GO:0005525; GO:0000166; GO:0005515; GO:0005154; GO:0005085"
"P18206",7414,"VCL","VCL","vinculin [Source:HGNC Symbol;Acc:HGNC:12665]","cell adhesion; lamellipodium assembly; negative regulation of cell migration; platelet aggregation; maintenance of blood-brain barrier; adherens junction assembly; apical junction assembly; cell-matrix adhesion; morphogenesis of an epithelium; protein localization to cell surface; regulation of focal adhesion assembly; epithelial cell-cell adhesion; regulation of protein localization to adherens junction","actin cytoskeleton; plasma membrane; membrane; cytoskeleton; focal adhesion; perinuclear region of cytoplasm; extracellular exosome; cytoplasm; extracellular region; cell-cell junction; sarcolemma; protein-containing complex; adherens junction; cell-cell contact zone; extracellular vesicle; myofibril; costamere; cytosol; secretory granule lumen; ficolin-1-rich granule lumen; specific granule lumen; cell-substrate junction; membrane raft; brush border; zonula adherens; outer dense plaque of desmosome; inner dense plaque of desmosome; terminal web","structural molecule activity; actin filament binding; actin binding; protein binding; dystroglycan binding; cadherin binding; beta-catenin binding; alpha-catenin binding; ubiquitin protein ligase binding; molecular adaptor activity","GO:0007155; GO:0030032; GO:0030336; GO:0070527; GO:0035633; GO:0034333; GO:0043297; GO:0007160; GO:0002009; GO:0034394; GO:0051893; GO:0090136; GO:1904702","GO:0015629; GO:0005886; GO:0016020; GO:0005856; GO:0005925; GO:0048471; GO:0070062; GO:0005737; GO:0005576; GO:0005911; GO:0042383; GO:0032991; GO:0005912; GO:0044291; GO:1903561; GO:0030016; GO:0043034; GO:0005829; GO:0034774; GO:1904813; GO:0035580; GO:0030055; GO:0045121; GO:0005903; GO:0005915; GO:0090636; GO:0090637; GO:1990357","GO:0005198; GO:0051015; GO:0003779; GO:0005515; GO:0002162; GO:0045296; GO:0008013; GO:0045294; GO:0031625; GO:0060090"
"P19256",965,"CD58","CD58","CD58 molecule [Source:HGNC Symbol;Acc:HGNC:1688]","immune response; cell-cell adhesion; positive regulation of interleukin-8 production; heterotypic cell-cell adhesion; cellular response to type II interferon; cellular response to tumor necrosis factor","membrane; plasma membrane; extracellular exosome; cell surface; secretory granule membrane; ficolin-1-rich granule membrane","signaling receptor binding; protein binding","GO:0006955; GO:0098609; GO:0032757; GO:0034113; GO:0071346; GO:0071356","GO:0016020; GO:0005886; GO:0070062; GO:0009986; GO:0030667; GO:0101003","GO:0005102; GO:0005515"
"P20020",490,"ATP2B1","ATP2B1","ATPase plasma membrane Ca2+ transporting 1 [Source:HGNC Symbol;Acc:HGNC:814]","calcium ion transmembrane transport; monoatomic ion transport; calcium ion transport; negative regulation of cytokine production; regulation of cardiac conduction; regulation of cytosolic calcium ion concentration; regulation of blood pressure; monoatomic ion transmembrane transport; positive regulation of calcium ion transport; positive regulation of bone mineralization; regulation of vascular associated smooth muscle contraction; negative regulation of cytosolic calcium ion concentration; regulation of cellular response to insulin stimulus; calcium ion export across plasma membrane; intracellular calcium ion homeostasis","membrane; plasma membrane; cytoplasmic vesicle; extracellular exosome; synapse; synaptic vesicle membrane; basolateral plasma membrane; presynaptic membrane; immunological synapse; photoreceptor ribbon synapse; glutamatergic synapse","ATP binding; nucleotide binding; ATP hydrolysis activity; transporter activity; P-type calcium transporter activity; protein binding; metal ion binding; calmodulin binding; calcium ion transmembrane transporter activity","GO:0070588; GO:0006811; GO:0006816; GO:0001818; GO:1903779; GO:0051480; GO:0008217; GO:0034220; GO:0051928; GO:0030501; GO:0003056; GO:0051481; GO:1900076; GO:1990034; GO:0006874","GO:0016020; GO:0005886; GO:0031410; GO:0070062; GO:0045202; GO:0030672; GO:0016323; GO:0042734; GO:0001772; GO:0098684; GO:0098978","GO:0005524; GO:0000166; GO:0016887; GO:0005215; GO:0005388; GO:0005515; GO:0046872; GO:0005516; GO:0015085"
"P20340",5870,"RAB6A","RAB6A","RAB6A, member RAS oncogene family [Source:HGNC Symbol;Acc:HGNC:9786]","protein transport; vesicle-mediated transport; neuron projection development; intracellular protein transport; early endosome to Golgi transport; retrograde vesicle-mediated transport, Golgi to endoplasmic reticulum; retrograde transport, endosome to Golgi; intra-Golgi vesicle-mediated transport; protein localization to Golgi apparatus; antigen processing and presentation; peptidyl-cysteine methylation; minus-end-directed organelle transport along microtubule","Golgi apparatus; cytoplasmic vesicle; ciliary basal body; extracellular exosome; Golgi membrane; plasma membrane; acrosomal membrane; endoplasmic reticulum membrane; cytosol; endomembrane system; trans-Golgi network membrane; secretory granule membrane; membrane; trans-Golgi network; endosome to plasma membrane transport vesicle","GTPase activity; GTP binding; nucleotide binding; hydrolase activity; protein binding; G protein activity; myosin V binding; protein domain specific binding","GO:0015031; GO:0016192; GO:0031175; GO:0006886; GO:0034498; GO:0006890; GO:0042147; GO:0006891; GO:0034067; GO:0019882; GO:0018125; GO:0072385","GO:0005794; GO:0031410; GO:0036064; GO:0070062; GO:0000139; GO:0005886; GO:0002080; GO:0005789; GO:0005829; GO:0012505; GO:0032588; GO:0030667; GO:0016020; GO:0005802; GO:0070381","GO:0003924; GO:0005525; GO:0000166; GO:0016787; GO:0005515; GO:0003925; GO:0031489; GO:0019904"
"P21333",2316,"FLNA","FLNA","filamin A [Source:HGNC Symbol;Acc:HGNC:3754]","actin cytoskeleton organization; cell projection organization; positive regulation of canonical NF-kappaB signal transduction; regulation of cell migration; cilium assembly; platelet aggregation; positive regulation of protein import into nucleus; receptor clustering; wound healing, spreading of cells; negative regulation of apoptotic process; protein localization to plasma membrane; blood coagulation, intrinsic pathway; positive regulation of platelet activation; megakaryocyte development; release of sequestered calcium ion into cytosol; adenylate cyclase-inhibiting dopamine receptor signaling pathway; protein localization to cell surface; mitotic spindle assembly; negative regulation of transcription by RNA polymerase I; negative regulation of protein catabolic process; establishment of protein localization; actin crosslink formation; semaphorin-plexin signaling pathway; tubulin deacetylation; positive regulation of substrate adhesion-dependent cell spreading; formation of radial glial scaffolds; cerebral cortex development; positive regulation of actin filament bundle assembly; mRNA transcription by RNA polymerase II; establishment of Sertoli cell barrier; positive regulation of neural precursor cell proliferation; positive regulation of neuron migration","cytoplasm; nucleus; membrane; cytosol; cytoskeleton; focal adhesion; extracellular exosome; growth cone; extracellular region; cell cortex; cell-cell junction; perikaryon; actin cytoskeleton; plasma membrane; nucleolus; Z disc; Myb complex; postsynapse; glutamatergic synapse; actin filament; cortical cytoskeleton; neuronal cell body; dendritic shaft; perinuclear region of cytoplasm; apical dendrite","protein binding; actin filament binding; RNA binding; actin binding; G protein-coupled receptor binding; kinase binding; DNA-binding transcription factor binding; cadherin binding; protein homodimerization activity; transmembrane transporter binding; small GTPase binding; protein sequestering activity; potassium channel regulator activity; GTPase binding; Fc-gamma receptor I complex binding; protein-containing complex binding; SMAD binding","GO:0030036; GO:0030030; GO:0043123; GO:0030334; GO:0060271; GO:0070527; GO:0042307; GO:0043113; GO:0044319; GO:0043066; GO:0072659; GO:0007597; GO:0010572; GO:0035855; GO:0051209; GO:0007195; GO:0034394; GO:0090307; GO:0016479; GO:0042177; GO:0045184; GO:0051764; GO:0071526; GO:0090042; GO:1900026; GO:0021943; GO:0021987; GO:0032233; GO:0042789; GO:0097368; GO:2000179; GO:2001224","GO:0005737; GO:0005634; GO:0016020; GO:0005829; GO:0005856; GO:0005925; GO:0070062; GO:0030426; GO:0005576; GO:0005938; GO:0005911; GO:0043204; GO:0015629; GO:0005886; GO:0005730; GO:0030018; GO:0031523; GO:0098794; GO:0098978; GO:0005884; GO:0030863; GO:0043025; GO:0043198; GO:0048471; GO:0097440","GO:0005515; GO:0051015; GO:0003723; GO:0003779; GO:0001664; GO:0019900; GO:0140297; GO:0045296; GO:0042803; GO:0044325; GO:0031267; GO:0140311; GO:0015459; GO:0051020; GO:0034988; GO:0044877; GO:0046332"
"P22626",3181,"HNRNPA2B1","HNRNPA2B1","heterogeneous nuclear ribonucleoprotein A2/B1 [Source:HGNC Symbol;Acc:HGNC:5033]","mRNA splicing, via spliceosome; RNA splicing; mRNA transport; mRNA processing; regulation of macromolecule metabolic process; mRNA export from nucleus; positive regulation of telomere maintenance via telomere lengthening; DNA geometric change; RNA transport; miRNA transport","Cajal body; chromosome, telomeric region; nucleus; spliceosomal complex; cytoplasm; extracellular region; membrane; nucleoplasm; extracellular exosome; ribonucleoprotein complex; catalytic step 2 spliceosome; nuclear matrix","nucleic acid binding; RNA binding; protein binding; N6-methyladenosine-containing RNA reader activity; identical protein binding; mRNA 3'-UTR binding; miRNA binding; G-rich strand telomeric DNA binding; single-stranded telomeric DNA binding; DNA polymerase binding; pre-mRNA intronic binding","GO:0000398; GO:0008380; GO:0051028; GO:0006397; GO:0060255; GO:0006406; GO:1904358; GO:0032392; GO:0050658; GO:1990428","GO:0015030; GO:0000781; GO:0005634; GO:0005681; GO:0005737; GO:0005576; GO:0016020; GO:0005654; GO:0070062; GO:1990904; GO:0071013; GO:0016363","GO:0003676; GO:0003723; GO:0005515; GO:1990247; GO:0042802; GO:0003730; GO:0035198; GO:0098505; GO:0043047; GO:0070182; GO:0097157"
"P22735",7051,"TGM1","TGM1","transglutaminase 1 [Source:HGNC Symbol;Acc:HGNC:11777]","peptide cross-linking; keratinization; animal organ development; positive regulation of keratinocyte proliferation; positive regulation of cell cycle; protein modification process; keratinocyte differentiation; cornification; cell envelope organization","plasma membrane; membrane; cytosol; extracellular exosome; cornified envelope","protein-glutamine gamma-glutamyltransferase activity; transferase activity; metal ion binding; protein binding; acyltransferase activity; identical protein binding","GO:0018149; GO:0031424; GO:0048513; GO:0010838; GO:0045787; GO:0036211; GO:0030216; GO:0070268; GO:0043163","GO:0005886; GO:0016020; GO:0005829; GO:0070062; GO:0001533","GO:0003810; GO:0016740; GO:0046872; GO:0005515; GO:0016746; GO:0042802"
"P23229",3655,"ITGA6","ITGA6","integrin subunit alpha 6 [Source:HGNC Symbol;Acc:HGNC:6142]","cell adhesion; positive regulation of cell migration; integrin-mediated signaling pathway; cell-matrix adhesion; cell-substrate adhesion; positive regulation of GTPase activity; positive regulation of transcription by RNA polymerase II; cell-cell adhesion; positive regulation of neuron projection development; skin morphogenesis; positive regulation of apoptotic process; ectodermal cell differentiation; nail development; cell-substrate junction assembly; leukocyte migration","integrin complex; plasma membrane; focal adhesion; cell surface; integrin alpha6-beta1 complex; integrin alpha6-beta4 complex; basement membrane; external side of plasma membrane; basal plasma membrane; basolateral plasma membrane; hemidesmosome; basal part of cell","metal ion binding; protein binding; cadherin binding; signaling receptor activity; insulin-like growth factor I binding; neuregulin binding","GO:0007155; GO:0030335; GO:0007229; GO:0007160; GO:0031589; GO:0043547; GO:0045944; GO:0098609; GO:0010976; GO:0043589; GO:0043065; GO:0010668; GO:0035878; GO:0007044; GO:0050900","GO:0008305; GO:0005886; GO:0005925; GO:0009986; GO:0034675; GO:0034676; GO:0005604; GO:0009897; GO:0009925; GO:0016323; GO:0030056; GO:0045178","GO:0046872; GO:0005515; GO:0045296; GO:0038023; GO:0031994; GO:0038132"
"P23528",1072,"CFL1","CFL1","cofilin 1 [Source:HGNC Symbol;Acc:HGNC:1874]","actin filament depolymerization; negative regulation of apoptotic process; actin polymerization or depolymerization; response to virus; establishment of spindle localization; Rho protein signal transduction; actin cytoskeleton organization; actin filament severing; mitotic cytokinesis; positive regulation of embryonic development; positive regulation by host of viral process; protein import into nucleus; negative regulation of cell adhesion; positive regulation of lamellipodium assembly; negative regulation of lamellipodium assembly; response to activity; hippocampus development; actin filament fragmentation; positive regulation of cell growth; negative regulation of actin filament depolymerization; positive regulation of actin filament depolymerization; positive regulation of synaptic plasticity; negative regulation of actin filament bundle assembly; positive regulation of proteolysis; modulation of chemical synaptic transmission; positive regulation of focal adhesion assembly; positive regulation of dendritic spine development; regulation of dendritic spine morphogenesis; cellular response to hydrogen peroxide; cellular response to interleukin-1; cellular response to interleukin-6; cellular response to tumor necrosis factor; cellular response to ether; cellular response to epidermal growth factor stimulus; modification of postsynaptic actin cytoskeleton; positive regulation of protein localization to cell leading edge; negative regulation of postsynaptic density organization; cellular response to insulin-like growth factor stimulus; negative regulation of cell motility; positive regulation of cell motility; positive regulation of barbed-end actin filament capping","actin cytoskeleton; nucleus; cytoplasm; extracellular space; membrane; cytoskeleton; focal adhesion; lamellipodium membrane; ruffle membrane; extracellular exosome; axon; growth cone; lamellipodium; vesicle; nuclear matrix; cytosol; glutamatergic synapse; postsynaptic density, intracellular component; cell-cell junction; filopodium; cortical actin cytoskeleton; cell leading edge; mitochondrial membrane; neuronal cell body; dendritic spine; cofilin-actin rod; synaptic membrane","actin binding; protein binding; actin filament binding; signaling receptor binding; protein phosphatase binding; phosphatidylinositol bisphosphate binding","GO:0030042; GO:0043066; GO:0008154; GO:0009615; GO:0051293; GO:0007266; GO:0030036; GO:0051014; GO:0000281; GO:0040019; GO:0044794; GO:0006606; GO:0007162; GO:0010592; GO:0010593; GO:0014823; GO:0021766; GO:0030043; GO:0030307; GO:0030835; GO:0030836; GO:0031915; GO:0032232; GO:0045862; GO:0050804; GO:0051894; GO:0060999; GO:0061001; GO:0070301; GO:0071347; GO:0071354; GO:0071356; GO:0071362; GO:0071364; GO:0098885; GO:1905873; GO:1905875; GO:1990314; GO:2000146; GO:2000147; GO:2000814","GO:0015629; GO:0005634; GO:0005737; GO:0005615; GO:0016020; GO:0005856; GO:0005925; GO:0031258; GO:0032587; GO:0070062; GO:0030424; GO:0030426; GO:0030027; GO:0031982; GO:0016363; GO:0005829; GO:0098978; GO:0099092; GO:0005911; GO:0030175; GO:0030864; GO:0031252; GO:0031966; GO:0043025; GO:0043197; GO:0090732; GO:0097060","GO:0003779; GO:0005515; GO:0051015; GO:0005102; GO:0019903; GO:1902936"
"P24821",3371,"TNC","TNC","tenascin C [Source:HGNC Symbol;Acc:HGNC:5318]","cell adhesion; osteoblast differentiation; response to wounding; regulation of cell adhesion; regulation of cell migration; regulation of cell growth; morphogenesis of an epithelium; regulation of inflammatory response","extracellular space; membrane; focal adhesion; extracellular matrix; extracellular region; endoplasmic reticulum lumen; perisynaptic extracellular matrix; basement membrane; interstitial matrix","protein binding; integrin binding; identical protein binding; extracellular matrix structural constituent; syndecan binding","GO:0007155; GO:0001649; GO:0009611; GO:0030155; GO:0030334; GO:0001558; GO:0002009; GO:0050727","GO:0005615; GO:0016020; GO:0005925; GO:0031012; GO:0005576; GO:0005788; GO:0098966; GO:0005604; GO:0005614","GO:0005515; GO:0005178; GO:0042802; GO:0005201; GO:0045545"
"P26006",3675,"ITGA3","ITGA3","integrin subunit alpha 3 [Source:HGNC Symbol;Acc:HGNC:6139]","cell adhesion; regulation of signal transduction; cell differentiation; integrin-mediated signaling pathway; system development; system process; postsynapse organization; synaptic membrane adhesion; regulation of Wnt signaling pathway; mesodermal cell differentiation; positive regulation of protein localization to plasma membrane; cell-cell adhesion; nephron development; cell-matrix adhesion; regulation of transforming growth factor beta receptor signaling pathway; skin development; dendritic spine maintenance; lung development; leukocyte migration; negative regulation of Rho protein signal transduction; exploration behavior; regulation of BMP signaling pathway; renal filtration","integrin complex; plasma membrane; membrane; cell projection; focal adhesion; filopodium membrane; extracellular exosome; cell surface; cell periphery; neuromuscular junction; presynaptic active zone membrane; glutamatergic synapse; external side of plasma membrane; basolateral plasma membrane; synapse; excitatory synapse; synaptic membrane; receptor complex; integrin alpha3-beta1 complex","protein binding; metal ion binding; protein heterodimerization activity; protease binding; signaling receptor activity","GO:0007155; GO:0009966; GO:0030154; GO:0007229; GO:0048731; GO:0003008; GO:0099173; GO:0099560; GO:0030111; GO:0048333; GO:1903078; GO:0098609; GO:0072006; GO:0007160; GO:0017015; GO:0043588; GO:0097062; GO:0030324; GO:0050900; GO:0035024; GO:0035640; GO:0030510; GO:0097205","GO:0008305; GO:0005886; GO:0016020; GO:0042995; GO:0005925; GO:0031527; GO:0070062; GO:0009986; GO:0071944; GO:0031594; GO:0048787; GO:0098978; GO:0009897; GO:0016323; GO:0045202; GO:0060076; GO:0097060; GO:0043235; GO:0034667","GO:0005515; GO:0046872; GO:0046982; GO:0002020; GO:0038023"
"P26038",4478,"MSN","MSN","moesin [Source:HGNC Symbol;Acc:HGNC:7373]","cytoskeleton organization; regulation of cell shape; positive regulation of gene expression; regulation of cell size; positive regulation of protein catabolic process; establishment of endothelial barrier; regulation of organelle assembly; T cell migration; establishment of epithelial cell apical/basal polarity; gland morphogenesis; T cell proliferation; regulation of lymphocyte migration; leukocyte cell-cell adhesion; membrane to membrane docking; leukocyte migration; immunological synapse formation; T cell aggregation","apical part of cell; nucleus; cytoplasm; extracellular space; plasma membrane; cytoskeleton; focal adhesion; perinuclear region of cytoplasm; apical plasma membrane; extracellular exosome; pseudopodium; vesicle; filopodium; cell periphery; microvillus; microvillus membrane; cytosol; blood microparticle; adherens junction; cell surface; uropod; basolateral plasma membrane","cytoskeletal protein binding; actin binding; signaling receptor binding; protein binding; protein kinase binding; cell adhesion molecule binding; structural constituent of cytoskeleton; double-stranded RNA binding; enzyme binding","GO:0007010; GO:0008360; GO:0010628; GO:0008361; GO:0045732; GO:0061028; GO:1902115; GO:0072678; GO:0045198; GO:0022612; GO:0042098; GO:2000401; GO:0007159; GO:0022614; GO:0050900; GO:0001771; GO:0070489","GO:0045177; GO:0005634; GO:0005737; GO:0005615; GO:0005886; GO:0005856; GO:0005925; GO:0048471; GO:0016324; GO:0070062; GO:0031143; GO:0031982; GO:0030175; GO:0071944; GO:0005902; GO:0031528; GO:0005829; GO:0072562; GO:0005912; GO:0009986; GO:0001931; GO:0016323","GO:0008092; GO:0003779; GO:0005102; GO:0005515; GO:0019901; GO:0050839; GO:0005200; GO:0003725; GO:0019899"
"P27824",821,"CANX","CANX","calnexin [Source:HGNC Symbol;Acc:HGNC:1473]","protein folding; clathrin-dependent endocytosis; ERAD pathway; synaptic vesicle endocytosis; protein secretion; viral protein processing; protein folding in endoplasmic reticulum","endoplasmic reticulum; membrane; endoplasmic reticulum membrane; mitochondrial membrane; extracellular exosome; melanosome membrane; presynapse; endoplasmic reticulum lumen; lumenal side of endoplasmic reticulum membrane; mitochondria-associated endoplasmic reticulum membrane contact site; nuclear membrane; endoplasmic reticulum quality control compartment","protein binding; calcium ion binding; RNA binding; metal ion binding; carbohydrate binding","GO:0006457; GO:0072583; GO:0036503; GO:0048488; GO:0009306; GO:0019082; GO:0034975","GO:0005783; GO:0016020; GO:0005789; GO:0031966; GO:0070062; GO:0033162; GO:0098793; GO:0005788; GO:0098553; GO:0044233; GO:0031965; GO:0044322","GO:0005515; GO:0005509; GO:0003723; GO:0046872; GO:0030246"
"P29317",1969,"EPHA2","EPHA2","EPH receptor A2 [Source:HGNC Symbol;Acc:HGNC:3386]","protein phosphorylation; cell surface receptor protein tyrosine kinase signaling pathway; positive regulation of cell migration; apoptotic process; cell differentiation; cell adhesion; angiogenesis; cell migration; regulation of cell migration; response to stress; regulation of cell adhesion; symbiont entry into host cell; animal organ development; osteoblast differentiation; ephrin receptor signaling pathway; cell motility; osteoclast differentiation; positive regulation of protein localization to plasma membrane; lens fiber cell morphogenesis; intrinsic apoptotic signaling pathway in response to DNA damage; cell chemotaxis; epithelial cell differentiation; keratinocyte differentiation; bone remodeling; regulation of ERK1 and ERK2 cascade; regulation of angiogenesis; response to growth factor; regulation of lamellipodium assembly; mammary gland epithelial cell proliferation; regulation of blood vessel endothelial cell migration; cAMP metabolic process; branching involved in mammary gland duct morphogenesis; protein localization to plasma membrane","membrane; plasma membrane; focal adhesion; cell junction; lamellipodium membrane; ruffle membrane; lamellipodium; cell surface; leading edge membrane; tight junction; receptor complex","ATP binding; protein binding; protein kinase activity; ephrin receptor activity; protein tyrosine kinase activity; nucleotide binding; transferase activity; kinase activity; transmembrane receptor protein tyrosine kinase activity; virus receptor activity; cadherin binding; molecular function activator activity; growth factor binding","GO:0006468; GO:0007169; GO:0030335; GO:0006915; GO:0030154; GO:0007155; GO:0001525; GO:0016477; GO:0030334; GO:0006950; GO:0030155; GO:0046718; GO:0048513; GO:0001649; GO:0048013; GO:0048870; GO:0030316; GO:1903078; GO:0070309; GO:0008630; GO:0060326; GO:0030855; GO:0030216; GO:0046849; GO:0070372; GO:0045765; GO:0070848; GO:0010591; GO:0033598; GO:0043535; GO:0046058; GO:0060444; GO:0072659","GO:0016020; GO:0005886; GO:0005925; GO:0030054; GO:0031258; GO:0032587; GO:0030027; GO:0009986; GO:0031256; GO:0070160; GO:0043235","GO:0005524; GO:0005515; GO:0004672; GO:0005003; GO:0004713; GO:0000166; GO:0016740; GO:0016301; GO:0004714; GO:0001618; GO:0045296; GO:0140677; GO:0019838"
"P29401",7086,"TKT","TKT","transketolase [Source:HGNC Symbol;Acc:HGNC:11834]","pentose-phosphate shunt; pentose-phosphate shunt, non-oxidative branch; glyceraldehyde-3-phosphate metabolic process; glyceraldehyde-3-phosphate biosynthetic process","cytoplasm; nuclear speck; nucleoplasm; nuclear body; peroxisome; extracellular exosome; vesicle; cytosol","transferase activity; calcium ion binding; metal ion binding; protein binding; magnesium ion binding; protein homodimerization activity; transketolase activity; transketolase or transaldolase activity","GO:0006098; GO:0009052; GO:0019682; GO:0046166","GO:0005737; GO:0016607; GO:0005654; GO:0016604; GO:0005777; GO:0070062; GO:0031982; GO:0005829","GO:0016740; GO:0005509; GO:0046872; GO:0005515; GO:0000287; GO:0042803; GO:0004802; GO:0016744"
"P30044",25824,"PRDX5","PRDX5","peroxiredoxin 5 [Source:HGNC Symbol;Acc:HGNC:9355]","cellular response to oxidative stress; negative regulation of apoptotic process; cellular oxidant detoxification; inflammatory response; response to oxidative stress; negative regulation of transcription by RNA polymerase III; cell redox homeostasis; cellular response to reactive oxygen species; hydrogen peroxide catabolic process","nucleus; cytoplasm; extracellular space; mitochondrion; cytosol; cytoplasmic vesicle; peroxisome; perinuclear region of cytoplasm; extracellular exosome; peroxisomal matrix; mitochondrial matrix; intracellular membrane-bounded organelle","oxidoreductase activity; thioredoxin peroxidase activity; protein binding; peroxidase activity; antioxidant activity; thioredoxin-dependent peroxiredoxin activity; cysteine-type endopeptidase inhibitor activity involved in apoptotic process; RNA polymerase III transcription regulatory region sequence-specific DNA binding","GO:0034599; GO:0043066; GO:0098869; GO:0006954; GO:0006979; GO:0016480; GO:0045454; GO:0034614; GO:0042744","GO:0005634; GO:0005737; GO:0005615; GO:0005739; GO:0005829; GO:0031410; GO:0005777; GO:0048471; GO:0070062; GO:0005782; GO:0005759; GO:0043231","GO:0016491; GO:0008379; GO:0005515; GO:0004601; GO:0016209; GO:0140824; GO:0043027; GO:0001016"
"P30153",5518,"PPP2R1A","PPP2R1A","protein phosphatase 2 scaffold subunit Aalpha [Source:HGNC Symbol;Acc:HGNC:9302]","regulation of cell differentiation; intracellular signal transduction; chromosome segregation; meiotic sister chromatid cohesion, centromeric; negative regulation of hippo signaling; protein-containing complex assembly; regulation of growth; negative regulation of phosphatidylinositol 3-kinase/protein kinase B signal transduction; T cell homeostasis; regulation of hippo signaling; spindle assembly; snRNA processing; regulation of transcription elongation by RNA polymerase II","nucleus; cytoplasm; membrane; mitochondrion; cytosol; chromosome; FAR/SIN/STRIPAK complex; extracellular exosome; chromosome, centromeric region; dendrite; neuron projection; microtubule cytoskeleton; neuronal cell body; lateral plasma membrane; chromatin; protein phosphatase type 2A complex","protein binding; protein heterodimerization activity; protein phosphatase regulator activity; protein antigen binding","GO:0045595; GO:0035556; GO:0007059; GO:0051754; GO:0035331; GO:0065003; GO:0040008; GO:0051898; GO:0043029; GO:0035330; GO:0051225; GO:0016180; GO:0034243","GO:0005634; GO:0005737; GO:0016020; GO:0005739; GO:0005829; GO:0005694; GO:0090443; GO:0070062; GO:0000775; GO:0030425; GO:0043005; GO:0015630; GO:0043025; GO:0016328; GO:0000785; GO:0000159","GO:0005515; GO:0046982; GO:0019888; GO:1990405"
"P31431",6385,"SDC4","SDC4","syndecan 4 [Source:HGNC Symbol;Acc:HGNC:10661]","ureteric bud development; regulation of fibroblast migration; negative regulation of T cell proliferation; positive regulation of focal adhesion assembly","membrane; extracellular region; plasma membrane; extracellular exosome; focal adhesion; cell surface; lysosomal lumen; Golgi lumen; costamere","protein binding; identical protein binding; thrombospondin receptor activity; fibronectin binding; protein kinase C binding","GO:0001657; GO:0010762; GO:0042130; GO:0051894","GO:0016020; GO:0005576; GO:0005886; GO:0070062; GO:0005925; GO:0009986; GO:0043202; GO:0005796; GO:0043034","GO:0005515; GO:0042802; GO:0070053; GO:0001968; GO:0005080"
"P31943",3187,"HNRNPH1","HNRNPH1","heterogeneous nuclear ribonucleoprotein H1 [Source:HGNC Symbol;Acc:HGNC:5041]","mRNA splicing, via spliceosome; RNA splicing; mRNA processing; regulation of RNA splicing; RNA processing","nucleus; spliceosomal complex; membrane; nucleoplasm; ribonucleoprotein complex; catalytic step 2 spliceosome","RNA binding; nucleic acid binding; protein binding; identical protein binding; poly(U) RNA binding","GO:0000398; GO:0008380; GO:0006397; GO:0043484; GO:0006396","GO:0005634; GO:0005681; GO:0016020; GO:0005654; GO:1990904; GO:0071013","GO:0003723; GO:0003676; GO:0005515; GO:0042802; GO:0008266"
"P31944",23581,"CASP14","CASP14","caspase 14 [Source:HGNC Symbol;Acc:HGNC:1502]","proteolysis; cell differentiation; keratinization; epidermis development; positive regulation of neuron apoptotic process; cornification","nucleus; cytoplasm; cytosol; nucleoplasm; cornified envelope; keratin filament","cysteine-type peptidase activity; cysteine-type endopeptidase activity; hydrolase activity; protein binding; peptidase activity","GO:0006508; GO:0030154; GO:0031424; GO:0008544; GO:0043525; GO:0070268","GO:0005634; GO:0005737; GO:0005829; GO:0005654; GO:0001533; GO:0045095","GO:0008234; GO:0004197; GO:0016787; GO:0005515; GO:0008233"
"P31946",7529,"YWHAB","YWHAB","tyrosine 3-monooxygenase/tryptophan 5-monooxygenase activation protein beta [Source:HGNC Symbol;Acc:HGNC:12849]","signal transduction; negative regulation of G protein-coupled receptor signaling pathway; positive regulation of transcription by RNA polymerase II; protein localization; negative regulation of protein import into nucleus; negative regulation of DNA-templated transcription","cytosol; cytoplasm; membrane; melanosome; focal adhesion; perinuclear region of cytoplasm; extracellular exosome; vacuolar membrane; nucleus; transcription repressor complex; protein-containing complex","protein binding; identical protein binding; protein kinase inhibitor activity; protein domain specific binding; cadherin binding; protein sequestering activity; enzyme binding; histone deacetylase binding; protein phosphatase inhibitor activity; protein-containing complex binding; phosphoserine residue binding; phosphoprotein binding","GO:0007165; GO:0045744; GO:0045944; GO:0008104; GO:0042308; GO:0045892","GO:0005829; GO:0005737; GO:0016020; GO:0042470; GO:0005925; GO:0048471; GO:0070062; GO:0005774; GO:0005634; GO:0017053; GO:0032991","GO:0005515; GO:0042802; GO:0004860; GO:0019904; GO:0045296; GO:0140311; GO:0019899; GO:0042826; GO:0004864; GO:0044877; GO:0050815; GO:0051219"
"P35321",6698,"SPRR1A","SPRR1A","small proline rich protein 1A [Source:HGNC Symbol;Acc:HGNC:11259]","keratinization; keratinocyte differentiation; epidermis development; peptide cross-linking; cornification","cytoplasm; cornified envelope; cytosol","protein binding; structural molecule activity; structural constituent of skin epidermis","GO:0031424; GO:0030216; GO:0008544; GO:0018149; GO:0070268","GO:0005737; GO:0001533; GO:0005829","GO:0005515; GO:0005198; GO:0030280"
"P35326",6700,"SPRR2A","SPRR2A","small proline rich protein 2A [Source:HGNC Symbol;Acc:HGNC:11261]","defense response to bacterium; antibacterial humoral response; host-mediated regulation of intestinal microbiota composition","cornified envelope; cytoplasm; extracellular region; cytoplasmic vesicle; secretory granule; transport vesicle; cytosol","protein binding; lipid binding","GO:0042742; GO:0019731; GO:0048874","GO:0001533; GO:0005737; GO:0005576; GO:0031410; GO:0030141; GO:0030133; GO:0005829","GO:0005515; GO:0008289"
"P35579",4627,"MYH9","MYH9","myosin heavy chain 9 [Source:HGNC Symbol;Acc:HGNC:7579]","protein transport; membrane protein ectodomain proteolysis; cell adhesion; angiogenesis; regulation of cell shape; plasma membrane repair; actin cytoskeleton organization; integrin-mediated signaling pathway; cytoskeleton organization; regulated exocytosis; leukocyte migration; platelet aggregation; actin filament-based process; symbiont entry into host cell; cytokinetic process; regulation of actin filament-based process; actomyosin structure organization; lysosome localization; actin filament-based movement; blood vessel endothelial cell migration; monocyte differentiation; platelet formation; phagocytosis, engulfment; regulation of plasma membrane repair; cell morphogenesis; cell differentiation; cortical granule exocytosis","myosin complex; nucleus; cytoplasm; plasma membrane; membrane; cleavage furrow; cytosol; cytoskeleton; focal adhesion; cytoplasmic vesicle; extracellular exosome; actin cytoskeleton; stress fiber; cell surface; COP9 signalosome; cell cortex; protein-containing complex; ruffle; cell leading edge; cortical granule; supramolecular fiber; myosin II complex; myosin filament; actomyosin; immunological synapse; uropod; Golgi apparatus; spindle; actomyosin contractile ring; brush border; adherens junction; cytoplasmic side of plasma membrane; cortical cytoskeleton; neuromuscular junction; myosin II filament","ATP binding; protein binding; actin filament binding; cytoskeletal motor activity; nucleotide binding; RNA binding; actin binding; calmodulin binding; integrin binding; protein homodimerization activity; identical protein binding; virus receptor activity; protein domain specific binding; microfilament motor activity; cadherin binding; membrane-membrane adaptor activity; ADP binding","GO:0015031; GO:0006509; GO:0007155; GO:0001525; GO:0008360; GO:0001778; GO:0030036; GO:0007229; GO:0007010; GO:0045055; GO:0050900; GO:0070527; GO:0030029; GO:0046718; GO:0032506; GO:0032970; GO:0031032; GO:0032418; GO:0030048; GO:0043534; GO:0030224; GO:0030220; GO:0006911; GO:1905684; GO:0000902; GO:0030154; GO:0060471","GO:0016459; GO:0005634; GO:0005737; GO:0005886; GO:0016020; GO:0032154; GO:0005829; GO:0005856; GO:0005925; GO:0031410; GO:0070062; GO:0015629; GO:0001725; GO:0009986; GO:0008180; GO:0005938; GO:0032991; GO:0001726; GO:0031252; GO:0060473; GO:0099512; GO:0016460; GO:0032982; GO:0042641; GO:0001772; GO:0001931; GO:0005794; GO:0005819; GO:0005826; GO:0005903; GO:0005912; GO:0009898; GO:0030863; GO:0031594; GO:0097513","GO:0005524; GO:0005515; GO:0051015; GO:0003774; GO:0000166; GO:0003723; GO:0003779; GO:0005516; GO:0005178; GO:0042803; GO:0042802; GO:0001618; GO:0019904; GO:0000146; GO:0045296; GO:0043495; GO:0043531"
"P35613",682,"BSG","BSG","basigin (Ok blood group) [Source:HGNC Symbol;Acc:HGNC:1116]","angiogenesis; symbiont entry into host cell; neutrophil chemotaxis; protein localization to plasma membrane; photoreceptor cell maintenance; homophilic cell adhesion via plasma membrane adhesion molecules; cell surface receptor signaling pathway; axon guidance; dendrite self-avoidance; neuron projection extension; positive regulation of interleukin-6 production; embryo implantation; odontogenesis of dentin-containing tooth; response to peptide hormone; response to mercury ion; decidualization; response to cAMP; neural retina development; positive regulation of endothelial cell migration; positive regulation of viral entry into host cell; positive regulation of vascular endothelial growth factor production; endothelial tube morphogenesis; positive regulation of matrix metallopeptidase secretion","plasma membrane; membrane; melanosome; mitochondrion; focal adhesion; endoplasmic reticulum membrane; extracellular exosome; basolateral plasma membrane; endosome; photoreceptor outer segment; photoreceptor inner segment; axon; Golgi membrane; acrosomal membrane; sarcolemma","protein binding; carbohydrate binding; D-mannose binding; virus receptor activity; signaling receptor activity; cadherin binding; cell-cell adhesion mediator activity; protein carrier chaperone","GO:0001525; GO:0046718; GO:0030593; GO:0072659; GO:0045494; GO:0007156; GO:0007166; GO:0007411; GO:0070593; GO:1990138; GO:0032755; GO:0007566; GO:0042475; GO:0043434; GO:0046689; GO:0046697; GO:0051591; GO:0003407; GO:0010595; GO:0046598; GO:0010575; GO:0061154; GO:1904466","GO:0005886; GO:0016020; GO:0042470; GO:0005739; GO:0005925; GO:0005789; GO:0070062; GO:0016323; GO:0005768; GO:0001750; GO:0001917; GO:0030424; GO:0000139; GO:0002080; GO:0042383","GO:0005515; GO:0030246; GO:0005537; GO:0001618; GO:0038023; GO:0045296; GO:0098632; GO:0140597"
"P35625",7078,"TIMP3","TIMP3","TIMP metallopeptidase inhibitor 3 [Source:HGNC Symbol;Acc:HGNC:11822]","negative regulation of extracellular matrix disassembly; visual perception; negative regulation of proteolysis; response to cytokine; response to hormone","nucleus; extracellular region; extracellular space; secretory granule lumen; extracellular matrix; basement membrane","protein binding; metalloendopeptidase inhibitor activity; metal ion binding; peptidase inhibitor activity; enzyme inhibitor activity","GO:0010716; GO:0007601; GO:0045861; GO:0034097; GO:0009725","GO:0005634; GO:0005576; GO:0005615; GO:0034774; GO:0031012; GO:0005604","GO:0005515; GO:0008191; GO:0046872; GO:0030414; GO:0004857"
"P37802",8407,"TAGLN2","TAGLN2","transgelin 2 [Source:HGNC Symbol;Acc:HGNC:11554]","actin filament organization; epithelial cell differentiation","extracellular exosome; vesicle; extracellular region; cytosol; actin cytoskeleton","protein binding; cadherin binding; actin filament binding","GO:0007015; GO:0030855","GO:0070062; GO:0031982; GO:0005576; GO:0005829; GO:0015629","GO:0005515; GO:0045296; GO:0051015"
"P39060",80781,"COL18A1","COL18A1","collagen type XVIII alpha 1 chain [Source:HGNC Symbol;Acc:HGNC:2195]","cell adhesion; regulation of cell population proliferation; anatomical structure morphogenesis; extracellular matrix organization; angiogenesis; visual perception; negative regulation of cell population proliferation; skeletal system development; animal organ morphogenesis; endothelial cell morphogenesis; response to xenobiotic stimulus; response to hydrostatic pressure","extracellular space; extracellular region; endoplasmic reticulum lumen; basement membrane; extracellular exosome; extracellular matrix; collagen trimer","metal ion binding; extracellular matrix structural constituent conferring tensile strength; protein binding","GO:0007155; GO:0042127; GO:0009653; GO:0030198; GO:0001525; GO:0007601; GO:0008285; GO:0001501; GO:0009887; GO:0001886; GO:0009410; GO:0051599","GO:0005615; GO:0005576; GO:0005788; GO:0005604; GO:0070062; GO:0031012; GO:0005581","GO:0046872; GO:0030020; GO:0005515"
"P43121",4162,"MCAM","MCAM","melanoma cell adhesion molecule [Source:HGNC Symbol;Acc:HGNC:6934]","cell adhesion; glomerular filtration; angiogenesis; anatomical structure morphogenesis; vascular wound healing; positive regulation of cell migration","membrane; plasma membrane; focal adhesion; extracellular space; external side of plasma membrane; extracellular region","protein binding","GO:0007155; GO:0003094; GO:0001525; GO:0009653; GO:0061042; GO:0030335","GO:0016020; GO:0005886; GO:0005925; GO:0005615; GO:0009897; GO:0005576","GO:0005515"
"P48509",977,"CD151","CD151","CD151 molecule (Raph blood group) [Source:HGNC Symbol;Acc:HGNC:1630]","cell migration; cell adhesion; positive regulation of cell migration; wound healing, spreading of cells; positive regulation of endocytosis","membrane; plasma membrane; focal adhesion; cytosol; basement membrane; cell surface","protein binding; integrin binding","GO:0016477; GO:0007155; GO:0030335; GO:0044319; GO:0045807","GO:0016020; GO:0005886; GO:0005925; GO:0005829; GO:0005604; GO:0009986","GO:0005515; GO:0005178"
"P48960",976,"ADGRE5","ADGRE5","adhesion G protein-coupled receptor E5 [Source:HGNC Symbol;Acc:HGNC:1711]","G protein-coupled receptor signaling pathway; cell surface receptor signaling pathway; signal transduction; immune system process; cell adhesion; inflammatory response; immune response; cell-cell signaling","membrane; extracellular region; plasma membrane; focal adhesion; extracellular exosome; secretory granule membrane","G protein-coupled receptor activity; calcium ion binding; transmembrane signaling receptor activity; protein binding","GO:0007186; GO:0007166; GO:0007165; GO:0002376; GO:0007155; GO:0006954; GO:0006955; GO:0007267","GO:0016020; GO:0005576; GO:0005886; GO:0005925; GO:0070062; GO:0030667","GO:0004930; GO:0005509; GO:0004888; GO:0005515"
"P49721",5690,"PSMB2","PSMB2","proteasome 20S subunit beta 2 [Source:HGNC Symbol;Acc:HGNC:9539]","proteolysis involved in protein catabolic process; proteasomal protein catabolic process; proteasome-mediated ubiquitin-dependent protein catabolic process; flagellated sperm motility; CD8-positive, alpha-beta T cell differentiation; thymic T cell selection; spermatogenesis; response to oxidative stress; regulation of proteasomal protein catabolic process; cellular response to type I interferon; regulation of G1/S transition of mitotic cell cycle; immune system process; DNA repair; apoptotic process; DNA damage response; proteasomal ubiquitin-independent protein catabolic process; positive regulation of type II interferon production; positive regulation of interleukin-2 production; positive regulation of tumor necrosis factor production; response to type II interferon; T-helper 1 cell differentiation; negative regulation of regulatory T cell differentiation; T-helper 17 cell differentiation; meiotic cell cycle","proteasome core complex; nucleus; cytoplasm; membrane; nucleoplasm; extracellular exosome; proteasome complex; proteasome core complex, beta-subunit complex; cytosol; synaptic vesicle; proteasome storage granule","protein binding","GO:0051603; GO:0010498; GO:0043161; GO:0030317; GO:0043374; GO:0045061; GO:0007283; GO:0006979; GO:0061136; GO:0071357; GO:2000045; GO:0002376; GO:0006281; GO:0006915; GO:0006974; GO:0010499; GO:0032729; GO:0032743; GO:0032760; GO:0034341; GO:0045063; GO:0045590; GO:0072539; GO:0051321","GO:0005839; GO:0005634; GO:0005737; GO:0016020; GO:0005654; GO:0070062; GO:0000502; GO:0019774; GO:0005829; GO:0008021; GO:0034515","GO:0005515"
"P52209",5226,"PGD","PGD","phosphogluconate dehydrogenase [Source:HGNC Symbol;Acc:HGNC:8891]","pentose-phosphate shunt; D-gluconate metabolic process; pentose-phosphate shunt, oxidative branch; NADP+ metabolic process; NADPH regeneration","nucleus; cytoplasm; extracellular exosome; cytosol","NADP binding; phosphogluconate dehydrogenase (decarboxylating) activity; oxidoreductase activity; carbohydrate binding; carboxylic acid binding","GO:0006098; GO:0019521; GO:0009051; GO:0006739; GO:0006740","GO:0005634; GO:0005737; GO:0070062; GO:0005829","GO:0050661; GO:0004616; GO:0016491; GO:0030246; GO:0031406"
"P52292",3838,"KPNA2","KPNA2","karyopherin subunit alpha 2 [Source:HGNC Symbol;Acc:HGNC:6395]","protein import into nucleus; protein transport; positive regulation of type I interferon production; entry of viral genome into host nucleus through nuclear pore complex via importin; positive regulation of viral life cycle; NLS-bearing protein import into nucleus; regulation of DNA recombination; DNA metabolic process","cytoplasm; nucleus; membrane; cytosol; nucleoplasm; endoplasmic reticulum membrane; Golgi membrane; nuclear membrane; NLS-dependent protein nuclear import complex; host cell","protein binding; nuclear import signal receptor activity; RNA binding; nuclear localization sequence binding; histone deacetylase binding","GO:0006606; GO:0015031; GO:0032481; GO:0075506; GO:1903902; GO:0006607; GO:0000018; GO:0006259","GO:0005737; GO:0005634; GO:0016020; GO:0005829; GO:0005654; GO:0005789; GO:0000139; GO:0031965; GO:0042564; GO:0043657","GO:0005515; GO:0061608; GO:0003723; GO:0008139; GO:0042826"
"P52565",396,"ARHGDIA","ARHGDIA","Rho GDP dissociation inhibitor alpha [Source:HGNC Symbol;Acc:HGNC:678]","Rho protein signal transduction; negative regulation of apoptotic process; regulation of Rho protein signal transduction; semaphorin-plexin signaling pathway; regulation of synaptic vesicle cycle","cytoplasm; cytosol; cytoskeleton; extracellular exosome; membrane; Schaffer collateral - CA1 synapse; immunological synapse; nucleus","protein binding; Rho GDP-dissociation inhibitor activity; GTPase activator activity","GO:0007266; GO:0043066; GO:0035023; GO:0071526; GO:0098693","GO:0005737; GO:0005829; GO:0005856; GO:0070062; GO:0016020; GO:0098685; GO:0001772; GO:0005634","GO:0005515; GO:0005094; GO:0005096"
"P54920",8775,"NAPA","NAPA","NSF attachment protein alpha [Source:HGNC Symbol;Acc:HGNC:7641]","intracellular protein transport; protein transport; vesicle-mediated transport; membrane fusion; synaptic transmission, glutamatergic; intra-Golgi vesicle-mediated transport; regulation of synaptic vesicle priming; synaptic vesicle priming; protein-containing complex disassembly; SNARE complex disassembly; response to hyperoxia","plasma membrane; membrane; extracellular exosome; cytosol; terminal bouton; neuromuscular junction; presynaptic active zone membrane; presynapse; postsynapse; glutamatergic synapse; mitochondrion; synaptic vesicle; dendrite; cytoplasmic vesicle; lamellar body; presynaptic membrane; perikaryon; postsynaptic membrane; synaptic membrane; synaptobrevin 2-SNAP-25-syntaxin-1a complex","protein binding; syntaxin binding; protein-containing complex binding; SNARE binding; soluble NSF attachment protein activity","GO:0006886; GO:0015031; GO:0016192; GO:0061025; GO:0035249; GO:0006891; GO:0010807; GO:0016082; GO:0032984; GO:0035494; GO:0055093","GO:0005886; GO:0016020; GO:0070062; GO:0005829; GO:0043195; GO:0031594; GO:0048787; GO:0098793; GO:0098794; GO:0098978; GO:0005739; GO:0008021; GO:0030425; GO:0031410; GO:0042599; GO:0042734; GO:0043204; GO:0045211; GO:0097060; GO:0070044","GO:0005515; GO:0019905; GO:0044877; GO:0000149; GO:0005483"
"P55072",7415,"VCP","VCP","valosin containing protein [Source:HGNC Symbol;Acc:HGNC:12666]","protein ubiquitination; autophagy; DNA repair; DNA damage response; ERAD pathway; regulation of apoptotic process; double-strand break repair; autophagosome maturation; proteasomal protein catabolic process; proteasome-mediated ubiquitin-dependent protein catabolic process; macroautophagy; establishment of protein localization; stress granule disassembly; cellular response to heat; positive regulation of protein-containing complex assembly; negative regulation of hippo signaling; positive regulation of proteasomal ubiquitin-dependent protein catabolic process; positive regulation of protein catabolic process; rescue of stalled ribosome; ribosome-associated ubiquitin-dependent protein catabolic process; translesion synthesis; endosome to lysosome transport via multivesicular body sorting pathway; positive regulation of canonical Wnt signaling pathway; ubiquitin-dependent protein catabolic process; protein unfolding; viral genome replication; endoplasmic reticulum stress-induced pre-emptive quality control; mitophagy; endoplasmic reticulum to Golgi vesicle-mediated transport; positive regulation of mitochondrial membrane potential; peptidyl-lysine trimethylation; NAD+ metabolic process; negative regulation of smoothened signaling pathway; ATP metabolic process; regulation of synapse organization; cellular response to misfolded protein; flavin adenine dinucleotide catabolic process; regulation of aerobic respiration; regulation of protein localization to chromatin; positive regulation of ubiquitin-dependent protein catabolic process","cytosol; nucleus; cytoplasm; nucleoplasm; endoplasmic reticulum membrane; endoplasmic reticulum; extracellular exosome; cytoplasmic stress granule; extracellular region; protein-containing complex; VCP-NPL4-UFD1 AAA ATPase complex; site of double-strand break; secretory granule lumen; ficolin-1-rich granule lumen; perinuclear region of cytoplasm; azurophil granule lumen; intracellular membrane-bounded organelle; proteasome complex; synapse; glutamatergic synapse; lipid droplet; cytoplasmic ubiquitin ligase complex; ATPase complex","ATP binding; hydrolase activity; ATP hydrolysis activity; protein binding; nucleotide binding; RNA binding; lipid binding; identical protein binding; protein-containing complex binding; protein domain specific binding; ubiquitin-modified protein reader activity; protein phosphatase binding; ubiquitin protein ligase binding; ubiquitin-specific protease binding; ubiquitin-like protein ligase binding; polyubiquitin modification-dependent protein binding; deubiquitinase activator activity; MHC class I protein binding; ADP binding","GO:0016567; GO:0006914; GO:0006281; GO:0006974; GO:0036503; GO:0042981; GO:0006302; GO:0097352; GO:0010498; GO:0043161; GO:0016236; GO:0045184; GO:0035617; GO:0034605; GO:0031334; GO:0035331; GO:0032436; GO:0045732; GO:0072344; GO:1990116; GO:0019985; GO:0032510; GO:0090263; GO:0006511; GO:0043335; GO:0019079; GO:0061857; GO:0000423; GO:0006888; GO:0010918; GO:0018023; GO:0019674; GO:0045879; GO:0046034; GO:0050807; GO:0071218; GO:0072389; GO:1903715; GO:1905634; GO:2000060","GO:0005829; GO:0005634; GO:0005737; GO:0005654; GO:0005789; GO:0005783; GO:0070062; GO:0010494; GO:0005576; GO:0032991; GO:0034098; GO:0035861; GO:0034774; GO:1904813; GO:0048471; GO:0035578; GO:0043231; GO:0000502; GO:0045202; GO:0098978; GO:0005811; GO:0000153; GO:1904949","GO:0005524; GO:0016787; GO:0016887; GO:0005515; GO:0000166; GO:0003723; GO:0008289; GO:0042802; GO:0044877; GO:0019904; GO:0140036; GO:0019903; GO:0031625; GO:1990381; GO:0044389; GO:0031593; GO:0035800; GO:0042288; GO:0043531"
"P55268",3913,"LAMB2","LAMB2","laminin subunit beta 2 [Source:HGNC Symbol;Acc:HGNC:6487]","cell adhesion; substrate adhesion-dependent cell spreading; positive regulation of cell adhesion; positive regulation of muscle cell differentiation","extracellular region; basement membrane; extracellular exosome; extracellular space; laminin-3 complex; extracellular matrix; endoplasmic reticulum lumen; laminin-11 complex; laminin-522 complex; laminin-15 complex; laminin-4 complex; laminin-7 complex; laminin-9 complex; neuromuscular junction; synaptic cleft; synapse; laminin complex; laminin-14 complex","protein binding; extracellular matrix structural constituent; structural molecule activity; integrin binding","GO:0007155; GO:0034446; GO:0045785; GO:0051149","GO:0005576; GO:0005604; GO:0070062; GO:0005615; GO:0005608; GO:0031012; GO:0005788; GO:0043260; GO:1990339; GO:1990340; GO:0005609; GO:0005612; GO:0043258; GO:0031594; GO:0043083; GO:0045202; GO:0043256; GO:1990338","GO:0005515; GO:0005201; GO:0005198; GO:0005178"
"P60033",975,"CD81","CD81","CD81 molecule [Source:HGNC Symbol;Acc:HGNC:1701]","immune system process; regulation of cell population proliferation; adaptive immune response; symbiont entry into host cell; receptor internalization; positive regulation of MAPK cascade; protein localization to plasma membrane; myoblast fusion involved in skeletal muscle regeneration; positive regulation of transcription by RNA polymerase II; regulation of protein stability; humoral immune response mediated by circulating immunoglobulin; cellular response to low-density lipoprotein particle stimulus; regulation of macrophage migration; immunological synapse formation; osteoclast fusion; positive regulation of inflammatory response to antigenic stimulus; positive regulation of B cell proliferation; macrophage fusion; CD4-positive, alpha-beta T cell costimulation; positive regulation of B cell activation; protein localization to lysosome; positive regulation of protein exit from endoplasmic reticulum; positive regulation of receptor clustering; positive regulation of protein catabolic process in the vacuole; positive regulation of adaptive immune memory response","membrane; extracellular exosome; plasma membrane; focal adhesion; vesicle; basolateral plasma membrane; immunological synapse; tetraspanin-enriched microdomain; basal plasma membrane","protein binding; lipid binding; integrin binding; virus receptor activity; cholesterol binding; MHC class II protein complex binding; MHC class II protein binding","GO:0002376; GO:0042127; GO:0002250; GO:0046718; GO:0031623; GO:0043410; GO:0072659; GO:0014905; GO:0045944; GO:0031647; GO:0002455; GO:0071404; GO:1905521; GO:0001771; GO:0072675; GO:0002863; GO:0030890; GO:0034238; GO:0035783; GO:0050871; GO:0061462; GO:0070863; GO:1903911; GO:1904352; GO:1905676","GO:0016020; GO:0070062; GO:0005886; GO:0005925; GO:0031982; GO:0016323; GO:0001772; GO:0097197; GO:0009925","GO:0005515; GO:0008289; GO:0005178; GO:0001618; GO:0015485; GO:0023026; GO:0042289"
"P61006",4218,"RAB8A","RAB8A","RAB8A, member RAS oncogene family [Source:HGNC Symbol;Acc:HGNC:7007]","autophagy; protein transport; cell projection organization; axonogenesis; cilium assembly; protein localization to cilium; Golgi organization; protein localization to plasma membrane; cellular response to insulin stimulus; exocytosis; endocytic recycling; regulation of autophagy; vesicle docking involved in exocytosis; regulation of protein localization; regulation of long-term neuronal synaptic plasticity; Golgi vesicle fusion to target membrane; regulation of protein transport; neurotransmitter receptor transport, endosome to postsynaptic membrane; neurotransmitter receptor transport to postsynaptic membrane","cytoplasm; plasma membrane; Golgi apparatus; endosome membrane; cytoplasmic vesicle; lysosome; recycling endosome membrane; ciliary basal body; extracellular exosome; axoneme; midbody; centrosome; phagocytic vesicle membrane; centriole; cilium; recycling endosome; phagocytic vesicle; cytosol; trans-Golgi network membrane; Golgi membrane; synaptic vesicle; endosome; trans-Golgi network transport vesicle; non-motile cilium; synapse; glutamatergic synapse; dendrite; neuronal cell body; ciliary membrane; ciliary base","GTPase activity; GTP binding; nucleotide binding; hydrolase activity; protein binding; G protein activity; myosin V binding; small GTPase binding; GDP binding; protein kinase binding; protein tyrosine kinase binding","GO:0006914; GO:0015031; GO:0030030; GO:0007409; GO:0060271; GO:0061512; GO:0007030; GO:0072659; GO:0032869; GO:0006887; GO:0032456; GO:0010506; GO:0006904; GO:0032880; GO:0048169; GO:0048210; GO:0051223; GO:0098887; GO:0098969","GO:0005737; GO:0005886; GO:0005794; GO:0010008; GO:0031410; GO:0005764; GO:0055038; GO:0036064; GO:0070062; GO:0005930; GO:0030496; GO:0005813; GO:0030670; GO:0005814; GO:0005929; GO:0055037; GO:0045335; GO:0005829; GO:0032588; GO:0000139; GO:0008021; GO:0005768; GO:0030140; GO:0097730; GO:0045202; GO:0098978; GO:0030425; GO:0043025; GO:0060170; GO:0097546","GO:0003924; GO:0005525; GO:0000166; GO:0016787; GO:0005515; GO:0003925; GO:0031489; GO:0031267; GO:0019003; GO:0019901; GO:1990782"
"P61224",5908,"RAP1B","RAP1B","RAP1B, member of RAS oncogene family [Source:HGNC Symbol;Acc:HGNC:9857]","signal transduction; Rap protein signal transduction; regulation of establishment of cell polarity; establishment of endothelial barrier; cellular response to cAMP; adenylate cyclase-activating G protein-coupled receptor signaling pathway; modification of postsynaptic structure; regulation of cell junction assembly; negative regulation of synaptic vesicle exocytosis","membrane; plasma membrane; cytosol; extracellular exosome; anchoring junction; lipid droplet; cell-cell junction; azurophil granule membrane; dense core granule; glutamatergic synapse","GTPase activity; GTP binding; nucleotide binding; hydrolase activity; protein binding; G protein activity; GDP binding; protein-containing complex binding","GO:0007165; GO:0032486; GO:2000114; GO:0061028; GO:0071320; GO:0007189; GO:0099010; GO:1901888; GO:2000301","GO:0016020; GO:0005886; GO:0005829; GO:0070062; GO:0070161; GO:0005811; GO:0005911; GO:0035577; GO:0031045; GO:0098978","GO:0003924; GO:0005525; GO:0000166; GO:0016787; GO:0005515; GO:0003925; GO:0019003; GO:0044877"
"P61586",387,"RHOA","RHOA","ras homolog family member A [Source:HGNC Symbol;Acc:HGNC:667]","small GTPase-mediated signal transduction; cellular response to cytokine stimulus; negative regulation of cell-substrate adhesion; cell division; mitotic cytokinesis; positive regulation of cell migration; wound healing, spreading of cells; cell migration; positive regulation of canonical NF-kappaB signal transduction; regulation of cell migration; actin cytoskeleton organization; Roundabout signaling pathway; negative chemotaxis; regulation of actin cytoskeleton organization; cellular response to lipopolysaccharide; Rho protein signal transduction; cell junction assembly; cleavage furrow formation; positive regulation of protein serine/threonine kinase activity; establishment of epithelial cell apical/basal polarity; substantia nigra development; stress fiber assembly; positive regulation of T cell migration; positive regulation of cytokinesis; Wnt signaling pathway, planar cell polarity pathway; semaphorin-plexin signaling pathway; mitotic spindle assembly; substrate adhesion-dependent cell spreading; apical junction assembly; endothelial cell migration; apolipoprotein A-I-mediated signaling pathway; positive regulation of lipase activity; regulation of focal adhesion assembly; mitotic cleavage furrow formation; aortic valve formation; positive regulation of neuron differentiation; negative regulation of cell migration involved in sprouting angiogenesis; endothelial tube lumen extension; cytoplasmic microtubule organization; negative regulation of cell size; bone trabecula morphogenesis; regulation of modification of postsynaptic structure; alpha-beta T cell lineage commitment; odontogenesis; beta selection; positive regulation of alpha-beta T cell differentiation; regulation of microtubule cytoskeleton organization; negative regulation of oxidative phosphorylation; negative regulation of reactive oxygen species biosynthetic process","nucleus; cytoplasm; plasma membrane; cytosol; cleavage furrow; cytoskeleton; focal adhesion; extracellular exosome; lamellipodium; midbody; cell cortex; cell periphery; dendrite; endoplasmic reticulum membrane; cytoplasmic side of plasma membrane; apical junction complex; secretory granule membrane; cell junction; glutamatergic synapse; ficolin-1-rich granule membrane; postsynapse; dendritic spine; vesicle; endosome; ruffle membrane","GTPase activity; GTP binding; protein binding; nucleotide binding; hydrolase activity; G protein activity; protein kinase binding; myosin binding","GO:0007264; GO:0071345; GO:0010812; GO:0051301; GO:0000281; GO:0030335; GO:0044319; GO:0016477; GO:0043123; GO:0030334; GO:0030036; GO:0035385; GO:0050919; GO:0032956; GO:0071222; GO:0007266; GO:0034329; GO:0036089; GO:0071902; GO:0045198; GO:0021762; GO:0043149; GO:2000406; GO:0032467; GO:0060071; GO:0071526; GO:0090307; GO:0034446; GO:0043297; GO:0043542; GO:0038027; GO:0060193; GO:0051893; GO:1903673; GO:0003189; GO:0045666; GO:0090051; GO:0097498; GO:0031122; GO:0045792; GO:0061430; GO:0099159; GO:0002363; GO:0042476; GO:0043366; GO:0046638; GO:0070507; GO:0090324; GO:1903427","GO:0005634; GO:0005737; GO:0005886; GO:0005829; GO:0032154; GO:0005856; GO:0005925; GO:0070062; GO:0030027; GO:0030496; GO:0005938; GO:0071944; GO:0030425; GO:0005789; GO:0009898; GO:0043296; GO:0030667; GO:0030054; GO:0098978; GO:0101003; GO:0098794; GO:0043197; GO:0031982; GO:0005768; GO:0032587","GO:0003924; GO:0005525; GO:0005515; GO:0000166; GO:0016787; GO:0003925; GO:0019901; GO:0017022"
"P61769",567,"B2M","B2M","beta-2-microglobulin [Source:HGNC Symbol;Acc:HGNC:914]","immune response; immune system process; antigen processing and presentation of peptide antigen via MHC class I; response to metal ion; positive regulation of T cell activation; positive regulation of receptor-mediated endocytosis; peptide antigen assembly with MHC class I protein complex; learning or memory; negative regulation of neurogenesis; antigen processing and presentation of exogenous peptide antigen via MHC class Ib; regulation of natural killer cell mediated immunity; peptide antigen assembly with MHC class II protein complex; antigen processing and presentation of exogenous peptide antigen via MHC class II; positive regulation of immune response; negative regulation of receptor-mediated endocytosis; intracellular iron ion homeostasis; cellular response to iron ion; positive regulation of T cell cytokine production; antigen processing and presentation of endogenous peptide antigen via MHC class I; regulation of iron ion transport; negative regulation of iron ion transport; negative regulation of epithelial cell proliferation; cellular response to nicotine; amyloid fibril formation; sensory perception of smell","MHC class I protein complex; extracellular region; extracellular space; membrane; plasma membrane; focal adhesion; endoplasmic reticulum; Golgi apparatus; extracellular exosome; cell surface; late endosome membrane; phagocytic vesicle membrane; Golgi membrane; endoplasmic reticulum lumen; specific granule lumen; tertiary granule lumen; ER to Golgi transport vesicle membrane; MHC class I peptide loading complex; lysosomal membrane; early endosome membrane; recycling endosome membrane; MHC class II protein complex; early endosome lumen; external side of plasma membrane","protein binding; structural molecule activity; peptide antigen binding; identical protein binding; protein homodimerization activity; MHC class II protein complex binding","GO:0006955; GO:0002376; GO:0002474; GO:0010038; GO:0050870; GO:0048260; GO:0002502; GO:0007611; GO:0050768; GO:0002477; GO:0002715; GO:0002503; GO:0019886; GO:0050778; GO:0048261; GO:0006879; GO:0071281; GO:0002726; GO:0019885; GO:0034756; GO:0034757; GO:0050680; GO:0071316; GO:1990000; GO:0007608","GO:0042612; GO:0005576; GO:0005615; GO:0016020; GO:0005886; GO:0005925; GO:0005783; GO:0005794; GO:0070062; GO:0009986; GO:0031902; GO:0030670; GO:0000139; GO:0005788; GO:0035580; GO:1904724; GO:0012507; GO:0042824; GO:0005765; GO:0031901; GO:0055038; GO:0042613; GO:0031905; GO:0009897","GO:0005515; GO:0005198; GO:0042605; GO:0042802; GO:0042803; GO:0023026"
"P62195",5705,"PSMC5","PSMC5","proteasome 26S subunit, ATPase 5 [Source:HGNC Symbol;Acc:HGNC:9552]","positive regulation of DNA-templated transcription; regulation of transcription by RNA polymerase II; proteasome-mediated ubiquitin-dependent protein catabolic process; positive regulation of proteasomal protein catabolic process; positive regulation of inclusion body assembly; proteasomal protein catabolic process; negative regulation of programmed cell death; response to oxidative stress; regulation of proteasomal protein catabolic process; cellular response to type I interferon","nucleus; cytoplasm; membrane; cytosol; plasma membrane; cytoplasmic vesicle; extracellular exosome; proteasome complex; proteasome accessory complex; synaptic vesicle; inclusion body; proteasome regulatory particle; nuclear proteasome complex; cytosolic proteasome complex; nucleoplasm; blood microparticle; proteasome regulatory particle, base subcomplex","ATP binding; ATP hydrolysis activity; nucleotide binding; protein binding; DNA-binding transcription factor binding; signaling receptor binding; TBP-class protein binding; general transcription initiation factor binding; transcription factor binding; thyrotropin-releasing hormone receptor binding","GO:0045893; GO:0006357; GO:0043161; GO:1901800; GO:0090261; GO:0010498; GO:0043069; GO:0006979; GO:0061136; GO:0071357","GO:0005634; GO:0005737; GO:0016020; GO:0005829; GO:0005886; GO:0031410; GO:0070062; GO:0000502; GO:0022624; GO:0008021; GO:0016234; GO:0005838; GO:0031595; GO:0031597; GO:0005654; GO:0072562; GO:0008540","GO:0005524; GO:0016887; GO:0000166; GO:0005515; GO:0140297; GO:0005102; GO:0017025; GO:0140296; GO:0008134; GO:0031531"
"P62258",7531,"YWHAE","YWHAE","tyrosine 3-monooxygenase/tryptophan 5-monooxygenase activation protein epsilon [Source:HGNC Symbol;Acc:HGNC:12851]","regulation of membrane repolarization; regulation of heart rate by hormone; signal transduction; MAPK cascade; positive regulation of hippo signaling; substantia nigra development; cellular response to heat; protein localization to nucleus; cytoplasmic pattern recognition receptor signaling pathway; intracellular signal transduction; protein localization; regulation of heart rate by cardiac conduction; positive regulation of protein export from nucleus; membrane repolarization during cardiac muscle cell action potential; negative regulation of protein import into nucleus; negative regulation of toll-like receptor signaling pathway; negative regulation of calcium ion export across plasma membrane; regulation of mitotic cell cycle; intracellular potassium ion homeostasis; regulation of potassium ion transmembrane transport; regulation of cytosolic calcium ion concentration; protein localization to endoplasmic reticulum","cytosol; nucleus; cytoplasm; membrane; melanosome; focal adhesion; mitochondrial membrane; endoplasmic reticulum; extracellular exosome; plasma membrane","RNA binding; enzyme binding; protein binding; identical protein binding; signaling adaptor activity; scaffold protein binding; cadherin binding; protein heterodimerization activity; transmembrane transporter binding; protein sequestering activity; molecular function inhibitor activity; ubiquitin protein ligase binding; histone deacetylase binding; potassium channel regulator activity; MHC class II protein complex binding; calcium channel regulator activity; phosphoserine residue binding; phosphoprotein binding; calcium channel inhibitor activity; protein phosphatase inhibitor activity; protein phosphatase binding; protein domain specific binding","GO:0060306; GO:0003064; GO:0007165; GO:0000165; GO:0035332; GO:0021762; GO:0034605; GO:0034504; GO:0002753; GO:0035556; GO:0008104; GO:0086091; GO:0046827; GO:0086013; GO:0042308; GO:0034122; GO:1905913; GO:0007346; GO:0030007; GO:1901379; GO:0051480; GO:0070972","GO:0005829; GO:0005634; GO:0005737; GO:0016020; GO:0042470; GO:0005925; GO:0031966; GO:0005783; GO:0070062; GO:0005886","GO:0003723; GO:0019899; GO:0005515; GO:0042802; GO:0035591; GO:0097110; GO:0045296; GO:0046982; GO:0044325; GO:0140311; GO:0140678; GO:0031625; GO:0042826; GO:0015459; GO:0023026; GO:0005246; GO:0050815; GO:0051219; GO:0019855; GO:0004864; GO:0019903; GO:0019904"
"P62820",5861,"RAB1A","RAB1A","RAB1A, member RAS oncogene family [Source:HGNC Symbol;Acc:HGNC:9758]","endocytosis; autophagosome assembly; autophagy; protein transport; vesicle-mediated transport; cell migration; defense response to bacterium; endoplasmic reticulum to Golgi vesicle-mediated transport; positive regulation of interleukin-8 production; intracellular protein transport; Golgi organization; COPII-coated vesicle cargo loading; vesicle transport along microtubule; virion assembly; growth hormone secretion; positive regulation of glycoprotein metabolic process; melanosome transport; substrate adhesion-dependent cell spreading","membrane; Golgi apparatus; endoplasmic reticulum; cytosol; melanosome; extracellular exosome; early endosome; endomembrane system; Golgi membrane; transport vesicle membrane","nucleotide binding; GTPase activity; GTP binding; hydrolase activity; metal ion binding; protein binding; G protein activity; cadherin binding","GO:0006897; GO:0000045; GO:0006914; GO:0015031; GO:0016192; GO:0016477; GO:0042742; GO:0006888; GO:0032757; GO:0006886; GO:0007030; GO:0090110; GO:0047496; GO:0019068; GO:0030252; GO:1903020; GO:0032402; GO:0034446","GO:0016020; GO:0005794; GO:0005783; GO:0005829; GO:0042470; GO:0070062; GO:0005769; GO:0012505; GO:0000139; GO:0030658","GO:0000166; GO:0003924; GO:0005525; GO:0016787; GO:0046872; GO:0005515; GO:0003925; GO:0045296"
"P62837",7322,"UBE2D2","UBE2D2","ubiquitin conjugating enzyme E2 D2 [Source:HGNC Symbol;Acc:HGNC:12475]","protein ubiquitination; protein K48-linked ubiquitination; ubiquitin-dependent protein catabolic process; protein modification process; protein polyubiquitination; protein autoubiquitination","extracellular exosome; nucleus; nucleoplasm; cytosol; protein-containing complex","nucleotide binding; transferase activity; ATP binding; protein binding; ubiquitin-protein transferase activity; ubiquitin conjugating enzyme activity; ubiquitin protein ligase activity","GO:0016567; GO:0070936; GO:0006511; GO:0036211; GO:0000209; GO:0051865","GO:0070062; GO:0005634; GO:0005654; GO:0005829; GO:0032991","GO:0000166; GO:0016740; GO:0005524; GO:0005515; GO:0004842; GO:0061631; GO:0061630"
"P62873",2782,"GNB1","GNB1","G protein subunit beta 1 [Source:HGNC Symbol;Acc:HGNC:4396]","signal transduction; G protein-coupled receptor signaling pathway; cellular response to prostaglandin E stimulus; Ras protein signal transduction; adenylate cyclase-activating dopamine receptor signaling pathway; cellular response to catecholamine stimulus; G protein-coupled acetylcholine receptor signaling pathway","heterotrimeric G-protein complex; extracellular exosome; lysosomal membrane; cytoplasm; plasma membrane; extracellular vesicle; cytosol; membrane; photoreceptor disc membrane; synapse; photoreceptor outer segment","protein binding; GTPase activity; protein-containing complex binding; signaling receptor complex adaptor activity; GTPase binding","GO:0007165; GO:0007186; GO:0071380; GO:0007265; GO:0007191; GO:0071870; GO:0007213","GO:0005834; GO:0070062; GO:0005765; GO:0005737; GO:0005886; GO:1903561; GO:0005829; GO:0016020; GO:0097381; GO:0045202; GO:0001750","GO:0005515; GO:0003924; GO:0044877; GO:0030159; GO:0051020"
"P62987",7311,"UBA52","UBA52","ubiquitin A-52 residue ribosomal protein fusion product 1 [Source:HGNC Symbol;Acc:HGNC:12458]","translation; protein ubiquitination; spermatogenesis; cytoplasmic translation; protein modification process; modification-dependent protein catabolic process; striated muscle contraction; response to insecticide","ribosome; nucleus; cytoplasm; extracellular space; extracellular exosome; vesicle; ribonucleoprotein complex; lysosomal membrane; plasma membrane; cytosolic ribosome; nucleoplasm; large ribosomal subunit; endoplasmic reticulum membrane; cytosol; endosome membrane; mitochondrial outer membrane; endocytic vesicle membrane; cytosolic large ribosomal subunit","structural constituent of ribosome; protein binding; protein tag activity","GO:0006412; GO:0016567; GO:0007283; GO:0002181; GO:0036211; GO:0019941; GO:0006941; GO:0017085","GO:0005840; GO:0005634; GO:0005737; GO:0005615; GO:0070062; GO:0031982; GO:1990904; GO:0005765; GO:0005886; GO:0022626; GO:0005654; GO:0015934; GO:0005789; GO:0005829; GO:0010008; GO:0005741; GO:0030666; GO:0022625","GO:0003735; GO:0005515; GO:0031386"
"P63218",2787,"GNG5","GNG5","G protein subunit gamma 5 [Source:HGNC Symbol;Acc:HGNC:4408]","G protein-coupled receptor signaling pathway; signal transduction","heterotrimeric G-protein complex; plasma membrane; membrane; extracellular exosome; G-protein beta/gamma-subunit complex","G-protein beta-subunit binding; protein binding; GTPase activity; PDZ domain binding","GO:0007186; GO:0007165","GO:0005834; GO:0005886; GO:0016020; GO:0070062; GO:0031680","GO:0031681; GO:0005515; GO:0003924; GO:0030165"
"P63241",1984,"EIF5A","EIF5A","eukaryotic translation initiation factor 5A [Source:HGNC Symbol;Acc:HGNC:3300]","positive regulation of translational elongation; positive regulation of translational termination; translation; translational elongation; positive regulation of transcription by RNA polymerase II; tumor necrosis factor-mediated signaling pathway; cellular response to virus","nucleus; cytoplasm; membrane; cytosol; nucleoplasm; endoplasmic reticulum membrane; nuclear pore; annulate lamellae","RNA binding; translation elongation factor activity; ribosome binding; protein binding; U6 snRNA binding","GO:0045901; GO:0045905; GO:0006412; GO:0006414; GO:0045944; GO:0033209; GO:0098586","GO:0005634; GO:0005737; GO:0016020; GO:0005829; GO:0005654; GO:0005789; GO:0005643; GO:0005642","GO:0003723; GO:0003746; GO:0043022; GO:0005515; GO:0017070"
"P67809",4904,"YBX1","YBX1","Y-box binding protein 1 [Source:HGNC Symbol;Acc:HGNC:8014]","RNA splicing; mRNA processing; negative regulation of translation; regulation of DNA-templated transcription; positive regulation of cell division; regulation of gene expression; mRNA stabilization; positive regulation of transcription by RNA polymerase II; CRD-mediated mRNA stabilization; epidermis development; negative regulation of nuclear-transcribed mRNA catabolic process, deadenylation-dependent decay; embryonic morphogenesis; miRNA transport; RNA transport; tRNA transport","nucleus; cytoplasm; extracellular region; cytosol; extracellular exosome; P-body; cytoplasmic stress granule; ribonucleoprotein complex; nucleoplasm; CRD-mediated mRNA stability complex; histone pre-mRNA 3'end processing complex; U12-type spliceosomal complex; synapse","nucleic acid binding; protein binding; RNA binding; DNA binding; miRNA binding; sequence-specific double-stranded DNA binding; GTPase binding; double-stranded DNA binding; chromatin binding; single-stranded DNA binding; mRNA binding; C5-methylcytidine-containing RNA reader activity","GO:0008380; GO:0006397; GO:0017148; GO:0006355; GO:0051781; GO:0010468; GO:0048255; GO:0045944; GO:0070934; GO:0008544; GO:1900152; GO:0048598; GO:1990428; GO:0050658; GO:0051031","GO:0005634; GO:0005737; GO:0005576; GO:0005829; GO:0070062; GO:0000932; GO:0010494; GO:1990904; GO:0005654; GO:0070937; GO:0071204; GO:0005689; GO:0045202","GO:0003676; GO:0005515; GO:0003723; GO:0003677; GO:0035198; GO:1990837; GO:0051020; GO:0003690; GO:0003682; GO:0003697; GO:0003729; GO:0062153"
"P68104",1915,"EEF1A1","EEF1A1","eukaryotic translation elongation factor 1 alpha 1 [Source:HGNC Symbol;Acc:HGNC:3189]","translational elongation; translation; cellular response to epidermal growth factor stimulus; positive regulation by host of viral genome replication; regulation of chaperone-mediated autophagy","nucleus; cytoplasm; extracellular space; plasma membrane; membrane; cytosol; ruffle membrane; extracellular exosome; nucleolus; ribosome; extracellular region; cytosolic ribosome; cortical actin cytoskeleton; secretory granule lumen; ficolin-1-rich granule lumen; eukaryotic translation elongation factor 1 complex; cytoplasmic side of lysosomal membrane","GTPase activity; GTP binding; translation elongation factor activity; protein binding; nucleotide binding; RNA binding; hydrolase activity; tRNA binding; protein kinase binding; kinase binding; molecular adaptor activity; kinase activator activity; calmodulin binding","GO:0006414; GO:0006412; GO:0071364; GO:0044829; GO:1904714","GO:0005634; GO:0005737; GO:0005615; GO:0005886; GO:0016020; GO:0005829; GO:0032587; GO:0070062; GO:0005730; GO:0005840; GO:0005576; GO:0022626; GO:0030864; GO:0034774; GO:1904813; GO:0005853; GO:0098574","GO:0003924; GO:0005525; GO:0003746; GO:0005515; GO:0000166; GO:0003723; GO:0016787; GO:0000049; GO:0019901; GO:0019900; GO:0060090; GO:0019209; GO:0005516"
"P80723",10409,"BASP1","BASP1","brain abundant membrane attached signal protein 1 [Source:HGNC Symbol;Acc:HGNC:957]","negative regulation of DNA-templated transcription; gonad development; substantia nigra development; podocyte differentiation; diaphragm development; thorax and anterior abdomen determination; mesenchymal to epithelial transition; positive regulation of heart growth; metanephric mesenchyme development; protein homooligomerization; supramolecular fiber organization","nucleus; cytoplasm; nuclear speck; plasma membrane; PML body; extracellular exosome; growth cone; vesicle; COP9 signalosome; nuclear matrix; cytoskeleton; chromatin","protein binding; transcription corepressor activity; transcription cis-regulatory region binding; protein domain specific binding; calmodulin binding","GO:0045892; GO:0008406; GO:0021762; GO:0072112; GO:0060539; GO:0007356; GO:0060231; GO:0060421; GO:0072075; GO:0051260; GO:0097435","GO:0005634; GO:0005737; GO:0016607; GO:0005886; GO:0016605; GO:0070062; GO:0030426; GO:0031982; GO:0008180; GO:0016363; GO:0005856; GO:0000785","GO:0005515; GO:0003714; GO:0000976; GO:0019904; GO:0005516"
"P84095",391,"RHOG","RHOG","ras homolog family member G [Source:HGNC Symbol;Acc:HGNC:672]","small GTPase-mediated signal transduction; regulation of actin cytoskeleton organization; actin filament organization; activation of GTPase activity; regulation of cell shape; positive regulation of protein localization to plasma membrane; positive regulation of DNA-templated transcription; cell chemotaxis; Rho protein signal transduction; establishment or maintenance of cell polarity; Rac protein signal transduction; positive regulation of cell population proliferation; cortical cytoskeleton organization; actin cytoskeleton organization","plasma membrane; focal adhesion; extracellular exosome; cytoskeleton; endoplasmic reticulum membrane; cytosol; cytoplasmic vesicle; secretory granule membrane; glutamatergic synapse; postsynapse","GTPase activity; GTP binding; nucleotide binding; protein binding; protein kinase binding","GO:0007264; GO:0032956; GO:0007015; GO:0090630; GO:0008360; GO:1903078; GO:0045893; GO:0060326; GO:0007266; GO:0007163; GO:0016601; GO:0008284; GO:0030865; GO:0030036","GO:0005886; GO:0005925; GO:0070062; GO:0005856; GO:0005789; GO:0005829; GO:0031410; GO:0030667; GO:0098978; GO:0098794","GO:0003924; GO:0005525; GO:0000166; GO:0005515; GO:0019901"
"P98088",4586,"MUC5AC","MUC5AC","mucin 5AC, oligomeric mucus/gel-forming [Source:HGNC Symbol;Acc:HGNC:7515]","","extracellular region; extracellular space; extracellular exosome; plasma membrane; Golgi lumen; extracellular matrix; mucus layer","protein binding; metal ion binding; extracellular matrix structural constituent","","GO:0005576; GO:0005615; GO:0070062; GO:0005886; GO:0005796; GO:0031012; GO:0070701","GO:0005515; GO:0046872; GO:0005201"
"P98160",3339,"HSPG2","HSPG2","heparan sulfate proteoglycan 2 [Source:HGNC Symbol;Acc:HGNC:5273]","inflammatory response; cell differentiation; angiogenesis; brain development; circulatory system development; protein localization to synapse; negative regulation of angiogenesis; receptor-mediated endocytosis; lipid metabolic process; negative regulation of synaptic transmission, cholinergic","extracellular space; extracellular region; focal adhesion; basement membrane; extracellular exosome; extracellular matrix; plasma membrane; Golgi lumen; neuron projection; lysosomal lumen; plasma membrane protein complex; neuromuscular junction; elastic fiber; microfibril","protein binding; calcium ion binding; metal ion binding; molecular adaptor activity; amyloid-beta binding; extracellular matrix structural constituent conferring compression resistance","GO:0006954; GO:0030154; GO:0001525; GO:0007420; GO:0072359; GO:0035418; GO:0016525; GO:0006898; GO:0006629; GO:0032223","GO:0005615; GO:0005576; GO:0005925; GO:0005604; GO:0070062; GO:0031012; GO:0005886; GO:0005796; GO:0043005; GO:0043202; GO:0098797; GO:0031594; GO:0071953; GO:0001527","GO:0005515; GO:0005509; GO:0046872; GO:0060090; GO:0001540; GO:0030021"
"Q00610",1213,"CLTC","CLTC","clathrin heavy chain [Source:HGNC Symbol;Acc:HGNC:2092]","intracellular protein transport; vesicle-mediated transport; cell division; autophagy; receptor-mediated endocytosis; retrograde transport, endosome to Golgi; osteoblast differentiation; mitotic cell cycle; chromosome segregation; clathrin coat disassembly; clathrin coat assembly; clathrin-dependent endocytosis; negative regulation of protein localization to plasma membrane; mitotic spindle organization; receptor internalization; regulation of mitotic spindle organization","clathrin coat of trans-Golgi network vesicle; clathrin coat of coated pit; clathrin complex; membrane; melanosome; focal adhesion; cytoplasmic vesicle; extracellular exosome; spindle; plasma membrane; mitotic spindle; lysosome; endosome; trans-Golgi network; clathrin-coated pit; clathrin-coated vesicle; cytoplasmic vesicle membrane; extracellular vesicle; cytosol; protein-containing complex; trans-Golgi network membrane; clathrin-coated endocytic vesicle membrane; endolysosome membrane; kinetochore microtubule; clathrin-coated endocytic vesicle; clathrin coat; photoreceptor ribbon synapse; presynaptic endocytic zone membrane; postsynaptic endocytic zone; glutamatergic synapse; membrane coat","protein binding; structural molecule activity; clathrin light chain binding; RNA binding; double-stranded RNA binding; protein kinase binding; disordered domain specific binding; ubiquitin-specific protease binding","GO:0006886; GO:0016192; GO:0051301; GO:0006914; GO:0006898; GO:0042147; GO:0001649; GO:0000278; GO:0007059; GO:0072318; GO:0048268; GO:0072583; GO:1903077; GO:0007052; GO:0031623; GO:0060236","GO:0030130; GO:0030132; GO:0071439; GO:0016020; GO:0042470; GO:0005925; GO:0031410; GO:0070062; GO:0005819; GO:0005886; GO:0072686; GO:0005764; GO:0005768; GO:0005802; GO:0005905; GO:0030136; GO:0030659; GO:1903561; GO:0005829; GO:0032991; GO:0032588; GO:0030669; GO:0036020; GO:0005828; GO:0045334; GO:0030118; GO:0098684; GO:0098835; GO:0098843; GO:0098978; GO:0030117","GO:0005515; GO:0005198; GO:0032051; GO:0003723; GO:0003725; GO:0019901; GO:0097718; GO:1990381"
"Q03135",857,"CAV1","CAV1","caveolin 1 [Source:HGNC Symbol;Acc:HGNC:1527]","caveola assembly; cholesterol homeostasis; negative regulation of epithelial cell differentiation; negative regulation of endothelial cell proliferation; response to hypoxia; positive regulation of cell migration; negative regulation of MAPK cascade; negative regulation of nitric oxide biosynthetic process; regulation of smooth muscle contraction; angiotensin-activated signaling pathway; negative regulation of protein ubiquitination; negative regulation of transcription by RNA polymerase II; receptor internalization; negative regulation of canonical Wnt signaling pathway; apoptotic signaling pathway; caveolin-mediated endocytosis; T cell costimulation; cell differentiation; negative regulation of pinocytosis; positive regulation of canonical NF-kappaB signal transduction; vesicle organization; canonical Wnt signaling pathway; negative regulation of receptor signaling pathway via JAK-STAT; intracellular calcium ion homeostasis; skeletal muscle tissue development; calcium ion transport; calcium ion homeostasis; protein localization; regulation of heart rate by cardiac conduction; lipid storage; positive regulation of protein ubiquitination; nitric oxide metabolic process; cellular response to hyperoxia; regulation of cytosolic calcium ion concentration; cholesterol transport; vasculogenesis; triglyceride metabolic process; positive regulation of vasoconstriction; response to calcium ion; positive regulation of calcium ion transport into cytosol; negative regulation of anoikis; mammary gland development; cellular response to peptide hormone stimulus; regulation of ventricular cardiac muscle cell action potential; regulation of cardiac muscle cell action potential involved in regulation of contraction; positive regulation of cholesterol efflux; regulation of blood coagulation; receptor-mediated endocytosis of virus by host cell; regulation of membrane repolarization during action potential; cellular response to misfolded protein; response to progesterone; response to estrogen; response to bacterium; post-transcriptional regulation of gene expression; positive regulation of gene expression; regulation of fatty acid metabolic process; maintenance of protein location in cell; intracellular nitric oxide homeostasis; protein localization to plasma membrane raft; membrane depolarization; mammary gland involution; negative regulation of necroptotic process; regulation of ruffle assembly; negative regulation of BMP signaling pathway; cellular response to starvation","perinuclear region of cytoplasm; cytoplasm; plasma membrane; Golgi apparatus; focal adhesion; cytoplasmic vesicle; membrane; Golgi membrane; membrane raft; endosome; protein-containing complex; caveola; endocytic vesicle membrane; endoplasmic reticulum membrane; sarcolemma; endoplasmic reticulum; lipid droplet; apical plasma membrane; early endosome membrane; basolateral plasma membrane; acrosomal membrane; cilium; cell cortex; caveolar macromolecular signaling complex","protein binding; enzyme binding; transmembrane transporter binding; protein kinase binding; molecular adaptor activity; protein sequestering activity; signaling receptor binding; identical protein binding; oxysterol binding; protein-containing complex binding; patched binding; cholesterol binding; peptidase activator activity; protein tyrosine kinase inhibitor activity; protein-macromolecule adaptor activity; small GTPase binding; protein heterodimerization activity; inward rectifier potassium channel inhibitor activity","GO:0070836; GO:0042632; GO:0030857; GO:0001937; GO:0001666; GO:0030335; GO:0043409; GO:0045019; GO:0006940; GO:0038166; GO:0031397; GO:0000122; GO:0031623; GO:0090090; GO:0097190; GO:0072584; GO:0031295; GO:0030154; GO:0048550; GO:0043123; GO:0016050; GO:0060070; GO:0046426; GO:0006874; GO:0007519; GO:0006816; GO:0055074; GO:0008104; GO:0086091; GO:0019915; GO:0031398; GO:0046209; GO:0071455; GO:0051480; GO:0030301; GO:0001570; GO:0006641; GO:0045907; GO:0051592; GO:0010524; GO:2000811; GO:0030879; GO:0071375; GO:0098911; GO:0098909; GO:0010875; GO:0030193; GO:0019065; GO:0098903; GO:0071218; GO:0032570; GO:0043627; GO:0009617; GO:0010608; GO:0010628; GO:0019217; GO:0032507; GO:0033484; GO:0044860; GO:0051899; GO:0060056; GO:0060546; GO:1900027; GO:0030514; GO:0009267","GO:0048471; GO:0005737; GO:0005886; GO:0005794; GO:0005925; GO:0031410; GO:0016020; GO:0000139; GO:0045121; GO:0005768; GO:0032991; GO:0005901; GO:0030666; GO:0005789; GO:0042383; GO:0005783; GO:0005811; GO:0016324; GO:0031901; GO:0016323; GO:0002080; GO:0005929; GO:0005938; GO:0002095","GO:0005515; GO:0019899; GO:0044325; GO:0019901; GO:0060090; GO:0140311; GO:0005102; GO:0042802; GO:0008142; GO:0044877; GO:0005113; GO:0015485; GO:0016504; GO:0030292; GO:0030674; GO:0031267; GO:0046982; GO:0070320"
"Q08380",3959,"LGALS3BP","LGALS3BP","galectin 3 binding protein [Source:HGNC Symbol;Acc:HGNC:6564]","cell adhesion; vesicle-mediated transport; signal transduction; cellular defense response","membrane; extracellular region; extracellular space; extracellular exosome; blood microparticle; extracellular matrix","protein binding; scavenger receptor activity","GO:0007155; GO:0016192; GO:0007165; GO:0006968","GO:0016020; GO:0005576; GO:0005615; GO:0070062; GO:0072562; GO:0031012","GO:0005515; GO:0005044"
"Q08431",4240,"MFGE8","MFGE8","milk fat globule EGF and factor V/VIII domain containing [Source:HGNC Symbol;Acc:HGNC:7036]","cell adhesion; angiogenesis; single fertilization; apoptotic cell clearance","extracellular region; extracellular space; membrane; cytoplasmic vesicle; extracellular exosome; acrosomal membrane; extracellular vesicle; extracellular matrix; endoplasmic reticulum lumen; external side of plasma membrane","extracellular matrix structural constituent; phosphatidylserine binding; integrin binding","GO:0007155; GO:0001525; GO:0007338; GO:0043277","GO:0005576; GO:0005615; GO:0016020; GO:0031410; GO:0070062; GO:0002080; GO:1903561; GO:0031012; GO:0005788; GO:0009897","GO:0005201; GO:0001786; GO:0005178"
"Q08722",961,"CD47","CD47","CD47 molecule [Source:HGNC Symbol;Acc:HGNC:1682]","positive regulation of cell-cell adhesion; positive regulation of inflammatory response; positive regulation of phagocytosis; regulation of interleukin-6 production; regulation of tumor necrosis factor production; cellular response to interleukin-1; negative regulation of phagocytosis; apoptotic process; cell adhesion; angiogenesis; inflammatory response; positive regulation of cell population proliferation; positive regulation of immune system process; cell-cell adhesion; positive regulation of T cell activation; regulation of nitric oxide biosynthetic process; integrin-mediated signaling pathway; cell migration; ATP export; cellular response to type II interferon; regulation of type II interferon production; heterotypic cell-cell adhesion; cellular response to interleukin-12; regulation of interleukin-10 production; regulation of interleukin-12 production; regulation of Fc receptor mediated stimulatory signaling pathway","plasma membrane; specific granule membrane; tertiary granule membrane; cell surface; extracellular exosome","thrombospondin receptor activity; protein binding; cell-cell adhesion mediator activity; fibrinogen binding; protein binding involved in heterotypic cell-cell adhesion","GO:0022409; GO:0050729; GO:0050766; GO:0032675; GO:0032680; GO:0071347; GO:0050765; GO:0006915; GO:0007155; GO:0001525; GO:0006954; GO:0008284; GO:0002684; GO:0098609; GO:0050870; GO:0045428; GO:0007229; GO:0016477; GO:1904669; GO:0071346; GO:0032649; GO:0034113; GO:0071349; GO:0032653; GO:0032655; GO:0060368","GO:0005886; GO:0035579; GO:0070821; GO:0009986; GO:0070062","GO:0070053; GO:0005515; GO:0098632; GO:0070051; GO:0086080"
"Q14738",5528,"PPP2R5D","PPP2R5D","protein phosphatase 2 regulatory subunit B'delta [Source:HGNC Symbol;Acc:HGNC:9312]","signal transduction; nervous system development; meiotic sister chromatid cohesion","protein phosphatase type 2A complex; nucleus; cytoplasm; cytosol; nucleoplasm","protein phosphatase regulator activity; protein binding; protein phosphatase activator activity","GO:0007165; GO:0007399; GO:0051177","GO:0000159; GO:0005634; GO:0005737; GO:0005829; GO:0005654","GO:0019888; GO:0005515; GO:0072542"
"Q14974",3837,"KPNB1","KPNB1","karyopherin subunit beta 1 [Source:HGNC Symbol;Acc:HGNC:6400]","protein import into nucleus; protein transport; intracellular protein transport; mitotic metaphase chromosome alignment; positive regulation of cholesterol biosynthetic process; mitotic spindle assembly; NLS-bearing protein import into nucleus; ribosomal protein import into nucleus; regulation of cholesterol biosynthetic process; astral microtubule organization; RNA import into nucleus; mitotic chromosome movement towards spindle pole; establishment of mitotic spindle localization","cytoplasm; membrane; nuclear membrane; cytosol; nucleoplasm; nuclear envelope; extracellular exosome; nucleus; extracellular region; ficolin-1-rich granule lumen; specific granule lumen; nuclear pore; cytoplasmic stress granule; endoplasmic reticulum tubular network; protein-containing complex","protein binding; RNA binding; enzyme binding; small GTPase binding; protein domain specific binding; nuclear import signal receptor activity; nuclear localization sequence binding; zinc ion binding; Hsp90 protein binding; importin-alpha family protein binding","GO:0006606; GO:0015031; GO:0006886; GO:0007080; GO:0045542; GO:0090307; GO:0006607; GO:0006610; GO:0045540; GO:0030953; GO:0006404; GO:0007079; GO:0040001","GO:0005737; GO:0016020; GO:0031965; GO:0005829; GO:0005654; GO:0005635; GO:0070062; GO:0005634; GO:0005576; GO:1904813; GO:0035580; GO:0005643; GO:0010494; GO:0071782; GO:0032991","GO:0005515; GO:0003723; GO:0019899; GO:0031267; GO:0019904; GO:0061608; GO:0008139; GO:0008270; GO:0051879; GO:0061676"
"Q15005",9789,"SPCS2","SPCS2","signal peptidase complex subunit 2 [Source:HGNC Symbol;Acc:HGNC:28962]","signal peptide processing; protein targeting to ER; protein processing","membrane; signal peptidase complex; endoplasmic reticulum membrane","protein binding","GO:0006465; GO:0045047; GO:0016485","GO:0016020; GO:0005787; GO:0005789","GO:0005515"
"Q15758",6510,"SLC1A5","SLC1A5","solute carrier family 1 member 5 [Source:HGNC Symbol;Acc:HGNC:10943]","amino acid transport; transmembrane transport; L-alpha-amino acid transmembrane transport; symbiont entry into host cell; erythrocyte differentiation; transport across blood-brain barrier; neutral amino acid transport; protein homotrimerization; glutamine transport; glutamine secretion; L-serine transport","membrane; plasma membrane; melanosome; extracellular exosome; basal plasma membrane","symporter activity; metal ion binding; protein binding; antiporter activity; L-amino acid transmembrane transporter activity; virus receptor activity; signaling receptor activity; neutral L-amino acid transmembrane transporter activity; amino acid transmembrane transporter activity; L-aspartate transmembrane transporter activity; L-glutamine transmembrane transporter activity; ligand-gated channel activity","GO:0006865; GO:0055085; GO:1902475; GO:0046718; GO:0030218; GO:0150104; GO:0015804; GO:0070207; GO:0006868; GO:0010585; GO:0015825","GO:0016020; GO:0005886; GO:0042470; GO:0070062; GO:0009925","GO:0015293; GO:0046872; GO:0005515; GO:0015297; GO:0015179; GO:0001618; GO:0038023; GO:0015175; GO:0015171; GO:0015183; GO:0015186; GO:0022834"
"Q15836",9341,"VAMP3","VAMP3","vesicle associated membrane protein 3 [Source:HGNC Symbol;Acc:HGNC:12644]","vesicle-mediated transport; protein transport; retrograde transport, endosome to Golgi; membrane fusion; protein-containing complex assembly; vesicle fusion; exocytosis; substrate adhesion-dependent cell spreading; positive regulation of receptor recycling; SNARE complex assembly; vesicle docking involved in exocytosis; negative regulation of secretion by cell","membrane; plasma membrane; endomembrane system; cytosol; early endosome membrane; recycling endosome membrane; synapse; neuron projection; clathrin-coated vesicle; SNARE complex; transport vesicle; phagocytic vesicle membrane; trans-Golgi network membrane; intracellular membrane-bounded organelle; clathrin-coated endocytic vesicle membrane; recycling endosome","protein binding; SNAP receptor activity; syntaxin-1 binding","GO:0016192; GO:0015031; GO:0042147; GO:0061025; GO:0065003; GO:0006906; GO:0006887; GO:0034446; GO:0001921; GO:0035493; GO:0006904; GO:1903531","GO:0016020; GO:0005886; GO:0012505; GO:0005829; GO:0031901; GO:0055038; GO:0045202; GO:0043005; GO:0030136; GO:0031201; GO:0030133; GO:0030670; GO:0032588; GO:0043231; GO:0030669; GO:0055037","GO:0005515; GO:0005484; GO:0017075"
"Q15907",9230,"RAB11B","RAB11B","RAB11B, member RAS oncogene family [Source:HGNC Symbol;Acc:HGNC:9761]","protein transport; endocytic recycling; establishment of protein localization to membrane; regulated exocytosis; regulation of cilium assembly; receptor recycling; cellular response to acidic pH; vesicle-mediated transport to the plasma membrane; regulation of endocytic recycling; regulation of monoatomic anion transport; melanosome transport; insulin secretion involved in cellular response to glucose stimulus; constitutive secretory pathway","cytoplasmic vesicle; recycling endosome membrane; extracellular exosome; synaptic vesicle membrane; phagocytic vesicle membrane; recycling endosome; phagocytic vesicle; synaptic vesicle; cytosol; Golgi apparatus; cytoplasm","GTPase activity; GTP binding; protein binding; nucleotide binding; hydrolase activity; G protein activity; myosin V binding; cadherin binding; GDP binding","GO:0015031; GO:0032456; GO:0090150; GO:0045055; GO:1902017; GO:0001881; GO:0071468; GO:0098876; GO:2001135; GO:0044070; GO:0032402; GO:0035773; GO:0045054","GO:0031410; GO:0055038; GO:0070062; GO:0030672; GO:0030670; GO:0055037; GO:0045335; GO:0008021; GO:0005829; GO:0005794; GO:0005737","GO:0003924; GO:0005525; GO:0005515; GO:0000166; GO:0016787; GO:0003925; GO:0031489; GO:0045296; GO:0019003"
"Q16270",3490,"IGFBP7","IGFBP7","insulin like growth factor binding protein 7 [Source:HGNC Symbol;Acc:HGNC:5476]","regulation of cell growth; signal transduction; cell adhesion; angiogenesis; negative regulation of cell population proliferation; regulation of signal transduction; embryo implantation; response to retinoic acid; cellular response to hormone stimulus; regulation of steroid biosynthetic process; response to cortisol; cellular response to prostaglandin E stimulus","extracellular region; extracellular space; extracellular exosome; extracellular matrix; endoplasmic reticulum lumen","protein binding; insulin-like growth factor binding; receptor ligand activity; growth factor binding; extracellular matrix structural constituent","GO:0001558; GO:0007165; GO:0007155; GO:0001525; GO:0008285; GO:0009966; GO:0007566; GO:0032526; GO:0032870; GO:0050810; GO:0051414; GO:0071380","GO:0005576; GO:0005615; GO:0070062; GO:0031012; GO:0005788","GO:0005515; GO:0005520; GO:0048018; GO:0019838; GO:0005201"
"Q16543",11140,"CDC37","CDC37","cell division cycle 37, HSP90 cochaperone [Source:HGNC Symbol;Acc:HGNC:1735]","protein folding; regulation of cyclin-dependent protein serine/threonine kinase activity; protein targeting; protein maturation; regulation of type II interferon-mediated signaling pathway; regulation of type I interferon-mediated signaling pathway; post-transcriptional regulation of gene expression","cytoplasm; cytosol; extracellular exosome; protein folding chaperone complex","protein kinase binding; protein binding; heat shock protein binding; scaffold protein binding; protein-folding chaperone binding; kinase binding; protein kinase regulator activity; Hsp90 protein binding","GO:0006457; GO:0000079; GO:0006605; GO:0051604; GO:0060334; GO:0060338; GO:0010608","GO:0005737; GO:0005829; GO:0070062; GO:0101031","GO:0019901; GO:0005515; GO:0031072; GO:0097110; GO:0051087; GO:0019900; GO:0019887; GO:0051879"
"Q16555",1808,"DPYSL2","DPYSL2","dihydropyrimidinase like 2 [Source:HGNC Symbol;Acc:HGNC:3014]","nervous system development; endocytosis; cell differentiation; cytoskeleton organization; nucleobase-containing compound metabolic process; signal transduction","cytoplasm; membrane; cytosol; cytoskeleton; microtubule; extracellular exosome; microtubule cytoskeleton; intercellular bridge; mitotic spindle; plasma membrane bounded cell projection","hydrolase activity; hydrolase activity, acting on carbon-nitrogen (but not peptide) bonds; protein binding; identical protein binding; hydrolase activity, acting on carbon-nitrogen (but not peptide) bonds, in cyclic amides; dihydropyrimidinase activity","GO:0007399; GO:0006897; GO:0030154; GO:0007010; GO:0006139; GO:0007165","GO:0005737; GO:0016020; GO:0005829; GO:0005856; GO:0005874; GO:0070062; GO:0015630; GO:0045171; GO:0072686; GO:0120025","GO:0016787; GO:0016810; GO:0005515; GO:0042802; GO:0016812; GO:0004157"
"Q16651",5652,"PRSS8","PRSS8","serine protease 8 [Source:HGNC Symbol;Acc:HGNC:9491]","proteolysis; protein processing; positive regulation of sodium ion transport","extracellular region; extracellular space; plasma membrane; extracellular exosome","serine-type endopeptidase activity; hydrolase activity; peptidase activity; serine-type peptidase activity; protein binding","GO:0006508; GO:0016485; GO:0010765","GO:0005576; GO:0005615; GO:0005886; GO:0070062","GO:0004252; GO:0016787; GO:0008233; GO:0008236; GO:0005515"
"Q5JWF2",2778,"GNAS","GNAS","GNAS complex locus [Source:HGNC Symbol;Acc:HGNC:4392]","signal transduction; G protein-coupled receptor signaling pathway; adenylate cyclase-activating G protein-coupled receptor signaling pathway; platelet aggregation; bone development; developmental growth; sensory perception of chemical stimulus; adenylate cyclase-activating dopamine receptor signaling pathway","plasma membrane; membrane; cytosol; apical plasma membrane; extracellular exosome; cytoplasm; heterotrimeric G-protein complex","nucleotide binding; GTPase activity; GTP binding; hydrolase activity; metal ion binding; protein binding; guanyl nucleotide binding; G-protein beta/gamma-subunit complex binding; adenylate cyclase activator activity; insulin-like growth factor receptor binding; mu-type opioid receptor binding; beta-2 adrenergic receptor binding; D1 dopamine receptor binding; ionotropic glutamate receptor binding","GO:0007165; GO:0007186; GO:0007189; GO:0070527; GO:0060348; GO:0048589; GO:0007606; GO:0007191","GO:0005886; GO:0016020; GO:0005829; GO:0016324; GO:0070062; GO:0005737; GO:0005834","GO:0000166; GO:0003924; GO:0005525; GO:0016787; GO:0046872; GO:0005515; GO:0019001; GO:0031683; GO:0010856; GO:0005159; GO:0031852; GO:0031698; GO:0031748; GO:0035255"
"Q92626",7837,"PXDN","PXDN","peroxidasin [Source:HGNC Symbol;Acc:HGNC:14966]","response to oxidative stress; cell adhesion; angiogenesis; immune response; system development; cellular oxidant detoxification; basement membrane organization; hydrogen peroxide catabolic process; protein homooligomerization; basement membrane assembly; extracellular matrix organization; protein homotrimerization; negative regulation of cytokine-mediated signaling pathway; eye development; collagen fibril organization","extracellular space; endoplasmic reticulum; basement membrane; extracellular exosome; extracellular matrix; cell surface; extracellular region","protein binding; heme binding; peroxidase activity; metal ion binding; oxidoreductase activity; oxidoreductase activity, acting on peroxide as acceptor; extracellular matrix structural constituent; laminin-1 binding; interleukin-1 receptor antagonist activity","GO:0006979; GO:0007155; GO:0001525; GO:0006955; GO:0048731; GO:0098869; GO:0071711; GO:0042744; GO:0051260; GO:0070831; GO:0030198; GO:0070207; GO:0001960; GO:0001654; GO:0030199","GO:0005615; GO:0005783; GO:0005604; GO:0070062; GO:0031012; GO:0009986; GO:0005576","GO:0005515; GO:0020037; GO:0004601; GO:0046872; GO:0016491; GO:0016684; GO:0005201; GO:0043237; GO:0005152"
"Q96AC1",10979,"FERMT2","FERMT2","FERM domain containing kindlin 2 [Source:HGNC Symbol;Acc:HGNC:15767]","integrin-mediated signaling pathway; positive regulation of cell migration; positive regulation of osteoblast differentiation; positive regulation of phosphatidylinositol 3-kinase/protein kinase B signal transduction; positive regulation of epithelial to mesenchymal transition; positive regulation of ERK1 and ERK2 cascade; negative regulation of fat cell differentiation; Wnt signaling pathway; focal adhesion assembly; cell adhesion; regulation of cell shape; transforming growth factor beta receptor signaling pathway; protein localization to membrane; cell-matrix adhesion; negative regulation of vascular permeability; regulation of cell morphogenesis; substrate adhesion-dependent cell spreading; positive regulation of protein localization to nucleus; positive regulation of focal adhesion assembly; positive regulation of substrate adhesion-dependent cell spreading; adherens junction maintenance; protein localization to cell junction; positive regulation of Rho protein signal transduction; limb development","cytoplasm; nucleus; membrane; cytosol; nucleoplasm; cytoskeleton; focal adhesion; lamellipodium membrane; stress fiber; cell surface; cell cortex; I band; cytoplasmic side of plasma membrane; plasma membrane; adherens junction; cell junction","protein binding; lipid binding; phosphatidylinositol-3,4,5-trisphosphate binding; integrin binding; protein serine/threonine kinase activator activity; protein kinase binding; actin binding; type I transforming growth factor beta receptor binding; SMAD binding; actin filament binding","GO:0007229; GO:0030335; GO:0045669; GO:0051897; GO:0010718; GO:0070374; GO:0045599; GO:0016055; GO:0048041; GO:0007155; GO:0008360; GO:0007179; GO:0072657; GO:0007160; GO:0043116; GO:0022604; GO:0034446; GO:1900182; GO:0051894; GO:1900026; GO:0034334; GO:1902414; GO:0035025; GO:0060173","GO:0005737; GO:0005634; GO:0016020; GO:0005829; GO:0005654; GO:0005856; GO:0005925; GO:0031258; GO:0001725; GO:0009986; GO:0005938; GO:0031674; GO:0009898; GO:0005886; GO:0005912; GO:0030054","GO:0005515; GO:0008289; GO:0005547; GO:0005178; GO:0043539; GO:0019901; GO:0003779; GO:0034713; GO:0046332; GO:0051015"
"Q96AP7",90952,"ESAM","ESAM","endothelial cell adhesion molecule [Source:HGNC Symbol;Acc:HGNC:17474]","cell-cell adhesion; cell adhesion; homophilic cell adhesion via plasma membrane adhesion molecules; maintenance of blood-brain barrier; bicellular tight junction assembly; protein localization; regulation of actin cytoskeleton organization; regulation of actin filament polymerization","plasma membrane; bicellular tight junction; adherens junction; cell-cell junction; protein-containing complex","protein binding; identical protein binding; cell-cell adhesion mediator activity","GO:0098609; GO:0007155; GO:0007156; GO:0035633; GO:0070830; GO:0008104; GO:0032956; GO:0030833","GO:0005886; GO:0005923; GO:0005912; GO:0005911; GO:0032991","GO:0005515; GO:0042802; GO:0098632"
"Q96EY5",93343,"MVB12A","MVB12A","multivesicular body subunit 12A [Source:HGNC Symbol;Acc:HGNC:25153]","protein transport; ubiquitin-dependent protein catabolic process via the multivesicular body sorting pathway; regulation of epidermal growth factor receptor signaling pathway; macroautophagy; viral budding via host ESCRT complex; protein transport to vacuole involved in ubiquitin-dependent protein catabolic process via the multivesicular body sorting pathway; membrane fission; receptor catabolic process; viral budding; virus maturation; endosome to lysosome transport via multivesicular body sorting pathway","ESCRT I complex; nucleus; cytoplasm; cytosol; extracellular exosome; vesicle; centrosome; endosome; late endosome membrane; endosome membrane","SH3 domain binding; protein binding; lipid binding; ubiquitin binding","GO:0015031; GO:0043162; GO:0042058; GO:0016236; GO:0039702; GO:0043328; GO:0090148; GO:0032801; GO:0046755; GO:0019075; GO:0032510","GO:0000813; GO:0005634; GO:0005737; GO:0005829; GO:0070062; GO:0031982; GO:0005813; GO:0005768; GO:0031902; GO:0010008","GO:0017124; GO:0005515; GO:0008289; GO:0043130"
"Q99436",5695,"PSMB7","PSMB7","proteasome 20S subunit beta 7 [Source:HGNC Symbol;Acc:HGNC:9544]","proteolysis involved in protein catabolic process; proteolysis; proteasome-mediated ubiquitin-dependent protein catabolic process; flagellated sperm motility; proteasomal protein catabolic process; spermatogenesis; response to oxidative stress; regulation of proteasomal protein catabolic process; cellular response to type I interferon; regulation of G1/S transition of mitotic cell cycle; DNA repair; apoptotic process; DNA damage response; proteasomal ubiquitin-independent protein catabolic process; meiotic cell cycle","proteasome core complex; nucleus; cytoplasm; cytosol; nucleoplasm; nuclear body; proteasome complex; extracellular region; proteasome core complex, beta-subunit complex; synaptic vesicle; secretory granule lumen; ficolin-1-rich granule lumen; proteasome storage granule","threonine-type endopeptidase activity; hydrolase activity; protein binding; peptidase activity; endopeptidase activity","GO:0051603; GO:0006508; GO:0043161; GO:0030317; GO:0010498; GO:0007283; GO:0006979; GO:0061136; GO:0071357; GO:2000045; GO:0006281; GO:0006915; GO:0006974; GO:0010499; GO:0051321","GO:0005839; GO:0005634; GO:0005737; GO:0005829; GO:0005654; GO:0016604; GO:0000502; GO:0005576; GO:0019774; GO:0008021; GO:0034774; GO:1904813; GO:0034515","GO:0004298; GO:0016787; GO:0005515; GO:0008233; GO:0004175"
"Q99497",11315,"PARK7","PARK7","Parkinsonism associated deglycase [Source:HGNC Symbol;Acc:HGNC:16369]","autophagy; DNA repair; DNA damage response; proteolysis; single fertilization; cellular oxidant detoxification; inflammatory response; response to oxidative stress; mitochondrion organization; glucose homeostasis; regulation of neuron apoptotic process; positive regulation of protein-containing complex assembly; regulation of inflammatory response; negative regulation of reactive oxygen species biosynthetic process; positive regulation of phosphatidylinositol 3-kinase/protein kinase B signal transduction; positive regulation of transcription by RNA polymerase II; cellular response to oxidative stress; negative regulation of neuron apoptotic process; cellular detoxification of aldehyde; positive regulation of gene expression; negative regulation of gene expression; removal of superoxide radicals; cellular response to hydrogen peroxide; negative regulation of protein ubiquitination; androgen receptor signaling pathway; response to testosterone; regulation of androgen receptor signaling pathway; insulin secretion; regulation of mitochondrial membrane potential; detoxification of copper ion; negative regulation of proteasomal ubiquitin-dependent protein catabolic process; positive regulation of interleukin-8 production; positive regulation of acute inflammatory response to antigenic stimulus; Ras protein signal transduction; methylglyoxal metabolic process; lactate biosynthetic process; protein repair; negative regulation of protein sumoylation; hydrogen peroxide metabolic process; glycolate biosynthetic process; negative regulation of protein export from nucleus; detoxification of hydrogen peroxide; guanine deglycation; guanine deglycation, methylglyoxal removal; guanine deglycation, glyoxal removal; cellular detoxification of methylglyoxal; positive regulation of protein localization to nucleus; regulation of supramolecular fiber organization; positive regulation of reactive oxygen species metabolic process; negative regulation of protein catabolic process; detection of oxidative stress","perinuclear region of cytoplasm; nucleus; cytoplasm; plasma membrane; cytosol; nucleoplasm; mitochondrion; endoplasmic reticulum; extracellular exosome; membrane raft; adherens junction; chromatin; axon; PML body; synaptic vesicle; mitochondrial intermembrane space; mitochondrial matrix; neuron projection; cell body","RNA binding; signaling receptor binding; hydrolase activity; protein binding; peptidase activity; mRNA binding; protein homodimerization activity; identical protein binding; kinase binding; copper ion binding; cadherin binding; mercury ion binding; enzyme binding; ubiquitin-specific protease binding; DNA-binding transcription factor binding; transcription coactivator activity; enzyme activator activity; oxidoreductase activity, acting on peroxide as acceptor; scaffold protein binding; ubiquitin-like protein conjugating enzyme binding; superoxide dismutase copper chaperone activity; cytokine binding; peptidase inhibitor activity; signaling receptor activator activity; small protein activating enzyme binding; ubiquitin-protein transferase inhibitor activity; oxygen sensor activity; peroxiredoxin activity","GO:0006914; GO:0006281; GO:0006974; GO:0006508; GO:0007338; GO:0098869; GO:0006954; GO:0006979; GO:0007005; GO:0042593; GO:0043523; GO:0031334; GO:0050727; GO:1903427; GO:0051897; GO:0045944; GO:0034599; GO:0043524; GO:0110095; GO:0010628; GO:0010629; GO:0019430; GO:0070301; GO:0031397; GO:0030521; GO:0033574; GO:0060765; GO:0030073; GO:0051881; GO:0010273; GO:0032435; GO:0032757; GO:0002866; GO:0007265; GO:0009438; GO:0019249; GO:0030091; GO:0033234; GO:0042743; GO:0046295; GO:0046826; GO:0061691; GO:0106044; GO:0106045; GO:0106046; GO:0140041; GO:1900182; GO:1902903; GO:2000379; GO:0042177; GO:0070994","GO:0048471; GO:0005634; GO:0005737; GO:0005886; GO:0005829; GO:0005654; GO:0005739; GO:0005783; GO:0070062; GO:0045121; GO:0005912; GO:0000785; GO:0030424; GO:0016605; GO:0008021; GO:0005758; GO:0005759; GO:0043005; GO:0044297","GO:0003723; GO:0005102; GO:0016787; GO:0005515; GO:0008233; GO:0003729; GO:0042803; GO:0042802; GO:0019900; GO:0005507; GO:0045296; GO:0045340; GO:0019899; GO:1990381; GO:0140297; GO:0003713; GO:0008047; GO:0016684; GO:0097110; GO:0044390; GO:0016532; GO:0019955; GO:0030414; GO:0030546; GO:0044388; GO:0055105; GO:0019826; GO:0051920"
"Q99816",7251,"TSG101","TSG101","tumor susceptibility 101 [Source:HGNC Symbol;Acc:HGNC:15971]","protein modification process; protein transport; cell division; negative regulation of DNA-templated transcription; viral budding via host ESCRT complex; ubiquitin-dependent protein catabolic process via the multivesicular body sorting pathway; regulation of DNA-templated transcription; macroautophagy; endosome to lysosome transport; protein transport to vacuole involved in ubiquitin-dependent protein catabolic process via the multivesicular body sorting pathway; membrane fission; extracellular transport; regulation of MAP kinase activity; viral release from host cell; negative regulation of epidermal growth factor-activated receptor activity; viral budding; negative regulation of epidermal growth factor receptor signaling pathway; autophagosome maturation; exosomal secretion","nucleus; cytoplasm; plasma membrane; cytosol; early endosome membrane; extracellular exosome; early endosome; centrosome; endosome; late endosome membrane; ESCRT I complex; Flemming body; endosome membrane; late endosome; multivesicular body","calcium-dependent protein binding; protein binding; ubiquitin protein ligase binding; protein homodimerization activity; protein-containing complex binding; ubiquitin binding; virion binding; transcription corepressor activity; DNA binding","GO:0036211; GO:0015031; GO:0051301; GO:0045892; GO:0039702; GO:0043162; GO:0006355; GO:0016236; GO:0008333; GO:0043328; GO:0090148; GO:0006858; GO:0043405; GO:0019076; GO:0007175; GO:0046755; GO:0042059; GO:0097352; GO:1990182","GO:0005634; GO:0005737; GO:0005886; GO:0005829; GO:0031901; GO:0070062; GO:0005769; GO:0005813; GO:0005768; GO:0031902; GO:0000813; GO:0090543; GO:0010008; GO:0005770; GO:0005771","GO:0048306; GO:0005515; GO:0031625; GO:0042803; GO:0044877; GO:0043130; GO:0046790; GO:0003714; GO:0003677"
"Q9H0U4",81876,"RAB1B","RAB1B","RAB1B, member RAS oncogene family [Source:HGNC Symbol;Acc:HGNC:18370]","autophagy; protein transport; endoplasmic reticulum to Golgi vesicle-mediated transport; intracellular protein transport; Golgi organization; autophagosome assembly; virion assembly; positive regulation of glycoprotein metabolic process","cytoplasm; membrane; endoplasmic reticulum; perinuclear region of cytoplasm; Golgi apparatus; extracellular exosome; phagophore assembly site membrane; endoplasmic reticulum membrane; cytosol; endomembrane system; Golgi membrane; transport vesicle; endoplasmic reticulum-Golgi intermediate compartment membrane; endoplasmic reticulum-Golgi intermediate compartment","GTPase activity; GTP binding; nucleotide binding; hydrolase activity; protein binding; G protein activity","GO:0006914; GO:0015031; GO:0006888; GO:0006886; GO:0007030; GO:0000045; GO:0019068; GO:1903020","GO:0005737; GO:0016020; GO:0005783; GO:0048471; GO:0005794; GO:0070062; GO:0034045; GO:0005789; GO:0005829; GO:0012505; GO:0000139; GO:0030133; GO:0033116; GO:0005793","GO:0003924; GO:0005525; GO:0000166; GO:0016787; GO:0005515; GO:0003925"
"Q9H444",128866,"CHMP4B","CHMP4B","charged multivesicular body protein 4B [Source:HGNC Symbol;Acc:HGNC:16171]","vacuolar transport; mitotic cytokinesis; protein transport; plasma membrane repair; mitotic metaphase chromosome alignment; nuclear membrane reassembly; viral budding via host ESCRT complex; ubiquitin-dependent protein catabolic process via the multivesicular body sorting pathway; viral budding from plasma membrane; midbody abscission; multivesicular body sorting pathway; autophagosome maturation; late endosome to lysosome transport; post-translational protein targeting to endoplasmic reticulum membrane; nervous system process; protein polymerization; regulation of centrosome duplication; nucleus organization; ubiquitin-independent protein catabolic process via the multivesicular body sorting pathway; macroautophagy; membrane fission; late endosome to vacuole transport via multivesicular body sorting pathway; autophagy; multivesicular body-lysosome fusion; vesicle budding from membrane; viral budding","nucleus; cytoplasm; cytosol; nuclear envelope; extracellular exosome; kinetochore; midbody; lysosomal membrane; endosome; kinetochore microtubule; multivesicular body membrane; nuclear pore; late endosome membrane; cytoplasmic side of plasma membrane; plasma membrane; autophagosome membrane; vesicle; multivesicular body; ESCRT III complex; membrane coat","protein binding; identical protein binding; protein homodimerization activity; cadherin binding","GO:0007034; GO:0000281; GO:0015031; GO:0001778; GO:0007080; GO:0031468; GO:0039702; GO:0043162; GO:0046761; GO:0061952; GO:0071985; GO:0097352; GO:1902774; GO:0006620; GO:0050877; GO:0051258; GO:0010824; GO:0006997; GO:0090611; GO:0016236; GO:0090148; GO:0032511; GO:0006914; GO:0061763; GO:0006900; GO:0046755","GO:0005634; GO:0005737; GO:0005829; GO:0005635; GO:0070062; GO:0000776; GO:0030496; GO:0005765; GO:0005768; GO:0005828; GO:0032585; GO:0005643; GO:0031902; GO:0009898; GO:0005886; GO:0000421; GO:0031982; GO:0005771; GO:0000815; GO:0030117","GO:0005515; GO:0042802; GO:0042803; GO:0045296"
"Q9H4M9",10938,"EHD1","EHD1","EH domain containing 1 [Source:HGNC Symbol;Acc:HGNC:3242]","cholesterol homeostasis; endocytosis; protein transport; cell projection organization; endocytic recycling; intracellular protein transport; cilium assembly; neuron projection development; protein localization to cilium; protein homooligomerization; positive regulation of cholesterol storage; positive regulation of neuron projection development; low-density lipoprotein particle clearance; cellular response to nerve growth factor stimulus; positive regulation of endocytic recycling; protein localization to plasma membrane","plasma membrane; membrane; endosome membrane; cilium; early endosome membrane; ciliary transition zone; recycling endosome membrane; ciliary membrane; extracellular exosome; cytoplasm; early endosome; presynaptic active zone; glutamatergic synapse; endosome; lipid droplet; endocytic vesicle; platelet dense tubular network membrane; perinuclear region of cytoplasm; ciliary pocket membrane","protein binding; GTP binding; calcium ion binding; nucleotide binding; metal ion binding; ATP binding; small GTPase binding; identical protein binding; cadherin binding; protein-macromolecule adaptor activity","GO:0042632; GO:0006897; GO:0015031; GO:0030030; GO:0032456; GO:0006886; GO:0060271; GO:0031175; GO:0061512; GO:0051260; GO:0010886; GO:0010976; GO:0034383; GO:1990090; GO:2001137; GO:0072659","GO:0005886; GO:0016020; GO:0010008; GO:0005929; GO:0031901; GO:0035869; GO:0055038; GO:0060170; GO:0070062; GO:0005737; GO:0005769; GO:0048786; GO:0098978; GO:0005768; GO:0005811; GO:0030139; GO:0031095; GO:0048471; GO:0020018","GO:0005515; GO:0005525; GO:0005509; GO:0000166; GO:0046872; GO:0005524; GO:0031267; GO:0042802; GO:0045296; GO:0030674"
"Q9H9H4",79720,"VPS37B","VPS37B","VPS37B subunit of ESCRT-I [Source:HGNC Symbol;Acc:HGNC:25754]","protein transport; viral budding via host ESCRT complex; macroautophagy; protein targeting to membrane; protein targeting to vacuole; ubiquitin-dependent protein catabolic process via the multivesicular body sorting pathway; protein transport to vacuole involved in ubiquitin-dependent protein catabolic process via the multivesicular body sorting pathway; membrane fission; viral release from host cell","cytoplasm; plasma membrane; endosome membrane; extracellular exosome; midbody; endosome; late endosome membrane; ESCRT I complex","calcium-dependent protein binding; protein binding","GO:0015031; GO:0039702; GO:0016236; GO:0006612; GO:0006623; GO:0043162; GO:0043328; GO:0090148; GO:0019076","GO:0005737; GO:0005886; GO:0010008; GO:0070062; GO:0030496; GO:0005768; GO:0031902; GO:0000813","GO:0048306; GO:0005515"
"Q9NY33",10072,"DPP3","DPP3","dipeptidyl peptidase 3 [Source:HGNC Symbol;Acc:HGNC:3008]","proteolysis","cytoplasm; cytosol; extracellular exosome","metalloexopeptidase activity; dipeptidyl-peptidase activity; hydrolase activity; metal ion binding; protein binding; zinc ion binding; peptidase activity; metallopeptidase activity; aminopeptidase activity","GO:0006508","GO:0005737; GO:0005829; GO:0070062","GO:0008235; GO:0008239; GO:0016787; GO:0046872; GO:0005515; GO:0008270; GO:0008233; GO:0008237; GO:0004177"
"Q9NZZ3",51510,"CHMP5","CHMP5","charged multivesicular body protein 5 [Source:HGNC Symbol;Acc:HGNC:26942]","vacuolar transport; protein transport; plasma membrane repair; mitotic metaphase chromosome alignment; nuclear membrane reassembly; viral budding via host ESCRT complex; ubiquitin-dependent protein catabolic process via the multivesicular body sorting pathway; viral budding from plasma membrane; midbody abscission; multivesicular body sorting pathway; autophagosome maturation; late endosome to lysosome transport; cellular response to lipopolysaccharide; cellular response to muramyl dipeptide; regulation of centrosome duplication; nucleus organization; membrane fission; late endosome to vacuole transport via multivesicular body sorting pathway; autophagy; multivesicular body-lysosome fusion; vesicle budding from membrane; viral budding","cytosol; endosome membrane; extracellular exosome; kinetochore; midbody; lysosomal membrane; microtubule cytoskeleton; kinetochore microtubule; multivesicular body membrane; nuclear pore; nuclear envelope; plasma membrane; autophagosome membrane; multivesicular body; ESCRT III complex; nucleus","protein binding; cadherin binding","GO:0007034; GO:0015031; GO:0001778; GO:0007080; GO:0031468; GO:0039702; GO:0043162; GO:0046761; GO:0061952; GO:0071985; GO:0097352; GO:1902774; GO:0071222; GO:0071225; GO:0010824; GO:0006997; GO:0090148; GO:0032511; GO:0006914; GO:0061763; GO:0006900; GO:0046755","GO:0005829; GO:0010008; GO:0070062; GO:0000776; GO:0030496; GO:0005765; GO:0015630; GO:0005828; GO:0032585; GO:0005643; GO:0005635; GO:0005886; GO:0000421; GO:0005771; GO:0000815; GO:0005634","GO:0005515; GO:0045296"
"Q9UBC9",6707,"SPRR3","SPRR3","small proline rich protein 3 [Source:HGNC Symbol;Acc:HGNC:11268]","wound healing; keratinization; epidermis development; keratinocyte differentiation","perinuclear region of cytoplasm; cytoplasm; extracellular exosome; cytosol; cornified envelope; Golgi apparatus","protein binding; structural molecule activity","GO:0042060; GO:0031424; GO:0008544; GO:0030216","GO:0048471; GO:0005737; GO:0070062; GO:0005829; GO:0001533; GO:0005794","GO:0005515; GO:0005198"
"Q9UIW2",5361,"PLXNA1","PLXNA1","plexin A1 [Source:HGNC Symbol;Acc:HGNC:9099]","semaphorin-plexin signaling pathway; regulation of cell migration; synapse assembly; T cell activation via T cell receptor contact with antigen bound to MHC molecule on antigen presenting cell; olfactory nerve formation; gonadotrophin-releasing hormone neuronal migration to the hypothalamus; neuron projection guidance","plasma membrane; extracellular exosome; semaphorin receptor complex; synapse; glutamatergic synapse; membrane","protein binding; semaphorin receptor activity","GO:0071526; GO:0030334; GO:0007416; GO:0002291; GO:0021628; GO:0021828; GO:0097485","GO:0005886; GO:0070062; GO:0002116; GO:0045202; GO:0098978; GO:0016020","GO:0005515; GO:0017154"
"Q9UK41",51160,"VPS28","VPS28","VPS28 subunit of ESCRT-I [Source:HGNC Symbol;Acc:HGNC:18178]","endosome transport via multivesicular body sorting pathway; protein transport; negative regulation of protein ubiquitination; viral budding via host ESCRT complex; ubiquitin-dependent protein catabolic process via the multivesicular body sorting pathway; macroautophagy; positive regulation of protein catabolic process; protein transport to vacuole involved in ubiquitin-dependent protein catabolic process via the multivesicular body sorting pathway; membrane fission","ESCRT I complex; cytoplasm; plasma membrane; endosome membrane; extracellular exosome; early endosome; endosome; late endosome membrane; cytosol","protein binding; ubiquitin binding","GO:0032509; GO:0015031; GO:0031397; GO:0039702; GO:0043162; GO:0016236; GO:0045732; GO:0043328; GO:0090148","GO:0000813; GO:0005737; GO:0005886; GO:0010008; GO:0070062; GO:0005769; GO:0005768; GO:0031902; GO:0005829","GO:0005515; GO:0043130"
"Q9UNF1",10916,"MAGED2","MAGED2","MAGE family member D2 [Source:HGNC Symbol;Acc:HGNC:16353]","female pregnancy; negative regulation of transcription by RNA polymerase II; renal sodium ion absorption","membrane; cytosol; nucleoplasm; nucleolus; nucleus; extracellular region; platelet alpha granule lumen","protein binding","GO:0007565; GO:0000122; GO:0070294","GO:0016020; GO:0005829; GO:0005654; GO:0005730; GO:0005634; GO:0005576; GO:0031093","GO:0005515"
"Q9UQN3",25978,"CHMP2B","CHMP2B","charged multivesicular body protein 2B [Source:HGNC Symbol;Acc:HGNC:24537]","vacuolar transport; protein transport; plasma membrane repair; mitotic metaphase chromosome alignment; nuclear membrane reassembly; viral budding via host ESCRT complex; ubiquitin-dependent protein catabolic process via the multivesicular body sorting pathway; viral budding from plasma membrane; midbody abscission; multivesicular body sorting pathway; autophagosome maturation; late endosome to lysosome transport; cognition; endosome organization; regulation of centrosome duplication; nucleus organization; macroautophagy; membrane fission; late endosome to vacuole transport; neuron cellular homeostasis; autophagy; viral release from host cell; endosome transport via multivesicular body sorting pathway; multivesicular body-lysosome fusion","cytoplasm; plasma membrane; cytosol; lysosome; late endosome; extracellular exosome; kinetochore; midbody; lysosomal membrane; endosome; kinetochore microtubule; multivesicular body membrane; nuclear pore; late endosome membrane; autophagosome membrane; multivesicular body; ESCRT III complex","protein binding; protein domain specific binding; cadherin binding","GO:0007034; GO:0015031; GO:0001778; GO:0007080; GO:0031468; GO:0039702; GO:0043162; GO:0046761; GO:0061952; GO:0071985; GO:0097352; GO:1902774; GO:0050890; GO:0007032; GO:0010824; GO:0006997; GO:0016236; GO:0090148; GO:0045324; GO:0070050; GO:0006914; GO:0019076; GO:0032509; GO:0061763","GO:0005737; GO:0005886; GO:0005829; GO:0005764; GO:0005770; GO:0070062; GO:0000776; GO:0030496; GO:0005765; GO:0005768; GO:0005828; GO:0032585; GO:0005643; GO:0031902; GO:0000421; GO:0005771; GO:0000815","GO:0005515; GO:0019904; GO:0045296"
"Q9Y446",11187,"PKP3","PKP3","plakophilin 3 [Source:HGNC Symbol;Acc:HGNC:9025]","cell-cell adhesion; regulation of gene expression; cell adhesion; actin cytoskeleton organization; positive regulation of cell-cell adhesion; protein localization to plasma membrane; positive regulation of protein localization; positive regulation of cell adhesion; desmosome assembly; desmosome organization; epithelial cell-cell adhesion; epithelial structure maintenance; negative regulation of mRNA catabolic process; positive regulation of cell cycle G1/S phase transition; regulation of cytokine production involved in immune response; regulation of hair follicle development","nucleus; cytoplasm; plasma membrane; nucleoplasm; cell junction; adherens junction; desmosome; cornified envelope; cell-cell junction","protein binding; RNA binding; cell adhesion molecule binding; cadherin binding involved in cell-cell adhesion; cadherin binding; enzyme binding; alpha-catenin binding","GO:0098609; GO:0010468; GO:0007155; GO:0030036; GO:0022409; GO:0072659; GO:1903829; GO:0045785; GO:0002159; GO:0002934; GO:0090136; GO:0010669; GO:1902373; GO:1902808; GO:0002718; GO:0051797","GO:0005634; GO:0005737; GO:0005886; GO:0005654; GO:0030054; GO:0005912; GO:0030057; GO:0001533; GO:0005911","GO:0005515; GO:0003723; GO:0050839; GO:0098641; GO:0045296; GO:0019899; GO:0045294"
"Q9Y490",7094,"TLN1","TLN1","talin 1 [Source:HGNC Symbol;Acc:HGNC:11845]","cell adhesion; platelet aggregation; actin cytoskeleton organization; cell-cell adhesion; cell-cell junction assembly; regulation of focal adhesion assembly; integrin-mediated signaling pathway; cortical microtubule organization","focal adhesion; ruffle; cytosol; plasma membrane; cytoskeleton; ruffle membrane; extracellular exosome; cell surface; cytoplasm; extracellular region; centriolar satellite; adherens junction","actin filament binding; actin binding; structural constituent of cytoskeleton; protein binding; integrin binding; vinculin binding; LIM domain binding; cadherin binding; phosphatidylserine binding; phosphatidylinositol binding","GO:0007155; GO:0070527; GO:0030036; GO:0098609; GO:0007043; GO:0051893; GO:0007229; GO:0043622","GO:0005925; GO:0001726; GO:0005829; GO:0005886; GO:0005856; GO:0032587; GO:0070062; GO:0009986; GO:0005737; GO:0005576; GO:0034451; GO:0005912","GO:0051015; GO:0003779; GO:0005200; GO:0005515; GO:0005178; GO:0017166; GO:0030274; GO:0045296; GO:0001786; GO:0035091"
