"metric","value"
"cor_t",0.997542161032277
"cor_FDR",0.995956797366742
"n_sig_imp",866
"n_sig_cc",353
"overlap",353
"jaccard",0.407621247113164
